tweet_id,username,created_at,text,replies,retweets,likes,url,Text_original,Text_en
2022559242301964322,ab_ganji,2026-02-14 06:31:15.355000+00:00,"پیروزی در مکتب ما""پیروزی خون بر شمشیر""است.در کربلا این بود و در انقلاب اسلامی نیر نبرد تانک و نفربر با گوشت و پوست بود.شیعه هیچگاه با شمشیر پیروز نشده است.
راز این گونه پیروزی در نگاه شهید بهشتی، نترسیدن از مرگ است.حیات ما در نترسیدن از مرگ است.با محاسبات مادی صرف، پیروزی برای ما",0,0,0,https://x.com/ab_ganji/status/2022559242301964322,"پیروزی در مکتب ما""پیروزی خون بر شمشیر""است.در کربلا این بود و در انقلاب اسلامی نیر نبرد تانک و نفربر با گوشت و پوست بود.شیعه هیچگاه با شمشیر پیروز نشده است.
راز این گونه پیروزی در نگاه شهید بهشتی، نترسیدن از مرگ است.حیات ما در نترسیدن از مرگ است.با محاسبات مادی صرف، پیروزی برای ما","Victory in our school is ""the victory of blood over the sword"". This was the case in Karbala, and in the Islamic revolution, tanks and people carriers were used in battle with flesh and skin. Shiites have never won with the sword.
The secret of this kind of victory in the eyes of Shahid Beheshti is not to be afraid of death. Our life is not to be afraid of death. With only material calculations, victory is for us."
2023046173083263131,ab_ganji,2026-02-15 14:46:08.700000+00:00,"گاردین:بحران کوبا وارد مرحله‌ حاد شد 
دولت مدارس و ادارات غیر ضروری را تعطیل کرده؛ شهروندان نیز برای زندگی بدون سوخت آماده می‌شوند،از ساخت اجاقهای زغالی تا کمک‌های داوطلبانه برای بیماران.
جرم کوبا چیست؟ نمی خواهند در اردوگاه غرب باشند و کاری هم به آمریکا ندارد اما ولش نمی کنند.",0,0,0,https://x.com/ab_ganji/status/2023046173083263131,"گاردین:بحران کوبا وارد مرحله‌ حاد شد 
دولت مدارس و ادارات غیر ضروری را تعطیل کرده؛ شهروندان نیز برای زندگی بدون سوخت آماده می‌شوند،از ساخت اجاقهای زغالی تا کمک‌های داوطلبانه برای بیماران.
جرم کوبا چیست؟ نمی خواهند در اردوگاه غرب باشند و کاری هم به آمریکا ندارد اما ولش نمی کنند.","Guardian: The Cuban crisis entered an acute stage 
The government has closed unnecessary schools and offices; Citizens are also preparing to live without fuel, from building charcoal stoves to volunteering to help the sick.
What is Cuban crime? They don't want to be in the Western camp and it has nothing to do with America, but they don't let go."
2023014406893007206,ab_ganji,2026-02-15 12:39:55.050000+00:00,"هوش مصنوعی می گوید تنها شاهزاده ای که در ٢٣٠ سال اخیر از دشمن خارجی می خواهد به کشورش حمله کند پهلوی است!
بعد از اسفند١٢٩٩ و مرداد١٣٣٢ این درخواست #سومین_کودتای خارجی است.هر کدام یکی! ارثیه!",0,0,0,https://x.com/ab_ganji/status/2023014406893007206,"هوش مصنوعی می گوید تنها شاهزاده ای که در ٢٣٠ سال اخیر از دشمن خارجی می خواهد به کشورش حمله کند پهلوی است!
بعد از اسفند١٢٩٩ و مرداد١٣٣٢ این درخواست #سومین_کودتای خارجی است.هر کدام یکی! ارثیه!","Artificial intelligence says that the only prince who wants a foreign enemy to attack his country in the last 230 years is Pahlavi!
After March 1299 and August 1332, this request is the third foreign coup. Each one is one! Inheritance!"
2022976312739078333,ab_ganji,2026-02-15 10:08:32.696000+00:00,"در طول تاریخ ٢٣٠ ساله آشنایی ايرانيان با غرب جدید این حد از پستی و عریان نمایی در اجنبی خواهی حتی در کتاب‌ها هم نیست.اردشیر ریپورتر، میرزا آقاخان نوری، امینی و...ظاهر را حفظ می کردند.

برزو ارجمند: ما احتیاج به کمک خارجی داریم؛ من منتظر فرا رسیدن وقت لعنتی (حمله) هستم!",0,0,0,https://x.com/ab_ganji/status/2022976312739078333,"در طول تاریخ ٢٣٠ ساله آشنایی ايرانيان با غرب جدید این حد از پستی و عریان نمایی در اجنبی خواهی حتی در کتاب‌ها هم نیست.اردشیر ریپورتر، میرزا آقاخان نوری، امینی و...ظاهر را حفظ می کردند.

برزو ارجمند: ما احتیاج به کمک خارجی داریم؛ من منتظر فرا رسیدن وقت لعنتی (حمله) هستم!","During the 230-year history of Iranians' familiarity with the new West, this level of baseness and exposure in xenophobia is not even found in books. Ardeshir Reporter, Mirza Aga Khan Noori, Amini, etc. kept appearances.

Honorable Barzo Arjamand: We need foreign help; I'm waiting for the damn time (to attack)!"
2022935019644473576,ab_ganji,2026-02-15 07:24:27.655000+00:00,"دیروز پهلوی بی شرمانه ۴ بار در مونیخ خواستار حمله غرب به ایران شد.عمال موساد هم اینجا التماس ترامپ می کنند.
ضمن اینکه این اعتیاد و سیره خانوادگی در سالهای١٢٩٩ و ١٣٣٢ است، این سوال را بی پاسخ می گذارد که:کسی که اکثریت ملت را مخالف نظام مستقر یا همسو با خود می داند چه نیازی",0,0,0,https://x.com/ab_ganji/status/2022935019644473576,"دیروز پهلوی بی شرمانه ۴ بار در مونیخ خواستار حمله غرب به ایران شد.عمال موساد هم اینجا التماس ترامپ می کنند.
ضمن اینکه این اعتیاد و سیره خانوادگی در سالهای١٢٩٩ و ١٣٣٢ است، این سوال را بی پاسخ می گذارد که:کسی که اکثریت ملت را مخالف نظام مستقر یا همسو با خود می داند چه نیازی","Yesterday Pahlavi shamelessly called for Western attack on Iran 4 times in Munich. Mossad agents are also begging Trump here.
In addition to this addiction and family tradition in the years 1299 and 1332, it leaves the question unanswered: What is the need of a person who considers the majority of the nation to be against the established system or aligned with him?"
2022935024186855549,ab_ganji,2026-02-15 07:24:28.738000+00:00,"به حمله خارجی دارد؟بفرمایید با اکثریت!انقلاب کنید.اگر انقلاب تان نامش ملی است یا شیروخورشید چرا باید آویزان ترامپ-نتانیاهو باشید؟ کلمه ملی را حذف کنید.فرش قرمز که از حکومت برای انقلاب توقع ندارید؟ اکثریت را هم که نمیشود کشت.بسم الله انقلاب کنید.
چرا ترامپ را جایگزین ملت می کنید؟",0,0,0,https://x.com/ab_ganji/status/2022935024186855549,"به حمله خارجی دارد؟بفرمایید با اکثریت!انقلاب کنید.اگر انقلاب تان نامش ملی است یا شیروخورشید چرا باید آویزان ترامپ-نتانیاهو باشید؟ کلمه ملی را حذف کنید.فرش قرمز که از حکومت برای انقلاب توقع ندارید؟ اکثریت را هم که نمیشود کشت.بسم الله انقلاب کنید.
چرا ترامپ را جایگزین ملت می کنید؟","Is it against a foreign attack? Let's make a revolution with the majority. If your revolution is called ""Meli"" or ""Shiroshorshid"", why should you hang Trump-Netanyahu? Remove the word national. The red carpet that you don't expect from the government for revolution? The majority cannot be killed either. In the name of God, make a revolution.
Why do you replace Trump with the nation?"
2022871209470497096,ab_ganji,2026-02-15 03:10:54.124000+00:00,"کاربر مذهبی مسیحی نوشته:
من همین الان از کلیسا آمدم""۵""دقیقه وقت گذاشتم تا برای این مرد محترم دعا کنم.
او تـرامپ و نتانیاهو را به زانو در خواهد آورد...

ان شاالله با ايستادگی ملت هوشیار ایران مصداق آیه ""فَاسْتَقِمْ كَمَا أُمِرْتَ وَمَن تَابَ مَعَكَ "" خواهد شد.",0,0,0,https://x.com/ab_ganji/status/2022871209470497096,"کاربر مذهبی مسیحی نوشته:
من همین الان از کلیسا آمدم""۵""دقیقه وقت گذاشتم تا برای این مرد محترم دعا کنم.
او تـرامپ و نتانیاهو را به زانو در خواهد آورد...

ان شاالله با ايستادگی ملت هوشیار ایران مصداق آیه ""فَاسْتَقِمْ كَمَا أُمِرْتَ وَمَن تَابَ مَعَكَ "" خواهد شد.","Christian religious user wrote:
I just came from the church, I took 5 minutes to pray for this honorable man.
He will bring Trump and Netanyahu to their knees...

God willing, with the standing of the alert nation of Iran, it will become an example of the verse ""So be straight as you have commanded, and I will be patient with you."""
2022747917820551249,ab_ganji,2026-02-14 19:00:59.104000+00:00,میگیم کورش با انقلاب اسلامی شناخته شد، قبرش آباد شد، یک نفر در خاندان پهلوی اسمش کورش نیست و اسم هیچ حاکمی در١٧٠٠ سال کورش نیست باورتان نمی شود.این تقویم ٢،٣سال قبل انقلاب است.کل صفحه تولد خاندان پهلوی است فقط هفتم آبان که روز کورش است کلا سفید و بی مناسبت است.تهش هم شاهپور است,0,0,0,https://x.com/ab_ganji/status/2022747917820551249,میگیم کورش با انقلاب اسلامی شناخته شد، قبرش آباد شد، یک نفر در خاندان پهلوی اسمش کورش نیست و اسم هیچ حاکمی در١٧٠٠ سال کورش نیست باورتان نمی شود.این تقویم ٢،٣سال قبل انقلاب است.کل صفحه تولد خاندان پهلوی است فقط هفتم آبان که روز کورش است کلا سفید و بی مناسبت است.تهش هم شاهپور است,"We say that Kuresh was identified with the Islamic Revolution, his grave was settled, not one person in the Pahlavi family is named Koresh, and no ruler is named Koresh in 1700 years. You cannot believe this calendar. This calendar is 2-3 years before the revolution. The entire page is the birthday of the Pahlavi family, only the seventh of Aban, which is Kuresh's day, is completely white and inappropriate. Tahesh is also Shahpur."
2022700444242362608,ab_ganji,2026-02-14 15:52:20.521000+00:00,"ما عزا داریم اون وقت شما نیمه شعبان و٢٢بهمن برگزار می کنید؟ حالا ما میرقصیم چون در ایران نیستیم!
فرق می کند!",0,0,0,https://x.com/ab_ganji/status/2022700444242362608,"ما عزا داریم اون وقت شما نیمه شعبان و٢٢بهمن برگزار می کنید؟ حالا ما میرقصیم چون در ایران نیستیم!
فرق می کند!","We are in mourning, will you celebrate half of Sha'ban and 22 Bahman at that time? Now we are dancing because we are not in Iran!
It is different!"
2022679937053004176,ab_ganji,2026-02-14 14:30:51.226000+00:00,"مهدی نصیری ایامی که داور جشنواره فیلم عمار بود :
«خمینی کسی بود که غرب را به زانو درآورد، شرق را حیرت زده کرد و همه عالم را مشغول خودش کرد!»

مهدی نصیری حالا:
به فراخوان پهلوی بپوندید
«درود بر شاهزاده رضا پهلوی»

خدا آخرت و عاقبت ما را ختم بخیر کند انشاالله.",0,0,0,https://x.com/ab_ganji/status/2022679937053004176,"مهدی نصیری ایامی که داور جشنواره فیلم عمار بود :
«خمینی کسی بود که غرب را به زانو درآورد، شرق را حیرت زده کرد و همه عالم را مشغول خودش کرد!»

مهدی نصیری حالا:
به فراخوان پهلوی بپوندید
«درود بر شاهزاده رضا پهلوی»

خدا آخرت و عاقبت ما را ختم بخیر کند انشاالله.","Mehdi Nasiri Ayami, who was the judge of Ammar Film Festival:
""Khomeini was the one who brought the West to its knees, stunned the East and made the whole world busy!""

Mehdi Nasiri now:
Follow Pahlavi's call
""Hail to Prince Reza Pahlavi""

God bless our hereafter and the end, God willing."
2022669305872310484,ab_ganji,2026-02-14 13:48:36.555000+00:00,"خبر!
قرار بوده١٨ و١٩ دی مشهد به عنوان نماد فرهنگی ایران سقوط کند و در کیش که نماد آرامش است حکومت تشکیل شود.ترامپ برنامه مشهد را به جای عملیات سقوط لو داد.
در برنامه کیش قرار بود فرودگاه کیش تصرف و الگوی #تایوان-چین در انقلاب ١٩۴٩ اتفاق بیفتد که پادشاه با انقلاب به",0,0,0,https://x.com/ab_ganji/status/2022669305872310484,"خبر!
قرار بوده١٨ و١٩ دی مشهد به عنوان نماد فرهنگی ایران سقوط کند و در کیش که نماد آرامش است حکومت تشکیل شود.ترامپ برنامه مشهد را به جای عملیات سقوط لو داد.
در برنامه کیش قرار بود فرودگاه کیش تصرف و الگوی #تایوان-چین در انقلاب ١٩۴٩ اتفاق بیفتد که پادشاه با انقلاب به","News!
It was supposed to fall on January 18 and 19, Mashhad as a cultural symbol of Iran and to form a government in Kish, which is a symbol of peace. Trump revealed the Mashhad plan instead of the fall operation.
In the Kish plan, the Kish airport was supposed to be captured and the pattern of #Taiwan-China happened in the revolution of 1949, when the king with the revolution"
2022669309580066854,ab_ganji,2026-02-14 13:48:37.439000+00:00,"این جزیره فرار و با حمایت غرب کشور تشکیل داد. بنده همان پنجشنبه شب کیش بودم. آن روز۴٢ پرواز وارد کیش شد و عده ای با کشتی و لنج آمدند. انچه در این جزیره آرام  و بدون مشکل جدی اقتصادی اتفاق افتاد بعدا بیشتر باز خواهد شد.

همچنان مردم معترض می بینید؟",0,0,0,https://x.com/ab_ganji/status/2022669309580066854,"این جزیره فرار و با حمایت غرب کشور تشکیل داد. بنده همان پنجشنبه شب کیش بودم. آن روز۴٢ پرواز وارد کیش شد و عده ای با کشتی و لنج آمدند. انچه در این جزیره آرام  و بدون مشکل جدی اقتصادی اتفاق افتاد بعدا بیشتر باز خواهد شد.

همچنان مردم معترض می بینید؟","This island escaped and formed the country with the support of the West. I was in Kish on Thursday night. On that day, 42 flights arrived in Kish and some people came by ship and barge. What happened in this peaceful island without serious economic problems will be revealed later.

Do you still see people protesting?"
2022664537724321880,ab_ganji,2026-02-14 13:29:39.740000+00:00,"فعال رسانه‌ای آمریکایی عکسی از خود در نمایشگاه دستاوردهای موشکی و پهپادی ایران منتشر کرده و نوشت:
درود بر موشکهای بومی ایرانی که بر سر موجودیت صهیونیستی فرود می‌آیند، شهرک‌ نشینان را زیر آوار می‌برند و در دل‌ های سرد رژیم نسل‌کش و پدوفیلِ اپستینی آمریکا ترس وجودی ایجاد می‌کنند.",0,0,0,https://x.com/ab_ganji/status/2022664537724321880,"فعال رسانه‌ای آمریکایی عکسی از خود در نمایشگاه دستاوردهای موشکی و پهپادی ایران منتشر کرده و نوشت:
درود بر موشکهای بومی ایرانی که بر سر موجودیت صهیونیستی فرود می‌آیند، شهرک‌ نشینان را زیر آوار می‌برند و در دل‌ های سرد رژیم نسل‌کش و پدوفیلِ اپستینی آمریکا ترس وجودی ایجاد می‌کنند.","The American media activist published a photo of himself at the exhibition of Iran's missile and drone achievements and wrote:
Salutations to the native Iranian missiles that land on the Zionist entity, destroy the settlers and create existential fear in the cold hearts of the genocidal and pedophile American regime."
2022628672562434509,ab_ganji,2026-02-14 11:07:08.819000+00:00,"تصویر اونا و طیفی از اصلاح‌طلبان از حوادث ١٨ و ١٩ دی:
مردم دست در جیب آمده بودند اعتراض کنند، به جای شنیدن حرفشان مثل آب خوردن قتل عام شدند و دیگر هیچ.

سوالات پیرامون:
-چرا در ۴ روز اول بازار و هشت روز بعدش کسی قتل عام نشد؟١",0,0,0,https://x.com/ab_ganji/status/2022628672562434509,"تصویر اونا و طیفی از اصلاح‌طلبان از حوادث ١٨ و ١٩ دی:
مردم دست در جیب آمده بودند اعتراض کنند، به جای شنیدن حرفشان مثل آب خوردن قتل عام شدند و دیگر هیچ.

سوالات پیرامون:
-چرا در ۴ روز اول بازار و هشت روز بعدش کسی قتل عام نشد؟١","The picture of them and a range of reformists from the events of 18 and 19 December:
People came with their hands in their pockets to protest, instead of listening to their words, they were massacred like drinking water and nothing more.

Questions about:
- Why was no one massacred in the first 4 days of the bazaar and the following eight days? 1"
2022628689557794951,ab_ganji,2026-02-14 11:07:12.871000+00:00,"چه کسی آن جوان را به سمت این مراکز هدایت می کنند؟ معدود آموزش دیدگان.
علاوه بر آن جنگ مسلحانه شهری حتما تلفات دارد.بخشی از کشته های تهران که در تهران دفن نشدند اهل کدام مناطق بودند و چرا به تهران آورده شده بودند؟ کشته های پژاک و کومله در آن دو روز چقدر است؟ و...۵",0,0,0,https://x.com/ab_ganji/status/2022628689557794951,"چه کسی آن جوان را به سمت این مراکز هدایت می کنند؟ معدود آموزش دیدگان.
علاوه بر آن جنگ مسلحانه شهری حتما تلفات دارد.بخشی از کشته های تهران که در تهران دفن نشدند اهل کدام مناطق بودند و چرا به تهران آورده شده بودند؟ کشته های پژاک و کومله در آن دو روز چقدر است؟ و...۵","Who directs the youth to these centers? The few trained.
In addition to that, the urban armed war definitely has casualties. Some of the dead in Tehran who were not buried in Tehran were from which regions and why were they brought to Tehran? What are the deaths of Pejak and Komle in those two days? And... 5"
2022628693508788413,ab_ganji,2026-02-14 11:07:13.813000+00:00,"البته قبلا اینجا نوشتم که زمینه های آن به حاکمیت مربوط است(زخم و مگس) و ۵ شاخص را برای بررسی در توئیتر دیگری اینجا نوشتم.۶
#تصویر_ایران",0,0,0,https://x.com/ab_ganji/status/2022628693508788413,"البته قبلا اینجا نوشتم که زمینه های آن به حاکمیت مربوط است(زخم و مگس) و ۵ شاخص را برای بررسی در توئیتر دیگری اینجا نوشتم.۶
#تصویر_ایران","Of course, I wrote here before that its context is related to governance (wounds and flies) and I wrote 5 indicators for review in another twitter here. 6.
#image_of_Iran"
2022579502467965118,ab_ganji,2026-02-14 07:51:45.755000+00:00,"سینه خیز ترامپ پس از ٢۴ بار تاکید بر نابودی صنعت هسته ای ایران و مذاکره دوباره هسته ای و تهدید دوباره هسته ای.

خبرنگار: شما گفتید که سایت‌های هسته‌ای ایران کاملاً نابود شده‌اند. حالا چه چیزی باقی مانده که دنبال آن برویم؟

ترامپ: می‌توانید هر چیزی که از گرد و غبار آنجا باقی مانده",0,0,0,https://x.com/ab_ganji/status/2022579502467965118,"سینه خیز ترامپ پس از ٢۴ بار تاکید بر نابودی صنعت هسته ای ایران و مذاکره دوباره هسته ای و تهدید دوباره هسته ای.

خبرنگار: شما گفتید که سایت‌های هسته‌ای ایران کاملاً نابود شده‌اند. حالا چه چیزی باقی مانده که دنبال آن برویم؟

ترامپ: می‌توانید هر چیزی که از گرد و غبار آنجا باقی مانده","Trump's brashness after 24 times emphasizing the destruction of Iran's nuclear industry and renegotiating nuclear negotiations and threatening nuclear threats again.

Reporter: You said that Iran's nuclear sites have been completely destroyed. Now what is left to pursue?

Trump: You can take whatever dust is left over there"
2022563298470760478,ab_ganji,2026-02-14 06:47:22.421000+00:00,"متن کاوی کردم پرتکرار ترین عناصر گفتمانی موساد-پهلوی چی ها""مادر جنده"" و ""حرومزاده""است.
جالب اینکه به مذهب و ائمه و اسلام هم فحاشی می کنند در عین حال این دو واژه ادبیات درون دینی است.خارج از دین مرز بندی حلال و حرام بی معناست.
سیستم فکری-بینشی و جهان بینی مشخصی ندارند. بی سوادی",0,0,0,https://x.com/ab_ganji/status/2022563298470760478,"متن کاوی کردم پرتکرار ترین عناصر گفتمانی موساد-پهلوی چی ها""مادر جنده"" و ""حرومزاده""است.
جالب اینکه به مذهب و ائمه و اسلام هم فحاشی می کنند در عین حال این دو واژه ادبیات درون دینی است.خارج از دین مرز بندی حلال و حرام بی معناست.
سیستم فکری-بینشی و جهان بینی مشخصی ندارند. بی سوادی","I have analyzed the most frequent elements of Mossad-Pahlavi discourses, ""Jendeh's mother"" and ""Bastard"".
It is interesting that they insult religion, imams, and Islam, at the same time, these two words are literature within religion. Outside of religion, the demarcation of halal and haram is meaningless.
They do not have a specific thought-vision system and worldview. illiteracy"
2022546140843897001,ab_ganji,2026-02-14 05:39:11.724000+00:00,"مزدک میرزایی، مجری شبکه اسرائیلی اینترنشنال:

مردمی که در راهپیمایی ۲۲ بهمن شرکت کردند، خودفروخته، وقیح، فرومایه و چاپلوس هستند! این راهپیمایی نمایشی و از سر اجبار بود!

هم به مردمی که١٣۵٧ انقلاب کردند توهین می کنند هم به مردم حال ایران.
در ایران چه کسی محترم است؟ 

از این",0,0,0,https://x.com/ab_ganji/status/2022546140843897001,"مزدک میرزایی، مجری شبکه اسرائیلی اینترنشنال:

مردمی که در راهپیمایی ۲۲ بهمن شرکت کردند، خودفروخته، وقیح، فرومایه و چاپلوس هستند! این راهپیمایی نمایشی و از سر اجبار بود!

هم به مردمی که١٣۵٧ انقلاب کردند توهین می کنند هم به مردم حال ایران.
در ایران چه کسی محترم است؟ 

از این","Mazdak Mirzaei, host of the Israeli International channel:

The people who participated in the march on 22 Bahman are self-proclaimed, insolent, humble and flattering! This march was a demonstration and forced!

They insult both the people who made the revolution in 1357 and the current people of Iran.
Who is respected in Iran? 

of this"
2022543963010289941,ab_ganji,2026-02-14 05:30:32.488000+00:00,"ترامپ : ما به دنبال نخست وزیری برای عراق هستیم!

ترجمه :مردم عراق غلط می کنند رایی بدهند که خروجی آن نوری المالکی شود.ما آنان را تنبیه خواهیم کرد که دیگر از این غلط ها نکنند.
#دمکراسی_آمریکایی",0,0,0,https://x.com/ab_ganji/status/2022543963010289941,"ترامپ : ما به دنبال نخست وزیری برای عراق هستیم!

ترجمه :مردم عراق غلط می کنند رایی بدهند که خروجی آن نوری المالکی شود.ما آنان را تنبیه خواهیم کرد که دیگر از این غلط ها نکنند.
#دمکراسی_آمریکایی","Trump: We are looking for a prime minister for Iraq!

Translation: The people of Iraq made a mistake by voting for Nuri al-Maliki. We will punish them so that they don't make these mistakes again.
#American_democracy"
2022541687524860270,ab_ganji,2026-02-14 05:21:29.970000+00:00,"نانسی پلوسی رئیس سابق کنگره آمریکا : باید کاری کنیم که مردم روستایی ایران هم فشار و سختی را با تمام وجود حس کنند/ایده «فلج‌سازی اقتصاد» به جای جنگ وجود دارد که بدون استفاده از نیروی نظامی آمریکا، ایران را از بین برد.
بله از ابزارهای اقتصادی و فشار اقتصادی می‌توان استفاده کرد و",0,0,0,https://x.com/ab_ganji/status/2022541687524860270,"نانسی پلوسی رئیس سابق کنگره آمریکا : باید کاری کنیم که مردم روستایی ایران هم فشار و سختی را با تمام وجود حس کنند/ایده «فلج‌سازی اقتصاد» به جای جنگ وجود دارد که بدون استفاده از نیروی نظامی آمریکا، ایران را از بین برد.
بله از ابزارهای اقتصادی و فشار اقتصادی می‌توان استفاده کرد و","Nancy Pelosi, the former president of the US Congress: We must make the rural people of Iran feel the pressure and hardship with all their heart/there is the idea of ​​""paralyzing the economy"" instead of war, which destroyed Iran without the use of American military force.
Yes, economic tools and economic pressure can be used"
2022300219849748510,ab_ganji,2026-02-13 13:21:59.590000+00:00,"این سرمقاله را ٢٣مرداد ١۴٠٣ و پس از ورود پزشکیان به قدرت نوشتم.عنوان آن ""پزشکیان و چشم انداز اصلاح طلبی"" است.شاید اگر به آن توجه می شد اکنون آن چند نفر اصلاح طلب بازداشت نمی شدند یا پزشکیان منتقد اکنون آنان نبود.لطفا با دقت مطالعه بفرمایید.",0,0,0,https://x.com/ab_ganji/status/2022300219849748510,"این سرمقاله را ٢٣مرداد ١۴٠٣ و پس از ورود پزشکیان به قدرت نوشتم.عنوان آن ""پزشکیان و چشم انداز اصلاح طلبی"" است.شاید اگر به آن توجه می شد اکنون آن چند نفر اصلاح طلب بازداشت نمی شدند یا پزشکیان منتقد اکنون آنان نبود.لطفا با دقت مطالعه بفرمایید.","I wrote this editorial on August 23, 1403, after the doctors came to power. Its title is ""Doctors and the perspective of reformism"". Maybe if it had been paid attention to, those reformers would not have been arrested or the critical doctors would not be there now. Please read carefully."
2022237864734416924,ab_ganji,2026-02-13 09:14:12.972000+00:00,"آمریکایی ها امسال سه راهبرد را برای ما به کار گرفتند
-جنگ، نشد
-آشوب، نشد.
-مذاکره.
آیا این چرخه تکرار می شود؟ یعنی جنگ و آشوب مجددا تست می شود؟ در دفعه بعد نتيجه می گیرند؟ 
فکر می کنم مذاکرات را بچسبند و بن بست گشایی کنند.هیبت شان در حال خدشه دار شدن است.احتمالا با مذاکره پرستیژ",0,0,0,https://x.com/ab_ganji/status/2022237864734416924,"آمریکایی ها امسال سه راهبرد را برای ما به کار گرفتند
-جنگ، نشد
-آشوب، نشد.
-مذاکره.
آیا این چرخه تکرار می شود؟ یعنی جنگ و آشوب مجددا تست می شود؟ در دفعه بعد نتيجه می گیرند؟ 
فکر می کنم مذاکرات را بچسبند و بن بست گشایی کنند.هیبت شان در حال خدشه دار شدن است.احتمالا با مذاکره پرستیژ","The Americans used three strategies for us this year
- The war did not happen
- Chaos, it didn't happen.
- Negotiation.
Will this cycle repeat itself? Does this mean that war and chaos will be tested again? Will they get results next time? 
I think they will stick to the negotiations and break the deadlock. Their awe is being damaged. Probably with prestige negotiations"
2022221426330304772,ab_ganji,2026-02-13 08:08:53.751000+00:00,"وقتی می گوییم طرف لیبرال است برخی فکر می کنند لابد اندیشه و کتب، جان لاک، جان رالز، جان استورات میل، فردریش هایک، رابرت نوزیک، پوپر، آیزایا برلین و...خوانده است. خیر این رفتارها و نگرش شاخص لیبرالیسم است.
-منکر امر به معروف و نهی از منکر  هستند و از ""به توچه""و ""به من چه""استفاده",0,0,0,https://x.com/ab_ganji/status/2022221426330304772,"وقتی می گوییم طرف لیبرال است برخی فکر می کنند لابد اندیشه و کتب، جان لاک، جان رالز، جان استورات میل، فردریش هایک، رابرت نوزیک، پوپر، آیزایا برلین و...خوانده است. خیر این رفتارها و نگرش شاخص لیبرالیسم است.
-منکر امر به معروف و نهی از منکر  هستند و از ""به توچه""و ""به من چه""استفاده","When we say that he is on the liberal side, some people think that he must have read the thoughts and books of John Locke, John Rawls, John Stuart Mill, Friedrich Hayek, Robert Nozick, Popper, Isaiah Berlin, etc. No, these behaviors and attitudes are indicators of liberalism.
- They are denying what is good and forbidding what is wrong, and use ""to you"" and ""what to me""."
2022217483697238167,ab_ganji,2026-02-13 07:53:13.754000+00:00,"دیدم سفیر اسبق ایران در انگلیس گفته ترامپ دنبال تغییر نظام نیست.بارها هم در درون کشور این گزاره را شنیده‌ایم. برخی بعضا با یک خوشحالی مستتر این را می گویند.
ترامپ در تبلیغات انتخاباتی در جواب همین سوال می گوید:صادقانه بگویم توانش را نداریم.
اصلا تحریم، محاصره و جنگ برای چیست؟",0,0,0,https://x.com/ab_ganji/status/2022217483697238167,"دیدم سفیر اسبق ایران در انگلیس گفته ترامپ دنبال تغییر نظام نیست.بارها هم در درون کشور این گزاره را شنیده‌ایم. برخی بعضا با یک خوشحالی مستتر این را می گویند.
ترامپ در تبلیغات انتخاباتی در جواب همین سوال می گوید:صادقانه بگویم توانش را نداریم.
اصلا تحریم، محاصره و جنگ برای چیست؟","I saw that the former ambassador of Iran in England said that Trump does not seek to change the regime. We have heard this statement many times inside the country. Some sometimes say this with a hidden happiness.
In his election campaigns, Trump says in response to the same question: ""To be honest, we can't afford it.""
What is the purpose of embargo, blockade and war?"
2022022113088196844,ab_ganji,2026-02-12 18:56:53.771000+00:00,"بعد از رسوایی کشته های نجومی، آخرین نظرات #موساد_اینترنشنال در باره راهپیمایی ٢٢بهمن.
-اصلا خبری نبود
-با اتوبوس آورده بودند
-کارمندان را مجبور کرده بودن -
-برای ساندیس آمده بودند.
-کوپن می گیرند.
-با هوش مصنوعی تصویرسازی کردند.
-تصاویر سال‌های قبل بود....
خاصیت اینجور فهم آنان،",0,0,0,https://x.com/ab_ganji/status/2022022113088196844,"بعد از رسوایی کشته های نجومی، آخرین نظرات #موساد_اینترنشنال در باره راهپیمایی ٢٢بهمن.
-اصلا خبری نبود
-با اتوبوس آورده بودند
-کارمندان را مجبور کرده بودن -
-برای ساندیس آمده بودند.
-کوپن می گیرند.
-با هوش مصنوعی تصویرسازی کردند.
-تصاویر سال‌های قبل بود....
خاصیت اینجور فهم آنان،","After the scandal of astronomical deaths, the last comments of #Mossad_International about the march on 22 Bahman.
- There was no news at all
They brought it by bus
- Employees were forced -
- They came for sandwiches.
- They get coupons.
- They visualized with artificial intelligence.
- The pictures were from previous years...
The peculiarity of this understanding of them,"
2021975022978683085,ab_ganji,2026-02-12 15:49:46.614000+00:00,"#دعاء_کمیل 
#شب_جمعه 

وَخَدَعَتْنِي الدُّنْيا بِغُرُورِها
 وَنَفْسِي بِجِنايَتِها وَمِطالِي

و دنیا با فریبندگی‌اش مرا فریفته ‌است
و نفسم با جنایت و امروز و فردا کردنش، مرا فریب داده است",0,0,0,https://x.com/ab_ganji/status/2021975022978683085,"#دعاء_کمیل 
#شب_جمعه 

وَخَدَعَتْنِي الدُّنْيا بِغُرُورِها
 وَنَفْسِي بِجِنايَتِها وَمِطالِي

و دنیا با فریبندگی‌اش مرا فریفته ‌است
و نفسم با جنایت و امروز و فردا کردنش، مرا فریب داده است","#Dua_Kamil 
#Friday night 

And deceive the world with pride
 And the soul of crimes and metals

And the world has deceived me with its deception
And my ego has deceived me by committing crimes today and tomorrow"
2021879247233855736,ab_ganji,2026-02-12 09:29:11.897000+00:00,"رشد جمعیت راهپیمایان را از این نوع حضور ها بهتر می توان فهمید.
می گوید زندان رفته و منتقد است و دانشجوی ستاره دار بود اما....
رشد یافته است.",0,0,0,https://x.com/ab_ganji/status/2021879247233855736,"رشد جمعیت راهپیمایان را از این نوع حضور ها بهتر می توان فهمید.
می گوید زندان رفته و منتقد است و دانشجوی ستاره دار بود اما....
رشد یافته است.","The growth of the number of marchers can be better understood from this type of presence.
He says he went to jail and is a critic and was a star student, but...
has grown"
2021809335525863703,ab_ganji,2026-02-12 04:51:23.647000+00:00,"رشد تا ۵٣ درصد مشارکت ایرانیان در راهپیمایی 22 بهمن  را چطور باید فهمید و تحلیل کرد؟ 
مشکل اقتصادی چرا تاثیر نداشته؟ 
تحلیل بنده از دریچه فرهنگ ، ریشه و شخصیت است.",0,0,0,https://x.com/ab_ganji/status/2021809335525863703,"رشد تا ۵٣ درصد مشارکت ایرانیان در راهپیمایی 22 بهمن  را چطور باید فهمید و تحلیل کرد؟ 
مشکل اقتصادی چرا تاثیر نداشته؟ 
تحلیل بنده از دریچه فرهنگ ، ریشه و شخصیت است.","How to understand and analyze the growth of Iranian participation in the 22 Bahman march up to 53 percent? 
Why has the economic problem not affected? 
My analysis is through the lens of culture, roots and personality."
2021806664496582674,ab_ganji,2026-02-12 04:40:46.824000+00:00,معاون ترامپ پیام ٢٢بهمن را گرفت معلوم است هوشش بد نیست.بگذارید پهلوی چی ها چهارتا فحش خواهر و مادر هم به ایشان بدهند که ریسمان آویزان شدن به بیضتین ترامپ را برید.,0,0,0,https://x.com/ab_ganji/status/2021806664496582674,معاون ترامپ پیام ٢٢بهمن را گرفت معلوم است هوشش بد نیست.بگذارید پهلوی چی ها چهارتا فحش خواهر و مادر هم به ایشان بدهند که ریسمان آویزان شدن به بیضتین ترامپ را برید.,Trump's deputy received the message on February 22. It is clear that he is not smart.
2021612333206847549,ab_ganji,2026-02-11 15:48:34.634000+00:00,بدون شرح #میاندوآب,0,0,0,https://x.com/ab_ganji/status/2021612333206847549,بدون شرح #میاندوآب,No description #Miandooab
2021583323043180723,ab_ganji,2026-02-11 13:53:18.072000+00:00,"میزان حضور نسبت به ۱۴۰۳ افزایش ۵۳ درصدی داشته است.
کلیه استان‌ها افزایش حضور نسبت به سال گذشته داشته اند
۴ استان ۱۰۰ تا ۱۶۲ درصد
۱۸ استان ۳۰ تا ۱۰۰
۹ استان ۱۰ تا ۳۰ افزایش حضور داشته اند
#حماسه",0,0,0,https://x.com/ab_ganji/status/2021583323043180723,"میزان حضور نسبت به ۱۴۰۳ افزایش ۵۳ درصدی داشته است.
کلیه استان‌ها افزایش حضور نسبت به سال گذشته داشته اند
۴ استان ۱۰۰ تا ۱۶۲ درصد
۱۸ استان ۳۰ تا ۱۰۰
۹ استان ۱۰ تا ۳۰ افزایش حضور داشته اند
#حماسه","The attendance has increased by 53% compared to 1403.
All provinces have increased attendance compared to last year
4 provinces from 100 to 162 percent
18 provinces from 30 to 100
9 provinces have increased from 10 to 30
#Epic"
2021571816834150439,ab_ganji,2026-02-11 13:07:34.778000+00:00,"یعنی خدمتی که امسال ترامپ-موساد و فحاشان پهلوی چی به جمهوری اسلامی کردند حزب‌ الهی ها نکردند!
در پانزده استان کشور جمعیت راهپیمایی صد درصد رشد داشته است.
البرز، کرمانشاه، آذربایجان شرقی و مرکزی رکورددار رشد جمعیت.
#سوزش_افتخار",0,0,0,https://x.com/ab_ganji/status/2021571816834150439,"یعنی خدمتی که امسال ترامپ-موساد و فحاشان پهلوی چی به جمهوری اسلامی کردند حزب‌ الهی ها نکردند!
در پانزده استان کشور جمعیت راهپیمایی صد درصد رشد داشته است.
البرز، کرمانشاه، آذربایجان شرقی و مرکزی رکورددار رشد جمعیت.
#سوزش_افتخار","In other words, the service that Trump-Mossad and Pahlavi blasphemers did to the Islamic Republic this year was not done by Hizbullah!
In fifteen provinces of the country, the number of marchers has grown by 100%.
Alborz, Kermanshah, East and Central Azerbaijan record population growth.
#burning_pride"
2021557700161937593,ab_ganji,2026-02-11 12:11:29.101000+00:00,"جمع بندی کارشناسان از جمعیت حاضر در راهپیمایی 22 بهمن، 
 ٢۶ میلیون نفر در ١۴٠٠ شهر.
منهای روستاها.
شهرهای موشکی جمهوری اسلامی ایران اینها هستند .تلفات روحی تولید می کنند و می سوزاند.",0,0,0,https://x.com/ab_ganji/status/2021557700161937593,"جمع بندی کارشناسان از جمعیت حاضر در راهپیمایی 22 بهمن، 
 ٢۶ میلیون نفر در ١۴٠٠ شهر.
منهای روستاها.
شهرهای موشکی جمهوری اسلامی ایران اینها هستند .تلفات روحی تولید می کنند و می سوزاند.","The summation of experts from the crowd present in the march on 22 Bahman. 
 26 million people in 1400 cities.
Minus the villages.
These are the missile cities of the Islamic Republic of Iran. They produce and burn spiritual casualties."
2021554310841303086,ab_ganji,2026-02-11 11:58:01.024000+00:00,مدرک؟ این هم مدرک!,0,0,0,https://x.com/ab_ganji/status/2021554310841303086,مدرک؟ این هم مدرک!,degree? This is proof!
2021554020742242724,ab_ganji,2026-02-11 11:56:51.859000+00:00,"کرمان دیار حاج قاسم 
جمعیت را که می بینی احساس می کنی کسی در خانه نمانده.افتخار/سوزش یکجا.",0,0,0,https://x.com/ab_ganji/status/2021554020742242724,"کرمان دیار حاج قاسم 
جمعیت را که می بینی احساس می کنی کسی در خانه نمانده.افتخار/سوزش یکجا.","Kerman Diyar Haj Qasim 
When you see the crowd, you feel that no one is left at home. Pride/burning at the same time."
2021495691575689351,ab_ganji,2026-02-11 08:05:05.102000+00:00,اهواز جنگ دیده و کانون استقامت ایرانیان.,0,0,0,https://x.com/ab_ganji/status/2021495691575689351,اهواز جنگ دیده و کانون استقامت ایرانیان.,Ahvaz has seen war and is a center of Iranian perseverance.
2021494179160117709,ab_ganji,2026-02-11 07:59:04.514000+00:00,٢٢بهمن١۴٠۴ را باید روز #مباهله_ایرانیان دانست.دهه۶٠ احیا شد.باز تولید روح اسلام انقلابی رخ نمایی کرد.,0,0,0,https://x.com/ab_ganji/status/2021494179160117709,٢٢بهمن١۴٠۴ را باید روز #مباهله_ایرانیان دانست.دهه۶٠ احیا شد.باز تولید روح اسلام انقلابی رخ نمایی کرد.,22nd of Bahman 1404 should be considered the day of #Mobahlah_Iranians. It was revived in the 1960s. The revival of the spirit of revolutionary Islam appeared.
2021489825426407829,ab_ganji,2026-02-11 07:41:46.503000+00:00,"دست‌نوشته جالب و پر معنا در راهپیمایی ٢٢ بهمن
انقلاب شما در توئیتر طرفدار دارد،انقلاب ما در خیابان؛ما با هم فرق داریم.",0,0,0,https://x.com/ab_ganji/status/2021489825426407829,"دست‌نوشته جالب و پر معنا در راهپیمایی ٢٢ بهمن
انقلاب شما در توئیتر طرفدار دارد،انقلاب ما در خیابان؛ما با هم فرق داریم.","An interesting and meaningful manuscript on the march of 22 Bahman
Your revolution has fans on Twitter, our revolution is on the street; we are different."
2021487001690653070,ab_ganji,2026-02-11 07:30:33.272000+00:00,"ساعت ٩ صبح می خواستم از حرم رضوی بیام بیرون بروم راهپیمایی ٢٢بهمن.
به یک خادم گفتم شما مشهدی هستید؟ گفت بله.گفتم راهپیمایی ٢٢بهمن مشهد کجاست؟
گفت از باب الرضا برو بیرون، فلکه آب و بعد فلکه برق را رد کن، فلکهzمحل راهپیمایی است.خیابان امام رضا هم بسته است باید با موتور بروی.
آمدم",0,0,0,https://x.com/ab_ganji/status/2021487001690653070,"ساعت ٩ صبح می خواستم از حرم رضوی بیام بیرون بروم راهپیمایی ٢٢بهمن.
به یک خادم گفتم شما مشهدی هستید؟ گفت بله.گفتم راهپیمایی ٢٢بهمن مشهد کجاست؟
گفت از باب الرضا برو بیرون، فلکه آب و بعد فلکه برق را رد کن، فلکهzمحل راهپیمایی است.خیابان امام رضا هم بسته است باید با موتور بروی.
آمدم","At 9 am, I wanted to come out of the Razavi Shrine to go to the 22 Bahman march.
I said to a servant, are you from Mashhad? He said yes. I said where is the 22 Bahman march in Mashhad?
He said, go out from Bab al-Reza, pass the water block and then the electricity block, the Z block is the place of the march. Imam Reza street is also closed, you have to go by motorbike.
I came"
2021419400277131323,ab_ganji,2026-02-11 03:01:55.839000+00:00,سیر #امپراتوری_دروغ  در #موساد_اینترنشنال از کشته های نجومی تا دست و پا زدن و سینه خیز.,0,0,0,https://x.com/ab_ganji/status/2021419400277131323,سیر #امپراتوری_دروغ  در #موساد_اینترنشنال از کشته های نجومی تا دست و پا زدن و سینه خیز.,The course of the #Empire_of_Lies in #Mossad_International from astronomical deaths to paddling and breaststroke.
2021301768081023092,ab_ganji,2026-02-10 19:14:30.138000+00:00,"فردا کسانی به میدان٢٢بهمن خواهند آمد که از انقلاب اسلامی منفعتی نبردند.علاوه بر آن نشانی از شهادت و شهیدان در خانواده و یا نشانی از جهاد در بدن خود دارند.

آنان که منفعت برده اند برای اینکه به چشم نیایند لگدی زده اند و فردا از تعطیلی بهره می برند.در لواسان، اوشان، فشم، میگون،",0,0,0,https://x.com/ab_ganji/status/2021301768081023092,"فردا کسانی به میدان٢٢بهمن خواهند آمد که از انقلاب اسلامی منفعتی نبردند.علاوه بر آن نشانی از شهادت و شهیدان در خانواده و یا نشانی از جهاد در بدن خود دارند.

آنان که منفعت برده اند برای اینکه به چشم نیایند لگدی زده اند و فردا از تعطیلی بهره می برند.در لواسان، اوشان، فشم، میگون،","Tomorrow, those who did not benefit from the Islamic Revolution will come to the 22 Bahman square. In addition, they have a mark of martyrdom and martyrs in their family or a mark of Jihad on their body.

Those who have benefited have been kicked in order not to be noticed and will take advantage of the closure tomorrow. In Lavasan, Oshan, Fashm, Migun,"
2021253324041842997,ab_ganji,2026-02-10 16:02:00.179000+00:00,"چند روز پیش چه ساز و دهلی راه انداختند که جلو قیمت های جدید ایران‌خودرو گرفته شود.حتی سایت فروشش هم بسته شد.
نگو گذاشته بودند برای شب ٢٢بهمن اضافه کنند که سایپا هم کنار ایران‌خودرو قرار گیرد و همزمان بلیط هواپیما هم نجومی شود.
تدبیر در حد لالیگا",0,0,0,https://x.com/ab_ganji/status/2021253324041842997,"چند روز پیش چه ساز و دهلی راه انداختند که جلو قیمت های جدید ایران‌خودرو گرفته شود.حتی سایت فروشش هم بسته شد.
نگو گذاشته بودند برای شب ٢٢بهمن اضافه کنند که سایپا هم کنار ایران‌خودرو قرار گیرد و همزمان بلیط هواپیما هم نجومی شود.
تدبیر در حد لالیگا","A few days ago, what device was launched by Delhi to stop the new prices of Iranian cars. Even its sales site was closed.
They didn't say that they added for the night of 22 Bahman that Saipa will be placed next to Iran Khodro and at the same time, the plane ticket will also be astronomical.
La Liga-level strategy"
2021105854469046435,ab_ganji,2026-02-10 06:16:00.693000+00:00,"دشمن می خواهد در مذاکرات ""رفع تهدید""را به عنوان دستاورد به ما بفروشد، مساله و اولویت ما""رفع تحریم"" است.
#مسقط",0,0,0,https://x.com/ab_ganji/status/2021105854469046435,"دشمن می خواهد در مذاکرات ""رفع تهدید""را به عنوان دستاورد به ما بفروشد، مساله و اولویت ما""رفع تحریم"" است.
#مسقط","The enemy wants to sell us ""removal of threats"" as an achievement in negotiations, our problem and priority is ""removal of sanctions"".
#Muscat"
2020868172199399904,ab_ganji,2026-02-09 14:31:32.824000+00:00,"این همه عصبانیت، فحاشی و دریدگی از فرزندان موساد برای چیه؟ 

مگر نمی گویید مردم نه ایشان را قبول دارند و نه جمهوری اسلامی را؟ 
خب مردمی که قبول ندارند و نمی آیند که باید موجب خوشحالی حقوق بگیران موساد شود!.
دعوت کرد، کسی هم نمیاد!پس سوزش فرق سر تا ماتحت شماها برای چیست؟ برای",0,0,0,https://x.com/ab_ganji/status/2020868172199399904,"این همه عصبانیت، فحاشی و دریدگی از فرزندان موساد برای چیه؟ 

مگر نمی گویید مردم نه ایشان را قبول دارند و نه جمهوری اسلامی را؟ 
خب مردمی که قبول ندارند و نمی آیند که باید موجب خوشحالی حقوق بگیران موساد شود!.
دعوت کرد، کسی هم نمیاد!پس سوزش فرق سر تا ماتحت شماها برای چیست؟ برای","What is all this anger, obscenity and tear from Mossad children for? 

Aren't you saying that people neither accept him nor the Islamic Republic? 
Well, the people who don't accept and don't come, that should make Mossad salarymen happy!
He invited, but no one comes! So what is the reason for the difference between your subordinates? for"
2020550937358557349,ab_ganji,2026-02-08 17:30:58.144000+00:00,سرمقاله روزنامه جوان با عنوان :تهدید سه اصل بنیادین ايرانيان.,0,0,0,https://x.com/ab_ganji/status/2020550937358557349,سرمقاله روزنامه جوان با عنوان :تهدید سه اصل بنیادین ايرانيان.,The editorial of Javan newspaper with the title: Threat to the three fundamental principles of Iranians.
2020435446354903281,ab_ganji,2026-02-08 09:52:02.943000+00:00,"مارکو روبیو وزیر خارجه آمریکا :
آمریکا باید مجاهدین خلق را به فهرست سازمان‌های تروریستی بازگرداند.

تحلیل شما از این عبارت آن هم بعد از نقش منافقین در غائله دی ماه چیست؟ 

برجسته کردن پهلوی؟
غیر قابل سرمایه‌گذاری دانستن این فرقه؟ اطلاع از خشونت حیرت آور آنان در ١٨،١٩ دی ماه؟",0,0,0,https://x.com/ab_ganji/status/2020435446354903281,"مارکو روبیو وزیر خارجه آمریکا :
آمریکا باید مجاهدین خلق را به فهرست سازمان‌های تروریستی بازگرداند.

تحلیل شما از این عبارت آن هم بعد از نقش منافقین در غائله دی ماه چیست؟ 

برجسته کردن پهلوی؟
غیر قابل سرمایه‌گذاری دانستن این فرقه؟ اطلاع از خشونت حیرت آور آنان در ١٨،١٩ دی ماه؟","US Secretary of State Marco Rubio:
America should return MEK to the list of terrorist organizations.

What is your analysis of this phrase after the role of the hypocrites in the riots of the month of December? 

Highlight the sides?
Considering this sect as uninvestable? Information about their astonishing violence on January 18 and 19?"
2020405342388080771,ab_ganji,2026-02-08 07:52:25.598000+00:00,"بعد از بیعت همافران نیروی هوایی با امام در ١٩ بهمن، 
حمله و درگیری اصلی گارد شاهنشاهی با نیروهای هوادار انقلاب در پادگان نیروی هوایی دوشان‌تپه از شب ۲۰ بهمن آغاز شد و در ۲۱ بهمن ۱۳۵۷ ادامه پیدا کرد. تعدادی از همافران قتل عام شدند.

حالا پهلوی فهمش این همانی است.مرداد امسال دروغ",0,0,0,https://x.com/ab_ganji/status/2020405342388080771,"بعد از بیعت همافران نیروی هوایی با امام در ١٩ بهمن، 
حمله و درگیری اصلی گارد شاهنشاهی با نیروهای هوادار انقلاب در پادگان نیروی هوایی دوشان‌تپه از شب ۲۰ بهمن آغاز شد و در ۲۱ بهمن ۱۳۵۷ ادامه پیدا کرد. تعدادی از همافران قتل عام شدند.

حالا پهلوی فهمش این همانی است.مرداد امسال دروغ","After the pledge of allegiance of Air Force personnel to Imam on 19th of Bahman, 
The main attack and conflict of the Imperial Guard with the pro-revolutionary forces in Dushantepe Air Force Base started on the night of 20th of Bahman and continued on 21st of Bahman 1357. A number of fellow travelers were massacred.

Now the side of his understanding is the same. It is a lie this August"
2020400483433619832,ab_ganji,2026-02-08 07:33:07.133000+00:00,"اینکه دشمن طراحی داشت و یارگیری کرد و نهایتا موفق نشد دلیل نمی شود که زمینه های یارگیری آن، دقیق و شجاعانه بررسی نشود و  راه درمان ارائه نشود.اشکال حکومت و دولت در این میان چیست؟ 

برای بررسی زمینه ها این ۵ عنصر حیاتی است:
-منطقه جغرافیایی
-سن
-سواد
-شغل
-زمینه خانوادگی (امنیتی،",0,0,0,https://x.com/ab_ganji/status/2020400483433619832,"اینکه دشمن طراحی داشت و یارگیری کرد و نهایتا موفق نشد دلیل نمی شود که زمینه های یارگیری آن، دقیق و شجاعانه بررسی نشود و  راه درمان ارائه نشود.اشکال حکومت و دولت در این میان چیست؟ 

برای بررسی زمینه ها این ۵ عنصر حیاتی است:
-منطقه جغرافیایی
-سن
-سواد
-شغل
-زمینه خانوادگی (امنیتی،","The fact that the enemy had a plan and aided and finally did not succeed is not a reason that the grounds of its aid should not be carefully and courageously investigated and a solution not provided. What are the problems of the government and the government in this regard? 

These 5 elements are vital for checking fields:
- Geographical area
- age
Literacy
-Job
- Family context (security,"
2020350338839072954,ab_ganji,2026-02-08 04:13:51.730000+00:00,"ترامپ تا کنون٢١ بار گفته هسته ای ایران را نابود کردیم.٧ بار نام عملیات را گفته(چکش نیمه شب)و ٨ بار بهB2 اشاره کرده است.
حالا آمده برای آنچه نابود کرده است مذاکره می کند!دروغ های آسمان خراش لو رفت!

می گویند اگر با مذاکره کاری پیش نرفت با جنگ، اینجا برعکس است یعنی با جنگ",0,0,0,https://x.com/ab_ganji/status/2020350338839072954,"ترامپ تا کنون٢١ بار گفته هسته ای ایران را نابود کردیم.٧ بار نام عملیات را گفته(چکش نیمه شب)و ٨ بار بهB2 اشاره کرده است.
حالا آمده برای آنچه نابود کرده است مذاکره می کند!دروغ های آسمان خراش لو رفت!

می گویند اگر با مذاکره کاری پیش نرفت با جنگ، اینجا برعکس است یعنی با جنگ","So far, Trump has said 21 times that we have destroyed Iran's nuclear weapons. He has mentioned the name of the operation 7 times (Midnight Hammer) and has mentioned B2 8 times.
Now he has come to negotiate for what he destroyed! The lies of the skyscraper were exposed!

They say that if negotiations do not go well with war, here it is the opposite, that is, with war"
2020196500001714493,ab_ganji,2026-02-07 18:02:33.693000+00:00,"شکوری راد ١۴٠١ این توئیت را زد و یک ساعت بعد پاک کرد:""اینها که صدا و سیما بهشون می گوید شهید(٨٠نفر)رفته بودند بین معترضین پرچم اتش بزنند بیندازند گردن معترضین گلوله خوردند و کشته شدند""
چون در بیو نوشته بود:دبیرکل حزب اتحاد ملت ایران و سخنگوی جبهه اصلاحات، بنده اینجا نوشتم آیا",0,0,0,https://x.com/ab_ganji/status/2020196500001714493,"شکوری راد ١۴٠١ این توئیت را زد و یک ساعت بعد پاک کرد:""اینها که صدا و سیما بهشون می گوید شهید(٨٠نفر)رفته بودند بین معترضین پرچم اتش بزنند بیندازند گردن معترضین گلوله خوردند و کشته شدند""
چون در بیو نوشته بود:دبیرکل حزب اتحاد ملت ایران و سخنگوی جبهه اصلاحات، بنده اینجا نوشتم آیا","Shakuri Rad 1401 posted this tweet and deleted it an hour later: ""Those whom the radio and television say are martyrs (80 people) went to shoot flags among the protesters and throw them in the necks of the protesters, they were shot and killed.""
Because he wrote in his bio: the Secretary General of the Ittehad Mellat Party of Iran and the spokesman of the Reform Front, did I write here?"
2020182977473380404,ab_ganji,2026-02-07 17:08:49.671000+00:00,"این چند گزاره را به صورت سیر یک خط ببینید
١-ترامپ روز ششم اغتشاشات (قبل آن دو روز)اعلام کرد اگر کسی کشته شود وارد می شود.
٢-برای تحقق سخنش و آوردن پایش روی بیل دو روز را طراحی کردند و فیلم و عکس از کهریزک گرفتند و نشانش دادند
٣-بعد آن دو روز گفت٨٣٧ نفر قرار است پنجشنبه اعدام شوند",0,0,0,https://x.com/ab_ganji/status/2020182977473380404,"این چند گزاره را به صورت سیر یک خط ببینید
١-ترامپ روز ششم اغتشاشات (قبل آن دو روز)اعلام کرد اگر کسی کشته شود وارد می شود.
٢-برای تحقق سخنش و آوردن پایش روی بیل دو روز را طراحی کردند و فیلم و عکس از کهریزک گرفتند و نشانش دادند
٣-بعد آن دو روز گفت٨٣٧ نفر قرار است پنجشنبه اعدام شوند","See these few statements as one line
1-Trump announced on the sixth day of the riots (two days before that) that he would enter if someone was killed.
2- In order to fulfill his word and bring his foot to the shovel, they planned two days and took video and photos of Kahrizak and showed him.
3- After those two days, he said that 837 people are going to be executed on Thursday"
2020037740038091111,ab_ganji,2026-02-07 07:31:42.368000+00:00,"کاربر آمریکایی در مورد پرونده #اپستین: 

سیاستمداران آمریکایی به دختران ۱۳ ساله تجاوز می‌کنند و همزمان برای ایران در مورد «حقوق زنان» سخنرانی می‌کنند",0,0,0,https://x.com/ab_ganji/status/2020037740038091111,"کاربر آمریکایی در مورد پرونده #اپستین: 

سیاستمداران آمریکایی به دختران ۱۳ ساله تجاوز می‌کنند و همزمان برای ایران در مورد «حقوق زنان» سخنرانی می‌کنند","American user about the #Epstein case: 

American politicians rape 13-year-old girls and give speeches to Iran about ""women's rights"" at the same time"
2019997310273441925,ab_ganji,2026-02-07 04:51:03.161000+00:00,"روزنامه ای که صرفا هم نام جمهوری اسلامی است، وسط معرکه تهدید-امادگی خواستار ادغام ارتش و سپاه شده است.

اسلاف این مطالبه در تاریخ ایران روشن است.این حنجره آلوده است و نسبتی با انقلاب اسلامی ندارد.طرح آن به جهت زمانی اگر نفوذ نباشد بد فهمی فاجعه گون است.یا برای گم نشدن در رسانه",0,0,0,https://x.com/ab_ganji/status/2019997310273441925,"روزنامه ای که صرفا هم نام جمهوری اسلامی است، وسط معرکه تهدید-امادگی خواستار ادغام ارتش و سپاه شده است.

اسلاف این مطالبه در تاریخ ایران روشن است.این حنجره آلوده است و نسبتی با انقلاب اسلامی ندارد.طرح آن به جهت زمانی اگر نفوذ نباشد بد فهمی فاجعه گون است.یا برای گم نشدن در رسانه","The newspaper, which is simply called the Islamic Republic, has called for the merger of the army and the IRGC in the middle of the threat-preparation battle.

The antecedents of this demand are clear in the history of Iran. This larynx is polluted and has nothing to do with the Islamic revolution. Its plan is a misunderstanding for the time being, if there is no influence, it is a catastrophic misunderstanding, or to avoid being lost in the media."
2019992727362961561,ab_ganji,2026-02-07 04:32:50.510000+00:00,"سامح عسگر تحلیلگر مصری:آمریکا بر سر آنچه می گفت نابود کرده، مذاکره می کند:
آنها گفتند که برنامه هسته‌ای ایران را نابود کردند.
آنها گفتند که تمام ذخایر اورانیوم نابود شده است.
آنها گفتند که ایران 20 سال فرصت دارد تا یک برنامه هسته‌ای جدید بسازد.

آنها گفتند که موشک‌های ایران چیزی",0,0,0,https://x.com/ab_ganji/status/2019992727362961561,"سامح عسگر تحلیلگر مصری:آمریکا بر سر آنچه می گفت نابود کرده، مذاکره می کند:
آنها گفتند که برنامه هسته‌ای ایران را نابود کردند.
آنها گفتند که تمام ذخایر اورانیوم نابود شده است.
آنها گفتند که ایران 20 سال فرصت دارد تا یک برنامه هسته‌ای جدید بسازد.

آنها گفتند که موشک‌های ایران چیزی","Egyptian analyst Sameh Asgar: America is negotiating over what it said it destroyed:
They said they destroyed Iran's nuclear program.
They said that all uranium reserves were destroyed.
They said that Iran has 20 years to build a new nuclear program.

They said that Iranian missiles are something"
2019984594716504238,ab_ganji,2026-02-07 04:00:31.536000+00:00,IQ جان شاه را ملت نمی خواست میانجی با کی صحبت می کرد؟ حالا میانجی برای پیشگیری از حمله خارجی میانجی گری می کند که از پاسخ ایران خودش هم آسیب نبیند.این همه تلاش و مذاکره به خاطر قدرت ایران است.در عرف بین الملل قدرت های بزرگ با ضعقا مذاکره نمی کنند.انگشت اشاره را نشان می دهند و طرف,0,0,0,https://x.com/ab_ganji/status/2019984594716504238,IQ جان شاه را ملت نمی خواست میانجی با کی صحبت می کرد؟ حالا میانجی برای پیشگیری از حمله خارجی میانجی گری می کند که از پاسخ ایران خودش هم آسیب نبیند.این همه تلاش و مذاکره به خاطر قدرت ایران است.در عرف بین الملل قدرت های بزرگ با ضعقا مذاکره نمی کنند.انگشت اشاره را نشان می دهند و طرف,"The nation didn't want Shah's IQ. Who was the mediator talking to? Now the mediator is mediating to prevent a foreign attack so that he will not be harmed by Iran's response. All this effort and negotiation is for the sake of Iran's power. In international custom, great powers do not negotiate with the weak. They point the finger and the side"
2019799311668682950,ab_ganji,2026-02-06 15:44:16.615000+00:00,"نیت راهبردی ما در مذاکره رفع تحریم است.بقیه است پیش نیاز یا فرع ماجرا است.
ما برای بعداز شکست احتمالی مذاکرات قول و قراری نگذاشته ایم. اما آمریکا رسما جنگ را اعلام کرده است.بنابرین در مذاکرات جمعه علیرغم اصرار تیم ایران بر مواضع، آمریکا بر ادامه مذاکرات اصرار داشت.معنایش این است",0,0,0,https://x.com/ab_ganji/status/2019799311668682950,"نیت راهبردی ما در مذاکره رفع تحریم است.بقیه است پیش نیاز یا فرع ماجرا است.
ما برای بعداز شکست احتمالی مذاکرات قول و قراری نگذاشته ایم. اما آمریکا رسما جنگ را اعلام کرده است.بنابرین در مذاکرات جمعه علیرغم اصرار تیم ایران بر مواضع، آمریکا بر ادامه مذاکرات اصرار داشت.معنایش این است","Our strategic intention in the negotiation is to lift the embargo. The rest is a prerequisite or a side story.
We have not made any promises or arrangements for the possible failure of negotiations. But the United States has officially declared war. Therefore, in the negotiations on Friday, despite the insistence of the Iranian team on the positions, the United States insisted on continuing the negotiations. The meaning is this."
2019795970230239719,ab_ganji,2026-02-06 15:30:59.954000+00:00,این سه سید رزمندگان خط مقدم امروز ایران هستند.دعا گو باشیم.,0,0,0,https://x.com/ab_ganji/status/2019795970230239719,این سه سید رزمندگان خط مقدم امروز ایران هستند.دعا گو باشیم.,These three leaders are the frontline fighters of Iran today. Let us pray.
2019748317966598534,ab_ganji,2026-02-06 12:21:38.769000+00:00,"اگر قدرت و مواهب قدرت برای رهبران جمهوری اسلامی اصالت داشت هیچ مقاومتی نمی کردند.
سعی می کردند هر طور شده امثال ترامپ را راضی کنند تا بمانند.لذت عرفی قدرت در دوری از تنش و تعیش و تکثر ثروت است
در داخل هم همه را از مشروب تا آب‌نبات سرکار می گذاشتند که هیچ کس ناراضی نشود.
از هر",0,0,0,https://x.com/ab_ganji/status/2019748317966598534,"اگر قدرت و مواهب قدرت برای رهبران جمهوری اسلامی اصالت داشت هیچ مقاومتی نمی کردند.
سعی می کردند هر طور شده امثال ترامپ را راضی کنند تا بمانند.لذت عرفی قدرت در دوری از تنش و تعیش و تکثر ثروت است
در داخل هم همه را از مشروب تا آب‌نبات سرکار می گذاشتند که هیچ کس ناراضی نشود.
از هر","If the power and gifts of power were authentic for the leaders of the Islamic Republic, they would not have resisted.
They were trying to convince the likes of Trump in any way they could to stay. The traditional pleasure of power is to stay away from tension and opulence and abundance of wealth.
Inside, they put everything from liquor to candy so that no one would be dissatisfied.
from each"
2019686195991568895,ab_ganji,2026-02-06 08:14:47.736000+00:00,هشدار آمریکا به شهروندان برای ترک ایران، حصور رئیس سنتکام در مسقط، سیل تجهیزات نظامی آمریکا به منطقه و سخنان تهدید آمیز مستمر ترامپ(حتی شب مذاکره)نتوانست تهدیدات آمریکا را معتبر کند.ایران مثل کوه ایستاده است و این همه سر و صدا و تحرک ذره ای در محاسبات ایران و تیم مذاکره کننده,0,0,0,https://x.com/ab_ganji/status/2019686195991568895,هشدار آمریکا به شهروندان برای ترک ایران، حصور رئیس سنتکام در مسقط، سیل تجهیزات نظامی آمریکا به منطقه و سخنان تهدید آمیز مستمر ترامپ(حتی شب مذاکره)نتوانست تهدیدات آمریکا را معتبر کند.ایران مثل کوه ایستاده است و این همه سر و صدا و تحرک ذره ای در محاسبات ایران و تیم مذاکره کننده,"The American warning to the citizens to leave Iran, the detention of the head of Centcom in Muscat, the flood of American military equipment to the region and Trump's continuous threatening words (even on the night of the negotiation) could not make the American threats valid."
2019666447249834266,ab_ganji,2026-02-06 06:56:19.269000+00:00,"خلبان‌های آمریکایی بابت کمک به رژیم صهیونسیتی علیه ایران مدال گرفتند
ارتش آمریکا به سه خلبان به دلیل کمک به رژیم صهیونسیتی، قدیمی‌ترین جایزه هوانوردی آمریکا را اعطا کرد.

ما هم از نگاه روشنفکران مغز فروخته وطنی آمریکا ستیز هستیم!",0,0,0,https://x.com/ab_ganji/status/2019666447249834266,"خلبان‌های آمریکایی بابت کمک به رژیم صهیونسیتی علیه ایران مدال گرفتند
ارتش آمریکا به سه خلبان به دلیل کمک به رژیم صهیونسیتی، قدیمی‌ترین جایزه هوانوردی آمریکا را اعطا کرد.

ما هم از نگاه روشنفکران مغز فروخته وطنی آمریکا ستیز هستیم!","American pilots won medals for helping the Zionist regime against Iran
The US military awarded three pilots the oldest US aviation award for their support to the Zionist regime.

From the point of view of intellectuals, we are enemies of America!"
2019643983174005003,ab_ganji,2026-02-06 05:27:03.416000+00:00,"FBI (پلیس فدرال آمریکا)می گوید #اپسټین مامور موساد بوده است.

اسناد تازه منتشر شده از سوی FBIابعاد جدیدی از پرونده جفری اپستین، سرمایه‌دار آمریکایی و قاچاقچی جنسی کودکان را فاش کرده است. 

در این سند که مربوط به سال ۲۰۲۰ است و به تازگی منتشر شده تصریح شده که اپستین «رابطه بسیار",0,0,0,https://x.com/ab_ganji/status/2019643983174005003,"FBI (پلیس فدرال آمریکا)می گوید #اپسټین مامور موساد بوده است.

اسناد تازه منتشر شده از سوی FBIابعاد جدیدی از پرونده جفری اپستین، سرمایه‌دار آمریکایی و قاچاقچی جنسی کودکان را فاش کرده است. 

در این سند که مربوط به سال ۲۰۲۰ است و به تازگی منتشر شده تصریح شده که اپستین «رابطه بسیار","The FBI says #Epstein was a Mossad agent.

Newly released documents from the FBI have revealed new dimensions of the case of Jeffrey Epstein, the American financier and child sex trafficker. 

In this document, which dates back to 2020 and was recently published, it is stated that Epstein ""relationship a lot"
2019609726648979702,ab_ganji,2026-02-06 03:10:56.024000+00:00,نظر این خانم برانداز در باره محبوبیت رهبری در اروپا جالبه!,0,0,0,https://x.com/ab_ganji/status/2019609726648979702,نظر این خانم برانداز در باره محبوبیت رهبری در اروپا جالبه!,The opinion of this rebellious lady about the popularity of leadership in Europe is interesting!
2019487793764802950,ab_ganji,2026-02-05 19:06:24.959000+00:00,جمعه مذاکرات شروع می شود پیش بینی شما از فردای مذاکره کدام گزینه است؟,0,0,0,https://x.com/ab_ganji/status/2019487793764802950,جمعه مذاکرات شروع می شود پیش بینی شما از فردای مذاکره کدام گزینه است؟,"Negotiations will start on Friday, which option do you predict tomorrow?"
2019457871067705667,ab_ganji,2026-02-05 17:07:30.832000+00:00,"اگر کسی دشمن قسم خورده جمهوری اسلامی باشد اما با حمله خارجی به کشور مخالف باشد پهلوی چی ها خواهر و مادرش را یکی می کنند!

اگر کسی دشمن قسم خورده جمهوری اسلامی باشد اما بگوید پهلوی را به رسمیت نمی شناسد، خواهر و مادر، عمه و خاله و همسر و...فحش کش رکیک می کنند.

دیکتاتوری فقط تولید",0,0,0,https://x.com/ab_ganji/status/2019457871067705667,"اگر کسی دشمن قسم خورده جمهوری اسلامی باشد اما با حمله خارجی به کشور مخالف باشد پهلوی چی ها خواهر و مادرش را یکی می کنند!

اگر کسی دشمن قسم خورده جمهوری اسلامی باشد اما بگوید پهلوی را به رسمیت نمی شناسد، خواهر و مادر، عمه و خاله و همسر و...فحش کش رکیک می کنند.

دیکتاتوری فقط تولید","If someone is a sworn enemy of the Islamic Republic, but opposes the foreign attack on the country, the Pahlavi Chis will unite his sister and mother!

If someone is a sworn enemy of the Islamic Republic, but says that he does not recognize Pahlavi, his sister, mother, aunt, wife, etc. will insult him.

Dictatorship only production"
2019455537948004391,ab_ganji,2026-02-05 16:58:14.573000+00:00,"وزیر جنگ آمریکا: 
ما مسیحی هستیم وظیفه حفظ این دین را داریم. ملتی که خدای خودش را فراموش کند، عظمت خود را نیز فراموش می‌کند!

ما به همین دلیل۴۵ سال است تحریم می شویم و اخیرا مکان های مقدس  مان با طراحی شما-موساد سوزانده و تخریب می شود!!",0,0,0,https://x.com/ab_ganji/status/2019455537948004391,"وزیر جنگ آمریکا: 
ما مسیحی هستیم وظیفه حفظ این دین را داریم. ملتی که خدای خودش را فراموش کند، عظمت خود را نیز فراموش می‌کند!

ما به همین دلیل۴۵ سال است تحریم می شویم و اخیرا مکان های مقدس  مان با طراحی شما-موساد سوزانده و تخریب می شود!!","US Secretary of War: 
We are Christians, we have the duty to preserve this religion. A nation that forgets its God also forgets its greatness!

For this reason, we have been sanctioned for 45 years and recently our holy places are being burned and destroyed by your design - Mossad!!"
2019441690222698922,ab_ganji,2026-02-05 16:03:13.018000+00:00,"همزمان با تغییر در دکترین دفاعی، از موشک خرمشهر-۴ با برد ۲۰۰۰ کیلومتر، سرجنگی سنگین ۱۵۰۰ کیلوگرمی و دقت اصابت حدود ۳۰ متر که از ستون‌های اصلی بازدارندگی فعال ایران به شمار می‌رود رونمایی شد.مذاکرات یک درصد هم بر آمادگی همه جانبه نیروهای مسلح تاثیر ندارد.
#تجربه",0,0,0,https://x.com/ab_ganji/status/2019441690222698922,"همزمان با تغییر در دکترین دفاعی، از موشک خرمشهر-۴ با برد ۲۰۰۰ کیلومتر، سرجنگی سنگین ۱۵۰۰ کیلوگرمی و دقت اصابت حدود ۳۰ متر که از ستون‌های اصلی بازدارندگی فعال ایران به شمار می‌رود رونمایی شد.مذاکرات یک درصد هم بر آمادگی همه جانبه نیروهای مسلح تاثیر ندارد.
#تجربه","Simultaneously with the change in the defense doctrine, the Khorramshahr-4 missile with a range of 2000 km, a heavy warhead of 1500 kg and a hit accuracy of about 30 meters was unveiled, which is one of the main pillars of Iran's active deterrence. The negotiations do not affect the all-round readiness of the armed forces.
#Experience"
2019436708861735294,ab_ganji,2026-02-05 15:43:25.369000+00:00,"وقتی از یک سو به:.جنگ هشت ساله می نگرم، وقتی به جنگ ١٢ روزه می نگرم، وقتی مقاومت۴۵ ساله مقابل تحریم را می بینم...
و از سوی دیگر وقتی موفقیت کودتای١٣٣٢ را می بینم، جدایی بحرین را می بینم، دو بار اشغال ایران را می بینم...

یک نتیجه می توان گرفت:تنها نیرو و قدرتی که می تواند ایران",0,0,0,https://x.com/ab_ganji/status/2019436708861735294,"وقتی از یک سو به:.جنگ هشت ساله می نگرم، وقتی به جنگ ١٢ روزه می نگرم، وقتی مقاومت۴۵ ساله مقابل تحریم را می بینم...
و از سوی دیگر وقتی موفقیت کودتای١٣٣٢ را می بینم، جدایی بحرین را می بینم، دو بار اشغال ایران را می بینم...

یک نتیجه می توان گرفت:تنها نیرو و قدرتی که می تواند ایران","When I look at the eight-year war, when I look at the 12-day war, when I see the 45-year resistance against sanctions...
And on the other hand, when I see the success of the 1332 coup, I see the secession of Bahrain, I see the occupation of Iran twice...

One conclusion can be drawn: the only force and power that can be Iran"
2019424369064440318,ab_ganji,2026-02-05 14:54:23.332000+00:00,"ترامپ: فکر می‌کنم جایم در بهشت باشد!

فکر کرده بهشت خردونی یا توالت است.",0,0,0,https://x.com/ab_ganji/status/2019424369064440318,"ترامپ: فکر می‌کنم جایم در بهشت باشد!

فکر کرده بهشت خردونی یا توالت است.","Trump: I think my place is in heaven!

He thought that paradise is Khroduni or a toilet."
2019417385699246489,ab_ganji,2026-02-05 14:26:38.368000+00:00,"الجزیره چارچوب توافق آمریکا و ایران پیشنهاد شده توسط ترکیه، قطر و مصر را  منتشر کرد:

ایران موافقت می کند که غنی سازی اورانیوم را به مدت 3 سال به صفر برساند و پس از آن با غنی سازی زیر 1.5 درصد موافقت کند.

ذخایر اورانیوم بسیار غنی شده آن به کشور ثالث منتقل می شود.

ایران موافقت",0,0,0,https://x.com/ab_ganji/status/2019417385699246489,"الجزیره چارچوب توافق آمریکا و ایران پیشنهاد شده توسط ترکیه، قطر و مصر را  منتشر کرد:

ایران موافقت می کند که غنی سازی اورانیوم را به مدت 3 سال به صفر برساند و پس از آن با غنی سازی زیر 1.5 درصد موافقت کند.

ذخایر اورانیوم بسیار غنی شده آن به کشور ثالث منتقل می شود.

ایران موافقت","Al Jazeera published the framework of the US-Iran agreement proposed by Turkey, Qatar and Egypt:

Iran agrees to reduce uranium enrichment to zero for 3 years and then agree to enrich below 1.5%.

Its highly enriched uranium reserves are transferred to a third country.

Iran agrees"
2019403576779415990,ab_ganji,2026-02-05 13:31:46.065000+00:00,"چرا از ابر بمب خبر ی و ابر فاجعه ضد اخلاقی و جنسی غرب در #موساد_اینترنشنال چیزی نمی شنوید؟ مگر رسانه نیست؟ 
#اپستین_گیت",0,0,0,https://x.com/ab_ganji/status/2019403576779415990,"چرا از ابر بمب خبر ی و ابر فاجعه ضد اخلاقی و جنسی غرب در #موساد_اینترنشنال چیزی نمی شنوید؟ مگر رسانه نیست؟ 
#اپستین_گیت","Why don't you hear anything about the news bomb and the immoral and sexual disaster of the West in #Mossad_International? Isn't it the media? 
#Epstein_Gate"
2019300741870236106,ab_ganji,2026-02-05 06:43:08.312000+00:00,"این که رئیس ستاد کل نیروهای مسلح می گوید دکترین دفاعی تغییر یافته یعنی چه؟ 

-دکترین دفاعی ایران٢٨٧ سال دفاعی است.
-دکترین صهیونیست ها:دفاع در عمق
-دکترین روس‌ها:جنگ پیش دستانه
-دکترین آمریکا:جنگ پيش دستانه
-دکترین چین:دفاعی
دکترین ایران همچنان دفاعی است آنچه اضافه شده است، علاوه",0,0,0,https://x.com/ab_ganji/status/2019300741870236106,"این که رئیس ستاد کل نیروهای مسلح می گوید دکترین دفاعی تغییر یافته یعنی چه؟ 

-دکترین دفاعی ایران٢٨٧ سال دفاعی است.
-دکترین صهیونیست ها:دفاع در عمق
-دکترین روس‌ها:جنگ پیش دستانه
-دکترین آمریکا:جنگ پيش دستانه
-دکترین چین:دفاعی
دکترین ایران همچنان دفاعی است آنچه اضافه شده است، علاوه","What does the Chief of General Staff of the Armed Forces say that the defense doctrine has changed? 

Iran's defense doctrine is 287 years of defense.
Zionist doctrine: defense in depth
- Doctrine of the Russians: hand-to-hand war
- American doctrine: preemptive war
- Chinese doctrine: defense
Iran's doctrine is still defensive, what has been added, in addition"
2019283740246307059,ab_ganji,2026-02-05 05:35:34.809000+00:00,"ترامپ:
""That country is a mess because of us.""
""اون کشور (ایران) به خاطر ما به آشوب کشیده شده.""

عده ای کور عمدی در ایران داریم مسئولیتشان تبرئه دشمن است",0,0,0,https://x.com/ab_ganji/status/2019283740246307059,"ترامپ:
""That country is a mess because of us.""
""اون کشور (ایران) به خاطر ما به آشوب کشیده شده.""

عده ای کور عمدی در ایران داریم مسئولیتشان تبرئه دشمن است","Trump:
""That country is a mess because of us.""
""That country (Iran) is in turmoil because of us.""

We have some willfully blind people in Iran, their responsibility is to exonerate the enemy"
2019251330221854878,ab_ganji,2026-02-05 03:26:47.657000+00:00,"رسانه‌ی عبری اورشلیم:گفتیم نخواهیم گذاشت مذاکرات انجام شود، برای جنگ آماده شوید.

اما تا الان قطعی است که ده صبح جمعه در مسقط برگزار می شود.",0,0,0,https://x.com/ab_ganji/status/2019251330221854878,"رسانه‌ی عبری اورشلیم:گفتیم نخواهیم گذاشت مذاکرات انجام شود، برای جنگ آماده شوید.

اما تا الان قطعی است که ده صبح جمعه در مسقط برگزار می شود.","Jerusalem Hebrew Media: We said we will not let the negotiations take place, prepare for war.

But so far it is certain that it will be held on Friday morning in Muscat."
2019116759513718821,ab_ganji,2026-02-04 18:32:03.500000+00:00,"در مذاکرات قبل جنگ و پس از دور اول ویتکاف رسما گفت:ایران می تواند غنی سازی ٣/۶٧ داشته باشد.رهبری هم بعد دور اول گفت:تا اینجا خوب بود.
دور دوم صهیونیست ها ریل را عوض و بن‌بست شد.

حالا هم چارچوب اولیه توافق اما ویتکاف دیروز به سرزمین‌های اشغالی فلسطین رفت و موشکی و منطقه‌ای را",0,0,0,https://x.com/ab_ganji/status/2019116759513718821,"در مذاکرات قبل جنگ و پس از دور اول ویتکاف رسما گفت:ایران می تواند غنی سازی ٣/۶٧ داشته باشد.رهبری هم بعد دور اول گفت:تا اینجا خوب بود.
دور دوم صهیونیست ها ریل را عوض و بن‌بست شد.

حالا هم چارچوب اولیه توافق اما ویتکاف دیروز به سرزمین‌های اشغالی فلسطین رفت و موشکی و منطقه‌ای را","In the negotiations before the war and after the first round, Wittkauf officially said: Iran can enrich 3.67. Rahbari also said after the first round: So far so good.
The second round of the Zionists changed the rails and led to a dead end.

Now, the initial framework of the agreement, but Witkoff went to the occupied territories of Palestine yesterday and the missile and regional"
2019104750323790123,ab_ganji,2026-02-04 17:44:20.286000+00:00,"سه هفته از سه شنبه گذشت و خبری نشد!
شاه هم دیگه کفن نمی شود به آفتاب‌پرست پول می دهد.بدون کفن هم باشد حل است.",0,0,0,https://x.com/ab_ganji/status/2019104750323790123,"سه هفته از سه شنبه گذشت و خبری نشد!
شاه هم دیگه کفن نمی شود به آفتاب‌پرست پول می دهد.بدون کفن هم باشد حل است.","Three weeks passed from Tuesday and there was no news!
The king is no longer shrouded, he gives money to the chameleon. Even without a shroud, it is a solution."
2019079285009428824,ab_ganji,2026-02-04 16:03:08.882000+00:00,"به نتیجه مذاکرات آتی خوش بین نیستم.اما باید وارد مذاکره شد.
خطوط قرمز ایران و آمریکا (بخوانید صهیونیست ها)آرایش تقابلی حداکثری دارد.ضمن اینکه معتقدیم هسته ای و موشکی کلا بهانه است.
مذاکره پیشین لازم بود.چون در جنگ١٢ روزه موجب انسجام شد و کسی نمی توانست بگوید:""خب طبیعی است وقتی",0,0,0,https://x.com/ab_ganji/status/2019079285009428824,"به نتیجه مذاکرات آتی خوش بین نیستم.اما باید وارد مذاکره شد.
خطوط قرمز ایران و آمریکا (بخوانید صهیونیست ها)آرایش تقابلی حداکثری دارد.ضمن اینکه معتقدیم هسته ای و موشکی کلا بهانه است.
مذاکره پیشین لازم بود.چون در جنگ١٢ روزه موجب انسجام شد و کسی نمی توانست بگوید:""خب طبیعی است وقتی","I am not optimistic about the outcome of future negotiations, but we must enter into negotiations.
The red lines of Iran and the United States (read Zionists) have a maximum confrontational makeup. Besides, we believe that nuclear and missile attacks are totally an excuse.
The previous negotiation was necessary because during the 12-day war, it brought unity and no one could say: ""Well, it is natural when"
2019067467499266333,ab_ganji,2026-02-04 15:16:11.368000+00:00,"عرب پرست، اون هم از نوع سوپر-اروپایی!.
می گوید من هند جگر خوار هستم.خیلی هم عالی!نوع بدخیم عرب پرستی است(مادر معاویه).ما در مقابل این جماعت به حمزه بودن افتخار می کنیم.",0,0,0,https://x.com/ab_ganji/status/2019067467499266333,"عرب پرست، اون هم از نوع سوپر-اروپایی!.
می گوید من هند جگر خوار هستم.خیلی هم عالی!نوع بدخیم عرب پرستی است(مادر معاویه).ما در مقابل این جماعت به حمزه بودن افتخار می کنیم.","Arab worshiper, that too of the super-European type!
He says, ""I am a liver-eating India. It's great! It's a malignant type of Arabism."""
2018948647140962731,ab_ganji,2026-02-04 07:24:02.387000+00:00,"اسرائیل هیوم:ترامپ از خواسته‌هایش عقب‌نشینی نمی‌کند؛ هدف از مذاکره کسب مشروعیت برای اقدام نظامی علیه ایران است!

توجیه جنگ علت مذاکره است.حرف درستی است.دوگانه تسلیم -جنگ",0,0,0,https://x.com/ab_ganji/status/2018948647140962731,"اسرائیل هیوم:ترامپ از خواسته‌هایش عقب‌نشینی نمی‌کند؛ هدف از مذاکره کسب مشروعیت برای اقدام نظامی علیه ایران است!

توجیه جنگ علت مذاکره است.حرف درستی است.دوگانه تسلیم -جنگ","Israel Hume: Trump does not back down from his demands; The purpose of the negotiation is to gain legitimacy for military action against Iran!

The justification of war is the reason for negotiation. It is the right word. Double submission - war"
2018945324878823632,ab_ganji,2026-02-04 07:10:50.298000+00:00,این خبر و تحلیل خانم کوهنورد از جنگ منطقه ای و تلقی محور مقاومت از جنگ وجودی شیعیان قابل تامل است.,0,0,0,https://x.com/ab_ganji/status/2018945324878823632,این خبر و تحلیل خانم کوهنورد از جنگ منطقه ای و تلقی محور مقاومت از جنگ وجودی شیعیان قابل تامل است.,This news and the analysis of Ms. Kohnoord about the regional war and the perception of the resistance axis about the existential war of the Shiites are worth considering.
2018941207205064888,ab_ganji,2026-02-04 06:54:28.568000+00:00,منزل مادر هم اکنون ساعت١٠:٢٢,0,0,0,https://x.com/ab_ganji/status/2018941207205064888,منزل مادر هم اکنون ساعت١٠:٢٢,Mother's house now at 10:22
2018925220002935049,ab_ganji,2026-02-04 05:50:56.922000+00:00,"اگر راز دشمنی همه جانبه غرب با ایران امروز موشک و هسته ای و منطقه ای است، قبل از این سه، مشکل چه بود؟ 

امام روشن ضمیر ما به درستی نقطه کانونی مساله را نشان می دهد که موضوع ""وجود""است نه ""حدود"":

من قبلاً نیز گفته‌ام همه‌ی توطئه‌های جهان‌خواران علیه ما از جنگ تحمیلی گرفته تا حصر",0,0,0,https://x.com/ab_ganji/status/2018925220002935049,"اگر راز دشمنی همه جانبه غرب با ایران امروز موشک و هسته ای و منطقه ای است، قبل از این سه، مشکل چه بود؟ 

امام روشن ضمیر ما به درستی نقطه کانونی مساله را نشان می دهد که موضوع ""وجود""است نه ""حدود"":

من قبلاً نیز گفته‌ام همه‌ی توطئه‌های جهان‌خواران علیه ما از جنگ تحمیلی گرفته تا حصر","If the secret of the West's all-out enmity with Iran today is missile, nuclear and regional, what was the problem before these three? 

Imam Roshan Zamir correctly shows the focal point of the issue that the issue is ""existence"" and not ""boundaries"":

I have already said all the conspiracies of the world-eaters against us, from imposed war to confinement."
2018757937586487746,ab_ganji,2026-02-03 18:46:13.686000+00:00,"این تصویر دنیایی از معناست که نزدیکترین معنای آن قطب بندی استکبار -استضعاف.
فقر-غنا
#پابرهنگان
#یمن",0,0,0,https://x.com/ab_ganji/status/2018757937586487746,"این تصویر دنیایی از معناست که نزدیکترین معنای آن قطب بندی استکبار -استضعاف.
فقر-غنا
#پابرهنگان
#یمن","This image is a world of meaning, the closest meaning of which is the polarization of arrogance-submissiveness.
poverty-richness
#Babarhangan
#Yemen"
2018740008534827022,ab_ganji,2026-02-03 17:34:59.067000+00:00,"بلومبرگ:
واشنگتن به مقامات عراقی اطلاع داده که در صورت انتصاب نوری المالکی به عنوان نخست‌وزیر، دسترسی بغداد به درآمدهای صادرات نفت کاهش خواهد یافت.

واقعا حیرت آور است.آمریکا کشورها را برای نبود دمکراسی تحریم و سرنگون (عراق پیشین) می کند. خودش هم مدعی پرچمداری دمکراسی در جهان است",0,0,0,https://x.com/ab_ganji/status/2018740008534827022,"بلومبرگ:
واشنگتن به مقامات عراقی اطلاع داده که در صورت انتصاب نوری المالکی به عنوان نخست‌وزیر، دسترسی بغداد به درآمدهای صادرات نفت کاهش خواهد یافت.

واقعا حیرت آور است.آمریکا کشورها را برای نبود دمکراسی تحریم و سرنگون (عراق پیشین) می کند. خودش هم مدعی پرچمداری دمکراسی در جهان است","Bloomberg:
Washington has informed the Iraqi authorities that if Nouri al-Maliki is appointed as the prime minister, Baghdad's access to oil export revenues will decrease.

It is really surprising. America sanctions and overthrows countries (former Iraq) for lack of democracy. He claims to be the flag bearer of democracy in the world"
2018733006983209323,ab_ganji,2026-02-03 17:07:09.767000+00:00,"به این پدیده دو رویه توجه کردید؟

عده ای وقتی می خواهند جمهوری اسلامی را تصویر کنند تا پنجاه صفت و ویژگی زشت برایش ردیف می کنند به صورتی که هیچ نقطه ای سفید در آن وجود ندارد مانند:
مسولین فاسد، سرکوب گر،فقر، فحشا، دزد، رانتی، اهل تبعیض، جنگ با جهان، غیردمکراتیک، ضد مردمی، نابودگر",0,0,0,https://x.com/ab_ganji/status/2018733006983209323,"به این پدیده دو رویه توجه کردید؟

عده ای وقتی می خواهند جمهوری اسلامی را تصویر کنند تا پنجاه صفت و ویژگی زشت برایش ردیف می کنند به صورتی که هیچ نقطه ای سفید در آن وجود ندارد مانند:
مسولین فاسد، سرکوب گر،فقر، فحشا، دزد، رانتی، اهل تبعیض، جنگ با جهان، غیردمکراتیک، ضد مردمی، نابودگر","Did you pay attention to this two-step phenomenon?

When some people want to portray the Islamic Republic, they list up to fifty ugly attributes and characteristics for it, so that there is no white spot in it, such as:
Corrupt officials, repressive, poverty, prostitution, thieves, rentiers, people of discrimination, war with the world, undemocratic, anti-people, exterminators."
2018725634185273693,ab_ganji,2026-02-03 16:37:51.955000+00:00,"گلوبال آپدیت : آمریکا اولین کشوری است که یک جزیره کامل برای آزار جنسی به کودکان اختصاص داده است.
#حقوق_بشر_آمریکایی",0,0,0,https://x.com/ab_ganji/status/2018725634185273693,"گلوبال آپدیت : آمریکا اولین کشوری است که یک جزیره کامل برای آزار جنسی به کودکان اختصاص داده است.
#حقوق_بشر_آمریکایی","Global Update: America is the first country to dedicate an entire island to child sexual abuse.
#American_human_rights"
2018629586351731089,ab_ganji,2026-02-03 10:16:12.367000+00:00,بابا زودتر پرده برداری می کردی ما فکر کردی دلسوز کشور و مردمی و نقد تند می کنی.دیکه تموم شدی، عالی شد.پهلوی الان یعنی موساد و تو اکنون  مدافع برنامه های موساد هستی.من قبلا اینجا نوشتم شما اشتباه می کنی اما وابسته نیستی.بابت این بد فهمی  عذرخواهی می کنم.رو آمدی و گور خود را,0,0,0,https://x.com/ab_ganji/status/2018629586351731089,بابا زودتر پرده برداری می کردی ما فکر کردی دلسوز کشور و مردمی و نقد تند می کنی.دیکه تموم شدی، عالی شد.پهلوی الان یعنی موساد و تو اکنون  مدافع برنامه های موساد هستی.من قبلا اینجا نوشتم شما اشتباه می کنی اما وابسته نیستی.بابت این بد فهمی  عذرخواهی می کنم.رو آمدی و گور خود را,"Dad, you would have exposed it sooner, we thought you were sympathetic to the country and the people, and you were criticizing harshly. You are done, it was great. Pahlavi now means Mossad and you are now the defender of Mossad programs. I wrote here before that you are wrong, but you are not affiliated. I apologize for this misunderstanding. Go ahead and go to your grave."
2018245474474442905,ab_ganji,2026-02-02 08:49:52.959000+00:00,"مجری پر کینه و معلوم الحال #موساد_اینترنشنال می گوید:
""این شعار کثیف حیدر حیدر""
حیدر،حیدر سوزنده و بسیج گر است.اما 
حرف او مهم نیست. غرض اینکه درگیر شده با عقاید و باور های دینی مردم از کف خیابان مثل مسجد، امامزاده و قرآن تا رسانه یک خط به هم پیوسته است که پشت طراحی و سیاست گذاری",0,0,0,https://x.com/ab_ganji/status/2018245474474442905,"مجری پر کینه و معلوم الحال #موساد_اینترنشنال می گوید:
""این شعار کثیف حیدر حیدر""
حیدر،حیدر سوزنده و بسیج گر است.اما 
حرف او مهم نیست. غرض اینکه درگیر شده با عقاید و باور های دینی مردم از کف خیابان مثل مسجد، امامزاده و قرآن تا رسانه یک خط به هم پیوسته است که پشت طراحی و سیاست گذاری","The vengeful and known leader of #Mossad_International says:
""This dirty slogan of Haider Haider""
Haider, Haider is burning and mobilizing. But 
His words are not important. The purpose is that it is involved with the religious ideas and beliefs of the people from the floor of the street such as the mosque, imamzadeh and the Quran to the media."
2018195065751949675,ab_ganji,2026-02-02 05:29:34.583000+00:00,جکسون هینکل : افرادی که از این مرد متنفرند، همگی در پرونده‌های #اپستین هستند!,0,0,0,https://x.com/ab_ganji/status/2018195065751949675,جکسون هینکل : افرادی که از این مرد متنفرند، همگی در پرونده‌های #اپستین هستند!,Jackson Hinkle: The people who hate this man are all in the #Epstein files!
2018157286997344659,ab_ganji,2026-02-02 02:59:27.426000+00:00,"پامپئو رئیس اسبق سیا و وزیر خارجه قبلی ترامپ :
آمریکا هرکاری توانست برای معترضین در ایران انجام داد.

اما برخی تصویرشان صرفا #مردم_معترض است!",0,0,0,https://x.com/ab_ganji/status/2018157286997344659,"پامپئو رئیس اسبق سیا و وزیر خارجه قبلی ترامپ :
آمریکا هرکاری توانست برای معترضین در ایران انجام داد.

اما برخی تصویرشان صرفا #مردم_معترض است!","Pompeo, the former head of the CIA and Trump's former secretary of state:
America did everything it could for the protesters in Iran.

But some of their pictures are just protesting people!"
2018049781504053310,ab_ganji,2026-02-01 19:52:16.119000+00:00,"الجزیره: 
ارائه آمارهای «بدون سند» اپوزیسیون ایران از تعداد کشته‌شدگان با هدف ایجاد اعتراضات داخلی، 
زمینه‌سازی مداخله خارجی 
و کم‌اهمیت جلوه‌دادن نسل‌کشی اسرائیل در غزه انجام شد.

از زمان شروع اعتراضات در ایران، مسابقه‌ای برای تخمین تعداد تلفات به راه افتاده که می‌توان آن را",0,0,0,https://x.com/ab_ganji/status/2018049781504053310,"الجزیره: 
ارائه آمارهای «بدون سند» اپوزیسیون ایران از تعداد کشته‌شدگان با هدف ایجاد اعتراضات داخلی، 
زمینه‌سازی مداخله خارجی 
و کم‌اهمیت جلوه‌دادن نسل‌کشی اسرائیل در غزه انجام شد.

از زمان شروع اعتراضات در ایران، مسابقه‌ای برای تخمین تعداد تلفات به راه افتاده که می‌توان آن را","Al Jazeera: 
Presenting ""undocumented"" statistics of the Iranian opposition on the number of people killed with the aim of creating internal protests. 
Contextualization of foreign intervention 
And downplaying the Israeli genocide in Gaza was done.

Since the beginning of the protests in Iran, there has been a competition to estimate the number of casualties that can be estimated"
2018039289066541195,ab_ganji,2026-02-01 19:10:34.527000+00:00,"پیام اینفلوئنسر معروف آمریکایی:

آمریکا رو آزاد کن خامنه ای...",0,0,0,https://x.com/ab_ganji/status/2018039289066541195,"پیام اینفلوئنسر معروف آمریکایی:

آمریکا رو آزاد کن خامنه ای...","The message of the famous American influencer:

Free America, Khamenei..."
2017976194415882667,ab_ganji,2026-02-01 14:59:51.590000+00:00,"اعلام اسامی شهدا و جانباختگان اخیر ابتکار و رو دست کم نظیری بود که همزمان دو کار سلبی و ایجابی را در خود دارد.
#اعتماد_سازی
#اعتبار_زدایی
مغازه ذغال فروشی چهارراه رسوایی را به علی اصغر، علی حسین، پوریا، مراد و دیگر سربازان هم‌تراز موساد معرفی کرد.",0,0,0,https://x.com/ab_ganji/status/2017976194415882667,"اعلام اسامی شهدا و جانباختگان اخیر ابتکار و رو دست کم نظیری بود که همزمان دو کار سلبی و ایجابی را در خود دارد.
#اعتماد_سازی
#اعتبار_زدایی
مغازه ذغال فروشی چهارراه رسوایی را به علی اصغر، علی حسین، پوریا، مراد و دیگر سربازان هم‌تراز موساد معرفی کرد.","The announcement of the names of the martyrs and the recent dead was a unique initiative, to say the least, which has two positive and negative actions at the same time.
#trust_building
#Devalidation
The charcoal shop at Chaharrah introduced scandal to Ali Asghar, Ali Hossein, Pouria, Murad and other Mossad soldiers."
2017908193922277621,ab_ganji,2026-02-01 10:29:39.009000+00:00,"یکی از توانمندی‌های امام که در بعد رهبری تئوریک و ایدولوگ انقلاب اسلامی محسوب می شود تولید مفاهیم و ادبیات جدید برای مرز بندی با اندیشه های موجود بود.مانند:
جهانخواران 
استکبار به جای امپریالیسم 
مستضعفین 
کوخ نشینان
پابرهنگان 
اسلام ناب محمدی 
مرفهین بی درد
زالو صفتان
نه شرقی و",0,0,0,https://x.com/ab_ganji/status/2017908193922277621,"یکی از توانمندی‌های امام که در بعد رهبری تئوریک و ایدولوگ انقلاب اسلامی محسوب می شود تولید مفاهیم و ادبیات جدید برای مرز بندی با اندیشه های موجود بود.مانند:
جهانخواران 
استکبار به جای امپریالیسم 
مستضعفین 
کوخ نشینان
پابرهنگان 
اسلام ناب محمدی 
مرفهین بی درد
زالو صفتان
نه شرقی و","One of the capabilities of Imam, who is considered as the theoretical leader and ideologist of the Islamic Revolution, was to produce new concepts and literature to demarcate existing ideas. Such as:
world eaters 
Arrogance instead of imperialism 
the underprivileged 
Mountain dwellers
barefoot 
Pure Mohammedan Islam 
Prosperous without pain
leeches adjectives
Not Eastern and"
2017875978073129069,ab_ganji,2026-02-01 08:21:38.152000+00:00,رهبر معظم انقلاب : آمریکایی ها بدانند اگر جنگی راه بیندازند این بار جنگ منطقه ای خواهد بود.,0,0,0,https://x.com/ab_ganji/status/2017875978073129069,رهبر معظم انقلاب : آمریکایی ها بدانند اگر جنگی راه بیندازند این بار جنگ منطقه ای خواهد بود.,"Supreme Leader of the Revolution: Americans should know that if they start a war, this time it will be a regional war."
2017845976283644133,ab_ganji,2026-02-01 06:22:25.168000+00:00,"نماینده ویژه آمریکا در عراق برکنار شد.
علت:بی عرضگی در پیشگیری از نخست وزیری نوی المالکی.
آمریکا در عراق سلاح و سرباز دارد، قدرت نرم ندارد.",0,0,0,https://x.com/ab_ganji/status/2017845976283644133,"نماینده ویژه آمریکا در عراق برکنار شد.
علت:بی عرضگی در پیشگیری از نخست وزیری نوی المالکی.
آمریکا در عراق سلاح و سرباز دارد، قدرت نرم ندارد.","The US special representative in Iraq was dismissed.
Reason: Reluctance in preventing the prime ministership of Novi al-Maliki.
America has weapons and soldiers in Iraq, it does not have soft power."
2017844222921957465,ab_ganji,2026-02-01 06:15:27.134000+00:00,"...و امام آمد.
فیلسوف، عارف، سیاستمدار، فقیه، مرجع، اخلاق محور، متوکل، دور از زخارف دنیا...

ایران را از حلقوم جهانخواران بیرون کشید و وارد معادلات اصلی جهان معاصر کرد.
در مسیرش نه باج داد و نه خواهش کرد.
با استقبال چند میلونی آمد و با بزرگترین بدرقه تاریخ (١١میلیون به اعتراف بی",0,0,0,https://x.com/ab_ganji/status/2017844222921957465,"...و امام آمد.
فیلسوف، عارف، سیاستمدار، فقیه، مرجع، اخلاق محور، متوکل، دور از زخارف دنیا...

ایران را از حلقوم جهانخواران بیرون کشید و وارد معادلات اصلی جهان معاصر کرد.
در مسیرش نه باج داد و نه خواهش کرد.
با استقبال چند میلونی آمد و با بزرگترین بدرقه تاریخ (١١میلیون به اعتراف بی","...and the Imam came.
Philosopher, mystic, politician, jurist, authority, ethical, trustworthy, away from worldly decorations...

He pulled Iran out of the throat of the world-eaters and brought it into the main equations of the contemporary world.
He neither paid nor begged on his way.
He came with a welcome of several million and with the biggest farewell in history (11 million according to B"
2017679291580899352,ab_ganji,2026-01-31 19:20:04.438000+00:00,"سرمقاله روزنامه جوان با عنوان ""نیت راهبردی پارادایم خواهان""",0,0,0,https://x.com/ab_ganji/status/2017679291580899352,"سرمقاله روزنامه جوان با عنوان ""نیت راهبردی پارادایم خواهان""","The editorial of Jovan newspaper with the title ""Strategic intention of the paradigm of the demander"""
2017652742194393276,ab_ganji,2026-01-31 17:34:34.571000+00:00,"همه اش احساس می کنم زمان امام زندگی می کنیم.حرف های به روز را ببینید تازه اون روز نه موشک داشتیم نه هسته ای و نه منطقه ای.پس مشکل چی بود؟:

هم اکنون اگر امریکا یک کشور اسلامی را به بهانه حفظ منافع خویش با خاک یکسان کند، چه کسی جلوی او را خواهد گرفت؟ پس راهی جز مبارزه نمانده است،",0,0,0,https://x.com/ab_ganji/status/2017652742194393276,"همه اش احساس می کنم زمان امام زندگی می کنیم.حرف های به روز را ببینید تازه اون روز نه موشک داشتیم نه هسته ای و نه منطقه ای.پس مشکل چی بود؟:

هم اکنون اگر امریکا یک کشور اسلامی را به بهانه حفظ منافع خویش با خاک یکسان کند، چه کسی جلوی او را خواهد گرفت؟ پس راهی جز مبارزه نمانده است،","I feel that we are living in the time of the Imam. Look at the latest news. Just that day, we had neither nuclear nor regional missiles. So what was the problem?:

Now, if America razes an Islamic country to the ground under the pretext of protecting its interests, who will stop it? So there is no other way but to fight."
2017644140909981848,ab_ganji,2026-01-31 17:00:23.865000+00:00,"روزنامه وال استریت ژورنال :

منابع مطلع از درون دولت آمریکا می‌گویند ترامپ از دستیاران خود خواسته که گزینه‌هایی برای حمله سریع و قاطع به ایران ارائه دهند. ولی چالش در اینجا طراحی عملیاتی است که بتواند ضمن دستیابی به اهداف بزرگ، در سطح یک اقدام محدود نظامی باقی بماند و منجر به یک",0,0,0,https://x.com/ab_ganji/status/2017644140909981848,"روزنامه وال استریت ژورنال :

منابع مطلع از درون دولت آمریکا می‌گویند ترامپ از دستیاران خود خواسته که گزینه‌هایی برای حمله سریع و قاطع به ایران ارائه دهند. ولی چالش در اینجا طراحی عملیاتی است که بتواند ضمن دستیابی به اهداف بزرگ، در سطح یک اقدام محدود نظامی باقی بماند و منجر به یک","The Wall Street Journal:

Informed sources within the US government say that Trump asked his aides to provide options for a quick and decisive attack on Iran. But the challenge here is to design an operation that can achieve great goals while remaining at the level of a limited military action and leading to a"
2017619245194965131,ab_ganji,2026-01-31 15:21:28.264000+00:00,"هو الذی انزل السکینة فی قلوب المؤمنین لیزدادوا‌ایمـنـا مع‌ایمـنهم ولله جنود السمـوت والارض وکان الله علیما حکیما. 

او کسی است که آرامش را در دلهای مؤمنان نازل کرد تا ایمانی بر ایمانشان بیفزایند؛ لشکریان آسمانها و زمین از آن خداست، و خداوند دانا و حکیم است. فتح/۴٨",0,0,0,https://x.com/ab_ganji/status/2017619245194965131,"هو الذی انزل السکینة فی قلوب المؤمنین لیزدادوا‌ایمـنـا مع‌ایمـنهم ولله جنود السمـوت والارض وکان الله علیما حکیما. 

او کسی است که آرامش را در دلهای مؤمنان نازل کرد تا ایمانی بر ایمانشان بیفزایند؛ لشکریان آسمانها و زمین از آن خداست، و خداوند دانا و حکیم است. فتح/۴٨","He who sent down Al-Sakina in the hearts of the believers, protect us and protect us, and God is the army of the heavens and the earth, and God is the All-Wise. 

He is the one who sent down peace in the hearts of the believers so that they could increase their faith. The hosts of the heavens and the earth belong to God, and God is All-Knowing and All-Wise. Fatah/48"
2017591831307886872,ab_ganji,2026-01-31 13:32:32.284000+00:00,"فکر می کنید علت حمله احتمالی آمریکا به ایران برای چیست؟ 
ایران کدام معاهده بین المللی -که خود غربی ها تولید کرده اند-را نقض کرده است؟ بمب اتم ساخته؟ 
٢٨٧ سال است ما به هیچ کشوری حمله نکردیم.
علت این زمانی، فقط مبتنی بر روانشناسی صهیونیست ها و جناح جنگ طلب آمریکا از ترامپ است.
با",0,0,0,https://x.com/ab_ganji/status/2017591831307886872,"فکر می کنید علت حمله احتمالی آمریکا به ایران برای چیست؟ 
ایران کدام معاهده بین المللی -که خود غربی ها تولید کرده اند-را نقض کرده است؟ بمب اتم ساخته؟ 
٢٨٧ سال است ما به هیچ کشوری حمله نکردیم.
علت این زمانی، فقط مبتنی بر روانشناسی صهیونیست ها و جناح جنگ طلب آمریکا از ترامپ است.
با","What do you think is the reason for possible US attack on Iran? 
Iran has violated which international treaty - which the westerners themselves have produced? Did you make an atomic bomb? 
We have not attacked any country for 287 years.
The reason for this time is only based on the psychology of the Zionists and the warmongering faction of America against Trump.
with"
2017563728800006303,ab_ganji,2026-01-31 11:40:52.124000+00:00,"برخی فکر می کنند وقتی صحبت از لیدر یا سرپل اغتشاش می شود، منظور همان کسی است که در تصویر کوکتِل مولوتُف می اندازد یا ماشین را آتش می زند یا با تبر دست قطع می کند یا سر می شکافد یا مسلح وسط خیابان ایستاده و شلیک می کند.بله او مجرم است.

اما این فهم خصوصا برای قاضی و سیستم امنیتی",0,0,0,https://x.com/ab_ganji/status/2017563728800006303,"برخی فکر می کنند وقتی صحبت از لیدر یا سرپل اغتشاش می شود، منظور همان کسی است که در تصویر کوکتِل مولوتُف می اندازد یا ماشین را آتش می زند یا با تبر دست قطع می کند یا سر می شکافد یا مسلح وسط خیابان ایستاده و شلیک می کند.بله او مجرم است.

اما این فهم خصوصا برای قاضی و سیستم امنیتی","Some people think that when we talk about the leader or leader of the riot, we mean the one who throws Molotov cocktails, or sets fire to a car, or cuts off a hand with an ax, or cuts a head, or stands in the middle of the street and shoots. Yes, he is a criminal.

But this understanding is especially for the judge and the security system"
2017508800941449278,ab_ganji,2026-01-31 08:02:36.302000+00:00,"وزیر امورخارجه: ارتش‌های اروپایی را تروریستی اعلام خواهیم کرد.

در منطق کاملا درست اما قانون جنگل به داروغه بودن غرب رای داده است.

منطق تروریستی :طبق اسناد آشکار ١۶ کشور اروپایی سلاح صهیونیست ها در کشتار٧١ هزار غزه ای را تامین کرده اند.
اما خیلی شیک پرچمدار حقوق بشر هستند.
هیچ",0,0,0,https://x.com/ab_ganji/status/2017508800941449278,"وزیر امورخارجه: ارتش‌های اروپایی را تروریستی اعلام خواهیم کرد.

در منطق کاملا درست اما قانون جنگل به داروغه بودن غرب رای داده است.

منطق تروریستی :طبق اسناد آشکار ١۶ کشور اروپایی سلاح صهیونیست ها در کشتار٧١ هزار غزه ای را تامین کرده اند.
اما خیلی شیک پرچمدار حقوق بشر هستند.
هیچ","Minister of Foreign Affairs: We will declare European armies as terrorists.

In a completely correct logic, but the law of the jungle has voted for the West to be a fraud.

Terrorist logic: According to open documents, 16 European countries have provided weapons to the Zionists in the massacre of 71,000 Gazans.
But they are very stylish flag bearers of human rights.
nothing"
2017478908141011299,ab_ganji,2026-01-31 06:03:49.303000+00:00,"با همه وجود به این جمله سید حسن خمینی که امروز بیان کردند اعتقاد دارم و درست می دانم :

قدرت نرم جمهوری اسلامی اتفاقا آن کسانی هستند که کمترین انتفاع را از آن برده اند.",0,0,0,https://x.com/ab_ganji/status/2017478908141011299,"با همه وجود به این جمله سید حسن خمینی که امروز بیان کردند اعتقاد دارم و درست می دانم :

قدرت نرم جمهوری اسلامی اتفاقا آن کسانی هستند که کمترین انتفاع را از آن برده اند.","However, I believe in this saying of Seyyed Hassan Khomeini, which he said today, and I know it to be true:

The soft power of the Islamic Republic happens to be those who have benefited the least from it."
2017471948284977262,ab_ganji,2026-01-31 05:36:09.944000+00:00,"-اگر محمد رضا پهلوی ده درصد ملت ایران را با خود داشت(سه میلیون و سیصد هزار)هنوز اینجا بودند.

-اگر در تهران۴/۵ میلیونی صد هزار نفر داشت امام نمی توانست وارد مهرآباد شود و لازم نبود تانک و نفربر وارد خیابان ها کند.
-اگر مردم با پهلوی اول بودند لااقل ده هزار نفر می آمدند جلوی",0,0,0,https://x.com/ab_ganji/status/2017471948284977262,"-اگر محمد رضا پهلوی ده درصد ملت ایران را با خود داشت(سه میلیون و سیصد هزار)هنوز اینجا بودند.

-اگر در تهران۴/۵ میلیونی صد هزار نفر داشت امام نمی توانست وارد مهرآباد شود و لازم نبود تانک و نفربر وارد خیابان ها کند.
-اگر مردم با پهلوی اول بودند لااقل ده هزار نفر می آمدند جلوی","- If Mohammad Reza Pahlavi had ten percent of the Iranian nation with him (three million three hundred thousand), they would still be here.

- If there were 100,000 people in Tehran with a population of 4.5 million, Imam could not have entered Mehrabad and there was no need to bring tanks and personnel carriers into the streets.
- If the people were on the first side, at least ten thousand people would have come forward"
2017270596707504426,ab_ganji,2026-01-30 16:16:03.987000+00:00,"منصفانه!تفاوت پهلوی با میرحسین در چیست؟ 
پاسخ :روش پایان جمهوری اسلامی 

تفاوت:هویت موسوی از امام است 
پهلوی دشمن امام است

در خوانش از جمهوری اسلامی هر دو استبداد و روش گذار دمکراتیک 

تمایز:موسوی مخالف دخالت خارجی

شباهت تاکتیکی:به میدان آمدن بعد از جنگ دشمن خارجی و مقصر سازی",0,0,0,https://x.com/ab_ganji/status/2017270596707504426,"منصفانه!تفاوت پهلوی با میرحسین در چیست؟ 
پاسخ :روش پایان جمهوری اسلامی 

تفاوت:هویت موسوی از امام است 
پهلوی دشمن امام است

در خوانش از جمهوری اسلامی هر دو استبداد و روش گذار دمکراتیک 

تمایز:موسوی مخالف دخالت خارجی

شباهت تاکتیکی:به میدان آمدن بعد از جنگ دشمن خارجی و مقصر سازی","Fair! What is the difference between Pahlavi and Mir Hossein? 
Answer: The method of ending the Islamic Republic 

Difference: Mousavi's identity is from Imam 
Pahlavi is the enemy of Imam

In reading from the Islamic Republic, both tyranny and the democratic transition method 

Distinction: Mousavi opposes foreign interference

Tactical similarity: coming to the field after the war of the foreign enemy and blaming"
2017239518529949842,ab_ganji,2026-01-30 14:12:34.372000+00:00,"در #جنگ_شهری ١٨و ١٩ دی ماه حدود ٣٠٠ نیروی انتظامی -امنیتی مظلوم ما به شهادت رسیدند.علت این کار تساهل دولت در برخورد بود.
جالب است بدانید کشته های حکومت پهلوی از١٣۴١ تا ١٣۵٧ حداکثر٣٠ نفر است.
آن نجابت انقلابیون کجا و این وقاحت عمال موساد کجا.",0,0,0,https://x.com/ab_ganji/status/2017239518529949842,"در #جنگ_شهری ١٨و ١٩ دی ماه حدود ٣٠٠ نیروی انتظامی -امنیتی مظلوم ما به شهادت رسیدند.علت این کار تساهل دولت در برخورد بود.
جالب است بدانید کشته های حکومت پهلوی از١٣۴١ تا ١٣۵٧ حداکثر٣٠ نفر است.
آن نجابت انقلابیون کجا و این وقاحت عمال موساد کجا.","In the #Civil War on January 18 and 19, about 300 of our oppressed police and security forces were martyred. The reason for this was the tolerance of the government in the confrontation.
It is interesting to know that the Pahlavi regime killed a maximum of 30 people from 1341 to 1357.
Where is the decency of the revolutionaries and where is the insolence of the Mossad agents?"
2017230043739508861,ab_ganji,2026-01-30 13:34:55.406000+00:00,"عده ای که شناسنامه و تابلو هم دارند طوری در خصوص حوادث آن دو روز سخن می گویند که انگار آن سه هزار اندی را برق گرفته و کشته است و صحنه فاقد قاتل و فاعل است.
سابقه شان نشان می دهد که به طراحی و عمل و اقدام دشمن اعتقادی ندارند. دلشان می خواهد حاکمیت را صد درصد مقصر بدانند اما شرایط",0,0,0,https://x.com/ab_ganji/status/2017230043739508861,"عده ای که شناسنامه و تابلو هم دارند طوری در خصوص حوادث آن دو روز سخن می گویند که انگار آن سه هزار اندی را برق گرفته و کشته است و صحنه فاقد قاتل و فاعل است.
سابقه شان نشان می دهد که به طراحی و عمل و اقدام دشمن اعتقادی ندارند. دلشان می خواهد حاکمیت را صد درصد مقصر بدانند اما شرایط","Some people who have birth certificates and nameplates talk about the events of those two days as if they electrocuted and killed 3,000 people, and the scene has no killer or perpetrator.
Their history shows that they do not believe in the design and action of the enemy. They want to blame the government 100%, but the circumstances"
2017169385807310852,ab_ganji,2026-01-30 09:33:53.428000+00:00,"آمریکا علاوه بر نگرانی از پاتک فراگیر ایران(شلیک ۴٠٠ موشک در یک دقیقه) آنچه در تصمیم گیری سردرگمش کرده ""بحران نتیجه گیری""است.
دلایل:
-نداشتن جایگاه پهلوی را سنجیده اند و ترامپ شخصا اعلام کرد.
-بخش پای کار نظام را در٢٢دی و تشییع حاج قاسم و...دیده است.
-فردای صدام و حاکمیت ٢٣ ساله",0,0,0,https://x.com/ab_ganji/status/2017169385807310852,"آمریکا علاوه بر نگرانی از پاتک فراگیر ایران(شلیک ۴٠٠ موشک در یک دقیقه) آنچه در تصمیم گیری سردرگمش کرده ""بحران نتیجه گیری""است.
دلایل:
-نداشتن جایگاه پهلوی را سنجیده اند و ترامپ شخصا اعلام کرد.
-بخش پای کار نظام را در٢٢دی و تشییع حاج قاسم و...دیده است.
-فردای صدام و حاکمیت ٢٣ ساله","In addition to being worried about Iran's all-pervasive range (firing 400 missiles in one minute), America is confused in its decision-making by the ""crisis of conclusions"".
Reasons:
-The lack of Pahlavi's position has been considered and Trump announced it personally.
- He has seen the work of the Nizam on 22nd of December and the funeral of Haj Qasim and...
- Tomorrow is Saddam and his 23-year rule"
2017143458201235642,ab_ganji,2026-01-30 07:50:51.805000+00:00,"صحت این ادعا از یک مقام نظامی می تواند معادله و محاسبه جنگ را تغییر دهد.
وزیر دفاع روسیه:
 در صورتی که آمریکا ساختمان های مرکزی حکومت ایران را مورد هدف قرار دهد، جمهوری اسلامی این توانمندی را دارد تا کاخ سفید و پنتاگون را ویران کند!
#بازدارندگي",0,0,0,https://x.com/ab_ganji/status/2017143458201235642,"صحت این ادعا از یک مقام نظامی می تواند معادله و محاسبه جنگ را تغییر دهد.
وزیر دفاع روسیه:
 در صورتی که آمریکا ساختمان های مرکزی حکومت ایران را مورد هدف قرار دهد، جمهوری اسلامی این توانمندی را دارد تا کاخ سفید و پنتاگون را ویران کند!
#بازدارندگي","The truth of this claim from a military official can change the equation and calculation of war.
Russian Defense Minister:
 If the United States targets the central buildings of the Iranian government, the Islamic Republic has the ability to destroy the White House and the Pentagon!
#Inhibition"
2017141190995394821,ab_ganji,2026-01-30 07:41:51.261000+00:00,"امام خطاب به فرماندهان بزرگترین سازمان ضد تروریستی جهان:

شما آیینه مجسم مظلومیتها و رشادتهای این ملت بزرگ در صحنه نبرد و تاریخ مصور انقلابید.شما فرزندان دفاع مقدس و پرچمداران عزت مسلمین و سپر حوادث این کشورید. شما یادگاران و همسنگران و فرماندهان و مسئولان بیداردلانی بوده‌اید که",0,0,0,https://x.com/ab_ganji/status/2017141190995394821,"امام خطاب به فرماندهان بزرگترین سازمان ضد تروریستی جهان:

شما آیینه مجسم مظلومیتها و رشادتهای این ملت بزرگ در صحنه نبرد و تاریخ مصور انقلابید.شما فرزندان دفاع مقدس و پرچمداران عزت مسلمین و سپر حوادث این کشورید. شما یادگاران و همسنگران و فرماندهان و مسئولان بیداردلانی بوده‌اید که","Imam addresses the commanders of the largest anti-terrorist organization in the world:

You are the embodiment of the oppression and bravery of this great nation in the battle scene and illustrated history of the revolution. You are the children of the holy defense and the standard bearers of the honor of Muslims and the shield of the events of this country. You have been the memories and contemporaries and commanders and officials of Bidarlani who"
2016918398052016208,ab_ganji,2026-01-29 16:56:33.284000+00:00,خیلی جالب است! ده سال پیش رهبر حکیم ما گفت آمریکا با یک جمهوری اسلامی اسمی(صرفا اسم حقوقی-جمهوری اسلامی- و بدون ماهیت حقیقی)مشکلی ندارد. در آن صورت حتی با یک عمامه به سر در راس نظام هم مشکلی ندارند. این هم سندش!,0,0,0,https://x.com/ab_ganji/status/2016918398052016208,خیلی جالب است! ده سال پیش رهبر حکیم ما گفت آمریکا با یک جمهوری اسلامی اسمی(صرفا اسم حقوقی-جمهوری اسلامی- و بدون ماهیت حقیقی)مشکلی ندارد. در آن صورت حتی با یک عمامه به سر در راس نظام هم مشکلی ندارند. این هم سندش!,"It's very interesting! Ten years ago, our wise leader said that America has no problem with a nominal Islamic Republic (only a legal name-Islamic Republic- and without real substance). In that case, there is no problem even with a turban on the head at the head of the system. This is the document!"
2016910201136243188,ab_ganji,2026-01-29 16:23:58.987000+00:00,"اگر خواستید جهان""کفر و بر بریت""که امام توصيف می کرد را درک کنید بدانید در کشتار نزدیک به٧٢ هزار نفر از مردم غزه این کشورهای اروپایی سلاح تامین کرده اند.اما برای طراحی سیا و موساد و خودشان در ایران طرفدار حقوق بشر می شوند و چنین می کنند.
به ترتیب بیشترین صادرات سلاح به اسرائیل :",0,0,0,https://x.com/ab_ganji/status/2016910201136243188,"اگر خواستید جهان""کفر و بر بریت""که امام توصيف می کرد را درک کنید بدانید در کشتار نزدیک به٧٢ هزار نفر از مردم غزه این کشورهای اروپایی سلاح تامین کرده اند.اما برای طراحی سیا و موساد و خودشان در ایران طرفدار حقوق بشر می شوند و چنین می کنند.
به ترتیب بیشترین صادرات سلاح به اسرائیل :","If you want to understand the world of ""blasphemy and ignorance"" described by the Imam, you should know that these European countries provided weapons for the massacre of nearly 72,000 people in Gaza.
In the order of the largest export of arms to Israel:"
2016898468711686202,ab_ganji,2026-01-29 15:37:21.759000+00:00,"رئیس جمهور دستور داد و معاون اول تاکید کرد که اسامی کل جانباختگان اخیر به اسم و کدملی و مشخصات دیگر منتشر شود.
به نظر شما سینه خیز #موساد_اینترنشنال از عدد اعلامی تا٧١۶۶٢ نفر چگونه خواهد بود؟ دروغ جدید برای پوشاندن دروغ قبلی را پیش بینی کنید!
مثلا بقیه شناسنامه نداشته اند
کد ملی",0,0,0,https://x.com/ab_ganji/status/2016898468711686202,"رئیس جمهور دستور داد و معاون اول تاکید کرد که اسامی کل جانباختگان اخیر به اسم و کدملی و مشخصات دیگر منتشر شود.
به نظر شما سینه خیز #موساد_اینترنشنال از عدد اعلامی تا٧١۶۶٢ نفر چگونه خواهد بود؟ دروغ جدید برای پوشاندن دروغ قبلی را پیش بینی کنید!
مثلا بقیه شناسنامه نداشته اند
کد ملی","The president ordered and the first vice president emphasized that the names of all the recent dead should be published by name, nationality and other details.
In your opinion, how will the number of #Mossad_International increase from the announced number to 71,662 people? Predict a new lie to cover the previous lie!
For example, the rest did not have birth certificates
National code"
2016895174085902776,ab_ganji,2026-01-29 15:24:16.259000+00:00,"#دعاء_کمیل 
#شب_جمعه 

وَخَفِيَ مَكْرُكَ وَظَهَرَ أَمْرُكَ
وَغَلَبَ قَهْرُكَ وَجَرَتْ قُدْرَتُكَ
وَلَا يُمْكِنُ الْفِرارُ مِنْ حُكُومَتِكَ

و مَکرَت پنهان است و اَمرت آشکار
و قهّاریتَت غالب است و قدرتَت نافذ
و فرار از قلمروی حکومتَت ممکن نیست.",0,0,0,https://x.com/ab_ganji/status/2016895174085902776,"#دعاء_کمیل 
#شب_جمعه 

وَخَفِيَ مَكْرُكَ وَظَهَرَ أَمْرُكَ
وَغَلَبَ قَهْرُكَ وَجَرَتْ قُدْرَتُكَ
وَلَا يُمْكِنُ الْفِرارُ مِنْ حُكُومَتِكَ

و مَکرَت پنهان است و اَمرت آشکار
و قهّاریتَت غالب است و قدرتَت نافذ
و فرار از قلمروی حکومتَت ممکن نیست.","#Dua_Kamil 
#Friday night 

And hide your malice and reveal your command
And your power prevailed, and your strength prevailed.
And it is not possible to escape from your rule.

And makrat is hidden and amrat is revealed
And your power is dominant and your power is in force
And escape from territorial governance is not possible."
2016889552523182483,ab_ganji,2026-01-29 15:01:55.974000+00:00,"اتحادیه اروپا گفته سپاه را به خاطر حوادث اخیر -که خود طراحی کرده اند-در لیست تروریستی می گذارد.
اگر برای آن دو روز است چرا نیروی انتظامی را در لیست نمی گذارند؟ 
حوادث بهانه است، ستون اصلی انقلاب در بازدارندگي، سازندگی، مقابله با تروریسم منطقه ای و نفوذ نشانه است.

انتقام موشک های",0,0,0,https://x.com/ab_ganji/status/2016889552523182483,"اتحادیه اروپا گفته سپاه را به خاطر حوادث اخیر -که خود طراحی کرده اند-در لیست تروریستی می گذارد.
اگر برای آن دو روز است چرا نیروی انتظامی را در لیست نمی گذارند؟ 
حوادث بهانه است، ستون اصلی انقلاب در بازدارندگي، سازندگی، مقابله با تروریسم منطقه ای و نفوذ نشانه است.

انتقام موشک های","The European Union has said that it will put the IRGC on the terrorist list because of the recent incidents - which they designed themselves.
If it is for those two days, why don't they put the police force on the list? 
Accidents are an excuse, the main pillar of the revolution is deterrence, construction, dealing with regional terrorism and influence.

Revenge of the missiles"
2016841494942904529,ab_ganji,2026-01-29 11:50:58.154000+00:00,"بازگشت پادشاهی کاخ نشین و باغ دزد به ایران همانقدر از ذهن دور است که بازگشت دایناسورها به حیات.
به قول امام حتی اگر جمهوری اسلامی هم نباشد.
پهلوی که اکنون آلت دست سرویس های امنیتی صهیونیست و غرب است این را خوب می داند.اما او با این پادویی دنبال جبران حقارت ١٣۵٧ توسط ملت است و",0,0,0,https://x.com/ab_ganji/status/2016841494942904529,"بازگشت پادشاهی کاخ نشین و باغ دزد به ایران همانقدر از ذهن دور است که بازگشت دایناسورها به حیات.
به قول امام حتی اگر جمهوری اسلامی هم نباشد.
پهلوی که اکنون آلت دست سرویس های امنیتی صهیونیست و غرب است این را خوب می داند.اما او با این پادویی دنبال جبران حقارت ١٣۵٧ توسط ملت است و","The return of the palace kingdom and the thief's garden to Iran is as far from the mind as the return of dinosaurs to life.
According to Imam, even if it is not an Islamic Republic.
Pahlavi, who is now a puppet of the Zionist and Western security services, knows this well."
2016589906810929568,ab_ganji,2026-01-28 19:11:14.869000+00:00,"وزیر خارجه دولت آمریکا:
تمام نیروهای ما در خاورمیانه در تیررس موشک ها و پهپادهای ایران قرار دارند/ ما 30 تا 40 هزار نظامی در 9 موقعیت در خاورمیانه داریم که همگی در تیررس پهپادها و موشک های ایران قرار دارند.

خب پیام را به ارباب خودشیفته و روانی منتقل کن!اون٣٠،۴٠ هزار نفر خانواده",0,0,0,https://x.com/ab_ganji/status/2016589906810929568,"وزیر خارجه دولت آمریکا:
تمام نیروهای ما در خاورمیانه در تیررس موشک ها و پهپادهای ایران قرار دارند/ ما 30 تا 40 هزار نظامی در 9 موقعیت در خاورمیانه داریم که همگی در تیررس پهپادها و موشک های ایران قرار دارند.

خب پیام را به ارباب خودشیفته و روانی منتقل کن!اون٣٠،۴٠ هزار نفر خانواده","US Secretary of State:
All our forces in the Middle East are in the crosshairs of Iran's missiles and drones.

Well, convey the message to the narcissistic and psychotic boss! Those 30, 40 thousand family members"
2016577434875748633,ab_ganji,2026-01-28 18:21:41.328000+00:00,ظاهرا بخشی از دستگیر شدگان دانش آموز هستند.از ریاست محترم قوه قضائیه خواهش می کنم آنها را به کلی وارد فرایند قضایی نکنند.نگاه به آنان باید روانشناختی باشد تا حقوقی.شخصیت آنان منعطف و غضروفی است یعنی قابل اصلاح و تحول و تغییر است.از انسانهای توانمند دعوت کنید با آنها جلسه داشته,0,0,0,https://x.com/ab_ganji/status/2016577434875748633,ظاهرا بخشی از دستگیر شدگان دانش آموز هستند.از ریاست محترم قوه قضائیه خواهش می کنم آنها را به کلی وارد فرایند قضایی نکنند.نگاه به آنان باید روانشناختی باشد تا حقوقی.شخصیت آنان منعطف و غضروفی است یعنی قابل اصلاح و تحول و تغییر است.از انسانهای توانمند دعوت کنید با آنها جلسه داشته,"Apparently, some of the arrested are students. I request the honorable head of the judiciary not to bring them into the judicial process at all. They should be looked at psychologically rather than legally."
2016545281869828159,ab_ganji,2026-01-28 16:13:55.454000+00:00,"اینجا خیلی ها فعال هستند اما دلم می خواهد از دو نفر-علیرغم اختلاف نظر در برخی مسائل -تشکر ویژه بکنم.وسط معرکه، پر کار ،سوژه شناس، محکم، وطن پرست و دشمن شناس.خدا قوت
امیر تنها  
@tanha1358
 
حمزه غالبی
@HamzeGhalebi",0,0,0,https://x.com/ab_ganji/status/2016545281869828159,"اینجا خیلی ها فعال هستند اما دلم می خواهد از دو نفر-علیرغم اختلاف نظر در برخی مسائل -تشکر ویژه بکنم.وسط معرکه، پر کار ،سوژه شناس، محکم، وطن پرست و دشمن شناس.خدا قوت
امیر تنها  
@tanha1358
 
حمزه غالبی
@HamzeGhalebi","Many people are active here, but I want to give special thanks to two people - despite the difference of opinion on some issues - in the middle of the battle, hardworking, knowledgeable, strong, patriotic and aware of enemies. God bless you.
Amir alone  
@tanha1358
 
Hamza Ghalibi
@HamzeGhalebi"
2016522397390647765,ab_ganji,2026-01-28 14:42:59.369000+00:00,"معتقدم تحرکات منطقه ای آمریکا یا برای به هم ریختن محاسبات ایران یا بستن راههای دریایی ایران است.
آمریکا سه نقطه ضعف دارد که ایران روی هر دست گذاشته و باورپذیر کرده است.
١-جنگ برق آسا و زود پایان، اما ایران تدارک جنگ طولانی دیده است.

٢-هراس از تلفات انسانی 
٣-هراس از کشیده شدن",0,0,0,https://x.com/ab_ganji/status/2016522397390647765,"معتقدم تحرکات منطقه ای آمریکا یا برای به هم ریختن محاسبات ایران یا بستن راههای دریایی ایران است.
آمریکا سه نقطه ضعف دارد که ایران روی هر دست گذاشته و باورپذیر کرده است.
١-جنگ برق آسا و زود پایان، اما ایران تدارک جنگ طولانی دیده است.

٢-هراس از تلفات انسانی 
٣-هراس از کشیده شدن","I believe that America's regional movements are either to mess up Iran's calculations or to close Iran's sea routes.
America has three weak points that Iran has put on every hand and made it believable.
1- The war ended quickly and suddenly, but Iran has prepared for a long war.

2- Fear of human casualties 
3-Fear of being pulled"
2016480100192329888,ab_ganji,2026-01-28 11:54:54.931000+00:00,"مردم عراق در قالب همان دمکراسی که آمریکا مدعی سردمداری اش هست رای دادند و خروجی آن شده نخست وزیری نوری المالکی.به ترامپ برخورده و عراق را تهدید کرده است اگر او باشد ما با عراق چه ها خواهیم کرد.یعنی خروجی رای مردم یک کشور باید دلخواه آمریکا باشد وگر نه آن کشور تنبیه خواهد شد.
جهان",0,0,0,https://x.com/ab_ganji/status/2016480100192329888,"مردم عراق در قالب همان دمکراسی که آمریکا مدعی سردمداری اش هست رای دادند و خروجی آن شده نخست وزیری نوری المالکی.به ترامپ برخورده و عراق را تهدید کرده است اگر او باشد ما با عراق چه ها خواهیم کرد.یعنی خروجی رای مردم یک کشور باید دلخواه آمریکا باشد وگر نه آن کشور تنبیه خواهد شد.
جهان","The people of Iraq voted in the form of the same democracy that America claims to lead, and the result was Prime Minister Nouri al-Maliki. He has attacked Trump and threatened Iraq.
the world"
2016474121001976046,ab_ganji,2026-01-28 11:31:09.381000+00:00,"#موساد_اینترنشنال آمار کشته سازی را  از٣۶۵٠٠ به ٧١۶۶٢نفر ارتقا داد.این عدد تقریبا همان آمار شهدای دو ساله غزه است.طرح موساد ""تولید بحران موازی""برای جابجایی در""محیط بحران"" است.احتمالا جلوتر هم برود که ""بحران برتر"" را جایگزین کنند.قبلا نوشتم تا٨٠ هزار را منتظر باشید.",0,0,0,https://x.com/ab_ganji/status/2016474121001976046,"#موساد_اینترنشنال آمار کشته سازی را  از٣۶۵٠٠ به ٧١۶۶٢نفر ارتقا داد.این عدد تقریبا همان آمار شهدای دو ساله غزه است.طرح موساد ""تولید بحران موازی""برای جابجایی در""محیط بحران"" است.احتمالا جلوتر هم برود که ""بحران برتر"" را جایگزین کنند.قبلا نوشتم تا٨٠ هزار را منتظر باشید.","#Mossad_International increased the death toll from 36,500 to 71,662 people. This number is almost the same as the number of martyrs in Gaza for two years. Mossad's plan is to ""produce a parallel crisis"" to move in the ""crisis environment"". It may go even further to replace the ""superior crisis"". I wrote earlier that you should wait for 80,000."
2016442693593759883,ab_ganji,2026-01-28 09:26:16.503000+00:00,فکر کردیم آرامش نسبی دوهفته ای دلار به خاطر تغییر رئیس بانک مرکزی است. نگو مربوط به بسته بودن تلگرام بود.,0,0,0,https://x.com/ab_ganji/status/2016442693593759883,فکر کردیم آرامش نسبی دوهفته ای دلار به خاطر تغییر رئیس بانک مرکزی است. نگو مربوط به بسته بودن تلگرام بود.,We thought that the two-week relative peace of the dollar was due to the change of the head of the central bank. Don't say it was related to Telegram being closed.
2016395135135645782,ab_ganji,2026-01-28 06:17:17.683000+00:00,کورش آسوده بخواب که مدعیان دروغین و ریاکار تو به بیضتین ترامپ-نتانیاهو برای حمله به زیرساخت های وطنت آویزان شده اند.,0,0,0,https://x.com/ab_ganji/status/2016395135135645782,کورش آسوده بخواب که مدعیان دروغین و ریاکار تو به بیضتین ترامپ-نتانیاهو برای حمله به زیرساخت های وطنت آویزان شده اند.,"Blindly, sleep easy because your false and hypocritical claimants are hanging on Trump-Netanyahu's nonsense to attack the infrastructure of your country."
2016379275788558704,ab_ganji,2026-01-28 05:14:16.520000+00:00,"منافقین هم در طرح""#کشته_های_فردایی آمار کشته های خود را از٣٨ نفر شروع و اکنون به ٣٢١ نفر رساندند.
این عدد سازی برای بی کلاه نبودن سر و سهم خواهی از ارباب و گم نشدن است.اما فرض کنید صحت دارد چه سوالاتی پیش می آید؟ 
-سرویس های امنیتی صهیونیست و غرب پیوندشان با پهلوی را چفت کرده",0,0,0,https://x.com/ab_ganji/status/2016379275788558704,"منافقین هم در طرح""#کشته_های_فردایی آمار کشته های خود را از٣٨ نفر شروع و اکنون به ٣٢١ نفر رساندند.
این عدد سازی برای بی کلاه نبودن سر و سهم خواهی از ارباب و گم نشدن است.اما فرض کنید صحت دارد چه سوالاتی پیش می آید؟ 
-سرویس های امنیتی صهیونیست و غرب پیوندشان با پهلوی را چفت کرده","The hypocrites also increased their death toll from 38 to 321 in the project ""#Kashte_Hai_Fardayi"".
This numbering is for not being without a hat and asking for a share from the master and not getting lost. But suppose it is true, what questions arise? 
- The Zionist and Western security services have closed their ties with Pahlavi"
2016352139145003410,ab_ganji,2026-01-28 03:26:26.640000+00:00,اینکه می گوییم اینها مساله شان فقط بی دینی نیست بلکه ضد دین هستند یعنی این.جمهوری اسلامی فرع ماجراست.از کف خیابان و مسجد و قرآن تا توئیتر بوی تعفن و کفر بلند است.,0,0,0,https://x.com/ab_ganji/status/2016352139145003410,اینکه می گوییم اینها مساله شان فقط بی دینی نیست بلکه ضد دین هستند یعنی این.جمهوری اسلامی فرع ماجراست.از کف خیابان و مسجد و قرآن تا توئیتر بوی تعفن و کفر بلند است.,"When we say that their problem is not only lack of religion, but that they are anti-religion, it means that the Islamic Republic is a side story. From the floor of the street, the mosque and the Quran to Twitter, the stench of infidelity is strong."
2016224972629291469,ab_ganji,2026-01-27 19:01:07.780000+00:00,"بعد از اعلام مستمر عدد""فردایی کشته ها""
آخرین ابداع احمقانه، تلنبار هزاران جنازه در سوله و سردخانه فلان شرکت  برای اینکه بعد از حمله ترامپ بگویند آمریکا اینها را کشته است(البته الان هم می گوییم آمریکا کشته است)
اما حماقت این داستان جالب است.
-حالا اگر ترامپ حمله نکرد چکارشان می",0,0,0,https://x.com/ab_ganji/status/2016224972629291469,"بعد از اعلام مستمر عدد""فردایی کشته ها""
آخرین ابداع احمقانه، تلنبار هزاران جنازه در سوله و سردخانه فلان شرکت  برای اینکه بعد از حمله ترامپ بگویند آمریکا اینها را کشته است(البته الان هم می گوییم آمریکا کشته است)
اما حماقت این داستان جالب است.
-حالا اگر ترامپ حمله نکرد چکارشان می","After the continuous announcement of the number of ""deaths tomorrow""
The latest stupid invention, the loading of thousands of corpses in the shed and mortuary of some company so that after Trump's attack, they will say that America killed them (of course, we still say that America killed them).
But the stupidity of this story is interesting.
- Now, if Trump does not attack, what will they do?"
2016182733924360468,ab_ganji,2026-01-27 16:13:17.288000+00:00,"بارها نوشته ام که صهیونیست ها (با کمک آمریکا)سه راهبرد دائمی در منطقه دارند که نوع حکومت ها و حاکمان منطقه هیچ تاثیری در تغییر آن ندارند.اما در جنگ شناختی هر سه راهبرد پشت مساله فلسطین استتار می شود.در باره ایران دو موردش را به پهلوی گفته اند.
١-تفوق نظامی -امنیتی بر منطقه که همه",0,0,0,https://x.com/ab_ganji/status/2016182733924360468,"بارها نوشته ام که صهیونیست ها (با کمک آمریکا)سه راهبرد دائمی در منطقه دارند که نوع حکومت ها و حاکمان منطقه هیچ تاثیری در تغییر آن ندارند.اما در جنگ شناختی هر سه راهبرد پشت مساله فلسطین استتار می شود.در باره ایران دو موردش را به پهلوی گفته اند.
١-تفوق نظامی -امنیتی بر منطقه که همه","I have written many times that the Zionists (with the help of America) have three permanent strategies in the region, which the type of governments and rulers in the region have no effect on changing. But in the cognitive war, all three strategies are hidden behind the Palestinian issue. They told Pahlavi about Iran.
1- Military supremacy - security over the region that all"
2016146828333330835,ab_ganji,2026-01-27 13:50:36.728000+00:00,"به نظر می رسد دولت بین ""تولید کننده باید بتواند تولید کند"" یا""نباید مردم را اذیت کرد""نباید مانع کسب و کار شد""و....
با اعمال اقتدار خلط کرده.
ظاهرا توجه اش به ١١قلم کالای اساسی است و بقیه قیمت ها رهاست.
افزایش یکشبه ۵٠٠ تا ٨٠٠ میلیونی قیمت کارخانه ای خودرو ایرانی یعنی چه؟ افزایش",0,0,0,https://x.com/ab_ganji/status/2016146828333330835,"به نظر می رسد دولت بین ""تولید کننده باید بتواند تولید کند"" یا""نباید مردم را اذیت کرد""نباید مانع کسب و کار شد""و....
با اعمال اقتدار خلط کرده.
ظاهرا توجه اش به ١١قلم کالای اساسی است و بقیه قیمت ها رهاست.
افزایش یکشبه ۵٠٠ تا ٨٠٠ میلیونی قیمت کارخانه ای خودرو ایرانی یعنی چه؟ افزایش","It seems that the government is between ""producer should be able to produce"" or ""should not bother people"" should not hinder business"" and...
confused with the exercise of authority.
Apparently, his attention is on 11 pens of basic goods and the rest of the prices are left.
What does the overnight increase of 500 to 800 million in the factory price of Iranian cars mean? increase"
2016003056760971581,ab_ganji,2026-01-27 04:19:18.914000+00:00,"سربازی علنی برای موساد و ترامپ، لحظه شماری، نوید، اشتیاق و التماس برای حمله ترامپ-نتانیاهو به کشور، توزیع پول توسط موساد، وارد کردن سلاح به کشور، کارسازی و عدد سازی برای ترغيب ترامپ به حمله  و...

خیلی شیک اسمش را گذاشتن #انقلاب_ملی
نوکری اجنبی مساوی با اقدام ملی!جالب نیست؟",0,0,0,https://x.com/ab_ganji/status/2016003056760971581,"سربازی علنی برای موساد و ترامپ، لحظه شماری، نوید، اشتیاق و التماس برای حمله ترامپ-نتانیاهو به کشور، توزیع پول توسط موساد، وارد کردن سلاح به کشور، کارسازی و عدد سازی برای ترغيب ترامپ به حمله  و...

خیلی شیک اسمش را گذاشتن #انقلاب_ملی
نوکری اجنبی مساوی با اقدام ملی!جالب نیست؟","Public enlistment for Mossad and Trump, counting the moments, promising, eagerness and begging for Trump-Netanyahu's attack on the country, distribution of money by Mossad, importing weapons into the country, working and creating numbers to encourage Trump to attack and...

It is very stylish to call it #National_Revolution
Stranger's servitude is equal to national action! Isn't it interesting?"
2015859723426287921,ab_ganji,2026-01-26 18:49:45.584000+00:00,"مسعود بهنود یکماه پیش گفت من قانع شدم که بین مجاهدین خلق و پهلوی همکاری شکل گرفته است.
بنده به خاطر تضاد ایدئولوژیکی این دو در۶٠ سال گذشته، حرف را جدی نگرفتم اما در حوادث ١٨و١٩ دی یقین کردم بهنود درست می گوید.

اینکه چطور منافقین و پهلوی و تجریه طلبان چندگانه کردی در آن دو روز با",0,0,0,https://x.com/ab_ganji/status/2015859723426287921,"مسعود بهنود یکماه پیش گفت من قانع شدم که بین مجاهدین خلق و پهلوی همکاری شکل گرفته است.
بنده به خاطر تضاد ایدئولوژیکی این دو در۶٠ سال گذشته، حرف را جدی نگرفتم اما در حوادث ١٨و١٩ دی یقین کردم بهنود درست می گوید.

اینکه چطور منافقین و پهلوی و تجریه طلبان چندگانه کردی در آن دو روز با","Masoud Behnood said a month ago, I am convinced that cooperation has been formed between the People's Mojahedin and the Pahlavi.
Because of the ideological conflict between these two in the past 60 years, I did not take the words seriously, but in the events of January 18 and 19, I was sure that Behnoud was right.

How did you multiply hypocrites, Pahlavis and experimentalists in those two days?"
2015808957428679032,ab_ganji,2026-01-26 15:28:02.027000+00:00,"به بیش از ٣٠٠ مسجد در کشور حمله شد.اگر بصورت موردی بود می شد علت را به مشکلات مهاجمین با برخی عناصر محوری اهل آن مسجد ارجاع دارد.اما طرح حمله سراسری بود.
مسجد که مولود جمهوری اسلامی نیست.چرا چنین کردند؟ راحت عبور نکنیم ،به دلایل برسیم. تحلیلم در این باره:",0,0,0,https://x.com/ab_ganji/status/2015808957428679032,"به بیش از ٣٠٠ مسجد در کشور حمله شد.اگر بصورت موردی بود می شد علت را به مشکلات مهاجمین با برخی عناصر محوری اهل آن مسجد ارجاع دارد.اما طرح حمله سراسری بود.
مسجد که مولود جمهوری اسلامی نیست.چرا چنین کردند؟ راحت عبور نکنیم ،به دلایل برسیم. تحلیلم در این باره:","More than 300 mosques were attacked in the country. If it was a case, the cause could be attributed to the problems of the attackers with some central elements belonging to that mosque. But the plan of the attack was nationwide.
The mosque is not born in the Islamic Republic. Why did they do this? Let's not pass easily, let's get to the reasons. My analysis about this:"
2015791478308561158,ab_ganji,2026-01-26 14:18:34.680000+00:00,"صبح از ترمینال فرودگاه مهرآباد آمدم بیرون، رفتم سراغ تاکسی ويژه فرودگاه، گفتم می خواهم بروم پارک شهر.
گفتvipیا سمند؟ گفتم سمند.
فیش صادر کرد و گفت ١١٠ هزار تومان می شود.پرداختم و سوار شدم.به مقصد رسیدیم راننده گفت آقا بقیه کرایه ات؟ 
گفتم چقدر می شود؟ گفت در فیشی که گرفتی قید",0,0,0,https://x.com/ab_ganji/status/2015791478308561158,"صبح از ترمینال فرودگاه مهرآباد آمدم بیرون، رفتم سراغ تاکسی ويژه فرودگاه، گفتم می خواهم بروم پارک شهر.
گفتvipیا سمند؟ گفتم سمند.
فیش صادر کرد و گفت ١١٠ هزار تومان می شود.پرداختم و سوار شدم.به مقصد رسیدیم راننده گفت آقا بقیه کرایه ات؟ 
گفتم چقدر می شود؟ گفت در فیشی که گرفتی قید","In the morning, I came out of Mehrabad airport terminal, I went to the special airport taxi, I said I want to go to Shahr Park.
Did he say VIP or Samand? I said Samand.
He issued a receipt and said it would be 110 thousand tomans. I paid and got on board. 
I said how much would it be? He said in the receipt you got"
2015787372881776974,ab_ganji,2026-01-26 14:02:15.870000+00:00,"ابتدا گفتند ١٢ هزار کشته تا ترامپ را سر قولش بیاورند اما خبری نشد.
گفتند٣٣ هزار نفرباز تحریک نشد.
گفتند ٣۶۵٠٠ باز تحریک آنی ندیدند.
گفتند پنجاه هزار نفر.این رشد صعودی برای اقناع ترامپ است و ادامه دارد تا ٨٠ هزار نفر را منتظر باشید.
این همه عدد سازی برای حمله خارجی به کشورشان هست!",0,0,0,https://x.com/ab_ganji/status/2015787372881776974,"ابتدا گفتند ١٢ هزار کشته تا ترامپ را سر قولش بیاورند اما خبری نشد.
گفتند٣٣ هزار نفرباز تحریک نشد.
گفتند ٣۶۵٠٠ باز تحریک آنی ندیدند.
گفتند پنجاه هزار نفر.این رشد صعودی برای اقناع ترامپ است و ادامه دارد تا ٨٠ هزار نفر را منتظر باشید.
این همه عدد سازی برای حمله خارجی به کشورشان هست!","At first, they said 12,000 people were killed to make Trump keep his promise, but there was no news.
They said that 33 thousand people were not provoked.
They said that 36,500 people did not see immediate provocation.
They said fifty thousand people. This is an upward growth for Trump's persuasion and it continues until you wait for 80 thousand people.
All these numbers are for a foreign attack on their country!"
2015741709213110679,ab_ganji,2026-01-26 11:00:48.803000+00:00,"فکر کردید چرا بعد از١٢ روز اعتراض و اغتشاش محدود، موساد با دکور پهلوی برای ٨ شب فراخوان زد؟چرا روز نه؟ چرا۴عصر نه؟ به مانور رسانه ای نیاز نداشتند؟ دلایل:
١-از کمیت انسانی خود آگاه بودند و نمی توانستند با جمعیت کم  و با روش مسالمت‌آميز، در روز مانور رسانه ای بدهند.
٢-هدف اصلی",0,0,0,https://x.com/ab_ganji/status/2015741709213110679,"فکر کردید چرا بعد از١٢ روز اعتراض و اغتشاش محدود، موساد با دکور پهلوی برای ٨ شب فراخوان زد؟چرا روز نه؟ چرا۴عصر نه؟ به مانور رسانه ای نیاز نداشتند؟ دلایل:
١-از کمیت انسانی خود آگاه بودند و نمی توانستند با جمعیت کم  و با روش مسالمت‌آميز، در روز مانور رسانه ای بدهند.
٢-هدف اصلی","Did you think why after 12 days of protests and limited disturbance, Mossad called for 8 nights with Pahlavi decoration? Why not day? Why not 4 pm? Didn't they need a media maneuver? Reasons:
1- They were aware of their human population and could not conduct a media maneuver during the day with a small population and in a peaceful manner.
2- The main goal"
2015736287467122977,ab_ganji,2026-01-26 10:39:16.158000+00:00,"یک مرکز رصد و پایش فضای مجازی کار جالبی کرده است.
از ساعت ده شب روز ١٨ دی که اینترنت بین المللی قطع شد به مدت ده روز، حدود سی اکانت معرف شبه رسانه های فارسی زبان و خبرنگاران آنها و پهلوی و عمال همسو با موساد را از جهت لایک، بازارسال و کامنت بررسی کرده است.
به جز کاهش نسبی کامنت",0,0,0,https://x.com/ab_ganji/status/2015736287467122977,"یک مرکز رصد و پایش فضای مجازی کار جالبی کرده است.
از ساعت ده شب روز ١٨ دی که اینترنت بین المللی قطع شد به مدت ده روز، حدود سی اکانت معرف شبه رسانه های فارسی زبان و خبرنگاران آنها و پهلوی و عمال همسو با موساد را از جهت لایک، بازارسال و کامنت بررسی کرده است.
به جز کاهش نسبی کامنت","A cyberspace monitoring center has done an interesting job.
Since 10:00 p.m. on the 18th of December, when the international internet was cut off for ten days, it has checked about 30 fake accounts of Persian-language media and their reporters and Pahlavi and Mossad-aligned operatives for likes, bazaars, and comments.
Except for the relative reduction of comments"
2015711088638152925,ab_ganji,2026-01-26 08:59:08.289000+00:00,اینها از صهیونیست ها که ٧٠ سال است در جوی خون شنا می کنند پول می گیرند که جوی خون در ایران تصویر کنند که عاملش همان شناگرهای هفتاد ساله اند.حد وقاحت بدون سقف است و رو شبیه گربه.دزد رفته دزد بگیرد!,0,0,0,https://x.com/ab_ganji/status/2015711088638152925,اینها از صهیونیست ها که ٧٠ سال است در جوی خون شنا می کنند پول می گیرند که جوی خون در ایران تصویر کنند که عاملش همان شناگرهای هفتاد ساله اند.حد وقاحت بدون سقف است و رو شبیه گربه.دزد رفته دزد بگیرد!,"They take money from the Zionists who have been swimming in blood for 70 years to depict the blood in Iran, which is caused by the same 70-year-old swimmers. The level of insolence is limitless and looks like a cat. A thief has gone to catch a thief!"
2015453314381455839,ab_ganji,2026-01-25 15:54:50.117000+00:00,"باستانی تحلیلگر  BBC، یکسال پس از پاییز ۱۴۰۱:
بخش مهمی از  چیزهایی که در این یک سال خبرساز شد، در واقع اخبار ساختگی بود.
و این داستان اکنون با شدت خارق‌العاده‌ای در شبکه های موساد مانند #موساد_اینترنشنال و منوتو ادامه دارد....",0,0,0,https://x.com/ab_ganji/status/2015453314381455839,"باستانی تحلیلگر  BBC، یکسال پس از پاییز ۱۴۰۱:
بخش مهمی از  چیزهایی که در این یک سال خبرساز شد، در واقع اخبار ساختگی بود.
و این داستان اکنون با شدت خارق‌العاده‌ای در شبکه های موساد مانند #موساد_اینترنشنال و منوتو ادامه دارد....","BBC analyst Bastani, one year after the fall of 1401:
A significant portion of what made the news this year was actually fake news.
And this story continues now with extraordinary intensity in Mossad networks such as #Mossad_International and Menuto...."
2015440805016592558,ab_ganji,2026-01-25 15:05:07.652000+00:00,"داغ، داغ!
صهیونیست ها عدد سازی و بلافاصله عمالش در #موساد_اینترنشنال عینا تکرار و سربازی می کنند.کاملا هماهنگ.خرجی هم ندارد.هفته قبل همین ها گفتند١٢ هزار نفر کشته شدند.وقتی اخلاق فاسد باشد طبیعی است #لخت",0,0,0,https://x.com/ab_ganji/status/2015440805016592558,"داغ، داغ!
صهیونیست ها عدد سازی و بلافاصله عمالش در #موساد_اینترنشنال عینا تکرار و سربازی می کنند.کاملا هماهنگ.خرجی هم ندارد.هفته قبل همین ها گفتند١٢ هزار نفر کشته شدند.وقتی اخلاق فاسد باشد طبیعی است #لخت","Hot, hot!
The Zionists make up numbers and immediately their operatives in #Mossad_International repeat and recruit. Completely coordinated. There is no cost. Last week, they said that 12 thousand people were killed. When morals are corrupt, it is natural #naked"
2015299088435081567,ab_ganji,2026-01-25 05:41:59.786000+00:00,هدف اساسی از آشوب ١٨و١٩ دی  #کشته_سازی با هدف ترغیب  ترامپ به انجام وعده اش بود.او روز یکشنبه وعده را قطعی کرد اما سیل ميليونی ایرانیان در روز دوشنبه،او را منصرف و ٢۵ درصد تعرفه بر کشورهایی که با ایران داد و ستد می کنند وضع کرد.سپس دروغ ٨٠٠ اعدام در یک روز  را ساخت و بابت لغو آن,0,0,0,https://x.com/ab_ganji/status/2015299088435081567,هدف اساسی از آشوب ١٨و١٩ دی  #کشته_سازی با هدف ترغیب  ترامپ به انجام وعده اش بود.او روز یکشنبه وعده را قطعی کرد اما سیل ميليونی ایرانیان در روز دوشنبه،او را منصرف و ٢۵ درصد تعرفه بر کشورهایی که با ایران داد و ستد می کنند وضع کرد.سپس دروغ ٨٠٠ اعدام در یک روز  را ساخت و بابت لغو آن,"The main purpose of the chaos on the 18th and 19th of #Keshte_Sazi was to persuade Trump to fulfill his promise. He confirmed the promise on Sunday, but the flood of millions of Iranians on Monday dissuaded him and imposed a 25% tariff on countries that do business with Iran. Then he made a lie of 800 executions in one day and canceled it"
2014976515125997609,ab_ganji,2026-01-24 08:20:12.316000+00:00,"بسم الله الرحمن الرحیم 

مُحَمَّدٌ رَسولُ اللَّهِ ۚ وَالَّذينَ مَعَهُ أَشِدّاءُ عَلَى الكُفّارِ رُحَماءُ بَينَهُم ۖ.",0,0,0,https://x.com/ab_ganji/status/2014976515125997609,"بسم الله الرحمن الرحیم 

مُحَمَّدٌ رَسولُ اللَّهِ ۚ وَالَّذينَ مَعَهُ أَشِدّاءُ عَلَى الكُفّارِ رُحَماءُ بَينَهُم ۖ.","In the name of God, the Most Gracious, the Most Merciful 

Muhammad is the Messenger of God, and those with him are harsh against the disbelievers and merciful among themselves."
2009149842551873745,ab_ganji,2026-01-08 06:27:05.320000+00:00,"ملت ایران حتی در جنگ ٨ساله با ۴۴ کشور و محاصره ٣۵٠٠ تحریم، پیروز صحنه بوده است و خواهد بود.آینده روشن می کند کی باید سبیل بتراشد و در چادر استتار قرار گیرد تا خارج شود.اما پیروزی مد نظر شما را به دکتر #سیمایی_صراف وزیر علوم جمهوری اسلامی ایران تبریک عرض میکنم!
هیچ کس بر خون",0,0,0,https://x.com/ab_ganji/status/2009149842551873745,"ملت ایران حتی در جنگ ٨ساله با ۴۴ کشور و محاصره ٣۵٠٠ تحریم، پیروز صحنه بوده است و خواهد بود.آینده روشن می کند کی باید سبیل بتراشد و در چادر استتار قرار گیرد تا خارج شود.اما پیروزی مد نظر شما را به دکتر #سیمایی_صراف وزیر علوم جمهوری اسلامی ایران تبریک عرض میکنم!
هیچ کس بر خون","Even in the 8-year war with 44 countries and the siege of 3500 sanctions, the Iranian nation has been and will be victorious. The future will make it clear who will have to shave his mustache and put himself in a camouflage tent to get out.
No one on the blood"
2009213833748082786,ab_ganji,2026-01-08 10:41:22.010000+00:00,اطلاع دادند ایشان در کشور حضور ندارد که وزارت علوم بخواهد ملاحظه ای را در نظر بگیرد.,0,0,0,https://x.com/ab_ganji/status/2009213833748082786,اطلاع دادند ایشان در کشور حضور ندارد که وزارت علوم بخواهد ملاحظه ای را در نظر بگیرد.,They informed that he is not present in the country that the Ministry of Science wants to consider.
2009197987726073977,ab_ganji,2026-01-08 09:38:24.024000+00:00,"ترامپ:
نروژ، که یکی از اعضای ناتو است، از روی حماقت تصمیم گرفت جایزۀ صلح نوبل را به من ندهد اما اصلاً مهم نیست. 

جان بولتن:
توصیۀ من به ماچادو این است که مدال نوبل صلحی که قرار است بگیرد را به ترامپ تقدیم کند. اگر این کار را نکند خودش بهتر می‌داند ترامپ چه بلایی سرش می‌آورد.",0,0,0,https://x.com/ab_ganji/status/2009197987726073977,"ترامپ:
نروژ، که یکی از اعضای ناتو است، از روی حماقت تصمیم گرفت جایزۀ صلح نوبل را به من ندهد اما اصلاً مهم نیست. 

جان بولتن:
توصیۀ من به ماچادو این است که مدال نوبل صلحی که قرار است بگیرد را به ترامپ تقدیم کند. اگر این کار را نکند خودش بهتر می‌داند ترامپ چه بلایی سرش می‌آورد.","Trump:
Norway, which is a member of NATO, stupidly decided not to give me the Nobel Peace Prize, but it doesn't matter at all. 

John Bolton:
My advice to Machado is to present Trump with the Nobel Peace Medal he is about to receive. If he does not do this, he knows better what will happen to Trump."
2009186409064911240,ab_ganji,2026-01-08 08:52:23.456000+00:00,صبر مردم شهر ایلام لبریز شد.,0,0,0,https://x.com/ab_ganji/status/2009186409064911240,صبر مردم شهر ایلام لبریز شد.,The patience of the people of Ilam was exhausted.
2008967936585945255,ab_ganji,2026-01-07 18:24:15.558000+00:00,امروز در چند شهر اعتراض #خشونت_پرهیز داشتیم.کم سابقه و ارزشمند است.سبک اعتراض اساسا موضوع فرهنگی است.این سبک اگر نهادینه شود، دشمن هم ناکام می ماند.,0,0,0,https://x.com/ab_ganji/status/2008967936585945255,امروز در چند شهر اعتراض #خشونت_پرهیز داشتیم.کم سابقه و ارزشمند است.سبک اعتراض اساسا موضوع فرهنگی است.این سبک اگر نهادینه شود، دشمن هم ناکام می ماند.,"Today, we had #violence_abstinence protest in several cities. It is rare and valuable. The style of protest is basically a cultural issue. If this style is institutionalized, the enemy will also fail."
2008951490493469157,ab_ganji,2026-01-07 17:18:54.504000+00:00,"همه دولت هایی که با هم تخاصم دارند، ملت مقابل را از حکومت جدا می کنند و می گویند ما با فلان ملت مشکلی نداریم.ما هم بارها در باره ملت آمریکا گفته ایم.ترامپ که اکنون خود را حامی مردم اعلام کرد دوبار توصیف «ملت تروریست» را درباره ملت ایران (۲۰۱۷ و ۲۰۱۸) بکار برده است.
در اواخر سال",0,0,0,https://x.com/ab_ganji/status/2008951490493469157,"همه دولت هایی که با هم تخاصم دارند، ملت مقابل را از حکومت جدا می کنند و می گویند ما با فلان ملت مشکلی نداریم.ما هم بارها در باره ملت آمریکا گفته ایم.ترامپ که اکنون خود را حامی مردم اعلام کرد دوبار توصیف «ملت تروریست» را درباره ملت ایران (۲۰۱۷ و ۲۰۱۸) بکار برده است.
در اواخر سال","All the governments that are in conflict with each other separate the opposite nation from the government and say that we have no problem with such and such a nation. We have also said many times about the American nation. Trump, who now declared himself the supporter of the people, has twice used the description of ""terrorist nation"" about the Iranian nation (2017 and 2018).
At the end of the year"
2008920375854264535,ab_ganji,2026-01-07 15:15:16.196000+00:00,"مقایسه اعتراضات و اغتشاشات امسال با١٣٩۶:

شباهت ها:
-شروع مسالمت‌آميز ، سپس اغتشاش و بعضا سلاح.
-مناطق جغرافیایی -قومی تا چهارشنبه بسیار شبیه بود.این موضوع باید توسط جامعه شناسان و دولت مورد توجه باشد.
-عقبه جمعیتی پیدا نمی کند.
-حمله به مراکز نظامی -انتظامی مشابه است.
-عدم",0,0,0,https://x.com/ab_ganji/status/2008920375854264535,"مقایسه اعتراضات و اغتشاشات امسال با١٣٩۶:

شباهت ها:
-شروع مسالمت‌آميز ، سپس اغتشاش و بعضا سلاح.
-مناطق جغرافیایی -قومی تا چهارشنبه بسیار شبیه بود.این موضوع باید توسط جامعه شناسان و دولت مورد توجه باشد.
-عقبه جمعیتی پیدا نمی کند.
-حمله به مراکز نظامی -انتظامی مشابه است.
-عدم","Comparison of protests and riots this year with 1396:

Similarities:
-Peaceful beginning, then chaos and sometimes weapons.
- Geographical - ethnic areas were very similar until Wednesday. This issue should be considered by sociologists and the government.
Aqaba does not find a population.
Attacking military centers is similar.
- Absence"
2008857668480586001,ab_ganji,2026-01-07 11:06:05.593000+00:00,"طبع انسان طوری است که وقتی کارش دیده شود، خستگی اش تسکین می یابد.
تقدیر این مادر بزرگ از خانم های پلیس جالبه!
#زنجان",0,0,0,https://x.com/ab_ganji/status/2008857668480586001,"طبع انسان طوری است که وقتی کارش دیده شود، خستگی اش تسکین می یابد.
تقدیر این مادر بزرگ از خانم های پلیس جالبه!
#زنجان","Human nature is such that when his work is seen, his fatigue is relieved.
This great mother's appreciation of the police ladies is interesting!
#Zanjan"
2008584097191653715,ab_ganji,2026-01-06 16:59:01.115000+00:00,"عزیزانی که به سه چهار جوان فریب خورده میگن جمعیت،حتما جمعیت با شکوه مردم شریف اصفهان در محکومیت اغتشاشگران رو ندیدند.
#تبیین",0,0,0,https://x.com/younos35/status/2008584097191653715,"عزیزانی که به سه چهار جوان فریب خورده میگن جمعیت،حتما جمعیت با شکوه مردم شریف اصفهان در محکومیت اغتشاشگران رو ندیدند.
#تبیین","Dear people who say three or four deceived youths, the crowd, surely they did not see the glorious crowd of noble people of Isfahan condemning the rioters.
# Explanation"
