tweet_id,username,created_at,text,replies,retweets,likes,url,year,month,date,Text_original,Text_en
2019056101065449582,abdeekalantari,2026-02-04 16:31:01.399,"A sharp critique of “sanctions-first” lens on Iran; urging that external pressures and internal repression both matter, not just geopolitics. Essential reading for anyone who cares about workers’ rights & solidarity.",0,0,0,https://x.com/AbdeeKalantari/status/2019056101065449582,2026,2,2026-02-04,"A sharp critique of “sanctions-first” lens on Iran; urging that external pressures and internal repression both matter, not just geopolitics. Essential reading for anyone who cares about workers’ rights & solidarity.","A sharp critique of “sanctions-first” lens on Iran; urging that external pressures and internal repression both matter, not just geopolitics. Essential reading for anyone who cares about workers’ rights & solidarity."
2019056512614760690,abdeekalantari,2026-02-04 16:32:39.520,@vijayprashad,0,0,0,https://x.com/AbdeeKalantari/status/2019056512614760690,2026,2,2026-02-04,@vijayprashad,@vijayprashad
2017582025125802331,abdeekalantari,2026-01-31 14:53:34.308,Excellent analysis about current situation in Iran,0,0,0,https://x.com/AbdeeKalantari/status/2017582025125802331,2026,1,2026-01-31,Excellent analysis about current situation in Iran,Excellent analysis about current situation in Iran
2012924725215772748,abdeekalantari,2026-01-18 18:27:07.481,"A short primer about the nature of the Iranian state.
POWER AND SHI'A THEOCRACY IN IRAN
Abdee Kalantari
~",0,0,0,https://x.com/AbdeeKalantari/status/2012924725215772748,2026,1,2026-01-18,"A short primer about the nature of the Iranian state.
POWER AND SHI'A THEOCRACY IN IRAN
Abdee Kalantari
~","A short primer about the nature of the Iranian state.
POWER AND SHI'A THEOCRACY IN IRAN
Abdee Kalantari
~"
2011178658044502217,abdeekalantari,2026-01-13 22:48:52.627,"Dr. Elham Hoominfar, provides important context to the current Iranian protests in her recent political commentary, Structural Crisis and the Expectation of Revolution.",0,0,0,https://x.com/AbdeeKalantari/status/2011178658044502217,2026,1,2026-01-13,"Dr. Elham Hoominfar, provides important context to the current Iranian protests in her recent political commentary, Structural Crisis and the Expectation of Revolution.","Dr. Elham Hoominfar, provides important context to the current Iranian protests in her recent political commentary, Structural Crisis and the Expectation of Revolution."
2011178659789307985,abdeekalantari,2026-01-13 22:48:53.043,"از دست ندهید!

الهام هومین‌فر
بحران ساختاری، انتظار انقلاب، و بررسی چند سوءبرداشت
×",0,0,0,https://x.com/AbdeeKalantari/status/2011178659789307985,2026,1,2026-01-13,"از دست ندهید!

الهام هومین‌فر
بحران ساختاری، انتظار انقلاب، و بررسی چند سوءبرداشت
×","Don't miss out!

The inspiration of Hominfer
Structural crisis, waiting for revolution, and examining some misconceptions
x"
2000214245628104884,abdeekalantari,2025-12-14 16:40:12.998,"خواندن لولیتا هنوز ریسکی است!
نقد و بررسی فیلم و کتاب «لولیتاخوانی در تهران»
نوشته عبدی کلانتری
-
نام‌نویسی در «ایران درفت» رایگان اما بهترین شیوه حمایت از این پایگاه و تداوم آن خرید اشتراک ماهانه یا سالانه است.
irandraft.com/abdee-kalantar
…",0,0,0,https://x.com/AbdeeKalantari/status/2000214245628104884,2025,12,2025-12-14,"خواندن لولیتا هنوز ریسکی است!
نقد و بررسی فیلم و کتاب «لولیتاخوانی در تهران»
نوشته عبدی کلانتری
-
نام‌نویسی در «ایران درفت» رایگان اما بهترین شیوه حمایت از این پایگاه و تداوم آن خرید اشتراک ماهانه یا سالانه است.
irandraft.com/abdee-kalantar
…","Reading Lolita is still risky!
Review of the film and book ""Lolita Reading in Tehran""
Written by Abdi Kalantari
-
Registering in ""Iran Draft"" is free, but the best way to support this database and its continuation is to buy a monthly or annual subscription.
irandraft.com/abdee-kalantar
…"
1993101238075056263/analytics,abdeekalantari,2025-11-25 01:35:39.844,The Gemma 3 12B model is now available through Crusoe Managed Inference. Access this powerful model and leverage Crusoe's breakthrough speed and resilient scaling.,0,0,0,https://x.com/CrusoeAI/status/1993101238075056263/analytics,2025,11,2025-11-25,The Gemma 3 12B model is now available through Crusoe Managed Inference. Access this powerful model and leverage Crusoe's breakthrough speed and resilient scaling.,The Gemma 3 12B model is now available through Crusoe Managed Inference. Access this powerful model and leverage Crusoe's breakthrough speed and resilient scaling.
1999203610039574985,abdeekalantari,2025-12-11 21:44:18.697,در طول مناظره فقط دو بار سریع به طرف مقابل که زن است نگاه می‌اندازد، با انزجار. حرف‌هاش که هیچ، تمام زبان بدنش نشان از موجودی است که یک عمر خودارضایی کرده به شدت از زنان متنفر است. سیمای روانی کسانی که با انقلاب به قدرت رسیدند و نیم قرن بر ما حکومت کردند.,0,0,0,https://x.com/AbdeeKalantari/status/1999203610039574985,2025,12,2025-12-11,در طول مناظره فقط دو بار سریع به طرف مقابل که زن است نگاه می‌اندازد، با انزجار. حرف‌هاش که هیچ، تمام زبان بدنش نشان از موجودی است که یک عمر خودارضایی کرده به شدت از زنان متنفر است. سیمای روانی کسانی که با انقلاب به قدرت رسیدند و نیم قرن بر ما حکومت کردند.,"During the debate, he only glances twice quickly at the other party, who is a woman, with disgust. His words are nothing, his whole body language is a sign of a being who has masturbated for a lifetime and strongly hates women. The mental image of those who came to power with the revolution and ruled over us for half a century."
1986817151538258240,abdeekalantari,2025-11-07 17:24:56.861,محور کارزار انتخاباتی زُهران ممدانی که پیروزیِ او را باعث شد طرح‌های بی‌سابقه‌اش برای «بحران مسکن» و «بحران مهد کودک» در نیویورک بود، دو مشکل اصلیِ زندگی و سکونت در این شهر. تنها کلید فهم پیروزی ممدانی در انتخابات شهردار این کلان‌شهر را تشریح کرده‌ایم.,0,0,0,https://x.com/AbdeeKalantari/status/1986817151538258240,2025,11,2025-11-07,محور کارزار انتخاباتی زُهران ممدانی که پیروزیِ او را باعث شد طرح‌های بی‌سابقه‌اش برای «بحران مسکن» و «بحران مهد کودک» در نیویورک بود، دو مشکل اصلیِ زندگی و سکونت در این شهر. تنها کلید فهم پیروزی ممدانی در انتخابات شهردار این کلان‌شهر را تشریح کرده‌ایم.,"The focus of Zohran Mamdani's election campaign, which led to his victory, was his unprecedented plans for the ""housing crisis"" and ""kindergarten crisis"" in New York, the two main problems of living and living in this city. We have explained the only key to understanding Mamdani's victory in the mayoral elections of this metropolis."
1984971640833269965,abdeekalantari,2025-11-02 15:11:32.821,کتاب جدید حمید دباشی «پس از بربریت: غزه، نسل‌کشی، و توهم تمدن غربی» منتشر شد. سیاوش شهابی نقدی عالی نوشته و ضمن همدلی، دریافت دباشی از «تمدن غرب» را به چالش کشیده. عضویت در «ایران‌درفت» رایگان اما خرید اشتراک ضامن تداومش است.,0,0,0,https://x.com/AbdeeKalantari/status/1984971640833269965,2025,11,2025-11-02,کتاب جدید حمید دباشی «پس از بربریت: غزه، نسل‌کشی، و توهم تمدن غربی» منتشر شد. سیاوش شهابی نقدی عالی نوشته و ضمن همدلی، دریافت دباشی از «تمدن غرب» را به چالش کشیده. عضویت در «ایران‌درفت» رایگان اما خرید اشتراک ضامن تداومش است.,"Hamid Debashi's new book ""After Barbarism: Gaza, Genocide, and the Illusion of Western Civilization"" was published. Siavash Shahabi wrote an excellent review and, while empathizing, challenged Debashi's perception of ""Western Civilization"". Membership in ""IranDraft"" is free, but purchasing a subscription guarantees its continuation."
1982410402677055864,abdeekalantari,2025-10-26 13:34:06.059,"ملودرام انتخابات شهردار نیویورک
یک یادداشت شخصی از عبدی کلانتری
abdee-kalantari.blogspot.com/2025/10/blog-p
…",0,0,0,https://x.com/AbdeeKalantari/status/1982410402677055864,2025,10,2025-10-26,"ملودرام انتخابات شهردار نیویورک
یک یادداشت شخصی از عبدی کلانتری
abdee-kalantari.blogspot.com/2025/10/blog-p
…","The melodrama of the New York mayoral election
A personal note from Abdi Kalantari
abdee-kalantari.blogspot.com/2025/10/blog-p
…"
1981598542020874297,abdeekalantari,2025-10-24 08:48:03.395,"جنجالی‌ترین بانک خصوصی ایران دو روز پیش منحل شد.  ۹۰ درصد تسهیلات «بانک آینده» به وابستگان خود و پروژه‌هایی مثل ایران‌مال و مشهد‌مال اختصاص یافته بود. وام‌ها هرگز بازپرداخت نشد. 

ماجرای یک فساد ساختاری
نوشته عبدی کلانتری",0,0,0,https://x.com/AbdeeKalantari/status/1981598542020874297,2025,10,2025-10-24,"جنجالی‌ترین بانک خصوصی ایران دو روز پیش منحل شد.  ۹۰ درصد تسهیلات «بانک آینده» به وابستگان خود و پروژه‌هایی مثل ایران‌مال و مشهد‌مال اختصاص یافته بود. وام‌ها هرگز بازپرداخت نشد. 

ماجرای یک فساد ساختاری
نوشته عبدی کلانتری","Iran's most controversial private bank was dissolved two days ago.  90% of ""Future Bank"" facilities were allocated to its affiliates and projects such as Iran Mall and Mashhad Mall. The loans were never repaid. 

The story of a structural corruption
Written by Abdi Kalantari"
1977756403449147864,abdeekalantari,2025-10-13 18:20:46.176,"در تهران اگر زندگی می‌کنید، چه توصیفی از زندگی و معیشت در این کلانشهر گویای احوال شماست؟ ناظری که هزاران فرسنگ دورتر از مرزهاست چه تصوری از زندگیِ این روزهای تهران دارد؟

گذار از تونل: زندگی و اقتصاد در تهران
نوشته عبدی کلانتری
-",0,0,0,https://x.com/AbdeeKalantari/status/1977756403449147864,2025,10,2025-10-13,"در تهران اگر زندگی می‌کنید، چه توصیفی از زندگی و معیشت در این کلانشهر گویای احوال شماست؟ ناظری که هزاران فرسنگ دورتر از مرزهاست چه تصوری از زندگیِ این روزهای تهران دارد؟

گذار از تونل: زندگی و اقتصاد در تهران
نوشته عبدی کلانتری
-","If you live in Tehran, what description of life and livelihood in this metropolis is indicative of your situation? What does an observer who is thousands of miles away from the borders have an idea of ​​life in Tehran these days?

Passing through the tunnel: life and economy in Tehran
Written by Abdi Kalantari
-"
1962531450122633485,abdeekalantari,2025-09-01 18:02:14.437,"نظر اکثریت کارشناسان نسل‌کُشی
هاآرتص به نقل از رویترز، دوشنبه ۱ اوت ۲۰۲۵ – «انجمن بین‌المللی کارشناسان نسل‌کشی» متشکل از برجسته ترین محققان نسل‌کُشی در جهان قطعنامه ای را تصویب کرد که می‌گوید معیارهای قانونی برای اثبات اینکه اسرائیل در غزه مرتکب نسل‌کشی می‌شود برآورده شده است.",0,0,0,https://x.com/AbdeeKalantari/status/1962531450122633485,2025,9,2025-09-01,"نظر اکثریت کارشناسان نسل‌کُشی
هاآرتص به نقل از رویترز، دوشنبه ۱ اوت ۲۰۲۵ – «انجمن بین‌المللی کارشناسان نسل‌کشی» متشکل از برجسته ترین محققان نسل‌کُشی در جهان قطعنامه ای را تصویب کرد که می‌گوید معیارهای قانونی برای اثبات اینکه اسرائیل در غزه مرتکب نسل‌کشی می‌شود برآورده شده است.","The opinion of the majority of genocide experts
Haaretz, quoted by Reuters, Monday, August 1, 2025 - The International Association of Genocide Experts, the world's leading genocide researchers, passed a resolution saying that the legal criteria to prove that Israel is committing genocide in Gaza have been met."
1962531451703845018,abdeekalantari,2025-09-01 18:02:14.814,هشتاد و شش درصد از اعضای پانصد نفره‌ی این انجمن از قطعنامه‌ای حمایت کردند که می‌گوید، «سیاست‌ها و اقدامات اسرائیل در غزه با تعریف حقوقی نسل‌کشی در ماده دوم کنوانسیون پیشگیری و مجازات جنایت نسل‌کشی سازمان ملل (۱۹۴۸) مطابقت دارد.»,0,0,0,https://x.com/AbdeeKalantari/status/1962531451703845018,2025,9,2025-09-01,هشتاد و شش درصد از اعضای پانصد نفره‌ی این انجمن از قطعنامه‌ای حمایت کردند که می‌گوید، «سیاست‌ها و اقدامات اسرائیل در غزه با تعریف حقوقی نسل‌کشی در ماده دوم کنوانسیون پیشگیری و مجازات جنایت نسل‌کشی سازمان ملل (۱۹۴۸) مطابقت دارد.»,"Eighty-six percent of the 500 members of the forum supported a resolution that said, ""Israel's policies and actions in Gaza are consistent with the legal definition of genocide in Article II of the United Nations Convention on the Prevention and Punishment of the Crime of Genocide (1948)."""
1962531453373120749,abdeekalantari,2025-09-01 18:02:15.212,لینک گزارش:,0,0,0,https://x.com/AbdeeKalantari/status/1962531453373120749,2025,9,2025-09-01,لینک گزارش:,Report link:
1962514486650114110,abdeekalantari,2025-09-01 16:54:50.030,گذشته نه تنها در کتاب‌های درسی یا آرشیوهای رسمی که در سریال‌های تلویزیونی، روزنامه‌ها و رسانه‌های اپوزیسیون نیز بازسازی می‌شود؛ و همین گذشته می‌تواند مسیر آینده را تعیین کند. سریال «تاسیان» تازه‌ترین نمونه از این میدان جنگ حافظه است.,0,0,0,https://x.com/AbdeeKalantari/status/1962514486650114110,2025,9,2025-09-01,گذشته نه تنها در کتاب‌های درسی یا آرشیوهای رسمی که در سریال‌های تلویزیونی، روزنامه‌ها و رسانه‌های اپوزیسیون نیز بازسازی می‌شود؛ و همین گذشته می‌تواند مسیر آینده را تعیین کند. سریال «تاسیان» تازه‌ترین نمونه از این میدان جنگ حافظه است.,"The past is recreated not only in textbooks or official archives, but also in television series, newspapers and opposition media; And the past can determine the path of the future. ""Tasyan"" series is the latest example of this memory battlefield."
1957592383425495248,abdeekalantari,2025-08-19 02:56:09.173,"بن‌بست کنونی سیاست

چه قدم‌هایی در سیاست داخلی باید برداشته شود تا ما به ورطه‌ی تهاجم نظامی از خارج، کودتا، جنگ داخلی، و فروپاشی اقتصادی و زیست‌محیطی درنغلطیم؟

عبدی کلانتری",0,0,0,https://x.com/AbdeeKalantari/status/1957592383425495248,2025,8,2025-08-19,"بن‌بست کنونی سیاست

چه قدم‌هایی در سیاست داخلی باید برداشته شود تا ما به ورطه‌ی تهاجم نظامی از خارج، کودتا، جنگ داخلی، و فروپاشی اقتصادی و زیست‌محیطی درنغلطیم؟

عبدی کلانتری","The current impasse of politics

What steps in domestic politics should be taken so that we do not fall into the abyss of foreign military invasion, coup d'état, civil war, and economic and environmental collapse?

Abdi police station"
1953076707348357555,abdeekalantari,2025-08-06 15:52:28.099,"ثبت نام رایگان در «ایران‌درفت»
چرا «اعتدال‌گرایان» خوشحالند؟
عبدی کلانتری
پس از جنگ، ضرورت تغییر «پارادایم حکمرانی» را عَلَم کرده‌اند. پارادایمی که باید تغییر کند اسلاموفاشیسم محور مقاومت است، اما شروع تغییر با پذیرش سبک زندگی طبقات متوسط نشاندار می‌شود.",0,0,0,https://x.com/AbdeeKalantari/status/1953076707348357555,2025,8,2025-08-06,"ثبت نام رایگان در «ایران‌درفت»
چرا «اعتدال‌گرایان» خوشحالند؟
عبدی کلانتری
پس از جنگ، ضرورت تغییر «پارادایم حکمرانی» را عَلَم کرده‌اند. پارادایمی که باید تغییر کند اسلاموفاشیسم محور مقاومت است، اما شروع تغییر با پذیرش سبک زندگی طبقات متوسط نشاندار می‌شود.","Free registration in ""IranDraft""
Why are ""moderates"" happy?
Abdi police station
After the war, they have shown the necessity of changing the ""governance paradigm"". The paradigm that needs to change is Islamofascism, the axis of resistance, but the beginning of change is marked by the acceptance of the lifestyle of the middle classes."
1951308248906158448,abdeekalantari,2025-08-01 18:45:14.750,پس از ماهها تدارک، «ایران‌درَفت» پایگاهی جدید در تحلیل خبر و اندیشه‌ورزی، می‌خواهد مستقل باشد  بدون وابستگی به فاندها و بودجه‌های دولتی و لابی‌ها. اشتراک فعلاً رایگان، به زودی دسترسی کامل به همه‌ی مطالب فقط با اشتراک پولی (خیلی اندک) میسر خواهد بود.,0,0,0,https://x.com/AbdeeKalantari/status/1951308248906158448,2025,8,2025-08-01,پس از ماهها تدارک، «ایران‌درَفت» پایگاهی جدید در تحلیل خبر و اندیشه‌ورزی، می‌خواهد مستقل باشد  بدون وابستگی به فاندها و بودجه‌های دولتی و لابی‌ها. اشتراک فعلاً رایگان، به زودی دسترسی کامل به همه‌ی مطالب فقط با اشتراک پولی (خیلی اندک) میسر خواهد بود.,"After months of preparation, ""Irandraft"", a new base in news analysis and thinking, wants to be independent without dependence on government funds and budgets and lobbies. Subscription is free for now, soon full access to all content will be available only with a (very small) paid subscription."
1951308250428649491,abdeekalantari,2025-08-01 18:45:15.113,سخنی از ناشر برای آشنایی بیشتر با «ایران‌درفت» -- لطفاً نام‌نویسی کنید (رایگان).,0,0,0,https://x.com/AbdeeKalantari/status/1951308250428649491,2025,8,2025-08-01,سخنی از ناشر برای آشنایی بیشتر با «ایران‌درفت» -- لطفاً نام‌نویسی کنید (رایگان).,"A word from the publisher To learn more about ""IranDraft"" -- please register (free)."
1951308251833766039,abdeekalantari,2025-08-01 18:45:15.448,سایت انگلیسی «ایران‌درفت» برای کسانی که مایل‌اند مطالب را به انگلیسی دریافت کنند. لطفاً اسم‌نویسی کنید. (رایگان),0,0,0,https://x.com/AbdeeKalantari/status/1951308251833766039,2025,8,2025-08-01,سایت انگلیسی «ایران‌درفت» برای کسانی که مایل‌اند مطالب را به انگلیسی دریافت کنند. لطفاً اسم‌نویسی کنید. (رایگان),"""Irandraft"" English website for those who want to receive the content in English. Please enter your name. (free)"
1948431369530429795,abdeekalantari,2025-07-24 20:13:33.257,برای تثبیت برتری قومی و نژادی و دینی، حاضرند پاکسازی به سبک آشویتس را در هر مقیاسی و به هر میزانی بازتولید کنند. آدم را به طرز خوفناکی یاد بسیجی‌های اوان انقلاب اسلامی و البته اسلاف‌شان در رایش سوم می‌اندازد! معجون تعصبات دینی با پوپولیسم، ناسیونالیسم، و شونیسم دولت‌مدار.,0,0,0,https://x.com/AbdeeKalantari/status/1948431369530429795,2025,7,2025-07-24,برای تثبیت برتری قومی و نژادی و دینی، حاضرند پاکسازی به سبک آشویتس را در هر مقیاسی و به هر میزانی بازتولید کنند. آدم را به طرز خوفناکی یاد بسیجی‌های اوان انقلاب اسلامی و البته اسلاف‌شان در رایش سوم می‌اندازد! معجون تعصبات دینی با پوپولیسم، ناسیونالیسم، و شونیسم دولت‌مدار.,"In order to establish their ethnic, racial and religious supremacy, they are ready to reproduce Auschwitz-style cleansing on any scale and to any extent. It reminds one terribly of the Basijs of the days of the Islamic Revolution and of course their predecessors in the Third Reich! The concoction of religious prejudices with populism, nationalism, and state-oriented chauvinism."
1943749424674746859,abdeekalantari,2025-07-11 22:09:10.617,طرح لبنان کردن ایران، به روایت میلاد پورعیسی,0,0,0,https://x.com/AbdeeKalantari/status/1943749424674746859,2025,7,2025-07-11,طرح لبنان کردن ایران، به روایت میلاد پورعیسی,"The plan to Lebanonize Iran, according to Milad Pouraisi"
1936470556309688500,abdeekalantari,2025-06-21 20:05:33.164,"در روز هشتمِ تهاجم اسراییل به ایران، دیروز ۲۰ ژوئن ۲۰۲۵، جنگ وارد فاز تازه‌ای شد اما ارزیابی از این فاز در دو مسیر مخالف جلو می‌رود. منطقاً یکی از این دو ارزیابی نادرست باید باشد.

دو ارزیابی متضاد
نوشته عبدی کلانتری
abdee-kalantari.blogspot.com/2025/06/blog-p
…",0,0,0,https://x.com/AbdeeKalantari/status/1936470556309688500,2025,6,2025-06-21,"در روز هشتمِ تهاجم اسراییل به ایران، دیروز ۲۰ ژوئن ۲۰۲۵، جنگ وارد فاز تازه‌ای شد اما ارزیابی از این فاز در دو مسیر مخالف جلو می‌رود. منطقاً یکی از این دو ارزیابی نادرست باید باشد.

دو ارزیابی متضاد
نوشته عبدی کلانتری
abdee-kalantari.blogspot.com/2025/06/blog-p
…","On the eighth day of Israel's attack on Iran, yesterday, June 20, 2025, the war entered a new phase, but the assessment of this phase is moving in two opposite directions. Logically, one of these two assessments must be incorrect.

Two contrasting assessments
Written by Abdi Kalantari
abdee-kalantari.blogspot.com/2025/06/blog-p
…"
1935681084580392988,abdeekalantari,2025-06-19 15:48:28.436,"پس از رهبر، پس از فوردو
نوشته عبدی کلانتری
از دید استراتژیکِ آمریکا، دو رویداد نشانه‌ی عبور از وضعیتِ هنوز نامعینِ دیپلماسی به نحوی است که دیگر بازگشت به میز مذاکره ناممکن یا بی‌معنی خواهد بود. قتل رهبر جمهوری اسلامی، و نابودی فوردو.",0,0,0,https://x.com/AbdeeKalantari/status/1935681084580392988,2025,6,2025-06-19,"پس از رهبر، پس از فوردو
نوشته عبدی کلانتری
از دید استراتژیکِ آمریکا، دو رویداد نشانه‌ی عبور از وضعیتِ هنوز نامعینِ دیپلماسی به نحوی است که دیگر بازگشت به میز مذاکره ناممکن یا بی‌معنی خواهد بود. قتل رهبر جمهوری اسلامی، و نابودی فوردو.","After the leader, after Fordo
Written by Abdi Kalantari
From America's strategic point of view, the two events are a sign of passing through the still uncertain state of diplomacy in such a way that it will be impossible or meaningless to return to the negotiating table. The killing of the leader of the Islamic Republic, and the destruction of Fordo."
1933286478182072510,abdeekalantari,2025-06-13 01:13:09.781,ساختار حقوقی و سیاسیِ زن‌کُشی را جمهوری اسلامی فراهم می‌کند، اما «فرهنگ مردانگی» هم سهم بزرگی در این قتل‌ها دارد، فرهنگی که با فوبیای ناموس و سکس در روان بسیاری از ما مردان گره خورده. «ساختار» و «عاملیت مردانه» هر دو مقصرند. این بیانیه خطاب به مردان است.,0,0,0,https://x.com/AbdeeKalantari/status/1933286478182072510,2025,6,2025-06-13,ساختار حقوقی و سیاسیِ زن‌کُشی را جمهوری اسلامی فراهم می‌کند، اما «فرهنگ مردانگی» هم سهم بزرگی در این قتل‌ها دارد، فرهنگی که با فوبیای ناموس و سکس در روان بسیاری از ما مردان گره خورده. «ساختار» و «عاملیت مردانه» هر دو مقصرند. این بیانیه خطاب به مردان است.,"The Islamic Republic provides the legal and political structure for femicide, but the ""culture of masculinity"" also plays a big role in these murders, a culture that is tied to the phobia of honor and sex in the psyche of many of us men. ""Structure"" and ""male agency"" are both to blame. This statement is addressed to men."
1925867554808996164,abdeekalantari,2025-05-23 13:53:00.612,ایلنا گزارشی منتشر کرده از وضعیت وحشتناک بخش زنان و زایمان بیمارستانی در سیستان و بلوچستان، زنانی که بعد از زایمان به اتاقی بدون تهویه و با تختهای به هم چسبیده منتقل میشوند و باید در آن شرایط و تنها با در دسترس بودن یک روشویی از کودکان خود نگهداری کنند. برای نگهداری از ۴۴ نوزاد,0,0,0,https://x.com/BanafshehJamali/status/1925867554808996164,2025,5,2025-05-23,ایلنا گزارشی منتشر کرده از وضعیت وحشتناک بخش زنان و زایمان بیمارستانی در سیستان و بلوچستان، زنانی که بعد از زایمان به اتاقی بدون تهویه و با تختهای به هم چسبیده منتقل میشوند و باید در آن شرایط و تنها با در دسترس بودن یک روشویی از کودکان خود نگهداری کنند. برای نگهداری از ۴۴ نوزاد,"Ilana has published a report about the terrible situation of the obstetrics and gynecology department of a hospital in Sistan and Baluchistan, women who after giving birth are transferred to a room with no ventilation and with beds stuck together and have to take care of their children in those conditions and only with the availability of a wash basin. To take care of 44 babies"
1925936778185154837,abdeekalantari,2025-05-23 18:28:04.751,"تبریک به دست‌اندرکاران «آسو» برای طراحی جدید وبسایت: ساده و زیبا (بویژه روی مانیتور بزرگ)، تینت کهربایی تصویرها و تم قهوه‌ای کمرنگ وبسایت، فانت خوش‌خوان، منوی مینیمال، دو خط عمودی قرمز برای موضوع‌ها، مطالب گزیده پایین صفحه، همه باسلیقه، چشم‌نواز و  جذاب!
aasoo.org",0,0,0,https://x.com/AbdeeKalantari/status/1925936778185154837,2025,5,2025-05-23,"تبریک به دست‌اندرکاران «آسو» برای طراحی جدید وبسایت: ساده و زیبا (بویژه روی مانیتور بزرگ)، تینت کهربایی تصویرها و تم قهوه‌ای کمرنگ وبسایت، فانت خوش‌خوان، منوی مینیمال، دو خط عمودی قرمز برای موضوع‌ها، مطالب گزیده پایین صفحه، همه باسلیقه، چشم‌نواز و  جذاب!
aasoo.org","Congratulations to ""Aso"" developers for the new website design: simple and beautiful (especially on a large monitor), amber tint of images and pale brown theme of the website, easy-to-read font, minimal menu, two red vertical lines for topics, excerpts at the bottom of the page, all tasteful, eye-catching and attractive!
aasoo.org"
1923277148669743358,abdeekalantari,2025-05-16 10:19:39.661,"طبقه متوسط ایرونی باید میان شاخ زیتون ترامپ و خدنگ نتانیاهو دست به انتخاب بزند! صلح یا موشک؟ گزینه‌ی اول به منافع مادی و رفع تحریم اقتصادی مربوط است، گزینه‌ی دوم به گوشمالی آخوند و سپاه و یحتمل امکان براندازی.
بخوانید
شاخه زیتون ترامپ 
عبدی کلانتری",0,0,0,https://x.com/AbdeeKalantari/status/1923277148669743358,2025,5,2025-05-16,"طبقه متوسط ایرونی باید میان شاخ زیتون ترامپ و خدنگ نتانیاهو دست به انتخاب بزند! صلح یا موشک؟ گزینه‌ی اول به منافع مادی و رفع تحریم اقتصادی مربوط است، گزینه‌ی دوم به گوشمالی آخوند و سپاه و یحتمل امکان براندازی.
بخوانید
شاخه زیتون ترامپ 
عبدی کلانتری","The Iranian middle class must choose between Trump's olive horn and Netanyahu's horn! Peace or missiles? The first option is related to material benefits and the lifting of the economic embargo, the second option is related to the wealth of the mullahs and the IRGC and the possibility of overthrow.
read
Trump's olive branch 
Abdi police station"
1921230712847364490,abdeekalantari,2025-05-10 18:47:51.340,خلیج فارس از ابتدای تاریخنگاریِ باستان خلیج فارس نام داشته، اما این ژانر دوست‌داشتنی بنام «موسیقی خلیج» (الموسيقى الخليجية) ریشه‌ در زبان و فرهنگ مردمانی دارد که قرن‌ها در اطراف خلیج از جمله جنوب ایران زیسته‌اند، نام تاریخی آن رود ما هم شط‌العرب بوده!,0,0,0,https://x.com/AbdeeKalantari/status/1921230712847364490,2025,5,2025-05-10,خلیج فارس از ابتدای تاریخنگاریِ باستان خلیج فارس نام داشته، اما این ژانر دوست‌داشتنی بنام «موسیقی خلیج» (الموسيقى الخليجية) ریشه‌ در زبان و فرهنگ مردمانی دارد که قرن‌ها در اطراف خلیج از جمله جنوب ایران زیسته‌اند، نام تاریخی آن رود ما هم شط‌العرب بوده!,"The Persian Gulf has been called the Persian Gulf since the beginning of ancient historiography, but this lovely genre called ""Music of the Gulf"" (الموسیقی الخلیجية) is rooted in the language and culture of the people who have lived around the Gulf, including southern Iran, for centuries. The historical name of that river was Shat al-Arab!"
1921230714378260605,abdeekalantari,2025-05-10 18:47:51.705,«موسیقی خلیج» (الموسيقى الخليجية),0,0,0,https://x.com/AbdeeKalantari/status/1921230714378260605,2025,5,2025-05-10,«موسیقی خلیج» (الموسيقى الخليجية),“Khaleej Music” (Gulf music)
1921025114440699983,abdeekalantari,2025-05-10 05:10:52.860,"یک گفتار عالی: پدیداری مفهم ملیت در ژانرهای دیداری مدرن ایران؛ تأثیر ناسیونالیسم و برداشت جدید از «وطن» در هنرهای تصویری، «هنر ملی» همچون برآیندی از عملکرد شرق‌شناسی اروپایی در ایران. این تحقیق دانشگاهی را خیزران اسماعیل‌زاده انجام داده. ۱/۲
 
youtu.be/VK_A1Qjf4_E?si
… via 
@YouTube",0,0,0,https://x.com/AbdeeKalantari/status/1921025114440699983,2025,5,2025-05-10,"یک گفتار عالی: پدیداری مفهم ملیت در ژانرهای دیداری مدرن ایران؛ تأثیر ناسیونالیسم و برداشت جدید از «وطن» در هنرهای تصویری، «هنر ملی» همچون برآیندی از عملکرد شرق‌شناسی اروپایی در ایران. این تحقیق دانشگاهی را خیزران اسماعیل‌زاده انجام داده. ۱/۲
 
youtu.be/VK_A1Qjf4_E?si
… via 
@YouTube","A great speech: the phenomenon of the concept of nationality in modern visual genres of Iran; The influence of nationalism and the new perception of ""homeland"" in visual arts, ""national art"" as a result of European orientalism in Iran. This academic research was done by Khaizran Ismailzadeh. 1/2
 
youtu.be/VK_A1Qjf4_E?si
... via 
@YouTube"
1921025115887714508,abdeekalantari,2025-05-10 05:10:53.205,در بخش دوم این پنل، در کنفرانس ایران‌پژوهی، مرضیه ثابت اقلیدی در تاریخ‌نگاری معماری در ایران ابرروایت‌های غالب را به چالش می‌کشد: «صدا بخشیدن به صدای بی‌صدایان» در تاریخ هنر ایران. دانش تاریخ‌نگاری معماری نیز نخست بوسیله شرق‌شناسان به ایران وارد شد. حتماً تا آخر ببینید! ۲/۲,0,0,0,https://x.com/AbdeeKalantari/status/1921025115887714508,2025,5,2025-05-10,در بخش دوم این پنل، در کنفرانس ایران‌پژوهی، مرضیه ثابت اقلیدی در تاریخ‌نگاری معماری در ایران ابرروایت‌های غالب را به چالش می‌کشد: «صدا بخشیدن به صدای بی‌صدایان» در تاریخ هنر ایران. دانش تاریخ‌نگاری معماری نیز نخست بوسیله شرق‌شناسان به ایران وارد شد. حتماً تا آخر ببینید! ۲/۲,"In the second part of this panel, at the Iranian Studies Conference, Marzieh Thabit Euklidi challenges the dominant narratives in the historiography of architecture in Iran: ""Giving voice to the voiceless"" in the history of Iranian art. The knowledge of architectural historiography was first brought to Iran by orientalists. Be sure to watch until the end! 2/2"
1921000141588189360,abdeekalantari,2025-05-10 03:31:38.868,یوسف فاطمی: برخلاف پیرامون، که به خاطر تجربه رنج و تبعیض، توان و میل همدردی دارد ـ چنان‌که تبریز با فاجعه بندرعباس همدردی می‌کند یا خوزستان به تراکتور تبریک می‌گوید ـ مرکز، به‌ویژه در نمودهای نمادین‌اش مانند پرسپولیس و استقلال، این توان را از دست داده است.,0,0,0,https://x.com/AbdeeKalantari/status/1921000141588189360,2025,5,2025-05-10,یوسف فاطمی: برخلاف پیرامون، که به خاطر تجربه رنج و تبعیض، توان و میل همدردی دارد ـ چنان‌که تبریز با فاجعه بندرعباس همدردی می‌کند یا خوزستان به تراکتور تبریک می‌گوید ـ مرکز، به‌ویژه در نمودهای نمادین‌اش مانند پرسپولیس و استقلال، این توان را از دست داده است.,"Youssef Fatemi: Unlike the periphery, which has the ability and desire to sympathize due to the experience of suffering and discrimination - as Tabriz sympathizes with the Bandar Abbas disaster or Khuzestan congratulates the tractor - the center, especially in its symbolic manifestations such as Persepolis and Esteghlal, has lost this ability."
1919683979239620818,abdeekalantari,2025-05-06 12:21:41.311,"کارگران بلوچ و افغانستانی بی‌شناسنامه در #بندرعباس کشته شدند که در آمارها نمی‌آیند. اسمشان در هیچ جا نیست. انسان‌های نامرئی که دولت زندگی و مرگشان را به رسمیت نمی‌شناسد.
آدم با این همه ظلم، ظلم مضاعف، چه کند؟",0,0,0,https://x.com/termehhastam/status/1919683979239620818,2025,5,2025-05-06,"کارگران بلوچ و افغانستانی بی‌شناسنامه در #بندرعباس کشته شدند که در آمارها نمی‌آیند. اسمشان در هیچ جا نیست. انسان‌های نامرئی که دولت زندگی و مرگشان را به رسمیت نمی‌شناسد.
آدم با این همه ظلم، ظلم مضاعف، چه کند؟","Unidentified Baloch and Afghan workers were killed in #Bandar Abbas, which are not included in the statistics. Their names are nowhere. Invisible people whose life and death are not recognized by the government.
What should one do with all this cruelty, double cruelty?"
1917586141873664476,abdeekalantari,2025-04-30 17:25:37.907,"اکثر کارگرانِ کارگاه‌های قالیبافی 
زن بودند و با دستمزدی اندک کار می‌کردند. 
برای اولین بار در میتینگ اول ماه می سال ۱۳۲۵ حضور یافتند.
سازمان دهندگان کارگری عقب‌افتاده نبودند و 
چادر و بی‌چادری برایشان علی‌السویه بود.
تصویر از روزنامه‌ی «ظفر»، ۲۶ اردیبهشت ۱۳۲۵.
#روز_جهانی_کارگر",0,0,0,https://x.com/hesssamtp/status/1917586141873664476,2025,4,2025-04-30,"اکثر کارگرانِ کارگاه‌های قالیبافی 
زن بودند و با دستمزدی اندک کار می‌کردند. 
برای اولین بار در میتینگ اول ماه می سال ۱۳۲۵ حضور یافتند.
سازمان دهندگان کارگری عقب‌افتاده نبودند و 
چادر و بی‌چادری برایشان علی‌السویه بود.
تصویر از روزنامه‌ی «ظفر»، ۲۶ اردیبهشت ۱۳۲۵.
#روز_جهانی_کارگر","Most of the workers in carpet weaving workshops 
They were women and they worked for a small salary. 
They attended the meeting on May 1, 1325 for the first time.
Labor organizers were not backward and 
For them, having a tent and not having a tent was a thing of the past.
Image from ""Zafar"" newspaper, May 26, 1325.
#International_Workers_Day"
1917331547629236526,abdeekalantari,2025-04-30 00:33:57.909,اینکه مردمی بی‌چشمداشت برای رفع بی‌کفایتیِ حاکمیت به درمان و تعمیر و رفع نیازِ هم برمی‌خیزند اسمش انسان‌دوستی است نه ایران و وطن!. مراقبِ بارِ معناییِ کلمات باشیم تا پیاده نظام فاشیسمِ وطنی نشویم.,0,0,0,https://x.com/khosrowsb/status/1917331547629236526,2025,4,2025-04-30,اینکه مردمی بی‌چشمداشت برای رفع بی‌کفایتیِ حاکمیت به درمان و تعمیر و رفع نیازِ هم برمی‌خیزند اسمش انسان‌دوستی است نه ایران و وطن!. مراقبِ بارِ معناییِ کلمات باشیم تا پیاده نظام فاشیسمِ وطنی نشویم.,"It is called philanthropy, not Iran and the country! Let's be careful about the semantic load of words so that we don't become the foot soldiers of national fascism."
1917258766480990541,abdeekalantari,2025-04-29 19:44:45.531,وزیر کشور: «ساده می‌گویم پدافند غیرعامل یعنی همه تخم‌مرغ‌ها را در یک سبد نگذاریم و اصل پراکندگی را رعایت کنیم، اگر اتفاقی افتاد همه مجموعه از بین نرود.» ـ این زبان غیرشفاف و دغل‌کار «همه تخم‌مرغ‌ها» فقط لاپوشانی فعالیت غیرقانونی و مجرمانه سپاه در محل انبار کالاهای غیرنظامی است.,0,0,0,https://x.com/AbdeeKalantari/status/1917258766480990541,2025,4,2025-04-29,وزیر کشور: «ساده می‌گویم پدافند غیرعامل یعنی همه تخم‌مرغ‌ها را در یک سبد نگذاریم و اصل پراکندگی را رعایت کنیم، اگر اتفاقی افتاد همه مجموعه از بین نرود.» ـ این زبان غیرشفاف و دغل‌کار «همه تخم‌مرغ‌ها» فقط لاپوشانی فعالیت غیرقانونی و مجرمانه سپاه در محل انبار کالاهای غیرنظامی است.,"Minister of Interior: ""I'm simply saying that passive defense means not putting all the eggs in one basket and respecting the principle of dispersion, if something happens, the whole collection will not be destroyed."" This opaque and deceitful language of ""all the eggs"" is just a cover-up of the IRGC's illegal and criminal activity in the civilian goods warehouse."
1917191165767540954,abdeekalantari,2025-04-29 15:16:08.265,روزنامه سازندگی: «زمان ترخیص کالا در بندر رجایی [با ۱۴۰ هزار کانتِینر] عدد عجیب ۶ تا ۹۰ روز است؛ این عدد در بنادر مهم جهان ۱۲ تا ۴۸ ساعت است.» یعنی هزاران تن مواد قابل اشتعال یا محترقه ماه‌ها بی‌حفاظ در انباری که کارگران در آن روزانه کار می‌کنند در انتظار «سانحه» می‌نشیند!,0,0,0,https://x.com/AbdeeKalantari/status/1917191165767540954,2025,4,2025-04-29,روزنامه سازندگی: «زمان ترخیص کالا در بندر رجایی [با ۱۴۰ هزار کانتِینر] عدد عجیب ۶ تا ۹۰ روز است؛ این عدد در بنادر مهم جهان ۱۲ تا ۴۸ ساعت است.» یعنی هزاران تن مواد قابل اشتعال یا محترقه ماه‌ها بی‌حفاظ در انباری که کارگران در آن روزانه کار می‌کنند در انتظار «سانحه» می‌نشیند!,"Sazendagi newspaper: ""The clearance time at Rajaei port [with 140,000 containers] is a strange number of 6 to 90 days; This number is 12 to 48 hours in important ports of the world. That is, thousands of tons of flammable or inflammable materials sit unprotected for months in the warehouse where workers work daily, waiting for an ""accident""!"
1915883915358724172,abdeekalantari,2025-04-26 00:41:35.480,ریچارد گییر شعری می خواند از محمود درویش.,0,0,0,https://x.com/AbdeeKalantari/status/1915883915358724172,2025,4,2025-04-26,ریچارد گییر شعری می خواند از محمود درویش.,Richard Geyer sings a poem by Mahmoud Darvish.
1915519861293498823,abdeekalantari,2025-04-25 00:34:58.227,این جهنمی که ساخته هیچ‌وقت عادی نمی‌شه.,0,0,0,https://x.com/Abgavazn/status/1915519861293498823,2025,4,2025-04-25,این جهنمی که ساخته هیچ‌وقت عادی نمی‌شه.,This hell he created will never be normal.
1915398127378481328,abdeekalantari,2025-04-24 16:31:14.600,"اخیراً ویدیویی از شبکه‌ی «من و تو» در فضای مجازی هم‌رسانی شد و چنان‌که از این شبکه انتظار می‌رود با محتوایی به‌غایت سطحی و مبتذل، که در حالت عادی ارزش واکنش‌ و پاسخی ندارد. این ویدئو تکرار یکی از حیله‌های قدیمی و کارآمد سرمایه‌داری بود.
pecritique.com/?p=35429",0,0,0,https://x.com/pecritique/status/1915398127378481328,2025,4,2025-04-24,"اخیراً ویدیویی از شبکه‌ی «من و تو» در فضای مجازی هم‌رسانی شد و چنان‌که از این شبکه انتظار می‌رود با محتوایی به‌غایت سطحی و مبتذل، که در حالت عادی ارزش واکنش‌ و پاسخی ندارد. این ویدئو تکرار یکی از حیله‌های قدیمی و کارآمد سرمایه‌داری بود.
pecritique.com/?p=35429","Recently, a video from the ""Man and You"" network was shared in the virtual space, and as expected from this network, with extremely superficial and vulgar content, which is not worth a reaction and response in normal conditions. This video was a repetition of one of the old and efficient tricks of capitalism.
pecritique.com/?p=35429"
1914311399091667362,abdeekalantari,2025-04-21 16:32:58.386,"این مقاله نوشته علی رسولی درباره سرنوشت مذاکرات ایران و آمریکا جامع و همه سویه است، احتمالات آینده برای پیروزی یا شکست را بخوبی توضیح می‌دهد، حتا احتمال ضعیفِ استحاله و «غربی» شدن نظام آخوندی را.

«برجام ۲»، «جمهوری اسلامی ۲» یا «چکاندن ماشه»؟",0,0,0,https://x.com/AbdeeKalantari/status/1914311399091667362,2025,4,2025-04-21,"این مقاله نوشته علی رسولی درباره سرنوشت مذاکرات ایران و آمریکا جامع و همه سویه است، احتمالات آینده برای پیروزی یا شکست را بخوبی توضیح می‌دهد، حتا احتمال ضعیفِ استحاله و «غربی» شدن نظام آخوندی را.

«برجام ۲»، «جمهوری اسلامی ۲» یا «چکاندن ماشه»؟","This article written by Ali Rasouli about the fate of Iran-US negotiations is comprehensive and comprehensive, it explains well the future possibilities for victory or defeat, even the weak possibility of transformation and ""westernization"" of the mullahs' regime.

""JCPOA 2"", ""Islamic Republic 2"" or ""trickle down""?"
1911764492725203266,abdeekalantari,2025-04-14 15:52:28.589,پایین آمدن نرخ دلار در اثر مذاکرات شنبه گذشته بر معیشت مردم تأثیر مثبت می‌گذارد، ولو آنکه آینده گفتگوها هنوز مشخص نباشد. این «تأثیر عینیِ» سخنان مثبت دو طرف بر بازار ارز است، فارغ از گرایش سیاسیِ هریک از ما. ببینیم اپوزیسیون و رسانه‌هاش چقدر مایل‌اند در این روند تخریب صورت بگیرد!,0,0,0,https://x.com/AbdeeKalantari/status/1911764492725203266,2025,4,2025-04-14,پایین آمدن نرخ دلار در اثر مذاکرات شنبه گذشته بر معیشت مردم تأثیر مثبت می‌گذارد، ولو آنکه آینده گفتگوها هنوز مشخص نباشد. این «تأثیر عینیِ» سخنان مثبت دو طرف بر بازار ارز است، فارغ از گرایش سیاسیِ هریک از ما. ببینیم اپوزیسیون و رسانه‌هاش چقدر مایل‌اند در این روند تخریب صورت بگیرد!,"The lowering of the dollar rate as a result of last Saturday's talks has a positive effect on people's livelihood, even though the future of the talks is not yet clear. This is the ""objective effect"" of the positive words of both sides on the currency market, regardless of the political orientation of each of us. Let's see how much the opposition and its media are willing to destroy in this process!"
1910510585998868697,abdeekalantari,2025-04-11 04:49:53.929,اعلام تعرفه‌های وسیع که به سقوط بی‌سابقه بازار بورس انجامید و سپس معلق کردن همان تعرفه‌ها تا بهای سهام دوباره به کهکشان برود باعث شد ثروتمندترین افراد جهان یکشبه ۳۰۴ میلیارد دلار به مجموع دارایی خالص خود بیفزایند، بزرگترین افزایش یک روزه در تاریخ ایندکس میلیاردرهای بلومبرگ!,0,0,0,https://x.com/AbdeeKalantari/status/1910510585998868697,2025,4,2025-04-11,اعلام تعرفه‌های وسیع که به سقوط بی‌سابقه بازار بورس انجامید و سپس معلق کردن همان تعرفه‌ها تا بهای سهام دوباره به کهکشان برود باعث شد ثروتمندترین افراد جهان یکشبه ۳۰۴ میلیارد دلار به مجموع دارایی خالص خود بیفزایند، بزرگترین افزایش یک روزه در تاریخ ایندکس میلیاردرهای بلومبرگ!,"The announcement of massive tariffs, which led to an unprecedented fall in the stock market, and then suspending the same tariffs until the stock price went up again, caused the world's richest people to add $304 billion to their total net worth overnight, the largest one-day increase in the history of the Bloomberg Billionaires Index!"
1910510588607742034,abdeekalantari,2025-04-11 04:49:54.551,سناتور دموکرات، آدام شیف، حالا از کنگره می‌خواهد مشخص کند که آیا دولت ترامپ مرتکب تقلب «معاملات با اطلاع قبلی» (اینسایدر تریدینگ)  شده یا نشده، که همان دستکاری غیرقانونی بازار بورس به قصد سودجویی است. ترامپ پیامک داده بود، «همین الان وقت خرید [سهام] است.»,0,0,0,https://x.com/AbdeeKalantari/status/1910510588607742034,2025,4,2025-04-11,سناتور دموکرات، آدام شیف، حالا از کنگره می‌خواهد مشخص کند که آیا دولت ترامپ مرتکب تقلب «معاملات با اطلاع قبلی» (اینسایدر تریدینگ)  شده یا نشده، که همان دستکاری غیرقانونی بازار بورس به قصد سودجویی است. ترامپ پیامک داده بود، «همین الان وقت خرید [سهام] است.»,"Democratic Senator Adam Schiff is now asking Congress to determine whether the Trump administration committed insider trading fraud, which is the illegal manipulation of the stock market for profit. ""Now is the time to buy [stocks],"" Trump tweeted."
1910008111038923173,abdeekalantari,2025-04-09 19:33:14.563,۱/۵ تلاش ترامپ برای مهار چین ودیگر اقتصادهای صادراتی، و بازگرداندن سرمایه به آمریکا به عنوان یک قدرت صنعتی، در حالی‌که فقط ۹ درصد نیروی کار این کشور در تولید کارخانه‌ای اشتغال دارد، نیازمند دخالت عظیم دولتی و شوک‌های مرگبار به روابط پیچیده‌ی سرمایه‌ی فراملی است.,0,0,0,https://x.com/AbdeeKalantari/status/1910008111038923173,2025,4,2025-04-09,۱/۵ تلاش ترامپ برای مهار چین ودیگر اقتصادهای صادراتی، و بازگرداندن سرمایه به آمریکا به عنوان یک قدرت صنعتی، در حالی‌که فقط ۹ درصد نیروی کار این کشور در تولید کارخانه‌ای اشتغال دارد، نیازمند دخالت عظیم دولتی و شوک‌های مرگبار به روابط پیچیده‌ی سرمایه‌ی فراملی است.,"1/5 Trump's attempt to curb China and other export economies, and return capital to America as an industrial power, while only 9% of the country's workforce is employed in factory production, requires massive government intervention and fatal shocks to the complex relationships of transnational capital."
1910008115359277532,abdeekalantari,2025-04-09 19:33:15.593,۴/۵ در یک لیبرال‌دموکراسیِ ثروتمند، راه جلوگیری از زوال صنعتی و شرط احیاء تولید عبارت است از: تعدیل ثروت (بویژه از نوع رانتی فناوری اطلاعات)،کاهش شکاف طبقاتی با سیاست عادلانه مالیاتی، توزیع درآمد به نفع طبقات میانی و پایینی، سرمایه‌گذاری در زیرساخت‌های ملی، صنعت سبز، و رفاه عامه.,0,0,0,https://x.com/AbdeeKalantari/status/1910008115359277532,2025,4,2025-04-09,۴/۵ در یک لیبرال‌دموکراسیِ ثروتمند، راه جلوگیری از زوال صنعتی و شرط احیاء تولید عبارت است از: تعدیل ثروت (بویژه از نوع رانتی فناوری اطلاعات)،کاهش شکاف طبقاتی با سیاست عادلانه مالیاتی، توزیع درآمد به نفع طبقات میانی و پایینی، سرمایه‌گذاری در زیرساخت‌های ملی، صنعت سبز، و رفاه عامه.,"4.5 In a rich liberal democracy, the way to prevent industrial decline and the condition for revitalizing production are: adjustment of wealth (especially information technology rentier type), reduction of class gap with fair tax policy, distribution of income in favor of middle and lower classes, investment in national infrastructure, green industry, and public welfare."
1910008116978032899,abdeekalantari,2025-04-09 19:33:15.979,۵/۵ در نهایت اما «سرمایه» وطن ندارد، یک نیروی خودگسترنده است که مدام بازار می‌طلبد، همواره به جایی می‌رود که تولید ارزان‌تر و نرخ ارزش اضافه، منشأ سود، بیشتر باشد. دولت «ملی» نمی‌تواند جلو «فرار» سرمایه تولیدی را بگیرد مگر با تعرفه، قلدری، یا باج‌دهی ـ همان ابزارهای ترامپیسم.,0,0,0,https://x.com/AbdeeKalantari/status/1910008116978032899,2025,4,2025-04-09,۵/۵ در نهایت اما «سرمایه» وطن ندارد، یک نیروی خودگسترنده است که مدام بازار می‌طلبد، همواره به جایی می‌رود که تولید ارزان‌تر و نرخ ارزش اضافه، منشأ سود، بیشتر باشد. دولت «ملی» نمی‌تواند جلو «فرار» سرمایه تولیدی را بگیرد مگر با تعرفه، قلدری، یا باج‌دهی ـ همان ابزارهای ترامپیسم.,"5.5 In the end, ""capital"" has no homeland, it is a self-expanding force that constantly demands a market, it always goes to a place where production is cheaper and the rate of added value, the source of profit, is higher. The ""national"" government cannot stop the ""flight"" of productive capital except by tariffs, bullying, or blackmail - the same tools of Trumpism."
1909936791345418613,abdeekalantari,2025-04-09 14:49:50.623,ترامپ دیروز ده‌ها نیروگاه زغال‌سنگ را در آمریکا از رعایت قوانین زیست‌محیطی معاف کرد، مقرراتی که برای جلوگیری از آلودگی در انتشار جیوه، سرب، نیکل و آرسنیک اِعمال می‌شد. این مواد باعث سرطان، حمله قلبی، و توقف رشد کودک می‌شوند. یک قلم دیگر از بازگرداندن آمریکا به «عظمت»ش!,0,0,0,https://x.com/AbdeeKalantari/status/1909936791345418613,2025,4,2025-04-09,ترامپ دیروز ده‌ها نیروگاه زغال‌سنگ را در آمریکا از رعایت قوانین زیست‌محیطی معاف کرد، مقرراتی که برای جلوگیری از آلودگی در انتشار جیوه، سرب، نیکل و آرسنیک اِعمال می‌شد. این مواد باعث سرطان، حمله قلبی، و توقف رشد کودک می‌شوند. یک قلم دیگر از بازگرداندن آمریکا به «عظمت»ش!,"Trump yesterday exempted dozens of coal-fired power plants in the U.S. from complying with environmental rules, which were meant to prevent pollution from emitting mercury, lead, nickel and arsenic. These substances cause cancer, heart attacks, and stunted growth in children. Another item of returning America to its ""greatness""!"
1909301132909756430,abdeekalantari,2025-04-07 20:43:57.842,تعرفه‌های ترامپ فقط دور بازار آمریکا دیوار می‌کشد اما بازارهای جهانی را یک‌به‌یک به چین خواهد باخت. «سونامی صادرات چین تازه شروع شده»، هیچ کشوری در جهان یارای رقابت ندارد. گویی ترامپ می‌خواهد مصرف‌کننده آمریکایی هزینه سطح زندگی‌‌اش را از جیب خودش بپردازد تا از کیسه کارگر چینی.,0,0,0,https://x.com/AbdeeKalantari/status/1909301132909756430,2025,4,2025-04-07,تعرفه‌های ترامپ فقط دور بازار آمریکا دیوار می‌کشد اما بازارهای جهانی را یک‌به‌یک به چین خواهد باخت. «سونامی صادرات چین تازه شروع شده»، هیچ کشوری در جهان یارای رقابت ندارد. گویی ترامپ می‌خواهد مصرف‌کننده آمریکایی هزینه سطح زندگی‌‌اش را از جیب خودش بپردازد تا از کیسه کارگر چینی.,"Trump's tariffs will only build a wall around the US market, but will lose global markets one by one to China. ""China's export tsunami has just begun"", no country in the world can compete. It is as if Trump wants the American consumer to pay for his standard of living out of his own pocket rather than from the pocket of the Chinese worker."
1909301134172287136,abdeekalantari,2025-04-07 20:43:58.143,«تولیدات کارخانه‌ای چین بزرگ‌تر از مجموع تولیدات ایالات متحده، آلمان، ژاپن، کره جنوبی و بریتانیا است.» ترامپ می‌خواهد با زغال‌سنگ و نفت به جنگ روبوت‌های کارخانجات چینی برود!,0,0,0,https://x.com/AbdeeKalantari/status/1909301134172287136,2025,4,2025-04-07,«تولیدات کارخانه‌ای چین بزرگ‌تر از مجموع تولیدات ایالات متحده، آلمان، ژاپن، کره جنوبی و بریتانیا است.» ترامپ می‌خواهد با زغال‌سنگ و نفت به جنگ روبوت‌های کارخانجات چینی برود!,"""China's factory output is greater than that of the United States, Germany, Japan, South Korea, and the United Kingdom combined."" Trump wants to go to war with Chinese factory robots with coal and oil!"
1908810510465655003,abdeekalantari,2025-04-06 12:14:24.336,تقاضای اعاده دادرسی حکم اعدام #پخشان_عزیری دوباره رد شد. تعطیلات نوروز و رمضان تمام شده و خطر اجرای این حکم و احتمال تائید/اجرای دیگر احکام اعدام بیش از هر زمان دیگری وجود دارد. وظیفه رسانه‌هاست که با توقف پوشش عادی خود و تمرکز بر این موضوع، در راستای رفع این خطر تلاش کنند.,0,0,0,https://x.com/KavehGhoreishi/status/1908810510465655003,2025,4,2025-04-06,تقاضای اعاده دادرسی حکم اعدام #پخشان_عزیری دوباره رد شد. تعطیلات نوروز و رمضان تمام شده و خطر اجرای این حکم و احتمال تائید/اجرای دیگر احکام اعدام بیش از هر زمان دیگری وجود دارد. وظیفه رسانه‌هاست که با توقف پوشش عادی خود و تمرکز بر این موضوع، در راستای رفع این خطر تلاش کنند.,"The request to resume the trial of #Pakhshan_Aziri's death sentence was rejected again. Nowruz and Ramadan holidays are over and there is a risk of execution of this sentence and the possibility of confirmation/implementation of other death sentences more than ever. It is the duty of the media to stop their normal coverage and focus on this issue, to try to eliminate this danger."
1906353561631404355,abdeekalantari,2025-03-30 17:31:22.086,«فارنهایت چهار پنج یک» در فاز سامانه!,0,0,0,https://x.com/AbdeeKalantari/status/1906353561631404355,2025,3,2025-03-30,«فارنهایت چهار پنج یک» در فاز سامانه!,"""Fahrenheit Four Five One"" in the system phase!"
1906345475558477840,abdeekalantari,2025-03-30 16:59:14.216,«اولین حرف» حرف نداشت با آن ریف آغازین؛ عجب دیسیپلینی دارد این گروه در اجرای زنده! چه ریتم‌سکشنی، درامر و باس، چه دقت و کنترلی گیتارها دارند، درست خواندن آن فرازهای دشوار ترانه‌ها را ببینید! کار تمیز و تاپ و حرفه‌ای «راک» همین است.,0,0,0,https://x.com/AbdeeKalantari/status/1906345475558477840,2025,3,2025-03-30,«اولین حرف» حرف نداشت با آن ریف آغازین؛ عجب دیسیپلینی دارد این گروه در اجرای زنده! چه ریتم‌سکشنی، درامر و باس، چه دقت و کنترلی گیتارها دارند، درست خواندن آن فرازهای دشوار ترانه‌ها را ببینید! کار تمیز و تاپ و حرفه‌ای «راک» همین است.,"""The First Letter"" had nothing to do with that opening riff; Wow, this band has discipline in live performance! What a rhythm section, drummer and bass, what accuracy and control the guitars have, see how to read those difficult parts of the songs correctly! This is the clean, top and professional work of ""Rock""."
1906163013909880984,abdeekalantari,2025-03-30 04:54:11.969,کار تر و تمیز راک، جدی و حرفه‌ای - کاوه یغمایی,0,0,0,https://x.com/AbdeeKalantari/status/1906163013909880984,2025,3,2025-03-30,کار تر و تمیز راک، جدی و حرفه‌ای - کاوه یغمایی,"Neat and clean rock work, serious and professional - Kaveh Yaghmai"
1905263512328282546,abdeekalantari,2025-03-27 16:19:54.080,"علیرضا درودی دانشجوی دکترای مهندسی مکانیک دانشگاه آلاباما بوسیله مأموران مهاجرت در خارج از محل دانشگاه بازداشت و به مکان نامعلوم منتقل شده. مأموران به پرسش‌های خبرنگاران و مقامات دانشگاه تا این تاریخ پاسخی نداده‌اند.
nytimes.com/2025/03/26/us/
…",0,0,0,https://x.com/AbdeeKalantari/status/1905263512328282546,2025,3,2025-03-27,"علیرضا درودی دانشجوی دکترای مهندسی مکانیک دانشگاه آلاباما بوسیله مأموران مهاجرت در خارج از محل دانشگاه بازداشت و به مکان نامعلوم منتقل شده. مأموران به پرسش‌های خبرنگاران و مقامات دانشگاه تا این تاریخ پاسخی نداده‌اند.
nytimes.com/2025/03/26/us/
…","Alireza Droodi, a PhD student in mechanical engineering at the University of Alabama, was arrested by immigration officers outside the university and taken to an unknown location. The officers have not answered the questions of journalists and university officials until this date.
nytimes.com/2025/03/26/us/
…"
1904982661116182862,abdeekalantari,2025-03-26 21:43:53.933,اگر تصور می‌کنید معنی «توسعه» را می‌دانید، بر این باورید که الگوهای توسعه صنعتی خصوصی یا دولتی با «رفاه» شما رابطه مستقیم دارد، این گفتارِ پرکشش را ببینید (و پرسش و پاسخ هیجان‌انگیزش را) تا در باورتان تجدیدنظر کنید، متکی به تازه‌ترین تحقیقات اکولوژی سیاسی.,0,0,0,https://x.com/AbdeeKalantari/status/1904982661116182862,2025,3,2025-03-26,اگر تصور می‌کنید معنی «توسعه» را می‌دانید، بر این باورید که الگوهای توسعه صنعتی خصوصی یا دولتی با «رفاه» شما رابطه مستقیم دارد، این گفتارِ پرکشش را ببینید (و پرسش و پاسخ هیجان‌انگیزش را) تا در باورتان تجدیدنظر کنید، متکی به تازه‌ترین تحقیقات اکولوژی سیاسی.,"If you think you know what ""development"" means, believe that patterns of private or public industrial development are directly related to your ""well-being,"" watch this engaging speech (and its exciting Q&A) to reconsider your belief, based on the latest research in political ecology."
1903414763826143296,abdeekalantari,2025-03-22 13:53:38.089,دانشگاه کلمبیا تسلیم فشارهای کاخ سفید شد، پذیرفت معاون ارشد جدیدی برای نظارت بر رشته مطالعات خاورمیانه برگمارد (پلیس فکری)، همچنین قرار شد نیرویی متشکل از ۳۶ «افسر ویژه»ی حراست استخدام کند که حق دستگیری دانشجو یا هرکسی در صحن دانشگاه را دارند. دانشگاه‌های دیگر هم زیر فشارند.,0,0,0,https://x.com/AbdeeKalantari/status/1903414763826143296,2025,3,2025-03-22,دانشگاه کلمبیا تسلیم فشارهای کاخ سفید شد، پذیرفت معاون ارشد جدیدی برای نظارت بر رشته مطالعات خاورمیانه برگمارد (پلیس فکری)، همچنین قرار شد نیرویی متشکل از ۳۶ «افسر ویژه»ی حراست استخدام کند که حق دستگیری دانشجو یا هرکسی در صحن دانشگاه را دارند. دانشگاه‌های دیگر هم زیر فشارند.,"Columbia University succumbed to pressure from the White House, hired a new senior vice president to supervise Middle Eastern studies (thought police), and also decided to hire a force of 36 ""special security officers"" who have the right to arrest students or anyone on campus. Other universities are also under pressure."
1903414765235405009,abdeekalantari,2025-03-22 13:53:38.425,شرح بیشتر: گزارش نیویورک تایمز، اقدامات تنبیهی جدید در دانشگاه کلمبیا برای اعاده کمک مالی فدرال، تأسیس معاونت ارشد برای نظارت بر رشته مطالعات خاورمیانه، تعریف جدید از یهودی‌ستیزی، و استخدام سی‌وشش افسر جدید حراست با اختیارات دستگیری افراد در صحن دانشگاه.,0,0,0,https://x.com/AbdeeKalantari/status/1903414765235405009,2025,3,2025-03-22,شرح بیشتر: گزارش نیویورک تایمز، اقدامات تنبیهی جدید در دانشگاه کلمبیا برای اعاده کمک مالی فدرال، تأسیس معاونت ارشد برای نظارت بر رشته مطالعات خاورمیانه، تعریف جدید از یهودی‌ستیزی، و استخدام سی‌وشش افسر جدید حراست با اختیارات دستگیری افراد در صحن دانشگاه.,"More details: The New York Times report, new punitive measures at Columbia University to restore federal aid, the establishment of a senior vice president to oversee Middle East studies, a new definition of anti-Semitism, and the hiring of thirty-six new security officers with the authority to arrest people on campus."
1902386015257428259,abdeekalantari,2025-03-19 17:45:45.317,سلطنت‌طلب باشند یا نباشند فرقی نمی‌کند، این رسانه‌ای است با مجریانِ بی‌‌-سر‌-و‌-پا از قماش همین امید سوپرکله‌پوکِ حجیم که از هر زاویه به او نگاه کنی انگار از ابتدا با مخ معیوب از زهدان روی تشت افتاده («مارکس و ایگلز» یادتان هست؟)، سرآمدِ یاوه‌درایی در میان رسانه‌هاست این منوتو!,0,0,0,https://x.com/AbdeeKalantari/status/1902386015257428259,2025,3,2025-03-19,سلطنت‌طلب باشند یا نباشند فرقی نمی‌کند، این رسانه‌ای است با مجریانِ بی‌‌-سر‌-و‌-پا از قماش همین امید سوپرکله‌پوکِ حجیم که از هر زاویه به او نگاه کنی انگار از ابتدا با مخ معیوب از زهدان روی تشت افتاده («مارکس و ایگلز» یادتان هست؟)، سرآمدِ یاوه‌درایی در میان رسانه‌هاست این منوتو!,"It doesn't matter if they are royalist or not, this is a media with headless and legless presenters, the same big fat super-pussy hope that you look at him from every angle as if he fell from the womb with a defective brain (remember ""Marx and the Eagles""?), the leader of Yawedrai among the media is this Menuto!"
1901991495923605981,abdeekalantari,2025-03-18 15:38:04.578,برخی دوستان از اخراج دانشجو و استاد حجابی و اسلامگرا از دانشگاه و از کشور ذوق‌زده‌اند اما متوجه نیستند امنیت همه ما مهاجرها و تبعیدی‌ها بخاطر همین قوانین لیبرال‌دموکراتیک است. حق آزادی بیان، تجمع، اعتراض، رعایت حریم ویزای کاری و گرین‌کارت، حق برخورداری از وکیل و دفاع حقوقی،,0,0,0,https://x.com/AbdeeKalantari/status/1901991495923605981,2025,3,2025-03-18,برخی دوستان از اخراج دانشجو و استاد حجابی و اسلامگرا از دانشگاه و از کشور ذوق‌زده‌اند اما متوجه نیستند امنیت همه ما مهاجرها و تبعیدی‌ها بخاطر همین قوانین لیبرال‌دموکراتیک است. حق آزادی بیان، تجمع، اعتراض، رعایت حریم ویزای کاری و گرین‌کارت، حق برخورداری از وکیل و دفاع حقوقی،,"Some friends are excited about the expulsion of the hijabi and Islamist student and professor from the university and from the country, but they do not understand that the security of all of us immigrants and exiles is due to these liberal democratic laws. The right to freedom of speech, assembly, protest, working visa and green card privacy, the right to a lawyer and legal defense."
1901991497316094082,abdeekalantari,2025-03-18 15:38:04.910,حق تفهیم اتهام، حق شکایت به دادگاه علیه مأمورانِ قانون‌شکن، اینها گزینشی و دلبخواهی نیست. مک‌کارتیسم مثل جمهوری اسلامی اول یک گروه را نشان می‌کند بعد چتر «دشمن» را بزرگ‌ و بزرگ‌تر می‌کند تا هر معترض برچسب تروریست، کمونیست، وُک بخورد! حتا لیبرال‌های معتدل هم در امان نخواهند ماند.,0,0,0,https://x.com/AbdeeKalantari/status/1901991497316094082,2025,3,2025-03-18,حق تفهیم اتهام، حق شکایت به دادگاه علیه مأمورانِ قانون‌شکن، اینها گزینشی و دلبخواهی نیست. مک‌کارتیسم مثل جمهوری اسلامی اول یک گروه را نشان می‌کند بعد چتر «دشمن» را بزرگ‌ و بزرگ‌تر می‌کند تا هر معترض برچسب تروریست، کمونیست، وُک بخورد! حتا لیبرال‌های معتدل هم در امان نخواهند ماند.,"The right to file charges, the right to file a complaint with the court against law-breaking officials, these are not selective and arbitrary. McCarthyism, like the Islamic Republic, first shows a group, then makes the ""enemy"" umbrella bigger and bigger so that every protester is labeled a terrorist, communist, wok! Even moderate liberals will not be spared."
1901628433068593301,abdeekalantari,2025-03-17 15:35:23.648,استاد دانشکده پزشکی در بازگشت از یک سفر خانوادگی پس از ۳۶ ساعت بازجویی در فرودگاه بوستون به زور اخراج شد. دکتر رشا علویه متخصص پیوند کلیه و استاد دانشگاه براون در ایالت ماساچوستز که ویزای معتبرِ کاری داشت علیرغم حکم دادگاه و با وجود بیمارانی که منتظر عمل پیوند بودند اخراج شد.,0,0,0,https://x.com/AbdeeKalantari/status/1901628433068593301,2025,3,2025-03-17,استاد دانشکده پزشکی در بازگشت از یک سفر خانوادگی پس از ۳۶ ساعت بازجویی در فرودگاه بوستون به زور اخراج شد. دکتر رشا علویه متخصص پیوند کلیه و استاد دانشگاه براون در ایالت ماساچوستز که ویزای معتبرِ کاری داشت علیرغم حکم دادگاه و با وجود بیمارانی که منتظر عمل پیوند بودند اخراج شد.,"A medical school professor was forcibly removed from a Boston airport after being questioned for 36 hours on his way back from a family trip. Dr. Rasha Alavieh, a kidney transplant specialist and professor at Brown University in Massachusetts, who had a valid work visa, was fired despite the court order and despite patients waiting for transplants."
1901628434406588827,abdeekalantari,2025-03-17 15:35:23.967,اداره گمرک و حفاظت مرزی به سوالات نیویورک تایمز در مورد دلیل این بازداشت و اخراج پاسخی نداد. دکتر علویه لبنانی‌تبار اما سالهای مدید ساکن ایالات متحده بود. شکایتی علیه دولت با همکاری دانشگاه تسلیم دادگاه شده، جلسه استماع پرونده امروز است.,0,0,0,https://x.com/AbdeeKalantari/status/1901628434406588827,2025,3,2025-03-17,اداره گمرک و حفاظت مرزی به سوالات نیویورک تایمز در مورد دلیل این بازداشت و اخراج پاسخی نداد. دکتر علویه لبنانی‌تبار اما سالهای مدید ساکن ایالات متحده بود. شکایتی علیه دولت با همکاری دانشگاه تسلیم دادگاه شده، جلسه استماع پرونده امروز است.,"Customs and Border Protection did not respond to questions from The New York Times about the reason for the detention and deportation. Dr. Alavieh is of Lebanese origin but lived in the United States for many years. A complaint against the government in cooperation with the university has been submitted to the court, the hearing of the case is today."
2018681913146544615/analytics,abdeekalantari,2026-02-03 15:44:08.047,Trade with a trusted Modern Prop Trading firm and gain up to 90% of your simulated profits. Start today!,0,0,0,https://x.com/FTMO_com/status/2018681913146544615/analytics,2026,2,2026-02-03,Trade with a trusted Modern Prop Trading firm and gain up to 90% of your simulated profits. Start today!,Trade with a trusted Modern Prop Trading firm and gain up to 90% of your simulated profits. Start today!
1901298823642677451,abdeekalantari,2025-03-16 17:45:38.637,دانشجوی دکترای شهرسازی دانشگاه کلمبیا با ویزای قانونی، فقط بخاطر شرکت در تظاهرات ویزاش را کنسل می‌کنند و مأموران «آیس» به سراغش می‌روند، در را باز نمی‌کند، می‌روند با مجوز دادگاه برمی‌گردند، درین فاصله او به کانادا فرار می‌کند. به دانشجو محدود نخواهد ماند، سراسر آکادمیا هدف‌ست.,0,0,0,https://x.com/AbdeeKalantari/status/1901298823642677451,2025,3,2025-03-16,دانشجوی دکترای شهرسازی دانشگاه کلمبیا با ویزای قانونی، فقط بخاطر شرکت در تظاهرات ویزاش را کنسل می‌کنند و مأموران «آیس» به سراغش می‌روند، در را باز نمی‌کند، می‌روند با مجوز دادگاه برمی‌گردند، درین فاصله او به کانادا فرار می‌کند. به دانشجو محدود نخواهد ماند، سراسر آکادمیا هدف‌ست.,"A doctoral student in urban planning at Columbia University with a legal visa, his visa was canceled just for participating in the demonstration, and the officers of ""ICE"" went to him, he did not open the door, they went and returned with the permission of the court, in the meantime, he fled to Canada. It will not be limited to students, the entire academy is the target."
1901298825009987665,abdeekalantari,2025-03-16 17:45:38.963,شرح واقعه در توییت بالا: به دانشجویان معترض محدود نخواهد شد. سپس به سراغ استادان خواهند رفت، و بعد همه‌ نظام آموزش عالی، و از آنجا به تمام نهادهای فرهنگی دیگر! مک‌کارتیسم همان جمهوری اسلامی است!,0,0,0,https://x.com/AbdeeKalantari/status/1901298825009987665,2025,3,2025-03-16,شرح واقعه در توییت بالا: به دانشجویان معترض محدود نخواهد شد. سپس به سراغ استادان خواهند رفت، و بعد همه‌ نظام آموزش عالی، و از آنجا به تمام نهادهای فرهنگی دیگر! مک‌کارتیسم همان جمهوری اسلامی است!,"Description of the event in the above tweet: It will not be limited to protesting students. Then they will go to the professors, and then to the entire higher education system, and from there to all other cultural institutions! McCarthyism is the Islamic Republic!"
1901056472374509812,abdeekalantari,2025-03-16 01:42:37.592,وقت آن رسیده که رسانه‌ی دیاسپورا با مُدل جدید به میدان آید، صد در صد متکی به حق اشتراک مخاطبان و با دخل‌و‌خرج شفاف، بدور از فاندهای وابسته به منافع دولت‌ها یا لابی اسراییل، به همان شیوه که پیش از اینترنت در دهه‌های شصت و هفتاد شمسی با مطبوعات چاپی عمل می‌کردیم: فقط اشتراک سالانه!,0,0,0,https://x.com/AbdeeKalantari/status/1901056472374509812,2025,3,2025-03-16,وقت آن رسیده که رسانه‌ی دیاسپورا با مُدل جدید به میدان آید، صد در صد متکی به حق اشتراک مخاطبان و با دخل‌و‌خرج شفاف، بدور از فاندهای وابسته به منافع دولت‌ها یا لابی اسراییل، به همان شیوه که پیش از اینترنت در دهه‌های شصت و هفتاد شمسی با مطبوعات چاپی عمل می‌کردیم: فقط اشتراک سالانه!,"It's time for the Diaspora media to come out with a new model, one hundred percent based on the subscription rights of the audience and with transparent income and expenses, away from the funds related to the interests of the governments or the Israeli lobby, in the same way that we used to act with the print media before the Internet in the sixties and seventies: annual subscription only!"
1900751882668085293,abdeekalantari,2025-03-15 05:32:17.747,می‌دانید که من همیشه از منتقدان سرسخت اسلامگرایی پُست‌کولونیال بوده‌ام، اما اینجا دکتر حلیه دوطاقی قربانی مک‌کارتیسم دانشگاهی و نقض آزادی بیان شده که دیر یا زود سراغ همه ما خواهد آمد تا معترضان به نسل‌کشی را با برچسب «تروریست» پاکسازی کند. بیانیه‌ی او حاوی حقایق بسیار است.,0,0,0,https://x.com/AbdeeKalantari/status/1900751882668085293,2025,3,2025-03-15,می‌دانید که من همیشه از منتقدان سرسخت اسلامگرایی پُست‌کولونیال بوده‌ام، اما اینجا دکتر حلیه دوطاقی قربانی مک‌کارتیسم دانشگاهی و نقض آزادی بیان شده که دیر یا زود سراغ همه ما خواهد آمد تا معترضان به نسل‌کشی را با برچسب «تروریست» پاکسازی کند. بیانیه‌ی او حاوی حقایق بسیار است.,"You know that I have always been a staunch critic of post-colonial Islamism, but here Dr. Halie Dotaghi is a victim of academic McCarthyism and the violation of freedom of speech, which sooner or later will come to all of us to purge the protesters of the genocide with the label ""terrorist"". His statement contains many facts."
1900751884060700790,abdeekalantari,2025-03-15 05:32:18.079,بیانیه دکتر حلیه دوطاقی کارشناس حقوق بین‌الملل پس از حکم تعلیق شغلی از طرف دانشکده حقوق دانشگاه ییل:,0,0,0,https://x.com/AbdeeKalantari/status/1900751884060700790,2025,3,2025-03-15,بیانیه دکتر حلیه دوطاقی کارشناس حقوق بین‌الملل پس از حکم تعلیق شغلی از طرف دانشکده حقوق دانشگاه ییل:,"The statement of Dr. Halie Dotaghi, an international law expert, after the decision to suspend him from work by the Yale Law School:"
1900751885444780457,abdeekalantari,2025-03-15 05:32:18.409,مصاحبه جرمی اسکِی‌هیل با دکتر حلیه دوطاقی در مورد کارزار حذف منتقدان دولت اسراییل با کمک هوش مصنوعی؛ روزنامه هاآرتص این کارزار را مرتبط با محافل نظامی اسراییل و شرکت‌های سازنده تسلیحات در آمریکا گزارش کرده است:,0,0,0,https://x.com/AbdeeKalantari/status/1900751885444780457,2025,3,2025-03-15,مصاحبه جرمی اسکِی‌هیل با دکتر حلیه دوطاقی در مورد کارزار حذف منتقدان دولت اسراییل با کمک هوش مصنوعی؛ روزنامه هاآرتص این کارزار را مرتبط با محافل نظامی اسراییل و شرکت‌های سازنده تسلیحات در آمریکا گزارش کرده است:,Jeremy Scahill's interview with Dr. Halie Dotaghi about the campaign to remove critics of the Israeli government with the help of artificial intelligence; Haaretz newspaper has reported this campaign related to Israeli military circles and arms manufacturing companies in America:
1899110529785790863,abdeekalantari,2025-03-10 16:50:08.725,لغو ویزای دانشجویی و کارت اقامت دایمی (گرین کارت) دانشجویان معترض در آمریکا ـ دیروز مأموران مهاجرت بزور وارد منزل محمد خلیل که گرین کارت دارد شده او را دستگیر کرده به محل نامعلوم بردند. همسر آمریکایی او که آبستن است نتوانسته از محل بازداشت مطلع شود. مارکو روبیو,0,0,0,https://x.com/AbdeeKalantari/status/1899110529785790863,2025,3,2025-03-10,لغو ویزای دانشجویی و کارت اقامت دایمی (گرین کارت) دانشجویان معترض در آمریکا ـ دیروز مأموران مهاجرت بزور وارد منزل محمد خلیل که گرین کارت دارد شده او را دستگیر کرده به محل نامعلوم بردند. همسر آمریکایی او که آبستن است نتوانسته از محل بازداشت مطلع شود. مارکو روبیو,"Cancellation of student visas and permanent residence cards (green cards) of protesting students in America - Yesterday, immigration agents forcibly entered the home of Mohammad Khalil, who has a green card, and arrested him and took him to an unknown location. His American wife, who is pregnant, could not be informed of the place of detention. Marco Rubio"
1899110531081912514,abdeekalantari,2025-03-10 16:50:09.034,وزیر امور خارجه آمریکا گفت گرین کارت و ویزای دانشجویان معترض یا به قول او «حامیان حماس» کنسل می‌شود و آنها از آمریکا اخراج خواهند شد. این خطر وجود دارد پس از دانشجویان به سراغ استادانِ معترض به نسل‌کشی در فلسطین بروند.,0,0,0,https://x.com/AbdeeKalantari/status/1899110531081912514,2025,3,2025-03-10,وزیر امور خارجه آمریکا گفت گرین کارت و ویزای دانشجویان معترض یا به قول او «حامیان حماس» کنسل می‌شود و آنها از آمریکا اخراج خواهند شد. این خطر وجود دارد پس از دانشجویان به سراغ استادانِ معترض به نسل‌کشی در فلسطین بروند.,"The US Secretary of State said that the green cards and visas of protesting students, or ""Hamas supporters"" as he called them, will be canceled and they will be deported from the US. There is a danger that students will go to professors protesting the genocide in Palestine."
1898385051315843188,abdeekalantari,2025-03-08 16:47:21.179,"یک مطلب کوتاه:
هشت مارس و «پنجاه و هفت»
نوشته: عبدی کلانتری 
abdee-kalantari.blogspot.com",0,0,0,https://x.com/AbdeeKalantari/status/1898385051315843188,2025,3,2025-03-08,"یک مطلب کوتاه:
هشت مارس و «پنجاه و هفت»
نوشته: عبدی کلانتری 
abdee-kalantari.blogspot.com","A short article:
March 8 and ""fifty-seven""
Written by: Abdi Kalantari 
abdee-kalantari.blogspot.com"
1898397146296066304,abdeekalantari,2025-03-08 17:35:24.847,"abdee-kalantari.blogspot.com/2025/03/blog-p
…",0,0,0,https://x.com/AbdeeKalantari/status/1898397146296066304,2025,3,2025-03-08,"abdee-kalantari.blogspot.com/2025/03/blog-p
…","abdee-kalantari.blogspot.com/2025/03/blog-p
…"
1896357408496369835,abdeekalantari,2025-03-03 02:30:13.459,مخیله‌ی راست سوپرافراطی ایرونی پدیده‌ای است برای روانکاوی: همه‌ دنیا بجز خودشان را چپول خواندند و همه‌ منتقدان جنگ‌طلبی در خاورمیانه و اوکراین را خادم پوتین و اسلام! حالا که قهرمان‌شان، معامله‌گر کبیر، خودش روسوفیل می‌زند، مانده‌اند درین دنیای بی‌اعتبار ماتحت‌ را بکجا بیاویزند!,0,0,0,https://x.com/AbdeeKalantari/status/1896357408496369835,2025,3,2025-03-03,مخیله‌ی راست سوپرافراطی ایرونی پدیده‌ای است برای روانکاوی: همه‌ دنیا بجز خودشان را چپول خواندند و همه‌ منتقدان جنگ‌طلبی در خاورمیانه و اوکراین را خادم پوتین و اسلام! حالا که قهرمان‌شان، معامله‌گر کبیر، خودش روسوفیل می‌زند، مانده‌اند درین دنیای بی‌اعتبار ماتحت‌ را بکجا بیاویزند!,"The imagination of the ironic super-extremist right is a phenomenon for psychoanalysis: they called the whole world but themselves fools, and all the critics of war in the Middle East and Ukraine are the servants of Putin and Islam! Now that their hero, the great trader, is a Russophile himself, they are left to hang their subordinates somewhere in this discredited world!"
1895598803564314797,abdeekalantari,2025-03-01 00:15:47.949,گوش‌بفرمان، زلنسکی و شرکاء اوکراین را ابزار توسعه‌طلبی ناتو کرد و حالا ارباب جدید در کاخ سفید جلو دوربین می‌گوید خفه شو دیگر به نوکر نیاز نداریم! تلنگری به اپوزیسیون ایرونی: این بهای دریوزگی است در مونیخ یا هالیفکس، کاخ سفید یا کنگره؛ سرآخر مثل دستمال توالت با شما رفتار خواهد شد!,0,0,0,https://x.com/AbdeeKalantari/status/1895598803564314797,2025,3,2025-03-01,گوش‌بفرمان، زلنسکی و شرکاء اوکراین را ابزار توسعه‌طلبی ناتو کرد و حالا ارباب جدید در کاخ سفید جلو دوربین می‌گوید خفه شو دیگر به نوکر نیاز نداریم! تلنگری به اپوزیسیون ایرونی: این بهای دریوزگی است در مونیخ یا هالیفکس، کاخ سفید یا کنگره؛ سرآخر مثل دستمال توالت با شما رفتار خواهد شد!,"Listen, Zelensky and his partners made Ukraine a tool of NATO expansionism, and now the new master in the White House says shut up, we don't need servants anymore! A nod to the ironic opposition: this is the price of arrogance in Munich or Halifax, the White House or Congress; After all, you will be treated like a toilet paper!"
1895598805598486606,abdeekalantari,2025-03-01 00:15:48.434,پس از تحقیر و توهین از سوی ترامپ و جی‌دی ونس در مصاحبه مطبوعاتی، زلنسکی مجبور شد دست خالی گفتگوهاش را با کاخ سفید نیمه کاره رها کند.,0,0,0,https://x.com/AbdeeKalantari/status/1895598805598486606,2025,3,2025-03-01,پس از تحقیر و توهین از سوی ترامپ و جی‌دی ونس در مصاحبه مطبوعاتی، زلنسکی مجبور شد دست خالی گفتگوهاش را با کاخ سفید نیمه کاره رها کند.,"After being humiliated and insulted by Trump and J.D. Vance in a press conference, Zelensky was forced to abandon his talks with the half-baked White House empty-handed."
1891125727619100729,abdeekalantari,2025-02-16 16:01:23.538,"«دهدشت همچون بسیاری از شهرهای لُرتبار حاشیه‌ای دیگر، از خیزش دی ۹۶ تا کنون در مبارزات خیابانی حضوری رادیکال و برقرار داشته . . . در قیام ژینا مردم چندین مرتبه شهر را تسخیر کردند.»

*یک ارزیابی تحلیلی درباره خیزش بهمن در دهدشت، از گروه «منجنیق»",0,0,0,https://x.com/AbdeeKalantari/status/1891125727619100729,2025,2,2025-02-16,"«دهدشت همچون بسیاری از شهرهای لُرتبار حاشیه‌ای دیگر، از خیزش دی ۹۶ تا کنون در مبارزات خیابانی حضوری رادیکال و برقرار داشته . . . در قیام ژینا مردم چندین مرتبه شهر را تسخیر کردند.»

*یک ارزیابی تحلیلی درباره خیزش بهمن در دهدشت، از گروه «منجنیق»","""Dahdasht, like many other peripheral cities, has had a radical presence in the street struggles since the 1996 uprising until now. . . During the Jinnah uprising, the people captured the city several times.

* An analytical evaluation about the avalanche in Dehdasht, from the group ""Majniq"""
2022697097263481307/analytics,abdeekalantari,2026-02-14 17:39:02.539,"Crypto holders:
Tired of funds stuck in wallets?!

TrustLinq lets you pay in fiat worldwide, direct from USDT/ USDC/ EURC:

• Non-custodial
• No off-ramps
• Recipients get a local bank transfer
• 80+ currencies

Swiss-Regulated, Swiss-Privacy",0,0,0,https://x.com/Trustlinq/status/2022697097263481307/analytics,2026,2,2026-02-14,"Crypto holders:
Tired of funds stuck in wallets?!

TrustLinq lets you pay in fiat worldwide, direct from USDT/ USDC/ EURC:

• Non-custodial
• No off-ramps
• Recipients get a local bank transfer
• 80+ currencies

Swiss-Regulated, Swiss-Privacy","Crypto holders:
Tired of funds stuck in wallets?!

TrustLinq lets you pay in fiat worldwide, direct from USDT/ USDC/ EURC:

• Non-custodial
• No off-ramps
• Recipients get a local bank transfer
• 80+ currencies

Swiss-Regulated, Swiss-Privacy"
1887251402293903714,abdeekalantari,2025-02-05 23:26:12.399,تأمل بر رویدادها با تفصیل بیشتر را مدتی است در فیسبوک پی می‌گیرم: ترامپ و غزه، ماریان فیت‌فول، ملانکولی چپ، دیوید لینچ، پادکست ایمان فانی و یادداشت‌های دیگر:,0,0,0,https://x.com/AbdeeKalantari/status/1887251402293903714,2025,2,2025-02-05,تأمل بر رویدادها با تفصیل بیشتر را مدتی است در فیسبوک پی می‌گیرم: ترامپ و غزه، ماریان فیت‌فول، ملانکولی چپ، دیوید لینچ، پادکست ایمان فانی و یادداشت‌های دیگر:,"I've been following more detailed reflections on events on Facebook for a while now: Trump and Gaza, Marian Faithfull, Left Melancholy, David Lynch, The Imman Fani podcast, and other notes:"
1885037080419434991,abdeekalantari,2025-01-30 20:47:16.924,اندرزهای محور مقاومت: جناب پزشکیان، تیم ترامپ را به ایران دعوت کنید برای آشتی، «شما با آمریکای مذهبی و ضدلیبرال نقاط اشتراک فراوانی دارید.» نقاط اشتراک با راست افراطی مسیحی/صهیونی را خوب آمد، نور به قبر نصرالله! عراقچی با یرمولکه سرش را بکوبد به دیوار ندبه هم بد نیست.,0,0,0,https://x.com/AbdeeKalantari/status/1885037080419434991,2025,1,2025-01-30,اندرزهای محور مقاومت: جناب پزشکیان، تیم ترامپ را به ایران دعوت کنید برای آشتی، «شما با آمریکای مذهبی و ضدلیبرال نقاط اشتراک فراوانی دارید.» نقاط اشتراک با راست افراطی مسیحی/صهیونی را خوب آمد، نور به قبر نصرالله! عراقچی با یرمولکه سرش را بکوبد به دیوار ندبه هم بد نیست.,"Advice from the resistance axis: Dear doctors, invite Trump's team to Iran for reconciliation, ""You have many points in common with religious and anti-liberal America."" Points of commonality with the Christian/Zionist extreme right came well, light to Nasrallah's grave! Araghchi hitting his head with a yarmulke is not bad either."
1884650840306110906,abdeekalantari,2025-01-29 19:12:30.105,توضیح واضحات: نهادهای وابسته به لابی اسراییل چون اف دی دی (بنیاد دفاع از دمکراسی‌ها)، یوانی (متحد علیه ایران هسته‌ای)، انستیتوی واشنگتن، نوفدی و . .  «حقوق بشری» نیستند، بودجه‌شان تاریک است و هرگز قطع نمی‌شود! وظیفه‌شان لابی و هدایت سیاست خارجی آمریکا در جهت منافع صاحبکاران است.,0,0,0,https://x.com/AbdeeKalantari/status/1884650840306110906,2025,1,2025-01-29,توضیح واضحات: نهادهای وابسته به لابی اسراییل چون اف دی دی (بنیاد دفاع از دمکراسی‌ها)، یوانی (متحد علیه ایران هسته‌ای)، انستیتوی واشنگتن، نوفدی و . .  «حقوق بشری» نیستند، بودجه‌شان تاریک است و هرگز قطع نمی‌شود! وظیفه‌شان لابی و هدایت سیاست خارجی آمریکا در جهت منافع صاحبکاران است.,"Clarification of details: Institutions related to the Israeli lobby such as FDD (Foundation for the Defense of Democracies), Yoani (United Against Nuclear Iran), Washington Institute, Nofdi, etc. .  They are not ""human rights"", their budget is dark and never cut! Their task is to lobby and direct the foreign policy of the United States in the interests of business owners."
1884590106339631158,abdeekalantari,2025-01-29 15:11:09.999,بودجه حقوق بشری ایرانی بخشی از میلیاردها دلار کمک دولت فدرال در جنگ نرم در دنیا بود که ترامپ فریز کرد. اپوزیسیون راست ایرونی که سالها به اوباما و بایدن می‌تاخت فراموش کرده بود دستمزدش از همان نهادهای لیبرالی می‌آید! حالا هاج‌وواج از آجر شدن مقرری، حیرانند که از کجا خوردند!,0,0,0,https://x.com/AbdeeKalantari/status/1884590106339631158,2025,1,2025-01-29,بودجه حقوق بشری ایرانی بخشی از میلیاردها دلار کمک دولت فدرال در جنگ نرم در دنیا بود که ترامپ فریز کرد. اپوزیسیون راست ایرونی که سالها به اوباما و بایدن می‌تاخت فراموش کرده بود دستمزدش از همان نهادهای لیبرالی می‌آید! حالا هاج‌وواج از آجر شدن مقرری، حیرانند که از کجا خوردند!,"The Iranian human rights budget was part of the billions of dollars in federal government aid in the soft war around the world that Trump froze. Iran's right-wing opposition, which attacked Obama and Biden for years, forgot that its salary comes from the same liberal institutions! Now, they are wondering where they ate because of the bricking of a provision!"
1875948216707153948,abdeekalantari,2025-01-05 18:51:22.952,از تاریخچه لابی‌گری ـ مقاله تحقیقی نیویورکر (لینک زیر) با عنوان «تبعیدی‌ها»، دوشنبه ۱۵ اسفند ۱۳۸۴، ۶ مارس ۲۰۰۶، جنب‌وجوش اپوزیسیون راست پس از اشغال عراق، لایحه سناتور سام برانبک برای کمک صدها میلیون دلار به اپوزیسیون، بودجه ۷۵ میلیون دلاری جورج بوش برای اپوزیسیون و رژیم چنج،,0,0,0,https://x.com/AbdeeKalantari/status/1875948216707153948,2025,1,2025-01-05,از تاریخچه لابی‌گری ـ مقاله تحقیقی نیویورکر (لینک زیر) با عنوان «تبعیدی‌ها»، دوشنبه ۱۵ اسفند ۱۳۸۴، ۶ مارس ۲۰۰۶، جنب‌وجوش اپوزیسیون راست پس از اشغال عراق، لایحه سناتور سام برانبک برای کمک صدها میلیون دلار به اپوزیسیون، بودجه ۷۵ میلیون دلاری جورج بوش برای اپوزیسیون و رژیم چنج،,"From the history of lobbying - The New Yorker research article (link below) entitled ""Exiles"", Monday, March 15, 2006, March 6, 2006, the movement of the right-wing opposition after the occupation of Iraq, Senator Sam Branbeck's bill to help the opposition with hundreds of millions of dollars, George Bush's $75 million budget for the opposition and the regime change."
1875948218368012671,abdeekalantari,2025-01-05 18:51:23.348,تلاش شهریار آهی پیشکار رضا پهلوی برای اتحاد کردها، ناسیونالیست‌ها، و برخی «چپگرایان» بر اساس مدل عراق. ورود مجاهدین به لابی‌گری در آمریکا. تلاش متفاوت «پروژه دمورکراسی دانشگاه استنفورد» (میلانی، مک‌فال، دایموند) برای انقلاب مخملی بجای رژِیم چنج، و بسیاری اطلاعات دیگر.,0,0,0,https://x.com/AbdeeKalantari/status/1875948218368012671,2025,1,2025-01-05,تلاش شهریار آهی پیشکار رضا پهلوی برای اتحاد کردها، ناسیونالیست‌ها، و برخی «چپگرایان» بر اساس مدل عراق. ورود مجاهدین به لابی‌گری در آمریکا. تلاش متفاوت «پروژه دمورکراسی دانشگاه استنفورد» (میلانی، مک‌فال، دایموند) برای انقلاب مخملی بجای رژِیم چنج، و بسیاری اطلاعات دیگر.,"Shahriar Ahi Pishkar Reza Pahlavi's attempt to unite Kurds, nationalists, and some ""leftists"" based on the Iraqi model. Mojahedin's entry into lobbying in America. A different attempt by the Stanford Democracy Project (Milani, McFall, Diamond) for a velvet revolution instead of regime change, and much more."
1875948219961876877,abdeekalantari,2025-01-05 18:51:23.728,"منبع: گزارش کامل
nilgoon.org/archive/articl
…
-
archive.org/details/New_Yo
…
-
گزیده:",0,0,0,https://x.com/AbdeeKalantari/status/1875948219961876877,2025,1,2025-01-05,"منبع: گزارش کامل
nilgoon.org/archive/articl
…
-
archive.org/details/New_Yo
…
-
گزیده:","Source: Full report
nilgoon.org/archive/articl
…
-
archive.org/details/New_Yo
…
-
Excerpt:"
1875202937624174768,abdeekalantari,2025-01-03 17:29:54.572,سابقه لابی‌گری اپوزیسیون راست: کنفرانس ۱۵- ۱۶ بهمن ۱۳۹۰ به ابتکار شهریار آهی در بنیاد اولاف پالمه، استکهلم، با کارگاههای آموزشی پشت درهای بسته و غیرعلنی! محرمانه برگزار شد، ورود خبرنگاران ممنوع، اما پس از لو رفتن ماجرا ۴۴ نفر نام خود را اعلام کردند. سال بعد در بروکسل ادامه یافت.,0,0,0,https://x.com/AbdeeKalantari/status/1875202937624174768,2025,1,2025-01-03,سابقه لابی‌گری اپوزیسیون راست: کنفرانس ۱۵- ۱۶ بهمن ۱۳۹۰ به ابتکار شهریار آهی در بنیاد اولاف پالمه، استکهلم، با کارگاههای آموزشی پشت درهای بسته و غیرعلنی! محرمانه برگزار شد، ورود خبرنگاران ممنوع، اما پس از لو رفتن ماجرا ۴۴ نفر نام خود را اعلام کردند. سال بعد در بروکسل ادامه یافت.,"The history of lobbying of the right opposition: the conference on 15-16 February 2010 at the initiative of Shahriar Ahi at the Olaf Palme Foundation, Stockholm, with educational workshops behind closed doors and not public! It was held secretly, journalists were not allowed to enter, but after the incident was revealed, 44 people announced their names. It continued the following year in Brussels."
1875202940186841536,abdeekalantari,2025-01-03 17:29:55.183,"منابع:
radiozamaneh.com/40069/
ofros.com/entexabat1/rah
…
iranglobal.info/fa/node/2131
radiofarda.com/a/f3_iranian_o
…
asre-nou.net/php/view_print
…",0,0,0,https://x.com/AbdeeKalantari/status/1875202940186841536,2025,1,2025-01-03,"منابع:
radiozamaneh.com/40069/
ofros.com/entexabat1/rah
…
iranglobal.info/fa/node/2131
radiofarda.com/a/f3_iranian_o
…
asre-nou.net/php/view_print
…","Sources:
radiozamaneh.com/40069/
ofros.com/entexabat1/rah
…
iranglobal.info/fa/node/2131
radiofarda.com/a/f3_iranian_o
…
asre-nou.net/php/view_print
…"
1864432391013515387,abdeekalantari,2024-12-05 00:11:36.153,"گفتگوی آسو عزیزی برادر #پخشان_عزیزی مددکار زندانی محکوم بە #اعدام در یکصد و پنجاهمین روز از ممنوع الملاقات بودن ایشان و آخرین وضعیت پروندە با بی بی سی فارسی

#پەخشان_عەزیزی 
#نە_بە_اعدام",0,0,0,https://x.com/pakhshanazizi/status/1864432391013515387,2024,12,2024-12-05,"گفتگوی آسو عزیزی برادر #پخشان_عزیزی مددکار زندانی محکوم بە #اعدام در یکصد و پنجاهمین روز از ممنوع الملاقات بودن ایشان و آخرین وضعیت پروندە با بی بی سی فارسی

#پەخشان_عەزیزی 
#نە_بە_اعدام","Interview with Aso Azizi, brother of #Pkhshan_Azizi, assistant prisoner sentenced to #death on the 150th day of being banned from meetings

#Pakhshan_Azizi 
#Not_to_execution"
1863698947786600493,abdeekalantari,2024-12-02 23:37:09.661,«هیچ دوستی جز کوهستان» نه استعاره‌ای ادبی بلکه تجربه‌ای زیسته و تقدیری تاریخیست. در شرایطی مثل امروز سوریه این مثل قابل فهم می‌شود. کوردها بی‌آنکه آغازگر جنگ بوده باشند، بدون کمترین حمایت و همبستگی، در محاصره همزمان تبهکاران ترکیه، جهادیستهای وابسته و تبهکاران اسد قرار گرفته‌اند.,0,0,0,https://x.com/KavehGhoreishi/status/1863698947786600493,2024,12,2024-12-02,«هیچ دوستی جز کوهستان» نه استعاره‌ای ادبی بلکه تجربه‌ای زیسته و تقدیری تاریخیست. در شرایطی مثل امروز سوریه این مثل قابل فهم می‌شود. کوردها بی‌آنکه آغازگر جنگ بوده باشند، بدون کمترین حمایت و همبستگی، در محاصره همزمان تبهکاران ترکیه، جهادیستهای وابسته و تبهکاران اسد قرار گرفته‌اند.,"""No friendship but the mountain"" is not a literary metaphor but a lived experience and a historical destiny. In a situation like today's Syria, this parable becomes understandable. Without being the initiator of the war, the Kurds have been surrounded by Turkish criminals, affiliated jihadists and Assad's criminals at the same time without the least support and solidarity."
1863713983829573636,abdeekalantari,2024-12-03 00:36:54.533,"دکتر مهدی ترامپـیاهو معتقد است ما وقت زیادی نداریم، فقط چهار سال در اختیار ماست تا بتوانیم نظم نوینی را در خاورمیانه بنانهیم. این نظم نوین چه مختصاتی دارد؟
اینجا کلیک کنید:
abdee-kalantari.blogspot.com/2024/12/blog-p
…",0,0,0,https://x.com/AbdeeKalantari/status/1863713983829573636,2024,12,2024-12-03,"دکتر مهدی ترامپـیاهو معتقد است ما وقت زیادی نداریم، فقط چهار سال در اختیار ماست تا بتوانیم نظم نوینی را در خاورمیانه بنانهیم. این نظم نوین چه مختصاتی دارد؟
اینجا کلیک کنید:
abdee-kalantari.blogspot.com/2024/12/blog-p
…","Dr. Mehdi Trumpyahoo believes that we don't have much time, we only have four years to build a new order in the Middle East. What are the coordinates of this new order?
Click here:
abdee-kalantari.blogspot.com/2024/12/blog-p
…"
1862539279622193449,abdeekalantari,2024-11-29 18:49:03.225,کامبیز محاسبه کرده بود با آوردن فخرآور برنامه‌ را جنجالی کند، از بی‌رونقی نجات دهد، و با دست‌انداختن و تحقیر مهمان از «آلوده شدن» هم بپرهیزد. محاسبه غلط! فخرآور با زبان‌‌بازی و طنز هم دورویی میزبان را افشا کرد، هم به اینترنشنال رساند که در فن کلام و بازاریابی از کامبیز زبل‌ترست.,0,0,0,https://x.com/AbdeeKalantari/status/1862539279622193449,2024,11,2024-11-29,کامبیز محاسبه کرده بود با آوردن فخرآور برنامه‌ را جنجالی کند، از بی‌رونقی نجات دهد، و با دست‌انداختن و تحقیر مهمان از «آلوده شدن» هم بپرهیزد. محاسبه غلط! فخرآور با زبان‌‌بازی و طنز هم دورویی میزبان را افشا کرد، هم به اینترنشنال رساند که در فن کلام و بازاریابی از کامبیز زبل‌ترست.,"Cambyses had calculated to make the program controversial by bringing the braggart, to save it from stagnation, and to avoid ""contamination"" by shaking hands and humiliating the guest. Wrong calculation! Fakhravar exposed the host's hypocrisy with humor and language, and told the international that he trusts Kambiz Zebel in terms of words and marketing."
1857776914074591418,abdeekalantari,2024-11-16 15:25:06.798,"اگر مایل هستید نسبت نیروهای سکولار جهانی را با مقاومت فلسطین بسنجید و تجربه‌ خودتان از جیم الف را هم میان خطوط مقایسه کنید، گفتگوی این روشنفکر یهودی با این استاد فلسطینی توصیه می‌شود، مثل قطب‌نما عمل می‌کند، در این لینک:
abdee-kalantari.blogspot.com/2024/11/blog-p
…",0,0,0,https://x.com/AbdeeKalantari/status/1857776914074591418,2024,11,2024-11-16,"اگر مایل هستید نسبت نیروهای سکولار جهانی را با مقاومت فلسطین بسنجید و تجربه‌ خودتان از جیم الف را هم میان خطوط مقایسه کنید، گفتگوی این روشنفکر یهودی با این استاد فلسطینی توصیه می‌شود، مثل قطب‌نما عمل می‌کند، در این لینک:
abdee-kalantari.blogspot.com/2024/11/blog-p
…","If you want to measure the ratio of world secular forces with the Palestinian resistance and compare your own experience of Jim Alf between the lines, the conversation of this Jewish intellectual with this Palestinian professor is recommended, it works like a compass, in this link:
abdee-kalantari.blogspot.com/2024/11/blog-p
…"
1855311909769060733,abdeekalantari,2024-11-09 20:10:03.974,"رومانی گیلمور شباهت عجیبی به پدرش دارد و این اجرای جدید از کاری قدیمی‌تر با تصویرپردازی سیاه و سفیدش دلچسب و تأثیرگذار است، «میان دو نقطه» قصه‌ی قلب شکسته‌ای است زیر نگاه سرزنش و تهمت دیگران؛ زخمه‌های اصلیِ دیوید گیلمور از دقیقه سوم شروع می‌شود.
youtu.be/A9qdvkx9E3o?si
…",0,0,0,https://x.com/AbdeeKalantari/status/1855311909769060733,2024,11,2024-11-09,"رومانی گیلمور شباهت عجیبی به پدرش دارد و این اجرای جدید از کاری قدیمی‌تر با تصویرپردازی سیاه و سفیدش دلچسب و تأثیرگذار است، «میان دو نقطه» قصه‌ی قلب شکسته‌ای است زیر نگاه سرزنش و تهمت دیگران؛ زخمه‌های اصلیِ دیوید گیلمور از دقیقه سوم شروع می‌شود.
youtu.be/A9qdvkx9E3o?si
…","Romani Gilmore bears a strange resemblance to her father, and this new performance of an older work is heartwarming and impressive with its black and white imagery, ""Between Two Dots"" is the story of a broken heart under the gaze of others' blame and slander; The main wounds of David Gilmore start from the third minute.
youtu.be/A9qdvkx9E3o?si
…"
1854965918121505017,abdeekalantari,2024-11-08 21:15:13.137,محبوبیت اجراگری ترامپ نزد مرد سفید آمریکایی همان کارزار روانیِ اثبات «مردانگی» در سیاست و فرهنگ بود، که از سرکوب حق زن آمریکایی بر بدن‌ش هم فراتر می‌رود. زن ایرانی مدافع ترامپ آیا تضادی نمی‌بیند میان حق خودش بر بدن با این فرهنگ مردانگی اقتدارگرا که وجه مشترک اسلام و ترامپیسم است؟,0,0,0,https://x.com/AbdeeKalantari/status/1854965918121505017,2024,11,2024-11-08,محبوبیت اجراگری ترامپ نزد مرد سفید آمریکایی همان کارزار روانیِ اثبات «مردانگی» در سیاست و فرهنگ بود، که از سرکوب حق زن آمریکایی بر بدن‌ش هم فراتر می‌رود. زن ایرانی مدافع ترامپ آیا تضادی نمی‌بیند میان حق خودش بر بدن با این فرهنگ مردانگی اقتدارگرا که وجه مشترک اسلام و ترامپیسم است؟,"The popularity of Trump's performance with the American white man was the psychological campaign to prove ""masculinity"" in politics and culture, which goes beyond the suppression of the American woman's right to her body. Iranian woman defending Trump, doesn't she see a contradiction between her right to her body and this culture of authoritarian masculinity, which is a common feature of Islam and Trumpism?"
1851325123195740545,abdeekalantari,2024-10-29 20:07:59.984,"چرا ریاست جمهوری مجدد ترامپ وضعیت خاورمیانه را بدتر خواهد کرد ــ متن فارسی مصاحبه با مهدی حسن

چه مخاطراتی در انتخابات ۲۰۲۴ مطرح است؟ برای آمریکایی‌ها و جهان چه معنایی دارد؟ ترامپ جنگ اسرائیل و اوکراین را به کجا خواهد برد؟ ایران چطور؟

اینجا کلیک کنید:
abdee-kalantari.blogspot.com/2024/10/blog-p
…",0,0,0,https://x.com/AbdeeKalantari/status/1851325123195740545,2024,10,2024-10-29,"چرا ریاست جمهوری مجدد ترامپ وضعیت خاورمیانه را بدتر خواهد کرد ــ متن فارسی مصاحبه با مهدی حسن

چه مخاطراتی در انتخابات ۲۰۲۴ مطرح است؟ برای آمریکایی‌ها و جهان چه معنایی دارد؟ ترامپ جنگ اسرائیل و اوکراین را به کجا خواهد برد؟ ایران چطور؟

اینجا کلیک کنید:
abdee-kalantari.blogspot.com/2024/10/blog-p
…","Why Trump's re-election will worsen the situation in the Middle East - Persian text of an interview with Mehdi Hassan

What risks are involved in the 2024 elections? What does it mean for Americans and the world? Where will Trump take the war between Israel and Ukraine? How about Iran?

Click here:
abdee-kalantari.blogspot.com/2024/10/blog-p
…"
1848658558910398778,abdeekalantari,2024-10-22 12:32:01.516,"۱/
""صدور ۸۲ سال حبس برای ۱۲ فعال آذربایجانی""
بر اساس حکمی که ۲۵مهر۱۴۰۳ توسط شعبه ۱۵ دادگاه انقلاب(صلواتی) صادر و ابلاغ شده است، 
۱-آقای #آیاز_سیف_خواه به اتهام جاسوسی به ۸ سال  و اجتماع تبانی ۵ سال حبس
۲-آقای #باقر_حاجی_زاده به اتهام جاسوسی 
به ۸ سال و اجتماع و تبانی ۵ سال حبس",0,0,0,https://x.com/Arash_sadeghii/status/1848658558910398778,2024,10,2024-10-22,"۱/
""صدور ۸۲ سال حبس برای ۱۲ فعال آذربایجانی""
بر اساس حکمی که ۲۵مهر۱۴۰۳ توسط شعبه ۱۵ دادگاه انقلاب(صلواتی) صادر و ابلاغ شده است، 
۱-آقای #آیاز_سیف_خواه به اتهام جاسوسی به ۸ سال  و اجتماع تبانی ۵ سال حبس
۲-آقای #باقر_حاجی_زاده به اتهام جاسوسی 
به ۸ سال و اجتماع و تبانی ۵ سال حبس","1/
""Issuing 82 years of imprisonment for 12 Azerbaijani activists""
According to the ruling issued and communicated by the 15th Branch of the Revolutionary Court (Salawati) on 25 Mehr 1403, 
1- Mr. Ayaz Seif Khah was sentenced to 8 years of espionage and 5 years of collusion.
2- Mr. #Baqer_Hajizadeh accused of espionage 
8 years and 5 years of conspiracy and collusion"
1847313867807838422,abdeekalantari,2024-10-18 19:28:42.174,"جامعه‌ای که خطر جنگ تهدیدش کند، داخلی یا خارجی، یا بدتر آتش جنگ به خاک‌‌اش کشیده شده باشد، محیط مناسبی برای حفاظت از حقوق افراد نخواهد بود. متقابلاً، رعایت حقوق افراد، حقوق زنان، حقوق کودکان، حقوق کارگران، حقوق بشر، و حق اقلیت، تضمین‌کننده دوام صلح خواهد بود. 
x.com/Ashtiprocess/s
…",0,0,0,https://x.com/AbdeeKalantari/status/1847313867807838422,2024,10,2024-10-18,"جامعه‌ای که خطر جنگ تهدیدش کند، داخلی یا خارجی، یا بدتر آتش جنگ به خاک‌‌اش کشیده شده باشد، محیط مناسبی برای حفاظت از حقوق افراد نخواهد بود. متقابلاً، رعایت حقوق افراد، حقوق زنان، حقوق کودکان، حقوق کارگران، حقوق بشر، و حق اقلیت، تضمین‌کننده دوام صلح خواهد بود. 
x.com/Ashtiprocess/s
…","A society threatened by war, internal or external, or worse, by war, will not be a suitable environment for protecting people's rights. Conversely, respecting the rights of individuals, women's rights, children's rights, workers' rights, human rights, and minority rights will guarantee the durability of peace. 
x.com/Ashtiprocess/s
…"
1846219616349032755,abdeekalantari,2024-10-15 19:00:32.296,معاون اجرایی یونیسف: دست‌کم چهارصدهزار کودک لبنانی مجبور به ترک خانه شده‌اند. وزارت آموزش و پرورش لبنان: در اثر حملات اسراییل بیش از ۴۰ درصد دانش‌آموزان لبنان از منزل خود رانده شده و قادر به حضور در کلاس نیستند. (نیویورک تایمز),0,0,0,https://x.com/AbdeeKalantari/status/1846219616349032755,2024,10,2024-10-15,معاون اجرایی یونیسف: دست‌کم چهارصدهزار کودک لبنانی مجبور به ترک خانه شده‌اند. وزارت آموزش و پرورش لبنان: در اثر حملات اسراییل بیش از ۴۰ درصد دانش‌آموزان لبنان از منزل خود رانده شده و قادر به حضور در کلاس نیستند. (نیویورک تایمز),"Executive Vice President of UNICEF: At least 400,000 Lebanese children have been forced to leave their homes. Lebanese Ministry of Education: As a result of Israeli attacks, more than 40% of Lebanese students have been driven from their homes and are unable to attend class. (New York Times)"
1846001849939157182,abdeekalantari,2024-10-15 04:35:12.738,دیروز مأموران حافظ صلح سازمان ملل متحد (یونیفیل) در منطقه حائل جنوب لبنان در معرض حمله شیمیایی ارتش اسراییل قرار گرفتند و تعدادی از آنها با وجود داشتن ماسک حفاظتی دچار عوارض پوستی و گوارشی شدند. (از رشته توییت یونیفیل),0,0,0,https://x.com/AbdeeKalantari/status/1846001849939157182,2024,10,2024-10-15,دیروز مأموران حافظ صلح سازمان ملل متحد (یونیفیل) در منطقه حائل جنوب لبنان در معرض حمله شیمیایی ارتش اسراییل قرار گرفتند و تعدادی از آنها با وجود داشتن ماسک حفاظتی دچار عوارض پوستی و گوارشی شدند. (از رشته توییت یونیفیل),"Yesterday, the United Nations peacekeepers (UNIFIL) in the buffer zone of southern Lebanon were exposed to a chemical attack by the Israeli army, and some of them suffered skin and digestive problems despite wearing protective masks. (from Unifil's tweet thread)"
1845895720059998251,abdeekalantari,2024-10-14 21:33:29.403,"آرونداتی روی
هیچ تبلیغاتی روی زمین نمی‌تواند زخم فلسطین را پنهان کند 
متن کامل سخنرانی به مناسبت دریافت جایزه انجمن قلم پن ـ پینتر
abdee-kalantari.blogspot.com/2024/10/blog-p
…",0,0,0,https://x.com/AbdeeKalantari/status/1845895720059998251,2024,10,2024-10-14,"آرونداتی روی
هیچ تبلیغاتی روی زمین نمی‌تواند زخم فلسطین را پنهان کند 
متن کامل سخنرانی به مناسبت دریافت جایزه انجمن قلم پن ـ پینتر
abdee-kalantari.blogspot.com/2024/10/blog-p
…","Arundhati Roy
No propaganda on earth can hide the wound of Palestine 
The full text of the speech on the occasion of receiving the pen-painter pen association award
abdee-kalantari.blogspot.com/2024/10/blog-p
…"
1844015442182205467,abdeekalantari,2024-10-09 17:01:56.223,"بمباران و نابودی شهرها در جنگ جهانی دوم: هیروشیما ۱۵۰۰۰ تُن، ناگاساکی ۲۱۰۰۰ تن، درسدن آلمان ۲۷۰۰ تن، هامبورگ ۱۶۰۰۰ تن، توکیو ۱۵۱۰ تن.
همه روی‌هم ۵۶۲۱۰ تن بمب.
غزه طی یک سال ۸۵۰۰۰ تن (هشتاد و پنج هزار تن)!
*
youtu.be/Dl_hCKhDnNE?si
… via 
@YouTube",0,0,0,https://x.com/AbdeeKalantari/status/1844015442182205467,2024,10,2024-10-09,"بمباران و نابودی شهرها در جنگ جهانی دوم: هیروشیما ۱۵۰۰۰ تُن، ناگاساکی ۲۱۰۰۰ تن، درسدن آلمان ۲۷۰۰ تن، هامبورگ ۱۶۰۰۰ تن، توکیو ۱۵۱۰ تن.
همه روی‌هم ۵۶۲۱۰ تن بمب.
غزه طی یک سال ۸۵۰۰۰ تن (هشتاد و پنج هزار تن)!
*
youtu.be/Dl_hCKhDnNE?si
… via 
@YouTube","Bombing and destruction of cities in World War II: Hiroshima 15,000 tons, Nagasaki 21,000 tons, Dresden Germany 2700 tons, Hamburg 16,000 tons, Tokyo 1510 tons.
All together, 56,210 tons of bombs.
Gaza 85,000 tons (eighty five thousand tons) in one year!
*
youtu.be/Dl_hCKhDnNE?si
... via 
@YouTube"
1840092253114520006,abdeekalantari,2024-09-28 21:12:35.060,مرثیه علیز: دفاع از میراث مرگبار علامه مجلسی، فضل‌الله نوری، سید قطب، اخوان‌المسلمین، فداییان اسلام، خمینی، خامنه‌ای، استبداد دینی، آپارتاید جنسیتی، زن‌کُشی قانونی و فراقانونی، پاکسازی نهاد آموزش و روشنگری از علم و آزاداندیشی، در یک کلام اسلاموفاشیسم، بنام مبارزه با استعمار غرب!,0,0,0,https://x.com/AbdeeKalantari/status/1840092253114520006,2024,9,2024-09-28,مرثیه علیز: دفاع از میراث مرگبار علامه مجلسی، فضل‌الله نوری، سید قطب، اخوان‌المسلمین، فداییان اسلام، خمینی، خامنه‌ای، استبداد دینی، آپارتاید جنسیتی، زن‌کُشی قانونی و فراقانونی، پاکسازی نهاد آموزش و روشنگری از علم و آزاداندیشی، در یک کلام اسلاموفاشیسم، بنام مبارزه با استعمار غرب!,"Aliz's Lament: Defending the deadly legacy of Allameh Majlisi, Fazlullah Nouri, Seyyed Qutb, Muslim Brotherhood, Islamic devotees, Khomeini, Khamenei, religious tyranny, gender apartheid, legal and extra-legal femicide, cleansing the institution of education and enlightenment from science and free-thinking, in a word, Islamo-fascism, in the name of fighting Western colonialism!"
1840024742796869962,abdeekalantari,2024-09-28 16:44:19.346,نحوه‌‌ی از میان برداشتن نصرالله، بلحاظ استراتژیک، باید هشداری باشد که اگر سراغ بیت رهبری بیایند، محله‌ها و شهرها یکجا دود خواهند شد، چه بسا هسته‌ای، تازه اگر آمریکا و روسیه دخالت مستقیم نکنند! آیا ارجح نیست بساط اسلاموفاشیسمِ چهل و چندساله را خود مردم برچینند تا به نیابت اسراییل؟,0,0,0,https://x.com/AbdeeKalantari/status/1840024742796869962,2024,9,2024-09-28,نحوه‌‌ی از میان برداشتن نصرالله، بلحاظ استراتژیک، باید هشداری باشد که اگر سراغ بیت رهبری بیایند، محله‌ها و شهرها یکجا دود خواهند شد، چه بسا هسته‌ای، تازه اگر آمریکا و روسیه دخالت مستقیم نکنند! آیا ارجح نیست بساط اسلاموفاشیسمِ چهل و چندساله را خود مردم برچینند تا به نیابت اسراییل؟,"The method of removing Nasrallah, from a strategic point of view, should be a warning that if they come to the leadership house, the neighborhoods and cities will go up in smoke, maybe nuclear, only if America and Russia do not intervene directly! Isn't it better for the people to dismantle the forty-odd years of Islamo-fascism themselves rather than on behalf of Israel?"
1839645452917940405,abdeekalantari,2024-09-27 15:37:09.592,"دیروز هزاران نفر در نیویورک علیه حضور نتانیاهو در سازمان ملل و برای توقف نسل‌کشی در غزه و کشتار لبنان، نیز تحریم تسلیحات به اسراییل، تظاهرات کردند. نیویورک‌تایمز: این تظاهرات بزرگ بوسیله «صدای یهودیان برای صلح» و «در طول زندگی ما» سازمان داده شده بود. ۲۵ نفر دستگیر شدند.
کلیپ",0,0,0,https://x.com/AbdeeKalantari/status/1839645452917940405,2024,9,2024-09-27,"دیروز هزاران نفر در نیویورک علیه حضور نتانیاهو در سازمان ملل و برای توقف نسل‌کشی در غزه و کشتار لبنان، نیز تحریم تسلیحات به اسراییل، تظاهرات کردند. نیویورک‌تایمز: این تظاهرات بزرگ بوسیله «صدای یهودیان برای صلح» و «در طول زندگی ما» سازمان داده شده بود. ۲۵ نفر دستگیر شدند.
کلیپ","Yesterday, thousands of people demonstrated in New York against Netanyahu's presence at the United Nations and to stop the genocide in Gaza and Lebanon, as well as an arms embargo on Israel. The New York Times: The large demonstration was organized by Jewish Voice for Peace and In Our Lives. 25 people were arrested.
Clip"
1839647955638235629,abdeekalantari,2024-09-27 15:47:06.287,,0,0,0,https://x.com/AbdeeKalantari/status/1839647955638235629,2024,9,2024-09-27,,
1965011124983890003/photo/1,abdeekalantari,2025-09-08 14:15:34.994,"As President of 
@EuropeanRabbis
, I am constantly speaking with world leaders on rising antisemitism, safeguarding Jewish life in Europe, and deepening ties with Israel.

Even in tough times, our bonds are stronger than they appear—and we will continue working to strengthen them.",0,0,0,https://x.com/ChiefRabbiPG/status/1965011124983890003/photo/1,2025,9,2025-09-08,"As President of 
@EuropeanRabbis
, I am constantly speaking with world leaders on rising antisemitism, safeguarding Jewish life in Europe, and deepening ties with Israel.

Even in tough times, our bonds are stronger than they appear—and we will continue working to strengthen them.","As President of 
@EuropeanRabbis
, I am constantly speaking with world leaders on rising antisemitism, safeguarding Jewish life in Europe, and deepening ties with Israel.

Even in tough times, our bonds are stronger than they appear—and we will continue working to strengthen them."
1839228399111283002,abdeekalantari,2024-09-26 11:59:56.216,"عاریایی به وقتش به «نجات یهودی‌ها از بند بابل» و «ادغام مغول‌ها در فرهنگ ایرانی» مفتخرن
به وقتش هم از مدرسه رفتن کودکان افغانستانی دچار هراس می‌شن",0,0,0,https://x.com/leilaakhoda/status/1839228399111283002,2024,9,2024-09-26,"عاریایی به وقتش به «نجات یهودی‌ها از بند بابل» و «ادغام مغول‌ها در فرهنگ ایرانی» مفتخرن
به وقتش هم از مدرسه رفتن کودکان افغانستانی دچار هراس می‌شن","At the time, Arayei was proud of ""saving the Jews from Babylon"" and ""integrating the Mongols into Iranian culture"".
At the same time, Afghan children are afraid of going to school"
1839076325648187831,abdeekalantari,2024-09-26 01:55:39.077,"بی‌اعتنایی کارفرما به ایمنی کارگران تنها عامل فاجعه نیست. دلایل اصلی و ساختاریِ این کارگرکُشی، بنا به گفته رضا امیدی پژوهشگر اجتماعی، عبارتند از «موقتی‌سازی شغلی، بی‌ثبات‌کاری، تشکل‌زدایی از نیروی کار، و امنیتی‌کردنِ تشکل‌یابی.»
 
مقاله درخشان حمید مافی",0,0,0,https://x.com/AbdeeKalantari/status/1839076325648187831,2024,9,2024-09-26,"بی‌اعتنایی کارفرما به ایمنی کارگران تنها عامل فاجعه نیست. دلایل اصلی و ساختاریِ این کارگرکُشی، بنا به گفته رضا امیدی پژوهشگر اجتماعی، عبارتند از «موقتی‌سازی شغلی، بی‌ثبات‌کاری، تشکل‌زدایی از نیروی کار، و امنیتی‌کردنِ تشکل‌یابی.»
 
مقاله درخشان حمید مافی","The employer's disregard for workers' safety is not the only cause of the disaster. According to social researcher Reza Omidi, the main and structural reasons for this labor are ""job temporization, destabilization, deorganization of the workforce, and securitization of organization.""
 
Brilliant article by Hamid Mafi"
1838187527200485755,abdeekalantari,2024-09-23 15:03:53.014,بی‌اغراق تک‌تک جمله‌هاش آمیخته‌ای از آگاهیِ همه سویه‌ی یک ذهنیتِ پیشرفته‌ی دیالکتیکی و لذت ناب یک زبان خاص بود. آخرین کاری که از او خوانده بودم کتاب کوچک «پرونده‌های بنیامین» مثل سایر آثارش شاهکار است. برای من برجسته‌ترین منتقد و تئوریسین حوزه‌ی فرهنگ در جهان بود. فردریک جیمسون.,0,0,0,https://x.com/AbdeeKalantari/status/1838187527200485755,2024,9,2024-09-23,بی‌اغراق تک‌تک جمله‌هاش آمیخته‌ای از آگاهیِ همه سویه‌ی یک ذهنیتِ پیشرفته‌ی دیالکتیکی و لذت ناب یک زبان خاص بود. آخرین کاری که از او خوانده بودم کتاب کوچک «پرونده‌های بنیامین» مثل سایر آثارش شاهکار است. برای من برجسته‌ترین منتقد و تئوریسین حوزه‌ی فرهنگ در جهان بود. فردریک جیمسون.,"Without exaggeration, each of his sentences was a mixture of the awareness of all aspects of an advanced dialectical mentality and the pure pleasure of a special language. The last work I read from him, the small book ""Benyamin's Files"", is a masterpiece like his other works. For me, he was the most prominent critic and theoretician in the field of culture in the world. Frederick Jameson."
1838244287152091266,abdeekalantari,2024-09-23 18:49:25.641,مطلب کوتاهی از دوستان رادیو زمانه:,0,0,0,https://x.com/AbdeeKalantari/status/1838244287152091266,2024,9,2024-09-23,مطلب کوتاهی از دوستان رادیو زمانه:,A short article from the friends of Radio Zamane:
1837832700591329696,abdeekalantari,2024-09-22 15:33:55.758,در اردیبهشت ۱۳۹۶ در انفجار معدن زغال‌سنگ  آزادشهر ۲۶ کارگر کشته شدند. علی ربیعی، وزیر وقت کار از تشکیل کمیته نوسازی برای مرمت کارگاه‌ها و تعمیم تصمیم‌هایش به سایر معادن مشابه کشور گفت. در شهریور ۱۴۰۳ قول ۷ سال پیش وزیر رژیم آخوندی با مرگ دست‌کم ۵۰ کارگر #معدن_طبس راستی‌آزمایی شد.,0,0,0,https://x.com/naderteyf/status/1837832700591329696,2024,9,2024-09-22,در اردیبهشت ۱۳۹۶ در انفجار معدن زغال‌سنگ  آزادشهر ۲۶ کارگر کشته شدند. علی ربیعی، وزیر وقت کار از تشکیل کمیته نوسازی برای مرمت کارگاه‌ها و تعمیم تصمیم‌هایش به سایر معادن مشابه کشور گفت. در شهریور ۱۴۰۳ قول ۷ سال پیش وزیر رژیم آخوندی با مرگ دست‌کم ۵۰ کارگر #معدن_طبس راستی‌آزمایی شد.,"In May 2016, 26 workers were killed in the explosion of the Azadshahr coal mine. Ali Rabiei, the Minister of Labor at the time, said about the formation of the renovation committee to restore the workshops and extend its decisions to other similar mines in the country. In Shahrivar 1403, the promise made 7 years ago by the minister of the Akhundi regime was verified by the death of at least 50 workers of #Tabas_Mine."
1783164790828945547/analytics,abdeekalantari,2024-04-24 19:03:10.390,"Discover the faith-filled journey of Zion Oil & Gas, Inc. with our FREE digital info packet. Dive into videos,  books, and maps. Click to learn more and embark on a deeper exploration!",0,0,0,https://x.com/zionoil/status/1783164790828945547/analytics,2024,4,2024-04-24,"Discover the faith-filled journey of Zion Oil & Gas, Inc. with our FREE digital info packet. Dive into videos,  books, and maps. Click to learn more and embark on a deeper exploration!","Discover the faith-filled journey of Zion Oil & Gas, Inc. with our FREE digital info packet. Dive into videos,  books, and maps. Click to learn more and embark on a deeper exploration!"
1836345743440753030,abdeekalantari,2024-09-18 13:05:17.547,"نامه #گلرخ_ایرایی از #بند_زنان_زندان_اوین در پاسخ به فائزه هاشمی:

گفته‌های نهادهای امنیتی و سازمان زندان‌ها علیه زندانیان سیاسی کارکرد خود را برای افکار عمومی از دست داده است. خطِ امنیت از پا نمی‌افتد و اهدافِ خود را به طرق مختلف برآورده می‌کند.

صفحه ۱ تا ۴
۱/۴
#زن_زندگی_آزادی",0,0,0,https://x.com/golrokhiraee/status/1836345743440753030,2024,9,2024-09-18,"نامه #گلرخ_ایرایی از #بند_زنان_زندان_اوین در پاسخ به فائزه هاشمی:

گفته‌های نهادهای امنیتی و سازمان زندان‌ها علیه زندانیان سیاسی کارکرد خود را برای افکار عمومی از دست داده است. خطِ امنیت از پا نمی‌افتد و اهدافِ خود را به طرق مختلف برآورده می‌کند.

صفحه ۱ تا ۴
۱/۴
#زن_زندگی_آزادی","#Golrokh_Iraei's letter from #Evin_Zindan_Women's Prison in response to Fazeh Hashemi:

The statements of the security institutions and the prisons organization against political prisoners have lost their function for public opinion. The security line does not fail and fulfills its goals in different ways.

Page 1 to 4
1/4
#woman_life_of_freedom"
1835388531310559537,abdeekalantari,2024-09-15 21:41:40.391,"سمبولیسم این نماهنگ، زنی که سرش را می‌تراشد، با معانی فرهنگی تاریخی مثل: تنزه از مادیات، سوگواری، تنبیه به گناه همکاری با دشمن، رهایی از زندان کلیشه‌های مردسالار، اَندروجینی، عاشقی، و البته نمادی از سرکشی و اعتراض (زن، زندگی، آزادی).
اینجا بخوانید
abdee-kalantari.blogspot.com/2024/09/blog-p
…",0,0,0,https://x.com/AbdeeKalantari/status/1835388531310559537,2024,9,2024-09-15,"سمبولیسم این نماهنگ، زنی که سرش را می‌تراشد، با معانی فرهنگی تاریخی مثل: تنزه از مادیات، سوگواری، تنبیه به گناه همکاری با دشمن، رهایی از زندان کلیشه‌های مردسالار، اَندروجینی، عاشقی، و البته نمادی از سرکشی و اعتراض (زن، زندگی، آزادی).
اینجا بخوانید
abdee-kalantari.blogspot.com/2024/09/blog-p
…","The symbolism of this music video is a woman who shaves her head, with historical cultural meanings such as: getting rid of material things, mourning, punishment for the sin of collaborating with the enemy, release from the prison of patriarchal stereotypes, androgyny, love, and of course a symbol of rebellion and protest (woman, life, freedom).
Read here
abdee-kalantari.blogspot.com/2024/09/blog-p
…"
1833982628908659013,abdeekalantari,2024-09-12 00:35:07.138,"ملاحظه کنید منطق و عمق تئوریک و سیاسیِ تحلیل‌های یک متفکر جدی، واقعیت‌گرا، و دلسوز مردم را (نیکفر)، در برابر زبان‌بازی‌های تکراری، کسالت‌بار، و بی‌پشتوانه‌ی نظری و تجربیِ عباس عبدی که «عقلانیت» را فقط چانه‌زنی با قدرت می‌فهمد.
 
youtu.be/35V4FhK24kU?si
… via 
@YouTube",0,0,0,https://x.com/AbdeeKalantari/status/1833982628908659013,2024,9,2024-09-12,"ملاحظه کنید منطق و عمق تئوریک و سیاسیِ تحلیل‌های یک متفکر جدی، واقعیت‌گرا، و دلسوز مردم را (نیکفر)، در برابر زبان‌بازی‌های تکراری، کسالت‌بار، و بی‌پشتوانه‌ی نظری و تجربیِ عباس عبدی که «عقلانیت» را فقط چانه‌زنی با قدرت می‌فهمد.
 
youtu.be/35V4FhK24kU?si
… via 
@YouTube","Consider the logic and theoretical and political depth of the analyzes of a serious thinker, realist, and sympathetic to the people (Nikfar), against the repetitive, boring, and unsupported theoretical and empirical language games of Abbas Abdi, who understands ""rationality"" only as bargaining with power.
 
youtu.be/35V4FhK24kU?si
... via 
@YouTube"
1831884534423679310,abdeekalantari,2024-09-06 05:38:02.432,نسیم بهروز توضیح می‌دهد چرا کارزار حمایت از ترامپ برای او اهمیت دارد: خطر کمونیستی شدن آمریکا، خطر خلافت جهانی اسلام، نجات ایران، «روشنایی در برابر تاریکی»! کاش می‌دانستیم چه تعداد ایرانیان به ترامپ رأی می‌دهند، آمار شغل، سن، تحصیلات می‌توانست گویا باشد.,0,0,0,https://x.com/AbdeeKalantari/status/1831884534423679310,2024,9,2024-09-06,نسیم بهروز توضیح می‌دهد چرا کارزار حمایت از ترامپ برای او اهمیت دارد: خطر کمونیستی شدن آمریکا، خطر خلافت جهانی اسلام، نجات ایران، «روشنایی در برابر تاریکی»! کاش می‌دانستیم چه تعداد ایرانیان به ترامپ رأی می‌دهند، آمار شغل، سن، تحصیلات می‌توانست گویا باشد.,"Nasim Behrouz explains why the campaign to support Trump is important to him: the danger of America becoming communist, the danger of the Islamic global caliphate, saving Iran, ""light against darkness""! I wish we knew how many Iranians voted for Trump, the job, age, and education statistics would be telling."
1830606774258589833,abdeekalantari,2024-09-02 17:00:40.669,پرسش ژئوپولیتیکز: آیا اصلاح‌طلبی در ایران هرگز می‌تواند خارج از پارادایم انقلاب مخملی تحقق پذیرد؟ یکی از مهمترین چهره‌های امنیتی محور مقاومت (اسلاموفاشیسم) می‌گوید خیر! برای بحران جمهوری اسلامی طائب راه حل پوتین ـ اسد دارد و اصلاح‌طلب راستگرا راه حل برجام دو و سه و چار و تسلیم!,0,0,0,https://x.com/AbdeeKalantari/status/1830606774258589833,2024,9,2024-09-02,پرسش ژئوپولیتیکز: آیا اصلاح‌طلبی در ایران هرگز می‌تواند خارج از پارادایم انقلاب مخملی تحقق پذیرد؟ یکی از مهمترین چهره‌های امنیتی محور مقاومت (اسلاموفاشیسم) می‌گوید خیر! برای بحران جمهوری اسلامی طائب راه حل پوتین ـ اسد دارد و اصلاح‌طلب راستگرا راه حل برجام دو و سه و چار و تسلیم!,"Geopolitics question: Can reformism in Iran ever be realized outside of the velvet revolution paradigm? One of the most important security figures of the resistance axis (Islamofascism) says no! For the crisis of the Islamic Republic, Taeb has the solution of Putin-Assad, and the right-wing reformist has the solution of JCPOA two, three, four and surrender!"
1830606776204714483,abdeekalantari,2024-09-02 17:00:41.133,دیدگاه امنیتی و پارانویایی محور مقاومت (اسلامگرایی فاشیست) در برابر اصلاح‌طلبیِ راستگرا (اسلامگرایی شبه‌لیبرال) ـ مهدی طائب (فرمانده قرارگاه عمار و برادر بزرگ حسین طائب رئیس سابق اطلاعات سپاه) در برابر قربانیِ سابق‌‌اش احمد زیدآبادی.,0,0,0,https://x.com/AbdeeKalantari/status/1830606776204714483,2024,9,2024-09-02,دیدگاه امنیتی و پارانویایی محور مقاومت (اسلامگرایی فاشیست) در برابر اصلاح‌طلبیِ راستگرا (اسلامگرایی شبه‌لیبرال) ـ مهدی طائب (فرمانده قرارگاه عمار و برادر بزرگ حسین طائب رئیس سابق اطلاعات سپاه) در برابر قربانیِ سابق‌‌اش احمد زیدآبادی.,"The security and paranoid view of the axis of resistance (fascist Islamism) against the right-wing reformism (semi-liberal Islamism) - Mehdi Taib (commander of the Ammar camp and elder brother of Hossein Taib, the former head of IRGC intelligence) against his former victim Ahmad Zeidabadi."
1830260308092334549,abdeekalantari,2024-09-01 18:03:56.698,"#رضا_شهابی، #حسن_سعیدی و #کیوان_مهتدی پس از بیش از دو سال حبس از زندان آزاد شدند.
radiozamaneh.com/832245 
ماموران امنیتی اردیبهشت ۱۴۰۱ در جریان بازداشت گسترده فعالان کارگری دو عضو سندیکای کارگران شرکت واحد اتوبوسرانی تهران و یک عضو کانون نویسندگان ایران را بازداشت کردند.",0,0,0,https://x.com/RadioZamaneh/status/1830260308092334549,2024,9,2024-09-01,"#رضا_شهابی، #حسن_سعیدی و #کیوان_مهتدی پس از بیش از دو سال حبس از زندان آزاد شدند.
radiozamaneh.com/832245 
ماموران امنیتی اردیبهشت ۱۴۰۱ در جریان بازداشت گسترده فعالان کارگری دو عضو سندیکای کارگران شرکت واحد اتوبوسرانی تهران و یک عضو کانون نویسندگان ایران را بازداشت کردند.","#Reza_Shahabi, #Hassan_Saeidi and #Kivan_Mohtadi were released from prison after more than two years of imprisonment.
radiozamaneh.com/832245 
In May 1401, during the massive arrest of labor activists, the security agents arrested two members of the workers' union of the Tehran Bus Unit and a member of the Writers' Association of Iran."
1829135984065184140,abdeekalantari,2024-08-29 15:36:16.961,"یک پرستار در کرمانشاه: «پرداخت ۱۴۰ هزار تومان بابت ۷ ساعت اضافه‌کاری به یک پرستار کمتر از پول یک ساندویچ است.»

۱۳ ماه است که پرداخت کارانه و حق‌الزحمه اضافه کار و تعرفه خدمات پرستاری عقب افتاده است.#اعتراضات_پرستاران
akhbar-rooz.com/249090/1403/06
…",0,0,0,https://x.com/AbdeeKalantari/status/1829135984065184140,2024,8,2024-08-29,"یک پرستار در کرمانشاه: «پرداخت ۱۴۰ هزار تومان بابت ۷ ساعت اضافه‌کاری به یک پرستار کمتر از پول یک ساندویچ است.»

۱۳ ماه است که پرداخت کارانه و حق‌الزحمه اضافه کار و تعرفه خدمات پرستاری عقب افتاده است.#اعتراضات_پرستاران
akhbar-rooz.com/249090/1403/06
…","A nurse in Kermanshah: ""Paying 140,000 Tomans for 7 hours of overtime to a nurse is less than the price of a sandwich.""

It has been 13 months since the payment of workers' compensation, overtime pay, and the tariff for nursing services have been delayed.
akhbar-rooz.com/249090/1403/06
…"
1825593710450508014,abdeekalantari,2024-08-19 21:00:33.119,۸ مرداد ۱۳۵۸، روح‌الله خمینی فتوای جهاد را علیه کردستان صادر کرد، حکمی کە در پی آن گلولەباران شهرها، قتل‌عام روستاها و برپایی جوخەهای اعدام در کردستان آغاز شد.,0,0,0,https://x.com/Workers_History/status/1825593710450508014,2024,8,2024-08-19,۸ مرداد ۱۳۵۸، روح‌الله خمینی فتوای جهاد را علیه کردستان صادر کرد، حکمی کە در پی آن گلولەباران شهرها، قتل‌عام روستاها و برپایی جوخەهای اعدام در کردستان آغاز شد.,"On August 8, 1358, Ruhollah Khomeini issued a fatwa of Jihad against Kurdistan, a decree that started the shelling of cities, the massacre of villages and the setting up of execution camps in Kurdistan."
1825459507809472919,abdeekalantari,2024-08-19 12:07:16.716,"#آیسان_اسلامی و بحران خشونت جنسیتی؛

درخواست واکنش جهانی نسبت به خشونت و ناموس‌انگاری زنان 

در ادامه بخوانید ",0,0,0,https://x.com/me_too_iran/status/1825459507809472919,2024,8,2024-08-19,"#آیسان_اسلامی و بحران خشونت جنسیتی؛

درخواست واکنش جهانی نسبت به خشونت و ناموس‌انگاری زنان 

در ادامه بخوانید ","#Aisan_Islami and the crisis of gender violence;

Requesting a global response to violence and dishonor of women 

Read on"
1822424107129905457,abdeekalantari,2024-08-11 03:05:40.799,"نوح می‌نویسد: تا ساعت‌ها تکه‌پاره‌های اجساد را جمع می‌کردیم.
instagram.com/reel/C-ejm1YN0
…",0,0,0,https://x.com/AbdeeKalantari/status/1822424107129905457,2024,8,2024-08-11,"نوح می‌نویسد: تا ساعت‌ها تکه‌پاره‌های اجساد را جمع می‌کردیم.
instagram.com/reel/C-ejm1YN0
…","Noah writes: We collected the pieces of the bodies for hours.
instagram.com/reel/C-ejm1YN0
…"
1822256110826389698,abdeekalantari,2024-08-10 15:58:07.359,آنچه تاب دیدن‌اش را هم نداریم، کودکان فلسطین امروز زندگی می‌کنند، فردا زندگی می‌کنند و زندگی خواهند کرد. آنها فاجعه را با خود حمل می‌کنند، خود چون به تمامی شمایل هولناک فاجعه، که دارد زندگی را تاب می‌آورد، یا درست‌تر، هستی هولناک حقیقت که زندگی را به تاب آوری رنج خودش وا می‌دارد!,0,0,0,https://x.com/hengamehhoveyda/status/1822256110826389698,2024,8,2024-08-10,آنچه تاب دیدن‌اش را هم نداریم، کودکان فلسطین امروز زندگی می‌کنند، فردا زندگی می‌کنند و زندگی خواهند کرد. آنها فاجعه را با خود حمل می‌کنند، خود چون به تمامی شمایل هولناک فاجعه، که دارد زندگی را تاب می‌آورد، یا درست‌تر، هستی هولناک حقیقت که زندگی را به تاب آوری رنج خودش وا می‌دارد!,"What we do not have the patience to see, the children of Palestine live today, live tomorrow and will live. They carry the disaster with them, like all the terrible images of the disaster, which is enduring life, or rather, the terrible existence of the truth which forces life to endure its own suffering!"
1821943523576311854,abdeekalantari,2024-08-09 19:16:00.751,"بعد از شهادتم در دادگاه آبان تریبونال لندن بدلیل ناامنی های که برایم بوجود آمد ترکیه را ترک و به کشور گرجستان پناهنده شده ام بعد از  حدود دو سال و نیم امروز اداره سازمان پناهندگی به من جواب رد داده اند
@AbanTribunal",0,0,0,https://x.com/KhoshroF/status/1821943523576311854,2024,8,2024-08-09,"بعد از شهادتم در دادگاه آبان تریبونال لندن بدلیل ناامنی های که برایم بوجود آمد ترکیه را ترک و به کشور گرجستان پناهنده شده ام بعد از  حدود دو سال و نیم امروز اداره سازمان پناهندگی به من جواب رد داده اند
@AbanTribunal","After my testimony at the London Tribunal in November, I left Turkey and became a refugee in Georgia due to the insecurities that arose for me.
@AbanTribunal"
1822231883729551642,abdeekalantari,2024-08-10 14:21:51.169,"نتیجه مدیریت صحرایی در آموزش و پرورش: 
در طول دوران وزارتش صدها دانشجوی فرهنگیان ، نو معلم و فعال صنفی معلمان از آپ اخراج شدند.در حالی با افتخار از عزل و جابجایی ۲۰ هزار مدیر سخن گفت  که در شرایط کنونی  ، وزارت آپ با ابر بحران  کمبود  بیش از ۲۰۰هزار نیروی آموزشی مواجه است (۱)",0,0,0,https://x.com/mhkh58/status/1822231883729551642,2024,8,2024-08-10,"نتیجه مدیریت صحرایی در آموزش و پرورش: 
در طول دوران وزارتش صدها دانشجوی فرهنگیان ، نو معلم و فعال صنفی معلمان از آپ اخراج شدند.در حالی با افتخار از عزل و جابجایی ۲۰ هزار مدیر سخن گفت  که در شرایط کنونی  ، وزارت آپ با ابر بحران  کمبود  بیش از ۲۰۰هزار نیروی آموزشی مواجه است (۱)","The result of field management in education: 
During the tenure of his ministry, hundreds of educational students, new teachers, and teachers' union activists were fired from AP. Meanwhile, he proudly spoke about the dismissal and transfer of 20,000 managers, and in the current situation, AP Ministry is facing a super-crisis of shortage of more than 200,000 teaching staff (1)."
1822341024984744096,abdeekalantari,2024-08-10 21:35:32.472,"«کیوسک» چند روز دیگر اینجا برنامه دارد، هنرمندان خوبی که هنوز حال‌وحس «زیرزمینی» را با خود دارند: دوران سپری‌شده ماقبل اینترنت و براندازی، یادتان هست؟ امیدوارم آرش دیگر دل‌ش چندان در گرو پرزیدنت دل‌ها و روده‌ها نباشد.
abdee-kalantari.blogspot.com/2024/08/blog-p
…",0,0,0,https://x.com/AbdeeKalantari/status/1822341024984744096,2024,8,2024-08-10,"«کیوسک» چند روز دیگر اینجا برنامه دارد، هنرمندان خوبی که هنوز حال‌وحس «زیرزمینی» را با خود دارند: دوران سپری‌شده ماقبل اینترنت و براندازی، یادتان هست؟ امیدوارم آرش دیگر دل‌ش چندان در گرو پرزیدنت دل‌ها و روده‌ها نباشد.
abdee-kalantari.blogspot.com/2024/08/blog-p
…","""Kiosk"" is scheduled here in a few days, good artists who still have the ""underground"" mood with them: the era before the Internet and subversion, remember? I hope Arash doesn't depend on the President of Hearts and Guts anymore.
abdee-kalantari.blogspot.com/2024/08/blog-p
…"
