tweet_id,username,created_at,text,replies,retweets,likes,url,year,month,date,Text_original,Text_en
2009221313534279695,abdollahram,2026-01-08 13:11:05.330,"اولین‌ قدم برای نشان دادن درک دلایل اعتراض مردم و حسن نیت در پاسخگویی به اعتراضات، اعلام دو برنامه مشخص و شروع به انجام آنهاست :
۱-انحلال مجلس و اعلام انتخابات آزاد در موعد معین
۲-واگذاری دارایی‌‌های ستاد اجرایی و بنیادهای مستضعفان، علوی و پانزده خرداد به دولت منتخب مجلس آزاد",0,0,0,https://x.com/abdollahram/status/2009221313534279695,2026,1,2026-01-08,"اولین‌ قدم برای نشان دادن درک دلایل اعتراض مردم و حسن نیت در پاسخگویی به اعتراضات، اعلام دو برنامه مشخص و شروع به انجام آنهاست :
۱-انحلال مجلس و اعلام انتخابات آزاد در موعد معین
۲-واگذاری دارایی‌‌های ستاد اجرایی و بنیادهای مستضعفان، علوی و پانزده خرداد به دولت منتخب مجلس آزاد","The first step to show understanding of the reasons for people's protests and good intentions in responding to protests is to announce two specific programs and start implementing them:
1- Dissolution of the parliament and announcement of free elections on a certain date
2- Handing over the assets of the executive headquarters and the foundations of Mustafahan, Alavi, and Pandezh Khordad to the elected government of Azad Majlis."
2008959860512084021,abdollahram,2026-01-07 19:52:10.072,تاریخ بخوانیم!,0,0,0,https://x.com/abdollahram/status/2008959860512084021,2026,1,2026-01-07,تاریخ بخوانیم!,Let's read history!
1783164790828945547/analytics,abdollahram,2024-04-24 19:03:10.390,"Discover the faith-filled journey of Zion Oil & Gas, Inc. with our FREE digital info packet. Dive into videos,  books, and maps. Click to learn more and embark on a deeper exploration!",0,0,0,https://x.com/zionoil/status/1783164790828945547/analytics,2024,4,2024-04-24,"Discover the faith-filled journey of Zion Oil & Gas, Inc. with our FREE digital info packet. Dive into videos,  books, and maps. Click to learn more and embark on a deeper exploration!","Discover the faith-filled journey of Zion Oil & Gas, Inc. with our FREE digital info packet. Dive into videos,  books, and maps. Click to learn more and embark on a deeper exploration!"
2008821429673021719,abdollahram,2026-01-07 10:42:05.588,اصل مسئله این است!,0,0,0,https://x.com/abdollahram/status/2008821429673021719,2026,1,2026-01-07,اصل مسئله این است!,This is the main issue!
2008559826457284959,abdollahram,2026-01-06 17:22:34.521,ارز چند نرخی از بزرگترین عوامل رانت‌خواری و فساد است. دولت خاتمی با تک نرخی کردن ارز، که با مدیریت اقتصاددان برجسته محمد ستاریفر و مشارکت سایر اعضا تیم اقتصادی دولت انجام شد، گام بزرگی جهت سالم سازی اقتصاد کشور  برداشت. متاسفانه آنکه نظرش نزدیکتر بود در این موضوع هم فاجعه آفرید.,0,0,0,https://x.com/abdollahram/status/2008559826457284959,2026,1,2026-01-06,ارز چند نرخی از بزرگترین عوامل رانت‌خواری و فساد است. دولت خاتمی با تک نرخی کردن ارز، که با مدیریت اقتصاددان برجسته محمد ستاریفر و مشارکت سایر اعضا تیم اقتصادی دولت انجام شد، گام بزرگی جهت سالم سازی اقتصاد کشور  برداشت. متاسفانه آنکه نظرش نزدیکتر بود در این موضوع هم فاجعه آفرید.,"Multi-rate currency is one of the biggest factors of rent-seeking and corruption. Khatami's government took a big step to make the country's economy healthy by making the currency single-rate, which was done under the management of prominent economist Mohammad Satarifar and the participation of other members of the government's economic team. Unfortunately, because his opinion was closer, he created a disaster in this issue as well."
2008449406207402270,abdollahram,2026-01-06 10:03:48.282,کمیته حقیقت‌یابی به ایلام بفرستید که در آن نمایندگان نهادهای مدنی مستقل هم حضور داشته باشند.,0,0,0,https://x.com/abdollahram/status/2008449406207402270,2026,1,2026-01-06,کمیته حقیقت‌یابی به ایلام بفرستید که در آن نمایندگان نهادهای مدنی مستقل هم حضور داشته باشند.,"Send a fact-finding committee to Ilam, in which representatives of independent civil institutions are also present."
2008416127093727629,abdollahram,2026-01-06 07:51:33.923,"این چه رسمی است که تا کسی خلاف میل  سیاسی ما حرفی زد در پی خاکبرداری از گذشته او برمی آییم تا جمله‌ای خلاف آن بیابیم؟ انگار که گنجی یافته ایم!
دکتر شریفی زارچی جمله‌ای گفته که خوشایند ما نیست بر او می‌تازیم که چرا در گذشته نامه‌ای به رهبر نوشته!؟مگر امام خمینی از اول ضد شاه بود!",0,0,0,https://x.com/abdollahram/status/2008416127093727629,2026,1,2026-01-06,"این چه رسمی است که تا کسی خلاف میل  سیاسی ما حرفی زد در پی خاکبرداری از گذشته او برمی آییم تا جمله‌ای خلاف آن بیابیم؟ انگار که گنجی یافته ایم!
دکتر شریفی زارچی جمله‌ای گفته که خوشایند ما نیست بر او می‌تازیم که چرا در گذشته نامه‌ای به رهبر نوشته!؟مگر امام خمینی از اول ضد شاه بود!","How official is it that if someone said something against our political will, we dig up his past to find a statement against it? As if we have found a treasure!
Dr. Sharifi Zarchi said something that is not pleasant."
2007517571504066900,abdollahram,2026-01-03 20:21:01.576,"مصاحبه رئس جمهوری آمریکا تیر خلاصی بود بر مفهوم و پارادایم آنچه ""حقوق بین‌الملل "" خوانده می‌شد. صریح وعریان از حاکم شدن کامل ‌و مجدد ""زور"" و ""قدرت"" در روابط بین‌الملل سخن گفت! و اینکه به قول لات‌ها نفس کش می‌‌طلبید.",0,0,0,https://x.com/abdollahram/status/2007517571504066900,2026,1,2026-01-03,"مصاحبه رئس جمهوری آمریکا تیر خلاصی بود بر مفهوم و پارادایم آنچه ""حقوق بین‌الملل "" خوانده می‌شد. صریح وعریان از حاکم شدن کامل ‌و مجدد ""زور"" و ""قدرت"" در روابط بین‌الملل سخن گفت! و اینکه به قول لات‌ها نفس کش می‌‌طلبید.","The American president's interview was a shot at the concept and paradigm of what was called ""international law"". Sarih Vaeryan spoke about the complete and renewed dominance of ""force"" and ""power"" in international relations! And that, as the saying goes, you need a breather."
2007142274271195645,abdollahram,2026-01-02 19:29:43.743,"تنظیمات را از حالت کارخانه‌ای درآورید، با مردم بسازید و به مردم اعتماد کنید!
پاسخ دشمنان ایران با مردم!",0,0,0,https://x.com/abdollahram/status/2007142274271195645,2026,1,2026-01-02,"تنظیمات را از حالت کارخانه‌ای درآورید، با مردم بسازید و به مردم اعتماد کنید!
پاسخ دشمنان ایران با مردم!","Factory reset, build with people and trust people!
Iran's enemies answer with the people!"
2006676450896994646,abdollahram,2026-01-01 12:38:42.796,"مهدی افشار نیک از اتهام جاسوسی تبرئه شد. خبر کوتاه است اما دل‌آشوب!
۱۱۰ روز انفرادی را کی جبران می‌کند؟ مهدی را ۲۰سالی است که می‌ شناسم، روزنامه‌نگاری صریح و گستاخ که کارش رمزگشایی از پیچیدگیهاست!
دست کدام رانتخواران پشت بازداشت مهدی بود؟",0,0,0,https://x.com/abdollahram/status/2006676450896994646,2026,1,2026-01-01,"مهدی افشار نیک از اتهام جاسوسی تبرئه شد. خبر کوتاه است اما دل‌آشوب!
۱۱۰ روز انفرادی را کی جبران می‌کند؟ مهدی را ۲۰سالی است که می‌ شناسم، روزنامه‌نگاری صریح و گستاخ که کارش رمزگشایی از پیچیدگیهاست!
دست کدام رانتخواران پشت بازداشت مهدی بود؟","Mehdi Afshar Nik was acquitted of espionage charges. The news is short but exciting!
Who compensates for 110 days of solitary confinement? I have known Mehdi for 20 years, a frank and rude journalist whose job is to decipher complexities!
Which rent-seekers were behind Mahdi's arrest?"
2006046298059788334,abdollahram,2025-12-30 18:54:42.652,در مورد بودجه آدرس غلط ندهید. مساله افزایش مالیات ارزش افزوده یا حقوق کارکنان نیست! مساله عدم واریز بخشی ( بیش از نصف)از درآمد نفت به خزانه و هزینه در محل‌های غیر شفاف و بعضا مخالف منافع ملت و وجود نهادهای غول‌پیکر اقتصادی مانند ستاد اجرایی و بنیاد است که پاسخگوی هیچکس نیستند.,0,0,0,https://x.com/abdollahram/status/2006046298059788334,2025,12,2025-12-30,در مورد بودجه آدرس غلط ندهید. مساله افزایش مالیات ارزش افزوده یا حقوق کارکنان نیست! مساله عدم واریز بخشی ( بیش از نصف)از درآمد نفت به خزانه و هزینه در محل‌های غیر شفاف و بعضا مخالف منافع ملت و وجود نهادهای غول‌پیکر اقتصادی مانند ستاد اجرایی و بنیاد است که پاسخگوی هیچکس نیستند.,"Do not give the wrong address about the budget. It is not a question of increasing value added tax or employee salaries! The issue of not depositing a part (more than half) of the oil income to the treasury and expenses in non-transparent places and sometimes against the interests of the nation and the existence of giant economic institutions such as the executive headquarters and the foundation, which are not accountable to anyone."
2005671455309369810,abdollahram,2025-12-29 18:05:13.176,بیست و یک سال پیش چنین روزهایی را برای اقتصاد ملی پیش بینی می‌کردیم!,0,0,0,https://x.com/abdollahram/status/2005671455309369810,2025,12,2025-12-29,بیست و یک سال پیش چنین روزهایی را برای اقتصاد ملی پیش بینی می‌کردیم!,"Twenty-one years ago, we predicted such days for the national economy!"
2005654403471294974,abdollahram,2025-12-29 16:57:27.701,"اقای حداد عادل جوابگو باش
اصولگرایان جوابگو باشید",0,0,0,https://x.com/moinifard/status/2005654403471294974,2025,12,2025-12-29,"اقای حداد عادل جوابگو باش
اصولگرایان جوابگو باشید","Mr. Haddad Adel, be the answer
Be responsible fundamentalists"
2004929188105728316,abdollahram,2025-12-27 16:55:42.884,"آقای عراقچی در ""کدام جهان زندگی می‌کند""؟
که باور دارد ""فعالین اقتصادی شکایتی از مشکلات ناشی از تحریم ندارند""""!!!",0,0,0,https://x.com/abdollahram/status/2004929188105728316,2025,12,2025-12-27,"آقای عراقچی در ""کدام جهان زندگی می‌کند""؟
که باور دارد ""فعالین اقتصادی شکایتی از مشکلات ناشی از تحریم ندارند""""!!!","Mr. Araghchi lives in ""which world""?
who believes that ""economic activists do not complain about the problems caused by sanctions""!!!"
2004131252740522094,abdollahram,2025-12-25 12:05:00.268,نتیجه محکومیت به فساد وزیران دولت مرحوم آقای رئیسی چه شد؟ رقم فساد ۳.۷ میلیارد دلاری رقم کمی نیست! مقایسه کنید با مجموع بودجه سه وزارتخانه  کلیدی آموزش‌و پرورش، بهداشت و علوم تا عمق فساد کمی نمایان شود! آیا درست. است که آن وزیران از مجازات معاف شده‌‌اند؟...!,0,0,0,https://x.com/abdollahram/status/2004131252740522094,2025,12,2025-12-25,نتیجه محکومیت به فساد وزیران دولت مرحوم آقای رئیسی چه شد؟ رقم فساد ۳.۷ میلیارد دلاری رقم کمی نیست! مقایسه کنید با مجموع بودجه سه وزارتخانه  کلیدی آموزش‌و پرورش، بهداشت و علوم تا عمق فساد کمی نمایان شود! آیا درست. است که آن وزیران از مجازات معاف شده‌‌اند؟...!,"What was the result of condemning the corruption of the ministers of the late Mr. Raisi's government? The corruption figure of 3.7 billion dollars is not a small figure! Compare with the total budget of the three key ministries of education, health and science until the depth of corruption is revealed! Is that right? Are those ministers exempted from punishment?!"
2003181800517173436,abdollahram,2025-12-22 21:12:13.218,"شب یلدا،
کودکان شادی را به مادران هدیه کردند
و به تاریکی گفتند:
«ما بلدتریم از تو» 
و توانایی شون را به نمایش گذاشتند",0,0,0,https://x.com/smaeel_azari/status/2003181800517173436,2025,12,2025-12-22,"شب یلدا،
کودکان شادی را به مادران هدیه کردند
و به تاریکی گفتند:
«ما بلدتریم از تو» 
و توانایی شون را به نمایش گذاشتند","Yalda night
Children gave joy to mothers
And they said to the darkness:
""We know better than you"" 
And they showed their ability"
2003035332732964971,abdollahram,2025-12-22 11:30:12.577,"آیا آقای قالیباف از اینکه منابع محدود ارزی دولت در جاهایی که دولت اختیاری ندارد، هزینه می‌شود اطلاع ندارد که دولت را تهدید به استیضاح می‌کند؟
شاخ و شانه را در محل مناسب بکشید!",0,0,0,https://x.com/abdollahram/status/2003035332732964971,2025,12,2025-12-22,"آیا آقای قالیباف از اینکه منابع محدود ارزی دولت در جاهایی که دولت اختیاری ندارد، هزینه می‌شود اطلاع ندارد که دولت را تهدید به استیضاح می‌کند؟
شاخ و شانه را در محل مناسب بکشید!","Does Mr. Ghalibaf not know that the government's limited currency resources are spent in places where the government has no authority, which threatens the government with impeachment?
Draw the horn and shoulder in the right place!"
2000630098035429661,abdollahram,2025-12-15 20:12:39.938,"این روزها در خانه های بلوط پروژه‌های متعددی توسط کودکان اجرا می‌شود.
کودکان روستای چهارمه امروز پیش گاودار، خیاط، مغازه‌دار، ضایعاتی و... رفتند و با آنها گفتگو کردند.",0,0,0,https://x.com/smaeel_azari/status/2000630098035429661,2025,12,2025-12-15,"این روزها در خانه های بلوط پروژه‌های متعددی توسط کودکان اجرا می‌شود.
کودکان روستای چهارمه امروز پیش گاودار، خیاط، مغازه‌دار، ضایعاتی و... رفتند و با آنها گفتگو کردند.","These days, many projects are implemented by children in the oak houses.
Today, the children of Chaharmeh village went to the cowherd, tailor, shopkeeper, scrapper, etc. and talked with them."
1998633229432098885,abdollahram,2025-12-10 07:57:49.363,"عبدالله رمضان‌زاده، سخنگوی دولت اصلاحات:
به بهانه پرونده نظرسنجی!

به یاد می‌آورم که روز شنبه‌ای حوالی ظهر بود که سعید مرتضوی روی تلفن همراه من زنگ زد و گفت پرونده‌ای علیه شما تشکیل شده است و شما روز دوشنبه ساعت ۲ بیا دادستانی دفتر من! سوال کردم موضوع چیست؟ گفت بیا اینجا توضیح",0,0,0,https://x.com/SharghDaily/status/1998633229432098885,2025,12,2025-12-10,"عبدالله رمضان‌زاده، سخنگوی دولت اصلاحات:
به بهانه پرونده نظرسنجی!

به یاد می‌آورم که روز شنبه‌ای حوالی ظهر بود که سعید مرتضوی روی تلفن همراه من زنگ زد و گفت پرونده‌ای علیه شما تشکیل شده است و شما روز دوشنبه ساعت ۲ بیا دادستانی دفتر من! سوال کردم موضوع چیست؟ گفت بیا اینجا توضیح","Abdullah Ramzanzadeh, the spokesman of the reform government:
Under the pretext of the survey file!

I remember that it was around noon on a Saturday when Saeed Mortazavi called me on my cell phone and said that a case has been filed against you and you should come to my prosecutor's office on Monday at 2 o'clock! I asked what is the matter? He said come here and explain"
1995913392335335751,abdollahram,2025-12-02 19:50:09.667,"در بقیه زمینه ها که #حکمرانی داشتید چه گلی سر ملت زدید ؟ 
که الان نگران حکمرانی در زمینه استفاده از #اینترنت برای ملت ایران هستید ! 
#قالیباف",0,0,0,https://x.com/Arsha45914097/status/1995913392335335751,2025,12,2025-12-02,"در بقیه زمینه ها که #حکمرانی داشتید چه گلی سر ملت زدید ؟ 
که الان نگران حکمرانی در زمینه استفاده از #اینترنت برای ملت ایران هستید ! 
#قالیباف","What did you do to the nation in the rest of the fields that you ruled? 
that you are now worried about governance in the field of using the #Internet for the people of Iran! 
#Carpet weaving"
1995949923699958110,abdollahram,2025-12-02 22:15:19.423,نهصد متر زمین را در چهار روز خاک برداری کردیم، ۱۲۰ سرویس سنگ گچ خارج کردیم، به امید خدا در چند ماه آینده بتوانیم ساخت را شروع کنیم برای خانه بلوط روستای دره‌لبک,0,0,0,https://x.com/smaeel_azari/status/1995949923699958110,2025,12,2025-12-02,نهصد متر زمین را در چهار روز خاک برداری کردیم، ۱۲۰ سرویس سنگ گچ خارج کردیم، به امید خدا در چند ماه آینده بتوانیم ساخت را شروع کنیم برای خانه بلوط روستای دره‌لبک,"We excavated 900 meters of land in four days, we removed 120 services of plaster, hoping to God in the next few months, we will be able to start construction for the oak house in Darelabak village."
1994766838396256257,abdollahram,2025-11-29 15:54:09.906,"از این نظرات بوی متعفن #آریستو‌کراسی به مشام می رسد!
حکومت گروه کوچک و برخوردار !! 
این آدم ها همون‌هایی‌ان که فکر می‌کنن تقدیر، تاج زرّینی روی سر بعضی‌ها گذاشته و بقیه فقط باید تماشاگر باشن. 
انگار دنیا براشون صحنه‌ایه با چند صندلی رزرو شده
صندلی‌هایی که نه با عشق، نه با لیاقت،",0,0,0,https://x.com/Arsha45914097/status/1994766838396256257,2025,11,2025-11-29,"از این نظرات بوی متعفن #آریستو‌کراسی به مشام می رسد!
حکومت گروه کوچک و برخوردار !! 
این آدم ها همون‌هایی‌ان که فکر می‌کنن تقدیر، تاج زرّینی روی سر بعضی‌ها گذاشته و بقیه فقط باید تماشاگر باشن. 
انگار دنیا براشون صحنه‌ایه با چند صندلی رزرو شده
صندلی‌هایی که نه با عشق، نه با لیاقت،","You can smell the stench of #aristocracy from these comments!
The government of a small and privileged group!! 
These people are the ones who think that destiny has placed a golden crown on some people's heads and the rest should just be spectators. 
It's like the world is a stage with a few seats reserved for them
Chairs that are neither with love, nor with merit,"
1994385425801318571,abdollahram,2025-11-28 14:38:34.057,"بولتن‌سازی‌های این روزها یادِآور ""کارناوال عصر عاشورا""ی باند سعید امامی در خرداد هفتاد‌و‌شش است.",0,0,0,https://x.com/abdollahram/status/1994385425801318571,2025,11,2025-11-28,"بولتن‌سازی‌های این روزها یادِآور ""کارناوال عصر عاشورا""ی باند سعید امامی در خرداد هفتاد‌و‌شش است.","These days' bulletins are reminiscent of the ""Ashura Carnival"" of Saeed Emami gang in June 76."
1993101238377083129/analytics,abdollahram,2025-11-25 01:35:39.916,The Gemma 3 12B model is now available through Crusoe Managed Inference. Access this powerful model and leverage Crusoe's breakthrough speed and resilient scaling.,0,0,0,https://x.com/CrusoeAI/status/1993101238377083129/analytics,2025,11,2025-11-25,The Gemma 3 12B model is now available through Crusoe Managed Inference. Access this powerful model and leverage Crusoe's breakthrough speed and resilient scaling.,The Gemma 3 12B model is now available through Crusoe Managed Inference. Access this powerful model and leverage Crusoe's breakthrough speed and resilient scaling.
1993215116922495038,abdollahram,2025-11-25 09:08:10.677,,0,0,0,https://x.com/abdollahram/status/1993215116922495038,2025,11,2025-11-25,,
1992890281298120862,abdollahram,2025-11-24 11:37:23.829,,0,0,0,https://x.com/abdollahram/status/1992890281298120862,2025,11,2025-11-24,,
1991223940786590174,abdollahram,2025-11-19 21:15:57.292,"نه با شروین حاجی‌پور ارتباطی دارم نه با رشیدپور چون نه اهل موسیقی هستم ونه شرکت در مجامع عمومی! اما از محدودیت هایی که برای این دو به وجود آمده میتوان نتیجه گرفت که نیروهای خودسر زیر پوست ماموران رسمی یا برعکس مشغول نقض آزادی های قانونی مردمند
آیا حافظی برای حقوق قانونی مردم هست!",0,0,0,https://x.com/abdollahram/status/1991223940786590174,2025,11,2025-11-19,"نه با شروین حاجی‌پور ارتباطی دارم نه با رشیدپور چون نه اهل موسیقی هستم ونه شرکت در مجامع عمومی! اما از محدودیت هایی که برای این دو به وجود آمده میتوان نتیجه گرفت که نیروهای خودسر زیر پوست ماموران رسمی یا برعکس مشغول نقض آزادی های قانونی مردمند
آیا حافظی برای حقوق قانونی مردم هست!","I have no relationship with Sherwin Hajipour, nor with Rashidpour, because I am not a musician, nor do I participate in public gatherings! But from the restrictions that have been created for these two, it can be concluded that arbitrary forces under the skin of official agents or vice versa are busy violating people's legal freedoms.
Is there a safeguard for people's legal rights?"
1990373172689199395,abdollahram,2025-11-17 12:55:18.371,"ظاهرا در رقابت میان قالیباف (رئیس عیسی شریفی) و جلیلی (رهبر معنوی محکومان چای دبش) بر سر یارانه انرژی، جلیلی پیروز شد!
آقای رئیس جمهور! 
در مقابل چه امتیازی به قالیباف می‌دهید تا پروژه وفاق تکمیل شود؟
#وفاق",0,0,0,https://x.com/abdollahram/status/1990373172689199395,2025,11,2025-11-17,"ظاهرا در رقابت میان قالیباف (رئیس عیسی شریفی) و جلیلی (رهبر معنوی محکومان چای دبش) بر سر یارانه انرژی، جلیلی پیروز شد!
آقای رئیس جمهور! 
در مقابل چه امتیازی به قالیباف می‌دهید تا پروژه وفاق تکمیل شود؟
#وفاق","Apparently, Jalili won in the competition between Qalibaf (chairman of Issa Sharifi) and Jalili (spiritual leader of Chai Debash convicts) over the energy subsidy!
Mr. President! 
In contrast, what score do you give to Qalibaf to complete the Wefaq project?
#faq"
1990129310930268365,abdollahram,2025-11-16 20:46:17.197,"آقای رئیس جمهور!
لطفا اسامی سایر تیم‌ها و اشخاصی که نظر داده‌اند را همراه با نظراتشان منتشر کنید.
آیا اساسا تیم دیگری مورد مشورت قرار گرفته است؟
چه کسی کارآمدی برنامه‌ای که هنوز اجرا نشده را تشخیص داده است؟",0,0,0,https://x.com/abdollahram/status/1990129310930268365,2025,11,2025-11-16,"آقای رئیس جمهور!
لطفا اسامی سایر تیم‌ها و اشخاصی که نظر داده‌اند را همراه با نظراتشان منتشر کنید.
آیا اساسا تیم دیگری مورد مشورت قرار گرفته است؟
چه کسی کارآمدی برنامه‌ای که هنوز اجرا نشده را تشخیص داده است؟","Mr. President!
Please publish the names of other teams and individuals who have commented along with their comments.
Has another team been consulted?
Who has recognized the effectiveness of a program that has not yet been implemented?"
1987974740514877853,abdollahram,2025-11-10 22:04:47.580,"به لطف یکی از دوستان توییتر هفته ای چهار مدرسه روستایی را دو وعده صبحانه می‌دهیم.
تغذیه گروهی نقش بارزی:
در اشتیاق کودکان به مدرسه
تندرستی 
ایجاد صمیمیت.
پنج سال پیش هفته ای چهار هزار صبحانه می‌دادیم",0,0,0,https://x.com/smaeel_azari/status/1987974740514877853,2025,11,2025-11-10,"به لطف یکی از دوستان توییتر هفته ای چهار مدرسه روستایی را دو وعده صبحانه می‌دهیم.
تغذیه گروهی نقش بارزی:
در اشتیاق کودکان به مدرسه
تندرستی 
ایجاد صمیمیت.
پنج سال پیش هفته ای چهار هزار صبحانه می‌دادیم","Thanks to a Twitter friend, we provide breakfast to four rural schools twice a week.
Group feeding plays an important role:
In children's enthusiasm for school
wellness 
Create intimacy.
Five years ago, we served 4,000 breakfasts a week"
1987069146354614617,abdollahram,2025-11-08 10:06:17.107,"جناب آقای رئیس جمهور! 
می فرمایید اگر باران نبارد و مصرف اب ۱۰ درصد دیگر کاهش نیابد باید تهران تخلیه شود.
کارشناسان می‌گویند هدررفت ناشی از پوسیدگی شبکه توزیع ۱۵ تا ۲۰ درصداست.
بودجه نهادهای غیر ضروری را قطع کنید و فورا به اصلاح شبکه بپردازید.
سخن از تخلیه تهران شوخی ناچسبی است!",0,0,0,https://x.com/abdollahram/status/1987069146354614617,2025,11,2025-11-08,"جناب آقای رئیس جمهور! 
می فرمایید اگر باران نبارد و مصرف اب ۱۰ درصد دیگر کاهش نیابد باید تهران تخلیه شود.
کارشناسان می‌گویند هدررفت ناشی از پوسیدگی شبکه توزیع ۱۵ تا ۲۰ درصداست.
بودجه نهادهای غیر ضروری را قطع کنید و فورا به اصلاح شبکه بپردازید.
سخن از تخلیه تهران شوخی ناچسبی است!","Dear Mr. President! 
You say that if it does not rain and water consumption does not decrease by 10%, Tehran should be evacuated.
Experts say that the wastage caused by the decay of the distribution network is 15 to 20 percent.
Cut the funding of unnecessary institutions and fix the network immediately.
Talking about the evacuation of Tehran is a joke!"
1987069468141396272,abdollahram,2025-11-08 10:07:33.827,فورا یعنی همین امروز شروع کنید که فردا دیر است!,0,0,0,https://x.com/abdollahram/status/1987069468141396272,2025,11,2025-11-08,فورا یعنی همین امروز شروع کنید که فردا دیر است!,Immediately means start today because tomorrow is too late!
1985970316288340021,abdollahram,2025-11-05 09:19:55.604,"بازگرداندن سید مصطفی تاج‌زاده به زندان برایتان چه سودی دارد؟
باعث تغییر مواضع او می‌شود؟
دسترسی او به افکار عمومی قطع می‌شود؟
تاثیر مواضع او از بین می‌رود؟
طرفداران مواضع او کم می‌شوند؟
او زندانی سیاسی‌است نه محکوم امنیتی!
به نفع همه است که زندانی سیاسی نداشته باشیم!",0,0,0,https://x.com/abdollahram/status/1985970316288340021,2025,11,2025-11-05,"بازگرداندن سید مصطفی تاج‌زاده به زندان برایتان چه سودی دارد؟
باعث تغییر مواضع او می‌شود؟
دسترسی او به افکار عمومی قطع می‌شود؟
تاثیر مواضع او از بین می‌رود؟
طرفداران مواضع او کم می‌شوند؟
او زندانی سیاسی‌است نه محکوم امنیتی!
به نفع همه است که زندانی سیاسی نداشته باشیم!","What is the benefit of returning Seyed Mustafa Tajzadeh to prison?
Does it change his position?
Will his access to public opinion be cut off?
Does the effect of his positions disappear?
Are the fans of his positions decreasing?
He is a political prisoner, not a security convict!
It is in everyone's interest not to have political prisoners!"
1983572279893135500,abdollahram,2025-10-29 18:30:59.174,"بزرگترین ناترازی در اقتصاد در بودجه سالانه است که دولت‌ها با فروش اوراق مشارکت برای تامین حقوق کارکنان آن را می‌سازند. این یعنی فروش آینده و تورم مزمن.
حال که دولت بانک آینده را منحل کرد، بودجه سال آینده را نیز بدون کسری و با منابع و مصارف تراز تنظیم کند تا اندکی از تورم بکاهد",0,0,0,https://x.com/abdollahram/status/1983572279893135500,2025,10,2025-10-29,"بزرگترین ناترازی در اقتصاد در بودجه سالانه است که دولت‌ها با فروش اوراق مشارکت برای تامین حقوق کارکنان آن را می‌سازند. این یعنی فروش آینده و تورم مزمن.
حال که دولت بانک آینده را منحل کرد، بودجه سال آینده را نیز بدون کسری و با منابع و مصارف تراز تنظیم کند تا اندکی از تورم بکاهد","The biggest disagreement in the economy is in the annual budget, which governments build by selling bonds to pay their employees. This means future sales and chronic inflation.
Now that the government has dissolved the future bank, it should adjust the next year's budget without a deficit and with balanced resources and expenditures to reduce inflation a little."
1982770337877209324,abdollahram,2025-10-27 13:24:21.298,آیا سفیر ایران به سخنگویی کاخ کرملین منصوب شده است؟,0,0,0,https://x.com/abdollahram/status/1982770337877209324,2025,10,2025-10-27,آیا سفیر ایران به سخنگویی کاخ کرملین منصوب شده است؟,Has Iran's ambassador been appointed as the spokesman of the Kremlin Palace?
1979845704303448218,abdollahram,2025-10-19 12:42:54.317,"امروز پیش عزیزی رفتم که خودش مدیریت موفقی داشت تا از تجربه های مدیریتی او بهره بگیرم و چراغ راهم باشد در مدیریت خانه‌های بلوط.
گفت: عده‌ای فکر می‌کردند توسعه با پول بدست می‌آید و رفتن سراغ وام‌های جهانی و بدست آوردن پول فهمیدند راه را اشتباه امدند
مرحله بعد رفتند سراغ نیروی",0,0,0,https://x.com/smaeel_azari/status/1979845704303448218,2025,10,2025-10-19,"امروز پیش عزیزی رفتم که خودش مدیریت موفقی داشت تا از تجربه های مدیریتی او بهره بگیرم و چراغ راهم باشد در مدیریت خانه‌های بلوط.
گفت: عده‌ای فکر می‌کردند توسعه با پول بدست می‌آید و رفتن سراغ وام‌های جهانی و بدست آوردن پول فهمیدند راه را اشتباه امدند
مرحله بعد رفتند سراغ نیروی","Today, I went to Azizi, who had a successful management himself, so that I could benefit from his management experience and be a light on my way in managing Oak Houses.
He said: Some people thought that development can be achieved with money, and by going to international loans and getting money, they realized that they came on the wrong path.
The next step was to go to the army"
1982427055263482131,abdollahram,2025-10-26 14:40:16.345,"دم خروس یا قسم حضرت عباس!
کدام را باور کنیم‌؟
طرف که‌ عضو مجلسه داعیه مبارزه با فساد پیدا کرده و راجع به صدمیلیون تومان (کمتر از هزار دلار) افشاگری می‌کند. یادش رفته در مقابل فساد ۳ میلیارد دلاری رفقایش در ""چای دبش"" نه تنها سرشان را مثل کبک زیر برف کرده اند بلکه حمایت هم می کنند",0,0,0,https://x.com/abdollahram/status/1982427055263482131,2025,10,2025-10-26,"دم خروس یا قسم حضرت عباس!
کدام را باور کنیم‌؟
طرف که‌ عضو مجلسه داعیه مبارزه با فساد پیدا کرده و راجع به صدمیلیون تومان (کمتر از هزار دلار) افشاگری می‌کند. یادش رفته در مقابل فساد ۳ میلیارد دلاری رفقایش در ""چای دبش"" نه تنها سرشان را مثل کبک زیر برف کرده اند بلکه حمایت هم می کنند","Rooster's tail or swear by Hazrat Abbas!
Which one should we believe?
The party who is a member of the anti-corruption parliament has found and disclosed about a hundred million tomans (less than a thousand dollars). He forgot that in front of the 3 billion dollar corruption of his comrades in ""Chai Debash"", they not only buried their heads in the snow like Quebec, but also supported them."
1982418139125277079,abdollahram,2025-10-26 14:04:50.572,"روسوفیل‌ها ( دلباختگان روسیه)  می‌گویند کسی نباید به روس‌ها بگوید ""بالای چشمتان ابروست""!! چون به تریج (تریش) قبای جناب پوتین برمی‌خورد",0,0,0,https://x.com/abdollahram/status/1982418139125277079,2025,10,2025-10-26,"روسوفیل‌ها ( دلباختگان روسیه)  می‌گویند کسی نباید به روس‌ها بگوید ""بالای چشمتان ابروست""!! چون به تریج (تریش) قبای جناب پوتین برمی‌خورد","Russophiles (lovers of Russia) say that no one should say to Russians ""there is a cloud above your eye""!! Because it fits Mr. Putin's trish"
1981350831485308986,abdollahram,2025-10-23 16:23:44.601,"آقای رئیس جمهور!
قبل از آنکه در وزارت جهادکشاورزی مانند دولت قبل واقعه‌ای مثل ""چای دبش"" پیش بیاید، فکری به حال ""شرکت بازرگانی دولتی"" و خریدهای آن بکنید.  
#پزشکیان 
#قائم_پناهش",0,0,0,https://x.com/abdollahram/status/1981350831485308986,2025,10,2025-10-23,"آقای رئیس جمهور!
قبل از آنکه در وزارت جهادکشاورزی مانند دولت قبل واقعه‌ای مثل ""چای دبش"" پیش بیاید، فکری به حال ""شرکت بازرگانی دولتی"" و خریدهای آن بکنید.  
#پزشکیان 
#قائم_پناهش","Mr. President!
Before an incident like ""Debash Tea"" happens in the Ministry of Jihad and Agriculture like the previous government, think about the state of the ""State Trading Company"" and its purchases.  
#Doctors 
#guardian_of_his_shelter"
1977639565910548974,abdollahram,2025-10-13 10:36:29.936,"منطق وزیر خارجه ما:
ما با کسانی که به ملت ما صدمه زده‌اند و هنوز هم تهدید یا تحریم می‌کنند تعامل (بخوانید مذاکره) نمی کنیم!
سوال این است:
آیا وزارت خارجه فقط برای تعامل با دوستان است؟
جنگ‌ها چگونه پایان می یابند؟ا
اختلافات بین دولت‌ها چگونه حل می‌شود؟
و ده‌ها سوال دیگر!",0,0,0,https://x.com/abdollahram/status/1977639565910548974,2025,10,2025-10-13,"منطق وزیر خارجه ما:
ما با کسانی که به ملت ما صدمه زده‌اند و هنوز هم تهدید یا تحریم می‌کنند تعامل (بخوانید مذاکره) نمی کنیم!
سوال این است:
آیا وزارت خارجه فقط برای تعامل با دوستان است؟
جنگ‌ها چگونه پایان می یابند؟ا
اختلافات بین دولت‌ها چگونه حل می‌شود؟
و ده‌ها سوال دیگر!","The logic of our foreign minister:
We do not interact (read negotiate) with those who have harmed our nation and still threaten or sanction!
The question is:
Is MFA only for interacting with friends?
How do wars end? A
How are disputes between governments resolved?
And dozens of other questions!"
1977411494636925409,abdollahram,2025-10-12 19:30:13.507,"پاسخگویی و عذرخواهی ، دو رکن ضروری فرهنگ سیاسی و اداری کشور و آیین مردم‌داری است. 
از آنچه در نشست خبری معاون وزارتخانه رخ داد متاسف و از خبرنگار محترم، اصحاب رسانه و افکار عمومی عذرخواهم.

#پاسخگویی
#عذرخواهی 
#آئین_مردم‌داری",0,0,0,https://x.com/MrZafarghandi/status/1977411494636925409,2025,10,2025-10-12,"پاسخگویی و عذرخواهی ، دو رکن ضروری فرهنگ سیاسی و اداری کشور و آیین مردم‌داری است. 
از آنچه در نشست خبری معاون وزارتخانه رخ داد متاسف و از خبرنگار محترم، اصحاب رسانه و افکار عمومی عذرخواهم.

#پاسخگویی
#عذرخواهی 
#آئین_مردم‌داری","Accountability and apology are the two essential pillars of the country's political and administrative culture and democracy. 
I am sorry for what happened in the press conference of the deputy minister and I apologize to the respected reporter, media and public opinion.

#Answering
#Apology 
#Ain_Dormadari"
1977112791258742956,abdollahram,2025-10-11 23:43:17.072,"فرصت‌ها چون ابر بهاری گذرا هستند، آن‌ها را غنیمت شمارید!
#دعوتنامه",0,0,0,https://x.com/abdollahram/status/1977112791258742956,2025,10,2025-10-11,"فرصت‌ها چون ابر بهاری گذرا هستند، آن‌ها را غنیمت شمارید!
#دعوتنامه","Opportunities are fleeting like a spring cloud, seize them!
#Invitation"
1976915842425405731,abdollahram,2025-10-11 10:40:40.811,"آیا بعد از تجدید تحریم‌ها وزارت خارجه تعطیل شده یا دیگر دیپلماسی بی‌فایده شده که وقت وزیر خارجه صرف توجیه نمایندگان استصوابی می‌شود؟
وقت هدر دادن با این افراد چه نتیجه‌ای دارد؟
آقای عراقچی!
به کار خودت برس!
این مجلس جرات حتی فکر کردن به استیضاح شما را نخواهد داشت!",0,0,0,https://x.com/abdollahram/status/1976915842425405731,2025,10,2025-10-11,"آیا بعد از تجدید تحریم‌ها وزارت خارجه تعطیل شده یا دیگر دیپلماسی بی‌فایده شده که وقت وزیر خارجه صرف توجیه نمایندگان استصوابی می‌شود؟
وقت هدر دادن با این افراد چه نتیجه‌ای دارد؟
آقای عراقچی!
به کار خودت برس!
این مجلس جرات حتی فکر کردن به استیضاح شما را نخواهد داشت!","Has the Ministry of Foreign Affairs been closed after the renewal of sanctions, or has diplomacy become useless and the time of the Minister of Foreign Affairs is spent justifying the elected representatives?
What is the result of wasting time with these people?
Mr. Araghchi!
Get to work!
This parliament will not dare to even think about your impeachment!"
1976198907333050675,abdollahram,2025-10-09 11:11:50.165,توصیه می‌کنم وزارت امور خارجه طی موضع‌گیری رسمی از آتش‌بس‌ در غزه استقبال کند,0,0,0,https://x.com/abdollahram/status/1976198907333050675,2025,10,2025-10-09,توصیه می‌کنم وزارت امور خارجه طی موضع‌گیری رسمی از آتش‌بس‌ در غزه استقبال کند,I recommend that the Ministry of Foreign Affairs welcome the ceasefire in Gaza in an official position
1973065438838816836,abdollahram,2025-09-30 19:40:33.059,"در سال شکست نهایی از روسیه و امضای قرارداد ترکمن‌چای، فتحعلیشاه سکه ""خسرو صاحبقران"" را به ""فتحعلیشاه خسرو کشورستان"" تبدیل کرد. او فکر می‌کرد الفاظ می‌تواند واقعیت را دگرگون کند..",0,0,0,https://x.com/abdollahram/status/1973065438838816836,2025,9,2025-09-30,"در سال شکست نهایی از روسیه و امضای قرارداد ترکمن‌چای، فتحعلیشاه سکه ""خسرو صاحبقران"" را به ""فتحعلیشاه خسرو کشورستان"" تبدیل کرد. او فکر می‌کرد الفاظ می‌تواند واقعیت را دگرگون کند..","In the year of the final defeat from Russia and the signing of the Turkmen Chai Treaty, Fath Ali Shah changed the ""Khosro Sahibqaran"" coin to ""Fath Ali Shah Khosro Kishoristan"". He thought that words can change reality."
1965768619570381016,abdollahram,2025-09-10 16:25:35.777,میزان‌الحراره ضد روسی برخی از دوستان خیلی بالا رفته. توجه به اصول ژئوپولتیک و واقعیت همسایگی با یک قدرت بزرگ جهانی هم لازمست . بخواهیم یا نخواهیم روسیه همسایه تاریخی تأثیرگذاری در سرنوشت کشور بوده است و خواهد بود.۰ استفاده از تسلیحات مشابه تسلیحات ساخت ایران به ما چه ربطی دارد؟,0,0,0,https://x.com/abdollahram/status/1965768619570381016,2025,9,2025-09-10,میزان‌الحراره ضد روسی برخی از دوستان خیلی بالا رفته. توجه به اصول ژئوپولتیک و واقعیت همسایگی با یک قدرت بزرگ جهانی هم لازمست . بخواهیم یا نخواهیم روسیه همسایه تاریخی تأثیرگذاری در سرنوشت کشور بوده است و خواهد بود.۰ استفاده از تسلیحات مشابه تسلیحات ساخت ایران به ما چه ربطی دارد؟,"The anti-Russian temperature of some friends has risen too high. It is also necessary to pay attention to the principles of geopolitics and the reality of being a neighbor to a great world power. Whether we like it or not, Russia has been and will be a historical neighbor influencing the fate of the country."
1964952893448138860,abdollahram,2025-09-08 10:24:11.514,دانش‌آموز کلاس پنجم دبستان از سنندج که به چند زبان برنامه‌نویسی کد می‌نوشت، ویدیوهای دوره‌ی یادگیری ماشین من در دانشگاه شریف را دیده بود و سوالش این بود که برای فراخوانی Huggingface API چطور باید Token بسازد تا یک Telegram Chatbot مبتنی بر هوش‌مصنوعی بسازد.,0,0,0,https://x.com/SharifiZarchi/status/1964952893448138860,2025,9,2025-09-08,دانش‌آموز کلاس پنجم دبستان از سنندج که به چند زبان برنامه‌نویسی کد می‌نوشت، ویدیوهای دوره‌ی یادگیری ماشین من در دانشگاه شریف را دیده بود و سوالش این بود که برای فراخوانی Huggingface API چطور باید Token بسازد تا یک Telegram Chatbot مبتنی بر هوش‌مصنوعی بسازد.,"A 5th grade primary school student from Sanandaj, who writes code in several programming languages, had seen the videos of my machine learning course at Sharif University and his question was how to create a Token to call the Huggingface API to build an AI-based Telegram Chatbot."
1965077866489798987,abdollahram,2025-09-08 18:40:47.409,"کنار گذاشتن خانم نادره رضایی از معاونت هنری وزارت ارشاد تاسف آور است و یکی دیگر از نشانه‌های بازگشت به تنظیمات کارخانه.
افراطیون برانداز و انقلابی جشن بگیرند!
#شجریان",0,0,0,https://x.com/abdollahram/status/1965077866489798987,2025,9,2025-09-08,"کنار گذاشتن خانم نادره رضایی از معاونت هنری وزارت ارشاد تاسف آور است و یکی دیگر از نشانه‌های بازگشت به تنظیمات کارخانه.
افراطیون برانداز و انقلابی جشن بگیرند!
#شجریان","The removal of Ms. Nadere Rezaei from the artistic deputy of the Ministry of Guidance is regrettable and another sign of a return to factory settings.
Subversive and revolutionary extremists celebrate!
#Shajarian"
1964713959640191097,abdollahram,2025-09-07 18:34:45.255,"برنامه هفتم را مجلس ۱۰ درصدی به ریاست شما نوشته است.
وزیر اقتصاد را یک ساله عزل کردید.پول بیت‌المال را به نهادهای بی‌ربط دادید و اجازه تعطیل آنها را به دولت ندادید. از رئیس جمهور در رفع فیلتر سکوهای کسب و کار مردم سلب اختیار کردید.حقوق های گزاف برای خود تصویب کردید.
باز طلبکارید؟",0,0,0,https://x.com/abdollahram/status/1964713959640191097,2025,9,2025-09-07,"برنامه هفتم را مجلس ۱۰ درصدی به ریاست شما نوشته است.
وزیر اقتصاد را یک ساله عزل کردید.پول بیت‌المال را به نهادهای بی‌ربط دادید و اجازه تعطیل آنها را به دولت ندادید. از رئیس جمهور در رفع فیلتر سکوهای کسب و کار مردم سلب اختیار کردید.حقوق های گزاف برای خود تصویب کردید.
باز طلبکارید؟","The seventh plan was written by the 10% parliament headed by you.
You dismissed the Minister of Economy for one year. You gave the money of Bait-al-Mal to unrelated institutions and did not allow the government to close them. You took away the authority of the president to remove the filter of people's business platforms. You approved exorbitant salaries for yourself.
Are you a creditor?"
1963885687993700569,abdollahram,2025-09-05 11:43:29.906,۱/پاییز سال ۷۶ در سطح عمومی شایع شده بود که مرحوم استاد شجریان از اجرای موسیقی درفضای عمومی منع شده‌اند. به عنوان استاندار کردستان تصمیم گرفتم از ایشان برای اجرا در فضای باز در سنندج دعوت کنم. علیرغم مخالفت نهادهای امنیتی که کردستان جای اجازه چنین کارهایی نیست،  دعوت انجام...,0,0,0,https://x.com/abdollahram/status/1963885687993700569,2025,9,2025-09-05,۱/پاییز سال ۷۶ در سطح عمومی شایع شده بود که مرحوم استاد شجریان از اجرای موسیقی درفضای عمومی منع شده‌اند. به عنوان استاندار کردستان تصمیم گرفتم از ایشان برای اجرا در فضای باز در سنندج دعوت کنم. علیرغم مخالفت نهادهای امنیتی که کردستان جای اجازه چنین کارهایی نیست،  دعوت انجام...,"1/ In the fall of 1976, it was widely spread that the late professor Shajarian was banned from performing music in public. As the governor of Kurdistan, I decided to invite him to perform in the open air in Sanandaj. Despite the opposition of the security institutions that Kurdistan is not a place to allow such activities, the invitation to do..."
1963885761654095934,abdollahram,2025-09-05 11:43:47.468,"شد. استاد سخاوتمندانه پذیرفتند و سه شب مهمان مردم سنندج، شهر موسیقی ایران، بودند. هر شب چند هزار نفر شاهد اجرای موسیقی اصیل ایرانی بودند. امنیت و آرامش هیچکس هم خدشه‌دار نشد.
ضمنا مرحوم استاد مجموعه آثار خود را به رسم هدیه به من دادند.
#شجریان",0,0,0,https://x.com/abdollahram/status/1963885761654095934,2025,9,2025-09-05,"شد. استاد سخاوتمندانه پذیرفتند و سه شب مهمان مردم سنندج، شهر موسیقی ایران، بودند. هر شب چند هزار نفر شاهد اجرای موسیقی اصیل ایرانی بودند. امنیت و آرامش هیچکس هم خدشه‌دار نشد.
ضمنا مرحوم استاد مجموعه آثار خود را به رسم هدیه به من دادند.
#شجریان","became. They accepted the master generously and were guests of the people of Sanandaj, the music city of Iran, for three nights. Every night, several thousand people witnessed the performance of authentic Iranian music. No one's safety and peace was disturbed.
In addition, the late professor gave me his collection of works as a gift.
#Shajarian"
1963265672407879975,abdollahram,2025-09-03 18:39:46.671,"بر دامنه ناامیدی از  امکان تغییر افزودید!
#شجریان",0,0,0,https://x.com/abdollahram/status/1963265672407879975,2025,9,2025-09-03,"بر دامنه ناامیدی از  امکان تغییر افزودید!
#شجریان","You have added to the scope of despair from the possibility of change!
#Shajarian"
1962881207034609998,abdollahram,2025-09-02 17:12:02.983,"این جوان پاکبان در پارکی در گرگان ۳ میلیارد تومان طلا و سکه پیدا کرد و‌ آن را به صاحبش برگرداند.
هنوز شرافت در این کشور زنده است.",0,0,0,https://x.com/IrTimes/status/1962881207034609998,2025,9,2025-09-02,"این جوان پاکبان در پارکی در گرگان ۳ میلیارد تومان طلا و سکه پیدا کرد و‌ آن را به صاحبش برگرداند.
هنوز شرافت در این کشور زنده است.","This honest young man found 3 billion tomans worth of gold and coins in a park in Gorgan and returned it to its owner.
Honor is still alive in this country."
1962519683048845425,abdollahram,2025-09-01 17:15:28.948,"آقای رئیس جمهور!
از وضعیت پاسخ وزارت اطلاعات به استعلام صلاحیت ها اطلاع دارید؟
به نظر می‌رسد صلاحیت شما را هم اگر استعلا کنند توسط وزارت اطلاعات خودتان رد می شوید! آخرین نمونه پاسخ‌داوطلبین هیات مدیره نظام پزشکی است.
در دولت قبلی وضع بهتر بود.از واجا گزارش بخواهید و از مدیرانتان",0,0,0,https://x.com/abdollahram/status/1962519683048845425,2025,9,2025-09-01,"آقای رئیس جمهور!
از وضعیت پاسخ وزارت اطلاعات به استعلام صلاحیت ها اطلاع دارید؟
به نظر می‌رسد صلاحیت شما را هم اگر استعلا کنند توسط وزارت اطلاعات خودتان رد می شوید! آخرین نمونه پاسخ‌داوطلبین هیات مدیره نظام پزشکی است.
در دولت قبلی وضع بهتر بود.از واجا گزارش بخواهید و از مدیرانتان","Mr. President!
Do you know the status of the Ministry of Information's response to the qualification inquiry?
It seems that your competence will be rejected by your own Ministry of Information if they exceed it! The last example is the volunteers of the board of directors of the medical system.
The situation was better in the previous government. Ask for a report from Waja and from your managers"
1962520602121580864,abdollahram,2025-09-01 17:19:08.072,*اگر.......استعلام,0,0,0,https://x.com/abdollahram/status/1962520602121580864,2025,9,2025-09-01,*اگر.......استعلام,*If.......inquiry
1962255363907953028,abdollahram,2025-08-31 23:45:10.354,وقاحت,0,0,0,https://x.com/abdollahram/status/1962255363907953028,2025,8,2025-08-31,وقاحت,insolence
1962134112820457473,abdollahram,2025-08-31 15:43:21.842,"عبور از بن‌بست‌ها با روش‌های معمول امکان‌پذیر نیست و نیازمند ابتکار و خلاقیت و جسارت  است.
کشور را از بن‌بست خارج کنید.
#غنی‌‌سازی",0,0,0,https://x.com/abdollahram/status/1962134112820457473,2025,8,2025-08-31,"عبور از بن‌بست‌ها با روش‌های معمول امکان‌پذیر نیست و نیازمند ابتکار و خلاقیت و جسارت  است.
کشور را از بن‌بست خارج کنید.
#غنی‌‌سازی","It is not possible to overcome the dead ends with the usual methods and it requires initiative, creativity and courage.
Get the country out of the deadlock.
#Enrichment"
1960447506971562316,abdollahram,2025-08-27 00:01:23.672,"یک مصاحبه جالب!

موقوفه گوهرشاد فقط هزار هکتار زمین در مشهد دارد و ۵۷۰۰ رقبه سند در چناران و ... جناب علم الهدا هم به عنوان متولی ۱۰٪ در درآمد شریک است حالا با این مقدمه بخوانید: 
۱. خبرنگار: در این مدت حق‌التولیه‌ای برای شما واریز نشده؟
آقای علم الهدی ابتدا می‌گوید «اصلا به‌هیچ",0,0,0,https://x.com/Arsha45914097/status/1960447506971562316,2025,8,2025-08-27,"یک مصاحبه جالب!

موقوفه گوهرشاد فقط هزار هکتار زمین در مشهد دارد و ۵۷۰۰ رقبه سند در چناران و ... جناب علم الهدا هم به عنوان متولی ۱۰٪ در درآمد شریک است حالا با این مقدمه بخوانید: 
۱. خبرنگار: در این مدت حق‌التولیه‌ای برای شما واریز نشده؟
آقای علم الهدی ابتدا می‌گوید «اصلا به‌هیچ","An interesting interview!

The Goharshad endowment has only one thousand hectares of land in Mashhad and 5700 acres of land in Chenaran and... Mr. Alam Al-Hada also shares 10% of the income as a trustee. Now read with this introduction: 
1. Reporter: No royalties have been paid to you during this time?
Mr. Alam Al-Hadi first says, ""Nothing at all"
1960978503706321247,abdollahram,2025-08-28 11:11:23.159,بازنشر,0,0,0,https://x.com/abdollahram/status/1960978503706321247,2025,8,2025-08-28,بازنشر,republish
1959915396707885507,abdollahram,2025-08-25 12:46:58.699,"این شکل بالا رفتن قیمت دلار در ایام پس از جنگ مصداق عینی ""قورباغه آب‌پز کردن"" اقتصاد و مردم ایران است.",0,0,0,https://x.com/abdollahram/status/1959915396707885507,2025,8,2025-08-25,"این شکل بالا رفتن قیمت دلار در ایام پس از جنگ مصداق عینی ""قورباغه آب‌پز کردن"" اقتصاد و مردم ایران است.","This way of increasing the price of the dollar in the days after the war is a concrete example of the ""boiling frog"" of the Iranian economy and people."
1959486973644546526,abdollahram,2025-08-24 08:24:34.681,"منوط کردن انتصاب به پاسخ #استعلام، میراث دوران #ابراهیم_رییسی است.
«قانون نحوه انتصاب اشخاص در مشاغل حساس» مصوب سال ۱۴۰۱ است و آیین‌نامه‌اش تنها یک‌ هفته‌ قبل از سقوط بالگرد به تصویب هیأت وزیران رسید.
این قانون پایانی است بر شایسته‌سالاری در ایران و حاکمیت مطلق سلیقه.
دولت هر چه",0,0,0,https://x.com/borhanimohsen1/status/1959486973644546526,2025,8,2025-08-24,"منوط کردن انتصاب به پاسخ #استعلام، میراث دوران #ابراهیم_رییسی است.
«قانون نحوه انتصاب اشخاص در مشاغل حساس» مصوب سال ۱۴۰۱ است و آیین‌نامه‌اش تنها یک‌ هفته‌ قبل از سقوط بالگرد به تصویب هیأت وزیران رسید.
این قانون پایانی است بر شایسته‌سالاری در ایران و حاکمیت مطلق سلیقه.
دولت هر چه","Subjecting the appointment to the answer to the inquiry is a legacy of the era of Ibrahim Raisi.
""The Law on the Appointment of Persons in Sensitive Jobs"" was approved in 1401 and its regulations were approved by the Cabinet of Ministers only a week before the helicopter crash.
This law is the end of meritocracy in Iran and the absolute rule of taste.
Government whatever"
1959339578017632352,abdollahram,2025-08-23 22:38:52.825,منوط کردن ادامه تحصیل به #گزینش هیچ مستند قانونی ندارد. هیچ ایرانی به علت باورهای سیاسی یا اعتقادی نباید از #حق_بر_تحصیل محروم گردد. ظاهراً در مورد برخی اقلیت‌ها این محرومیت غیرقانونی سال‌هاست که تبدیل به عرف شده است.,0,0,0,https://x.com/borhanimohsen1/status/1959339578017632352,2025,8,2025-08-23,منوط کردن ادامه تحصیل به #گزینش هیچ مستند قانونی ندارد. هیچ ایرانی به علت باورهای سیاسی یا اعتقادی نباید از #حق_بر_تحصیل محروم گردد. ظاهراً در مورد برخی اقلیت‌ها این محرومیت غیرقانونی سال‌هاست که تبدیل به عرف شده است.,"Subjecting the continuation of education to #choice has no legal document. No Iranian should be denied the right to education because of political or religious beliefs. Apparently, in the case of some minorities, this illegal deprivation has become the norm for years."
1958583210071207971,abdollahram,2025-08-21 20:33:20.654,"RT 
@m_bayatzanjani
: در حاشیه‌ی همدان مادر ۲ فرزند که مغازه‌ای داشته را به دلیل بدهی ۵۰ میلیون‌تومانی بازداشت کرده‌اند.
به واسطه‌ی محترم عرض…",0,0,0,https://x.com/abdollahram/status/1958583210071207971,2025,8,2025-08-21,"RT 
@m_bayatzanjani
: در حاشیه‌ی همدان مادر ۲ فرزند که مغازه‌ای داشته را به دلیل بدهی ۵۰ میلیون‌تومانی بازداشت کرده‌اند.
به واسطه‌ی محترم عرض…","RT 
@m_bayatzanjani
A mother of 2 children who owned a shop was arrested on the outskirts of Hamedan due to a debt of 50 million tomans.
By the honorable..."
1958158532492026043,abdollahram,2025-08-20 16:25:49.629,"سلام و خسته نباشید 
ضمن پوزش از اختلال به‌وجودآمده، به اطلاع می‌رساند مشکل پیش‌آمده ناشی از زیرساخت پارس‌آنلاین نبوده و با پیگیری و تلاش کارشناسان فنی موضوع برطرف شده است.
از صبر و شکیبایی شما سپاسگزاریم.",0,0,0,https://x.com/parsonline_co/status/1958158532492026043,2025,8,2025-08-20,"سلام و خسته نباشید 
ضمن پوزش از اختلال به‌وجودآمده، به اطلاع می‌رساند مشکل پیش‌آمده ناشی از زیرساخت پارس‌آنلاین نبوده و با پیگیری و تلاش کارشناسان فنی موضوع برطرف شده است.
از صبر و شکیبایی شما سپاسگزاریم.","Hello and don't be tired 
While apologizing for the disturbance, he informs that the problem was not caused by the infrastructure of ParsOnline and the issue was resolved with the follow-up and efforts of technical experts.
Thank you for your patience."
1958109826182963305,abdollahram,2025-08-20 13:12:17.140,از پارس آنلاین تماس گرفتند و گفتند اشکال از مخابرات بود که باعث اختلال و قطعی سرویس ما شده بود و عذرخواهی کردند.,0,0,0,https://x.com/abdollahram/status/1958109826182963305,2025,8,2025-08-20,از پارس آنلاین تماس گرفتند و گفتند اشکال از مخابرات بود که باعث اختلال و قطعی سرویس ما شده بود و عذرخواهی کردند.,They called from Pars Online and said that it was a problem with the telecommunication that caused disruption and interruption of our service and they apologized.
1958091082538844439,abdollahram,2025-08-20 11:57:48.307,وصل شد,0,0,0,https://x.com/abdollahram/status/1958091082538844439,2025,8,2025-08-20,وصل شد,connected
1958079348927242723,abdollahram,2025-08-20 11:11:10.796,"سه روزه اینترنت منزل ما قطعه.
تلفن پشتیبانی پارس آنلاین هم روی پاسخگوی خودکار میره و میگه خط شما دچار اختلال شدیده و کارشناسان مشغول تعمیر هستند.به کی باید مراجعه کرد؟
#پارس_آنلاین",0,0,0,https://x.com/abdollahram/status/1958079348927242723,2025,8,2025-08-20,"سه روزه اینترنت منزل ما قطعه.
تلفن پشتیبانی پارس آنلاین هم روی پاسخگوی خودکار میره و میگه خط شما دچار اختلال شدیده و کارشناسان مشغول تعمیر هستند.به کی باید مراجعه کرد؟
#پارس_آنلاین","Our home internet is broken for three days.
Pars Online's support phone also goes to the answering machine and says that your line is severely disrupted and the experts are working on repairs. Who should I contact?
# Pars_online"
1955912685331341732,abdollahram,2025-08-14 11:41:37.940,"۱/تنها تغییر رویکرد حاکمیت و بازگشت به خواست اکثریت مردم است که خطر حمله خارجی را از بین می برد و مشکلات سیاست خارج را حل می کند:
در ۳۰ سال اخیر سه بار این گزاره ، تایید شده: 
- در نیمه دوم سال ۷۵  اروپایی‌ها ایران را متهم به دخالت در قتل رهبر حزب دموکرات کردستان ایران کردند...",0,0,0,https://x.com/abdollahram/status/1955912685331341732,2025,8,2025-08-14,"۱/تنها تغییر رویکرد حاکمیت و بازگشت به خواست اکثریت مردم است که خطر حمله خارجی را از بین می برد و مشکلات سیاست خارج را حل می کند:
در ۳۰ سال اخیر سه بار این گزاره ، تایید شده: 
- در نیمه دوم سال ۷۵  اروپایی‌ها ایران را متهم به دخالت در قتل رهبر حزب دموکرات کردستان ایران کردند...","1/ The only way to change the governance approach and return to the will of the majority of the people is to eliminate the risk of foreign attack and solve foreign policy problems:
In the last 30 years, this proposition has been confirmed three times: 
- In the second half of 1975, the Europeans accused Iran of involvement in the murder of the leader of the Kurdistan Democratic Party of Iran..."
1955912709792260352,abdollahram,2025-08-14 11:41:43.772,"۶/ تجاوز نظامی اسرائیل، دشمن همه عوامل لازم برای اشغال کشور، سقوط نظام سیاسی و هرج و مرج و آشوب و تجزیه کشور را محاسبه کرده تنها در همراهی مردم ایران اشتباه کرده  بود. مشارکت حداقلی در انتخابات اخیر ریاست جمهوری باعث این اشتباه محاسباتی بود.
-حال که احتمال خطر حمله و تجاوز .....",0,0,0,https://x.com/abdollahram/status/1955912709792260352,2025,8,2025-08-14,"۶/ تجاوز نظامی اسرائیل، دشمن همه عوامل لازم برای اشغال کشور، سقوط نظام سیاسی و هرج و مرج و آشوب و تجزیه کشور را محاسبه کرده تنها در همراهی مردم ایران اشتباه کرده  بود. مشارکت حداقلی در انتخابات اخیر ریاست جمهوری باعث این اشتباه محاسباتی بود.
-حال که احتمال خطر حمله و تجاوز .....","6/ Israel's military aggression, the enemy had calculated all the necessary factors to occupy the country, the collapse of the political system and the chaos and disintegration of the country, and only made a mistake in accompanying the people of Iran. Minimal participation in the recent presidential elections caused this miscalculation.
- Now that the possibility of attack and rape..."
1955912713835548717,abdollahram,2025-08-14 11:41:44.736,"نظامی دشمن دوباره وجود دارد تنها راه مقابله تغییر رویکرد حاکمیت به حضور مردم و تامین خواسته اکثریت جامعه و رویگردانی از رویکرد اقلیت فاسد رانتخوار افراطی است.
این امر تنها راه جلوگیری از حمله نظامی دشمنان ایران و ویرانی وفلاکت کشور و زمینه ساز بهبود معیشت مردم است.",0,0,0,https://x.com/abdollahram/status/1955912713835548717,2025,8,2025-08-14,"نظامی دشمن دوباره وجود دارد تنها راه مقابله تغییر رویکرد حاکمیت به حضور مردم و تامین خواسته اکثریت جامعه و رویگردانی از رویکرد اقلیت فاسد رانتخوار افراطی است.
این امر تنها راه جلوگیری از حمله نظامی دشمنان ایران و ویرانی وفلاکت کشور و زمینه ساز بهبود معیشت مردم است.","The enemy military exists again, the only way to counter it is to change the approach of the government to the presence of the people and to meet the demands of the majority of the society and to turn away from the approach of the corrupt and extreme rent-seeking minority.
This is the only way to prevent the military attack of the enemies of Iran and the destruction and misery of the country and to improve the livelihood of the people."
1951723422083338624,abdollahram,2025-08-02 22:14:59.749,"به استناد کدام قانون سیم‌کارت تلفن همراه را مسدود می کنند؟
محرومیت از درمان 
یا محرومیت از حق دادرسی 
که نیاز به کد ملی و خط تلفن همراه دارند از چه زمانی بخشی از مجازات اسلامی شده است؟!
دوستان حقوقدان و فقهای حوزه لطفا اعلام نظر فرمایند",0,0,0,https://x.com/abdollahram/status/1951723422083338624,2025,8,2025-08-02,"به استناد کدام قانون سیم‌کارت تلفن همراه را مسدود می کنند؟
محرومیت از درمان 
یا محرومیت از حق دادرسی 
که نیاز به کد ملی و خط تلفن همراه دارند از چه زمانی بخشی از مجازات اسلامی شده است؟!
دوستان حقوقدان و فقهای حوزه لطفا اعلام نظر فرمایند","Based on which law do they block a mobile phone SIM card?
Deprivation of treatment 
or deprivation of the right to trial 
who need a national code and a mobile phone line, since when has it become a part of Islamic punishment?!
Friends of lawyers and jurists of the field, please comment"
1951532916195893589,abdollahram,2025-08-02 09:37:59.606,“پس از شهادت شیخ فضل الله نوری، میرزای نایینی، ورقه ای با امضای شیخ فضل الله پیش آخوند خراسانی می‌خواند که در آن نوشته شده بود: “بر کسانی که داخل مشروطه شده اند، باید احکام مرتدّ فطری را جاری کرد.” آخوند پس از شنیدن این مطلب می گوید: “من وقتی خبر کشته شدن شیخ فضل الله را شنیدم،,0,0,0,https://x.com/sahandiranmehr/status/1951532916195893589,2025,8,2025-08-02,“پس از شهادت شیخ فضل الله نوری، میرزای نایینی، ورقه ای با امضای شیخ فضل الله پیش آخوند خراسانی می‌خواند که در آن نوشته شده بود: “بر کسانی که داخل مشروطه شده اند، باید احکام مرتدّ فطری را جاری کرد.” آخوند پس از شنیدن این مطلب می گوید: “من وقتی خبر کشته شدن شیخ فضل الله را شنیدم،,"""After the martyrdom of Sheikh Fazlullah Nouri, Mirzai Nayini read a sheet signed by Sheikh Fazlullah in front of Khorasani Mukhtar, in which it was written: ""On those who entered the constitution, the rulings of natural apostates should be applied."" After hearing this story, the Mukhon said: ""When I heard the news of the death of Sheikh Fazlullah,"
1950898808159715586,abdollahram,2025-07-31 15:38:16.469,"اسرائیل با «جمهوری اسلامی» می‌جنگه یا با ایران؟

در این مصاحبه فوق‌العاده، تاکر کارلسن با جان میرشایمر، یکی از برجسته‌ترین اساتید علوم سیاسی، گفتگو می‌کنه.

میرشایمر توضیح می‌ده که اسرائیل دنبال «اسرائیل بزرگ» است و هدفش تجزیه کشورهای منطقه است، از جمله ایران.",0,0,0,https://x.com/SinaToossi/status/1950898808159715586,2025,7,2025-07-31,"اسرائیل با «جمهوری اسلامی» می‌جنگه یا با ایران؟

در این مصاحبه فوق‌العاده، تاکر کارلسن با جان میرشایمر، یکی از برجسته‌ترین اساتید علوم سیاسی، گفتگو می‌کنه.

میرشایمر توضیح می‌ده که اسرائیل دنبال «اسرائیل بزرگ» است و هدفش تجزیه کشورهای منطقه است، از جمله ایران.","Is Israel fighting with the ""Islamic Republic"" or with Iran?

In this wonderful interview, Tucker Carlsen talks with John Mearsheimer, one of the most prominent professors of political science.

Mearsheimer explains that Israel is seeking a ""Greater Israel"" and aims to dismember the countries of the region, including Iran."
1950578714401509428,abdollahram,2025-07-30 18:26:20.170,"عضو شورای‌عالی انقلاب فرهنگی ادعا کرده که برخورد گشت ارشاد با  بیحجابی مصوبه شورا نبوده، در ابلاغ ""دستکاری"" شده بودو مقامات امنیتی نیز در جریانند.
این دستکاری به قیمت جان حداقل صدها تن و تیرگی روابط حاکمیت با بخش بزرگی از ملت تمام شد.
چرا گزارشی از این فاجعه ملی داده نمی‌شود؟",0,0,0,https://x.com/abdollahram/status/1950578714401509428,2025,7,2025-07-30,"عضو شورای‌عالی انقلاب فرهنگی ادعا کرده که برخورد گشت ارشاد با  بیحجابی مصوبه شورا نبوده، در ابلاغ ""دستکاری"" شده بودو مقامات امنیتی نیز در جریانند.
این دستکاری به قیمت جان حداقل صدها تن و تیرگی روابط حاکمیت با بخش بزرگی از ملت تمام شد.
چرا گزارشی از این فاجعه ملی داده نمی‌شود؟","A member of the Supreme Council of the Cultural Revolution has claimed that the Irshad patrol's treatment of hijab was not approved by the Council, it was ""manipulated"" in the announcement, and the security authorities are also in the process.
This manipulation cost the lives of at least hundreds of people and darkened relations between the government and a large part of the nation.
Why is there no report of this national disaster?"
1949066550037651938,abdollahram,2025-07-26 14:17:32.091,و اگر کسی زمین و باغ بیت‌المال را به نام خود کند و خلاف واقع هم بگوید او را به امامت جمعه مؤمنین می‌گمارند!,0,0,0,https://x.com/abdollahram/status/1949066550037651938,2025,7,2025-07-26,و اگر کسی زمین و باغ بیت‌المال را به نام خود کند و خلاف واقع هم بگوید او را به امامت جمعه مؤمنین می‌گمارند!,"And if someone names the land and the garden of Baitul Mal in his name and says the opposite, they will appoint him to the Imamate of the believers on Friday!"
1946251866519543996,abdollahram,2025-07-18 19:52:59.246,اگر فضای همدلی دوران جنگ ۱۲ روزه را مثبت می‌دانید از امنیتی سازی این فضا و بگیر و ببندها توسط عناصر افراطی در درون ساختار قدرت و محدود کردن رسانه های اجتماعی و  روش‌های اعتراض و کارزار مدنی جلوگیری کنید. امنیتی سازی به نفع هیچکس نیست.,0,0,0,https://x.com/abdollahram/status/1946251866519543996,2025,7,2025-07-18,اگر فضای همدلی دوران جنگ ۱۲ روزه را مثبت می‌دانید از امنیتی سازی این فضا و بگیر و ببندها توسط عناصر افراطی در درون ساختار قدرت و محدود کردن رسانه های اجتماعی و  روش‌های اعتراض و کارزار مدنی جلوگیری کنید. امنیتی سازی به نفع هیچکس نیست.,"If you consider the atmosphere of empathy during the 12-day war positive, prevent the securitization of this space by extremist elements within the power structure and limit social media and methods of protest and civil campaign. Security does not benefit anyone."
1944688090603295184,abdollahram,2025-07-14 12:19:06.014,"بر مردم آسان بگیرید و حقوق انان را رعایت کنید و درمقابل زیاده خواهی خصم بایستید!
بسم‌الله",0,0,0,https://x.com/abdollahram/status/1944688090603295184,2025,7,2025-07-14,"بر مردم آسان بگیرید و حقوق انان را رعایت کنید و درمقابل زیاده خواهی خصم بایستید!
بسم‌الله","Take it easy on the people and respect their rights and stand against the excesses of the enemy!
Bismillah"
1944434834903793923,abdollahram,2025-07-13 19:32:45.150,"رئیس مجلس گفته است:""هسته سخت قدرت ۹۰ میلیون نفرند"".
قبول!
لطفا بگویید مدیران، سیاستگزاران، برنامه‌سازان و مجریان رسانه ملی نماینده تفکر چند درصد از این ۹۰ میلیون نفرند!",0,0,0,https://x.com/abdollahram/status/1944434834903793923,2025,7,2025-07-13,"رئیس مجلس گفته است:""هسته سخت قدرت ۹۰ میلیون نفرند"".
قبول!
لطفا بگویید مدیران، سیاستگزاران، برنامه‌سازان و مجریان رسانه ملی نماینده تفکر چند درصد از این ۹۰ میلیون نفرند!","The Speaker of the Parliament said: ""The hard core of power is 90 million people"".
Accept!
Please tell me how many percent of these 90 million people's managers, politicians, program makers and presenters of the national media represent the thinking!"
1943770230570070176,abdollahram,2025-07-11 23:31:51.129,"Sickening to anyone with a basic sense of morality.

A war crime by any interpretation of international law.

Barbaric by any measure in humanity’s long and bloody history.

And yet, in 2025, Israeli officials boast openly of their grotesque crimes.

History will not be kind.",0,0,0,https://x.com/SinaToossi/status/1943770230570070176,2025,7,2025-07-11,"Sickening to anyone with a basic sense of morality.

A war crime by any interpretation of international law.

Barbaric by any measure in humanity’s long and bloody history.

And yet, in 2025, Israeli officials boast openly of their grotesque crimes.

History will not be kind.","Sickening to anyone with a basic sense of morality.

A war crime by any interpretation of international law.

Barbaric by any measure in humanity’s long and bloody history.

And yet, in 2025, Israeli officials boast openly of their grotesque crimes.

History will not be kind."
1943204964634882380,abdollahram,2025-07-10 10:05:41.228,صدا و سیما به تنظیمات اولیه کارخانه‌ای برگشته؟,0,0,0,https://x.com/abdollahram/status/1943204964634882380,2025,7,2025-07-10,صدا و سیما به تنظیمات اولیه کارخانه‌ای برگشته؟,Is the radio back to factory settings?
1943203573946360152,abdollahram,2025-07-10 10:00:09.662,سخن گفتن از طلسم عبری و نقش جن و پری در تجاوز اسرائیل به ایران تلاش برای کم‌رنگ‌کردن نقش نفوذی‌ها و غفلت از تاکتیک‌های دشمن است.,0,0,0,https://x.com/abdollahram/status/1943203573946360152,2025,7,2025-07-10,سخن گفتن از طلسم عبری و نقش جن و پری در تجاوز اسرائیل به ایران تلاش برای کم‌رنگ‌کردن نقش نفوذی‌ها و غفلت از تاکتیک‌های دشمن است.,Talking about the Hebrew spell and the role of jinn and fairy in Israel's aggression against Iran is an attempt to downplay the role of infiltrators and ignore the enemy's tactics.
1942098368722825565,abdollahram,2025-07-07 08:48:28.203,"پیشنهاد روسیه برای فروش جنگنده‌های پیشرفته به هند و فروش تعدادی دیگر به الجزایر و عدم فروش آن‌ها به ایران هشداری دیگر بر ضرورت بازنگری در روابط با این ناهمسایه شمالی است. بیش از دویست سال است که روس‌ها علیرغم ادعای دوستی، به وقت ضرورت به ایران ما خیانت کرده اند.
درس بگیریم!",0,0,0,https://x.com/abdollahram/status/1942098368722825565,2025,7,2025-07-07,"پیشنهاد روسیه برای فروش جنگنده‌های پیشرفته به هند و فروش تعدادی دیگر به الجزایر و عدم فروش آن‌ها به ایران هشداری دیگر بر ضرورت بازنگری در روابط با این ناهمسایه شمالی است. بیش از دویست سال است که روس‌ها علیرغم ادعای دوستی، به وقت ضرورت به ایران ما خیانت کرده اند.
درس بگیریم!","Russia's proposal to sell advanced fighters to India and to sell a number of others to Algeria and not to sell them to Iran is another warning about the need to review relations with this northern neighbor. For more than two hundred years, the Russians have betrayed our Iran in spite of claiming friendship.
Let's learn!"
1941089050951107000,abdollahram,2025-07-04 13:57:48.094,"If you think what #Israel is doing is “dirty work” “for all of us” then I am afraid this makes you an accomplice in the blatant violation of international law including acts of aggression and extra judicial killings… 

Am not sure that #Germany wants to subscribe to this",0,0,0,https://x.com/ElBaradei/status/1941089050951107000,2025,7,2025-07-04,"If you think what #Israel is doing is “dirty work” “for all of us” then I am afraid this makes you an accomplice in the blatant violation of international law including acts of aggression and extra judicial killings… 

Am not sure that #Germany wants to subscribe to this","If you think what #Israel is doing is “dirty work” “for all of us” then I am afraid this makes you an accomplice in the blatant violation of international law including acts of aggression and extra judicial killings… 

Am not sure that #Germany wants to subscribe to this"
1940030305118626292,abdollahram,2025-07-01 15:50:43.417,"#Iran has shown on multiple occasions an  unparalleled level of restraint.
#US does #Israel's dirty work in Bombing #Iran #NuclearFacilities.
#Iran responds by targeting #US Bases in the #MiddleEast but lets #US know so it can shoot them down & no one gets hurt.
TY #AnaKasparian.",0,0,0,https://x.com/100_alpha/status/1940030305118626292,2025,7,2025-07-01,"#Iran has shown on multiple occasions an  unparalleled level of restraint.
#US does #Israel's dirty work in Bombing #Iran #NuclearFacilities.
#Iran responds by targeting #US Bases in the #MiddleEast but lets #US know so it can shoot them down & no one gets hurt.
TY #AnaKasparian.","#Iran has shown on multiple occasions an  unparalleled level of restraint.
#US does #Israel's dirty work in Bombing #Iran #NuclearFacilities.
#Iran responds by targeting #US Bases in the #MiddleEast but lets #US know so it can shoot them down & no one gets hurt.
TY #AnaKasparian."
1940435373433438566,abdollahram,2025-07-02 18:40:19.229,"جریان ""نت سفید"" چیه؟
بگید ما هم بدونیم!",0,0,0,https://x.com/abdollahram/status/1940435373433438566,2025,7,2025-07-02,"جریان ""نت سفید"" چیه؟
بگید ما هم بدونیم!","What is the flow of ""white note""?
Tell us to know!"
1938959107018342633,abdollahram,2025-06-28 16:54:09.888,شئون انسانی مهاجرین افغانستانی را حفظ کنیم و در برخوردها به آنان احترام بگذاریم. آنان در نتیجه ناامنی، فقر و جنگ و محاسبه غلط دولت پیشین ایران آواره شده‌اند. گروه کوچکی از آنان نیز جنایت کرده‌اند.ضرورت اخراج اتباع غیر مجاز نباید به معنی تجاوز به حقوق و کرامت انسانی آنان تفسیر شود,0,0,0,https://x.com/abdollahram/status/1938959107018342633,2025,6,2025-06-28,شئون انسانی مهاجرین افغانستانی را حفظ کنیم و در برخوردها به آنان احترام بگذاریم. آنان در نتیجه ناامنی، فقر و جنگ و محاسبه غلط دولت پیشین ایران آواره شده‌اند. گروه کوچکی از آنان نیز جنایت کرده‌اند.ضرورت اخراج اتباع غیر مجاز نباید به معنی تجاوز به حقوق و کرامت انسانی آنان تفسیر شود,"We should protect the human rights of Afghan immigrants and respect them in dealings. They have been displaced as a result of insecurity, poverty, war and miscalculation of the previous Iranian government. A small group of them have also committed crimes. The necessity of deporting illegal citizens should not be interpreted as a violation of their human rights and dignity."
1937793546712416568,abdollahram,2025-06-25 11:42:38.656,"مادر تبریزی روی تابوت پسر شهیدش میزد میگفت: اوغول من سنه بو گونه بویوت مئشم
"" پسرم من تو رو برای این روز بزرگ کرده بودم""

به جا مانده از تشییع شهدا در تبریز",0,0,0,https://x.com/n1988_nm/status/1937793546712416568,2025,6,2025-06-25,"مادر تبریزی روی تابوت پسر شهیدش میزد میگفت: اوغول من سنه بو گونه بویوت مئشم
"" پسرم من تو رو برای این روز بزرگ کرده بودم""

به جا مانده از تشییع شهدا در تبریز","Tabrizi's mother used to sit on the coffin of her martyred son and used to say: Oghoul, I am the age of Boyot
""My son, I raised you for this day.""

Left over from the funeral of the martyrs in Tabriz"
1938201558077812740,abdollahram,2025-06-26 14:43:56.146,"جان مرشایمر، دانشمند علوم سیاسی:

اسرائیلی‌ها می‌خواهند ایران را به سرزمین‌های کوچکتری تجزیه کنند/سیاست آنها ""تفرقه بینداز و حکومت کن"" است...باید رقیبان خود را تکه پاره کنند یا چنان بلایی سرشان بیاورند که شدیداً به آمریکا وابسته بمانند/امروز وضعیت نظام ایران از دوازدهم ژوئن، پیش",0,0,0,https://x.com/kavoshmedia/status/1938201558077812740,2025,6,2025-06-26,"جان مرشایمر، دانشمند علوم سیاسی:

اسرائیلی‌ها می‌خواهند ایران را به سرزمین‌های کوچکتری تجزیه کنند/سیاست آنها ""تفرقه بینداز و حکومت کن"" است...باید رقیبان خود را تکه پاره کنند یا چنان بلایی سرشان بیاورند که شدیداً به آمریکا وابسته بمانند/امروز وضعیت نظام ایران از دوازدهم ژوئن، پیش","John Mersheimer, political scientist:

The Israelis want to divide Iran into smaller territories/their policy is ""divide and rule""...they must tear their rivals to pieces or make them suffer so much that they remain strongly dependent on the United States/Today the situation of the Iranian regime since June 12th"
1937510739125915802,abdollahram,2025-06-24 16:58:52.073,"مقاومت تبریز تکرار شکوهمند تاریخ این شهر بود.
#برای_ایران",0,0,0,https://x.com/abdollahram/status/1937510739125915802,2025,6,2025-06-24,"مقاومت تبریز تکرار شکوهمند تاریخ این شهر بود.
#برای_ایران","Resistance of Tabriz was a glorious repetition of the history of this city.
#for_Iran"
1937472412272021916,abdollahram,2025-06-24 14:26:34.239,خانه تکانی در #صداسیما لطفا!,0,0,0,https://x.com/Arsha45914097/status/1937472412272021916,2025,6,2025-06-24,خانه تکانی در #صداسیما لطفا!,Shaking house on #Sadasima please!
1974052936306323585/photo/1,abdollahram,2025-10-03 13:04:30.802,"LIGHTSTEP IS SHUTTING DOWN

ServiceNow is sunsetting Lightstep by March 1, 2026, after acquiring it back in 2021.

Time to migrate?

Get complete OpenTelemetry instrumentation with eBPF without changing your code.

Join 300,000 engineers relying on 
@BetterStackHQ
.",0,0,0,https://x.com/BetterStackHQ/status/1974052936306323585/photo/1,2025,10,2025-10-03,"LIGHTSTEP IS SHUTTING DOWN

ServiceNow is sunsetting Lightstep by March 1, 2026, after acquiring it back in 2021.

Time to migrate?

Get complete OpenTelemetry instrumentation with eBPF without changing your code.

Join 300,000 engineers relying on 
@BetterStackHQ
.","LIGHTSTEP IS SHUTTING DOWN

ServiceNow is sunsetting Lightstep by March 1, 2026, after acquiring it back in 2021.

Time to migrate?

Get complete OpenTelemetry instrumentation with eBPF without changing your code.

Join 300,000 engineers relying on 
@BetterStackHQ
."
1937391249952326021,abdollahram,2025-06-24 09:04:03.634,"ارنست رنان، متفکر فرانسوی، در سخنرانی مشهور خود در سوربن (۱۸۸۲) با عنوان «ملت چیست؟» می‌گوید:
«یک ملت بیش از آن‌که با خاطرات افتخارآمیز ساخته شود، با فراموشی خشونت‌ها و خطاهای گذشته‌اش زنده می‌ماند. وحدت ملی یعنی توانایی در به اشتراک گذاشتن فراموشی‌ها و اصلاح گذشته.»
۱/۹
#رشتو",0,0,0,https://x.com/sahandiranmehr/status/1937391249952326021,2025,6,2025-06-24,"ارنست رنان، متفکر فرانسوی، در سخنرانی مشهور خود در سوربن (۱۸۸۲) با عنوان «ملت چیست؟» می‌گوید:
«یک ملت بیش از آن‌که با خاطرات افتخارآمیز ساخته شود، با فراموشی خشونت‌ها و خطاهای گذشته‌اش زنده می‌ماند. وحدت ملی یعنی توانایی در به اشتراک گذاشتن فراموشی‌ها و اصلاح گذشته.»
۱/۹
#رشتو","Ernest Renan, the French thinker, in his famous speech at the Sorbonne (1882) titled ""What is a Nation?"" says:
""A nation survives by forgetting the violence and mistakes of its past, rather than being built with proud memories. ""National unity means the ability to share forgetfulness and correct the past.""
1/9
#Rashto"
1936812955795939696,abdollahram,2025-06-22 18:46:07.563,"Iran's nuclear facilities, under IAEA supervision were attacked first by Israel (a non-NPT nuclear state) & now by the US (an NPT nuclear state) & Grossi is still short of doing the minimal-a condemnation

The NPT is being trashed by the head of the IAEA who dreams to lead the UN",0,0,0,https://x.com/hasanahmadian/status/1936812955795939696,2025,6,2025-06-22,"Iran's nuclear facilities, under IAEA supervision were attacked first by Israel (a non-NPT nuclear state) & now by the US (an NPT nuclear state) & Grossi is still short of doing the minimal-a condemnation

The NPT is being trashed by the head of the IAEA who dreams to lead the UN","Iran's nuclear facilities, under IAEA supervision were attacked first by Israel (a non-NPT nuclear state) & now by the US (an NPT nuclear state) & Grossi is still short of doing the minimal-a condemnation

The NPT is being trashed by the head of the IAEA who dreams to lead the UN"
1936847307770826891,abdollahram,2025-06-22 21:02:37.712," سید محمد خاتمی: 
اتحاد شر و تجاوز، اتحاد علیه تمامیت ارضی و میراث گرانقدر تمدنی و هویت استقلال طلب و آزادیخواه ملت شریف ایران است",0,0,0,https://x.com/abdollahram/status/1936847307770826891,2025,6,2025-06-22," سید محمد خاتمی: 
اتحاد شر و تجاوز، اتحاد علیه تمامیت ارضی و میراث گرانقدر تمدنی و هویت استقلال طلب و آزادیخواه ملت شریف ایران است","Seyyed Mohammad Khatami: 
The union of evil and aggression is the union against the territorial integrity and the precious civilizational heritage and the independence-seeking and freedom-loving identity of the noble nation of Iran."
1936827644852507022,abdollahram,2025-06-22 19:44:29.707,"صدا و سیما این کارشناسان را از کجا می‌آورد؟!
کجا درس خوانده‌ اند؟
این تحلیل‌ها چه مبنایی دارد؟
دنیا این مواضع را جدی می‌گیرد ها!",0,0,0,https://x.com/abdollahram/status/1936827644852507022,2025,6,2025-06-22,"صدا و سیما این کارشناسان را از کجا می‌آورد؟!
کجا درس خوانده‌ اند؟
این تحلیل‌ها چه مبنایی دارد؟
دنیا این مواضع را جدی می‌گیرد ها!","Where does Radio and Television get these experts?!
Where did they study?
What is the basis of these analyses?
The world takes these positions seriously!"
1936401381742542890,abdollahram,2025-06-21 15:30:40.662,زنده باد ایران!,0,0,0,https://x.com/leila_mahmoudi/status/1936401381742542890,2025,6,2025-06-21,زنده باد ایران!,Long live Iran!
1936440298038755470,abdollahram,2025-06-21 18:05:19.030,"اگر شما هم با دیدن این کلیپ، بغضی شدید یا اشکتون دراومد، تاج سر منید
#ایران
#Iran",0,0,0,https://x.com/vahidhajipour1/status/1936440298038755470,2025,6,2025-06-21,"اگر شما هم با دیدن این کلیپ، بغضی شدید یا اشکتون دراومد، تاج سر منید
#ایران
#Iran","If you feel angry or cry after watching this clip, thank you
#Iran
#Iran"
1936023123695997347,abdollahram,2025-06-20 14:27:36.916,"در بیست و چهار سالگی برای مقابله با تجاوز عراق به میهن داوطلبانه به جبهه رفتم. اکنون در شصت و چهارسالگی آماده دفاع از کشور در مقابل تجاوز شریرترین رژیم دنیا هستم.
جفیر، بعد از عملیات بدر
#برای_ایران",0,0,0,https://x.com/abdollahram/status/1936023123695997347,2025,6,2025-06-20,"در بیست و چهار سالگی برای مقابله با تجاوز عراق به میهن داوطلبانه به جبهه رفتم. اکنون در شصت و چهارسالگی آماده دفاع از کشور در مقابل تجاوز شریرترین رژیم دنیا هستم.
جفیر، بعد از عملیات بدر
#برای_ایران","At the age of twenty-four, I volunteered to fight against Iraq's invasion of the country. Now, at the age of sixty-four, I am ready to defend the country against the aggression of the most evil regime in the world.
Jafir, after the Badr operation
#for_Iran"
1936057389259931957,abdollahram,2025-06-20 16:43:46.463,زندانی شدن، کتک خوردن، بیکار شدن و از دست دادن سلامتی همه دعوای خانوادگیست و ربطی به مقابله با تجاوز دشمن خارجی ندارد,0,0,0,https://x.com/abdollahram/status/1936057389259931957,2025,6,2025-06-20,زندانی شدن، کتک خوردن، بیکار شدن و از دست دادن سلامتی همه دعوای خانوادگیست و ربطی به مقابله با تجاوز دشمن خارجی ندارد,"Being imprisoned, beaten, unemployed and losing health are all family disputes and have nothing to do with confronting the aggression of a foreign enemy."
1935300550465335432,abdollahram,2025-06-18 14:36:22.033,"گامی در جهت تقویت وحدت ملی:
کشور در حساسترین روزهای تاریخ خود است. عقلا و کارکشته‌ها، حتی از اپوزیسیون خارج از کشور، را برای مشورت در تصمیم‌گیری در امر حیاتی وطن دعوت کنید.",0,0,0,https://x.com/abdollahram/status/1935300550465335432,2025,6,2025-06-18,"گامی در جهت تقویت وحدت ملی:
کشور در حساسترین روزهای تاریخ خود است. عقلا و کارکشته‌ها، حتی از اپوزیسیون خارج از کشور، را برای مشورت در تصمیم‌گیری در امر حیاتی وطن دعوت کنید.","A step towards strengthening national unity:
The country is in the most sensitive days of its history. Invite intellectuals and experienced people, even from the opposition abroad, for consultation in deciding on the vital issue of the homeland."
1935270596608459131,abdollahram,2025-06-18 12:37:20.477,مولوی عبدالحمید: ما از مرزهای ایران دفاع می‌کنیم؛ اینجا خانه ماست و به هیچ بیگانه‌ای چه مسلمان و چه غیرمسلمان اجازه تجاوز نخواهیم داد,0,0,0,https://x.com/MizanNewsAgency/status/1935270596608459131,2025,6,2025-06-18,مولوی عبدالحمید: ما از مرزهای ایران دفاع می‌کنیم؛ اینجا خانه ماست و به هیچ بیگانه‌ای چه مسلمان و چه غیرمسلمان اجازه تجاوز نخواهیم داد,"Maulvi Abdul Hamid: We defend Iran's borders; This is our home and we will not allow any foreigner, whether Muslim or non-Muslim, to encroach"
1935209101962756394,abdollahram,2025-06-18 08:32:59.011,خدا پشت و پناه این ملت باشه.,0,0,0,https://x.com/fahimeh_chh/status/1935209101962756394,2025,6,2025-06-18,خدا پشت و پناه این ملت باشه.,May God protect this nation.
1933741885635322057,abdollahram,2025-06-14 07:22:47.379,وطنم جان و تنم,0,0,0,https://x.com/abdollahram/status/1933741885635322057,2025,6,2025-06-14,وطنم جان و تنم,My homeland is my soul and body
1933578933519155598,abdollahram,2025-06-13 20:35:16.567,بهبود عملکرد پدافند,0,0,0,https://x.com/ASGgars/status/1933578933519155598,2025,6,2025-06-13,بهبود عملکرد پدافند,Improved defense performance
1933603975716290912,abdollahram,2025-06-13 22:14:47.092,#جانم_فدای_ایران,0,0,0,https://x.com/Arsha45914097/status/1933603975716290912,2025,6,2025-06-13,#جانم_فدای_ایران,#Jannam_Fadai_Iran
1933373410421194886,abdollahram,2025-06-13 06:58:36.042,,0,0,0,https://x.com/abdollahram/status/1933373410421194886,2025,6,2025-06-13,,
1930366459663811021,abdollahram,2025-06-04 23:50:03.115,"آمریکا باز هم وتو کرد.
همدستی در جنایات جنگی اسرائیل!",0,0,0,https://x.com/abdollahram/status/1930366459663811021,2025,6,2025-06-04,"آمریکا باز هم وتو کرد.
همدستی در جنایات جنگی اسرائیل!","America vetoed again.
Complicity in Israel's war crimes!"
1929868371572535608,abdollahram,2025-06-03 14:50:49.660,"روحانی می‌گوید:
در سال۱۴۰۰ فقط یک امضای عراقچی مانده بود تا توافق کامل انجام شود ولی ""عده‌ای"" نگذاشتند.
رئیس سابق کمیسیون اصل نود می‌گوید:
در زمان رئیسی، امیرعبداللهیان به یک توافق خوب نزدیک شده بود ولی ""عده‌ای"" مانع شدند.
آیا این بار هم آن عده مانع توافق می‌شوند؟
آن عده کیانند؟",0,0,0,https://x.com/abdollahram/status/1929868371572535608,2025,6,2025-06-03,"روحانی می‌گوید:
در سال۱۴۰۰ فقط یک امضای عراقچی مانده بود تا توافق کامل انجام شود ولی ""عده‌ای"" نگذاشتند.
رئیس سابق کمیسیون اصل نود می‌گوید:
در زمان رئیسی، امیرعبداللهیان به یک توافق خوب نزدیک شده بود ولی ""عده‌ای"" مانع شدند.
آیا این بار هم آن عده مانع توافق می‌شوند؟
آن عده کیانند؟","Rouhani says:
In 1400, only one signature of Araghchi was left to make a complete agreement, but they did not leave ""a few"".
The former head of the Asl Nod Commission says:
During Raisi's time, Amir Abdollahian was close to a good agreement, but ""some"" prevented him.
Will those people block the agreement this time?
Who are those people?"
1929999754970513432,abdollahram,2025-06-03 23:32:53.903,*کی هستند؟,0,0,0,https://x.com/abdollahram/status/1929999754970513432,2025,6,2025-06-03,*کی هستند؟,*Who are they?
1929546901541548101,abdollahram,2025-06-02 17:33:25.232,,0,0,0,https://x.com/abdollahram/status/1929546901541548101,2025,6,2025-06-02,,
1929454450537582690,abdollahram,2025-06-02 11:26:03.195,"نیکوتر آنست که آدمی در رفتار اجتماعی خود از ""اصولی"" پایدار پیروی کند!
#مراسم_ختم",0,0,0,https://x.com/abdollahram/status/1929454450537582690,2025,6,2025-06-02,"نیکوتر آنست که آدمی در رفتار اجتماعی خود از ""اصولی"" پایدار پیروی کند!
#مراسم_ختم","It is better that a person follows stable ""principles"" in his social behavior!
#end_ceremony"
1929116337307033750,abdollahram,2025-06-01 13:02:30.719,,0,0,0,https://x.com/abdollahram/status/1929116337307033750,2025,6,2025-06-01,,
1928653206919295405,abdollahram,2025-05-31 06:22:11.830,"- And when you say civilians, is it mostly children? 

- Almost exclusively children.

#GazaGenocide",0,0,0,https://x.com/RezaNasri1/status/1928653206919295405,2025,5,2025-05-31,"- And when you say civilians, is it mostly children? 

- Almost exclusively children.

#GazaGenocide","- And when you say civilians, is it mostly children? 

- Almost exclusively children.

#GazaGenocide"
1927103573541769617,abdollahram,2025-05-26 23:44:30.442,تلاش و عملیات پیچیده برای برهم‌زدن روابط ایران و عربستان از توهین به مقدسات اهل سنت در تلویزیون شروع‌ شد و در حج ادامه یافت,0,0,0,https://x.com/abdollahram/status/1927103573541769617,2025,5,2025-05-26,تلاش و عملیات پیچیده برای برهم‌زدن روابط ایران و عربستان از توهین به مقدسات اهل سنت در تلویزیون شروع‌ شد و در حج ادامه یافت,The complex effort and operation to disrupt the relations between Iran and Saudi Arabia started from insulting the sanctities of Sunnis on television and continued in Hajj.
1926692392515637475,abdollahram,2025-05-25 20:30:37.246,"رئیس‌جمهور منصوب کرد:
سه نفر از ده نفر عضو کمیسیون دائمی بنیاد ملی نخبگان روحانی هستند!
dolat.ir/detail/463898",0,0,0,https://x.com/abdollahram/status/1926692392515637475,2025,5,2025-05-25,"رئیس‌جمهور منصوب کرد:
سه نفر از ده نفر عضو کمیسیون دائمی بنیاد ملی نخبگان روحانی هستند!
dolat.ir/detail/463898","The president appointed:
Three out of ten people are members of the permanent commission of the National Rouhani Elite Foundation!
dolat.ir/detail/463898"
1926693735892402431,abdollahram,2025-05-25 20:35:57.532,*عضو هیات امنای کمیسیون دائمی بنیاد ملی نخبگان,0,0,0,https://x.com/abdollahram/status/1926693735892402431,2025,5,2025-05-25,*عضو هیات امنای کمیسیون دائمی بنیاد ملی نخبگان,*Member of the Board of Trustees of the Permanent Commission of the National Elite Foundation
1925847580556017759,abdollahram,2025-05-23 12:33:38.379,"وزارت خارجه برای انتصاب دیپلمات‌ها و سفرا پروتکل خاص دارد که شرایط و ویژگی‌هایی برای آنها در نظر گرفته است. متاسفانه در دولت‌های مختلف  این پروتکل رعایت نشده.
انتظار از آقای پزشکیان این بودکه حداقل از افراد آشنا به سیاست خارجی مخصوصا در انتصاب سفرا در کشورهای بزرگ استفاده کند.",0,0,0,https://x.com/abdollahram/status/1925847580556017759,2025,5,2025-05-23,"وزارت خارجه برای انتصاب دیپلمات‌ها و سفرا پروتکل خاص دارد که شرایط و ویژگی‌هایی برای آنها در نظر گرفته است. متاسفانه در دولت‌های مختلف  این پروتکل رعایت نشده.
انتظار از آقای پزشکیان این بودکه حداقل از افراد آشنا به سیاست خارجی مخصوصا در انتصاب سفرا در کشورهای بزرگ استفاده کند.","The Ministry of Foreign Affairs has a special protocol for the appointment of diplomats and ambassadors, which has considered conditions and characteristics for them. Unfortunately, this protocol has not been observed in different governments.
It was expected from Mr. Mezikian that he would at least use people familiar with foreign policy, especially in the appointment of ambassadors in big countries."
1925155428574372150,abdollahram,2025-05-21 14:43:16.487,"رشتو:
طرح ""گنبد طلایی""سپر موشکی ترامپ همان طرح ""جنگ ستارگان"" ریگان است. آن طرح که به قصد فریب شوروی و وادارکردن آن به افزایش هزینه های نظامی طراحی شده بود باعث رشد سی درصدی هزینه های نظامی در اقتصاد شوروی و در نتیجه ورشکستگی و فروپاشی شد، در حالی که طرح فقط تبلیغات و چند.../",0,0,0,https://x.com/abdollahram/status/1925155428574372150,2025,5,2025-05-21,"رشتو:
طرح ""گنبد طلایی""سپر موشکی ترامپ همان طرح ""جنگ ستارگان"" ریگان است. آن طرح که به قصد فریب شوروی و وادارکردن آن به افزایش هزینه های نظامی طراحی شده بود باعث رشد سی درصدی هزینه های نظامی در اقتصاد شوروی و در نتیجه ورشکستگی و فروپاشی شد، در حالی که طرح فقط تبلیغات و چند.../","Rashtu:
Trump's ""Golden Dome"" missile shield plan is the same as Reagan's ""Star Wars"" plan. That plan, which was designed with the intention of deceiving the Soviet Union and forcing it to increase military spending, caused a thirty percent increase in military spending in the Soviet economy, resulting in bankruptcy and collapse, while the plan was only propaganda and a few.../"
1925155431933948376,abdollahram,2025-05-21 14:43:17.288,"فیلم کارتونی و سینمایی بود. اکنون نیز ترامپ همان طرح را به روز کرده تا چین را وادار به افزایش هزینه‌های نظامی و در نتیجه کاهش سرمایه‌گذاری در نوآوری کند.
باید منتظر واکنش چشم بادامی‌های باهوش و توسعه گرا ماند اما بعید است که آنان فریب این تاجر موقرمز را بخورند!",0,0,0,https://x.com/abdollahram/status/1925155431933948376,2025,5,2025-05-21,"فیلم کارتونی و سینمایی بود. اکنون نیز ترامپ همان طرح را به روز کرده تا چین را وادار به افزایش هزینه‌های نظامی و در نتیجه کاهش سرمایه‌گذاری در نوآوری کند.
باید منتظر واکنش چشم بادامی‌های باهوش و توسعه گرا ماند اما بعید است که آنان فریب این تاجر موقرمز را بخورند!","It was a cartoon and a movie. Now, Trump has updated the same plan to force China to increase military spending and thereby reduce investment in innovation.
We have to wait for the reaction of smart and development-oriented Badami eyes, but it is unlikely that they will be deceived by this red businessman!"
1924600951198843065,abdollahram,2025-05-20 01:59:58.779,What Israel is doing in Ghaza is genocide and ethnic cleansing . International community should stop it.,0,0,0,https://x.com/abdollahram/status/1924600951198843065,2025,5,2025-05-20,What Israel is doing in Ghaza is genocide and ethnic cleansing . International community should stop it.,What Israel is doing in Ghaza is genocide and ethnic cleansing . International community should stop it.
1923271687266541694,abdollahram,2025-05-16 09:57:57.561,كاش كل هزينه هاي زالو و امثالهم را صرف خريد امبولانس داراي سي تي اسكن ميكردن باوركنين اگرساعت اول كسي با سي تي اسكن به بيمارستان برسه قطعا خوب ميشه و ميتونين حدس بزنين از چه هزينه ها و رنج هايي جلو گيري ميشه؟ ميشه اين توييت را تاجايي كه ممكنه ريتوييت كنين همه شامل مسئولين ببينن ؟,0,0,0,https://x.com/drbabakzamani/status/1923271687266541694,2025,5,2025-05-16,كاش كل هزينه هاي زالو و امثالهم را صرف خريد امبولانس داراي سي تي اسكن ميكردن باوركنين اگرساعت اول كسي با سي تي اسكن به بيمارستان برسه قطعا خوب ميشه و ميتونين حدس بزنين از چه هزينه ها و رنج هايي جلو گيري ميشه؟ ميشه اين توييت را تاجايي كه ممكنه ريتوييت كنين همه شامل مسئولين ببينن ؟,"I wish they would spend all the money of leeches and their ilk to buy an ambulance with a CT scan. Believe me, if someone gets to the hospital with a CT scan in the first hour, it will definitely be fine, and can you guess what costs and sufferings will be avoided? Can you retweet this tweet as long as possible so that everyone, including the officials, can see it?"
1923441571241787608,abdollahram,2025-05-16 21:13:01.057,"آقای رئیس جمهور!
شما که عاشق مدرسه سازی هستید بفرمایید برایتان محاسبه کنند که با هزینه یکصد و بیست هزار مراسم سالگرد چند هزار کلاس درس قابل ساخت است؟
تلف کردن بودجه را مانع شوید.",0,0,0,https://x.com/abdollahram/status/1923441571241787608,2025,5,2025-05-16,"آقای رئیس جمهور!
شما که عاشق مدرسه سازی هستید بفرمایید برایتان محاسبه کنند که با هزینه یکصد و بیست هزار مراسم سالگرد چند هزار کلاس درس قابل ساخت است؟
تلف کردن بودجه را مانع شوید.","Mr. President!
Those of you who love building schools, please let them calculate for you how many thousand classrooms can be built with the cost of 120,000 for the anniversary ceremony.
Avoid wasting funds."
1921999289393234343,abdollahram,2025-05-12 21:41:54.268,"نبوغ در آموزش و پرورش! 
کودکانتان ساعت ۶ صبح در مدرسه باشند!
_ کی صبحانه بخورند؟
_ کی از خواب بیدار شوند؟",0,0,0,https://x.com/abdollahram/status/1921999289393234343,2025,5,2025-05-12,"نبوغ در آموزش و پرورش! 
کودکانتان ساعت ۶ صبح در مدرسه باشند!
_ کی صبحانه بخورند؟
_ کی از خواب بیدار شوند؟","Genius in education! 
Your children should be at school at 6 in the morning!
When do they have breakfast?
When do they wake up?"
1921005001746350444,abdollahram,2025-05-10 03:50:57.620,"هشدار به جامعه‌ی علمی: نسبت تعداد کتاب‌ها و مقالات حاوی عبارت جعلی خلیج ع.ر.ب.ی در مقابل خلیج فارس به طور نگران‌کننده‌ای افزایش یافته است: در سال ۱۹۹۱ به ازای هر ۱۰۰ مقاله حاوی خلیج فارس، تنها ۱۱ مقاله حاوی خلیج ع.ر.ب.ی منتشر شد. اکنون این نسبت به بالای ۴۰ رسیده است.
#PersianGulf",0,0,0,https://x.com/SharifiZarchi/status/1921005001746350444,2025,5,2025-05-10,"هشدار به جامعه‌ی علمی: نسبت تعداد کتاب‌ها و مقالات حاوی عبارت جعلی خلیج ع.ر.ب.ی در مقابل خلیج فارس به طور نگران‌کننده‌ای افزایش یافته است: در سال ۱۹۹۱ به ازای هر ۱۰۰ مقاله حاوی خلیج فارس، تنها ۱۱ مقاله حاوی خلیج ع.ر.ب.ی منتشر شد. اکنون این نسبت به بالای ۴۰ رسیده است.
#PersianGulf","Warning to the scientific community: the ratio of the number of books and articles containing the fake phrase Arab Gulf versus the Persian Gulf has increased alarmingly: in 1991, for every 100 articles containing the Persian Gulf, only 11 articles containing the Arab Gulf were published. Now this ratio has reached above 40.
#PersianGulf"
1920383548952891581,abdollahram,2025-05-08 10:41:31.728,"دولت ساعت کار اداره‌ها را ۶ تا ۱۳ اعلام کرده تا در مصرف برق صرفه جویی کند.
از نابغه‌های تصمیم‌ساز  باید پرسید:
کدام مراجعه کننده ساعت ۶ به اداره دولتی مراجعه میکند؟ 
تکلیف فرزندان مدرسه‌ای چه می شود؟
عملا کار زودتر از ۸ شروع نمی‌شود، ۲ ساعت هم که برق نیست، یعنی ۵ ساعت کار
و....",0,0,0,https://x.com/abdollahram/status/1920383548952891581,2025,5,2025-05-08,"دولت ساعت کار اداره‌ها را ۶ تا ۱۳ اعلام کرده تا در مصرف برق صرفه جویی کند.
از نابغه‌های تصمیم‌ساز  باید پرسید:
کدام مراجعه کننده ساعت ۶ به اداره دولتی مراجعه میکند؟ 
تکلیف فرزندان مدرسه‌ای چه می شود؟
عملا کار زودتر از ۸ شروع نمی‌شود، ۲ ساعت هم که برق نیست، یعنی ۵ ساعت کار
و....","The government has announced the working hours of offices from 6 to 13 in order to save electricity consumption.
You should ask the decision-making geniuses:
Which client goes to the government office at 6 o'clock? 
What happens to school children?
Practically, the work does not start earlier than 8, there is no electricity for 2 hours, which means 5 hours of work
And..."
1920446372077035936,abdollahram,2025-05-08 14:51:09.928,*با احتساب ۲ ساعت قطعی برق می‌شود ۳ ساعت کار!!!,0,0,0,https://x.com/abdollahram/status/1920446372077035936,2025,5,2025-05-08,*با احتساب ۲ ساعت قطعی برق می‌شود ۳ ساعت کار!!!,"* Including 2 hours of power outage, it will be 3 hours of work!!!"
1920036684978168210,abdollahram,2025-05-07 11:43:12.912,تاریخ گواهی می‌دهد,0,0,0,https://x.com/abdollahram/status/1920036684978168210,2025,5,2025-05-07,تاریخ گواهی می‌دهد,History proves it
1918616079837872265,abdollahram,2025-05-03 13:38:14.253,"ستاد امر به معروف و نهی از منکر به استناد قانون سال ۱۳۹۴:
صلاحیت قانونی برای شناسایی افراد ندارد
صلاحیت قانونی برای ارسال پیامک ندارد
صلاحیت قانونی برای امر و‌ نهی ندارد

با ارتکاب منکر می‌خواهند نهی از منکر کنند!!

ویدئوی کامل در لینک زیر:
youtu.be/4wualYIzfXU

لینک کانال:",0,0,0,https://x.com/borhanimohsen1/status/1918616079837872265,2025,5,2025-05-03,"ستاد امر به معروف و نهی از منکر به استناد قانون سال ۱۳۹۴:
صلاحیت قانونی برای شناسایی افراد ندارد
صلاحیت قانونی برای ارسال پیامک ندارد
صلاحیت قانونی برای امر و‌ نهی ندارد

با ارتکاب منکر می‌خواهند نهی از منکر کنند!!

ویدئوی کامل در لینک زیر:
youtu.be/4wualYIzfXU

لینک کانال:","The Headquarters of Enjoining Good and Prohibiting Evil based on the law of 1394:
It has no legal authority to identify people
He has no legal authority to send SMS
He has no legal authority to order or prohibit

By committing evil, they want to forbid evil!!

Full video in the link below:
youtu.be/4wualYIzfXU

Channel link:"
1918264296686895388,abdollahram,2025-05-02 14:20:22.614,"افسوس که نگذاشتند معلم بمانم، من عاشق معلمی بودم!
#۸۸",0,0,0,https://x.com/abdollahram/status/1918264296686895388,2025,5,2025-05-02,"افسوس که نگذاشتند معلم بمانم، من عاشق معلمی بودم!
#۸۸","Alas, they didn't let me stay as a teacher, I loved being a teacher!
#88"
1917270325496291433,abdollahram,2025-04-29 20:30:41.415,"دوستان حقوقدان اظهار نظر کنند:
آیا ستاد امر به معروف اجازه قانونی برای دسترسی به اطلاعات شخصی افراد را دارد؟ 
چه کسی اجازه دسترسی آنان را به شماره تلفن همراه اشخاص داده است؟
بگذارید مملکت آرام بماند!",0,0,0,https://x.com/abdollahram/status/1917270325496291433,2025,4,2025-04-29,"دوستان حقوقدان اظهار نظر کنند:
آیا ستاد امر به معروف اجازه قانونی برای دسترسی به اطلاعات شخصی افراد را دارد؟ 
چه کسی اجازه دسترسی آنان را به شماره تلفن همراه اشخاص داده است؟
بگذارید مملکت آرام بماند!","Legal friends comment:
Does Amr-e-Maruf headquarters have legal permission to access people's personal information? 
Who has allowed them to access people's mobile phone numbers?
Let the country remain calm!"
1916146901218451530,abdollahram,2025-04-26 18:06:36.195,"آقای وزیر ارتباطات؛ رفع فیلتر فوری YouTube، بزرگ‌ترین دانشگاه جهان، یکی از بهترین خدماتی است که می‌توانید به جامعه‌ی دانشگاهی کشور کنید.
درهای زندان خودساخته دور یک ملت را بگشایید.",0,0,0,https://x.com/SharifiZarchi/status/1916146901218451530,2025,4,2025-04-26,"آقای وزیر ارتباطات؛ رفع فیلتر فوری YouTube، بزرگ‌ترین دانشگاه جهان، یکی از بهترین خدماتی است که می‌توانید به جامعه‌ی دانشگاهی کشور کنید.
درهای زندان خودساخته دور یک ملت را بگشایید.","Mr. Minister of Communications; Fixing YouTube's immediate filter, the world's largest university, is one of the best services you can do to the country's academic community.
Open the doors of the self-made prison around a nation."
1916733755274002685,abdollahram,2025-04-28 08:58:33.105,"آقای رئیس جمهوری!
لطفا بشنوید!",0,0,0,https://x.com/abdollahram/status/1916733755274002685,2025,4,2025-04-28,"آقای رئیس جمهوری!
لطفا بشنوید!","Mr. President!
Please listen!"
1916730072192442679,abdollahram,2025-04-28 08:43:54.990,"یکی از مقصران اصلی وزیر صمت است که با مشاوره خاص بعضی،  باعث معطل ماندن چند ماهه کالاها در گمرک شده است. 
x.com/iran_saaI/stat
…",0,0,0,https://x.com/abdollahram/status/1916730072192442679,2025,4,2025-04-28,"یکی از مقصران اصلی وزیر صمت است که با مشاوره خاص بعضی،  باعث معطل ماندن چند ماهه کالاها در گمرک شده است. 
x.com/iran_saaI/stat
…","One of the main culprits is the silence of the minister who, with the special advice of some, caused the goods to be delayed for several months at the customs. 
x.com/iran_saaI/stat
…"
1916728074042777883,abdollahram,2025-04-28 08:35:58.594,"ایران سرزمین اول آذری‌هاست. تصحیح نمائید!
#پزشکیان",0,0,0,https://x.com/abdollahram/status/1916728074042777883,2025,4,2025-04-28,"ایران سرزمین اول آذری‌هاست. تصحیح نمائید!
#پزشکیان","Iran is the first land of Azeris. Correct it!
#Doctors"
1916417964535959999,abdollahram,2025-04-27 12:03:42.726,"در حادثه غم‌انگیز بندرعباس، همکاران مسئولیت‌پذیر و سخت‌کوشم بار دیگر ثابت کردند که همواره، به‌ویژه در بحران‌ها، در کنار مردم هستند؛
دستمریزاد و خسته نباشید به تیم ملی سلامت
#بندرعباس 
#اسکله_شهید_رجایی 
#تیم_ملی_سلامت",0,0,0,https://x.com/MrZafarghandi/status/1916417964535959999,2025,4,2025-04-27,"در حادثه غم‌انگیز بندرعباس، همکاران مسئولیت‌پذیر و سخت‌کوشم بار دیگر ثابت کردند که همواره، به‌ویژه در بحران‌ها، در کنار مردم هستند؛
دستمریزاد و خسته نباشید به تیم ملی سلامت
#بندرعباس 
#اسکله_شهید_رجایی 
#تیم_ملی_سلامت","In the sad incident of Bandar Abbas, my responsible and hardworking colleagues proved once again that they are always with the people, especially in crises;
To the national health team, don't be tired
#Bandar Abbas 
#Skeleh_Shahid_Rajaee 
#National_Health_Team"
1915800241212727752,abdollahram,2025-04-25 19:09:06.009,"مشکوک معنی ندارد،
توطئه علیه وحدت ملی و امنیت ملی است!
#جلیلی_جبلی",0,0,0,https://x.com/abdollahram/status/1915800241212727752,2025,4,2025-04-25,"مشکوک معنی ندارد،
توطئه علیه وحدت ملی و امنیت ملی است!
#جلیلی_جبلی","Doubt doesn't mean anything.
It is a conspiracy against national unity and national security!
#Jalili_Jabali"
1914294096937550214,abdollahram,2025-04-21 15:24:13.231,"""کوچه"" را می‌خواستند ببندند اما ایستادگی کرد و باز ماند...",0,0,0,https://x.com/abdollahram/status/1914294096937550214,2025,4,2025-04-21,"""کوچه"" را می‌خواستند ببندند اما ایستادگی کرد و باز ماند...","They wanted to close the ""alley"" but it stood and remained open..."
1913156659590943114,abdollahram,2025-04-18 12:04:27.035,"مسدود کردن سیم کارت به دلایل سیاسی و امنیتی محدود کردن حق استفاده از امکان ارتباط اجتماعی و حتی خانوادگیست و باعث اخلال در دسترسی افراد به خدمات عمومی نیز شده، ممکن است تبعات سنگینی برای فرد داشته باشد،(مثلا دسترسی فرد به سامانه ثنا)
به این عمل غیرقانونی خاتمه دهید.",0,0,0,https://x.com/abdollahram/status/1913156659590943114,2025,4,2025-04-18,"مسدود کردن سیم کارت به دلایل سیاسی و امنیتی محدود کردن حق استفاده از امکان ارتباط اجتماعی و حتی خانوادگیست و باعث اخلال در دسترسی افراد به خدمات عمومی نیز شده، ممکن است تبعات سنگینی برای فرد داشته باشد،(مثلا دسترسی فرد به سامانه ثنا)
به این عمل غیرقانونی خاتمه دهید.","Blocking a SIM card for political and security reasons limits the right to use the possibility of social and even family communication and disrupts people's access to public services.
Stop this illegal practice."
1911793680664453461,abdollahram,2025-04-14 17:48:27.536,به نظر شما در مسابقه مخالفت با مذاکرات ایران و آمریکا، اسرائیل برنده می‌شود یا صدا وسیما؟,0,0,0,https://x.com/abdollahram/status/1911793680664453461,2025,4,2025-04-14,به نظر شما در مسابقه مخالفت با مذاکرات ایران و آمریکا، اسرائیل برنده می‌شود یا صدا وسیما؟,"In your opinion, Israel or Sedavasima will win in the contest of opposition to Iran-US talks?"
1911682096394797112,abdollahram,2025-04-14 10:25:03.773,قدرشناسی به حق!,0,0,0,https://x.com/abdollahram/status/1911682096394797112,2025,4,2025-04-14,قدرشناسی به حق!,Appreciation is right!
1911679777796247908,abdollahram,2025-04-14 10:15:50.976,"نامه‌ای از ستاد دیه و رسیدگی به زندانیان نیازمند دریافت کرده‌ام که تایید می‌کند ۱۲ زندانی مالی را می‌توان با پرداخت مجموعا ۶۰۰ میلیون‌تومان از زندان نجات داد.
این افراد هیچ‌یک جرم کیفری ندارند و همه به‌دلیل بدهی زندانی‌ هستند….
این موضوع در اولویت‌ کارهای این روزهای ماست….",0,0,0,https://x.com/m_bayatzanjani/status/1911679777796247908,2025,4,2025-04-14,"نامه‌ای از ستاد دیه و رسیدگی به زندانیان نیازمند دریافت کرده‌ام که تایید می‌کند ۱۲ زندانی مالی را می‌توان با پرداخت مجموعا ۶۰۰ میلیون‌تومان از زندان نجات داد.
این افراد هیچ‌یک جرم کیفری ندارند و همه به‌دلیل بدهی زندانی‌ هستند….
این موضوع در اولویت‌ کارهای این روزهای ماست….","I have received a letter from the headquarters of Diyeh and handling of needy prisoners, which confirms that 12 financial prisoners can be saved from prison by paying a total of 600 million tomans.
These people do not have any criminal offense and they are all imprisoned because of debt.
This issue is the priority of our work these days."
1911135213381627985,abdollahram,2025-04-12 22:11:56.702,"یک گام به جلو برداشته شده، 
حاشیه‌ها کم‌‌رنگ می‌شود.
اجازه‌ دهیم مخالفین مذاکرات حرف خود را بزنند و آنها را محدود نکنیم اگر‌چه بعضی از آنها ادب را زیر پا گذاشته‌اند.",0,0,0,https://x.com/abdollahram/status/1911135213381627985,2025,4,2025-04-12,"یک گام به جلو برداشته شده، 
حاشیه‌ها کم‌‌رنگ می‌شود.
اجازه‌ دهیم مخالفین مذاکرات حرف خود را بزنند و آنها را محدود نکنیم اگر‌چه بعضی از آنها ادب را زیر پا گذاشته‌اند.","A step forward has been taken. 
The edges fade.
Let's allow the opponents of negotiations to speak and not restrict them, although some of them have violated courtesy."
1911133571089039692,abdollahram,2025-04-12 22:05:25.149,"یک گام به جلو برداشته شده!
حاشیه‌ها کم‌رنگ می‌شوند.
اجازه دهیم مخالفان مذاکرات حرف بزنند و آنان را محدود نکنیم، اگر چه برخی از آنان ادب را رعایت نمی‌کنند.",0,0,0,https://x.com/abdollahram/status/1911133571089039692,2025,4,2025-04-12,"یک گام به جلو برداشته شده!
حاشیه‌ها کم‌رنگ می‌شوند.
اجازه دهیم مخالفان مذاکرات حرف بزنند و آنان را محدود نکنیم، اگر چه برخی از آنان ادب را رعایت نمی‌کنند.","A step forward!
The edges fade.
Let's allow the opponents of negotiations to speak and not limit them, although some of them do not respect courtesy."
1909550094011036085,abdollahram,2025-04-08 13:13:14.794,"تصمیم به آعاز گفتگ‌و عاقلانه و در جهت منافع ملی است.، در مذاکرات هم باید به نتیجه برد-برد اندیشید.  
مستقیم یا غیر مستقیم بودن مذاکره امری حاشیه‌ایست.
امیدوارم نتیجه عژت و سربلندی ملت ایران باشد.",0,0,0,https://x.com/abdollahram/status/1909550094011036085,2025,4,2025-04-08,"تصمیم به آعاز گفتگ‌و عاقلانه و در جهت منافع ملی است.، در مذاکرات هم باید به نتیجه برد-برد اندیشید.  
مستقیم یا غیر مستقیم بودن مذاکره امری حاشیه‌ایست.
امیدوارم نتیجه عژت و سربلندی ملت ایران باشد.","The decision is based on dialogue and is wise and in the direction of national interests. In negotiations, you should also think about win-win results.  
Whether the negotiation is direct or indirect is marginal.
I hope it is the result of pride and pride of the Iranian nation."
1907744854873919975,abdollahram,2025-04-03 13:39:52.244,"بالاخره متوجه نشدیم مذاکره مستقیم چه‌ مشکلی دارد جز تسریع در نتیجه‌ و تعیین تکلیف موضوع!
انتظار دارید واسطه در راضی کردن طرف مقابل نقش داشته باشد؟ یا نفعی در مذاکره غیرمستقیم هست که در مذاکره مستقیم نیست؟
تماس‌های رئیس جمهور با سران کشورهای دست سوم و چهارم مشکلی را حل نمی‌کند",0,0,0,https://x.com/abdollahram/status/1907744854873919975,2025,4,2025-04-03,"بالاخره متوجه نشدیم مذاکره مستقیم چه‌ مشکلی دارد جز تسریع در نتیجه‌ و تعیین تکلیف موضوع!
انتظار دارید واسطه در راضی کردن طرف مقابل نقش داشته باشد؟ یا نفعی در مذاکره غیرمستقیم هست که در مذاکره مستقیم نیست؟
تماس‌های رئیس جمهور با سران کشورهای دست سوم و چهارم مشکلی را حل نمی‌کند","Finally, we didn't understand what is the problem of direct negotiation except to speed up the result and determine the task of the issue!
Do you expect the mediator to play a role in satisfying the other party? Or is there a benefit in indirect negotiation that is not in direct negotiation?
The president's contacts with the leaders of the third and fourth countries do not solve the problem"
1904195736230662266,abdollahram,2025-03-24 17:36:56.420,"فاجعه ناترازی‌ها از اینجا آغاز شد، نامش را هم گذاشتند ""عیدی اصولگرایان به مردم""، آن هم   از  دولت و مجلسی که از عملکردشان ""رایحه خوش خدمت"" به مشام 
برخی می‌رسید!",0,0,0,https://x.com/abdollahram/status/1904195736230662266,2025,3,2025-03-24,"فاجعه ناترازی‌ها از اینجا آغاز شد، نامش را هم گذاشتند ""عیدی اصولگرایان به مردم""، آن هم   از  دولت و مجلسی که از عملکردشان ""رایحه خوش خدمت"" به مشام 
برخی می‌رسید!","The tragedy of the Natrazis started here, they also called it ""the fundamentalists' holiday to the people"", and that is from the government and the parliament, whose performance smells like ""good service"". 
Some will arrive!"
1904156368786919932,abdollahram,2025-03-24 15:00:30.490,"""پان"" های توسعه طلب منشاء جنایت‌های جنگی و کشتارهای دسته جمعی بوده‌اند وهستند. منطق همه آنها هم یکی است:
""اجداد ما در این سرزمین زیسته‌اند پس هیچکس دیگری حق زیست در آن را ندارد"".
تمسک به تاریخ هیچ جنایتی را توجیه نمی کند، مهاجرت و جابجایی انسانها اصل است.",0,0,0,https://x.com/abdollahram/status/1904156368786919932,2025,3,2025-03-24,"""پان"" های توسعه طلب منشاء جنایت‌های جنگی و کشتارهای دسته جمعی بوده‌اند وهستند. منطق همه آنها هم یکی است:
""اجداد ما در این سرزمین زیسته‌اند پس هیچکس دیگری حق زیست در آن را ندارد"".
تمسک به تاریخ هیچ جنایتی را توجیه نمی کند، مهاجرت و جابجایی انسانها اصل است.","Expansionist ""pans"" have been and are the origin of war crimes and mass killings. The logic of all of them is the same:
""Our ancestors lived in this land, so no one else has the right to live in it.""
Clinging to history does not justify any crime, the migration and movement of people is the principle."
1901905438074913180,abdollahram,2025-03-18 09:56:06.788,گزارشی قابل توجه,0,0,0,https://x.com/abdollahram/status/1901905438074913180,2025,3,2025-03-18,گزارشی قابل توجه,A remarkable report
1901181133376696341,abdollahram,2025-03-16 09:57:59.091,"ماجرای مسأله خالی بودن سد کرج چه بود؟

1-این روزها چند کلیپ ازچند بلاگر درمورد سد کرج پخش شد که وضعیت آب پشت مخزن #سدکرج (امیرکبیر) را بشدت بحرانی و نگران کننده نشان می داد ومسأله بحران آب در تهران با استفاده از این کلیپ های بلاگرها به صدر اخبار رسانه ها تبدیل شد.
#سیاستگذاری_آب",0,0,0,https://x.com/Homianabadi/status/1901181133376696341,2025,3,2025-03-16,"ماجرای مسأله خالی بودن سد کرج چه بود؟

1-این روزها چند کلیپ ازچند بلاگر درمورد سد کرج پخش شد که وضعیت آب پشت مخزن #سدکرج (امیرکبیر) را بشدت بحرانی و نگران کننده نشان می داد ومسأله بحران آب در تهران با استفاده از این کلیپ های بلاگرها به صدر اخبار رسانه ها تبدیل شد.
#سیاستگذاری_آب","What was the story of the Karaj dam being empty?

1-These days, some clips of some bloggers about the Karaj Dam were broadcast, which showed the water situation behind the Karaj Dam (Amir Kabir) reservoir to be very critical and worrying, and the issue of water crisis in Tehran became the top of the media news with the use of these bloggers' clips.
#Water_Policy"
1898679240645894553,abdollahram,2025-03-09 12:16:21.381,,0,0,0,https://x.com/abdollahram/status/1898679240645894553,2025,3,2025-03-09,,
1898438692638953605,abdollahram,2025-03-08 20:20:30.267,,0,0,0,https://x.com/abdollahram/status/1898438692638953605,2025,3,2025-03-08,,
1897618196963684539,abdollahram,2025-03-06 14:00:08.854,"شورای عالی انقلاب فرهنگی کنگره بین‌المللی حکمرانی برای رئیس دولتی برگزار می‌‌کند که ناکارآمدی آن روشن و بزرگترین فساد مالی تاریخ کشور توسط کارگزاران آن صورت گرفته!
آن وقت انتظار دارند تصمیمات این شورا باعث ارتقاء فرهنگی شود و نسل جوان از الگوهای مصوب آن پیروی کنند
زهی حیال باطل!",0,0,0,https://x.com/abdollahram/status/1897618196963684539,2025,3,2025-03-06,"شورای عالی انقلاب فرهنگی کنگره بین‌المللی حکمرانی برای رئیس دولتی برگزار می‌‌کند که ناکارآمدی آن روشن و بزرگترین فساد مالی تاریخ کشور توسط کارگزاران آن صورت گرفته!
آن وقت انتظار دارند تصمیمات این شورا باعث ارتقاء فرهنگی شود و نسل جوان از الگوهای مصوب آن پیروی کنند
زهی حیال باطل!","The Supreme Council of the Cultural Revolution is holding the International Governance Congress for the head of state, whose inefficiency is clear and the biggest financial corruption in the country's history has been committed by its agents!
Then they expect the decisions of this council to promote culture and the young generation to follow its approved models
False imagination!"
1897547875602583768,abdollahram,2025-03-06 09:20:42.935,"از دیشب که طی پیشنهادی قرار شد فکری برای تهیه‌ی کفش عید برای ۳۰۰ دختر دانش‌آموز بشود، از همان دیشب تا این لحظه ۲۵۰ دانش‌آموز دیگر به این تعداد افزوده شده تا در‌نتیجه دست‌هایمان را به آسمان بلند کنیم که خدایا چه کنیم؟

#کارخیر",0,0,0,https://x.com/m_bayatzanjani/status/1897547875602583768,2025,3,2025-03-06,"از دیشب که طی پیشنهادی قرار شد فکری برای تهیه‌ی کفش عید برای ۳۰۰ دختر دانش‌آموز بشود، از همان دیشب تا این لحظه ۲۵۰ دانش‌آموز دیگر به این تعداد افزوده شده تا در‌نتیجه دست‌هایمان را به آسمان بلند کنیم که خدایا چه کنیم؟

#کارخیر","Since last night, when a suggestion was made to prepare Eid shoes for 300 female students, since last night, 250 more students have been added to this number, so that as a result, we raise our hands to the sky, asking God, what should we do?

#Good work"
1896930415308624243,abdollahram,2025-03-04 16:27:08.929,"رانت و فساد عجیبی در ارز نیمایی برقرار بود که گوشه کوچکی از آن در موضوع چای دبش عیان شد. تک‌نرخی شدن ارز تنها راه مقابله با این فساد بود.
بیابید پرتقال‌فروش را!!!",0,0,0,https://x.com/abdollahram/status/1896930415308624243,2025,3,2025-03-04,"رانت و فساد عجیبی در ارز نیمایی برقرار بود که گوشه کوچکی از آن در موضوع چای دبش عیان شد. تک‌نرخی شدن ارز تنها راه مقابله با این فساد بود.
بیابید پرتقال‌فروش را!!!","There was a strange kind of rent and corruption in Nimai's currency, a small part of which was revealed in the issue of Debash tea. Single rate of currency was the only way to deal with this corruption.
Find the orange seller!!!"
1896233347720106433,abdollahram,2025-03-02 18:17:15.065,پزشکیان باز هم به قالیباف اعتماد کرد!,0,0,0,https://x.com/abdollahram/status/1896233347720106433,2025,3,2025-03-02,پزشکیان باز هم به قالیباف اعتماد کرد!,Doctors trusted carpet weavers again!
1890085622955798747,abdollahram,2025-02-13 19:08:23.262,این سرفرازانی که امروز بازداشت کرده‌اید دلاورانی هستند که برای حفظ کشور از جان خود مایه گذاشته‌‌اند و یادآور دفاع از این مُلک در روزهای سخت هستند.,0,0,0,https://x.com/abdollahram/status/1890085622955798747,2025,2,2025-02-13,این سرفرازانی که امروز بازداشت کرده‌اید دلاورانی هستند که برای حفظ کشور از جان خود مایه گذاشته‌‌اند و یادآور دفاع از این مُلک در روزهای سخت هستند.,These proud people who have been arrested today are brave people who gave their lives to protect the country and are a reminder of the defense of this country in difficult times.
1890075623802171879,abdollahram,2025-02-13 18:28:39.278,این امر از اختیارات رهبری نیست و نیازمند تغییر قانون اساسی و رفراندوم است، فارغ از اینکه ازنظر کارشناسی با آن موافق یا مخالف باشیم.,0,0,0,https://x.com/abdollahram/status/1890075623802171879,2025,2,2025-02-13,این امر از اختیارات رهبری نیست و نیازمند تغییر قانون اساسی و رفراندوم است، فارغ از اینکه ازنظر کارشناسی با آن موافق یا مخالف باشیم.,"This is not the authority of the leadership and requires a change of the constitution and a referendum, regardless of whether we agree or disagree with it from an expert point of view."
1888126079073751081,abdollahram,2025-02-08 09:21:51.594,"یک سوزن به خودمان!
نقش ما در آینه",0,0,0,https://x.com/abdollahram/status/1888126079073751081,2025,2,2025-02-08,"یک سوزن به خودمان!
نقش ما در آینه","A needle to ourselves!
Our role in the mirror"
1887860106106155264,abdollahram,2025-02-07 15:44:58.697,به نظر می‌رسد مذاکره در پیش باشد!,0,0,0,https://x.com/abdollahram/status/1887860106106155264,2025,2,2025-02-07,به نظر می‌رسد مذاکره در پیش باشد!,It seems that the negotiation is ahead!
1887786037180600684,abdollahram,2025-02-07 10:50:39.289,"سخنان دقیق یک استاد دانشمند حقوق دانشگاه تهران 
x.com/MansooriAzar/s
…",0,0,0,https://x.com/abdollahram/status/1887786037180600684,2025,2,2025-02-07,"سخنان دقیق یک استاد دانشمند حقوق دانشگاه تهران 
x.com/MansooriAzar/s
…","The precise words of a law professor of Tehran University 
x.com/MansooriAzar/s
…"
1887049632267600113,abdollahram,2025-02-05 10:04:26.676,چرا برخی از پزشکان اهمیتی برای وقت بیماران قائل نیستند؟ مادر ۸۶ ساله ام را آورده‌ام مطب پزشک متخصص. یک ساعت است در مطب هستیم هنوز آقای دکتر نیامده اند و شش بیمار دیگر هم در صف انتظارند!,0,0,0,https://x.com/abdollahram/status/1887049632267600113,2025,2,2025-02-05,چرا برخی از پزشکان اهمیتی برای وقت بیماران قائل نیستند؟ مادر ۸۶ ساله ام را آورده‌ام مطب پزشک متخصص. یک ساعت است در مطب هستیم هنوز آقای دکتر نیامده اند و شش بیمار دیگر هم در صف انتظارند!,"Why do some doctors do not value patients' time? I brought my 86-year-old mother to the doctor's office. We have been in the office for an hour, the doctor still hasn't come and six other patients are waiting in line!"
1886114766227230928,abdollahram,2025-02-02 20:09:37.243,"خانم‌ها و آقایان وکیل!
مواظب آبروی شغل شریف وکالت باشید!
نگذارید هر بی صلاحیتی لباس وکالت بر تن کند.",0,0,0,https://x.com/abdollahram/status/1886114766227230928,2025,2,2025-02-02,"خانم‌ها و آقایان وکیل!
مواظب آبروی شغل شریف وکالت باشید!
نگذارید هر بی صلاحیتی لباس وکالت بر تن کند.","Lawyer ladies and gentlemen!
Take care of the reputation of the honorable profession of lawyer!
Don't let any incompetence wear the clothes of a lawyer."
1882528757178835039,abdollahram,2025-01-23 22:40:06.061,"از جوانی‌ محکوم به قصاص نوشته بودم که تا صبح شنبه فرصت دارد تتمه‌ی وجه‌المصالحه‌ی درخواستی اولیای‌دم را بپردازد.
از این مبلغ ۱۵۰ میلیون‌تومان طی ۶۵۵ واریز تامین شد و ۱۰۰ میلیون‌تومان توسط یک مجموعه مستقیما به حساب واریز خواهد شد.
به همین جهت توییت را برداشتم.
ارادت

#کارخیر",0,0,0,https://x.com/m_bayatzanjani/status/1882528757178835039,2025,1,2025-01-23,"از جوانی‌ محکوم به قصاص نوشته بودم که تا صبح شنبه فرصت دارد تتمه‌ی وجه‌المصالحه‌ی درخواستی اولیای‌دم را بپردازد.
از این مبلغ ۱۵۰ میلیون‌تومان طی ۶۵۵ واریز تامین شد و ۱۰۰ میلیون‌تومان توسط یک مجموعه مستقیما به حساب واریز خواهد شد.
به همین جهت توییت را برداشتم.
ارادت

#کارخیر","I had written about a young man sentenced to retribution that he has until Saturday morning to pay the rest of the compensation requested by my parents.
Of this amount, 150 million tomans were provided through 655 deposits, and 100 million tomans will be directly deposited into the account by a group.
That's why I removed the tweet.
devotion

#Good work"
1882470168083010034,abdollahram,2025-01-23 18:47:17.332,"پزشکیان به درستی می‌گوید که وقت رییس‌جمهور باارزشتر از آنست که صرف سخنرانی در باره هر موضوعی شود  و اولویت او باید برنامه‌ریزی کلان در امور اجرایی باشد،
ولی باید گفت:
 به طریق اولی وقت رئیس جمهور نباید صرف بیل‌زدن و دیوارچینی شود!",0,0,0,https://x.com/abdollahram/status/1882470168083010034,2025,1,2025-01-23,"پزشکیان به درستی می‌گوید که وقت رییس‌جمهور باارزشتر از آنست که صرف سخنرانی در باره هر موضوعی شود  و اولویت او باید برنامه‌ریزی کلان در امور اجرایی باشد،
ولی باید گفت:
 به طریق اولی وقت رئیس جمهور نباید صرف بیل‌زدن و دیوارچینی شود!","The doctor rightly says that the president's time is more valuable than spending it lecturing on any issue and his priority should be macro-planning in executive affairs.
But it must be said:
 In the first way, the president's time should not be spent shoveling and building walls!"
1881764078605271488,abdollahram,2025-01-21 20:01:32.482,در نتیجه ماجرای کرسنت تا کنون چند میلیارد دلار به کشور ضرر وارد شده و ظاهرا این خسارت ادامه دارد. نهادهای ناظر و دستگاه قضایی هم ظاهرا در رسیدگی معذور دارند. پیشنهاد می‌کنم کمیته حقیقت‌یابی متشکل از شخصیت‌های مستقل حقیقی و حقوقی مستقل و احزاب به منظور حقیقت یابی تشکیل شود.,0,0,0,https://x.com/abdollahram/status/1881764078605271488,2025,1,2025-01-21,در نتیجه ماجرای کرسنت تا کنون چند میلیارد دلار به کشور ضرر وارد شده و ظاهرا این خسارت ادامه دارد. نهادهای ناظر و دستگاه قضایی هم ظاهرا در رسیدگی معذور دارند. پیشنهاد می‌کنم کمیته حقیقت‌یابی متشکل از شخصیت‌های مستقل حقیقی و حقوقی مستقل و احزاب به منظور حقیقت یابی تشکیل شود.,"As a result of the Crescent incident, several billion dollars have been lost to the country and apparently this damage continues. The supervisory institutions and the judicial system seem to have excuses in the proceedings. I suggest that a truth-finding committee consisting of independent real and legal personalities and parties be formed for the purpose of finding the truth."
1881807774398775698,abdollahram,2025-01-21 22:55:10.371,*معذورند,0,0,0,https://x.com/abdollahram/status/1881807774398775698,2025,1,2025-01-21,*معذورند,* Disabled
1879243200478744771,abdollahram,2025-01-14 21:04:28.301,"بالاخره بگویید مواضع کشور در سیاست خارجی را وزارت خارجه اعلام می‌کند یا مجریان صدا وسیما؟
به این هرج و مرج پایان دهید!",0,0,0,https://x.com/abdollahram/status/1879243200478744771,2025,1,2025-01-14,"بالاخره بگویید مواضع کشور در سیاست خارجی را وزارت خارجه اعلام می‌کند یا مجریان صدا وسیما؟
به این هرج و مرج پایان دهید!","Finally, tell me whether the foreign ministry announces the country's positions in foreign policy or the broadcasters?
End this chaos!"
1877997267157733665,abdollahram,2025-01-11 10:33:34.649,مثل اینکه پرونده چای دبش جعبه سیاه بسیاری از افراد است,0,0,0,https://x.com/abdollahram/status/1877997267157733665,2025,1,2025-01-11,مثل اینکه پرونده چای دبش جعبه سیاه بسیاری از افراد است,It's like the case of Debash tea is a black box for many people
1876748131515187385,abdollahram,2025-01-07 23:49:57.504,"در مطالعات جامعی که ابتدای دولت آقای هاشمی رفسنجانی انجام شد هیچ نامی از مکران برای جایگزینی پایتخت وجود ندارد.
انتقال پایتخت لوازمی دارد از جمله مطالعات جامع که رعایت آن شرط حکمرانی خوب است",0,0,0,https://x.com/abdollahram/status/1876748131515187385,2025,1,2025-01-07,"در مطالعات جامعی که ابتدای دولت آقای هاشمی رفسنجانی انجام شد هیچ نامی از مکران برای جایگزینی پایتخت وجود ندارد.
انتقال پایتخت لوازمی دارد از جمله مطالعات جامع که رعایت آن شرط حکمرانی خوب است","In the comprehensive studies conducted at the beginning of Mr. Hashemi Rafsanjani's government, there is no name of Makran to replace the capital.
The transfer of the capital has some requirements, including comprehensive studies, which compliance is a condition of good governance"
1876743603650748883,abdollahram,2025-01-07 23:31:57.977,"دولت بیش از حد معقول بزرگ و دارای سازمان‌ها و شوراهایی است که کارشان جز پیچیده و محال کردن امکان تصمیم‌گیری نیست !
سازمان جدیدی به نام بهینه‌سازی انرژی نیز نه تنها دردی را دوا نمی‌کند که فقط هزینه های دولت را افزایش می‌دهد.
دولت را کوچک کنید!",0,0,0,https://x.com/abdollahram/status/1876743603650748883,2025,1,2025-01-07,"دولت بیش از حد معقول بزرگ و دارای سازمان‌ها و شوراهایی است که کارشان جز پیچیده و محال کردن امکان تصمیم‌گیری نیست !
سازمان جدیدی به نام بهینه‌سازی انرژی نیز نه تنها دردی را دوا نمی‌کند که فقط هزینه های دولت را افزایش می‌دهد.
دولت را کوچک کنید!","The government is too big and has organizations and councils whose job is to complicate and make decisions impossible!
A new organization called Energy Optimization also does not cure the pain, it only increases the government's costs.
Shrink the government!"
1871869704526315857,abdollahram,2024-12-25 12:44:49.873,"شرعاً و قانوناً آزادی، حقّ ماست و محدودیت استثناست.
آزادی، صدقه نیست و ما واجب‌الصدقه نیستیم بلکه صاحب حقّیم و سلب حق، دلیل می‌خواهد.",0,0,0,https://x.com/borhanimohsen1/status/1871869704526315857,2024,12,2024-12-25,"شرعاً و قانوناً آزادی، حقّ ماست و محدودیت استثناست.
آزادی، صدقه نیست و ما واجب‌الصدقه نیستیم بلکه صاحب حقّیم و سلب حق، دلیل می‌خواهد.","Legally, freedom is our right and restriction is an exception.
Freedom is not charity, and we are not obliged to give charity, but we are the owners of the right, and the denial of the right requires a reason."
1871887911677010178,abdollahram,2024-12-25 13:57:10.796,واقعیت امر!,0,0,0,https://x.com/abdollahram/status/1871887911677010178,2024,12,2024-12-25,واقعیت امر!,The fact of the matter!
1871627221552840771,abdollahram,2024-12-24 20:41:17.427,"آقای دکتر پزشکیان
ممنون بابت ایستادگی برای وفای به عهد اما مواظب باشید در دام بازی‌های ""خالص سازان"" با افکار عمومی نیفتید.",0,0,0,https://x.com/abdollahram/status/1871627221552840771,2024,12,2024-12-24,"آقای دکتر پزشکیان
ممنون بابت ایستادگی برای وفای به عهد اما مواظب باشید در دام بازی‌های ""خالص سازان"" با افکار عمومی نیفتید.","Mr. Medical Doctor
Thank you for standing up to fulfill the promise, but be careful not to fall into the trap of ""cleaners"" playing with public opinion."
1871120710976131360,abdollahram,2024-12-23 11:08:35.895,"نقش مشهد را در آغاز اعتراضات سال ۹۶ فراموش نکنید!
آقای علم‌الهدی دوباره شروع کرده است!
سرداری هم گفته است:  ""وضع بی برقی و بی گازی ضایع است""!
اما فراموش کرده است بگوید ""مقصر"" این ضایعکاری کیست.",0,0,0,https://x.com/abdollahram/status/1871120710976131360,2024,12,2024-12-23,"نقش مشهد را در آغاز اعتراضات سال ۹۶ فراموش نکنید!
آقای علم‌الهدی دوباره شروع کرده است!
سرداری هم گفته است:  ""وضع بی برقی و بی گازی ضایع است""!
اما فراموش کرده است بگوید ""مقصر"" این ضایعکاری کیست.","Do not forget the role of Mashhad in the beginning of the protests in 2016!
Mr. Alam Elhadi has started again!
Sardari also said: ""The situation without electricity and gas is a waste""!
But he forgot to say who is ""to blame"" for this waste."
1870075584673443866,abdollahram,2024-12-20 13:55:38.367,"می‌گویند قانون به اصطلاح حجاب چون قانون است باید اجرا شود و هیچکس از جمله دولت حق ندارد به سلیقه خود از انجام آن خودداری کند.
آیا اصل ۲۷ قانون اساسی‌(آزادی اجتماعات و راهپیمایی) که مطابق تفسیر شورای نگهبان نیازی هم به اجازه وزارت کشور ندارد، قانون نیست؟
اگر هست چرا اجرا نمی‌‌شود؟",0,0,0,https://x.com/abdollahram/status/1870075584673443866,2024,12,2024-12-20,"می‌گویند قانون به اصطلاح حجاب چون قانون است باید اجرا شود و هیچکس از جمله دولت حق ندارد به سلیقه خود از انجام آن خودداری کند.
آیا اصل ۲۷ قانون اساسی‌(آزادی اجتماعات و راهپیمایی) که مطابق تفسیر شورای نگهبان نیازی هم به اجازه وزارت کشور ندارد، قانون نیست؟
اگر هست چرا اجرا نمی‌‌شود؟","They say that the so-called hijab law must be implemented because it is a law, and no one, including the government, has the right to refuse to do it at their own discretion.
Isn't Article 27 of the Constitution (freedom of gatherings and marches), which according to the interpretation of the Guardian Council does not require the permission of the Ministry of Interior, a law?
If there is, why is it not implemented?"
1869465021048377437,abdollahram,2024-12-18 21:29:28.655,"می‌گویند مردم ‌""ماینرهای رمز ارز"" غیرمجاز، که باعث مصرف بسیار زیاد برق می‌شوند، را معرفی کنند و پاداش بگیرند.
این حرف‌ها را جدی نگیرید چون اگر بخواهند در یک چشم به هم زدن خودشان می‌توانند پیدا کنند!
شاید تولید رمز ارز ها دست‌ از مابهتران است!",0,0,0,https://x.com/abdollahram/status/1869465021048377437,2024,12,2024-12-18,"می‌گویند مردم ‌""ماینرهای رمز ارز"" غیرمجاز، که باعث مصرف بسیار زیاد برق می‌شوند، را معرفی کنند و پاداش بگیرند.
این حرف‌ها را جدی نگیرید چون اگر بخواهند در یک چشم به هم زدن خودشان می‌توانند پیدا کنند!
شاید تولید رمز ارز ها دست‌ از مابهتران است!","It is said that people will introduce unauthorized ""cryptominers"" that consume a lot of electricity and get rewarded.
Do not take these words seriously, because if they want, they can find them in the blink of an eye!
Maybe the production of cryptocurrencies is the hand of the best!"
1869116626123239520,abdollahram,2024-12-17 22:25:04.832,"کسی منظور این آقا را می‌فهمد؟
مگر حکومت نظامی اعلام شده که صف دولت از نیروهای مسلح جدا شده است؟
مگر ایشان سخنگوی ستاد کل نیروهای مسلح است؟",0,0,0,https://x.com/abdollahram/status/1869116626123239520,2024,12,2024-12-17,"کسی منظور این آقا را می‌فهمد؟
مگر حکومت نظامی اعلام شده که صف دولت از نیروهای مسلح جدا شده است؟
مگر ایشان سخنگوی ستاد کل نیروهای مسلح است؟","Does anyone understand what this gentleman means?
Has the military government announced that the government has separated from the armed forces?
Is he the spokesperson of the General Staff of the Armed Forces?"
