tweet_id,username,created_at,text,replies,retweets,likes,url,Text_original,Text_en
2022314257375756520,abdolhamidnet,2026-02-13 14:17:46.397000+00:00," مولانا عبدالحمید در مراسم نماز جمعه زاهدان (24 بهمن 1404):
 حوادث دی‌ماه هیچ توجیهی ندارند؛ مسئولان به‌جای توجیه، از مردم عذرخواهی کنند و به خواسته‌های مردم تن بدهند 
ملت ایران احساس می‌کنند در بین سایر ملت‌ها تحقیر شده‌اند
مردم بارها «تغییرات» را فریاد زدند؛ اما",0,0,0,https://x.com/AbdolhamidNet/status/2022314257375756520," مولانا عبدالحمید در مراسم نماز جمعه زاهدان (24 بهمن 1404):
 حوادث دی‌ماه هیچ توجیهی ندارند؛ مسئولان به‌جای توجیه، از مردم عذرخواهی کنند و به خواسته‌های مردم تن بدهند 
ملت ایران احساس می‌کنند در بین سایر ملت‌ها تحقیر شده‌اند
مردم بارها «تغییرات» را فریاد زدند؛ اما","Maulana Abdul Hamid during the Friday prayer ceremony of Zahedan (24 February 1404):
 The events of January have no justification; Instead of justifying, the officials should apologize to the people and give in to the people's demands 
Iranian people feel humiliated among other nations
People repeatedly shouted ""changes""; but"
2022284129102913752,abdolhamidnet,2026-02-13 12:18:03.257000+00:00, #فایل_تصویری #خطبه_جمعه (24 بهمن 1404) را در یوتیوب مشاهده نمایید.,0,0,0,https://x.com/AbdolhamidNet/status/2022284129102913752, #فایل_تصویری #خطبه_جمعه (24 بهمن 1404) را در یوتیوب مشاهده نمایید.,Watch the Friday sermon (24 February 1404) on YouTube.
2019774806246236358,abdolhamidnet,2026-02-06 14:06:54.067000+00:00, #فایل_تصویری #خطبه_جمعه (17 بهمن 1404) را در یوتیوب مشاهده نمایید.,0,0,0,https://x.com/AbdolhamidNet/status/2019774806246236358, #فایل_تصویری #خطبه_جمعه (17 بهمن 1404) را در یوتیوب مشاهده نمایید.,Watch the video file of the Friday sermon (17 February 1404) on YouTube.
2019769571222204734,abdolhamidnet,2026-02-06 13:46:05.940000+00:00," مولانا عبدالحمید در مراسم نماز جمعه زاهدان (17 بهمن 1404):
 مردم ایران در سال 57 برای رسیدن به «عدالت» و «زندگی بهتر» انقلاب کردند
ریشۀ مشکلات کشور به قانون اساسی برمی‌گردد
بعد از انقلاب، «نگاه‌های مذهبی و قومی» در کشور حاکم شد
«تنگ‌نظری‌ها» و «گزینش‌های سخت» مجلس و",0,0,0,https://x.com/AbdolhamidNet/status/2019769571222204734," مولانا عبدالحمید در مراسم نماز جمعه زاهدان (17 بهمن 1404):
 مردم ایران در سال 57 برای رسیدن به «عدالت» و «زندگی بهتر» انقلاب کردند
ریشۀ مشکلات کشور به قانون اساسی برمی‌گردد
بعد از انقلاب، «نگاه‌های مذهبی و قومی» در کشور حاکم شد
«تنگ‌نظری‌ها» و «گزینش‌های سخت» مجلس و","Maulana Abdul Hamid during the Zahedan Friday prayer ceremony (17 February 1404):
 Iranian people made a revolution in 1957 to achieve ""justice"" and ""better life"".
The root of the country's problems goes back to the constitution
After the revolution, ""religious and ethnic views"" became dominant in the country
The ""narrow-mindedness"" and ""hard choices"" of the Majlis and"
2017234975062421571,abdolhamidnet,2026-01-30 13:54:31.125000+00:00," مولانا عبدالحمید در مراسم نماز جمعه زاهدان (10 بهمن 1404):
 بهترین راه جلوگیری از جنگ، تن‌دادن به خواسته‌های ملت ایران است
نارضایتی ملت ایران یک واقعیت است
مردم ایران بیست سال است با مشکلات تحریم دست‌وپنجه نرم می‌کنند
اگر اکثریت مردم ایران سیستم حکومتی دیگری را",0,0,0,https://x.com/AbdolhamidNet/status/2017234975062421571," مولانا عبدالحمید در مراسم نماز جمعه زاهدان (10 بهمن 1404):
 بهترین راه جلوگیری از جنگ، تن‌دادن به خواسته‌های ملت ایران است
نارضایتی ملت ایران یک واقعیت است
مردم ایران بیست سال است با مشکلات تحریم دست‌وپنجه نرم می‌کنند
اگر اکثریت مردم ایران سیستم حکومتی دیگری را","Maulana Abdul Hamid during the Friday prayer ceremony of Zahedan (10 February 1404):
 The best way to prevent war is to give in to the demands of the Iranian nation
The dissatisfaction of the Iranian people is a fact
The people of Iran have been struggling with sanctions for twenty years
If the majority of Iranian people have another government system"
2017220676025782721,abdolhamidnet,2026-01-30 12:57:41.969000+00:00, #فایل_تصویری #خطبه_جمعه (10 بهمن 1404) را در یوتیوب مشاهده نمایید.,0,0,0,https://x.com/AbdolhamidNet/status/2017220676025782721, #فایل_تصویری #خطبه_جمعه (10 بهمن 1404) را در یوتیوب مشاهده نمایید.,Watch #image_file #Friday_sermon (10 February 1404) on YouTube.
2015356089122902122,abdolhamidnet,2026-01-25 09:28:29.809000+00:00,با وجود محدودیت شدید اینترنت، صحنه‌هایی از کشتار دلخراش و بی‌رحمانۀ معترضان در استان‌های مختلف به‌تدریج توسط رسانه‌ها منتشر می‌شود؛ امری که از یک قتل‌عام سازمان‌یافته حکایت دارد و زوایای بیشتری از آن به تدریج برملا می‌شود. این فاجعه شکافی عمیق و جبران‌ناپذیر میان مردم ایران و,0,0,0,https://x.com/AbdolhamidNet/status/2015356089122902122,با وجود محدودیت شدید اینترنت، صحنه‌هایی از کشتار دلخراش و بی‌رحمانۀ معترضان در استان‌های مختلف به‌تدریج توسط رسانه‌ها منتشر می‌شود؛ امری که از یک قتل‌عام سازمان‌یافته حکایت دارد و زوایای بیشتری از آن به تدریج برملا می‌شود. این فاجعه شکافی عمیق و جبران‌ناپذیر میان مردم ایران و,"Despite the severe restriction of the Internet, scenes of the heartbreaking and brutal killing of protesters in different provinces are gradually published by the media; Something that speaks of an organized massacre and more angles of it are gradually revealed. This tragedy caused a deep and irreparable gap between the people of Iran and"
2014693298837864557,abdolhamidnet,2026-01-23 13:34:48.291000+00:00, #فایل_تصویری #خطبه_جمعه (3 بهمن 1404) را در یوتیوب مشاهده نمایید.,0,0,0,https://x.com/AbdolhamidNet/status/2014693298837864557, #فایل_تصویری #خطبه_جمعه (3 بهمن 1404) را در یوتیوب مشاهده نمایید.,Watch the video file of the Friday sermon (3 February 1404) on YouTube.
2014688817601495464,abdolhamidnet,2026-01-23 13:16:59.881000+00:00," مولانا عبدالحمید در مراسم نماز جمعه زاهدان (3 بهمن 1404):
 آمار بالای کشته‌های اعتراضات اخیر، مردم ایران و جهانیان را «حیرت‌زده و مبهوت» کرد
مردم ایران در اعتراضات اخیر مشکلات‌شان را فریاد زدند/ مردم «مشکلات اقتصادی» را با «سیاست» و «مدیریت کشور» مرتبط می‌دانند
در",0,0,0,https://x.com/AbdolhamidNet/status/2014688817601495464," مولانا عبدالحمید در مراسم نماز جمعه زاهدان (3 بهمن 1404):
 آمار بالای کشته‌های اعتراضات اخیر، مردم ایران و جهانیان را «حیرت‌زده و مبهوت» کرد
مردم ایران در اعتراضات اخیر مشکلات‌شان را فریاد زدند/ مردم «مشکلات اقتصادی» را با «سیاست» و «مدیریت کشور» مرتبط می‌دانند
در","Maulana Abdul Hamid during the Zahedan Friday prayer ceremony (3 February 1404):
 The high death toll of the recent protests ""surprised"" the people of Iran and the world
The people of Iran shouted their problems in the recent protests/ People associate ""economic problems"" with ""politics"" and ""country management"".
in"
2012172441036967964,abdolhamidnet,2026-01-16 14:37:48.956000+00:00, #فایل_تصویری #خطبه_جمعه (26 دی 1404) را در یوتیوب مشاهده نمایید.,0,0,0,https://x.com/AbdolhamidNet/status/2012172441036967964, #فایل_تصویری #خطبه_جمعه (26 دی 1404) را در یوتیوب مشاهده نمایید.,Watch #image_file #Friday_sermon (26 January 1404) on YouTube.
2012155846956916826,abdolhamidnet,2026-01-16 13:31:52.619000+00:00," مولانا عبدالحمید در مراسم نماز جمعه زاهدان (26 دی 1404):
 کشتار مردم در اعتراضات اخیر را محکوم و با خانواده‌های داغدیده ابراز همدردی می‌کنیم
ملت ایران به امید «حل مشکلات» و «رفع تبعیض و نابرابری» به «جمهوری اسلامی» رأی داده بود
مردم ایران از سیاست‌های داخلی و خارجی و",0,0,0,https://x.com/AbdolhamidNet/status/2012155846956916826," مولانا عبدالحمید در مراسم نماز جمعه زاهدان (26 دی 1404):
 کشتار مردم در اعتراضات اخیر را محکوم و با خانواده‌های داغدیده ابراز همدردی می‌کنیم
ملت ایران به امید «حل مشکلات» و «رفع تبعیض و نابرابری» به «جمهوری اسلامی» رأی داده بود
مردم ایران از سیاست‌های داخلی و خارجی و","Maulana Abdul Hamid during the Friday prayer ceremony of Zahedan (January 26, 1404):
 We condemn the killing of people in the recent protests and express our sympathy to the bereaved families
The people of Iran had voted for the ""Islamic Republic"" hoping to ""solve problems"" and ""remove discrimination and inequality.""
Iranian people from domestic and foreign policies"
2011163406619815992,abdolhamidnet,2026-01-13 19:48:16.404000+00:00,"کشتار هزاران معترض در تهران و دیگر شهرهای کشورمان طی چند روز، فاجعه‌ای هولناک و بی‌سابقه بود.
این رویداد تلخ، ملت ایران را در اندوه و خشم فرو برده و وجدان انسان‌های آزاده‌ی جهان را عمیقاً جریحه‌دار کرده است.
بی‌تردید آمران و عاملان این جنایت، در این دنیا مسئول بوده و در آخرت نیز",0,0,0,https://x.com/AbdolhamidNet/status/2011163406619815992,"کشتار هزاران معترض در تهران و دیگر شهرهای کشورمان طی چند روز، فاجعه‌ای هولناک و بی‌سابقه بود.
این رویداد تلخ، ملت ایران را در اندوه و خشم فرو برده و وجدان انسان‌های آزاده‌ی جهان را عمیقاً جریحه‌دار کرده است.
بی‌تردید آمران و عاملان این جنایت، در این دنیا مسئول بوده و در آخرت نیز","The killing of thousands of protesters in Tehran and other cities of our country in a few days was a terrible and unprecedented disaster.
This bitter event has plunged the Iranian nation into grief and anger and has deeply wounded the conscience of the free people of the world.
Undoubtedly, the leaders and perpetrators of this crime are responsible in this world and in the hereafter as well"
2009630552153031108,abdolhamidnet,2026-01-09 14:17:15.420000+00:00, #فایل_تصویری #خطبه_جمعه (19 دی 1404) را در یوتیوب مشاهده نمایید.,0,0,0,https://x.com/AbdolhamidNet/status/2009630552153031108, #فایل_تصویری #خطبه_جمعه (19 دی 1404) را در یوتیوب مشاهده نمایید.,Watch #image_file #Friday_sermon (19 January 1404) on YouTube.
2009608629528179180,abdolhamidnet,2026-01-09 12:50:08.659000+00:00," مولانا عبدالحمید در مراسم نماز جمعه زاهدان (19 دی 1404):
 مردم ایران برای «تغییرات بزرگ» به صحنه آمده‌اند
بارها نسبت به «فساد سیستماتیک» هشدار داده شد؛ اما به هشدارها توجهی نشد
در اعتراضات گذشته فریاد مردم شنیده نشد؛ مسئولان با کمترین تغییرات می‌توانستند امور را اصلاح",0,0,0,https://x.com/AbdolhamidNet/status/2009608629528179180," مولانا عبدالحمید در مراسم نماز جمعه زاهدان (19 دی 1404):
 مردم ایران برای «تغییرات بزرگ» به صحنه آمده‌اند
بارها نسبت به «فساد سیستماتیک» هشدار داده شد؛ اما به هشدارها توجهی نشد
در اعتراضات گذشته فریاد مردم شنیده نشد؛ مسئولان با کمترین تغییرات می‌توانستند امور را اصلاح","Maulana Abdul Hamid during the Zahedan Friday prayer ceremony (January 19, 1404):
 Iranian people have come to the stage for ""big changes"".
There were many warnings about ""systematic corruption""; But the warnings were ignored
In the past protests, people's cries were not heard; Officials could fix things with minimal changes"
2008445465558184170,abdolhamidnet,2026-01-06 07:48:08.758000+00:00,با تسلیت به خانواده‌های جان‌باختگان اخیر، تأکید می‌شود هرگونه خشونت مرگ‌بار علیه معترضان، هم بر اساس قوانین بین‌المللی جرم محسوب می‌شود و هم از نظر شرعی حرام و غیرقابل توجیه است.,0,0,0,https://x.com/AbdolhamidNet/status/2008445465558184170,با تسلیت به خانواده‌های جان‌باختگان اخیر، تأکید می‌شود هرگونه خشونت مرگ‌بار علیه معترضان، هم بر اساس قوانین بین‌المللی جرم محسوب می‌شود و هم از نظر شرعی حرام و غیرقابل توجیه است.,"With condolences to the families of the recent victims, it is emphasized that any deadly violence against the protesters is considered a crime according to international laws and is forbidden and unjustifiable according to Sharia law."
2007097055005585653,abdolhamidnet,2026-01-02 14:30:02.630000+00:00," عناوین سخنان مولانا عبدالحمید در مراسم نماز جمعه زاهدان (12 دی‌ماه 1404): 
اولویت اول، دوم و سوم حاکمیت باید مردم ایران باشد
وظیفه ذاتی حکومت‌ها در مدیریت ثروت و ایجاد اشتغال
تفکیک مسئولیت علما و حکومت‌ها
سیره خلفای راشدین؛ ساده‌زیستی حاکمان و سیر بودن مردم
ظرفیت‌های",0,0,0,https://x.com/AbdolhamidNet/status/2007097055005585653," عناوین سخنان مولانا عبدالحمید در مراسم نماز جمعه زاهدان (12 دی‌ماه 1404): 
اولویت اول، دوم و سوم حاکمیت باید مردم ایران باشد
وظیفه ذاتی حکومت‌ها در مدیریت ثروت و ایجاد اشتغال
تفکیک مسئولیت علما و حکومت‌ها
سیره خلفای راشدین؛ ساده‌زیستی حاکمان و سیر بودن مردم
ظرفیت‌های","The titles of Maulana Abdul Hamid's speech during the Zahedan Friday prayer ceremony (12 January 1404): 
The first, second and third priority of the government should be the people of Iran
The inherent duty of governments in managing wealth and creating employment
Separation of responsibility of scholars and governments
Biography of the Rashidin Caliphs; The simple life of the rulers and the satiety of the people
capacities"
2007056680241201421,abdolhamidnet,2026-01-02 11:49:36.536000+00:00, #فایل_تصویری #خطبه_جمعه (12 دی 1404) را در یوتیوب مشاهده نمایید.,0,0,0,https://x.com/AbdolhamidNet/status/2007056680241201421, #فایل_تصویری #خطبه_جمعه (12 دی 1404) را در یوتیوب مشاهده نمایید.,Watch the video file of the Friday sermon (12 January 1404) on YouTube.
2006395104165077182,abdolhamidnet,2025-12-31 16:00:44.508000+00:00,شرایط طاقت‌فرسای زندگی و بن‌بست موجود، موجب شکل‌گیری اعتراضات مردمی شده است. بی‌توجهی به پیشنهادهای دلسوزان برای ایجاد تغییرات ضروری، کشور را با بحران‌های سیاسی و اقتصادی مواجه کرده است.,0,0,0,https://x.com/AbdolhamidNet/status/2006395104165077182,شرایط طاقت‌فرسای زندگی و بن‌بست موجود، موجب شکل‌گیری اعتراضات مردمی شده است. بی‌توجهی به پیشنهادهای دلسوزان برای ایجاد تغییرات ضروری، کشور را با بحران‌های سیاسی و اقتصادی مواجه کرده است.,The excruciating conditions of life and the existing impasse have led to the formation of popular protests. Ignoring the suggestions of sympathizers to make necessary changes has faced the country with political and economic crises.
2004572485509853270,abdolhamidnet,2025-12-26 15:18:18.358000+00:00," مولانا عبدالحمید در مراسم نماز جمعه زاهدان (5 دی 1404):
 به‌جای افزایش بودجه، با افزایش تورم مقابله شود
افزایش تورم و سقوط شدید ارزش پول، تمام مردم را نگران و سرگردان کرده است
«تعدیل در سیاست‌های خارجی» و «نرمش در مذاکرات» می‌تواند تورم را کاهش دهد و ارزش پول را برگرداند",0,0,0,https://x.com/AbdolhamidNet/status/2004572485509853270," مولانا عبدالحمید در مراسم نماز جمعه زاهدان (5 دی 1404):
 به‌جای افزایش بودجه، با افزایش تورم مقابله شود
افزایش تورم و سقوط شدید ارزش پول، تمام مردم را نگران و سرگردان کرده است
«تعدیل در سیاست‌های خارجی» و «نرمش در مذاکرات» می‌تواند تورم را کاهش دهد و ارزش پول را برگرداند","Maulana Abdul Hamid during the Zahedan Friday prayer ceremony (December 5, 1404):
 Instead of increasing the budget, deal with the increase in inflation
The increase in inflation and the sharp fall in the value of money have worried and confused all the people
""Adjustment in foreign policies"" and ""softness in negotiations"" can reduce inflation and return the value of the currency."
2004518966656659525,abdolhamidnet,2025-12-26 11:45:38.469000+00:00, #فایل_تصویری #خطبه_جمعه (5 دی 1404) را در یوتیوب مشاهده نمایید.,0,0,0,https://x.com/AbdolhamidNet/status/2004518966656659525, #فایل_تصویری #خطبه_جمعه (5 دی 1404) را در یوتیوب مشاهده نمایید.,"Watch the video file of the Friday sermon (December 5, 1404) on YouTube."
2002679702729970122,abdolhamidnet,2025-12-21 09:57:03.777000+00:00,مولانا عبدالحمید: متاسفانه فشارهای امنیتی بر مجموعۀ مکی تشدید شده است,0,0,0,https://x.com/AbdolhamidNet/status/2002679702729970122,مولانا عبدالحمید: متاسفانه فشارهای امنیتی بر مجموعۀ مکی تشدید شده است,"Maulana Abdul Hameed: Unfortunately, the security pressures on Makki group have intensified"
2002038871782023374,abdolhamidnet,2025-12-19 15:30:37.773000+00:00,"مولانا عبدالحمید در مراسم نماز جمعه زاهدان (28 آذر 1404):
در سیستم حکومتی کشور، دولت «متولی سیاست» نیست؛ تصمیم‌گیری در رابطه با سیاست‌ها در جایی دیگر صورت می‌گیرد
تمام طیف‌ها با بن‌بست در زندگی مواجه‌اند؛ مراکز تصمیم‌گیری «صدای ملت» را بشنوند و در فکر «ایجاد تغییرات» و «حل",0,0,0,https://x.com/AbdolhamidNet/status/2002038871782023374,"مولانا عبدالحمید در مراسم نماز جمعه زاهدان (28 آذر 1404):
در سیستم حکومتی کشور، دولت «متولی سیاست» نیست؛ تصمیم‌گیری در رابطه با سیاست‌ها در جایی دیگر صورت می‌گیرد
تمام طیف‌ها با بن‌بست در زندگی مواجه‌اند؛ مراکز تصمیم‌گیری «صدای ملت» را بشنوند و در فکر «ایجاد تغییرات» و «حل","Maulana Abdul Hamid during the Friday prayer ceremony of Zahedan (December 28, 1404):
In the country's government system, the government is not the ""custodian of politics""; Policy decisions are made elsewhere
All spectrums are facing a dead end in life; The decision-making centers should hear the ""voice of the nation"" and think about ""creating changes"" and ""solving."""
2002002172876030366,abdolhamidnet,2025-12-19 13:04:48.072000+00:00," #فایل_تصویری #خطبه_جمعه (28 آذر 1404) را در یوتیوب مشاهده نمایید.
youtube.com/watch?v=oaqmFN
…",0,0,0,https://x.com/AbdolhamidNet/status/2002002172876030366," #فایل_تصویری #خطبه_جمعه (28 آذر 1404) را در یوتیوب مشاهده نمایید.
youtube.com/watch?v=oaqmFN
…","Watch the video file of the Friday sermon (Azar 28, 1404) on YouTube.
youtube.com/watch?v=oaqmFN
…"
1999505118324990003,abdolhamidnet,2025-12-12 15:42:23.874000+00:00,"مولانا عبدالحمید در مراسم نماز جمعه زاهدان (21 آذر 1404):
شرایط اقتصادی مردم فوق‌العاده بحرانی است؛ مسئولان نگویند از دست ما کاری برنمی‌آید
در ادیان آسمانی احکام الهی بر اساس شرایط و نیاز بشر تغییر پیدا کرده‌اند
ادیان آسمانی در زمان خودشان «رحمت پروردگار» بودند
قوانین",0,0,0,https://x.com/AbdolhamidNet/status/1999505118324990003,"مولانا عبدالحمید در مراسم نماز جمعه زاهدان (21 آذر 1404):
شرایط اقتصادی مردم فوق‌العاده بحرانی است؛ مسئولان نگویند از دست ما کاری برنمی‌آید
در ادیان آسمانی احکام الهی بر اساس شرایط و نیاز بشر تغییر پیدا کرده‌اند
ادیان آسمانی در زمان خودشان «رحمت پروردگار» بودند
قوانین","Maulana Abdul Hamid during the Friday prayer ceremony of Zahedan (December 21, 1404):
The economic conditions of the people are extremely critical; The authorities should not say that we cannot do anything
In the heavenly religions, divine decrees have been changed based on human conditions and needs
In their time, heavenly religions were the ""mercy of God"".
Rules"
1999461096172978373,abdolhamidnet,2025-12-12 12:47:28.175000+00:00, #فایل_تصویری #خطبه_جمعه (21 آذر 1404) را در یوتیوب مشاهده نمایید.,0,0,0,https://x.com/AbdolhamidNet/status/1999461096172978373, #فایل_تصویری #خطبه_جمعه (21 آذر 1404) را در یوتیوب مشاهده نمایید.,"Watch the video file of the Friday sermon (December 21, 1404) on YouTube."
1991901508817080461,abdolhamidnet,2025-11-21 16:08:22.099000+00:00, #فایل_تصویری #خطبه_جمعه (30 آبان 1404) را در یوتیوب مشاهده نمایید.,0,0,0,https://x.com/AbdolhamidNet/status/1991901508817080461, #فایل_تصویری #خطبه_جمعه (30 آبان 1404) را در یوتیوب مشاهده نمایید.,"Watch #image_file #Friday_sermon (November 30, 1404) on YouTube."
1991873788913271104,abdolhamidnet,2025-11-21 14:18:13.159000+00:00," شیخ‌الاسلام مولانا عبدالحمید در مراسم نماز جمعه زاهدان (30 آبان 1404):
احکام اسلامی نباید فدای سیاست و حفظ قدرت بشوند
استفادۀ ابزاری از دین برای حفظ قدرت و حکومت «انحراف از دین» و «دیدگاه یک اقلیت محض» است
«دین» ابزار هیچ قدرت و حکومتی نیست؛ نباید از «دین» برای «حفظ",0,0,0,https://x.com/AbdolhamidNet/status/1991873788913271104," شیخ‌الاسلام مولانا عبدالحمید در مراسم نماز جمعه زاهدان (30 آبان 1404):
احکام اسلامی نباید فدای سیاست و حفظ قدرت بشوند
استفادۀ ابزاری از دین برای حفظ قدرت و حکومت «انحراف از دین» و «دیدگاه یک اقلیت محض» است
«دین» ابزار هیچ قدرت و حکومتی نیست؛ نباید از «دین» برای «حفظ","Sheikh-ul-Islam Maulana Abdul Hamid during the Zahedan Friday prayer ceremony (November 30, 1404):
Islamic rules should not be sacrificed for politics and maintaining power
Using religion as a tool to maintain power and government is a ""deviation from religion"" and ""the viewpoint of a pure minority"".
""Religion"" is not a tool of any power and government; ""Religion"" should not be used for ""preservation""."
1989387491863085315,abdolhamidnet,2025-11-14 17:38:33.749000+00:00, #فایل_تصویری #خطبه_جمعه (23 آبان 1404) را در یوتیوب مشاهده نمایید.,0,0,0,https://x.com/AbdolhamidNet/status/1989387491863085315, #فایل_تصویری #خطبه_جمعه (23 آبان 1404) را در یوتیوب مشاهده نمایید.,Watch the Friday sermon (23 November 1404) on YouTube.
1989345925488058862,abdolhamidnet,2025-11-14 14:53:23.553000+00:00," مولانا عبدالحمید در مراسم نماز جمعه اهل‌سنت چابهار (23 آبان 1404):
این حق مردم چابهار و استان است که در بهره‌مندی از منافع طرح‌های کلان در اولویت باشند
مردم چابهار «رنج‌های زیادی» را متحمل شده‌اند و باید مورد «توجه ویژه» قرار گیرند
هیچ پیشرفتی در شهر چابهار مشاهده نمی",0,0,0,https://x.com/AbdolhamidNet/status/1989345925488058862," مولانا عبدالحمید در مراسم نماز جمعه اهل‌سنت چابهار (23 آبان 1404):
این حق مردم چابهار و استان است که در بهره‌مندی از منافع طرح‌های کلان در اولویت باشند
مردم چابهار «رنج‌های زیادی» را متحمل شده‌اند و باید مورد «توجه ویژه» قرار گیرند
هیچ پیشرفتی در شهر چابهار مشاهده نمی","Maulana Abdul Hamid during the Friday prayer ceremony of Ahl-e-Sunna Chabahar (November 23, 1404):
It is the right of the people of Chabahar and the province to be prioritized in benefiting from the benefits of large projects
The people of Chabahar have suffered ""a lot"" and should be given ""special attention"".
There is no progress in Chabahar city"
1986815318648381580,abdolhamidnet,2025-11-07 15:17:39.866000+00:00," مولانا عبدالحمید در مراسم نماز جمعه زاهدان (16 آبان 1404):
منافع مردم نباید قربانی سیاست‌های داخلی و خارجی شود
گرانی و تورم در کشور بیداد می‌کند
«فقر» به دین و دنیای مردم ضربه زده است
راهزنی، سرقت و گروگانگیری به هر دلیلی که باشد «حرام» و «جنایتی بزرگ» است
مسئولیت",0,0,0,https://x.com/AbdolhamidNet/status/1986815318648381580," مولانا عبدالحمید در مراسم نماز جمعه زاهدان (16 آبان 1404):
منافع مردم نباید قربانی سیاست‌های داخلی و خارجی شود
گرانی و تورم در کشور بیداد می‌کند
«فقر» به دین و دنیای مردم ضربه زده است
راهزنی، سرقت و گروگانگیری به هر دلیلی که باشد «حرام» و «جنایتی بزرگ» است
مسئولیت","Maulana Abdul Hamid during the Zahedan Friday prayer (November 16, 1404):
People's interests should not be sacrificed for domestic and foreign policies
Inflation is rampant in the country
""Poverty"" has hit people's religion and world
Banditry, robbery and hostage taking for any reason are ""forbidden"" and a ""great crime"".
responsibility"
1986768796116300181,abdolhamidnet,2025-11-07 12:12:48.030000+00:00," #فایل_تصویری #خطبه_جمعه (16 آبان 1404) را در یوتیوب مشاهده نمایید.
youtube.com/watch?v=ZSfhsX
…",0,0,0,https://x.com/AbdolhamidNet/status/1986768796116300181," #فایل_تصویری #خطبه_جمعه (16 آبان 1404) را در یوتیوب مشاهده نمایید.
youtube.com/watch?v=ZSfhsX
…","Watch #image_file #Friday_sermon (November 16, 1404) on YouTube.
youtube.com/watch?v=ZSfhsX
…"
1984294149844357134,abdolhamidnet,2025-10-31 16:19:26.382000+00:00," مولانا عبدالحمید در مراسم نماز جمعه زاهدان (9 آبان 1404):
 کشور با «بحران مدیریت» مواجه است
هر روز بحران جدیدی در کشور ظهور می‌کند
«ضعف مدیریت» دلیل اصلی بحران‌های کشور است
باید برای خلاصی کشور و ملت از این مشکلات «چارۀ جدی» اندیشیده شود
«عدالت» پایه و اساس هر نظام و",0,0,0,https://x.com/AbdolhamidNet/status/1984294149844357134," مولانا عبدالحمید در مراسم نماز جمعه زاهدان (9 آبان 1404):
 کشور با «بحران مدیریت» مواجه است
هر روز بحران جدیدی در کشور ظهور می‌کند
«ضعف مدیریت» دلیل اصلی بحران‌های کشور است
باید برای خلاصی کشور و ملت از این مشکلات «چارۀ جدی» اندیشیده شود
«عدالت» پایه و اساس هر نظام و","Maulana Abdul Hamid during the Zahedan Friday prayer ceremony (November 9, 1404):
 The country is facing a ""management crisis"".
Every day a new crisis emerges in the country
""Weakness of management"" is the main reason for the country's crises
A ""serious solution"" must be thought of to rid the country and the nation of these problems
""Justice"" is the foundation of every system"
1984286869027508240,abdolhamidnet,2025-10-31 15:50:30.500000+00:00, #فایل_تصویری #خطبه_جمعه (9 آبان 1404) را در یوتیوب مشاهده نمایید.,0,0,0,https://x.com/AbdolhamidNet/status/1984286869027508240, #فایل_تصویری #خطبه_جمعه (9 آبان 1404) را در یوتیوب مشاهده نمایید.,"Watch the video file of the Friday sermon (November 9, 1404) on YouTube."
1982036574888964406,abdolhamidnet,2025-10-25 10:48:38.569000+00:00," مولانا عبدالحمید در مراسم نماز جمعه زاهدان (2 آبان 1404):
ریشۀ «بن‌بست‌های سیاسی و اقتصادی» در قانون اساسی است؛ قانون اساسی باید تغییر پیدا کند
سدسازی‌ها در استان و کشور از «روی احساسات» و «بدون کارشناسی» انجام شدند
کشور با «بن‌بست کامل سیاسی و اقتصادی» مواجه است/ حل",0,0,0,https://x.com/AbdolhamidNet/status/1982036574888964406," مولانا عبدالحمید در مراسم نماز جمعه زاهدان (2 آبان 1404):
ریشۀ «بن‌بست‌های سیاسی و اقتصادی» در قانون اساسی است؛ قانون اساسی باید تغییر پیدا کند
سدسازی‌ها در استان و کشور از «روی احساسات» و «بدون کارشناسی» انجام شدند
کشور با «بن‌بست کامل سیاسی و اقتصادی» مواجه است/ حل","Maulana Abdul Hamid during the Zahedan Friday prayer ceremony (November 2, 1404):
The root of ""political and economic deadlocks"" is in the constitution; The constitution must be changed
The construction of dams in the province and the country was done based on ""feelings"" and ""without expertise"".
The country is facing a ""complete political and economic deadlock""."
1981793096590381450,abdolhamidnet,2025-10-24 18:41:08.819000+00:00, #فایل_تصویری #خطبه_جمعه (2 آبان 1404) را در یوتیوب مشاهده نمایید.,0,0,0,https://x.com/AbdolhamidNet/status/1981793096590381450, #فایل_تصویری #خطبه_جمعه (2 آبان 1404) را در یوتیوب مشاهده نمایید.,"Watch the video file of the Friday sermon (November 2, 1404) on YouTube."
1979158863375974816,abdolhamidnet,2025-10-17 12:13:38.679000+00:00, #فایل_تصویری #خطبه_جمعه (25 مهر 1404) را در یوتیوب مشاهده نمایید.,0,0,0,https://x.com/AbdolhamidNet/status/1979158863375974816, #فایل_تصویری #خطبه_جمعه (25 مهر 1404) را در یوتیوب مشاهده نمایید.,"Watch the video file of the Friday sermon (October 25, 1404) on YouTube."
1976624939890544684,abdolhamidnet,2025-10-10 12:24:44.242000+00:00, #فایل_تصویری #خطبه_جمعه (18 مهر 1404) را در یوتیوب مشاهده نمایید.,0,0,0,https://x.com/AbdolhamidNet/status/1976624939890544684, #فایل_تصویری #خطبه_جمعه (18 مهر 1404) را در یوتیوب مشاهده نمایید.,"Watch the video file of the Friday sermon (October 18, 1404) on YouTube."
1974241377568383209,abdolhamidnet,2025-10-03 22:33:18.700000+00:00,"مولانا عبدالحمید در مراسم نماز جمعه زاهدان (11 مهرماه 1404):
 به‌جز «تسلیم‌شدن» یا «مقاومت» راه سومی هم وجود دارد؛ باید برای «رفع تحریم‌ها» و «دفع جنگ» از کشور، «سازوکار جدید» اتخاذ شود
«تحریم‌های جهانی جدید» و «خطر جنگ» مردم ایران را نگران کرده است
«محاصرۀ اقتصادی» و",0,0,0,https://x.com/AbdolhamidNet/status/1974241377568383209,"مولانا عبدالحمید در مراسم نماز جمعه زاهدان (11 مهرماه 1404):
 به‌جز «تسلیم‌شدن» یا «مقاومت» راه سومی هم وجود دارد؛ باید برای «رفع تحریم‌ها» و «دفع جنگ» از کشور، «سازوکار جدید» اتخاذ شود
«تحریم‌های جهانی جدید» و «خطر جنگ» مردم ایران را نگران کرده است
«محاصرۀ اقتصادی» و","Maulana Abdul Hamid during the Friday prayer ceremony of Zahedan (October 11, 1404):
 Besides ""surrender"" or ""resistance"" there is a third way; A ""new mechanism"" should be adopted to ""remove sanctions"" and ""dispel war"" from the country
""New global sanctions"" and ""danger of war"" have worried the people of Iran
""Economic siege"" and"
1974130238155329808,abdolhamidnet,2025-10-03 15:11:40.999000+00:00, #فایل_تصویری #خطبه_جمعه (11 مهر 1404) را در یوتیوب مشاهده نمایید.,0,0,0,https://x.com/AbdolhamidNet/status/1974130238155329808, #فایل_تصویری #خطبه_جمعه (11 مهر 1404) را در یوتیوب مشاهده نمایید.,"Watch the video file of the Friday sermon (October 11, 1404) on YouTube."
1973265573246095393,abdolhamidnet,2025-10-01 05:55:48.820000+00:00,بازگشت تحریم‌های بین‌المللی کشور را با بحران‌های جدی و غیرقابل تحمل مواجه کرده است. هیأت مذاکره‌کننده نیز بی‌آنکه دستاوردی داشته باشد، بازگشت. مردم خواستار تغییر و اصلاح سیاست‌های بی‌حاصل گذشته بودند، اما هیچ نشانی از عزم و اراده‌ای در جهت تحقق این مطالبات در مسئولین دیده نمی,0,0,0,https://x.com/AbdolhamidNet/status/1973265573246095393,بازگشت تحریم‌های بین‌المللی کشور را با بحران‌های جدی و غیرقابل تحمل مواجه کرده است. هیأت مذاکره‌کننده نیز بی‌آنکه دستاوردی داشته باشد، بازگشت. مردم خواستار تغییر و اصلاح سیاست‌های بی‌حاصل گذشته بودند، اما هیچ نشانی از عزم و اراده‌ای در جهت تحقق این مطالبات در مسئولین دیده نمی,"The return of international sanctions has faced the country with serious and unbearable crises. The negotiating team also returned without achieving anything. The people wanted to change and reform the fruitless policies of the past, but they did not see any sign of determination in the authorities to fulfill these demands."
1973047645816979790,abdolhamidnet,2025-09-30 15:29:50.872000+00:00,با دلی اندوهگین، یاد شهدای #جمعه_خونین_زاهدان و خاش را گرامی می‌داریم. از خداوند می‌خواهیم آنان را در زمره شهدای بدر و اُحد قرار دهد. این شهدای مظلوم هرگز فراموش نخواهند شد.,0,0,0,https://x.com/AbdolhamidNet/status/1973047645816979790,با دلی اندوهگین، یاد شهدای #جمعه_خونین_زاهدان و خاش را گرامی می‌داریم. از خداوند می‌خواهیم آنان را در زمره شهدای بدر و اُحد قرار دهد. این شهدای مظلوم هرگز فراموش نخواهند شد.,"With a sad heart, we honor the memory of the martyrs of #Bloody_Friday_Zahedan and Khash. We ask God to include them among the martyrs of Badr and Ohad. These oppressed martyrs will never be forgotten."
1971660822821982351,abdolhamidnet,2025-09-26 19:39:06.504000+00:00,"شیخ‌الاسلام مولانا عبدالحمید در مراسم نماز جمعه زاهدان (4 مهرماه 1404):
 عذرخواهی رسمی و محکومیت مسئولان در خصوص جنایت جمعه خونین «اتفاق بزرگی» است
 حق‌خواهی ادامه دارد تا عدالت و برابری برقرار شود
گرامی‌داشت شهدای هشتم مهر 
روند پیگیری‌ها، اعتراضات و عذرخواهی
تأکید",0,0,0,https://x.com/AbdolhamidNet/status/1971660822821982351,"شیخ‌الاسلام مولانا عبدالحمید در مراسم نماز جمعه زاهدان (4 مهرماه 1404):
 عذرخواهی رسمی و محکومیت مسئولان در خصوص جنایت جمعه خونین «اتفاق بزرگی» است
 حق‌خواهی ادامه دارد تا عدالت و برابری برقرار شود
گرامی‌داشت شهدای هشتم مهر 
روند پیگیری‌ها، اعتراضات و عذرخواهی
تأکید","Sheikh-ul-Islam Maulana Abdul Hamid during the Friday prayer ceremony of Zahedan (October 4, 1404):
 The official apology and condemnation of the authorities regarding the crime of Bloody Friday is a ""big event"".
 Claiming rights continues until justice and equality are established
Commemorating the martyrs of the 8th of Mehr 
The process of follow-ups, protests and apologies
emphasis"
1971592167014723588,abdolhamidnet,2025-09-26 15:06:17.684000+00:00, #فایل_تصویری #خطبه_جمعه (4 مهر 1404) را در یوتیوب مشاهده نمایید.,0,0,0,https://x.com/AbdolhamidNet/status/1971592167014723588, #فایل_تصویری #خطبه_جمعه (4 مهر 1404) را در یوتیوب مشاهده نمایید.,"Watch the video file of the Friday sermon (October 4, 1404) on YouTube."
1969062794751365195,abdolhamidnet,2025-09-19 15:35:28.343000+00:00, #فایل_تصویری #خطبه_جمعه (28 شهریور 1404) را در یوتیوب مشاهده نمایید.,0,0,0,https://x.com/AbdolhamidNet/status/1969062794751365195, #فایل_تصویری #خطبه_جمعه (28 شهریور 1404) را در یوتیوب مشاهده نمایید.,Watch the video file of the Friday sermon (28 September 1404) on YouTube.
1969053239476732335,abdolhamidnet,2025-09-19 14:57:30.188000+00:00,"شیخ‌الاسلام مولانا عبدالحمید در مراسم نماز جمعه زاهدان (28 شهریور 1404):
شنیدن صدای مردم و توقف تحریم‌ها ضرورت ملی است
 «جنگ» و «تحریم» هر دو ملت را فرسوده می‌کنند
همدردی با خانواده‌های جان‌باختگان و تأکید بر مطالبات مردم
هشدار درباره تشدید تحریم‌ها و خطر جنگ
مردم",0,0,0,https://x.com/AbdolhamidNet/status/1969053239476732335,"شیخ‌الاسلام مولانا عبدالحمید در مراسم نماز جمعه زاهدان (28 شهریور 1404):
شنیدن صدای مردم و توقف تحریم‌ها ضرورت ملی است
 «جنگ» و «تحریم» هر دو ملت را فرسوده می‌کنند
همدردی با خانواده‌های جان‌باختگان و تأکید بر مطالبات مردم
هشدار درباره تشدید تحریم‌ها و خطر جنگ
مردم","Sheikh-ul-Islam Maulana Abdul Hamid during the Friday prayer ceremony of Zahedan (28 Shahrivar 1404):
Hearing the voice of the people and stopping the sanctions is a national necessity
 ""War"" and ""sanction"" wear out both nations
Sympathy with the families of the dead and emphasizing the demands of the people
Warning about the escalation of sanctions and the risk of war
the people"
1966592753199960364,abdolhamidnet,2025-09-12 20:00:24.546000+00:00,"موضوعات مهم سخنان مولانا عبدالحمید در مراسم نماز جمعه اهل سنت زاهدان / 21 شهریور 1404:

کشور نیازمند «تغییرات ژرف و بزرگ» است
«اعتدال» و «مشورت»؛ تنها راه نجات ایران و جهان
تأکید بر اعتدال در همه امور
پیامدهای تندروی و بحران رابطه دین و سیاست
انتقاد از وضعیت کنونی",0,0,0,https://x.com/AbdolhamidNet/status/1966592753199960364,"موضوعات مهم سخنان مولانا عبدالحمید در مراسم نماز جمعه اهل سنت زاهدان / 21 شهریور 1404:

کشور نیازمند «تغییرات ژرف و بزرگ» است
«اعتدال» و «مشورت»؛ تنها راه نجات ایران و جهان
تأکید بر اعتدال در همه امور
پیامدهای تندروی و بحران رابطه دین و سیاست
انتقاد از وضعیت کنونی","The important topics of Maulana Abdul Hamid's speech during the Friday prayer ceremony of Ahle Sunnah Zahedan / 21 Shahrivar 1404:

The country needs ""profound and big changes"".
""moderation"" and ""consultation""; The only way to save Iran and the world
Emphasis on moderation in all matters
Consequences of extremism and crisis in the relationship between religion and politics
Criticism of the current situation"
1966495067373240511,abdolhamidnet,2025-09-12 13:32:14.430000+00:00, #فایل_تصویری #خطبه_جمعه (21 شهریور 1404) را در یوتیوب مشاهده نمایید.,0,0,0,https://x.com/AbdolhamidNet/status/1966495067373240511, #فایل_تصویری #خطبه_جمعه (21 شهریور 1404) را در یوتیوب مشاهده نمایید.,Watch the video file of the Friday sermon (21 September 1404) on YouTube.
1964060530957529161,abdolhamidnet,2025-09-05 20:18:15.717000+00:00, #فایل_تصویری خطبه جمعه (14 شهریور 1404) از شهرستان سوران را در یوتیوب مشاهده نمایید.,0,0,0,https://x.com/AbdolhamidNet/status/1964060530957529161, #فایل_تصویری خطبه جمعه (14 شهریور 1404) از شهرستان سوران را در یوتیوب مشاهده نمایید.,#View the video file of Friday sermon (14 Shahrivar 1404) from Soran city on YouTube.
1961563186789822974,abdolhamidnet,2025-08-29 22:54:42.469000+00:00, #فایل_تصویری #خطبه_جمعه (7 شهریور 1404) را در یوتیوب مشاهده نمایید.,0,0,0,https://x.com/AbdolhamidNet/status/1961563186789822974, #فایل_تصویری #خطبه_جمعه (7 شهریور 1404) را در یوتیوب مشاهده نمایید.,Watch the video file of the Friday sermon (7 September 1404) on YouTube.
1961523343644930492,abdolhamidnet,2025-08-29 20:16:23.123000+00:00," مولانا عبدالحمید در مراسم نماز جمعه زاهدان (7 شهریور 1404):
فعال‌شدن مکانیسم ماشه و تشدید تحریم‌ها زندگی مردم را سخت‌تر می‌کند؛ مسئولان باید با صداقت و دوراندیشی چاره‌اندیشی کنند
تمام مسئولان کشور؛ از پایین گرفته تا کسی که در رأس قرار دارد، روز قیامت در قبال مسئولیت‌هایشان",0,0,0,https://x.com/AbdolhamidNet/status/1961523343644930492," مولانا عبدالحمید در مراسم نماز جمعه زاهدان (7 شهریور 1404):
فعال‌شدن مکانیسم ماشه و تشدید تحریم‌ها زندگی مردم را سخت‌تر می‌کند؛ مسئولان باید با صداقت و دوراندیشی چاره‌اندیشی کنند
تمام مسئولان کشور؛ از پایین گرفته تا کسی که در رأس قرار دارد، روز قیامت در قبال مسئولیت‌هایشان","Maulana Abdul Hamid during the Friday prayer ceremony of Zahedan (7 Shahrivar 1404):
Activating the trigger mechanism and intensifying sanctions make people's lives more difficult; Officials should think of solutions with honesty and foresight
All officials of the country; From the bottom to the one at the top, the Day of Judgment for their responsibilities"
1958918279759897009,abdolhamidnet,2025-08-22 15:44:47.493000+00:00, #فایل_تصویری #خطبه_جمعه (31 مرداد 1404) را در یوتیوب مشاهده نمایید.,0,0,0,https://x.com/AbdolhamidNet/status/1958918279759897009, #فایل_تصویری #خطبه_جمعه (31 مرداد 1404) را در یوتیوب مشاهده نمایید.,"Watch the video file of the Friday sermon (August 31, 1404) on YouTube."
1958910218286317598,abdolhamidnet,2025-08-22 15:12:45.488000+00:00,"مولانا عبدالحمید در مراسم نماز جمعه زاهدان (31 مرداد 1404):
در جنگ حلوا تقسیم نمی‌کنند؛ مسئولان با تدبیر از جنگ جلوگیری کنند
پیامبر اکرم صلی‌الله‌علیه‌وسلم در صلح حدیبیه «مذاکره» را بر «جنگ» ترجیح داد
هزینۀ «جنگ» بسیار سنگین‌تر از «مذاکره» است
هزینۀ «جنگ» بسیار سنگین‌تر",0,0,0,https://x.com/AbdolhamidNet/status/1958910218286317598,"مولانا عبدالحمید در مراسم نماز جمعه زاهدان (31 مرداد 1404):
در جنگ حلوا تقسیم نمی‌کنند؛ مسئولان با تدبیر از جنگ جلوگیری کنند
پیامبر اکرم صلی‌الله‌علیه‌وسلم در صلح حدیبیه «مذاکره» را بر «جنگ» ترجیح داد
هزینۀ «جنگ» بسیار سنگین‌تر از «مذاکره» است
هزینۀ «جنگ» بسیار سنگین‌تر","Maulana Abdul Hamid during the Zahedan Friday prayer ceremony (August 31, 1404):
They do not divide halwa in war; Officials should prevent war with tact
The Holy Prophet, peace be upon him, preferred ""negotiation"" to ""war"" in the peace of Hudaybiyah.
The cost of ""war"" is much heavier than ""negotiation"".
The cost of ""war"" is much heavier"
1956386439182074257,abdolhamidnet,2025-08-15 16:04:09.660000+00:00,"شیخ‌الاسلام مولانا عبدالحمید در مراسم نماز جمعه زاهدان (24 مرداد 1404): 
 ملت ایران تحمل تحریم و جنگ جدید را ندارد؛ مذاکره و توافق کنید
دولت و حاکمیت برای حل مشکلات مردم چاره‌ای جدی بیندیشند 
جیب‌های مردم خالی است و آب و برق هر روز قطع می‌شود 
چرا فریاد شهروندان و",0,0,0,https://x.com/AbdolhamidNet/status/1956386439182074257,"شیخ‌الاسلام مولانا عبدالحمید در مراسم نماز جمعه زاهدان (24 مرداد 1404): 
 ملت ایران تحمل تحریم و جنگ جدید را ندارد؛ مذاکره و توافق کنید
دولت و حاکمیت برای حل مشکلات مردم چاره‌ای جدی بیندیشند 
جیب‌های مردم خالی است و آب و برق هر روز قطع می‌شود 
چرا فریاد شهروندان و","Sheikh-ul-Islam Maulana Abdul Hamid during the Zahedan Friday prayer ceremony (August 24, 1404): 
 The Iranian nation cannot tolerate sanctions and a new war; Negotiate and agree
The government and the government should think of a serious solution to solve the problems of the people 
People's pockets are empty and water and electricity are cut off every day 
Why the cry of citizens and"
1956385819171647853,abdolhamidnet,2025-08-15 16:01:41.838000+00:00, #فایل_تصویری #خطبه_جمعه (24 مرداد 1404) را در یوتیوب مشاهده نمایید.,0,0,0,https://x.com/AbdolhamidNet/status/1956385819171647853, #فایل_تصویری #خطبه_جمعه (24 مرداد 1404) را در یوتیوب مشاهده نمایید.,"Watch the video file of the Friday sermon (August 24, 1404) on YouTube."
1953891794493878516,abdolhamidnet,2025-08-08 18:51:20.018000+00:00,"مولانا عبدالحمید در مراسم نماز جمعه زاهدان (17 مرداد 1404):
تا زمانی‌ که در قانون اساسی تغییر ایجاد نشود، مشکلات کشور حل نمی‌شوند
کشور با بحران‌های «فقر» و «قطعی‌های طولانی برق و آب» مواجه است/ گرانی در کشور بیداد می‌کند و پول ملی ارزش خود را از دست داده است
مردم تمام",0,0,0,https://x.com/AbdolhamidNet/status/1953891794493878516,"مولانا عبدالحمید در مراسم نماز جمعه زاهدان (17 مرداد 1404):
تا زمانی‌ که در قانون اساسی تغییر ایجاد نشود، مشکلات کشور حل نمی‌شوند
کشور با بحران‌های «فقر» و «قطعی‌های طولانی برق و آب» مواجه است/ گرانی در کشور بیداد می‌کند و پول ملی ارزش خود را از دست داده است
مردم تمام","Maulana Abdul Hamid during the Zahedan Friday prayer (August 17, 1404):
The country's problems will not be solved until the constitution is changed
The country is facing the crises of ""poverty"" and ""long power and water interruptions""/ inflation is rampant in the country and the national currency has lost its value.
all the people"
1953862829263512063,abdolhamidnet,2025-08-08 16:56:14.169000+00:00, #فایل_تصویری #خطبه_جمعه (17 مرداد 1404) را در یوتیوب مشاهده نمایید.,0,0,0,https://x.com/AbdolhamidNet/status/1953862829263512063, #فایل_تصویری #خطبه_جمعه (17 مرداد 1404) را در یوتیوب مشاهده نمایید.,"Watch the video file of the Friday sermon (August 17, 1404) on YouTube."
1951308519463952438,abdolhamidnet,2025-08-01 15:46:19.256000+00:00,"مولانا عبدالحمید در مراسم نماز جمعه زاهدان (10 مرداد 1404):
مشکلات کشور به «ضعف مدیریت» و «فیلترهای گزینش» برمی‌گردند
 سیاست‌های گذشته به بن‌بست مطلق رسیده‌اند
مردم با مشکل قطع برق و آب و سایر مشکلات مواجه‌اند؛ مدیران کشور چاره‌ای بیندیشند
1/5",0,0,0,https://x.com/AbdolhamidNet/status/1951308519463952438,"مولانا عبدالحمید در مراسم نماز جمعه زاهدان (10 مرداد 1404):
مشکلات کشور به «ضعف مدیریت» و «فیلترهای گزینش» برمی‌گردند
 سیاست‌های گذشته به بن‌بست مطلق رسیده‌اند
مردم با مشکل قطع برق و آب و سایر مشکلات مواجه‌اند؛ مدیران کشور چاره‌ای بیندیشند
1/5","Maulana Abdul Hamid during the Zahedan Friday prayer ceremony (August 10, 1404):
The country's problems go back to ""weak management"" and ""selection filters"".
 Past policies have reached an absolute dead end
People are facing the problem of electricity and water cuts and other problems; The managers of the country should think of a solution
1/5"
1951308525612720383,abdolhamidnet,2025-08-01 15:46:20.722000+00:00,"تندروهای اسرائیل برای محو فلسطین برنامه‌ریزی می‌کنند؛ این تفکر به ضرر یهودیان است
فلسطینی‌ها هم نباید از محو اسرائیل سخن بگویند؛ افراط و تندروی به ضرر همه است
طرح «تشکیل کشور مستقل فلسطین» بهترین طرح است؛ دولت‌های اسلامی و غیراسلامی از این طرح حمایت کنند
4/5",0,0,0,https://x.com/AbdolhamidNet/status/1951308525612720383,"تندروهای اسرائیل برای محو فلسطین برنامه‌ریزی می‌کنند؛ این تفکر به ضرر یهودیان است
فلسطینی‌ها هم نباید از محو اسرائیل سخن بگویند؛ افراط و تندروی به ضرر همه است
طرح «تشکیل کشور مستقل فلسطین» بهترین طرح است؛ دولت‌های اسلامی و غیراسلامی از این طرح حمایت کنند
4/5","The extremists of Israel are planning to wipe out Palestine; This thinking is harmful to the Jews
Palestinians should not talk about the destruction of Israel either; Extremism is bad for everyone
The plan of ""establishing an independent state of Palestine"" is the best plan; Islamic and non-Islamic governments should support this plan
4/5"
1951308527659606413,abdolhamidnet,2025-08-01 15:46:21.210000+00:00,"«حفظ امنیت استان» بسیار مهم است/ همه باید از هر گونه «حرف و اقدام تحریک‌آمیز» اجتناب کنند
  مشروح خطبه‌های جمعه
abdolhamid.net/persian/2025/0
…

5/5",0,0,0,https://x.com/AbdolhamidNet/status/1951308527659606413,"«حفظ امنیت استان» بسیار مهم است/ همه باید از هر گونه «حرف و اقدام تحریک‌آمیز» اجتناب کنند
  مشروح خطبه‌های جمعه
abdolhamid.net/persian/2025/0
…

5/5","""Maintaining the security of the province"" is very important/ everyone should avoid any ""provocative words and actions"".
  Commentary on Friday sermons
abdolhamid.net/persian/2025/0
…

5/5"
1951298939275063774,abdolhamidnet,2025-08-01 15:08:15.161000+00:00, #فایل_تصویری #خطبه_جمعه (10 مرداد 1404) را در یوتیوب مشاهده نمایید.,0,0,0,https://x.com/AbdolhamidNet/status/1951298939275063774, #فایل_تصویری #خطبه_جمعه (10 مرداد 1404) را در یوتیوب مشاهده نمایید.,"Watch the video file of the Friday sermon (August 10, 1404) on YouTube."
1948733944557441344,abdolhamidnet,2025-07-25 13:15:52.765000+00:00," #فایل_تصویری سخنان مولانا عبدالحمید در مراسم نماز جمعه #اهل_سنت #زاهدان را در یوتیوب مشاهده نمایید. 
 تاریخ: 3 مرداد 1404",0,0,0,https://x.com/AbdolhamidNet/status/1948733944557441344," #فایل_تصویری سخنان مولانا عبدالحمید در مراسم نماز جمعه #اهل_سنت #زاهدان را در یوتیوب مشاهده نمایید. 
 تاریخ: 3 مرداد 1404","#File_image_view the words of Maulana Abdul Hamid during the Friday prayer ceremony of #Ahl_Sunnah #Zahedan on YouTube. 
 Date: August 3, 1404"
1946325572470100245,abdolhamidnet,2025-07-18 21:45:52.114000+00:00," #فایل_تصویری سخنان مولانا عبدالحمید در مراسم نماز جمعه #اهل_سنت #زاهدان را در یوتیوب مشاهده نمایید. 
 تاریخ:  27 تیرماه 1404",0,0,0,https://x.com/AbdolhamidNet/status/1946325572470100245," #فایل_تصویری سخنان مولانا عبدالحمید در مراسم نماز جمعه #اهل_سنت #زاهدان را در یوتیوب مشاهده نمایید. 
 تاریخ:  27 تیرماه 1404","#File_image_view the words of Maulana Abdul Hamid during the Friday prayer ceremony of #Ahl_Sunnah #Zahedan on YouTube. 
 Date: July 27, 1404"
1946324190971183333,abdolhamidnet,2025-07-18 21:40:22.739000+00:00,"مولانا عبدالحمید در مراسم نماز جمعه زاهدان (27 تیرماه 1404):
 «فکر مذهبی و جناحی» در مسئولان سبب «اختلافات درونی» و «نارضایتی مردم» شد/ افکار مذهبی و جناحی، کشور را محدود و کوچک می‌کنند
فلسطینی‌ها و مردم غزه در وضعیت بسیار تاسف‌باری قتل‌عام می‌شوند
1/7",0,0,0,https://x.com/AbdolhamidNet/status/1946324190971183333,"مولانا عبدالحمید در مراسم نماز جمعه زاهدان (27 تیرماه 1404):
 «فکر مذهبی و جناحی» در مسئولان سبب «اختلافات درونی» و «نارضایتی مردم» شد/ افکار مذهبی و جناحی، کشور را محدود و کوچک می‌کنند
فلسطینی‌ها و مردم غزه در وضعیت بسیار تاسف‌باری قتل‌عام می‌شوند
1/7","Maulana Abdul Hamid during the Friday prayer ceremony of Zahedan (July 27, 1404):
 ""Religious and factional thinking"" in officials caused ""internal differences"" and ""people's dissatisfaction""/ Religious and factional thoughts limit and shrink the country
The Palestinians and the people of Gaza are massacred in a very deplorable situation
1/7"
1946324205558976751,abdolhamidnet,2025-07-18 21:40:26.217000+00:00,"نمی‌خواهم کسی را تحریک کنم؛ می‌خواهم مشکلات شنیده شوند/ متاسفانه در طول این مدت گوش شنوایی وجود نداشته است
فکرها باید «ملی» بشوند
زندانیان سیاسی را آزاد کنید و حرف‌هایشان را بشنوید
6/7",0,0,0,https://x.com/AbdolhamidNet/status/1946324205558976751,"نمی‌خواهم کسی را تحریک کنم؛ می‌خواهم مشکلات شنیده شوند/ متاسفانه در طول این مدت گوش شنوایی وجود نداشته است
فکرها باید «ملی» بشوند
زندانیان سیاسی را آزاد کنید و حرف‌هایشان را بشنوید
6/7","I don't want to provoke anyone; I want the problems to be heard/ Unfortunately, there has been no hearing during this time
Thoughts should become ""national"".
Free the political prisoners and listen to them
6/7"
1946324209765904484,abdolhamidnet,2025-07-18 21:40:27.220000+00:00,"به مهاجران افغانستانی مهلت داده شود/ سازمان ملل و نهادهای خیریه جهانی به مهاجران رسیدگی کنند
مدیریت استان به مشکل فاقدین شناسنامه رسیدگی کند
7/7
abdolhamid.net/persian/2025/0
…",0,0,0,https://x.com/AbdolhamidNet/status/1946324209765904484,"به مهاجران افغانستانی مهلت داده شود/ سازمان ملل و نهادهای خیریه جهانی به مهاجران رسیدگی کنند
مدیریت استان به مشکل فاقدین شناسنامه رسیدگی کند
7/7
abdolhamid.net/persian/2025/0
…","Afghan immigrants should be given a deadline / the United Nations and international charity organizations should take care of the immigrants
The administration of the province should deal with the problem of those who do not have birth certificates
7/7
abdolhamid.net/persian/2025/0
…"
1943730954364743783,abdolhamidnet,2025-07-11 17:55:46.952000+00:00, #فایل_تصویری #خطبه_جمعه (20 تیر 1404) را در یوتیوب مشاهده نمایید.,0,0,0,https://x.com/AbdolhamidNet/status/1943730954364743783, #فایل_تصویری #خطبه_جمعه (20 تیر 1404) را در یوتیوب مشاهده نمایید.,"Watch the video file of the Friday sermon (July 20, 1404) on YouTube."
1941139168962200064,abdolhamidnet,2025-07-04 14:16:57.159000+00:00," #فایل_تصویری #خطبه_جمعه (13 تیر 1404) را در یوتیوب مشاهده نمایید.
youtube.com/watch?v=1el1y_
…",0,0,0,https://x.com/AbdolhamidNet/status/1941139168962200064," #فایل_تصویری #خطبه_جمعه (13 تیر 1404) را در یوتیوب مشاهده نمایید.
youtube.com/watch?v=1el1y_
…","Watch the video file of the Friday sermon (July 13, 1404) on YouTube.
youtube.com/watch?v=1el1y_
…"
1940365272181023142,abdolhamidnet,2025-07-02 11:01:45.788000+00:00,در پی حادثه ناگوار گونیچ خاش که منجر به زخمی شدن شماری از شهروندان و نارضایتی عمومی شد و نشان از بی‌تدبیری برخی مأموران در شرایط حساس کنونی دارد، ضمن دعوت به حفظ آرامش،از شورای تأمین استان انتظار می‌رود موضوع را با دقت و بی‌طرفی کامل بررسی کرده و با متخلفان برخورد قاطع صورت گیرد.,0,0,0,https://x.com/AbdolhamidNet/status/1940365272181023142,در پی حادثه ناگوار گونیچ خاش که منجر به زخمی شدن شماری از شهروندان و نارضایتی عمومی شد و نشان از بی‌تدبیری برخی مأموران در شرایط حساس کنونی دارد، ضمن دعوت به حفظ آرامش،از شورای تأمین استان انتظار می‌رود موضوع را با دقت و بی‌طرفی کامل بررسی کرده و با متخلفان برخورد قاطع صورت گیرد.,"Following the unfortunate incident in Gunich Khash, which resulted in the injury of a number of citizens and public dissatisfaction, and shows the imprudence of some officers in the current sensitive situation, while calling for calm, the Provincial Security Council is expected to investigate the matter carefully and impartially and deal decisively with the violators."
1940123398245392814,abdolhamidnet,2025-07-01 19:00:38.548000+00:00,ایران و افغانستان دو همسایه با پیوندهای تاریخی و منافع مشترک‌اند. استقبال گرم ایرانیان از برادران و خواهران نجیب افغان گواهی بر عمق این روابط است. انتظار می‌رود تنها با متخلفان طبق عدالت برخورد شود و در صورت لزوم بازگرداندن سایرین با رعایت مهلت مناسب و حفظ شأن و کرامت انجام گیرد.,0,0,0,https://x.com/AbdolhamidNet/status/1940123398245392814,ایران و افغانستان دو همسایه با پیوندهای تاریخی و منافع مشترک‌اند. استقبال گرم ایرانیان از برادران و خواهران نجیب افغان گواهی بر عمق این روابط است. انتظار می‌رود تنها با متخلفان طبق عدالت برخورد شود و در صورت لزوم بازگرداندن سایرین با رعایت مهلت مناسب و حفظ شأن و کرامت انجام گیرد.,"Iran and Afghanistan are two neighbors with historical ties and common interests. The warm welcome of Iranians to the noble Afghan brothers and sisters is proof of the depth of these relations. It is expected that only the violators will be dealt with according to justice, and if necessary, the return of others will be done by observing the appropriate deadline and preserving dignity."
1938743841227710894,abdolhamidnet,2025-06-27 23:38:46.524000+00:00, #فایل_تصویری #خطبه_جمعه (6 تیر 1404) را در یوتیوب مشاهده نمایید.,0,0,0,https://x.com/AbdolhamidNet/status/1938743841227710894, #فایل_تصویری #خطبه_جمعه (6 تیر 1404) را در یوتیوب مشاهده نمایید.,"Watch the video file of the Friday sermon (July 6, 1404) on YouTube."
1938551920282542255,abdolhamidnet,2025-06-27 10:56:09.005000+00:00,"بازگشت مولانا عبدالحمید از سفر حج تمتع
abdolhamid.net/persian/2025/0
…",0,0,0,https://x.com/AbdolhamidNet/status/1938551920282542255,"بازگشت مولانا عبدالحمید از سفر حج تمتع
abdolhamid.net/persian/2025/0
…","Maulana Abdul Hamid's return from Hajj Tamattu trip
abdolhamid.net/persian/2025/0
…"
1936214971610021896,abdolhamidnet,2025-06-21 00:09:57.023000+00:00,"مولانا عبدالحمید:
مردم ایران در این روزهای سخت، به یکدیگر ترحم و رسیدگی کنند
abdolhamid.net/persian/2025/0
…",0,0,0,https://x.com/AbdolhamidNet/status/1936214971610021896,"مولانا عبدالحمید:
مردم ایران در این روزهای سخت، به یکدیگر ترحم و رسیدگی کنند
abdolhamid.net/persian/2025/0
…","Maulana Abdul Hamid:
Iranian people should take care of each other in these difficult days
abdolhamid.net/persian/2025/0
…"
1935043243173102038,abdolhamidnet,2025-06-17 18:33:55.194000+00:00,سلامی گرم از کنار روضه رحمةللعالمین به مردم شریف ایران. وطن در آتش تجاوز بیگانگان و بی‌تدبیری خودی‌ها می‌سوزد. قلب ما با هموطنان عزیزی است که ناچار به ترک خانه شده‌اند. ضمن مطالبه آزادی فوری زندانیان سیاسی، از دلسوزان کشور انتظار می‌رود سکوت را بشکنند و راه‌حل عملی ارائه دهند.,0,0,0,https://x.com/AbdolhamidNet/status/1935043243173102038,سلامی گرم از کنار روضه رحمةللعالمین به مردم شریف ایران. وطن در آتش تجاوز بیگانگان و بی‌تدبیری خودی‌ها می‌سوزد. قلب ما با هموطنان عزیزی است که ناچار به ترک خانه شده‌اند. ضمن مطالبه آزادی فوری زندانیان سیاسی، از دلسوزان کشور انتظار می‌رود سکوت را بشکنند و راه‌حل عملی ارائه دهند.,"A warm greeting to the honorable people of Iran from the side of Rahmatul Alamin. The homeland is burning in the fire of aggression of foreigners and recklessness of insiders. Our hearts are with our dear compatriots who had to leave their homes. While demanding the immediate release of political prisoners, sympathizers of the country are expected to break the silence and provide a practical solution."
1933612579223711784,abdolhamidnet,2025-06-13 19:48:58.328000+00:00,حملات خصمانه اسرائیل علیه ایران، نقض آشکار حقوق بین‌الملل و تهدیدی برای صلح منطقه‌ای است. ضمن محکومیت این اقدام، از شورای امنیت انتظار می‌رود برای مهار تنش‌ها وارد عمل شود. مردم ایران صلح‌طلب‌اند و از توافق هسته‌ای حمایت می‌کنند.,0,0,0,https://x.com/AbdolhamidNet/status/1933612579223711784,حملات خصمانه اسرائیل علیه ایران، نقض آشکار حقوق بین‌الملل و تهدیدی برای صلح منطقه‌ای است. ضمن محکومیت این اقدام، از شورای امنیت انتظار می‌رود برای مهار تنش‌ها وارد عمل شود. مردم ایران صلح‌طلب‌اند و از توافق هسته‌ای حمایت می‌کنند.,"Israel's hostile attacks against Iran are a clear violation of international law and a threat to regional peace. While condemning this action, the Security Council is expected to act to curb tensions. Iranian people are pacifists and support the nuclear deal."
1923378292523950517,abdolhamidnet,2025-05-16 14:01:34.235000+00:00, #فایل_تصویری #خطبه_جمعه (26 اردیبهشت 1404) را در یوتیوب مشاهده نمایید.,0,0,0,https://x.com/AbdolhamidNet/status/1923378292523950517, #فایل_تصویری #خطبه_جمعه (26 اردیبهشت 1404) را در یوتیوب مشاهده نمایید.,"Watch the video file of the Friday sermon (May 26, 1404) on YouTube."
1923360604519080226,abdolhamidnet,2025-05-16 12:51:17.086000+00:00,"مولانا عبدالحمید در مراسم نماز جمعه زاهدان (26 اردیبهشت):
شرایط خاورمیانه شرایط صلح است؛ مسئولان کشور این فرصت را غنیمت بدانند
شرایط کنونی خاورمیانه را به فال نیک می‌گیریم
«جنگ» هیچ کشور و ملتی را خوشنام و سربلند نمی‌کند
ادامۀ جنگ و کشتار سبب بدنامی اسرائیل شده است
1/2",0,0,0,https://x.com/AbdolhamidNet/status/1923360604519080226,"مولانا عبدالحمید در مراسم نماز جمعه زاهدان (26 اردیبهشت):
شرایط خاورمیانه شرایط صلح است؛ مسئولان کشور این فرصت را غنیمت بدانند
شرایط کنونی خاورمیانه را به فال نیک می‌گیریم
«جنگ» هیچ کشور و ملتی را خوشنام و سربلند نمی‌کند
ادامۀ جنگ و کشتار سبب بدنامی اسرائیل شده است
1/2","Maulana Abdul Hamid during Friday prayers in Zahedan (May 26):
The conditions of the Middle East are the conditions of peace; Officials of the country should seize this opportunity
We consider the current situation in the Middle East as a good omen
""War"" does not make any country or nation famous and proud
The continuation of war and killing has caused Israel to become infamous
1/2"
1923360606427467933,abdolhamidnet,2025-05-16 12:51:17.541000+00:00,"اکنون که طرف مقابل خواستار «توافق» است، مسئولان کشور مسائل را از طریق «گفت‌وگو» حل کنند
اقتضای شرایط کشور آن است که «مذاکره و توافق» صورت گیرد
 «منافع ملی» و «حفظ عزت، امنیت و آزادی مردم» از وظایف هر نظام و حکومتی‌ست
2/2
abdolhamid.net/persian/2025/0
…",0,0,0,https://x.com/AbdolhamidNet/status/1923360606427467933,"اکنون که طرف مقابل خواستار «توافق» است، مسئولان کشور مسائل را از طریق «گفت‌وگو» حل کنند
اقتضای شرایط کشور آن است که «مذاکره و توافق» صورت گیرد
 «منافع ملی» و «حفظ عزت، امنیت و آزادی مردم» از وظایف هر نظام و حکومتی‌ست
2/2
abdolhamid.net/persian/2025/0
…","Now that the other side is demanding an ""agreement"", the country's officials should solve the issues through ""dialogue"".
The conditions of the country require that ""negotiation and agreement"" take place
 ""National interests"" and ""maintaining the dignity, security and freedom of the people"" are duties of every system and government
2/2
abdolhamid.net/persian/2025/0
…"
1922590436356407637,abdolhamidnet,2025-05-14 09:50:54.687000+00:00,مردم نجیب کلاهی و میناب سزاوار کرامت‌اند، نه خشونت. فقر و بیکاری آنان را به سوخت‌بری کشانده است. تخریب دارایی‌ها و برخوردهای تند، نه‌تنها راه‌حل نیست، بلکه زخم‌ها را عمیق‌تر می‌کند. این مردم دردمند، به مهربانی نیاز دارند، نه قهر و برخوردهای تند.,0,0,0,https://x.com/AbdolhamidNet/status/1922590436356407637,مردم نجیب کلاهی و میناب سزاوار کرامت‌اند، نه خشونت. فقر و بیکاری آنان را به سوخت‌بری کشانده است. تخریب دارایی‌ها و برخوردهای تند، نه‌تنها راه‌حل نیست، بلکه زخم‌ها را عمیق‌تر می‌کند. این مردم دردمند، به مهربانی نیاز دارند، نه قهر و برخوردهای تند.,"Najib Kolahi and Minab people deserve dignity, not violence. Poverty and unemployment have led them to fuel. Destruction of assets and violent confrontations are not the only solution, but they deepen the wounds. These painful people need kindness, not anger and sharp encounters."
1921262717580537952,abdolhamidnet,2025-05-10 17:55:01.863000+00:00, #فایل_تصویری #خطبه_جمعه (19 اردیبهشت 1404) را در یوتیوب مشاهده نمایید.,0,0,0,https://x.com/AbdolhamidNet/status/1921262717580537952, #فایل_تصویری #خطبه_جمعه (19 اردیبهشت 1404) را در یوتیوب مشاهده نمایید.,"Watch the video file of the Friday sermon (May 19, 1404) on YouTube."
1921175609947930734,abdolhamidnet,2025-05-10 12:08:53.785000+00:00,"مولانا عبدالحمید در مراسم نماز جمعه زاهدان (19 اردیبهشت 1404):
هند و پاکستان مسائل خود را از طریق گفت‌وگو و دیپلماسی حل کنند
جنگ بین هند و پاکستان «بسیار ویرانگر» خواهد بود؛ مسئولان دو کشور جلوی «جنگ بزرگ» را بگیرند
1/3",0,0,0,https://x.com/AbdolhamidNet/status/1921175609947930734,"مولانا عبدالحمید در مراسم نماز جمعه زاهدان (19 اردیبهشت 1404):
هند و پاکستان مسائل خود را از طریق گفت‌وگو و دیپلماسی حل کنند
جنگ بین هند و پاکستان «بسیار ویرانگر» خواهد بود؛ مسئولان دو کشور جلوی «جنگ بزرگ» را بگیرند
1/3","Maulana Abdul Hamid during the Friday prayer ceremony of Zahedan (May 19, 1404):
India and Pakistan should resolve their issues through dialogue and diplomacy
A war between India and Pakistan would be ""very devastating""; The authorities of the two countries should prevent the ""big war"".
1/3"
1921175612200300700,abdolhamidnet,2025-05-10 12:08:54.322000+00:00,"کشورهای دنیا از نفوذشان برای جلوگیری از تشدید تنش بین هند و پاکستان استفاده کنند
منافع و امنیت دنیا به اوضاع خاورمیانه گره خورده است/ تمام طرف‌ها را به مذاکره و گفت‌وگو دعوت می‌دهیم
«حل‌وفصل عادلانۀ مسأله فلسطین» در «حل دایمی تنش‌ها در دنیا» موثر است
2/3",0,0,0,https://x.com/AbdolhamidNet/status/1921175612200300700,"کشورهای دنیا از نفوذشان برای جلوگیری از تشدید تنش بین هند و پاکستان استفاده کنند
منافع و امنیت دنیا به اوضاع خاورمیانه گره خورده است/ تمام طرف‌ها را به مذاکره و گفت‌وگو دعوت می‌دهیم
«حل‌وفصل عادلانۀ مسأله فلسطین» در «حل دایمی تنش‌ها در دنیا» موثر است
2/3","The countries of the world should use their influence to prevent the escalation of tension between India and Pakistan
The interests and security of the world are tied to the situation in the Middle East/ We invite all parties to negotiate and dialogue
""A just solution to the Palestinian issue"" is effective in ""permanent resolution of tensions in the world"".
2/3"
1921175614448394545,abdolhamidnet,2025-05-10 12:08:54.858000+00:00,"اسرائیل مسیر هیتلر را ادامه ندهد؛ این مسیر سبب بدنامی ملت یهود در تاریخ می‌شود
کشتن افراد بی‌گناه «انحراف بزرگ مذهبی و فکری» است
ملت ایران خواهان «تنش‌زدایی» و «مذاکره و توافق و صلح» است
ماموستا لقمان امینی را آزاد کنید
3/3",0,0,0,https://x.com/AbdolhamidNet/status/1921175614448394545,"اسرائیل مسیر هیتلر را ادامه ندهد؛ این مسیر سبب بدنامی ملت یهود در تاریخ می‌شود
کشتن افراد بی‌گناه «انحراف بزرگ مذهبی و فکری» است
ملت ایران خواهان «تنش‌زدایی» و «مذاکره و توافق و صلح» است
ماموستا لقمان امینی را آزاد کنید
3/3","Israel should not follow Hitler's path; This path causes the Jewish nation to be infamous in history
Killing innocent people is a ""great religious and intellectual deviation"".
The people of Iran want ""de-escalation"" and ""negotiation, agreement and peace"".
Free the teacher Luqman Amini
3/3"
1915859250502324396,abdolhamidnet,2025-04-25 20:03:34.920000+00:00,"مولانا عبدالحمید در مراسم نماز جمعه زاهدان (5 اردیبهشت 1404):
اهانت به صحابه به شدت محکوم است؛ اهانت‌کنندگان به «اشد مجازات» برسند
ابوبکر صدیق «یار غار» و «مشاور خاص» رسول خدا بود
اهانت به صحابه و اهل‌بیت «اذیت و آزار خدا و رسول‌الله»  و «عملی نفرت‌انگیز» است
1/3",0,0,0,https://x.com/AbdolhamidNet/status/1915859250502324396,"مولانا عبدالحمید در مراسم نماز جمعه زاهدان (5 اردیبهشت 1404):
اهانت به صحابه به شدت محکوم است؛ اهانت‌کنندگان به «اشد مجازات» برسند
ابوبکر صدیق «یار غار» و «مشاور خاص» رسول خدا بود
اهانت به صحابه و اهل‌بیت «اذیت و آزار خدا و رسول‌الله»  و «عملی نفرت‌انگیز» است
1/3","Maulana Abdul Hamid during the Zahedan Friday prayer ceremony (May 5, 1404):
Insulting the Companions is strongly condemned; Offenders will receive ""severe punishment"".
Abu Bakr Siddiq was ""friend of the cave"" and ""special advisor"" of the Messenger of God
Insulting the Sahaba and Ahl al-Bayt is ""tormenting God and the Messenger of God"" and ""an abominable act.""
1/3"
1915859254038204436,abdolhamidnet,2025-04-25 20:03:35.763000+00:00,"صداوسیما و سایر ادارات و سازمان‌ها از افراد تندرو تصفیه شوند
موضع‌گیری برخی از مسئولان و اقدام صداوسیما سبب تسکین مردم شد/ مردم عزیز احساسات خود را کنترل کنند
اقتدار هر حکومتی در «برخورداری از پایۀ مردمی» است
2/3",0,0,0,https://x.com/AbdolhamidNet/status/1915859254038204436,"صداوسیما و سایر ادارات و سازمان‌ها از افراد تندرو تصفیه شوند
موضع‌گیری برخی از مسئولان و اقدام صداوسیما سبب تسکین مردم شد/ مردم عزیز احساسات خود را کنترل کنند
اقتدار هر حکومتی در «برخورداری از پایۀ مردمی» است
2/3","Broadcasting and other departments and organizations should be purged of extremists
The stance of some officials and the action of the radio and television made the people feel relieved/ dear people should control their emotions
The authority of any government is in ""taking advantage of the popular base"".
2/3"
1915859257360076996,abdolhamidnet,2025-04-25 20:03:36.555000+00:00,"در کنار مذاکره با کشورهای دنیا، در داخل نیز با ملت خودتان بنشینید و به خواسته‌هایشان رسیدگی کنید
علما را بازداشت نکنید
3/3
abdolhamid.net/persian/2025/0
…",0,0,0,https://x.com/AbdolhamidNet/status/1915859257360076996,"در کنار مذاکره با کشورهای دنیا، در داخل نیز با ملت خودتان بنشینید و به خواسته‌هایشان رسیدگی کنید
علما را بازداشت نکنید
3/3
abdolhamid.net/persian/2025/0
…","In addition to negotiating with the countries of the world, sit with your own nation and take care of their demands
Do not arrest scholars
3/3
abdolhamid.net/persian/2025/0
…"
1915854009014890959,abdolhamidnet,2025-04-25 19:42:45.252000+00:00, #فایل_تصویری #خطبه_جمعه (5 اردیبهشت 1404) را در یوتیوب مشاهده نمایید.,0,0,0,https://x.com/AbdolhamidNet/status/1915854009014890959, #فایل_تصویری #خطبه_جمعه (5 اردیبهشت 1404) را در یوتیوب مشاهده نمایید.,"Watch the video file of the Friday sermon (May 5, 1404) on YouTube."
1913265570109395008,abdolhamidnet,2025-04-18 16:17:13.326000+00:00," مولانا عبدالحمید در مراسم نماز جمعه زاهدان (29 فروردین 1404):
اعدام‌ را متوقف کنید؛ این به نفع دنیا و آخرت شماست
 در حکومت‌های اسلامی گذشته «اعدام» به این اندازه زیاد نبوده است 
 اعدام‌ها مانع خریدوفروش مواد مخدر نشده‌اند
1/2",0,0,0,https://x.com/AbdolhamidNet/status/1913265570109395008," مولانا عبدالحمید در مراسم نماز جمعه زاهدان (29 فروردین 1404):
اعدام‌ را متوقف کنید؛ این به نفع دنیا و آخرت شماست
 در حکومت‌های اسلامی گذشته «اعدام» به این اندازه زیاد نبوده است 
 اعدام‌ها مانع خریدوفروش مواد مخدر نشده‌اند
1/2","Maulana Abdul Hamid during the Zahedan Friday prayer ceremony (April 29, 1404):
stop the execution; This is for the benefit of this world and the hereafter
 In the past Islamic regimes, ""execution"" was not so much 
 Executions have not stopped the buying and selling of drugs
1/2"
1913265574110777627,abdolhamidnet,2025-04-18 16:17:14.280000+00:00,"در «برداشت‌هایتان از قرآن مجید» و «قوانین جزایی کشور» تجدیدنظر کنید
انتصاب فرد بومی برای مدیریت آموزش‌وپرورش استان را به فال نیک می‌گیریم
2/2
abdolhamid.net/persian/2025/0
…",0,0,0,https://x.com/AbdolhamidNet/status/1913265574110777627,"در «برداشت‌هایتان از قرآن مجید» و «قوانین جزایی کشور» تجدیدنظر کنید
انتصاب فرد بومی برای مدیریت آموزش‌وپرورش استان را به فال نیک می‌گیریم
2/2
abdolhamid.net/persian/2025/0
…","Revise your views on the Holy Quran and the penal laws of the country
We take the appointment of a native person to manage the province's education as a good omen
2/2
abdolhamid.net/persian/2025/0
…"
1913263325603111288,abdolhamidnet,2025-04-18 16:08:18.194000+00:00, #فایل_تصویری #خطبه_جمعه (29 فروردین 1404) را در یوتیوب مشاهده نمایید.,0,0,0,https://x.com/AbdolhamidNet/status/1913263325603111288, #فایل_تصویری #خطبه_جمعه (29 فروردین 1404) را در یوتیوب مشاهده نمایید.,"Watch the video file of Friday sermon (April 29, 1404) on YouTube."
1904503376424907167,abdolhamidnet,2025-03-25 11:59:23.558000+00:00,برخورد خشونت‌آمیز با اعتراضات مردم بلوچ در شهر کویته پاکستان که به کشته و زخمی‌شدن چندین تن و بازداشت رهبران معترضان انجامیده، بسیار دردناک ونگران‌کننده است. دولت پاکستان صدای معترضان را بشنود و با آزادکردن بازداشت‌شدگان،از طریق گفت‌وگو به خواسته‌های قانونی وانسانی آنان پاسخ دهد.,0,0,0,https://x.com/AbdolhamidNet/status/1904503376424907167,برخورد خشونت‌آمیز با اعتراضات مردم بلوچ در شهر کویته پاکستان که به کشته و زخمی‌شدن چندین تن و بازداشت رهبران معترضان انجامیده، بسیار دردناک ونگران‌کننده است. دولت پاکستان صدای معترضان را بشنود و با آزادکردن بازداشت‌شدگان،از طریق گفت‌وگو به خواسته‌های قانونی وانسانی آنان پاسخ دهد.,"The violent treatment of the protests of the Baloch people in the city of Quetta, Pakistan, which led to the death and injury of several people and the arrest of the leaders of the protestors, is very painful and worrying. The government of Pakistan should listen to the voices of the protesters and respond to their legal and humanitarian demands through dialogue by releasing the detainees."
1890510319555924055,abdolhamidnet,2025-02-14 21:15:58.822000+00:00, #فایل_تصویری سخنرانی در مراسم نماز جمعه چابهار (26 بهمن 1403) را در یوتیوب مشاهده نمایید.,0,0,0,https://x.com/AbdolhamidNet/status/1890510319555924055, #فایل_تصویری سخنرانی در مراسم نماز جمعه چابهار (26 بهمن 1403) را در یوتیوب مشاهده نمایید.,#Watch the video file of the speech at the Chabahar Friday prayer ceremony (26 February 1403) on YouTube.
1890500640108876056,abdolhamidnet,2025-02-14 20:37:31.062000+00:00," مولانا عبدالحمید در مراسم نماز جمعه چابهار (26 بهمن 1403):
 مدیریت بومی استان و منطقۀ آزاد چابهار منافع مردم مناطق ساحلی را در اولویت قرار دهند
 هنوز برای بسیاری از املاک مردم چابهار سند صادر نشده است
1/3",0,0,0,https://x.com/AbdolhamidNet/status/1890500640108876056," مولانا عبدالحمید در مراسم نماز جمعه چابهار (26 بهمن 1403):
 مدیریت بومی استان و منطقۀ آزاد چابهار منافع مردم مناطق ساحلی را در اولویت قرار دهند
 هنوز برای بسیاری از املاک مردم چابهار سند صادر نشده است
1/3","Maulana Abdul Hamid during the Friday prayer ceremony of Chabahar (26 February 1403):
 The local administration of Chabahar province and Azad region should prioritize the interests of the people of the coastal areas
 Many properties of the people of Chabahar have not yet been issued documents
1/3"
1890500642910752868,abdolhamidnet,2025-02-14 20:37:31.730000+00:00," شرکت‌های داخلی و خارجیِ سرمایه‌گذار در استان ملزم شوند منافع مردم را مدنظر قرار دهند
 حل مشکل آب مردم مناطق ساحلی در اولویت قرار گیرد
 با وجود مدیریت بومی استان و منطقه آزاد چابهار، دیگر عذری برای عدم رسیدگی به مشکلات مردم وجود ندارد
2/3",0,0,0,https://x.com/AbdolhamidNet/status/1890500642910752868," شرکت‌های داخلی و خارجیِ سرمایه‌گذار در استان ملزم شوند منافع مردم را مدنظر قرار دهند
 حل مشکل آب مردم مناطق ساحلی در اولویت قرار گیرد
 با وجود مدیریت بومی استان و منطقه آزاد چابهار، دیگر عذری برای عدم رسیدگی به مشکلات مردم وجود ندارد
2/3","Domestic and foreign companies investing in the province are required to consider the interests of the people
 Solving the water problem of people in coastal areas should be prioritized
 Despite the local administration of Chabahar province and Azad region, there is no excuse for not addressing people's problems
2/3"
1890500645699846152,abdolhamidnet,2025-02-14 20:37:32.395000+00:00," از دولت و شخص رئیس‌جمهور انتظار داریم استان سیستان‌وبلوچستان و مناطق ساحلی را «مورد توجه ویژه» قرار دهد/ در طرح‌های کلان باید مردم استان دیده شوند
 مردم ایران از لحاظ اقتصادی روزهای بسیار سختی را سپری می‌کنند/ مسئولان مشکلات مردم را ببینند و به فکر «راهکار فوری» باشند
3/3",0,0,0,https://x.com/AbdolhamidNet/status/1890500645699846152," از دولت و شخص رئیس‌جمهور انتظار داریم استان سیستان‌وبلوچستان و مناطق ساحلی را «مورد توجه ویژه» قرار دهد/ در طرح‌های کلان باید مردم استان دیده شوند
 مردم ایران از لحاظ اقتصادی روزهای بسیار سختی را سپری می‌کنند/ مسئولان مشکلات مردم را ببینند و به فکر «راهکار فوری» باشند
3/3","We expect the government and the president to give ""special attention"" to the province of Sistan-Baluchistan and the coastal areas/ the people of the province should be seen in the big plans.
 The people of Iran are going through very difficult times economically/ the authorities should see the problems of the people and think of ""immediate solution"".
3/3"
1889404319256158321,abdolhamidnet,2025-02-11 20:01:07.802000+00:00,کشور با بحران‌های سخت و بی‌سابقه‌ای روبرو است. اگر مسئولان انگیزۀ لازم برای حل مشکلات و کنار آمدن با قدرت‌های جهانی را ندارند، هوشمندانه‌ است برای پیشگیری از فروپاشی اجتماعی با ملت ایران کنار بیایند و تسلیم خواست آنها شوند.,0,0,0,https://x.com/AbdolhamidNet/status/1889404319256158321,کشور با بحران‌های سخت و بی‌سابقه‌ای روبرو است. اگر مسئولان انگیزۀ لازم برای حل مشکلات و کنار آمدن با قدرت‌های جهانی را ندارند، هوشمندانه‌ است برای پیشگیری از فروپاشی اجتماعی با ملت ایران کنار بیایند و تسلیم خواست آنها شوند.,"The country is facing severe and unprecedented crises. If the authorities do not have the necessary motivation to solve the problems and cope with the world powers, it is smart to get along with the Iranian nation and submit to their will to prevent social collapse."
1887894068648128831,abdolhamidnet,2025-02-07 15:59:55.998000+00:00, #فایل_تصویری #خطبه_جمعه (19 بهمن 1403) را در یوتیوب مشاهده نمایید.,0,0,0,https://x.com/AbdolhamidNet/status/1887894068648128831, #فایل_تصویری #خطبه_جمعه (19 بهمن 1403) را در یوتیوب مشاهده نمایید.,Watch the #image_file #of the Friday sermon (19 February 1403) on YouTube.
1887867389716337016,abdolhamidnet,2025-02-07 14:13:55.245000+00:00," مولانا عبدالحمید در مراسم نماز جمعه زاهدان (19 بهمن 1403):
 ملت ایران به امید «عدالت»، «آزادی» و «توسعه و آبادانی» به انقلاب 57 پیوست
اگر ثروت‌ها در داخل هزینه می‌شدند امروز ایران از «قطب‌های اقتصادی جهان» بود / چرا پول ایران از بی‌ارزش‌ترین پول‌های دنیا باشد؟!
1/4",0,0,0,https://x.com/AbdolhamidNet/status/1887867389716337016," مولانا عبدالحمید در مراسم نماز جمعه زاهدان (19 بهمن 1403):
 ملت ایران به امید «عدالت»، «آزادی» و «توسعه و آبادانی» به انقلاب 57 پیوست
اگر ثروت‌ها در داخل هزینه می‌شدند امروز ایران از «قطب‌های اقتصادی جهان» بود / چرا پول ایران از بی‌ارزش‌ترین پول‌های دنیا باشد؟!
1/4","Maulana Abdul Hamid during the Friday prayer ceremony of Zahedan (19 February 1403):
 The Iranian nation joined the 1957 revolution with the hope of ""justice"", ""freedom"" and ""development and prosperity"".
If the riches were spent internally, today Iran would be one of the ""economic poles of the world"" / Why is Iran's currency one of the most worthless currencies in the world?!
1/4"
1887867394128773487,abdolhamidnet,2025-02-07 14:13:56.297000+00:00,"تحریم‌های گذشته بیشترین فشار را بر ملت وارد کرد
طرح جدید ترامپ برای غزه «ظلم آشکار» است/ اسرائیل از همان ابتدا با هدف اجرای این طرح، غزه را ویران کرد
غزه باید برای ساکنان غزه بازسازی شود نه برای شهرک‌های یهودی‌نشین / نتانیاهو و ترامپ از عذاب الهی بترسند
3/4",0,0,0,https://x.com/AbdolhamidNet/status/1887867394128773487,"تحریم‌های گذشته بیشترین فشار را بر ملت وارد کرد
طرح جدید ترامپ برای غزه «ظلم آشکار» است/ اسرائیل از همان ابتدا با هدف اجرای این طرح، غزه را ویران کرد
غزه باید برای ساکنان غزه بازسازی شود نه برای شهرک‌های یهودی‌نشین / نتانیاهو و ترامپ از عذاب الهی بترسند
3/4","The past sanctions put the most pressure on the nation
Trump's new plan for Gaza is ""manifest cruelty"" / Israel destroyed Gaza from the beginning with the aim of implementing this plan
Gaza must be rebuilt for the residents of Gaza, not for Jewish settlements / Netanyahu and Trump fear divine punishment
3/4"
1887867396255322580,abdolhamidnet,2025-02-07 14:13:56.804000+00:00,"امنیت خاورمیانه با «اجرای عدالت» و «صلح عادلانه بین اسرائیل و فلسطینی‌ها» امکان‌پذیر است
تخریب منازل مردم کار درستی نیست / «اراضی ملی» متعلق به ملت هستند؛ از این اراضی در اختیار مردم قرار دهید تا خانه بسازند/ مردم توانایی پرداخت کرایۀ منزل را ندارند
4/4",0,0,0,https://x.com/AbdolhamidNet/status/1887867396255322580,"امنیت خاورمیانه با «اجرای عدالت» و «صلح عادلانه بین اسرائیل و فلسطینی‌ها» امکان‌پذیر است
تخریب منازل مردم کار درستی نیست / «اراضی ملی» متعلق به ملت هستند؛ از این اراضی در اختیار مردم قرار دهید تا خانه بسازند/ مردم توانایی پرداخت کرایۀ منزل را ندارند
4/4","The security of the Middle East is possible with ""execution of justice"" and ""a just peace between Israel and the Palestinians"".
Demolition of people's homes is not right / ""national lands"" belong to the nation; Give these lands to the people to build houses/ People cannot afford to pay the rent
4/4"
1887224676465680403,abdolhamidnet,2025-02-05 19:40:00.465000+00:00," #فایل_تصویری سخنرانی در سی‌وچهارمین همایش دانش‌آموختگی طلاب دارالعلوم مکی زاهدان را در یوتیوب مشاهده نمایید. 
 تاریخ: 11 بهمن 1403 ",0,0,0,https://x.com/AbdolhamidNet/status/1887224676465680403," #فایل_تصویری سخنرانی در سی‌وچهارمین همایش دانش‌آموختگی طلاب دارالعلوم مکی زاهدان را در یوتیوب مشاهده نمایید. 
 تاریخ: 11 بهمن 1403 ","#Video file of the lecture at the 34th graduate conference of Makki Zahedan Darul Uloom students can be seen on YouTube. 
 Date: February 11, 1403"
1885332944576827595,abdolhamidnet,2025-01-31 14:22:56.436000+00:00, #فایل_تصویری #خطبه_جمعه (12 بهمن 1403) را در یوتیوب مشاهده نمایید.,0,0,0,https://x.com/AbdolhamidNet/status/1885332944576827595, #فایل_تصویری #خطبه_جمعه (12 بهمن 1403) را در یوتیوب مشاهده نمایید.,Watch the Friday sermon (12 February 1403) on YouTube.
1885327569177780348,abdolhamidnet,2025-01-31 14:01:34.841000+00:00," مولانا عبدالحمید در مراسم نمازجمعه زاهدان (12 بهمن 1403):
امنیت خاورمیانه به حل‌وفصل عادلانۀ مساله فلسطین گره خورده است
زیاده‌خواهی و تن‌ندادن به عدالت مانع حل اختلاف هفتادساله در سرزمین فلسطین شده است
دولت جدید آمریکا دنبال حل‌وفصل عادلانه و دایم مساله فلسطین باشد
1/2",0,0,0,https://x.com/AbdolhamidNet/status/1885327569177780348," مولانا عبدالحمید در مراسم نمازجمعه زاهدان (12 بهمن 1403):
امنیت خاورمیانه به حل‌وفصل عادلانۀ مساله فلسطین گره خورده است
زیاده‌خواهی و تن‌ندادن به عدالت مانع حل اختلاف هفتادساله در سرزمین فلسطین شده است
دولت جدید آمریکا دنبال حل‌وفصل عادلانه و دایم مساله فلسطین باشد
1/2","Maulana Abdul Hamid during the Zahedan Friday prayer ceremony (12 Bahman 1403):
The security of the Middle East is tied to the just settlement of the Palestinian issue
Extravagance and disobedience to justice have hindered the resolution of the 70-year conflict in the land of Palestine
The new American government should seek a just and permanent solution to the Palestinian issue
1/2"
1885327572818444679,abdolhamidnet,2025-01-31 14:01:35.709000+00:00,"با زورگویی و بدون اجرای عدالت و انصاف نمی‌توان به امنیت و صلح پایدار رسید
«عدالت» و «آزادی» می‌تواند یک کشور را امن و یک ملت را قانع کند
حل مشکلات اقتصادی کشور نیاز به «عزم جدی» و «تغییر در سیاست‌ها» دارد
2/2
abdolhamid.net/persian/2025/0
…",0,0,0,https://x.com/AbdolhamidNet/status/1885327572818444679,"با زورگویی و بدون اجرای عدالت و انصاف نمی‌توان به امنیت و صلح پایدار رسید
«عدالت» و «آزادی» می‌تواند یک کشور را امن و یک ملت را قانع کند
حل مشکلات اقتصادی کشور نیاز به «عزم جدی» و «تغییر در سیاست‌ها» دارد
2/2
abdolhamid.net/persian/2025/0
…","Security and lasting peace cannot be achieved by coercion and without the implementation of justice and fairness
""Justice"" and ""freedom"" can make a country safe and a nation satisfied
Solving the country's economic problems requires ""serious determination"" and ""change in policies"".
2/2
abdolhamid.net/persian/2025/0
…"
1885074306201219152,abdolhamidnet,2025-01-30 21:15:12.242000+00:00," مولانا عبدالحمید در سی‌وچهارمین همایش دانش‌آموختگی دارالعلوم زاهدان:
دارایی‌های ایران باید در داخل کشور وبرای مردم خرج شوند؛ این «خواستۀ اجماعی» ملت ایران است
ما بر «مسیر اعتدال» قرار داریم و خیرخواه تمام انسانیت هستیم
اسلام دین تعامل و مدارا و زندگی مسالمت‌آمیز است
1/4",0,0,0,https://x.com/AbdolhamidNet/status/1885074306201219152," مولانا عبدالحمید در سی‌وچهارمین همایش دانش‌آموختگی دارالعلوم زاهدان:
دارایی‌های ایران باید در داخل کشور وبرای مردم خرج شوند؛ این «خواستۀ اجماعی» ملت ایران است
ما بر «مسیر اعتدال» قرار داریم و خیرخواه تمام انسانیت هستیم
اسلام دین تعامل و مدارا و زندگی مسالمت‌آمیز است
1/4","Maulana Abdul Hamid at the 34th conference of Darul Uloom Zahedan:
Iran's assets should be spent inside the country and for the people; This is the ""consensus desire"" of the Iranian people
We are on the ""path of moderation"" and we are benefactors of all humanity
Islam is a religion of interaction, tolerance and peaceful life
1/4"
1885074312031301845,abdolhamidnet,2025-01-30 21:15:13.632000+00:00,"مردم غزه در مقابل ظلم‌ها مقاومت کردند/ اکنون وقت آن است که غزه ساخته شود و نیازمند «کمک‌های انسان‌دوستانه» است
دارالعلوم زاهدان توسط «انسانی فرهیخته» و «عالِمی ربانی» اساس‌گذاری شده است
از تمام کسانی که در برگزاری این مراسم همکاری کردند تشکر می‌کنیم
3/4",0,0,0,https://x.com/AbdolhamidNet/status/1885074312031301845,"مردم غزه در مقابل ظلم‌ها مقاومت کردند/ اکنون وقت آن است که غزه ساخته شود و نیازمند «کمک‌های انسان‌دوستانه» است
دارالعلوم زاهدان توسط «انسانی فرهیخته» و «عالِمی ربانی» اساس‌گذاری شده است
از تمام کسانی که در برگزاری این مراسم همکاری کردند تشکر می‌کنیم
3/4","The people of Gaza resisted the atrocities / Now is the time for Gaza to be built and it needs ""humanitarian aid""
Zahedan Darul Uloom was founded by ""Educated human being"" and ""Alami Rabbani"".
We thank all those who participated in this ceremony
3/4"
1885074314463998033,abdolhamidnet,2025-01-30 21:15:14.212000+00:00,"از ممانعت برخی از علمای شاخص در بعضی استان‌ها گلایه‌مندیم
4/4
abdolhamid.net/persian/2025/0
…",0,0,0,https://x.com/AbdolhamidNet/status/1885074314463998033,"از ممانعت برخی از علمای شاخص در بعضی استان‌ها گلایه‌مندیم
4/4
abdolhamid.net/persian/2025/0
…","We are complaining about the obstruction of some leading scholars in some provinces
4/4
abdolhamid.net/persian/2025/0
…"
1885066448772419902,abdolhamidnet,2025-01-30 20:43:58.885000+00:00,شیخ‌الاسلام مولانا عبدالحمید بعدازظهر امروز پنجشنبه (11 بهمن 1403) در سی‌وچهارمین همایش دانش‌آموختگی طلاب دارالعلوم مکی زاهدان در جمع باشکوه اقشار مختلف مردم سخنرانی کردند.,0,0,0,https://x.com/AbdolhamidNet/status/1885066448772419902,شیخ‌الاسلام مولانا عبدالحمید بعدازظهر امروز پنجشنبه (11 بهمن 1403) در سی‌وچهارمین همایش دانش‌آموختگی طلاب دارالعلوم مکی زاهدان در جمع باشکوه اقشار مختلف مردم سخنرانی کردند.,Shaykh-ul-Islam Maulana Abdul Hamid gave a speech in the 34th graduation conference of students of Darul Uloom Makki Zahedan this Thursday afternoon (11 Bahman 1403) in a magnificent gathering of people from different walks of life.
1882873546390856061,abdolhamidnet,2025-01-24 19:30:10.215000+00:00," مولانا عبدالحمید در مراسم نماز جمعه زاهدان (5 بهمن 1403):
«مذاکره سازنده» می‌تواند کشور را از چالش‌های موجود نجات دهد
شرایط جدید جهانی نیازمند قوانین و سیاست‌های جدید است
«تحریم‌های جدید» و «جنگ» کشور را تهدید می‌کنند
1/2",0,0,0,https://x.com/AbdolhamidNet/status/1882873546390856061," مولانا عبدالحمید در مراسم نماز جمعه زاهدان (5 بهمن 1403):
«مذاکره سازنده» می‌تواند کشور را از چالش‌های موجود نجات دهد
شرایط جدید جهانی نیازمند قوانین و سیاست‌های جدید است
«تحریم‌های جدید» و «جنگ» کشور را تهدید می‌کنند
1/2","Maulana Abdul Hamid during the Zahedan Friday prayer ceremony (5 February 1403):
""Constructive discussion"" can save the country from existing challenges
New global conditions require new laws and policies
""New sanctions"" and ""war"" threaten the country
1/2"
1882873549679173923,abdolhamidnet,2025-01-24 19:30:10.999000+00:00,"حل مشکلات کشور نیاز به «سازوکار جدید» دارد؛ «مذاکره» بهترین راه است
طرفین مذاکره باید «صداقت» و «سعه‌صدر» داشته باشند
مردم ایران «رنج بی‌سابقه‌ای» را در بخش معیشت تحمل می‌کنند/ تا زمانی که به مشکلات مردم رسیدگی نشود رضایت ملت حاصل نمی‌شود
2/2
abdolhamid.net/persian/2025/0
…",0,0,0,https://x.com/AbdolhamidNet/status/1882873549679173923,"حل مشکلات کشور نیاز به «سازوکار جدید» دارد؛ «مذاکره» بهترین راه است
طرفین مذاکره باید «صداقت» و «سعه‌صدر» داشته باشند
مردم ایران «رنج بی‌سابقه‌ای» را در بخش معیشت تحمل می‌کنند/ تا زمانی که به مشکلات مردم رسیدگی نشود رضایت ملت حاصل نمی‌شود
2/2
abdolhamid.net/persian/2025/0
…","Solving the country's problems requires a ""new mechanism""; ""Negotiation"" is the best way
The parties to the negotiation must have ""honesty"" and ""honesty"".
The people of Iran are enduring ""unprecedented suffering"" in the livelihood sector/ the satisfaction of the nation will not be achieved until the problems of the people are addressed.
2/2
abdolhamid.net/persian/2025/0
…"
1882858035087048722,abdolhamidnet,2025-01-24 18:28:32.032000+00:00, #فایل_تصویری #خطبه_جمعه (5 بهمن 1403) را در یوتیوب مشاهده نمایید.,0,0,0,https://x.com/AbdolhamidNet/status/1882858035087048722, #فایل_تصویری #خطبه_جمعه (5 بهمن 1403) را در یوتیوب مشاهده نمایید.,Watch the video file of the Friday sermon (5 February 1403) on YouTube.
1880568152939167954,abdolhamidnet,2025-01-18 10:49:21.584000+00:00, #فایل_تصویری #خطبه_جمعه (28 دی 1403) را در یوتیوب مشاهده نمایید.,0,0,0,https://x.com/AbdolhamidNet/status/1880568152939167954, #فایل_تصویری #خطبه_جمعه (28 دی 1403) را در یوتیوب مشاهده نمایید.,Watch #image_file #Friday_sermon (28 January 1403) on YouTube.
1880309071515120099,abdolhamidnet,2025-01-17 17:39:51.759000+00:00," مولانا عبدالحمید در مراسم نماز جمعه زاهدان (28 دی 1403):
خاورمیانه به سمت تحولات و شرایط جدید پیش می‌رود
توافق آتش‌بس غزه موجب خوشحالی تمام مردم دنیا شد
طرفین به آتش‌بس پایبند باشند
مسئولان کشور در شرایط جدید خاورمیانه، با سیاست‌های جدید وارد صحنه شوند
1/4",0,0,0,https://x.com/AbdolhamidNet/status/1880309071515120099," مولانا عبدالحمید در مراسم نماز جمعه زاهدان (28 دی 1403):
خاورمیانه به سمت تحولات و شرایط جدید پیش می‌رود
توافق آتش‌بس غزه موجب خوشحالی تمام مردم دنیا شد
طرفین به آتش‌بس پایبند باشند
مسئولان کشور در شرایط جدید خاورمیانه، با سیاست‌های جدید وارد صحنه شوند
1/4","Maulana Abdul Hamid during the Zahedan Friday prayer ceremony (January 28, 1403):
The Middle East is moving towards new developments and conditions
The ceasefire agreement in Gaza brought happiness to all the people of the world
The parties should adhere to the ceasefire
The officials of the country should enter the stage with new policies in the new conditions of the Middle East
1/4"
1880309078381195603,abdolhamidnet,2025-01-17 17:39:53.396000+00:00,"در پروندۀ جمعه خونین زاهدان، ما خواهان «حق» هستیم
مردم نگران نباشند؛ موضوع جمعه خونین در حال پیگیری و رسیدگی است
از دیدگاه ما پروندۀ جمعه خونین «قصاص» دارد؛ آمرین نیز باید محاکمه شوند
در رابطه با صدور حکم جدید، با رئیس کل دادگستری استان صحبت شده تا حق کسی ضایع نشود
3/4",0,0,0,https://x.com/AbdolhamidNet/status/1880309078381195603,"در پروندۀ جمعه خونین زاهدان، ما خواهان «حق» هستیم
مردم نگران نباشند؛ موضوع جمعه خونین در حال پیگیری و رسیدگی است
از دیدگاه ما پروندۀ جمعه خونین «قصاص» دارد؛ آمرین نیز باید محاکمه شوند
در رابطه با صدور حکم جدید، با رئیس کل دادگستری استان صحبت شده تا حق کسی ضایع نشود
3/4","In the case of Zahedan's Bloody Friday, we want ""the right"".
People should not worry; The issue of Bloody Friday is being followed up and processed
From our point of view, the Bloody Friday case has ""retribution""; Amin should also be tried
Regarding the issuance of the new sentence, we talked with the Chief Justice of the province so that no one's rights are lost
3/4"
1880309081669550465,abdolhamidnet,2025-01-17 17:39:54.180000+00:00,"ملت ایران از افزایش اعدام‌ها نگران و ناراحت است
اعدام‌های سیاسی به‌ویژه اعدام زنان «خطرناک» هستند
4/4
abdolhamid.net/persian/2025/0
…",0,0,0,https://x.com/AbdolhamidNet/status/1880309081669550465,"ملت ایران از افزایش اعدام‌ها نگران و ناراحت است
اعدام‌های سیاسی به‌ویژه اعدام زنان «خطرناک» هستند
4/4
abdolhamid.net/persian/2025/0
…","The people of Iran are worried and upset about the increase in executions
Political executions, especially the execution of women, are ""dangerous"".
4/4
abdolhamid.net/persian/2025/0
…"
1878100239707492383,abdolhamidnet,2025-01-11 15:22:45.218000+00:00, #فایل_تصویری #خطبه_جمعه (21 دی 1403) را در یوتیوب مشاهده نمایید.,0,0,0,https://x.com/AbdolhamidNet/status/1878100239707492383, #فایل_تصویری #خطبه_جمعه (21 دی 1403) را در یوتیوب مشاهده نمایید.,Watch #image_file #Friday_sermon (21 December 1403) on YouTube.
1877834711675896188,abdolhamidnet,2025-01-10 21:47:38.402000+00:00," مولانا عبدالحمید در مراسم نماز جمعه زاهدان (21 دی 1403):
حل مشکلات داخلی و خارجی نیازمند «مدیریت قوی» و «چرخش جدی در سیاست‌ها» است
مردم ایران همچنان منتظر «اجرای عدالت»، «رفع تبعیض» و «ایجاد تغییرات» هستند
1/4",0,0,0,https://x.com/AbdolhamidNet/status/1877834711675896188," مولانا عبدالحمید در مراسم نماز جمعه زاهدان (21 دی 1403):
حل مشکلات داخلی و خارجی نیازمند «مدیریت قوی» و «چرخش جدی در سیاست‌ها» است
مردم ایران همچنان منتظر «اجرای عدالت»، «رفع تبعیض» و «ایجاد تغییرات» هستند
1/4","Maulana Abdul Hamid during the Friday prayer ceremony of Zahedan (January 21, 1403):
Solving internal and external problems requires ""strong management"" and ""serious turn in policies"".
Iranian people are still waiting for ""execution of justice"", ""removal of discrimination"" and ""creation of changes"".
1/4"
1877834718013517882,abdolhamidnet,2025-01-10 21:47:39.913000+00:00,"فرصت بسیار اندک است؛ نباید از کنار تحولات اخیر سوریه به سادگی گذشت
مسئولان چاره‌ای بیندیشند و جلوی یک جنگ ویرانگر را بگیرند
با خانواده‌های جان‌باختگان هواپیمای اوکراینی ابراز همدردی می‌کنیم
3/4",0,0,0,https://x.com/AbdolhamidNet/status/1877834718013517882,"فرصت بسیار اندک است؛ نباید از کنار تحولات اخیر سوریه به سادگی گذشت
مسئولان چاره‌ای بیندیشند و جلوی یک جنگ ویرانگر را بگیرند
با خانواده‌های جان‌باختگان هواپیمای اوکراینی ابراز همدردی می‌کنیم
3/4","The opportunity is very little; The recent developments in Syria should not be ignored
The authorities should think of a solution and prevent a devastating war
We express our condolences to the families of the victims of the Ukrainian plane
3/4"
1877834722828599528,abdolhamidnet,2025-01-10 21:47:41.061000+00:00,"قضیۀ هتاکی اخیر «به‌صورت فوری» مورد رسیدگی قرار گرفت و موضوع حل‌وفصل شد
درگذشت مولانا جلیل‌الله رحمه‌الله نه‌تنها برای مردم افغانستان، بلکه برای جهان اسلام یک ضایعه بود
4/4
abdolhamid.net/persian/2025/0
…",0,0,0,https://x.com/AbdolhamidNet/status/1877834722828599528,"قضیۀ هتاکی اخیر «به‌صورت فوری» مورد رسیدگی قرار گرفت و موضوع حل‌وفصل شد
درگذشت مولانا جلیل‌الله رحمه‌الله نه‌تنها برای مردم افغانستان، بلکه برای جهان اسلام یک ضایعه بود
4/4
abdolhamid.net/persian/2025/0
…","The recent Hetaki case was dealt with ""immediately"" and the issue was resolved
The death of Maulana Jalilullah, may Allah have mercy on him, was a loss not only for the people of Afghanistan, but also for the Islamic world
4/4
abdolhamid.net/persian/2025/0
…"
1877103008128901442,abdolhamidnet,2025-01-08 21:20:06.682000+00:00,"بیانیۀ دفتر امام‌جمعه اهل‌سنت زاهدان پیرامون اهانت اخیر یک مداح و حواشی مربوط به آن
abdolhamid.net/persian/2025/0
…",0,0,0,https://x.com/AbdolhamidNet/status/1877103008128901442,"بیانیۀ دفتر امام‌جمعه اهل‌سنت زاهدان پیرامون اهانت اخیر یک مداح و حواشی مربوط به آن
abdolhamid.net/persian/2025/0
…","The statement of the office of Imam Juma'ah Ahl-e-Sunnat Zahedan regarding the recent insult of a madah and related notes
abdolhamid.net/persian/2025/0
…"
1877102629152497782,abdolhamidnet,2025-01-08 21:18:36.327000+00:00,"پیام تسلیت مولانا عبدالحمید در پی درگذشت مولانا جلیل‌الله مولوی‌زاده
abdolhamid.net/persian/2025/0
…",0,0,0,https://x.com/AbdolhamidNet/status/1877102629152497782,"پیام تسلیت مولانا عبدالحمید در پی درگذشت مولانا جلیل‌الله مولوی‌زاده
abdolhamid.net/persian/2025/0
…","Maulana Abdul Hamid's message of condolence after the death of Maulana Jalilullah Molavizadeh
abdolhamid.net/persian/2025/0
…"
1872728618461450584,abdolhamidnet,2024-12-27 19:37:50.913000+00:00, #فایل_تصویری #خطبه_جمعه (7 دی 1403) را در یوتیوب مشاهده نمایید.,0,0,0,https://x.com/AbdolhamidNet/status/1872728618461450584, #فایل_تصویری #خطبه_جمعه (7 دی 1403) را در یوتیوب مشاهده نمایید.,Watch the video file of the Friday sermon (7 December 1403) on YouTube.
1872716371911688480,abdolhamidnet,2024-12-27 18:49:11.108000+00:00," مولانا عبدالحمید در مراسم نماز جمعه زاهدان (7 دی 1403):
تمام ملت‌ها و دولت‌ها باید دلایل شکست‌ها و ناکامی‌های خود را «آسیب‌شناسی» کنند
کشور با «بحران بی‌سابقه و شدید اقتصادی» مواجه است؛ این موضوع باید «آسیب‌شناسی» شود
ملت فلسطین مشکلات خود را «آسیب‌شناسی» کند
1/2",0,0,0,https://x.com/AbdolhamidNet/status/1872716371911688480," مولانا عبدالحمید در مراسم نماز جمعه زاهدان (7 دی 1403):
تمام ملت‌ها و دولت‌ها باید دلایل شکست‌ها و ناکامی‌های خود را «آسیب‌شناسی» کنند
کشور با «بحران بی‌سابقه و شدید اقتصادی» مواجه است؛ این موضوع باید «آسیب‌شناسی» شود
ملت فلسطین مشکلات خود را «آسیب‌شناسی» کند
1/2","Maulana Abdul Hamid during the Zahedan Friday prayer ceremony (January 7, 1403):
All nations and governments must ""diagnose"" the reasons for their failures and failures
The country is facing an ""unprecedented and severe economic crisis""; This issue should be ""pathological"".
The Palestinian people should ""diagnose"" their problems
1/2"
1872716376936464631,abdolhamidnet,2024-12-27 18:49:12.306000+00:00," ظالم باید از عواقب کارش بترسد
2/2
abdolhamid.net/persian/2024/1
…",0,0,0,https://x.com/AbdolhamidNet/status/1872716376936464631," ظالم باید از عواقب کارش بترسد
2/2
abdolhamid.net/persian/2024/1
…","The oppressor should be afraid of the consequences of his actions
2/2
abdolhamid.net/persian/2024/1
…"
1870173013921931612,abdolhamidnet,2024-12-20 18:22:47.310000+00:00," مولانا عبدالحمید در مراسم نماز جمعه زاهدان (30 آذرماه 1403):
اقتصاد کشور رها شده و از جانب مسئولان، تدبیری برای جلوگیری از افزایش مشکلات اقتصادی مشاهده نمی‌شود
برای حل مشکلات اقتصادی باید با صاحب‌نظران مختلف مشورت شود
1/3",0,0,0,https://x.com/AbdolhamidNet/status/1870173013921931612," مولانا عبدالحمید در مراسم نماز جمعه زاهدان (30 آذرماه 1403):
اقتصاد کشور رها شده و از جانب مسئولان، تدبیری برای جلوگیری از افزایش مشکلات اقتصادی مشاهده نمی‌شود
برای حل مشکلات اقتصادی باید با صاحب‌نظران مختلف مشورت شود
1/3","Maulana Abdul Hamid during the Friday prayer ceremony of Zahedan (December 30, 1403):
The country's economy is abandoned and there is no plan from the authorities to prevent the increase of economic problems
To solve economic problems, different experts should be consulted
1/3"
1870173016941817862,abdolhamidnet,2024-12-20 18:22:48.030000+00:00,"اگر مسئولیتی می‌داشتم تمام زندانیان سیاسی را آزاد می‌کردم
«تغییر سیاست‌ها» می‌تواند مشکلات اقتصادی را حل کند
«فقر» ریشۀ بسیاری از ناامنی‌هاست
گروگان‌گیری «پدیده‌ای زشت» و «بزرگترین بداخلاقی» است
2/3",0,0,0,https://x.com/AbdolhamidNet/status/1870173016941817862,"اگر مسئولیتی می‌داشتم تمام زندانیان سیاسی را آزاد می‌کردم
«تغییر سیاست‌ها» می‌تواند مشکلات اقتصادی را حل کند
«فقر» ریشۀ بسیاری از ناامنی‌هاست
گروگان‌گیری «پدیده‌ای زشت» و «بزرگترین بداخلاقی» است
2/3","If I had any responsibility, I would release all political prisoners
""Policy change"" can solve economic problems
""Poverty"" is the root of many insecurities
Hostage is an ""ugly phenomenon"" and ""the greatest immorality"".
2/3"
1870173019961995716,abdolhamidnet,2024-12-20 18:22:48.750000+00:00,"شهادت فردی که به‌خاطر باج‌خواهی گروگان برده شده بود بسیار دردآور و تکان‌دهنده بود
همه باید باید با گروگان‌گیری و سایر پدیده‌های ناامنی مبارزه کنند
 حمله به آمبولانس مغایر با عرف و قوانین بین‌المللی است/مردم ومسئولان برای حفظ امنیت استان تلاش کنند
3/3
abdolhamid.net/persian/2024/1
…",0,0,0,https://x.com/AbdolhamidNet/status/1870173019961995716,"شهادت فردی که به‌خاطر باج‌خواهی گروگان برده شده بود بسیار دردآور و تکان‌دهنده بود
همه باید باید با گروگان‌گیری و سایر پدیده‌های ناامنی مبارزه کنند
 حمله به آمبولانس مغایر با عرف و قوانین بین‌المللی است/مردم ومسئولان برای حفظ امنیت استان تلاش کنند
3/3
abdolhamid.net/persian/2024/1
…","The testimony of a person who was held hostage for ransom was very painful and shocking
Everyone has to fight hostage and other insecurity phenomena
 Attacking the ambulance is against international customs and laws/people and officials should try to maintain the security of the province
3/3
abdolhamid.net/persian/2024/1
…"
1870080163972542770,abdolhamidnet,2024-12-20 12:13:50.157000+00:00, #فایل_تصویری #خطبه_جمعه (30 آذر 1403) را در یوتیوب مشاهده نمایید.,0,0,0,https://x.com/AbdolhamidNet/status/1870080163972542770, #فایل_تصویری #خطبه_جمعه (30 آذر 1403) را در یوتیوب مشاهده نمایید.,"Watch the video file of the Friday sermon (December 30, 1403) on YouTube."
1869300470017343894,abdolhamidnet,2024-12-18 08:35:36.632000+00:00,علیرغم درخواست‌ها برای توقف مجازات اعدام در کشور، اخیرا اجرای آن سرعت بیشتری یافته‌ است. متاسفانه بیشتر  محکومان که بلوچ و کرد هستند، از دادرسی عادلانه و رأفت اسلامی محرومند. اجرای این احکام هیچ نتیجه‌ای جز افزایش نارضایتی در پی نداشته است.,0,0,0,https://x.com/AbdolhamidNet/status/1869300470017343894,علیرغم درخواست‌ها برای توقف مجازات اعدام در کشور، اخیرا اجرای آن سرعت بیشتری یافته‌ است. متاسفانه بیشتر  محکومان که بلوچ و کرد هستند، از دادرسی عادلانه و رأفت اسلامی محرومند. اجرای این احکام هیچ نتیجه‌ای جز افزایش نارضایتی در پی نداشته است.,"Despite the requests to stop the death penalty in the country, its implementation has increased recently. Unfortunately, most of the convicts, who are Baloch and Kurds, are deprived of a fair trial and Islamic courtesy. The implementation of these rulings has not resulted in any result other than increasing dissatisfaction."
1867603303762382994,abdolhamidnet,2024-12-13 16:11:40.665000+00:00," مولانا عبدالحمید در مراسم نماز جمعه زاهدان (23 آذرماه 1403):
تحولات اخیر سوریه تعجب تمام سیاستمداران و کارشناسان دنیا را برانگیخت
 مسئولان سابق سوریه حرف مردم را نشنیدند 
 اکثر مردم سوریه با تحولات اخیر در این کشور همراه شدند
1/3",0,0,0,https://x.com/AbdolhamidNet/status/1867603303762382994," مولانا عبدالحمید در مراسم نماز جمعه زاهدان (23 آذرماه 1403):
تحولات اخیر سوریه تعجب تمام سیاستمداران و کارشناسان دنیا را برانگیخت
 مسئولان سابق سوریه حرف مردم را نشنیدند 
 اکثر مردم سوریه با تحولات اخیر در این کشور همراه شدند
1/3","Maulana Abdul Hamid during the Friday prayer ceremony of Zahedan (December 23, 1403):
The recent developments in Syria have surprised all politicians and experts in the world
 The former Syrian officials did not listen to the people 
 Most of the Syrian people followed the recent developments in this country
1/3"
1867603305674797545,abdolhamidnet,2024-12-13 16:11:41.121000+00:00,"این گروه‌ توانست با کمترین تلفات و آسان‌ترین روش، سوریه را بگیرد
از زندان‌های سوریه گزارش‌هایی می‌رسد که انسان نمی‌تواند بر زبان بیاورد
در حرکت اخیر سوریه به مردم و مقدسات ادیان و مذاهب توجه شد
 باید منصفانه قضاوت‌ کنیم؛ حرکت اخیر در سوریه بر مسیر درست است
2/3",0,0,0,https://x.com/AbdolhamidNet/status/1867603305674797545,"این گروه‌ توانست با کمترین تلفات و آسان‌ترین روش، سوریه را بگیرد
از زندان‌های سوریه گزارش‌هایی می‌رسد که انسان نمی‌تواند بر زبان بیاورد
در حرکت اخیر سوریه به مردم و مقدسات ادیان و مذاهب توجه شد
 باید منصفانه قضاوت‌ کنیم؛ حرکت اخیر در سوریه بر مسیر درست است
2/3","This group was able to take Syria with the least casualties and the easiest way
There are reports coming from Syrian prisons that no human being can speak
In the recent movement of Syria, attention was paid to the people and sacred things of religions
 We must judge fairly; The recent movement in Syria is on the right track
2/3"
1867603307428016220,abdolhamidnet,2024-12-13 16:11:41.539000+00:00," باید از تحولات تاریخ درس گرفت و به ملت توجه کرد
مردم صاحبان اصلی کشور هستند؛ باید حرف‌شان را شنید و به خواسته‌هایشان رسیدگی کرد
 منافع و مشکلات مردم ایران بر مشکلات سایر کشورها اولویت دارند
 ملت ایران در دولت سیزدهم بیشترین فشارها را متحمل شد
3/3
abdolhamid.net/persian/2024/1
…",0,0,0,https://x.com/AbdolhamidNet/status/1867603307428016220," باید از تحولات تاریخ درس گرفت و به ملت توجه کرد
مردم صاحبان اصلی کشور هستند؛ باید حرف‌شان را شنید و به خواسته‌هایشان رسیدگی کرد
 منافع و مشکلات مردم ایران بر مشکلات سایر کشورها اولویت دارند
 ملت ایران در دولت سیزدهم بیشترین فشارها را متحمل شد
3/3
abdolhamid.net/persian/2024/1
…","We should learn from the developments of history and pay attention to the nation
People are the main owners of the country; We should listen to them and take care of their demands
 The interests and problems of the Iranian people have priority over the problems of other countries
 The Iranian nation suffered the most pressures in the 13th government
3/3
abdolhamid.net/persian/2024/1
…"
1867548945154814223,abdolhamidnet,2024-12-13 12:35:40.563000+00:00, #فایل_تصویری #خطبه_جمعه (23 آذر 1403) را در یوتیوب مشاهده نمایید.,0,0,0,https://x.com/AbdolhamidNet/status/1867548945154814223, #فایل_تصویری #خطبه_جمعه (23 آذر 1403) را در یوتیوب مشاهده نمایید.,"Watch the video file of the Friday sermon (December 23, 1403) on YouTube."
1865740569911189709,abdolhamidnet,2024-12-08 12:49:50.307000+00:00,"واکنش مولانا عبدالحمید به سقوط حکومت بشار اسد در سوریه؛
مردم سوریه و سرزمین شام به آرزوی دیرینۀ خود رسیدند
abdolhamid.net/persian/2024/1
…",0,0,0,https://x.com/AbdolhamidNet/status/1865740569911189709,"واکنش مولانا عبدالحمید به سقوط حکومت بشار اسد در سوریه؛
مردم سوریه و سرزمین شام به آرزوی دیرینۀ خود رسیدند
abdolhamid.net/persian/2024/1
…","Maulana Abdul Hamid's reaction to the fall of Bashar Assad's government in Syria;
The people of Syria and the land of Levant achieved their long-standing dream
abdolhamid.net/persian/2024/1
…"
1865180510000943239,abdolhamidnet,2024-12-06 23:44:21.619000+00:00," #فایل_تصویری سخنرانی در پنجاهمین همایش دانش‌آموختگان حوزه علمیه ""عین‌العلوم"" گُشت سراوان همزمان با مراسم نماز جمعه این شهر را در یوتیوب مشاهده نمایید.
 تاریخ: 16 آذرماه 1403",0,0,0,https://x.com/AbdolhamidNet/status/1865180510000943239," #فایل_تصویری سخنرانی در پنجاهمین همایش دانش‌آموختگان حوزه علمیه ""عین‌العلوم"" گُشت سراوان همزمان با مراسم نماز جمعه این شهر را در یوتیوب مشاهده نمایید.
 تاریخ: 16 آذرماه 1403","#File_image of the lecture at the 50th conference of the graduates of ""Ainul Uloom"" seminary in Gosht Saravan at the same time as the Friday prayer ceremony of this city can be viewed on YouTube.
 Date: December 16, 1403"
1863965290402300249,abdolhamidnet,2024-12-03 15:15:30.689000+00:00,در شرایطی‌که مردم از مشکلات اقتصادی رنج می‌برند و نسل جوان با چالش دین‌گریزی و یاس و ناامیدی مواجه است، ابلاغ قانون جدید عفاف و حجاب شرایط بحرانی جامعه را تشدید و مشکلات جبران ناپذیری به کشور تحمیل خواهد کرد. هرچند اساسا قوانین مجازات‌محور در حوزه فرهنگ، کارآمد نیستند.,0,0,0,https://x.com/AbdolhamidNet/status/1863965290402300249,در شرایطی‌که مردم از مشکلات اقتصادی رنج می‌برند و نسل جوان با چالش دین‌گریزی و یاس و ناامیدی مواجه است، ابلاغ قانون جدید عفاف و حجاب شرایط بحرانی جامعه را تشدید و مشکلات جبران ناپذیری به کشور تحمیل خواهد کرد. هرچند اساسا قوانین مجازات‌محور در حوزه فرهنگ، کارآمد نیستند.,"In a situation where people are suffering from economic problems and the young generation is facing the challenge of atheism, despair and despair, the promulgation of the new chastity and hijab law will intensify the critical conditions of the society and impose irreparable problems on the country. However, punishment-oriented laws are not effective in the field of culture."
1862525276069957866,abdolhamidnet,2024-11-29 15:53:24.518000+00:00," مولانا عبدالحمید در مراسم نماز جمعه زاهدان (9 آذرماه 1403):
سیاست‌های نرم بهتر از برخوردها و سیاست‌های تند و خشن جواب می‌دهند
با گذشت 45 سال، در بعضی از قوانین و رویه‌ها هیچ تغییری نیامده است/ در تصویب قوانین باید شرایط دنیا در نظر گرفته شود
1/4",0,0,0,https://x.com/AbdolhamidNet/status/1862525276069957866," مولانا عبدالحمید در مراسم نماز جمعه زاهدان (9 آذرماه 1403):
سیاست‌های نرم بهتر از برخوردها و سیاست‌های تند و خشن جواب می‌دهند
با گذشت 45 سال، در بعضی از قوانین و رویه‌ها هیچ تغییری نیامده است/ در تصویب قوانین باید شرایط دنیا در نظر گرفته شود
1/4","Maulana Abdul Hamid during the Friday prayer ceremony of Zahedan (December 9, 1403):
Soft policies work better than harsh and harsh policies
With the passage of 45 years, there has been no change in some laws and procedures/world conditions must be taken into account when passing laws
1/4"
1862525282168529374,abdolhamidnet,2024-11-29 15:53:25.972000+00:00,"جلب رضایت مردم «بزرگترین خدمت» و ناراضی‌کردن مردم «بزرگ‌ترین ضربه» به هر نظام و حکومتی‌ست
ما عدالت‌خواه و اعتدال‌گرا هستیم/ باید در اسلامِ کسی که «عدالت» را قبول نداشته باشد شک کرد
3/4",0,0,0,https://x.com/AbdolhamidNet/status/1862525282168529374,"جلب رضایت مردم «بزرگترین خدمت» و ناراضی‌کردن مردم «بزرگ‌ترین ضربه» به هر نظام و حکومتی‌ست
ما عدالت‌خواه و اعتدال‌گرا هستیم/ باید در اسلامِ کسی که «عدالت» را قبول نداشته باشد شک کرد
3/4","Pleasing the people is the ""greatest service"" and dissatisfying the people is the ""greatest blow"" to any system and government.
We are justice-seeking and moderate/ one should doubt the Islam of someone who does not accept ""justice"".
3/4"
1862525285305823602,abdolhamidnet,2024-11-29 15:53:26.720000+00:00,"اعدام‌های مواد مخدر به‌جز بی‌سرپرست‌کردن خانواده‌ها هیچ نتیجه‌ای نداشته است؛ اعدام‌های سیاسی نیز نقصان دارند
افزایش خودکشی‌ها در کشور آسیب‌شناسی شود
4/4
abdolhamid.net/persian/2024/1
…",0,0,0,https://x.com/AbdolhamidNet/status/1862525285305823602,"اعدام‌های مواد مخدر به‌جز بی‌سرپرست‌کردن خانواده‌ها هیچ نتیجه‌ای نداشته است؛ اعدام‌های سیاسی نیز نقصان دارند
افزایش خودکشی‌ها در کشور آسیب‌شناسی شود
4/4
abdolhamid.net/persian/2024/1
…","Drug executions have had no results except leaving families homeless; Political executions also have disadvantages
The increase in suicides in the country is pathological
4/4
abdolhamid.net/persian/2024/1
…"
1862482570799149270,abdolhamidnet,2024-11-29 13:03:42.788000+00:00, #فایل_تصویری #خطبه_جمعه (9 آذر 1403) را در یوتیوب مشاهده نمایید.,0,0,0,https://x.com/AbdolhamidNet/status/1862482570799149270, #فایل_تصویری #خطبه_جمعه (9 آذر 1403) را در یوتیوب مشاهده نمایید.,"Watch the video file of the Friday sermon (December 9, 1403) on YouTube."
1860012385207222564,abdolhamidnet,2024-11-22 17:28:04.649000+00:00," مولانا عبدالحمید در مراسم نماز جمعه زاهدان (2 آذرماه 1403):
حکم دادگاه لاهه علیه مسئولان اسرائیل «اقدامی بزرگ، منصفانه و عادلانه» است
 زندگی دنیا بدون «عدالت و انصاف» هیچ ارزشی ندارد
امیدواریم سفر رئیس‌جمهور و هیئت همراه به سیستان‌وبلوچستان سبب خیر شود
1/3",0,0,0,https://x.com/AbdolhamidNet/status/1860012385207222564," مولانا عبدالحمید در مراسم نماز جمعه زاهدان (2 آذرماه 1403):
حکم دادگاه لاهه علیه مسئولان اسرائیل «اقدامی بزرگ، منصفانه و عادلانه» است
 زندگی دنیا بدون «عدالت و انصاف» هیچ ارزشی ندارد
امیدواریم سفر رئیس‌جمهور و هیئت همراه به سیستان‌وبلوچستان سبب خیر شود
1/3","Maulana Abdul Hamid during the Friday prayer ceremony of Zahedan (December 2, 1403):
The sentence of the Hague Court against the Israeli authorities is ""a great, fair and just action"".
 Life in the world has no value without ""justice and fairness"".
We hope that the visit of the President and accompanying delegation to Sistan-Baluchistan will be beneficial
1/3"
1860012388294230304,abdolhamidnet,2024-11-22 17:28:05.385000+00:00,"وقتی یک رئیس‌جمهور از عدالت و رفع تبعیض سخن بگوید بسیار ارزش دارد
حضور رئیس‌جمهور و مسئولان عالی‌رتبه در امنیت و آرامش استان تاثیرگذار است
هیچ چیزی به اندازۀ اجرای عدالت و انصاف در تامین امنیت تاثیرگذار نیست
2/3",0,0,0,https://x.com/AbdolhamidNet/status/1860012388294230304,"وقتی یک رئیس‌جمهور از عدالت و رفع تبعیض سخن بگوید بسیار ارزش دارد
حضور رئیس‌جمهور و مسئولان عالی‌رتبه در امنیت و آرامش استان تاثیرگذار است
هیچ چیزی به اندازۀ اجرای عدالت و انصاف در تامین امنیت تاثیرگذار نیست
2/3","It is very valuable when a president speaks about justice and elimination of discrimination
The presence of the president and high-ranking officials has an impact on the security and peace of the province
Nothing is as effective as the implementation of justice and fairness in providing security
2/3"
1860012391536427252,abdolhamidnet,2024-11-22 17:28:06.158000+00:00,"در جهت جلب رضایت مردم حرکت کنید و از هیچ تهدیدی نهراسید
3/3
abdolhamid.net/persian/2024/1
…",0,0,0,https://x.com/AbdolhamidNet/status/1860012391536427252,"در جهت جلب رضایت مردم حرکت کنید و از هیچ تهدیدی نهراسید
3/3
abdolhamid.net/persian/2024/1
…","Move towards pleasing people and don't be afraid of any threats
3/3
abdolhamid.net/persian/2024/1
…"
1859951051186782298,abdolhamidnet,2024-11-22 13:24:21.479000+00:00, #فایل_تصویری #خطبه_جمعه (2 آذر 1403) را در یوتیوب مشاهده نمایید.,0,0,0,https://x.com/AbdolhamidNet/status/1859951051186782298, #فایل_تصویری #خطبه_جمعه (2 آذر 1403) را در یوتیوب مشاهده نمایید.,"Watch #image_file #Friday_sermon (December 2, 1403) on YouTube."
1857430211282804833,abdolhamidnet,2024-11-15 14:27:26.411000+00:00," مولانا عبدالحمید در مراسم نماز جمعه زاهدان (25 آبان 1403):
ملت ایران تحمل تحریم‌های بیشتر را ندارد
به دولت پزشکیان در عرصۀ سیاست خارجی اختیارات بیشتری داده شود
بدترین گفتار و کردار آن است که سبب تنفر مردم از دین بشود
1/4",0,0,0,https://x.com/AbdolhamidNet/status/1857430211282804833," مولانا عبدالحمید در مراسم نماز جمعه زاهدان (25 آبان 1403):
ملت ایران تحمل تحریم‌های بیشتر را ندارد
به دولت پزشکیان در عرصۀ سیاست خارجی اختیارات بیشتری داده شود
بدترین گفتار و کردار آن است که سبب تنفر مردم از دین بشود
1/4","Maulana Abdul Hamid during the Friday prayer ceremony of Zahedan (November 25, 1403):
The Iranian nation cannot tolerate more sanctions
The medical government should be given more powers in the field of foreign policy
The worst words and deeds are those that cause people to hate religion
1/4"
1857430215586136543,abdolhamidnet,2024-11-15 14:27:27.437000+00:00,"حکمت و تدبیر صحیح می‌تواند جلوی بروز جنگ و تحریم‌های بیشتر را بگیرد
اروپایی‌ها و مجامع جهانی «مسیر اشتباه گذشته» را تکرار نکنند
بهترین راه‌حل توقف منازعات خاورمیانه «پایان اشغالگری اسرائیل» و «تشکیل حکومت مستقل فلسطین» است
3/4",0,0,0,https://x.com/AbdolhamidNet/status/1857430215586136543,"حکمت و تدبیر صحیح می‌تواند جلوی بروز جنگ و تحریم‌های بیشتر را بگیرد
اروپایی‌ها و مجامع جهانی «مسیر اشتباه گذشته» را تکرار نکنند
بهترین راه‌حل توقف منازعات خاورمیانه «پایان اشغالگری اسرائیل» و «تشکیل حکومت مستقل فلسطین» است
3/4","Wisdom and proper planning can prevent the occurrence of war and further sanctions
Europeans and the international community should not repeat the ""wrong path of the past"".
The best solution to stop the conflicts in the Middle East is ""the end of Israeli occupation"" and ""the establishment of an independent Palestinian government"".
3/4"
1857430217842741368,abdolhamidnet,2024-11-15 14:27:27.975000+00:00," امنیت و آرامش استان باید حفظ شود
4/4
abdolhamid.net/persian/2024/1
…",0,0,0,https://x.com/AbdolhamidNet/status/1857430217842741368," امنیت و آرامش استان باید حفظ شود
4/4
abdolhamid.net/persian/2024/1
…","The security and peace of the province must be maintained
4/4
abdolhamid.net/persian/2024/1
…"
1857418170941821239,abdolhamidnet,2024-11-15 13:39:35.770000+00:00, #فایل_تصویری #خطبه_جمعه (18 آبان 1403) را در یوتیوب مشاهده نمایید.,0,0,0,https://x.com/AbdolhamidNet/status/1857418170941821239, #فایل_تصویری #خطبه_جمعه (18 آبان 1403) را در یوتیوب مشاهده نمایید.,"Watch #image_file #Friday_sermon (November 18, 1403) on YouTube."
1856827984239628758,abdolhamidnet,2024-11-13 22:34:24.295000+00:00,"مولانا عبدالحمید در دیدار با مجروحان و خانواده‌های شهدای جمعه‌های خونین زاهدان و خاش: 
دولت جدید تاکید دارد که حوادث زاهدان و خاش به طریقی حل‌وفصل شوند
abdolhamid.net/persian/2024/1
…",0,0,0,https://x.com/AbdolhamidNet/status/1856827984239628758,"مولانا عبدالحمید در دیدار با مجروحان و خانواده‌های شهدای جمعه‌های خونین زاهدان و خاش: 
دولت جدید تاکید دارد که حوادث زاهدان و خاش به طریقی حل‌وفصل شوند
abdolhamid.net/persian/2024/1
…","مولانا عبدالحمید در دیدار با مجروحان و خانواده‌های شهدای جمعه‌های خونین زاهدان و خاش: 
The new government insists that the incidents of Zahedan and Khash be resolved somehow
abdolhamid.net/persian/2024/1
…"
1854904310007484644,abdolhamidnet,2024-11-08 15:10:24.618000+00:00, #فایل_تصویری #خطبه_جمعه (18 آبان 1403) را در یوتیوب مشاهده نمایید.,0,0,0,https://x.com/AbdolhamidNet/status/1854904310007484644, #فایل_تصویری #خطبه_جمعه (18 آبان 1403) را در یوتیوب مشاهده نمایید.,"Watch #image_file #Friday_sermon (November 18, 1403) on YouTube."
1854873190956138676,abdolhamidnet,2024-11-08 13:06:45.258000+00:00," مولانا عبدالحمید در مراسم نماز جمعه زاهدان (18 آبان 1403):
حمایت دموکرات‌ها از کشتار بی‌رحمانۀ اسرائیل در غزه و لبنان سبب شکست‌شان در انتخابات ریاست‌جمهوری آمریکا شد
جمهوریخواهان اشتباه دموکرات‌ها را تکرار نکنند
1/4",0,0,0,https://x.com/AbdolhamidNet/status/1854873190956138676," مولانا عبدالحمید در مراسم نماز جمعه زاهدان (18 آبان 1403):
حمایت دموکرات‌ها از کشتار بی‌رحمانۀ اسرائیل در غزه و لبنان سبب شکست‌شان در انتخابات ریاست‌جمهوری آمریکا شد
جمهوریخواهان اشتباه دموکرات‌ها را تکرار نکنند
1/4","Maulana Abdul Hamid during the Friday prayer ceremony of Zahedan (November 18, 1403):
Democrats' support of Israel's brutal slaughter in Gaza and Lebanon caused their defeat in the US presidential election.
Republicans should not repeat the mistakes of the Democrats
1/4"
1854873197214134492,abdolhamidnet,2024-11-08 13:06:46.750000+00:00,"مردم سیستان‌وبلوچستان با همدلی و همبستگی و حمایت از استاندار، مشکلات استان را حل کنند
سیستان‌وبلوچستان در مسائل اقتصادی نیاز به «توجه ویژه» دارد
مردم و مأموران باید از امنیت پاسداری کنند
3/4",0,0,0,https://x.com/AbdolhamidNet/status/1854873197214134492,"مردم سیستان‌وبلوچستان با همدلی و همبستگی و حمایت از استاندار، مشکلات استان را حل کنند
سیستان‌وبلوچستان در مسائل اقتصادی نیاز به «توجه ویژه» دارد
مردم و مأموران باید از امنیت پاسداری کنند
3/4","The people of Sistan-Baluchistan should solve the problems of the province with empathy and solidarity and support the governor
Sistan-Baluchistan needs ""special attention"" in economic matters
People and officers must protect security
3/4"
1854873200238252133,abdolhamidnet,2024-11-08 13:06:47.471000+00:00,"انتظار داریم سیستان‌وبلوچستان به‌جای «منطقۀ امنیتی و قرارگاهی»، یک «منطقۀ کارگاهی» باشد
مردم کشور و استان نسبت به تداوم بعضی از سیاست‌های گذشته حساس‌اند؛ این سیاست‌ها باید تغییر پیدا کنند
4/4
abdolhamid.net/persian/2024/1
…",0,0,0,https://x.com/AbdolhamidNet/status/1854873200238252133,"انتظار داریم سیستان‌وبلوچستان به‌جای «منطقۀ امنیتی و قرارگاهی»، یک «منطقۀ کارگاهی» باشد
مردم کشور و استان نسبت به تداوم بعضی از سیاست‌های گذشته حساس‌اند؛ این سیاست‌ها باید تغییر پیدا کنند
4/4
abdolhamid.net/persian/2024/1
…","We expect Sistan-Baluchistan to be a ""workshop area"" instead of a ""security and camp area"".
The people of the country and the province are sensitive to the continuation of some past policies; These policies must be changed
4/4
abdolhamid.net/persian/2024/1
…"
1852796450863804735,abdolhamidnet,2024-11-02 19:34:31.836000+00:00,"مولانا عبدالحمید در «آئین تکریم و معارفه استاندار سیستان‌وبلوچستان»:
بکارگیری شایستگان اقوام و مذاهب رضایت مردم را به دنبال دارد
abdolhamid.net/persian/2024/1
…",0,0,0,https://x.com/AbdolhamidNet/status/1852796450863804735,"مولانا عبدالحمید در «آئین تکریم و معارفه استاندار سیستان‌وبلوچستان»:
بکارگیری شایستگان اقوام و مذاهب رضایت مردم را به دنبال دارد
abdolhamid.net/persian/2024/1
…","Maulana Abdul Hamid in ""Rule of Honoring and Introducing the Governor of Sistan and Balochistan"":
Employing people who are worthy of different ethnicities and religions leads to people's satisfaction
abdolhamid.net/persian/2024/1
…"
1852442452155888063,abdolhamidnet,2024-11-01 20:07:51.967000+00:00,"برای رفع فسادی که در کشور ریشه دوانده باید «اقدام انقلابی» صورت گیرد
ما رضایت همه اقوام و مذاهب ایرانی را می‌خواهیم
رسیدگی به مشکلات مردم هزینه‌های تامین امنیت را کاهش می‌دهد
خواستۀ مردم آن است که مرزها باز شوند
3/4",0,0,0,https://x.com/AbdolhamidNet/status/1852442452155888063,"برای رفع فسادی که در کشور ریشه دوانده باید «اقدام انقلابی» صورت گیرد
ما رضایت همه اقوام و مذاهب ایرانی را می‌خواهیم
رسیدگی به مشکلات مردم هزینه‌های تامین امنیت را کاهش می‌دهد
خواستۀ مردم آن است که مرزها باز شوند
3/4","""Revolutionary action"" must be taken to eliminate the corruption that has taken root in the country
We want the satisfaction of all Iranian ethnic groups and religions
Addressing people's problems reduces security costs
The people want the borders to be opened
3/4"
1852442456165425184,abdolhamidnet,2024-11-01 20:07:52.923000+00:00,"مردم چابهار، کنارک و دشتیاری از «کمبود آب»، «وضعیت بهداشت نامناسب» و «نبود امکانات آموزشی» رنج می‌برند
4/4
abdolhamid.net/persian/2024/1
…",0,0,0,https://x.com/AbdolhamidNet/status/1852442456165425184,"مردم چابهار، کنارک و دشتیاری از «کمبود آب»، «وضعیت بهداشت نامناسب» و «نبود امکانات آموزشی» رنج می‌برند
4/4
abdolhamid.net/persian/2024/1
…","The people of Chabahar, Kanarak and Dashtiari are suffering from ""lack of water"", ""inappropriate health conditions"" and ""lack of educational facilities"".
4/4
abdolhamid.net/persian/2024/1
…"
1852442445012951388,abdolhamidnet,2024-11-01 20:07:50.264000+00:00," مولانا عبدالحمید در مراسم نماز جمعه زاهدان (11 آبان 1403):
انتخاب استاندار اهل‌سنت بلوچ برای سیستان‌وبلوچستان را به فال نیک می‌گیریم
مردم ایران سرمایه‌های این کشور هستند/ استفاده از  شایستگان همۀ اقوام و مذاهب باعث افزایش انسجام می‌شود 
1/4",0,0,0,https://x.com/AbdolhamidNet/status/1852442445012951388," مولانا عبدالحمید در مراسم نماز جمعه زاهدان (11 آبان 1403):
انتخاب استاندار اهل‌سنت بلوچ برای سیستان‌وبلوچستان را به فال نیک می‌گیریم
مردم ایران سرمایه‌های این کشور هستند/ استفاده از  شایستگان همۀ اقوام و مذاهب باعث افزایش انسجام می‌شود 
1/4","Maulana Abdul Hamid during the Friday prayer ceremony of Zahedan (November 11, 1403):
We take the election of Sunni Baloch governor for Sistan-Baluchistan as a good omen
The people of Iran are the capital of this country/ the use of deserving people of all ethnicities and religions increases cohesion 
1/4"
1852442448758231302,abdolhamidnet,2024-11-01 20:07:51.157000+00:00,"«رفع تبعیض»، «اجرای عدالت»، «تامین آزادی‌ها» و «بهبود وضعیت اقتصادی» خواسته‌های محوری ملت ایران هستند
دست‌هایی که به سمت منابع ملی دراز شده باید قطع شود
 از بیت‌المال حتی برای مذهب هزینه نشود
مذهب را دولتی نکنید
2/4",0,0,0,https://x.com/AbdolhamidNet/status/1852442448758231302,"«رفع تبعیض»، «اجرای عدالت»، «تامین آزادی‌ها» و «بهبود وضعیت اقتصادی» خواسته‌های محوری ملت ایران هستند
دست‌هایی که به سمت منابع ملی دراز شده باید قطع شود
 از بیت‌المال حتی برای مذهب هزینه نشود
مذهب را دولتی نکنید
2/4","""Eliminating discrimination"", ""implementing justice"", ""providing freedoms"" and ""improving the economic situation"" are the central demands of the Iranian nation.
The hands that are stretched towards the national resources should be cut off
 Don't even spend money on religion
Do not make religion a state
2/4"
1852356375340343737,abdolhamidnet,2024-11-01 14:25:49.655000+00:00, #فایل_تصویری #خطبه_جمعه (11 آبان 1403) را در یوتیوب مشاهده نمایید.,0,0,0,https://x.com/AbdolhamidNet/status/1852356375340343737, #فایل_تصویری #خطبه_جمعه (11 آبان 1403) را در یوتیوب مشاهده نمایید.,"Watch #image_file #Friday_sermon (November 11, 1403) on YouTube."
1850232983036248092,abdolhamidnet,2024-10-26 17:48:13.479000+00:00, #فایل_تصویری #خطبه_جمعه (4 آبان 1403) را در یوتیوب مشاهده نمایید.,0,0,0,https://x.com/AbdolhamidNet/status/1850232983036248092, #فایل_تصویری #خطبه_جمعه (4 آبان 1403) را در یوتیوب مشاهده نمایید.,"Watch the video file of the Friday sermon (November 4, 1403) on YouTube."
1849908520029708663,abdolhamidnet,2024-10-25 20:18:55.470000+00:00," مولانا عبدالحمید در مراسم نماز جمعه زاهدان (4 آبان 1403):
 چرا کشورهای اسلامی برای جلوگیری از جنگ و خون‌ریزی در غزه و لبنان با هم متحد نمی‌شوند؟!
 دلسوزی برای انسانیت و جلوگیری از جنگ و خونریزی یک وظیفۀ انسانی است
1/3",0,0,0,https://x.com/AbdolhamidNet/status/1849908520029708663," مولانا عبدالحمید در مراسم نماز جمعه زاهدان (4 آبان 1403):
 چرا کشورهای اسلامی برای جلوگیری از جنگ و خون‌ریزی در غزه و لبنان با هم متحد نمی‌شوند؟!
 دلسوزی برای انسانیت و جلوگیری از جنگ و خونریزی یک وظیفۀ انسانی است
1/3","Maulana Abdul Hamid during the Zahedan Friday prayer ceremony (November 4, 1403):
 Why don't Islamic countries unite to prevent war and bloodshed in Gaza and Lebanon?!
 Compassion for humanity and preventing war and bloodshed is a human duty
1/3"
1849908523120947622,abdolhamidnet,2024-10-25 20:18:56.207000+00:00," صحنه‌هایی که در غزه اتفاق می‌افتد «دلخراش» و «غیرقابل تحمل» است
 کشورهای غربی و شرقی دنبال منافع خودشان هستند/ «حمایت الله» و «رضایت مردم» نقطۀ قوت هر کشور و حکومتی‌ست
 بهترین حاکم کسی‌ست که حرف مردم را بشنود و در مقابل مردم تواضع داشته باشد
2/3",0,0,0,https://x.com/AbdolhamidNet/status/1849908523120947622," صحنه‌هایی که در غزه اتفاق می‌افتد «دلخراش» و «غیرقابل تحمل» است
 کشورهای غربی و شرقی دنبال منافع خودشان هستند/ «حمایت الله» و «رضایت مردم» نقطۀ قوت هر کشور و حکومتی‌ست
 بهترین حاکم کسی‌ست که حرف مردم را بشنود و در مقابل مردم تواضع داشته باشد
2/3","The scenes in Gaza are ""heartbreaking"" and ""unbearable"".
 Western and Eastern countries are looking for their own interests/ ""God's protection"" and ""people's satisfaction"" are the strengths of every country and government.
 The best ruler is the one who listens to the people and is humble in front of the people
2/3"
1849908526086291950,abdolhamidnet,2024-10-25 20:18:56.914000+00:00,"مسئولان به دغدغه‌های مردم تفتان رسیدگی کنند/ در هیچ موضوعی توسل به زور نشود
 ما همواره بر «گفت‌وگو» تاکید کرده‌ایم/ تا زمانی که «ازخودگذشتگی» نباشد مسائل و قضایا حل نمی‌شوند
3/3
abdolhamid.net/persian/2024/1
…",0,0,0,https://x.com/AbdolhamidNet/status/1849908526086291950,"مسئولان به دغدغه‌های مردم تفتان رسیدگی کنند/ در هیچ موضوعی توسل به زور نشود
 ما همواره بر «گفت‌وگو» تاکید کرده‌ایم/ تا زمانی که «ازخودگذشتگی» نباشد مسائل و قضایا حل نمی‌شوند
3/3
abdolhamid.net/persian/2024/1
…","Officials should take care of the concerns of the people of Taftan/ do not resort to force in any issue
 We have always emphasized on ""dialogue""/ until there is ""sacrifice"", issues and issues will not be resolved.
3/3
abdolhamid.net/persian/2024/1
…"
1847276476015505683,abdolhamidnet,2024-10-18 14:00:07.276000+00:00, #فایل_تصویری #خطبه_جمعه (27 مهرماه 1403) را در یوتیوب مشاهده نمایید.,0,0,0,https://x.com/AbdolhamidNet/status/1847276476015505683, #فایل_تصویری #خطبه_جمعه (27 مهرماه 1403) را در یوتیوب مشاهده نمایید.,"Watch the video file of Friday sermon (October 27, 1403) on YouTube."
1847263625012019650,abdolhamidnet,2024-10-18 13:09:03.358000+00:00," مولانا عبدالحمید در مراسم نماز جمعه زاهدان (27 مهرماه 1403):
 تمام طرف‌های درگیر دنبال «آتشبس فوری» و «حل‌وفصل عادلانه» باشند
خاورمیانه در شرایط بسیار بحرانی و استثنایی قرار دارد
شرایط کنونی اقتضا می‌کند همۀ طرف‌ها در فکر «آتش‌بس فوری» باشند
1/3",0,0,0,https://x.com/AbdolhamidNet/status/1847263625012019650," مولانا عبدالحمید در مراسم نماز جمعه زاهدان (27 مهرماه 1403):
 تمام طرف‌های درگیر دنبال «آتشبس فوری» و «حل‌وفصل عادلانه» باشند
خاورمیانه در شرایط بسیار بحرانی و استثنایی قرار دارد
شرایط کنونی اقتضا می‌کند همۀ طرف‌ها در فکر «آتش‌بس فوری» باشند
1/3","Maulana Abdul Hamid during the Friday prayer ceremony of Zahedan (October 27, 1403):
 All involved parties should seek ""immediate ceasefire"" and ""just settlement"".
The Middle East is in a very critical and exceptional situation
The current situation requires all parties to think of an ""immediate ceasefire"".
1/3"
1847263627654406251,abdolhamidnet,2024-10-18 13:09:03.988000+00:00,"«حل‌وفصل عادلانۀ مسأله فلسطین» صلح و امنیت پایدار را در منطقه به دنبال دارد
طرف‌های متخاصم احساسات‌شان را کنترل کنند و در آتش جنگ ندمند
سرعت در «تغییر سیاست‌ها» و «رسیدگی به مشکلات مردم» برای «وحدت و امنیت ملی» بسیار مهم است
2/3",0,0,0,https://x.com/AbdolhamidNet/status/1847263627654406251,"«حل‌وفصل عادلانۀ مسأله فلسطین» صلح و امنیت پایدار را در منطقه به دنبال دارد
طرف‌های متخاصم احساسات‌شان را کنترل کنند و در آتش جنگ ندمند
سرعت در «تغییر سیاست‌ها» و «رسیدگی به مشکلات مردم» برای «وحدت و امنیت ملی» بسیار مهم است
2/3","""A just solution to the Palestinian issue"" leads to peace and stable security in the region
The warring parties should control their emotions and not fight in the fire of war
Speed in ""changing policies"" and ""addressing people's problems"" is very important for ""unity and national security"".
2/3"
1847263630229655844,abdolhamidnet,2024-10-18 13:09:04.602000+00:00,"باید دست دولت پزشکیان برای تغییر و تحول باز گذاشته شود
3/3
abdolhamid.net/persian/2024/1
…",0,0,0,https://x.com/AbdolhamidNet/status/1847263630229655844,"باید دست دولت پزشکیان برای تغییر و تحول باز گذاشته شود
3/3
abdolhamid.net/persian/2024/1
…","The hands of the medical government should be left open for change
3/3
abdolhamid.net/persian/2024/1
…"
1844753456130646045,abdolhamidnet,2024-10-11 14:54:32.460000+00:00," مولانا عبدالحمید در مراسم نماز جمعه زاهدان (20 مهرماه 1403):
 اسرائیل در حمله به غزه و لبنان قوانین بین‌المللی را نادیده می‌گیرد
حمله به بیمارستان‌ها و مساجد هیچ توجیه و مجوزی ندارد
1/3",0,0,0,https://x.com/AbdolhamidNet/status/1844753456130646045," مولانا عبدالحمید در مراسم نماز جمعه زاهدان (20 مهرماه 1403):
 اسرائیل در حمله به غزه و لبنان قوانین بین‌المللی را نادیده می‌گیرد
حمله به بیمارستان‌ها و مساجد هیچ توجیه و مجوزی ندارد
1/3","Maulana Abdul Hamid during the Friday prayer ceremony of Zahedan (October 20, 1403):
 Israel ignores international laws in attacking Gaza and Lebanon
Attacking hospitals and mosques has no justification or permission
1/3"
1844753461881024619,abdolhamidnet,2024-10-11 14:54:33.831000+00:00,"خطر وقوع «جنگ فراگیرتر» در خاورمیانه وجود دارد/ تنها راه پایان‌دادن به این درگیری‌ها «حل‌وفصل عادلانه مسأله فلسطین» است
جامعه جهانی و دولت‌های بزرگ دنیا اسرائیل را از حمله به ایران منصرف کنند؛ این یک خواستۀ ملی است
2/3",0,0,0,https://x.com/AbdolhamidNet/status/1844753461881024619,"خطر وقوع «جنگ فراگیرتر» در خاورمیانه وجود دارد/ تنها راه پایان‌دادن به این درگیری‌ها «حل‌وفصل عادلانه مسأله فلسطین» است
جامعه جهانی و دولت‌های بزرگ دنیا اسرائیل را از حمله به ایران منصرف کنند؛ این یک خواستۀ ملی است
2/3","There is a risk of a ""more comprehensive war"" in the Middle East/ the only way to end these conflicts is a ""just settlement of the Palestinian issue""
The international community and the major governments of the world should dissuade Israel from attacking Iran; This is a national demand
2/3"
1844753467669168139,abdolhamidnet,2024-10-11 14:54:35.211000+00:00,"مردم حق دارند از شهرداری و شورای شهر انتقاد کنند
بعضی ادارات بدهی‌های کلانی به شهرداری زاهدان دارند؛ چرا این بدهی‌ها را پرداخت نمی‌کنند؟!
حکومت افغانستان شرایط تعلیم زنان را فراهم کند
3/3
abdolhamid.net/persian/2024/1
…",0,0,0,https://x.com/AbdolhamidNet/status/1844753467669168139,"مردم حق دارند از شهرداری و شورای شهر انتقاد کنند
بعضی ادارات بدهی‌های کلانی به شهرداری زاهدان دارند؛ چرا این بدهی‌ها را پرداخت نمی‌کنند؟!
حکومت افغانستان شرایط تعلیم زنان را فراهم کند
3/3
abdolhamid.net/persian/2024/1
…","People have the right to criticize the municipality and city council
Some departments have huge debts to Zahedan Municipality; Why don't they pay these debts?!
The Afghan government should provide conditions for women's education
3/3
abdolhamid.net/persian/2024/1
…"
1844738819431813507,abdolhamidnet,2024-10-11 13:56:22.799000+00:00, #فایل_تصویری #خطبه_جمعه (20 مهرماه 1403) را در یوتیوب مشاهده نمایید.,0,0,0,https://x.com/AbdolhamidNet/status/1844738819431813507, #فایل_تصویری #خطبه_جمعه (20 مهرماه 1403) را در یوتیوب مشاهده نمایید.,"Watch the video file of Friday sermon (October 20, 1403) on YouTube."
1842272543606256099,abdolhamidnet,2024-10-04 18:36:16.821000+00:00," مولانا عبدالحمید در مراسم نماز جمعه زاهدان 13مهرماه 1403:
فشارها بر مردم باید کاهش یابند/ «نتایج صحیح» با «سیاست‌های درست» حاصل می‌شوند
در بهره‌برداری از معادن «فساد» و «بی‌توجهی به حقوق مردم» وجود دارد
استخراج معدن تفتان سبب نگرانی شدید مردم منطقه شده است
1/4",0,0,0,https://x.com/AbdolhamidNet/status/1842272543606256099," مولانا عبدالحمید در مراسم نماز جمعه زاهدان 13مهرماه 1403:
فشارها بر مردم باید کاهش یابند/ «نتایج صحیح» با «سیاست‌های درست» حاصل می‌شوند
در بهره‌برداری از معادن «فساد» و «بی‌توجهی به حقوق مردم» وجود دارد
استخراج معدن تفتان سبب نگرانی شدید مردم منطقه شده است
1/4","Maulana Abdul Hamid during Friday prayers in Zahedan on October 13, 1403:
The pressures on the people should be reduced / ""correct results"" are achieved with ""correct policies"".
There is ""corruption"" and ""disregard for people's rights"" in the exploitation of mines
The mining of Taftan has caused great concern to the people of the region
1/4"
1842272551126598051,abdolhamidnet,2024-10-04 18:36:18.614000+00:00,"اکنون بهترین زمان برای «آتش‌بس» و «حل‌وفصل عادلانه مسأله فلسطین» است
به‌جز افراطیون، هیچ‌کس ادامۀ این جنگ را قبول ندارد
رژیم صهیونیستی از شعار محو اسرائیل به نفع خود در مجامع جهانی سوءاستفاده می‌کند
آقای پزشکیان سیستان‌وبلوچستان را در اولویت توجه قرار دهد
3/4",0,0,0,https://x.com/AbdolhamidNet/status/1842272551126598051,"اکنون بهترین زمان برای «آتش‌بس» و «حل‌وفصل عادلانه مسأله فلسطین» است
به‌جز افراطیون، هیچ‌کس ادامۀ این جنگ را قبول ندارد
رژیم صهیونیستی از شعار محو اسرائیل به نفع خود در مجامع جهانی سوءاستفاده می‌کند
آقای پزشکیان سیستان‌وبلوچستان را در اولویت توجه قرار دهد
3/4","Now is the best time for a ""ceasefire"" and a ""just settlement of the Palestinian issue"".
Except the extremists, no one accepts the continuation of this war
The Zionist regime abuses the slogan of eradicating Israel for its own benefit in international forums
Mr. Sistan-Baluchistan should give priority attention to the doctors
3/4"
1842272555593236939,abdolhamidnet,2024-10-04 18:36:19.679000+00:00,"استان نیاز به یکسری جابجایی‌ها و تحولات اساسی دارد
اگر دولت نتواند دل شکسته ملت را به دست بیاورد، به سیاست صحیح عمل نکرده است
خشونت از هر طرفی که باشد نادرست است؛ همه باید در راستای حفظ امنیت و آرامش همکاری کنند
4/4
abdolhamid.net/persian/2024/1
…",0,0,0,https://x.com/AbdolhamidNet/status/1842272555593236939,"استان نیاز به یکسری جابجایی‌ها و تحولات اساسی دارد
اگر دولت نتواند دل شکسته ملت را به دست بیاورد، به سیاست صحیح عمل نکرده است
خشونت از هر طرفی که باشد نادرست است؛ همه باید در راستای حفظ امنیت و آرامش همکاری کنند
4/4
abdolhamid.net/persian/2024/1
…","The province needs a series of fundamental changes and transformations
If the government cannot win the broken heart of the nation, it has not followed the correct policy
Violence from any side is wrong; Everyone should cooperate in order to maintain security and peace
4/4
abdolhamid.net/persian/2024/1
…"
1842201401415332269,abdolhamidnet,2024-10-04 13:53:35.201000+00:00, #فایل_تصویری #خطبه_جمعه (13 مهرماه 1403) را در یوتیوب مشاهده نمایید.,0,0,0,https://x.com/AbdolhamidNet/status/1842201401415332269, #فایل_تصویری #خطبه_جمعه (13 مهرماه 1403) را در یوتیوب مشاهده نمایید.,"Watch the video file of the Friday sermon (October 13, 1403) on YouTube."
1840695633763590155,abdolhamidnet,2024-09-30 10:10:12.217000+00:00,حملات بی‌وقفه اسرائیل به لبنان و تداوم عملیات در غزه و ترور رهبرانشان، خطر گسترش ناامنی و جنگ در منطقه را بیشتر کرده است. حل عادلانه این منازعه و تشکیل کشور مستقل فلسطین، مایۀ امنیت پایدار و به نفع همه طرفها خواهد بود.,0,0,0,https://x.com/AbdolhamidNet/status/1840695633763590155,حملات بی‌وقفه اسرائیل به لبنان و تداوم عملیات در غزه و ترور رهبرانشان، خطر گسترش ناامنی و جنگ در منطقه را بیشتر کرده است. حل عادلانه این منازعه و تشکیل کشور مستقل فلسطین، مایۀ امنیت پایدار و به نفع همه طرفها خواهد بود.,Israel's continuous attacks on Lebanon and the continuation of operations in Gaza and the assassination of their leaders have increased the risk of spreading insecurity and war in the region. A fair solution to this conflict and the formation of an independent Palestinian state will be a source of stable security and benefit all parties.
1839770908095066186,abdolhamidnet,2024-09-27 20:55:40.437000+00:00," مولانا عبدالحمید در مراسم نماز جمعه زاهدان 6 مهرماه 1403:
حکومتی که در آن عدالت نباشد، فایده‌ای ندارد
اگر «عدالت» اجرا شود «آرامش و امنیت» و «رضایت مردم» حاصل می‌شود
اقدام مجلس در مورد عبدالکریم حسین‌زاده «باورکردنی» نیست؛ رئیس‌جمهور این مسأله را حل کند
1/4",0,0,0,https://x.com/AbdolhamidNet/status/1839770908095066186," مولانا عبدالحمید در مراسم نماز جمعه زاهدان 6 مهرماه 1403:
حکومتی که در آن عدالت نباشد، فایده‌ای ندارد
اگر «عدالت» اجرا شود «آرامش و امنیت» و «رضایت مردم» حاصل می‌شود
اقدام مجلس در مورد عبدالکریم حسین‌زاده «باورکردنی» نیست؛ رئیس‌جمهور این مسأله را حل کند
1/4","Maulana Abdul Hamid during Friday prayers in Zahedan, October 6, 1403:
A government without justice is useless
If ""justice"" is implemented, ""peace and security"" and ""people's satisfaction"" will be achieved
The action of the parliament in the case of Abdul Karim Hosseinzadeh is not ""believable""; The president should solve this problem
1/4"
1839770913484497166,abdolhamidnet,2024-09-27 20:55:41.722000+00:00,"«فاجعه» جمعه خونین زاهدان «ظلم آشکار» و «نتیجۀ سال‌ها تبعیض» بود
در شورای امنیت ملی و شورای تامین استان یک اهل‌سنت هم حضور ندارد
هوشیاری و صبر و شکیبایی مردم استان سبب شد موضوع برای مسئولان روشن شود
 متاسفیم که هنوز دستور رهبری در مورد جمعه خونین به اجرا درنیامده است
3/4",0,0,0,https://x.com/AbdolhamidNet/status/1839770913484497166,"«فاجعه» جمعه خونین زاهدان «ظلم آشکار» و «نتیجۀ سال‌ها تبعیض» بود
در شورای امنیت ملی و شورای تامین استان یک اهل‌سنت هم حضور ندارد
هوشیاری و صبر و شکیبایی مردم استان سبب شد موضوع برای مسئولان روشن شود
 متاسفیم که هنوز دستور رهبری در مورد جمعه خونین به اجرا درنیامده است
3/4","The ""disaster"" of Zahedan's Bloody Friday was ""obvious oppression"" and ""the result of years of discrimination"".
There is not a single Sunni in the National Security Council and the Provincial Security Council
The vigilance and patience of the people of the province made the issue clear to the officials
 We are sorry that the leadership's order regarding Bloody Friday has not yet been implemented
3/4"
1839770915942416874,abdolhamidnet,2024-09-27 20:55:42.308000+00:00,"مردم خواهان «رسیدگی عادلانه» هستند
حفظ منافع ملت ایران بر تمام منافع و سیاست‌ها مقدم است
4/4
abdolhamid.net/persian/2024/0
…",0,0,0,https://x.com/AbdolhamidNet/status/1839770915942416874,"مردم خواهان «رسیدگی عادلانه» هستند
حفظ منافع ملت ایران بر تمام منافع و سیاست‌ها مقدم است
4/4
abdolhamid.net/persian/2024/0
…","People want a ""fair trial"".
Protecting the interests of the Iranian nation takes precedence over all interests and policies
4/4
abdolhamid.net/persian/2024/0
…"
1839689581156831541,abdolhamidnet,2024-09-27 15:32:30.584000+00:00, #فایل_تصویری #خطبه_جمعه (6 مهرماه 1403) را در یوتیوب مشاهده نمایید.,0,0,0,https://x.com/AbdolhamidNet/status/1839689581156831541, #فایل_تصویری #خطبه_جمعه (6 مهرماه 1403) را در یوتیوب مشاهده نمایید.,"Watch the video file of the Friday sermon (October 6, 1403) on YouTube."
1837966046705205593,abdolhamidnet,2024-09-22 21:23:47.949000+00:00,"پیام تسلیت درپی حادثه ناگوار معدن زغال سنگ طبس
abdolhamid.net/persian/2024/0
…",0,0,0,https://x.com/AbdolhamidNet/status/1837966046705205593,"پیام تسلیت درپی حادثه ناگوار معدن زغال سنگ طبس
abdolhamid.net/persian/2024/0
…","Condolence message after the Tabas coal mine accident
abdolhamid.net/persian/2024/0
…"
1837218984263045596,abdolhamidnet,2024-09-20 19:55:14.383000+00:00, #فایل_تصویری #خطبه_جمعه (30 شهریور 1403) را در یوتیوب مشاهده نمایید.,0,0,0,https://x.com/AbdolhamidNet/status/1837218984263045596, #فایل_تصویری #خطبه_جمعه (30 شهریور 1403) را در یوتیوب مشاهده نمایید.,Watch the video file of the Friday sermon (30 September 1403) on YouTube.
1837205368943808750,abdolhamidnet,2024-09-20 19:01:08.238000+00:00," مولانا عبدالحمید در مراسم نماز جمعه زاهدان 30 شهریور 1403:
حکومتداری پیامبر ﷺ بر پایۀ «ترحم و شفقت» و «اجرای عدالت» بود
پیامبر اکرم ﷺ «انسان» تربیت کرد
رسول‌الله ﷺ «معلم اخلاق» و نمونه‌ای از «ترحم و شفقت» بود
1/4",0,0,0,https://x.com/AbdolhamidNet/status/1837205368943808750," مولانا عبدالحمید در مراسم نماز جمعه زاهدان 30 شهریور 1403:
حکومتداری پیامبر ﷺ بر پایۀ «ترحم و شفقت» و «اجرای عدالت» بود
پیامبر اکرم ﷺ «انسان» تربیت کرد
رسول‌الله ﷺ «معلم اخلاق» و نمونه‌ای از «ترحم و شفقت» بود
1/4","Maulana Abdul Hamid during Friday prayers in Zahedan, 30 Shahrivar 1403:
The governance of the Prophet ﷺ was based on ""compassion and compassion"" and ""execution of justice"".
The Holy Prophet ﷺ trained ""man"".
Rasulullah ﷺ was a ""teacher of ethics"" and an example of ""pity and compassion"".
1/4"
1837205376061845954,abdolhamidnet,2024-09-20 19:01:09.935000+00:00,"«گسترش عدالت» بهترین راه برای ‌حل مشکلات است
اعدام‌ها مردم را آزار می‌دهند
مسائل دینی و مذهبی را «سیاسی» نکنید
«ترحم» و «رسیدگی به خواسته‌های مردم» را تجربه کنید؛ مطمئن باشید جواب می‌دهد
انفجارها در لبنان «صد در صد تروریستی» و «محکوم» هستند
3/4",0,0,0,https://x.com/AbdolhamidNet/status/1837205376061845954,"«گسترش عدالت» بهترین راه برای ‌حل مشکلات است
اعدام‌ها مردم را آزار می‌دهند
مسائل دینی و مذهبی را «سیاسی» نکنید
«ترحم» و «رسیدگی به خواسته‌های مردم» را تجربه کنید؛ مطمئن باشید جواب می‌دهد
انفجارها در لبنان «صد در صد تروریستی» و «محکوم» هستند
3/4","""Spreading justice"" is the best way to solve problems
Executions hurt people
Do not ""politicize"" religious issues
Experience ""compassion"" and ""meeting people's wishes""; Be sure it will work
The explosions in Lebanon are ""one hundred percent terrorist"" and ""reprehensible"".
3/4"
1837205379588980900,abdolhamidnet,2024-09-20 19:01:10.776000+00:00,"جامعه جهانی جلوی ظلم و تجاوز اسرائیل را بگیرد
4/4
abdolhamid.net/persian/2024/0
…",0,0,0,https://x.com/AbdolhamidNet/status/1837205379588980900,"جامعه جهانی جلوی ظلم و تجاوز اسرائیل را بگیرد
4/4
abdolhamid.net/persian/2024/0
…","The international community should stop Israel's oppression and aggression
4/4
abdolhamid.net/persian/2024/0
…"
