tweet_id,username,created_at,text,replies,retweets,likes,url,year,month,date,Text_original,Text_en
2022731065022922884,abdolhamidnetar,2026-02-14 19:54:01.084,"فضيلة الشيخ عبد الحميد في خطبة الجمعة بمدينة زاهدان:
على المسؤولين أن يعتذروا للشعب بدلًا من تبرير ما حدث، وأن يستجيبوا لمطالبه",0,0,0,https://x.com/AbdolhamidNetAr/status/2022731065022922884,2026,2,2026-02-14,"فضيلة الشيخ عبد الحميد في خطبة الجمعة بمدينة زاهدان:
على المسؤولين أن يعتذروا للشعب بدلًا من تبرير ما حدث، وأن يستجيبوا لمطالبه","His Eminence Sheikh Abdul Hamid in the Friday sermon in Zahedan:
Officials should apologize to the people instead of justifying what happened, and respond to their demands"
2020088401454854561,abdolhamidnetar,2026-02-07 12:53:00.991,"فضيلة الشيخ عبد الحميد في خطبة الجمعة بزاهدان:
الشعب الإيراني ثار عام 1979 من أجل “العدالة” و”حياة أفضل”",0,0,0,https://x.com/AbdolhamidNetAr/status/2020088401454854561,2026,2,2026-02-07,"فضيلة الشيخ عبد الحميد في خطبة الجمعة بزاهدان:
الشعب الإيراني ثار عام 1979 من أجل “العدالة” و”حياة أفضل”","His Eminence Sheikh Abdul Hamid in the Friday sermon in Zahedan:
The Iranian people revolted in 1979 for “justice” and “a better life.”"
2017559639970193563,abdolhamidnetar,2026-01-31 13:24:37.271,"فضيلة الشيخ عبد الحميد في خطبة الجمعة بمدينة زاهدان:
أفضل وسيلة لتجنّب الحرب هي الاستجابة لمطالب الشعب الإيراني",0,0,0,https://x.com/AbdolhamidNetAr/status/2017559639970193563,2026,1,2026-01-31,"فضيلة الشيخ عبد الحميد في خطبة الجمعة بمدينة زاهدان:
أفضل وسيلة لتجنّب الحرب هي الاستجابة لمطالب الشعب الإيراني","His Eminence Sheikh Abdul Hamid in the Friday sermon in Zahedan:
The best way to avoid war is to respond to the demands of the Iranian people"
2015524095337566649,abdolhamidnetar,2026-01-25 22:36:05.612,"رغم القيود الصارمة المفروضة على الإنترنت، بدأت وسائل الإعلام تنشر تدريجيًا مشاهد من المجازر المروّعة والوحشية بحقّ المتظاهرين في مختلف المحافظات، مما يشير إلى مجزرة منظّمة تتكشف زواياها تباعًا.
لقد خلّفت هذه الفاجعة شرخًا عميقًا لا يمكن إصلاحه بين الشعب الإيراني والحكومة.",0,0,0,https://x.com/AbdolhamidNetAr/status/2015524095337566649,2026,1,2026-01-25,"رغم القيود الصارمة المفروضة على الإنترنت، بدأت وسائل الإعلام تنشر تدريجيًا مشاهد من المجازر المروّعة والوحشية بحقّ المتظاهرين في مختلف المحافظات، مما يشير إلى مجزرة منظّمة تتكشف زواياها تباعًا.
لقد خلّفت هذه الفاجعة شرخًا عميقًا لا يمكن إصلاحه بين الشعب الإيراني والحكومة.","Despite the strict restrictions imposed on the Internet, the media gradually began publishing scenes of horrific and brutal massacres against demonstrators in various governorates, indicating an organized massacre whose corners are gradually unfolding.
This tragedy has left a deep and irreparable rift between the Iranian people and the government."
2015038428400742775,abdolhamidnetar,2026-01-24 14:26:13.591,"فضيلة الشيخ عبد الحمید في خطبة الجمعة بمدينة زاهدان:
العدد الكبير لضحايا الاحتجاجات الأخيرة أثار دهشة وذهول الشعب الإيراني والعالم",0,0,0,https://x.com/AbdolhamidNetAr/status/2015038428400742775,2026,1,2026-01-24,"فضيلة الشيخ عبد الحمید في خطبة الجمعة بمدينة زاهدان:
العدد الكبير لضحايا الاحتجاجات الأخيرة أثار دهشة وذهول الشعب الإيراني والعالم","His Eminence Sheikh Abdul Hamid in the Friday sermon in Zahedan:
The large number of victims of the recent protests has astonished and astonished the Iranian people and the world"
2012281534380732686,abdolhamidnetar,2026-01-16 23:51:18.836,"فضيلة الشيخ عبد الحميد في خطبة الجمعة بزاھدان:
نُدين بشدّة قتلَ الناس في الاحتجاجات الأخيرة ونعزّي عائلات الضحايا",0,0,0,https://x.com/AbdolhamidNetAr/status/2012281534380732686,2026,1,2026-01-16,"فضيلة الشيخ عبد الحميد في خطبة الجمعة بزاھدان:
نُدين بشدّة قتلَ الناس في الاحتجاجات الأخيرة ونعزّي عائلات الضحايا","His Eminence Sheikh Abdul Hamid in the Friday sermon in Zahedan:
We strongly condemn the killing of people in the recent protests and offer our condolences to the families of the victims"
2011198830830895599,abdolhamidnetar,2026-01-14 00:09:02.194,"كان مقتل آلاف المتظاهرين في طهران ومدن أخرى خلال بضعة أيام، فاجعةً مروّعة وغير مسبوقة.
قد أغرق هذا الحدث المرير الشعب الإيراني في الحزن والغضب، وأصاب ضمائر الأحرار في جميع أنحاء العالم بجرح عميق.
لا شك أن مرتكبي هذه الجريمة سيُحاسبون في الدنيا، وسيُعاقبون عقابًا إلهيًا في الآخرة.",0,0,0,https://x.com/AbdolhamidNetAr/status/2011198830830895599,2026,1,2026-01-14,"كان مقتل آلاف المتظاهرين في طهران ومدن أخرى خلال بضعة أيام، فاجعةً مروّعة وغير مسبوقة.
قد أغرق هذا الحدث المرير الشعب الإيراني في الحزن والغضب، وأصاب ضمائر الأحرار في جميع أنحاء العالم بجرح عميق.
لا شك أن مرتكبي هذه الجريمة سيُحاسبون في الدنيا، وسيُعاقبون عقابًا إلهيًا في الآخرة.","The killing of thousands of demonstrators in Tehran and other cities within a few days was a horrific and unprecedented tragedy.
This bitter event has plunged the Iranian people into grief and anger, and deeply wounded the consciences of free people around the world.
There is no doubt that the perpetrators of this crime will be held accountable in this world, and will be punished with divine punishment in the afterlife."
2010025687378514237,abdolhamidnetar,2026-01-10 18:27:22.999,"فضيلة الشيخ عبد الحميد في خطبة الجمعة بمدينة زاهدان:
الشعب الإيراني خرج إلى الساحة من أجل «تغييرات جذرية»",0,0,0,https://x.com/AbdolhamidNetAr/status/2010025687378514237,2026,1,2026-01-10,"فضيلة الشيخ عبد الحميد في خطبة الجمعة بمدينة زاهدان:
الشعب الإيراني خرج إلى الساحة من أجل «تغييرات جذرية»","His Eminence Sheikh Abdul Hamid in the Friday sermon in Zahedan:
The Iranian people took to the stage for “radical changes”"
2008642849101746450,abdolhamidnetar,2026-01-06 22:52:28.662,مع تقديم التعازي لأسر الضحايا الذين سقطوا مؤخراً، نؤكد أن أي عنف مميت ضد المتظاهرين يعتبر جريمة بموجب القانون الدولي، وهو أيضًا محرَّم شرعًا وغير مبرر.,0,0,0,https://x.com/AbdolhamidNetAr/status/2008642849101746450,2026,1,2026-01-06,مع تقديم التعازي لأسر الضحايا الذين سقطوا مؤخراً، نؤكد أن أي عنف مميت ضد المتظاهرين يعتبر جريمة بموجب القانون الدولي، وهو أيضًا محرَّم شرعًا وغير مبرر.,"While offering our condolences to the families of the recently fallen victims, we affirm that any lethal violence against demonstrators is considered a crime under international law, and is also forbidden by Islamic law and unjustified."
2007399262225911978,abdolhamidnetar,2026-01-03 12:30:54.446,"فضيلة الشيخ عبد الحميد في خطبة الجمعة بزاهدان:
الأولوية الأولى والثانية والثالثة للحكومة يجب أن تكون الشعب الإيراني",0,0,0,https://x.com/AbdolhamidNetAr/status/2007399262225911978,2026,1,2026-01-03,"فضيلة الشيخ عبد الحميد في خطبة الجمعة بزاهدان:
الأولوية الأولى والثانية والثالثة للحكومة يجب أن تكون الشعب الإيراني","His Eminence Sheikh Abdul Hamid in the Friday sermon in Zahedan:
The government's first, second and third priority should be the Iranian people"
2006487204374393137,abdolhamidnetar,2026-01-01 00:06:42.909,أدت الظروف المعيشية القاسية والمأزق الراهن إلى تشكّل احتجاجات شعبية، كما أن التجاهل المستمر للنصائح المخلصة الداعية إلى إحداث تغييرات ضرورية وضع البلاد أمام أزمات سياسية واقتصادية حادة.,0,0,0,https://x.com/AbdolhamidNetAr/status/2006487204374393137,2026,1,2026-01-01,أدت الظروف المعيشية القاسية والمأزق الراهن إلى تشكّل احتجاجات شعبية، كما أن التجاهل المستمر للنصائح المخلصة الداعية إلى إحداث تغييرات ضرورية وضع البلاد أمام أزمات سياسية واقتصادية حادة.,"The harsh living conditions and the current impasse have led to the formation of popular protests, and the continued disregard for sincere advice calling for necessary changes has placed the country facing severe political and economic crises."
2004680227407212587,abdolhamidnetar,2025-12-27 00:26:26.028,"فضيلة الشيخ عبد الحمید في خطبة الجمعة في زاهدان:
يجب مكافحة ارتفاع التضخم بدلاً من زيادة نسبة الميزانية",0,0,0,https://x.com/AbdolhamidNetAr/status/2004680227407212587,2025,12,2025-12-27,"فضيلة الشيخ عبد الحمید في خطبة الجمعة في زاهدان:
يجب مكافحة ارتفاع التضخم بدلاً من زيادة نسبة الميزانية","His Eminence Sheikh Abdul Hamid in the Friday sermon in Zahedan:
High inflation should be combated rather than increasing the budget ratio"
2002812636468285441,abdolhamidnetar,2025-12-21 20:45:17.650,فضيلةُ الشيخ يعبّر عن قلقه إزاء تزايد الضغوط الأمنية على مجمّع الجامع المكّي,0,0,0,https://x.com/AbdolhamidNetAr/status/2002812636468285441,2025,12,2025-12-21,فضيلةُ الشيخ يعبّر عن قلقه إزاء تزايد الضغوط الأمنية على مجمّع الجامع المكّي,His Eminence the Sheikh expresses his concern about the increasing security pressures on the Mecca Mosque complex
2002111639588647145,abdolhamidnetar,2025-12-19 22:19:46.970,"فضيلة الشيخ عبد الحميد في خطبة الجمعة:
في النظام الحاكم في البلاد، ليست الدولة صاحبة القرار السياسي",0,0,0,https://x.com/AbdolhamidNetAr/status/2002111639588647145,2025,12,2025-12-19,"فضيلة الشيخ عبد الحميد في خطبة الجمعة:
في النظام الحاكم في البلاد، ليست الدولة صاحبة القرار السياسي","His Eminence Sheikh Abdul Hamid in the Friday sermon:
In the country's ruling system, the state is not the holder of the political decision"
1999958133540807018,abdolhamidnetar,2025-12-13 23:42:31.118,"فضيلة الشيخ عبد الحميد في خطبة الجمعة:
الوضع الاقتصادي للشعب حرج للغاية، والمسؤولون لا يمكنهم التهرب من المسؤولية",0,0,0,https://x.com/AbdolhamidNetAr/status/1999958133540807018,2025,12,2025-12-13,"فضيلة الشيخ عبد الحميد في خطبة الجمعة:
الوضع الاقتصادي للشعب حرج للغاية، والمسؤولون لا يمكنهم التهرب من المسؤولية","His Eminence Sheikh Abdul Hamid in the Friday sermon:
The economic situation of the people is very critical, and officials cannot evade responsibility"
1998769448208011449,abdolhamidnetar,2025-12-10 16:59:06.450,تقرير عن رحلة فضيلة الشيخ عبد الحميد إلى جنوب سيستان وبلوشستان,0,0,0,https://x.com/AbdolhamidNetAr/status/1998769448208011449,2025,12,2025-12-10,تقرير عن رحلة فضيلة الشيخ عبد الحميد إلى جنوب سيستان وبلوشستان,Report on the trip of His Eminence Sheikh Abdul Hamid to southern Sistan and Baluchestan
1997689880395288860,abdolhamidnetar,2025-12-07 17:29:17.426,"فضيلة الشيخ عبدالحمید في خطبة الجمعة:
لا يبدو أي منفذ للخروج من المآزق الاقتصادية والسياسية",0,0,0,https://x.com/AbdolhamidNetAr/status/1997689880395288860,2025,12,2025-12-07,"فضيلة الشيخ عبدالحمید في خطبة الجمعة:
لا يبدو أي منفذ للخروج من المآزق الاقتصادية والسياسية","His Eminence Sheikh Abdul Hamid in the Friday sermon:
There appears to be no way out of the economic and political impasses"
1994856613396844776,abdolhamidnetar,2025-11-29 21:50:53.934,"فضيلة الشيخ عبد الحميد في خطبة الجمعة:
لا ينبغي إنفاق ثروات الشعب الإيراني في أماكن أخرى",0,0,0,https://x.com/AbdolhamidNetAr/status/1994856613396844776,2025,11,2025-11-29,"فضيلة الشيخ عبد الحميد في خطبة الجمعة:
لا ينبغي إنفاق ثروات الشعب الإيراني في أماكن أخرى","His Eminence Sheikh Abdul Hamid in the Friday sermon:
The wealth of the Iranian people should not be spent elsewhere"
1992214254594691502,abdolhamidnetar,2025-11-22 14:51:06.503,"فضيلة الشيخ عبدالحمید في خطبة الجمعة:
الأحكام الإسلامية لا ينبغي أن تُضحَّى بها من أجل السياسة والحفاظ على السلطة",0,0,0,https://x.com/AbdolhamidNetAr/status/1992214254594691502,2025,11,2025-11-22,"فضيلة الشيخ عبدالحمید في خطبة الجمعة:
الأحكام الإسلامية لا ينبغي أن تُضحَّى بها من أجل السياسة والحفاظ على السلطة","His Eminence Sheikh Abdul Hamid in the Friday sermon:
Islamic rulings should not be sacrificed for the sake of politics and the preservation of power"
1992213069645107671,abdolhamidnetar,2025-11-22 14:46:23.989,رسالة تعزية من فضيلة الشيخ عبد الحميد في وفاة الدكتور محمد فاضلي سقزي,0,0,0,https://x.com/AbdolhamidNetAr/status/1992213069645107671,2025,11,2025-11-22,رسالة تعزية من فضيلة الشيخ عبد الحميد في وفاة الدكتور محمد فاضلي سقزي,A message of condolence from His Eminence Sheikh Abdul Hamid on the death of Dr. Muhammad Fadli Saqzi
1989418758520328227,abdolhamidnetar,2025-11-14 21:42:48.301,"فضيلة الشيخ عبد الحميد في خطبة الجمعة بمدينة تشابهار:
من حقّ أهالي تشابهار والمنطقة أن يكونوا في مقدمة المستفيدين من المشاريع الكبرى",0,0,0,https://x.com/AbdolhamidNetAr/status/1989418758520328227,2025,11,2025-11-14,"فضيلة الشيخ عبد الحميد في خطبة الجمعة بمدينة تشابهار:
من حقّ أهالي تشابهار والمنطقة أن يكونوا في مقدمة المستفيدين من المشاريع الكبرى","His Eminence Sheikh Abdul Hamid in the Friday sermon in the city of Chabahar:
The people of Chabahar and the region have the right to be at the forefront of beneficiaries of major projects"
1987175219836920295,abdolhamidnetar,2025-11-08 17:07:46.996,"فضيلة الشيخ عبد الحميد في خطبة الجمعة:
لا ينبغي أن تُضحّى مصالحُ الشعب من أجل السياسات الداخلية والخارجية",0,0,0,https://x.com/AbdolhamidNetAr/status/1987175219836920295,2025,11,2025-11-08,"فضيلة الشيخ عبد الحميد في خطبة الجمعة:
لا ينبغي أن تُضحّى مصالحُ الشعب من أجل السياسات الداخلية والخارجية","His Eminence Sheikh Abdul Hamid in the Friday sermon:
The interests of the people should not be sacrificed for the sake of domestic and foreign policies"
1984946565505548558,abdolhamidnetar,2025-11-02 13:31:54.397,"فضيلة الشيخ عبد الحميد في خطبة الجمعة:
البلاد تواجه أزمة في الإدارة",0,0,0,https://x.com/AbdolhamidNetAr/status/1984946565505548558,2025,11,2025-11-02,"فضيلة الشيخ عبد الحميد في خطبة الجمعة:
البلاد تواجه أزمة في الإدارة","His Eminence Sheikh Abdul Hamid in the Friday sermon:
The country is facing a crisis in administration"
1974573749354869146,abdolhamidnetar,2025-10-04 23:34:02.309,"فضيلة الشيخ عبد الحميد في خطبة الجمعة:
لا بد من اتخاذ «آلية جديدة» من أجل «رفع العقوبات» و«درء الحرب» عن البلاد
abdolhamid.net/arabic/2025/10
…",0,0,0,https://x.com/AbdolhamidNetAr/status/1974573749354869146,2025,10,2025-10-04,"فضيلة الشيخ عبد الحميد في خطبة الجمعة:
لا بد من اتخاذ «آلية جديدة» من أجل «رفع العقوبات» و«درء الحرب» عن البلاد
abdolhamid.net/arabic/2025/10
…","His Eminence Sheikh Abdul Hamid in the Friday sermon:
A “new mechanism” must be taken to “lift sanctions” and “avert war” in the country
abdolhamid.net/arabic/2025/10
…"
1973502189873324493,abdolhamidnetar,2025-10-02 00:36:02.620,عودةُ العقوبات الدولية قد وضعت البلاد أمام أزماتٍ خطيرةٍ لا تُحتمل. عاد فريق التفاوض دون أيّ إنجاز يُذكَر. كان الشعب يطالب بتغييرٍ وإصلاحٍ في السياسات الفاشلة السابقة، لكن لا تشاهَد أي عزيمة أو إرادةٍ لدى المسؤولين لتحقيق هذه المطالب. واليوم لا يرى الشعب الإيراني أيّ نافذة أمل.,0,0,0,https://x.com/AbdolhamidNetAr/status/1973502189873324493,2025,10,2025-10-02,عودةُ العقوبات الدولية قد وضعت البلاد أمام أزماتٍ خطيرةٍ لا تُحتمل. عاد فريق التفاوض دون أيّ إنجاز يُذكَر. كان الشعب يطالب بتغييرٍ وإصلاحٍ في السياسات الفاشلة السابقة، لكن لا تشاهَد أي عزيمة أو إرادةٍ لدى المسؤولين لتحقيق هذه المطالب. واليوم لا يرى الشعب الإيراني أيّ نافذة أمل.,"The return of international sanctions has placed the country facing serious and unbearable crises. The negotiating team returned without any significant achievement. The people were demanding change and reform in previous failed policies, but there was no determination or will among officials to achieve these demands. Today, the Iranian people do not see any window of hope."
1973118773964980304,abdolhamidnetar,2025-09-30 23:12:29.144,بقلبٍ يملؤه الحزن، نُحيي ذكرى شهداءِ الجمعة الدامية في زاهدان وخاش. نسأل الله أن يَجعلهم في عداد شهداءِ بدرٍ وأُحد. هؤلاء الشهداءُ المظلومون لن يُنسَوا أبداً.,0,0,0,https://x.com/AbdolhamidNetAr/status/1973118773964980304,2025,9,2025-09-30,بقلبٍ يملؤه الحزن، نُحيي ذكرى شهداءِ الجمعة الدامية في زاهدان وخاش. نسأل الله أن يَجعلهم في عداد شهداءِ بدرٍ وأُحد. هؤلاء الشهداءُ المظلومون لن يُنسَوا أبداً.,"With a heart full of sadness, we commemorate the martyrs of Bloody Friday in Zahedan and Khash. We ask God to count them among the martyrs of Badr and Uhud. These oppressed martyrs will never be forgotten."
1972288636373921848,abdolhamidnetar,2025-09-28 16:13:48.919,"فضيلة الشيخ عبد الحميد في خطبة الجمعة:
الاعتذار الرسمي وإدانة المسؤولين لجريمة “الجمعة الدامية” إنجاز كبير/ المطالبة بالحقوق مستمرة حتى يتحقق العدل والمساواة
abdolhamid.net/arabic/2025/09
…",0,0,0,https://x.com/AbdolhamidNetAr/status/1972288636373921848,2025,9,2025-09-28,"فضيلة الشيخ عبد الحميد في خطبة الجمعة:
الاعتذار الرسمي وإدانة المسؤولين لجريمة “الجمعة الدامية” إنجاز كبير/ المطالبة بالحقوق مستمرة حتى يتحقق العدل والمساواة
abdolhamid.net/arabic/2025/09
…","His Eminence Sheikh Abdul Hamid in the Friday sermon:
The official apology and condemnation of those responsible for the crime of “Bloody Friday” is a major achievement/the demand for rights will continue until justice and equality are achieved.
abdolhamid.net/arabic/2025/09
…"
1970891263705542730,abdolhamidnetar,2025-09-24 19:41:09.313,"فضيلة الشيخ عبد الحميد ينعى المفتي العام للمملكة العربية السعودية
abdolhamid.net/arabic/2025/09
…",0,0,0,https://x.com/AbdolhamidNetAr/status/1970891263705542730,2025,9,2025-09-24,"فضيلة الشيخ عبد الحميد ينعى المفتي العام للمملكة العربية السعودية
abdolhamid.net/arabic/2025/09
…","His Eminence Sheikh Abdul Hamid mourns the Grand Mufti of the Kingdom of Saudi Arabia
abdolhamid.net/arabic/2025/09
…"
1970481617077707085,abdolhamidnetar,2025-09-23 16:33:21.946,"فضيلة الشيخ عبد الحميد في جلسة مواساة عوائل شهداء الجمعة الدامية:
نأمل أن يكون «اعتذار أعضاء مجلس أمن المحافظة» لأسر الشهداء والجرحى في جمعة زاهدان الدامية سببًا للتعزية
abdolhamid.net/arabic/2025/09
…",0,0,0,https://x.com/AbdolhamidNetAr/status/1970481617077707085,2025,9,2025-09-23,"فضيلة الشيخ عبد الحميد في جلسة مواساة عوائل شهداء الجمعة الدامية:
نأمل أن يكون «اعتذار أعضاء مجلس أمن المحافظة» لأسر الشهداء والجرحى في جمعة زاهدان الدامية سببًا للتعزية
abdolhamid.net/arabic/2025/09
…","His Eminence Sheikh Abdul Hamid in a sympathy session for the families of the martyrs of Bloody Friday:
We hope that the “apology of members of the Provincial Security Council” to the families of the martyrs and those wounded in the bloody Friday of Zahedan will be a reason for condolence.
abdolhamid.net/arabic/2025/09
…"
1969760911670874603,abdolhamidnetar,2025-09-21 16:49:32.387,"فضيلة الشيخ عبد الحميد في خطبة الجمعة بزاهدان:
أنفقوا على التربية السليمة لأولادكم
abdolhamid.net/arabic/2025/09
…",0,0,0,https://x.com/AbdolhamidNetAr/status/1969760911670874603,2025,9,2025-09-21,"فضيلة الشيخ عبد الحميد في خطبة الجمعة بزاهدان:
أنفقوا على التربية السليمة لأولادكم
abdolhamid.net/arabic/2025/09
…","His Eminence Sheikh Abdul Hamid in the Friday sermon in Zahedan:
Spend on the proper education of your children
abdolhamid.net/arabic/2025/09
…"
1966880858436235629,abdolhamidnetar,2025-09-13 18:05:14.187,"#فيديو

 فضيلة الشيخ #عبد_الحميد إسماعيل زهي، إمام وخطيب #أهل_السنة ورئيس جامعة دار العلوم بمدينة #زاهدان، يدين #الهجوم_الإسرائيلي على #قطر",0,0,0,https://x.com/AbdolhamidNetAr/status/1966880858436235629,2025,9,2025-09-13,"#فيديو

 فضيلة الشيخ #عبد_الحميد إسماعيل زهي، إمام وخطيب #أهل_السنة ورئيس جامعة دار العلوم بمدينة #زاهدان، يدين #الهجوم_الإسرائيلي على #قطر","#Video

 His Eminence Sheikh #Abdul_Hamid Ismail Zahi, Imam and preacher of #Ahlul_Sunnah and President of Dar Al Uloom University in #Zahedan, condemns the #Israeli_attack on #Qatar"
1965027008720822458,abdolhamidnetar,2025-09-08 15:18:41.972,"فضيلة الشيخ عبد الحميد في خطبة الجمعة بمدينة سوران:
السير على طريق الفطرة يمنح الإنسان قيمة عند الله والناس
abdolhamid.net/arabic/2025/09
…",0,0,0,https://x.com/AbdolhamidNetAr/status/1965027008720822458,2025,9,2025-09-08,"فضيلة الشيخ عبد الحميد في خطبة الجمعة بمدينة سوران:
السير على طريق الفطرة يمنح الإنسان قيمة عند الله والناس
abdolhamid.net/arabic/2025/09
…","His Eminence Sheikh Abdul Hamid in the Friday sermon in the city of Soran:
Walking on the path of common sense gives a person value before God and people
abdolhamid.net/arabic/2025/09
…"
1961764748002795707,abdolhamidnetar,2025-08-30 15:15:38.407,"فضيلة الشيخ عبد الحمید في خطبة الجمعة:
تفعيل آلية “سناباك” وتصعيد العقوبات يجعل حياة الشعب أصعب؛ على المسؤولين أن يتصرفوا بصدق وبُعد نظر لإيجاد الحلول
abdolhamid.net/arabic/2025/08
…",0,0,0,https://x.com/AbdolhamidNetAr/status/1961764748002795707,2025,8,2025-08-30,"فضيلة الشيخ عبد الحمید في خطبة الجمعة:
تفعيل آلية “سناباك” وتصعيد العقوبات يجعل حياة الشعب أصعب؛ على المسؤولين أن يتصرفوا بصدق وبُعد نظر لإيجاد الحلول
abdolhamid.net/arabic/2025/08
…","His Eminence Sheikh Abdul Hamid in the Friday sermon:
Activating the “Snapak” mechanism and escalating sanctions makes the people’s lives more difficult. Officials must act honestly and far-sighted to find solutions
abdolhamid.net/arabic/2025/08
…"
1959370232629256618,abdolhamidnetar,2025-08-24 00:40:41.454,"فضيلة الشيخ عبد الحمید في خطبة الجمعة:
في الحرب لا يُقسم الحلوى؛ على المسؤولين أن يتدبروا لمنع الحرب
abdolhamid.net/arabic/2025/08
…",0,0,0,https://x.com/AbdolhamidNetAr/status/1959370232629256618,2025,8,2025-08-24,"فضيلة الشيخ عبد الحمید في خطبة الجمعة:
في الحرب لا يُقسم الحلوى؛ على المسؤولين أن يتدبروا لمنع الحرب
abdolhamid.net/arabic/2025/08
…","His Eminence Sheikh Abdul Hamid in the Friday sermon:
In war, sweets are not divided; Officials must take precautions to prevent war
abdolhamid.net/arabic/2025/08
…"
1956684421483864153,abdolhamidnetar,2025-08-16 14:48:14.177,"فضيلة الشيخ عبد الحميد في خطبة الجمعة:
الشعب لا يطيق المزيد من العقوبات وحربا جديدة؛ لا بد من التوصل إلى اتفاق
abdolhamid.net/arabic/2025/08
…",0,0,0,https://x.com/AbdolhamidNetAr/status/1956684421483864153,2025,8,2025-08-16,"فضيلة الشيخ عبد الحميد في خطبة الجمعة:
الشعب لا يطيق المزيد من العقوبات وحربا جديدة؛ لا بد من التوصل إلى اتفاق
abdolhamid.net/arabic/2025/08
…","His Eminence Sheikh Abdul Hamid in the Friday sermon:
The people cannot tolerate more sanctions and a new war. An agreement must be reached
abdolhamid.net/arabic/2025/08
…"
1954218939539493276,abdolhamidnetar,2025-08-09 19:31:17.475,"فضيلة الشيخ عبدالحميد في خطبة الجمعة بمدينة زاهدان:
ما لم يعدّل الدستور، لن تحلّ مشكلات البلاد
abdolhamid.net/arabic/2025/08
…",0,0,0,https://x.com/AbdolhamidNetAr/status/1954218939539493276,2025,8,2025-08-09,"فضيلة الشيخ عبدالحميد في خطبة الجمعة بمدينة زاهدان:
ما لم يعدّل الدستور، لن تحلّ مشكلات البلاد
abdolhamid.net/arabic/2025/08
…","His Eminence Sheikh Abdul Hamid in the Friday sermon in Zahedan:
Unless the constitution is amended, the country's problems will not be solved
abdolhamid.net/arabic/2025/08
…"
1951622168212644045,abdolhamidnetar,2025-08-02 15:32:38.945,"فضيلة الشيخ عبد الحميد في خطبة الجمعة:
مشكلات البلاد تعود إلى «ضعف الإدارة» و«معايير التوظيف»، والسياسات السابقة وصلت إلى طريق مسدود
abdolhamid.net/arabic/2025/08
…",0,0,0,https://x.com/AbdolhamidNetAr/status/1951622168212644045,2025,8,2025-08-02,"فضيلة الشيخ عبد الحميد في خطبة الجمعة:
مشكلات البلاد تعود إلى «ضعف الإدارة» و«معايير التوظيف»، والسياسات السابقة وصلت إلى طريق مسدود
abdolhamid.net/arabic/2025/08
…","His Eminence Sheikh Abdul Hamid in the Friday sermon:
The country's problems are due to ""weak administration"" and ""employment standards"", and previous policies have reached a dead end
abdolhamid.net/arabic/2025/08
…"
1949445966224052588,abdolhamidnetar,2025-07-27 15:25:11.959,"فضيلة الشيخ عبد الحميد في خطبة الجمعة بزاهدان:
على الدول الإسلامية أن تتوحّد في قضية غزة
abdolhamid.net/arabic/2025/07
…",0,0,0,https://x.com/AbdolhamidNetAr/status/1949445966224052588,2025,7,2025-07-27,"فضيلة الشيخ عبد الحميد في خطبة الجمعة بزاهدان:
على الدول الإسلامية أن تتوحّد في قضية غزة
abdolhamid.net/arabic/2025/07
…","His Eminence Sheikh Abdul Hamid in the Friday sermon in Zahedan:
Islamic countries must unite on the Gaza issue
abdolhamid.net/arabic/2025/07
…"
1949184849920598332,abdolhamidnetar,2025-07-26 22:07:36.981,"فضيلة الشيخ عبد الحميد يدين الهجوم على محكمة سيستان وبلوشستان
abdolhamid.net/arabic/2025/07
…",0,0,0,https://x.com/AbdolhamidNetAr/status/1949184849920598332,2025,7,2025-07-26,"فضيلة الشيخ عبد الحميد يدين الهجوم على محكمة سيستان وبلوشستان
abdolhamid.net/arabic/2025/07
…","His Eminence Sheikh Abdul Hamid condemns the attack on the Sistan and Baluchestan Court
abdolhamid.net/arabic/2025/07
…"
1946938434641101265,abdolhamidnetar,2025-07-20 17:21:09.842,"فضيلة الشيخ عبدالحمید في خطبة الجمعة:
“الرؤية الطائفية والحزبية” سبب “الخلافات الداخلية” و”استياء الشعب”
abdolhamid.net/arabic/2025/07
…",0,0,0,https://x.com/AbdolhamidNetAr/status/1946938434641101265,2025,7,2025-07-20,"فضيلة الشيخ عبدالحمید في خطبة الجمعة:
“الرؤية الطائفية والحزبية” سبب “الخلافات الداخلية” و”استياء الشعب”
abdolhamid.net/arabic/2025/07
…","His Eminence Sheikh Abdul Hamid in the Friday sermon:
“Sectarian and partisan vision” is the cause of “internal disputes” and “people’s dissatisfaction”
abdolhamid.net/arabic/2025/07
…"
1944789874722099347,abdolhamidnetar,2025-07-14 19:03:33.239,"تقرير عن رحلة فضيلة الشيخ عبد الحميد إلى أفغانستان
abdolhamid.net/arabic/2025/07
…",0,0,0,https://x.com/AbdolhamidNetAr/status/1944789874722099347,2025,7,2025-07-14,"تقرير عن رحلة فضيلة الشيخ عبد الحميد إلى أفغانستان
abdolhamid.net/arabic/2025/07
…","Report on the trip of His Eminence Sheikh Abdul Hamid to Afghanistan
abdolhamid.net/arabic/2025/07
…"
1944005572375842839,abdolhamidnetar,2025-07-12 15:07:00.988,"فضيلة الشيخ عبد الحميد في خطبة الجمعة بمدينة زاهدان:
تطبيق العدالة يجب أن يكون الهمّ الأكبر للحكومات
abdolhamid.net/arabic/2025/07
…",0,0,0,https://x.com/AbdolhamidNetAr/status/1944005572375842839,2025,7,2025-07-12,"فضيلة الشيخ عبد الحميد في خطبة الجمعة بمدينة زاهدان:
تطبيق العدالة يجب أن يكون الهمّ الأكبر للحكومات
abdolhamid.net/arabic/2025/07
…","His Eminence Sheikh Abdul Hamid in the Friday sermon in Zahedan:
Implementing justice should be the greatest concern of governments
abdolhamid.net/arabic/2025/07
…"
1941842991829664123,abdolhamidnetar,2025-07-06 15:53:41.607,"فضيلة الشيخ عبدالحميد في خطبة الجمعة بزاهدان:
البلاد في الظروف الحالية بحاجة إلى “آلية جديدة”
abdolhamid.net/arabic/2025/07
…",0,0,0,https://x.com/AbdolhamidNetAr/status/1941842991829664123,2025,7,2025-07-06,"فضيلة الشيخ عبدالحميد في خطبة الجمعة بزاهدان:
البلاد في الظروف الحالية بحاجة إلى “آلية جديدة”
abdolhamid.net/arabic/2025/07
…","His Eminence Sheikh Abdul Hamid in the Friday sermon in Zahedan:
In the current circumstances, the country needs a “new mechanism”
abdolhamid.net/arabic/2025/07
…"
1940727283612074452,abdolhamidnetar,2025-07-03 14:00:16.039,الحادث المؤسف الذي وقع في منطقة غونيچ بمدينة خاش، والذي أسفر عن إصابة عدد من المواطنين وأثار استياءً عامًا، والذي يُعدّ دليلاً على سوء تدبير بعض العناصر الأمنية في ظل الظروف الحساسة الراهنة، ندعو إلى التحلي بالهدوء وضبط النفس، كما نأمل من مجلس الأمن في المحافظة أن يقوم بالتحقيق+,0,0,0,https://x.com/AbdolhamidNetAr/status/1940727283612074452,2025,7,2025-07-03,الحادث المؤسف الذي وقع في منطقة غونيچ بمدينة خاش، والذي أسفر عن إصابة عدد من المواطنين وأثار استياءً عامًا، والذي يُعدّ دليلاً على سوء تدبير بعض العناصر الأمنية في ظل الظروف الحساسة الراهنة، ندعو إلى التحلي بالهدوء وضبط النفس، كما نأمل من مجلس الأمن في المحافظة أن يقوم بالتحقيق+,+
1940727288389349413,abdolhamidnetar,2025-07-03 14:00:17.178,في الحادث بدقة وحيادية تامة، وأن يتّخذ إجراءات صارمة ضد المتسببين والمتجاوزين.,0,0,0,https://x.com/AbdolhamidNetAr/status/1940727288389349413,2025,7,2025-07-03,في الحادث بدقة وحيادية تامة، وأن يتّخذ إجراءات صارمة ضد المتسببين والمتجاوزين.,"In the accident with complete accuracy and impartiality, and to take strict measures against the perpetrators and transgressors."
1940394203324055890,abdolhamidnetar,2025-07-02 15:56:43.510,إيران وأفغانستان جارتان بينهما علاقات تاريخية ومصالح مشتركة، والترحيب الحار من الإيرانيين بأشقائهم الأفغان دليل على عمق هذه العلاقات. من المتوقع أن يُعامل المخالفون بالعدل، وإذا اقتضت الحاجة، يتم إعادة الآخرين مع مراعاة المهلة المناسبة وحفظ كرامتهم.,0,0,0,https://x.com/AbdolhamidNetAr/status/1940394203324055890,2025,7,2025-07-02,إيران وأفغانستان جارتان بينهما علاقات تاريخية ومصالح مشتركة، والترحيب الحار من الإيرانيين بأشقائهم الأفغان دليل على عمق هذه العلاقات. من المتوقع أن يُعامل المخالفون بالعدل، وإذا اقتضت الحاجة، يتم إعادة الآخرين مع مراعاة المهلة المناسبة وحفظ كرامتهم.,"Iran and Afghanistan are neighbors with historical relations and common interests, and the Iranians’ warm welcome to their Afghan brothers is evidence of the depth of these relations. It is expected that violators will be treated fairly and, if necessary, that others will be returned with appropriate notice and dignity preserved."
1939289334609555735,abdolhamidnetar,2025-06-29 14:46:22.281,"فضيلة الشيخ عبد الحميد في خطبة الجمعة بمدينة زاهدان:
الحجّ ملتقى الثقافات واللغات والألوان المختلفة تحت شعار ولباس واحد
abdolhamid.net/arabic/2025/06
…",0,0,0,https://x.com/AbdolhamidNetAr/status/1939289334609555735,2025,6,2025-06-29,"فضيلة الشيخ عبد الحميد في خطبة الجمعة بمدينة زاهدان:
الحجّ ملتقى الثقافات واللغات والألوان المختلفة تحت شعار ولباس واحد
abdolhamid.net/arabic/2025/06
…","His Eminence Sheikh Abdul Hamid in the Friday sermon in Zahedan:
Hajj is a meeting place of different cultures, languages and colors under one slogan and uniform
abdolhamid.net/arabic/2025/06
…"
1938567558061347161,abdolhamidnetar,2025-06-27 14:58:17.342,"عودة فضيلة الشيخ عبد الحميد إلى زاهدان بعد أداء مناسك الحج
abdolhamid.net/arabic/2025/06
…",0,0,0,https://x.com/AbdolhamidNetAr/status/1938567558061347161,2025,6,2025-06-27,"عودة فضيلة الشيخ عبد الحميد إلى زاهدان بعد أداء مناسك الحج
abdolhamid.net/arabic/2025/06
…","The return of His Eminence Sheikh Abdul Hamid to Zahedan after performing Hajj rituals
abdolhamid.net/arabic/2025/06
…"
1935058198282547416,abdolhamidnetar,2025-06-17 22:33:20.770,تحية حارة من جوار روضة رحمة للعالمين إلى الشعب الإيراني الشريف. الوطن يحترق بنيران المعتدين الأجانب وسوء تدبير القريبين. قلوبنا مع أبناء وطننا الأعزاء الذين اضطروا إلى مغادرة منازلهم. نطالب بالإفراج الفوري عن السجناء السياسيين،ونأمل من الغيورين على الوطن...,0,0,0,https://x.com/AbdolhamidNetAr/status/1935058198282547416,2025,6,2025-06-17,تحية حارة من جوار روضة رحمة للعالمين إلى الشعب الإيراني الشريف. الوطن يحترق بنيران المعتدين الأجانب وسوء تدبير القريبين. قلوبنا مع أبناء وطننا الأعزاء الذين اضطروا إلى مغادرة منازلهم. نطالب بالإفراج الفوري عن السجناء السياسيين،ونأمل من الغيورين على الوطن...,"Warm greetings from the neighborhood of the Garden of Mercy to the Worlds to the honorable Iranian people. The homeland is burning with the fire of foreign aggressors and the mismanagement of those close to it. Our hearts go out to our dear countrymen who had to leave their homes. We demand the immediate release of political prisoners, and we hope that those who are jealous of the homeland..."
1935058200950358351,abdolhamidnetar,2025-06-17 22:33:21.406,أن يكسروا جدار الصمت ويطرحوا حلولًا عملية.,0,0,0,https://x.com/AbdolhamidNetAr/status/1935058200950358351,2025,6,2025-06-17,أن يكسروا جدار الصمت ويطرحوا حلولًا عملية.,To break the wall of silence and offer practical solutions.
1933873303363403897,abdolhamidnetar,2025-06-14 16:04:59.807,إن الاعتداءات الإسرائيلية العدائية على إيران انتهاك صارخ للقانون الدولي وتهديد للسلام الإقليمي. مع إدانتنا لهذا العمل، نتوقع من مجلس الأمن أن يتحرك لاحتواء التوترات. الشعب الإيراني محب للسلام ويدعم الاتفاق النووي.,0,0,0,https://x.com/AbdolhamidNetAr/status/1933873303363403897,2025,6,2025-06-14,إن الاعتداءات الإسرائيلية العدائية على إيران انتهاك صارخ للقانون الدولي وتهديد للسلام الإقليمي. مع إدانتنا لهذا العمل، نتوقع من مجلس الأمن أن يتحرك لاحتواء التوترات. الشعب الإيراني محب للسلام ويدعم الاتفاق النووي.,"Israel's hostile attacks on Iran are a flagrant violation of international law and a threat to regional peace. While we condemn this action, we expect the Security Council to take action to contain the tensions. The Iranian people are peace-loving and support the nuclear agreement."
1923733956240806024,abdolhamidnetar,2025-05-17 16:34:51.073,"فضيلة الشيخ عبد الحميد يسافر إلى الحرمين الشريفين لأداء مناسك الحج
abdolhamid.net/arabic/2025/05
…",0,0,0,https://x.com/AbdolhamidNetAr/status/1923733956240806024,2025,5,2025-05-17,"فضيلة الشيخ عبد الحميد يسافر إلى الحرمين الشريفين لأداء مناسك الحج
abdolhamid.net/arabic/2025/05
…","His Eminence Sheikh Abdul Hamid travels to the Two Holy Mosques to perform Hajj rituals
abdolhamid.net/arabic/2025/05
…"
1923732686662672666,abdolhamidnetar,2025-05-17 16:29:48.382,"فضيلة الشيخ عبدالحمید في خطبة الجمعة:
الظروف في الشرق الأوسط “ظروف سلام”؛ ويجب على المسؤولين اغتنام هذه الفرصة
abdolhamid.net/arabic/2025/05
…",0,0,0,https://x.com/AbdolhamidNetAr/status/1923732686662672666,2025,5,2025-05-17,"فضيلة الشيخ عبدالحمید في خطبة الجمعة:
الظروف في الشرق الأوسط “ظروف سلام”؛ ويجب على المسؤولين اغتنام هذه الفرصة
abdolhamid.net/arabic/2025/05
…","His Eminence Sheikh Abdul Hamid in the Friday sermon:
Conditions in the Middle East are “conditions of peace”; Officials must seize this opportunity
abdolhamid.net/arabic/2025/05
…"
1922656434275111175,abdolhamidnetar,2025-05-14 17:13:09.817,إن أهلنا الشرفاء في كلاهي وميناب يستحقون اللطف والكرامة، وليس العنف والشدة. دفعهم الفقر والبطالة إلى نقل الوقود.إن تدمير ممتلكاتهم والمواجهات العنيفة ليست حلولاً للمشكلات، بل تؤدي إلى تعميق الجراحات.يحتاج هؤلاء المواطنون المتألمون إلى التعامل اللطيف،وليس المواجهات القاسية العنيفة,0,0,0,https://x.com/AbdolhamidNetAr/status/1922656434275111175,2025,5,2025-05-14,إن أهلنا الشرفاء في كلاهي وميناب يستحقون اللطف والكرامة، وليس العنف والشدة. دفعهم الفقر والبطالة إلى نقل الوقود.إن تدمير ممتلكاتهم والمواجهات العنيفة ليست حلولاً للمشكلات، بل تؤدي إلى تعميق الجراحات.يحتاج هؤلاء المواطنون المتألمون إلى التعامل اللطيف،وليس المواجهات القاسية العنيفة,"Our honorable people in Kalhay and Minab deserve kindness and dignity, not violence and severity. Poverty and unemployment pushed them to transport fuel. The destruction of their property and violent confrontations are not solutions to problems, but rather lead to deepening wounds. These suffering citizens need gentle treatment, not harsh, violent confrontations."
1918614631364407636,abdolhamidnetar,2025-05-03 13:32:28.910,"فضيلة الشيخ عبد الحميد في خطبة الجمعة:
على المسؤولين الشفافية بشأن انفجار بندر عباس
abdolhamid.net/arabic/2025/05
…",0,0,0,https://x.com/AbdolhamidNetAr/status/1918614631364407636,2025,5,2025-05-03,"فضيلة الشيخ عبد الحميد في خطبة الجمعة:
على المسؤولين الشفافية بشأن انفجار بندر عباس
abdolhamid.net/arabic/2025/05
…","His Eminence Sheikh Abdul Hamid in the Friday sermon:
Officials must be transparent about the Bandar Abbas explosion
abdolhamid.net/arabic/2025/05
…"
1916961845845360864,abdolhamidnetar,2025-04-29 00:04:54.135,"فضیلة الشيخ عبد الحميد:
الانفجار الذي وقع في بندرعباس مروع للغاية ويجب تحقيق دقيق لأسبابه
abdolhamid.net/arabic/2025/04
…",0,0,0,https://x.com/AbdolhamidNetAr/status/1916961845845360864,2025,4,2025-04-29,"فضیلة الشيخ عبد الحميد:
الانفجار الذي وقع في بندرعباس مروع للغاية ويجب تحقيق دقيق لأسبابه
abdolhamid.net/arabic/2025/04
…","His Eminence Sheikh Abdul Hamid:
The explosion that occurred in Bandar Abbas is extremely horrific and its causes must be thoroughly investigated
abdolhamid.net/arabic/2025/04
…"
1916081836490461620,abdolhamidnetar,2025-04-26 13:48:03.555,"فضيلة الشيخ عبد الحميد في خطبة الجمعة:
إهانة الصحابة مدانة بشدة، ويجب أن يواجه المسيئون أشد العقوبات
abdolhamid.net/arabic/2025/04
…",0,0,0,https://x.com/AbdolhamidNetAr/status/1916081836490461620,2025,4,2025-04-26,"فضيلة الشيخ عبد الحميد في خطبة الجمعة:
إهانة الصحابة مدانة بشدة، ويجب أن يواجه المسيئون أشد العقوبات
abdolhamid.net/arabic/2025/04
…","His Eminence Sheikh Abdul Hamid in the Friday sermon:
Insulting the Companions is strongly condemned, and abusers should face the harshest punishments
abdolhamid.net/arabic/2025/04
…"
1913670208448843924,abdolhamidnetar,2025-04-19 22:05:06.624,"فضيلة الشيخ عبد الحميد في خطبة الجمعة:
أوقفوا الإعدامات؛ فيه خيركم في الدنيا والآخرة
abdolhamid.net/arabic/2025/04
…",0,0,0,https://x.com/AbdolhamidNetAr/status/1913670208448843924,2025,4,2025-04-19,"فضيلة الشيخ عبد الحميد في خطبة الجمعة:
أوقفوا الإعدامات؛ فيه خيركم في الدنيا والآخرة
abdolhamid.net/arabic/2025/04
…","His Eminence Sheikh Abdul Hamid in the Friday sermon:
Stop executions; It is your best in this world and the hereafter
abdolhamid.net/arabic/2025/04
…"
1891208840613392518,abdolhamidnetar,2025-02-16 21:31:39.220,"رسالة تعزية لفضيلة الشيخ عبد الحميد في حادثة مقتل طالب بجامعة طهران
abdolhamid.net/arabic/2025/02
…",0,0,0,https://x.com/AbdolhamidNetAr/status/1891208840613392518,2025,2,2025-02-16,"رسالة تعزية لفضيلة الشيخ عبد الحميد في حادثة مقتل طالب بجامعة طهران
abdolhamid.net/arabic/2025/02
…","A message of condolence to His Eminence Sheikh Abdul Hamid in the incident of the killing of a student at the University of Tehran
abdolhamid.net/arabic/2025/02
…"
1890755487257272329,abdolhamidnetar,2025-02-15 15:30:11.357,"فضيلة الشيخ عبد الحميد في خطبة الجمعة في تشابهار:
على الإدارة المحلية للمحافظة ومنطقة تشابهار الحرة، إعطاء الأولوية لمصالح أهالي المناطق الساحلية
abdolhamid.net/arabic/2025/02
…",0,0,0,https://x.com/AbdolhamidNetAr/status/1890755487257272329,2025,2,2025-02-15,"فضيلة الشيخ عبد الحميد في خطبة الجمعة في تشابهار:
على الإدارة المحلية للمحافظة ومنطقة تشابهار الحرة، إعطاء الأولوية لمصالح أهالي المناطق الساحلية
abdolhamid.net/arabic/2025/02
…","His Eminence Sheikh Abdul Hamid in the Friday sermon in Chabahar:
The local administration of the province and Chabahar Free Zone must give priority to the interests of the people of the coastal areas
abdolhamid.net/arabic/2025/02
…"
1889777220224266572,abdolhamidnetar,2025-02-12 22:42:54.321,تواجه البلاد أزمات كبيرة وغير مسبوقة؛ إذا لم تكن لدى السلطات الدوافع اللازمة لحل المشكلات والتعامل مع القوى العالمية، فمن الحكمة والعقلانية التنازل للشعب الإيراني والخضوع لإرادته لمنع الانهيار الاجتماعي.,0,0,0,https://x.com/AbdolhamidNetAr/status/1889777220224266572,2025,2,2025-02-12,تواجه البلاد أزمات كبيرة وغير مسبوقة؛ إذا لم تكن لدى السلطات الدوافع اللازمة لحل المشكلات والتعامل مع القوى العالمية، فمن الحكمة والعقلانية التنازل للشعب الإيراني والخضوع لإرادته لمنع الانهيار الاجتماعي.,"The country is facing major and unprecedented crises. If the authorities do not have the necessary motivation to solve problems and deal with global powers, it is wise and rational to yield to the Iranian people and submit to their will to prevent social collapse."
1886017238722884027,abdolhamidnetar,2025-02-02 13:42:04.874,"فضيلة الشيخ عبد الحميد في خطبة الجمعة:
أمن الشرق الأوسط مرتبط بحل عادل للقضية الفلسطينية
abdolhamid.net/arabic/2025/02
…",0,0,0,https://x.com/AbdolhamidNetAr/status/1886017238722884027,2025,2,2025-02-02,"فضيلة الشيخ عبد الحميد في خطبة الجمعة:
أمن الشرق الأوسط مرتبط بحل عادل للقضية الفلسطينية
abdolhamid.net/arabic/2025/02
…","His Eminence Sheikh Abdul Hamid in the Friday sermon:
The security of the Middle East is linked to a just solution to the Palestinian issue
abdolhamid.net/arabic/2025/02
…"
1885092450751901720,abdolhamidnetar,2025-01-31 00:27:18.240,"فضيلة الشيخ عبد الحميد في حفل التخرج الرابع والثلاثين لطلبة دار العلوم زاهدان:
لا بد من إنفاق ثروات إيران داخل البلاد ولصالح الشعب
abdolhamid.net/arabic/2025/01
…",0,0,0,https://x.com/AbdolhamidNetAr/status/1885092450751901720,2025,1,2025-01-31,"فضيلة الشيخ عبد الحميد في حفل التخرج الرابع والثلاثين لطلبة دار العلوم زاهدان:
لا بد من إنفاق ثروات إيران داخل البلاد ولصالح الشعب
abdolhamid.net/arabic/2025/01
…","His Eminence Sheikh Abdul Hamid at the thirty-fourth graduation ceremony for students of Dar Al Uloom Zahedan:
Iran's wealth must be spent inside the country and for the benefit of the people
abdolhamid.net/arabic/2025/01
…"
1883431870458982890,abdolhamidnetar,2025-01-26 10:28:45.046,"فضيلة الشيخ عبد الحميد في خطبة الجمعة:
المفاوضات البناءة قد تنقذ البلاد من التحديات القائمة
abdolhamid.net/arabic/2025/01
…",0,0,0,https://x.com/AbdolhamidNetAr/status/1883431870458982890,2025,1,2025-01-26,"فضيلة الشيخ عبد الحميد في خطبة الجمعة:
المفاوضات البناءة قد تنقذ البلاد من التحديات القائمة
abdolhamid.net/arabic/2025/01
…","His Eminence Sheikh Abdul Hamid in the Friday sermon:
Constructive negotiations may save the country from the existing challenges
abdolhamid.net/arabic/2025/01
…"
1880707330180010388,abdolhamidnetar,2025-01-18 22:02:24.024,"فضيلة الشيخ عبد الحميد في خطبة الجمعة:
يتجه الشرق الأوسط نحو تطورات وظروف جديدة
abdolhamid.net/arabic/2025/01
…",0,0,0,https://x.com/AbdolhamidNetAr/status/1880707330180010388,2025,1,2025-01-18,"فضيلة الشيخ عبد الحميد في خطبة الجمعة:
يتجه الشرق الأوسط نحو تطورات وظروف جديدة
abdolhamid.net/arabic/2025/01
…","His Eminence Sheikh Abdul Hamid in the Friday sermon:
The Middle East is moving towards new developments and circumstances
abdolhamid.net/arabic/2025/01
…"
1879273111595753530,abdolhamidnetar,2025-01-14 23:03:19.667,"فضيلة الشيخ عبد الحميد في خطبة الجمعة في زاهدان:
حلّ المشكلات الداخلية والخارجيّة يتطلب “إدارة قوية” و”تغييرات سياسية جادة”
abdolhamid.net/arabic/2025/01
…",0,0,0,https://x.com/AbdolhamidNetAr/status/1879273111595753530,2025,1,2025-01-14,"فضيلة الشيخ عبد الحميد في خطبة الجمعة في زاهدان:
حلّ المشكلات الداخلية والخارجيّة يتطلب “إدارة قوية” و”تغييرات سياسية جادة”
abdolhamid.net/arabic/2025/01
…","His Eminence Sheikh Abdul Hamid in the Friday sermon in Zahedan:
Solving internal and external problems requires “strong management” and “serious political changes.”
abdolhamid.net/arabic/2025/01
…"
1876125939270369408,abdolhamidnetar,2025-01-06 06:37:35.313,"فضيلة الشيخ عبد الحميد في خطبة الجمعة في مدينة نيكشهر:
سعادة البشر تكمن في دين الإسلام وتعاليم الرسول صلى الله عليه وسلم
abdolhamid.net/arabic/2025/01
…",0,0,0,https://x.com/AbdolhamidNetAr/status/1876125939270369408,2025,1,2025-01-06,"فضيلة الشيخ عبد الحميد في خطبة الجمعة في مدينة نيكشهر:
سعادة البشر تكمن في دين الإسلام وتعاليم الرسول صلى الله عليه وسلم
abdolhamid.net/arabic/2025/01
…","His Eminence Sheikh Abdul Hamid in the Friday sermon in the city of Nikshahr:
Human happiness lies in the religion of Islam and the teachings of the Messenger, may God bless him and grant him peace
abdolhamid.net/arabic/2025/01
…"
1873454085502018038,abdolhamidnetar,2024-12-29 21:40:35.734,"فضيلة الشيخ عبد الحميد في خطبة الجمعة:
المجتمع الذي يخلو من الأمانة يواجه الانهيار
abdolhamid.net/arabic/2024/12
…",0,0,0,https://x.com/AbdolhamidNetAr/status/1873454085502018038,2024,12,2024-12-29,"فضيلة الشيخ عبد الحميد في خطبة الجمعة:
المجتمع الذي يخلو من الأمانة يواجه الانهيار
abdolhamid.net/arabic/2024/12
…","His Eminence Sheikh Abdul Hamid in the Friday sermon:
A society devoid of honesty faces collapse
abdolhamid.net/arabic/2024/12
…"
1870931823578206426,abdolhamidnetar,2024-12-22 22:38:01.630,"فضيلة الشيخ عبد الحميد في خطبة الجمعة:
لم تتخذ السلطات أيّ إجراءات لحل المشكلات الاقتصادية
abdolhamid.net/arabic/2024/12
…",0,0,0,https://x.com/AbdolhamidNetAr/status/1870931823578206426,2024,12,2024-12-22,"فضيلة الشيخ عبد الحميد في خطبة الجمعة:
لم تتخذ السلطات أيّ إجراءات لحل المشكلات الاقتصادية
abdolhamid.net/arabic/2024/12
…","His Eminence Sheikh Abdul Hamid in the Friday sermon:
The authorities did not take any measures to solve the economic problems
abdolhamid.net/arabic/2024/12
…"
1869471556889690298,abdolhamidnetar,2024-12-18 21:55:26.921,كثرت في الآونة الأخيرة عقوبة الإعدام في البلاد رغم المطالبات بوقفها، ولسوء الحظ فإن معظم المحكوم عليهم من البلوش والأكراد، وهم محرومون من المحاكمة العادلة والرأفة الإسلامية. لم يكن لتنفيذ هذه الإعدامات أي أثر سوى زيادة مشاعر الكراهية.,0,0,0,https://x.com/AbdolhamidNetAr/status/1869471556889690298,2024,12,2024-12-18,كثرت في الآونة الأخيرة عقوبة الإعدام في البلاد رغم المطالبات بوقفها، ولسوء الحظ فإن معظم المحكوم عليهم من البلوش والأكراد، وهم محرومون من المحاكمة العادلة والرأفة الإسلامية. لم يكن لتنفيذ هذه الإعدامات أي أثر سوى زيادة مشاعر الكراهية.,"The death penalty has increased recently in the country despite calls to stop it. Unfortunately, most of those sentenced are Baloch and Kurds, and they are deprived of a fair trial and Islamic clemency. Carrying out these executions had no effect other than increasing feelings of hatred."
1868717596474007971,abdolhamidnetar,2024-12-16 19:59:28.750,"فضيلة الشيخ عبد الحميد في خطبة الجمعة:
التطوّرات الأخيرة في سوريا فاجأت كافّة السياسيين والخبراء في العالم
abdolhamid.net/arabic/2024/12
…",0,0,0,https://x.com/AbdolhamidNetAr/status/1868717596474007971,2024,12,2024-12-16,"فضيلة الشيخ عبد الحميد في خطبة الجمعة:
التطوّرات الأخيرة في سوريا فاجأت كافّة السياسيين والخبراء في العالم
abdolhamid.net/arabic/2024/12
…","His Eminence Sheikh Abdul Hamid in the Friday sermon:
The recent developments in Syria surprised all politicians and experts in the world
abdolhamid.net/arabic/2024/12
…"
1867154115723207047,abdolhamidnetar,2024-12-12 12:26:45.891,"فضيلة الشيخ عبد الحميد ينتقد بشدّة الاعتداءات الإسرائيلية على المواقع العسكرية السّورية
abdolhamid.net/arabic/2024/12
…",0,0,0,https://x.com/AbdolhamidNetAr/status/1867154115723207047,2024,12,2024-12-12,"فضيلة الشيخ عبد الحميد ينتقد بشدّة الاعتداءات الإسرائيلية على المواقع العسكرية السّورية
abdolhamid.net/arabic/2024/12
…","His Eminence Sheikh Abdul Hamid strongly criticizes the Israeli attacks on Syrian military sites
abdolhamid.net/arabic/2024/12
…"
1867153827087999183,abdolhamidnetar,2024-12-12 12:25:37.075,"فضيلة الشيخ عبد الحميد في اللقاء الأسبوعي مع أساتذة جامعة دار العلوم زاهدان:
العقوبات غير الرسمية وغير القانونية مستمرة على جامعة دار العلوم زاهدان
abdolhamid.net/arabic/2024/12
…",0,0,0,https://x.com/AbdolhamidNetAr/status/1867153827087999183,2024,12,2024-12-12,"فضيلة الشيخ عبد الحميد في اللقاء الأسبوعي مع أساتذة جامعة دار العلوم زاهدان:
العقوبات غير الرسمية وغير القانونية مستمرة على جامعة دار العلوم زاهدان
abdolhamid.net/arabic/2024/12
…","His Eminence Sheikh Abdul Hamid in the weekly meeting with professors at Dar Al Uloom Zahedan University:
Unofficial and illegal sanctions continue against Dar Al Uloom Zahedan University
abdolhamid.net/arabic/2024/12
…"
1865742052123668823,abdolhamidnetar,2024-12-08 14:55:43.694,"فضيلة الشيخ عبد الحميد مشيرا إلى سقوط نظام بشار الأسد:
حقق الشعب السّوري حلمَه الذي طال انتظاره
abdolhamid.net/arabic/2024/12
…",0,0,0,https://x.com/AbdolhamidNetAr/status/1865742052123668823,2024,12,2024-12-08,"فضيلة الشيخ عبد الحميد مشيرا إلى سقوط نظام بشار الأسد:
حقق الشعب السّوري حلمَه الذي طال انتظاره
abdolhamid.net/arabic/2024/12
…","His Eminence Sheikh Abdul Hamid, referring to the fall of Bashar al-Assad’s regime:
The Syrian people achieved their long-awaited dream
abdolhamid.net/arabic/2024/12
…"
1865493598700999063,abdolhamidnetar,2024-12-07 22:28:27.782,"فضيلة الشيخ عبد الحميد في الحفل السنوي بمناسبة تكريم خريجي ""عين العلوم"" بمدينة جشت:
إيران جميلة بتنوعها القومي واللساني، ولا بد من احترام حقوق الجميع
abdolhamid.net/arabic/2024/12
…",0,0,0,https://x.com/AbdolhamidNetAr/status/1865493598700999063,2024,12,2024-12-07,"فضيلة الشيخ عبد الحميد في الحفل السنوي بمناسبة تكريم خريجي ""عين العلوم"" بمدينة جشت:
إيران جميلة بتنوعها القومي واللساني، ولا بد من احترام حقوق الجميع
abdolhamid.net/arabic/2024/12
…","His Eminence Sheikh Abdul Hamid at the annual ceremony honoring the graduates of “Ain Al-Ulum” in the city of Jasht:
Iran is beautiful in its national and linguistic diversity, and the rights of everyone must be respected
abdolhamid.net/arabic/2024/12
…"
1864350683639550272,abdolhamidnetar,2024-12-04 18:46:55.597,في ظلّ الظروف التي يعاني فيها الشعب من مشكلات اقتصادية، ويواجه الشباب تحديات الإلحاد واليأس والإحباط، سيزيد القانون الجديد بشأن الحجاب من تدهور الأوضاع الحرجة للمجتمع، ويفرض على المجتمع مشكلات لا يمكن إصلاحها في مستوى البلاد. هذا وإن القوانين الجزائية لیست مؤثرة في مجال الثقافة.,0,0,0,https://x.com/AbdolhamidNetAr/status/1864350683639550272,2024,12,2024-12-04,في ظلّ الظروف التي يعاني فيها الشعب من مشكلات اقتصادية، ويواجه الشباب تحديات الإلحاد واليأس والإحباط، سيزيد القانون الجديد بشأن الحجاب من تدهور الأوضاع الحرجة للمجتمع، ويفرض على المجتمع مشكلات لا يمكن إصلاحها في مستوى البلاد. هذا وإن القوانين الجزائية لیست مؤثرة في مجال الثقافة.,"Under the circumstances in which the people suffer from economic problems, and the youth face the challenges of atheism, despair and frustration, the new law on the hijab will further deteriorate the critical conditions of society, and impose irreparable problems on society nationwide. Moreover, penal laws are not influential in the field of culture."
1863279320820576685,abdolhamidnetar,2024-12-01 19:49:42.796,"فضيلة الشيخ عبد الحميد في خطبة الجمعة:
السياسات الليّنة أنجح من السياسات المتشددة
abdolhamid.net/arabic/2024/12
…",0,0,0,https://x.com/AbdolhamidNetAr/status/1863279320820576685,2024,12,2024-12-01,"فضيلة الشيخ عبد الحميد في خطبة الجمعة:
السياسات الليّنة أنجح من السياسات المتشددة
abdolhamid.net/arabic/2024/12
…","His Eminence Sheikh Abdul Hamid in the Friday sermon:
Soft policies are more successful than hard policies
abdolhamid.net/arabic/2024/12
…"
1860395175647867298,abdolhamidnetar,2024-11-23 20:49:09.002,"فضيلة الشيخ عبد الحميد في خطبة الجمعة:
الحكم الصادر عن محكمة العدل الدولية ضد مسؤولي إسرائيل خطوة عظيمة عادلة ومنصفة
abdolhamid.net/arabic/2024/11
…",0,0,0,https://x.com/AbdolhamidNetAr/status/1860395175647867298,2024,11,2024-11-23,"فضيلة الشيخ عبد الحميد في خطبة الجمعة:
الحكم الصادر عن محكمة العدل الدولية ضد مسؤولي إسرائيل خطوة عظيمة عادلة ومنصفة
abdolhamid.net/arabic/2024/11
…","His Eminence Sheikh Abdul Hamid in the Friday sermon:
The ruling issued by the International Court of Justice against Israeli officials is a great step that is fair and just
abdolhamid.net/arabic/2024/11
…"
1860259703923626203,abdolhamidnetar,2024-11-23 11:50:50.026,"فضيلة الشيخ عبد الحميد في لقاء رئيس الجمهورية مع نخبة من علماء سيستان وبلوشستان:
لا بد من التعامل مع العالم من أجل الشعب
abdolhamid.net/arabic/2024/11
…",0,0,0,https://x.com/AbdolhamidNetAr/status/1860259703923626203,2024,11,2024-11-23,"فضيلة الشيخ عبد الحميد في لقاء رئيس الجمهورية مع نخبة من علماء سيستان وبلوشستان:
لا بد من التعامل مع العالم من أجل الشعب
abdolhamid.net/arabic/2024/11
…","His Eminence Sheikh Abdul Hamid in a meeting with the President of the Republic with an elite group of scholars from Sistan and Baluchestan:
The world must be dealt with for the people
abdolhamid.net/arabic/2024/11
…"
1859630851106984049,abdolhamidnetar,2024-11-21 18:11:59.831,"فضيلة الشيخ عبد الحميد في مؤتمر ""إعجاز القرآن وأبعاده"":
في كل عصر يظهر جانب جديد من إعجاز القرآن
abdolhamid.net/arabic/2024/11
…",0,0,0,https://x.com/AbdolhamidNetAr/status/1859630851106984049,2024,11,2024-11-21,"فضيلة الشيخ عبد الحميد في مؤتمر ""إعجاز القرآن وأبعاده"":
في كل عصر يظهر جانب جديد من إعجاز القرآن
abdolhamid.net/arabic/2024/11
…","His Eminence Sheikh Abdul Hamid in the conference “The Miracle of the Qur’an and Its Dimensions”:
In every era a new aspect of the miracle of the Qur’an appears
abdolhamid.net/arabic/2024/11
…"
1858237509693493547,abdolhamidnetar,2024-11-17 21:55:21.351,"فضيلة الشيخ عبد الحميد في خطبة الجمعة:
الشعب الإيراني لا يمكنه أن يتحمل المزيد من العقوبات
abdolhamid.net/arabic/2024/11
…",0,0,0,https://x.com/AbdolhamidNetAr/status/1858237509693493547,2024,11,2024-11-17,"فضيلة الشيخ عبد الحميد في خطبة الجمعة:
الشعب الإيراني لا يمكنه أن يتحمل المزيد من العقوبات
abdolhamid.net/arabic/2024/11
…","His Eminence Sheikh Abdul Hamid in the Friday sermon:
The Iranian people cannot tolerate more sanctions
abdolhamid.net/arabic/2024/11
…"
1858189573114736746,abdolhamidnetar,2024-11-17 18:44:52.380,"فضيلة الشيخ عبد الحميد في اللقاء مع عوائل الشهداء وجرحى جمعتي زاهدان وخاش الداميتين:
الدولة الجديدة تعتزم حل قضيتي زاهدان وخاش بطريقة أو بأخرى
abdolhamid.net/arabic/2024/11
…",0,0,0,https://x.com/AbdolhamidNetAr/status/1858189573114736746,2024,11,2024-11-17,"فضيلة الشيخ عبد الحميد في اللقاء مع عوائل الشهداء وجرحى جمعتي زاهدان وخاش الداميتين:
الدولة الجديدة تعتزم حل قضيتي زاهدان وخاش بطريقة أو بأخرى
abdolhamid.net/arabic/2024/11
…","His Eminence Sheikh Abdul Hamid in the meeting with the families of the martyrs and the wounded in the two bloody communities of Zahedan and Khash:
The new state intends to solve the Zahedan and Khash issues one way or another
abdolhamid.net/arabic/2024/11
…"
1855332872598511893,abdolhamidnetar,2024-11-09 21:33:21.902,"فضيلة الشيخ عبد الحميد في خطبة الجمعة:
دعم الديمقراطيين لمجازر إسرائيل في غزة ولبنان سبب هزيمتهم في الانتخابات الرئاسية
abdolhamid.net/arabic/2024/11
…",0,0,0,https://x.com/AbdolhamidNetAr/status/1855332872598511893,2024,11,2024-11-09,"فضيلة الشيخ عبد الحميد في خطبة الجمعة:
دعم الديمقراطيين لمجازر إسرائيل في غزة ولبنان سبب هزيمتهم في الانتخابات الرئاسية
abdolhamid.net/arabic/2024/11
…","His Eminence Sheikh Abdul Hamid in the Friday sermon:
Democrats' support for Israel's massacres in Gaza and Lebanon caused their defeat in the presidential elections
abdolhamid.net/arabic/2024/11
…"
1853017502512456137,abdolhamidnetar,2024-11-03 12:12:54.656,"فضيلة الشيخ عبد الحميد في حفل تنصيب المحافظ الجديد لسيستان وبلوشستان:
توظيف مؤهلي القوميات والمذاهب يجلب مرضاة الشعب
abdolhamid.net/arabic/2024/11
…",0,0,0,https://x.com/AbdolhamidNetAr/status/1853017502512456137,2024,11,2024-11-03,"فضيلة الشيخ عبد الحميد في حفل تنصيب المحافظ الجديد لسيستان وبلوشستان:
توظيف مؤهلي القوميات والمذاهب يجلب مرضاة الشعب
abdolhamid.net/arabic/2024/11
…","His Eminence Sheikh Abdul Hamid at the inauguration ceremony of the new governor of Sistan and Baluchestan:
Employing qualified nationals and sects brings the satisfaction of the people
abdolhamid.net/arabic/2024/11
…"
1852660113414262928,abdolhamidnetar,2024-11-02 12:32:46.455,"فضيلة الشيخ عبد الحميد في خطبة الجمعة:
نتفاءل بتعيين محافظ سني بلوشي لسيستان وبلوشستان
abdolhamid.net/arabic/2024/11
…",0,0,0,https://x.com/AbdolhamidNetAr/status/1852660113414262928,2024,11,2024-11-02,"فضيلة الشيخ عبد الحميد في خطبة الجمعة:
نتفاءل بتعيين محافظ سني بلوشي لسيستان وبلوشستان
abdolhamid.net/arabic/2024/11
…","His Eminence Sheikh Abdul Hamid in the Friday sermon:
We are optimistic about the appointment of a Sunni Baluch governor for Sistan and Baluchestan
abdolhamid.net/arabic/2024/11
…"
1851948347398951214,abdolhamidnetar,2024-10-31 13:24:28.213,"فضيلة الشيخ عبد الحميد في اجتماع لأهالی تشابهار:
لا بدّ من أولوية مصالح الشعب في جميع السياسات
abdolhamid.net/arabic/2024/10
…",0,0,0,https://x.com/AbdolhamidNetAr/status/1851948347398951214,2024,10,2024-10-31,"فضيلة الشيخ عبد الحميد في اجتماع لأهالی تشابهار:
لا بدّ من أولوية مصالح الشعب في جميع السياسات
abdolhamid.net/arabic/2024/10
…","His Eminence Sheikh Abdul Hamid in a meeting of the people of Chabahar:
The interests of the people must be given priority in all policies
abdolhamid.net/arabic/2024/10
…"
1850562265570783463,abdolhamidnetar,2024-10-27 17:36:40.553,"فضيلة الشيخ عبد الحميد يعرب عن أسفه للهجوم المسلح على قوات الشرطة
abdolhamid.net/arabic/2024/10
…",0,0,0,https://x.com/AbdolhamidNetAr/status/1850562265570783463,2024,10,2024-10-27,"فضيلة الشيخ عبد الحميد يعرب عن أسفه للهجوم المسلح على قوات الشرطة
abdolhamid.net/arabic/2024/10
…","His Eminence Sheikh Abdul Hamid expresses his regret for the armed attack on the police forces
abdolhamid.net/arabic/2024/10
…"
1850245773239181629,abdolhamidnetar,2024-10-26 21:39:02.901,"فضيلة الشيخ عبد الحميد يدين الهجوم الإسرائيلي على القواعد العسكرية الإيرانية
abdolhamid.net/arabic/2024/10
…",0,0,0,https://x.com/AbdolhamidNetAr/status/1850245773239181629,2024,10,2024-10-26,"فضيلة الشيخ عبد الحميد يدين الهجوم الإسرائيلي على القواعد العسكرية الإيرانية
abdolhamid.net/arabic/2024/10
…","His Eminence Sheikh Abdul Hamid condemns the Israeli attack on Iranian military bases
abdolhamid.net/arabic/2024/10
…"
1850134333325029405,abdolhamidnetar,2024-10-26 14:16:13.555,"فضيلة الشيخ عبد الحميد في خطبة الجمعة الجمعة:
لماذا لا تتوحّد الدول الإسلامية لمنع الحرب وسفك الدماء في غزة ولبنان؟!
abdolhamid.net/arabic/2024/10
…",0,0,0,https://x.com/AbdolhamidNetAr/status/1850134333325029405,2024,10,2024-10-26,"فضيلة الشيخ عبد الحميد في خطبة الجمعة الجمعة:
لماذا لا تتوحّد الدول الإسلامية لمنع الحرب وسفك الدماء في غزة ولبنان؟!
abdolhamid.net/arabic/2024/10
…","His Eminence Sheikh Abdul Hamid in his Friday sermon:
Why don't Islamic countries unite to prevent war and bloodshed in Gaza and Lebanon?!
abdolhamid.net/arabic/2024/10
…"
1847662160735772992,abdolhamidnetar,2024-10-19 18:32:41.679,"فضيلة الشيخ عبد الحميد في خطبة الجمعة:
نور الإيمان يمنح المؤمن رؤية وفراسة
abdolhamid.net/arabic/2024/10
…",0,0,0,https://x.com/AbdolhamidNetAr/status/1847662160735772992,2024,10,2024-10-19,"فضيلة الشيخ عبد الحميد في خطبة الجمعة:
نور الإيمان يمنح المؤمن رؤية وفراسة
abdolhamid.net/arabic/2024/10
…","His Eminence Sheikh Abdul Hamid in the Friday sermon:
The light of faith gives the believer vision and insight
abdolhamid.net/arabic/2024/10
…"
1845369941286899914,abdolhamidnetar,2024-10-13 10:44:13.975,"فضيلة الشيخ عبد الحميد في خطبة الجمعة:
إسرائيل تتجاهل القوانين الدولية في هجماتها على غزة ولبنان
abdolhamid.net/arabic/2024/10
…",0,0,0,https://x.com/AbdolhamidNetAr/status/1845369941286899914,2024,10,2024-10-13,"فضيلة الشيخ عبد الحميد في خطبة الجمعة:
إسرائيل تتجاهل القوانين الدولية في هجماتها على غزة ولبنان
abdolhamid.net/arabic/2024/10
…","His Eminence Sheikh Abdul Hamid in the Friday sermon:
Israel ignores international laws in its attacks on Gaza and Lebanon
abdolhamid.net/arabic/2024/10
…"
1842884277597274289,abdolhamidnetar,2024-10-06 14:07:05.570,"فضيلة الشيخ عبد الحميد في خطبة الجمعة:
النتائج المطلوبة تتحقق بـالسياسات الصحيحة
abdolhamid.net/arabic/2024/10
…",0,0,0,https://x.com/AbdolhamidNetAr/status/1842884277597274289,2024,10,2024-10-06,"فضيلة الشيخ عبد الحميد في خطبة الجمعة:
النتائج المطلوبة تتحقق بـالسياسات الصحيحة
abdolhamid.net/arabic/2024/10
…","His Eminence Sheikh Abdul Hamid in the Friday sermon:
The desired results are achieved with the right policies
abdolhamid.net/arabic/2024/10
…"
1840778025710809404,abdolhamidnetar,2024-09-30 18:37:35.988,"إنّ هجمات إسرائيل المتتالية على لبنان واستمرار العمليات في غزة واغتيال قادتهما، قد زادت من خطر انتشار انعدام الأمن والحرب في المنطقة.
 إن الحل العادل لهذا الصراع وتشكيل دولة فلسطينية مستقلة، سيجلب الأمن والاستقرار للمنطقة، وسيكون لصالح جميع الأطراف.",0,0,0,https://x.com/AbdolhamidNetAr/status/1840778025710809404,2024,9,2024-09-30,"إنّ هجمات إسرائيل المتتالية على لبنان واستمرار العمليات في غزة واغتيال قادتهما، قد زادت من خطر انتشار انعدام الأمن والحرب في المنطقة.
 إن الحل العادل لهذا الصراع وتشكيل دولة فلسطينية مستقلة، سيجلب الأمن والاستقرار للمنطقة، وسيكون لصالح جميع الأطراف.","Israel's successive attacks on Lebanon, the continuation of operations in Gaza, and the assassination of their leaders have increased the risk of widespread insecurity and war in the region.
 A just solution to this conflict and the formation of an independent Palestinian state will bring security and stability to the region, and will be to the benefit of all parties."
1840352929716285490,abdolhamidnetar,2024-09-29 14:28:25.205,"فضيلة الشيخ عبد الحميد في خطبة الجمعة:
لا خير في حكومة بدون العدل
abdolhamid.net/arabic/2024/09
…",0,0,0,https://x.com/AbdolhamidNetAr/status/1840352929716285490,2024,9,2024-09-29,"فضيلة الشيخ عبد الحميد في خطبة الجمعة:
لا خير في حكومة بدون العدل
abdolhamid.net/arabic/2024/09
…","His Eminence Sheikh Abdul Hamid in the Friday sermon:
There is no good in government without justice
abdolhamid.net/arabic/2024/09
…"
1837817754117701743,abdolhamidnetar,2024-09-22 14:34:32.241,"فضيلة الشيخ عبد الحميد في خطبة الجمعة:
كان منهج النبي ﷺ في الحكم قائما على الرحمة والشفقة والعدل
abdolhamid.net/arabic/2024/09
…",0,0,0,https://x.com/AbdolhamidNetAr/status/1837817754117701743,2024,9,2024-09-22,"فضيلة الشيخ عبد الحميد في خطبة الجمعة:
كان منهج النبي ﷺ في الحكم قائما على الرحمة والشفقة والعدل
abdolhamid.net/arabic/2024/09
…","His Eminence Sheikh Abdul Hamid in the Friday sermon:
The Prophet’s approach to governance was based on mercy, compassion, and justice
abdolhamid.net/arabic/2024/09
…"
1835511547256344642,abdolhamidnetar,2024-09-16 05:50:29.678,"لو استخدمت الحکمة والبصيرة فيما يتعلق بالحجاب، لما قُتلت جینا (مهسا) أميني، ولو ألقي القبض على قاتلها وتمت معاقبته لما قُتل أشخاص آخرون، ولما وقعت الأحداث المريرة الأخرى.
إن السلام والاستقرار في المجتمع يتطلبان تحقيق العدالة بين المواطنين والمسؤولين.",0,0,0,https://x.com/AbdolhamidNetAr/status/1835511547256344642,2024,9,2024-09-16,"لو استخدمت الحکمة والبصيرة فيما يتعلق بالحجاب، لما قُتلت جینا (مهسا) أميني، ولو ألقي القبض على قاتلها وتمت معاقبته لما قُتل أشخاص آخرون، ولما وقعت الأحداث المريرة الأخرى.
إن السلام والاستقرار في المجتمع يتطلبان تحقيق العدالة بين المواطنين والمسؤولين.","If wisdom and insight had been used regarding the hijab, Gina (Mahsa) Amini would not have been killed, if her killer had been arrested and punished, other people would not have been killed, and other bitter events would not have occurred.
Peace and stability in society require achieving justice between citizens and officials."
1835040077774246007,abdolhamidnetar,2024-09-14 22:37:02.594,"فضيلة الشيخ عبد الحميد في خطبة الجمعة:
توفير التعليم والعلاج للشّعب مجانا من واجبات الحكومات
abdolhamid.net/arabic/2024/09
…",0,0,0,https://x.com/AbdolhamidNetAr/status/1835040077774246007,2024,9,2024-09-14,"فضيلة الشيخ عبد الحميد في خطبة الجمعة:
توفير التعليم والعلاج للشّعب مجانا من واجبات الحكومات
abdolhamid.net/arabic/2024/09
…","His Eminence Sheikh Abdul Hamid in the Friday sermon:
Providing education and treatment to the people free of charge is the duty of governments
abdolhamid.net/arabic/2024/09
…"
1832786735274537425,abdolhamidnetar,2024-09-08 17:23:03.877,"فضيلة الشيخ عبد الحميد في خطبة الجمعة بمدينة سوران:
الدنيا دار ابتلاء وينبغي للمرء أن يغتنم هذه الحياة لبناء الآخرة
abdolhamid.net/arabic/2024/09
…",0,0,0,https://x.com/AbdolhamidNetAr/status/1832786735274537425,2024,9,2024-09-08,"فضيلة الشيخ عبد الحميد في خطبة الجمعة بمدينة سوران:
الدنيا دار ابتلاء وينبغي للمرء أن يغتنم هذه الحياة لبناء الآخرة
abdolhamid.net/arabic/2024/09
…","His Eminence Sheikh Abdul Hamid in the Friday sermon in the city of Soran:
This world is a place of trial and one should take advantage of this life to build the afterlife
abdolhamid.net/arabic/2024/09
…"
1830926474037080069,abdolhamidnetar,2024-09-03 14:11:03.036,"رسالة تعزية لفضيلة الشيخ عبد الحميد على وفاة الشيخ الداعية محمد أحمد الراشد
abdolhamid.net/arabic/2024/09
…",0,0,0,https://x.com/AbdolhamidNetAr/status/1830926474037080069,2024,9,2024-09-03,"رسالة تعزية لفضيلة الشيخ عبد الحميد على وفاة الشيخ الداعية محمد أحمد الراشد
abdolhamid.net/arabic/2024/09
…","A message of condolence to His Eminence Sheikh Abdul Hamid on the death of the preacher Sheikh Muhammad Ahmed Al-Rashed
abdolhamid.net/arabic/2024/09
…"
1829999936160588198,abdolhamidnetar,2024-09-01 00:49:19.192,"فضيلة الشيخ عبد الحميد في خطبة الجمعة:
الواجب الأصلي للحكومة هو تطبيق العدالة والقضاء على التمييز
abdolhamid.net/arabic/2024/09
…",0,0,0,https://x.com/AbdolhamidNetAr/status/1829999936160588198,2024,9,2024-09-01,"فضيلة الشيخ عبد الحميد في خطبة الجمعة:
الواجب الأصلي للحكومة هو تطبيق العدالة والقضاء على التمييز
abdolhamid.net/arabic/2024/09
…","His Eminence Sheikh Abdul Hamid in the Friday sermon:
The primary duty of government is to enforce justice and eliminate discrimination
abdolhamid.net/arabic/2024/09
…"
1827437014758686756,abdolhamidnetar,2024-08-24 23:05:11.113,"فضيلة الشيخ عبد الحميد في خطبة الجمعة:
الممرضون يقدمون خدمات جليلة للوطن ورواتبهم زهيدة
abdolhamid.net/arabic/2024/08
…",0,0,0,https://x.com/AbdolhamidNetAr/status/1827437014758686756,2024,8,2024-08-24,"فضيلة الشيخ عبد الحميد في خطبة الجمعة:
الممرضون يقدمون خدمات جليلة للوطن ورواتبهم زهيدة
abdolhamid.net/arabic/2024/08
…","His Eminence Sheikh Abdul Hamid in the Friday sermon:
Nurses provide great services to the country and their salaries are low
abdolhamid.net/arabic/2024/08
…"
1825976759738839441,abdolhamidnetar,2024-08-20 22:22:39.186,إنّ عدم استخدام النخب من القوميّات والطوائف والنساء على مدى الأعوام الـ 45 الماضية، والذي يتعارض مع العدالة الاجتماعية والتعاليم الإسلامية، أثار استياء كبيرا بين الشعب. +,0,0,0,https://x.com/AbdolhamidNetAr/status/1825976759738839441,2024,8,2024-08-20,إنّ عدم استخدام النخب من القوميّات والطوائف والنساء على مدى الأعوام الـ 45 الماضية، والذي يتعارض مع العدالة الاجتماعية والتعاليم الإسلامية، أثار استياء كبيرا بين الشعب. +,"The non-employment of elites from nationalities, sects and women over the past 45 years, which contradicts social justice and Islamic teachings, has sparked great dissatisfaction among the people. +"
1825976763324956878,abdolhamidnetar,2024-08-20 22:22:40.041,ومهما كان السبب، فإن السلطة العليا هي المسؤولة عن الإصلاح و إزالة الموانع، ولا شك أن مثل هذه المبادرة سوف تجلب معها مرضاة الشعب والسمعة التاريخية الطيبة.,0,0,0,https://x.com/AbdolhamidNetAr/status/1825976763324956878,2024,8,2024-08-20,ومهما كان السبب، فإن السلطة العليا هي المسؤولة عن الإصلاح و إزالة الموانع، ولا شك أن مثل هذه المبادرة سوف تجلب معها مرضاة الشعب والسمعة التاريخية الطيبة.,"Whatever the reason, the higher authority is responsible for reform and removing obstacles, and there is no doubt that such an initiative will bring with it the satisfaction of the people and a good historical reputation."
1825189592280224132,abdolhamidnetar,2024-08-18 18:14:43.839,"فضيلة الشيخ عبد الحميد في خطبة الجمعة:
الشعب غير راض عن تركيبة الوزراء المقترحين
abdolhamid.net/arabic/2024/08
…",0,0,0,https://x.com/AbdolhamidNetAr/status/1825189592280224132,2024,8,2024-08-18,"فضيلة الشيخ عبد الحميد في خطبة الجمعة:
الشعب غير راض عن تركيبة الوزراء المقترحين
abdolhamid.net/arabic/2024/08
…","His Eminence Sheikh Abdul Hamid in the Friday sermon:
The people are not satisfied with the composition of the proposed ministers
abdolhamid.net/arabic/2024/08
…"
1823337462434795717,abdolhamidnetar,2024-08-13 15:35:01.673,عدم توظيف المؤهلين للقوميّات والمذاهب في الإدارة العامة للبلاد هو مصدر إحباط للجميع و مانع أمام الوئام الوطني. من المؤسف أن يتم الترحيب بالمؤهلين من هذه القوميات في بلدان أخرى ويتم استخدامهم في مناصب عليا، ولا يكون لهم مكان في الجمهورية الإسلامية، ويتم حرمانهم من حقوقهم السياسية.,0,0,0,https://x.com/AbdolhamidNetAr/status/1823337462434795717,2024,8,2024-08-13,عدم توظيف المؤهلين للقوميّات والمذاهب في الإدارة العامة للبلاد هو مصدر إحباط للجميع و مانع أمام الوئام الوطني. من المؤسف أن يتم الترحيب بالمؤهلين من هذه القوميات في بلدان أخرى ويتم استخدامهم في مناصب عليا، ولا يكون لهم مكان في الجمهورية الإسلامية، ويتم حرمانهم من حقوقهم السياسية.,"The failure to employ qualified people of nationalities and sects in the country’s public administration is a source of frustration for everyone and an obstacle to national harmony. It is unfortunate that qualified people from these nationalities are welcomed in other countries and used in high positions, have no place in the Islamic Republic, and are deprived of their political rights."
1823039654960250958,abdolhamidnetar,2024-08-12 19:51:38.838,على الرغم من التجارب المريرة والإحباطات الكثيرة، فإن جزءًا كبيرًا من الشعب الإيراني الكريم وثقوا بوعود السيد بزشكيان يرجون التغيير وتشكيل حكومة شاملة في الانتخابات الرئاسية الأخيرة، لكن قائمة الوزراء التي قدمها إلى البرلمان، خيبت آمال الناخبين والناصحين.,0,0,0,https://x.com/AbdolhamidNetAr/status/1823039654960250958,2024,8,2024-08-12,على الرغم من التجارب المريرة والإحباطات الكثيرة، فإن جزءًا كبيرًا من الشعب الإيراني الكريم وثقوا بوعود السيد بزشكيان يرجون التغيير وتشكيل حكومة شاملة في الانتخابات الرئاسية الأخيرة، لكن قائمة الوزراء التي قدمها إلى البرلمان، خيبت آمال الناخبين والناصحين.,"Despite the bitter experiences and many frustrations, a large part of the honorable Iranian people trusted the promises of Mr. Pezeshkian, hoping for change and the formation of a comprehensive government in the recent presidential elections, but the list of ministers that he presented to Parliament disappointed the hopes of voters and advisors."
1822653628655534563,abdolhamidnetar,2024-08-11 18:17:42.995,"فضيلة الشيخ عبد الحميد في خطبة الجمعة في زاهدان:
مصير حكومة بنغلاديش ينبغي أن يكون درساً للأنظمة الأخرى
abdolhamid.net/arabic/2024/08
…",0,0,0,https://x.com/AbdolhamidNetAr/status/1822653628655534563,2024,8,2024-08-11,"فضيلة الشيخ عبد الحميد في خطبة الجمعة في زاهدان:
مصير حكومة بنغلاديش ينبغي أن يكون درساً للأنظمة الأخرى
abdolhamid.net/arabic/2024/08
…","His Eminence Sheikh Abdul Hamid in the Friday sermon in Zahedan:
The fate of the Bangladesh government should be a lesson for other regimes
abdolhamid.net/arabic/2024/08
…"
1820127120313708732,abdolhamidnetar,2024-08-04 18:58:16.466,"فضيلة الشيخ عبد الحميد في خطبة الجمعة:
“الوحدة الوطنية” تتحقق بتوظيف المؤهلين من القوميّات والمذاهب والنساء
abdolhamid.net/arabic/2024/08
…",0,0,0,https://x.com/AbdolhamidNetAr/status/1820127120313708732,2024,8,2024-08-04,"فضيلة الشيخ عبد الحميد في خطبة الجمعة:
“الوحدة الوطنية” تتحقق بتوظيف المؤهلين من القوميّات والمذاهب والنساء
abdolhamid.net/arabic/2024/08
…","His Eminence Sheikh Abdul Hamid in the Friday sermon:
“National unity” is achieved by employing qualified people from all nationalities, sects, and women
abdolhamid.net/arabic/2024/08
…"
1818697946252169713,abdolhamidnetar,2024-07-31 20:19:14.817,"فضيلة الشيخ عبد الحميد يدين بشدة اغتيال إسماعيل هنية
abdolhamid.net/arabic/2024/07
…",0,0,0,https://x.com/AbdolhamidNetAr/status/1818697946252169713,2024,7,2024-07-31,"فضيلة الشيخ عبد الحميد يدين بشدة اغتيال إسماعيل هنية
abdolhamid.net/arabic/2024/07
…","His Eminence Sheikh Abdel Hamid strongly condemns the assassination of Ismail Haniyeh
abdolhamid.net/arabic/2024/07
…"
1817325739252842550,abdolhamidnetar,2024-07-28 01:26:35.174,"فضيلة الشيخ عبد الحميد في خطبة الجمعة:
أوقفوا إعدام السجناء السياسيين ولا سيما النساء
abdolhamid.net/arabic/2024/07
…",0,0,0,https://x.com/AbdolhamidNetAr/status/1817325739252842550,2024,7,2024-07-28,"فضيلة الشيخ عبد الحميد في خطبة الجمعة:
أوقفوا إعدام السجناء السياسيين ولا سيما النساء
abdolhamid.net/arabic/2024/07
…","His Eminence Sheikh Abdul Hamid in the Friday sermon:
Stop the execution of political prisoners, especially women
abdolhamid.net/arabic/2024/07
…"
1816897399501259022,abdolhamidnetar,2024-07-26 21:04:31.019,"فضيلة الشيخ عبد الحميد في جلسة رؤساء مدارس أهل السنة الدينية في سيستان وبلوشستان:
استقلال العلماء والوحدة بينهم، يجلبان مرضاة الرب والعزة في أعين الناس
abdolhamid.net/arabic/2024/07
…",0,0,0,https://x.com/AbdolhamidNetAr/status/1816897399501259022,2024,7,2024-07-26,"فضيلة الشيخ عبد الحميد في جلسة رؤساء مدارس أهل السنة الدينية في سيستان وبلوشستان:
استقلال العلماء والوحدة بينهم، يجلبان مرضاة الرب والعزة في أعين الناس
abdolhamid.net/arabic/2024/07
…","His Eminence Sheikh Abdul Hamid in the session of the heads of Sunni religious schools in Sistan and Baluchestan:
The independence of scholars and unity among them brings God’s pleasure and glory in the eyes of the people
abdolhamid.net/arabic/2024/07
…"
1814965060466249876,abdolhamidnetar,2024-07-21 13:06:05.492,"فضيلة الشيخ عبد الحميد في خطبة الجمعة:
على الحاكم أن يكون ظل رحمة الله على الناس وينشر العدل في المجتمع
abdolhamid.net/arabic/2024/07
…",0,0,0,https://x.com/AbdolhamidNetAr/status/1814965060466249876,2024,7,2024-07-21,"فضيلة الشيخ عبد الحميد في خطبة الجمعة:
على الحاكم أن يكون ظل رحمة الله على الناس وينشر العدل في المجتمع
abdolhamid.net/arabic/2024/07
…","His Eminence Sheikh Abdul Hamid in the Friday sermon:
The ruler must be a shadow of God's mercy on the people and spread justice in society
abdolhamid.net/arabic/2024/07
…"
1813182659842994374,abdolhamidnetar,2024-07-16 15:03:28.068,"رسالة تعزية لفضيلة الشيخ عبد الحميد على وفاة العلامة محمد علي الخالدي (سلطان العلماء)
abdolhamid.net/arabic/2024/07
…",0,0,0,https://x.com/AbdolhamidNetAr/status/1813182659842994374,2024,7,2024-07-16,"رسالة تعزية لفضيلة الشيخ عبد الحميد على وفاة العلامة محمد علي الخالدي (سلطان العلماء)
abdolhamid.net/arabic/2024/07
…","A message of condolence to His Eminence Sheikh Abdul Hamid on the death of the scholar Muhammad Ali Al-Khalidi (Sultan of Scholars)
abdolhamid.net/arabic/2024/07
…"
1812446245635469344,abdolhamidnetar,2024-07-14 14:17:13.239,"فضيلة الشيخ عبد الحميد في خطبة الجمعة:
قوة النظام ليست في إنتاج الأسلحة والقوات المسلحة
abdolhamid.net/arabic/2024/07
…",0,0,0,https://x.com/AbdolhamidNetAr/status/1812446245635469344,2024,7,2024-07-14,"فضيلة الشيخ عبد الحميد في خطبة الجمعة:
قوة النظام ليست في إنتاج الأسلحة والقوات المسلحة
abdolhamid.net/arabic/2024/07
…","His Eminence Sheikh Abdul Hamid in the Friday sermon:
The regime's strength is not in the production of weapons and armed forces
abdolhamid.net/arabic/2024/07
…"
1810233829610643722,abdolhamidnetar,2024-07-08 11:45:52.154,"رسالة فضيلة الشيخ عبد الحميد للرئيس الإيراني المنتخب
abdolhamid.net/arabic/2024/07
…",0,0,0,https://x.com/AbdolhamidNetAr/status/1810233829610643722,2024,7,2024-07-08,"رسالة فضيلة الشيخ عبد الحميد للرئيس الإيراني المنتخب
abdolhamid.net/arabic/2024/07
…","Message of His Eminence Sheikh Abdul Hamid to the Iranian President-elect
abdolhamid.net/arabic/2024/07
…"
1810051305333039468,abdolhamidnetar,2024-07-07 23:40:34.975,"فضيلة الشيخ عبد الحميد في خطبة الجمعة:
على المسؤولين إزالة حواجز التواصل مع الشعب
abdolhamid.net/arabic/2024/07
…",0,0,0,https://x.com/AbdolhamidNetAr/status/1810051305333039468,2024,7,2024-07-07,"فضيلة الشيخ عبد الحميد في خطبة الجمعة:
على المسؤولين إزالة حواجز التواصل مع الشعب
abdolhamid.net/arabic/2024/07
…","His Eminence Sheikh Abdul Hamid in the Friday sermon:
Officials must remove barriers to communication with the people
abdolhamid.net/arabic/2024/07
…"
1807335559867560385,abdolhamidnetar,2024-06-30 11:49:10.800,"فضيلة الشيخ عبد الحميد في خطبة الجمعة:
حرب إسرائيل في غزة تنشر “الإرهاب” وتزعزع “الأمن العالمي”
abdolhamid.net/arabic/2024/06
…",0,0,0,https://x.com/AbdolhamidNetAr/status/1807335559867560385,2024,6,2024-06-30,"فضيلة الشيخ عبد الحميد في خطبة الجمعة:
حرب إسرائيل في غزة تنشر “الإرهاب” وتزعزع “الأمن العالمي”
abdolhamid.net/arabic/2024/06
…","His Eminence Sheikh Abdul Hamid in the Friday sermon:
Israel’s war in Gaza spreads “terrorism” and destabilizes “global security”
abdolhamid.net/arabic/2024/06
…"
1804424850125000740,abdolhamidnetar,2024-06-22 11:03:03.519,"فضيلة الشيخ عبد الحميد في خطبة الجمعة:
لا بد من إعادة النظر في الأساليب السابقة
abdolhamid.net/arabic/2024/06
…",0,0,0,https://x.com/AbdolhamidNetAr/status/1804424850125000740,2024,6,2024-06-22,"فضيلة الشيخ عبد الحميد في خطبة الجمعة:
لا بد من إعادة النظر في الأساليب السابقة
abdolhamid.net/arabic/2024/06
…","His Eminence Sheikh Abdul Hamid in the Friday sermon:
Previous methods must be reconsidered
abdolhamid.net/arabic/2024/06
…"
1802986719513346492,abdolhamidnetar,2024-06-18 11:48:26.462,"فضيلة الشيخ عبد الحميد في خطبة عيد الأضحى:
حكومة لا تعدل ولا تنصف كيف تكون إسلامية؟
abdolhamid.net/arabic/2024/06
…",0,0,0,https://x.com/AbdolhamidNetAr/status/1802986719513346492,2024,6,2024-06-18,"فضيلة الشيخ عبد الحميد في خطبة عيد الأضحى:
حكومة لا تعدل ولا تنصف كيف تكون إسلامية؟
abdolhamid.net/arabic/2024/06
…","His Eminence Sheikh Abdul Hamid in his Eid al-Adha sermon:
A government that is neither just nor fair. How can it be Islamic?
abdolhamid.net/arabic/2024/06
…"
1802289773882585220,abdolhamidnetar,2024-06-16 13:39:01.675,"فضيلة الشيخ عبد الحميد في خطبة الجمعة:
إقصاء أهل السنّة والنساء من الرئاسة في النظام الجمهوري الإسلامي ليس له أي مبرر
abdolhamid.net/arabic/2024/06
…",0,0,0,https://x.com/AbdolhamidNetAr/status/1802289773882585220,2024,6,2024-06-16,"فضيلة الشيخ عبد الحميد في خطبة الجمعة:
إقصاء أهل السنّة والنساء من الرئاسة في النظام الجمهوري الإسلامي ليس له أي مبرر
abdolhamid.net/arabic/2024/06
…","His Eminence Sheikh Abdul Hamid in the Friday sermon:
The exclusion of Sunnis and women from the presidency in the Islamic republican system has no justification
abdolhamid.net/arabic/2024/06
…"
1801147748751716488,abdolhamidnetar,2024-06-13 10:01:01.666,من المناسب أنْ تنظر حماس بجدّية إلى مقترح وقف إطلاق النار الأخير، من أجل منع المزيد من الخسائر في الأرواح، ومن أجل حماية شعب غزّة الأعزل، وبإطلاق سراح الرهائن تسدّ على إسرائيل باب ذريعة الإبادة الجماعية.,0,0,0,https://x.com/AbdolhamidNetAr/status/1801147748751716488,2024,6,2024-06-13,من المناسب أنْ تنظر حماس بجدّية إلى مقترح وقف إطلاق النار الأخير، من أجل منع المزيد من الخسائر في الأرواح، ومن أجل حماية شعب غزّة الأعزل، وبإطلاق سراح الرهائن تسدّ على إسرائيل باب ذريعة الإبادة الجماعية.,"It is appropriate for Hamas to seriously consider the recent ceasefire proposal, in order to prevent further loss of life, to protect the defenseless people of Gaza, and by releasing the hostages to block Israel's pretext for genocide."
1799752936282820910,abdolhamidnetar,2024-06-09 13:38:32.459,"فضيلة الشيخ عبد الحميد في خطبة الجمعة:
الانتخابات تكرار للماضي إن عجز الرئيس القادم عن حل المشكلات
abdolhamid.net/arabic/2024/06
…",0,0,0,https://x.com/AbdolhamidNetAr/status/1799752936282820910,2024,6,2024-06-09,"فضيلة الشيخ عبد الحميد في خطبة الجمعة:
الانتخابات تكرار للماضي إن عجز الرئيس القادم عن حل المشكلات
abdolhamid.net/arabic/2024/06
…","His Eminence Sheikh Abdul Hamid in the Friday sermon:
Elections are a repetition of the past if the next president is unable to solve the problems
abdolhamid.net/arabic/2024/06
…"
1796964592800694658,abdolhamidnetar,2024-06-01 20:58:39.568,"فضيلة الشيخ عبد الحميد في خطبة الجمعة:
الحل العادل للقضية الفلسطينية يضمن الأمن العالمي
abdolhamid.net/arabic/2024/06
…",0,0,0,https://x.com/AbdolhamidNetAr/status/1796964592800694658,2024,6,2024-06-01,"فضيلة الشيخ عبد الحميد في خطبة الجمعة:
الحل العادل للقضية الفلسطينية يضمن الأمن العالمي
abdolhamid.net/arabic/2024/06
…","His Eminence Sheikh Abdul Hamid in the Friday sermon:
A just solution to the Palestinian issue guarantees global security
abdolhamid.net/arabic/2024/06
…"
1792577402226262510,abdolhamidnetar,2024-05-20 18:25:31.825,"رسالة تعزية لفضيلة الشيخ عبد الحميد في وفاة الرئيس والوفد المرافق له
abdolhamid.net/arabic/2024/05
…",0,0,0,https://x.com/AbdolhamidNetAr/status/1792577402226262510,2024,5,2024-05-20,"رسالة تعزية لفضيلة الشيخ عبد الحميد في وفاة الرئيس والوفد المرافق له
abdolhamid.net/arabic/2024/05
…","A message of condolence to His Eminence Sheikh Abdul Hamid on the death of the President and his accompanying delegation
abdolhamid.net/arabic/2024/05
…"
1791510487546413285,abdolhamidnetar,2024-05-17 19:45:59.543,"فضيلة الشيخ عبد الحميد في رحلة علاج
abdolhamid.net/arabic/2024/05
…",0,0,0,https://x.com/AbdolhamidNetAr/status/1791510487546413285,2024,5,2024-05-17,"فضيلة الشيخ عبد الحميد في رحلة علاج
abdolhamid.net/arabic/2024/05
…","His Eminence Sheikh Abdul Hamid is on a treatment trip
abdolhamid.net/arabic/2024/05
…"
1789350801392951423,abdolhamidnetar,2024-05-11 20:44:10.239,"فضيلة الشيخ عبد الحميد في خطبة الجمعة (1 ذو القعدة 1445):
على المجتمع الدولي ويهود العالم أن يوقفوا التطرف الإسرائيلي
abdolhamid.net/arabic/2024/05
…",0,0,0,https://x.com/AbdolhamidNetAr/status/1789350801392951423,2024,5,2024-05-11,"فضيلة الشيخ عبد الحميد في خطبة الجمعة (1 ذو القعدة 1445):
على المجتمع الدولي ويهود العالم أن يوقفوا التطرف الإسرائيلي
abdolhamid.net/arabic/2024/05
…","His Eminence Sheikh Abdul Hamid in the Friday sermon (1 Dhul-Qi’dah 1445):
The international community and world Jews must stop Israeli extremism
abdolhamid.net/arabic/2024/05
…"
1788252426555761066,abdolhamidnetar,2024-05-08 19:59:37.271,دخول القوّات الأمنيّة إلى مدرسة أنوار الحرمين للعلوم الدينية في منطقة سرباز مثير للقلق. من المناسب التعامل مع مواضع التهم داخل المراكز الدينية بحذر والحفاظ على حرمة هذه الأماكن، كما يجب على مسؤولي المدارس الدينية الاجتناب من قبول الأشخاص الذين ليست لديهم معرفة تامّة عنهم.,0,0,0,https://x.com/AbdolhamidNetAr/status/1788252426555761066,2024,5,2024-05-08,دخول القوّات الأمنيّة إلى مدرسة أنوار الحرمين للعلوم الدينية في منطقة سرباز مثير للقلق. من المناسب التعامل مع مواضع التهم داخل المراكز الدينية بحذر والحفاظ على حرمة هذه الأماكن، كما يجب على مسؤولي المدارس الدينية الاجتناب من قبول الأشخاص الذين ليست لديهم معرفة تامّة عنهم.,"The entry of security forces into the Anwar Al-Haramain School of Religious Sciences in the Sarbaz area is worrying. It is appropriate to handle accusations within religious centers with caution and maintain the sanctity of these places, and religious school officials must avoid accepting people about whom they do not have complete knowledge."
1787040009565929915,abdolhamidnetar,2024-05-05 11:41:54.535,"فضيلة الشيخ عبد الحميد في خطبة الجمعة (24 شوال 1445):
على الحكومة أن تسمح لأهل السنة بأداء الصلاة بحرّية
abdolhamid.net/arabic/2024/05
…",0,0,0,https://x.com/AbdolhamidNetAr/status/1787040009565929915,2024,5,2024-05-05,"فضيلة الشيخ عبد الحميد في خطبة الجمعة (24 شوال 1445):
على الحكومة أن تسمح لأهل السنة بأداء الصلاة بحرّية
abdolhamid.net/arabic/2024/05
…","His Eminence Sheikh Abdul Hamid in the Friday sermon (24 Shawwal 1445):
The government should allow Sunnis to perform prayers freely
abdolhamid.net/arabic/2024/05
…"
1784521314880856473,abdolhamidnetar,2024-04-28 12:53:30.927,"فضيلة الشيخ عبد الحميد في خطبة الجمعة (17 شوال 1445):
لماذا ليست للمرأة مكانتها الحقيقية؟
abdolhamid.net/arabic/2024/04
…",0,0,0,https://x.com/AbdolhamidNetAr/status/1784521314880856473,2024,4,2024-04-28,"فضيلة الشيخ عبد الحميد في خطبة الجمعة (17 شوال 1445):
لماذا ليست للمرأة مكانتها الحقيقية؟
abdolhamid.net/arabic/2024/04
…","His Eminence Sheikh Abdul Hamid in the Friday sermon (17 Shawwal 1445):
Why do women not have their true status?
abdolhamid.net/arabic/2024/04
…"
1783155677843566597,abdolhamidnetar,2024-04-24 18:26:57.685,"رسالة تعزية لفضيلة الشيخ عبد الحميد على وفاة زعيم جماعة إسماعيل آغا في تركيا
abdolhamid.net/arabic/2024/04
…",0,0,0,https://x.com/AbdolhamidNetAr/status/1783155677843566597,2024,4,2024-04-24,"رسالة تعزية لفضيلة الشيخ عبد الحميد على وفاة زعيم جماعة إسماعيل آغا في تركيا
abdolhamid.net/arabic/2024/04
…","A message of condolence to His Eminence Sheikh Abdul Hamid on the death of the leader of the Ismail Agha group in Turkey
abdolhamid.net/arabic/2024/04
…"
1782783935371514284,abdolhamidnetar,2024-04-23 17:49:47.373,"رسالة تعزية لفضيلة الشيخ عبد الحميد بوفاة العلامة عبد المجيد الزنداني
abdolhamid.net/arabic/2024/04
…",0,0,0,https://x.com/AbdolhamidNetAr/status/1782783935371514284,2024,4,2024-04-23,"رسالة تعزية لفضيلة الشيخ عبد الحميد بوفاة العلامة عبد المجيد الزنداني
abdolhamid.net/arabic/2024/04
…","A message of condolence to His Eminence Sheikh Abdul Hamid on the death of the scholar Abdul Majeed Al-Zindani
abdolhamid.net/arabic/2024/04
…"
1781755417938239774,abdolhamidnetar,2024-04-20 21:42:49.708,"فضيلة الشيخ عبد الحميد في خطبة الجمعة (10 شوال 1445):
الشرق الأوسط هو الشريان الحيوي للعالم ويجب إبعاده عن التوتر والصراع
abdolhamid.net/arabic/2024/04
…",0,0,0,https://x.com/AbdolhamidNetAr/status/1781755417938239774,2024,4,2024-04-20,"فضيلة الشيخ عبد الحميد في خطبة الجمعة (10 شوال 1445):
الشرق الأوسط هو الشريان الحيوي للعالم ويجب إبعاده عن التوتر والصراع
abdolhamid.net/arabic/2024/04
…","His Eminence Sheikh Abdul Hamid in the Friday sermon (10 Shawwal 1445):
The Middle East is the vital artery of the world and must be kept away from tension and conflict
abdolhamid.net/arabic/2024/04
…"
1779768269265682466,abdolhamidnetar,2024-04-15 10:06:36.545,لقد حان الوقت للمجتمع الدولي، ولا سيما الحكومات الداعمة لإسرائيل، أن تقضي على هذا العداء والصراع الدولي إلى الأبد، من خلال الضغط من أجل وقف إطلاق النّار، وإنهاء الاحتلال، وتشكيل دولة فلسطينية مستقلة، واحترام خصوصية البلاد.,0,0,0,https://x.com/AbdolhamidNetAr/status/1779768269265682466,2024,4,2024-04-15,لقد حان الوقت للمجتمع الدولي، ولا سيما الحكومات الداعمة لإسرائيل، أن تقضي على هذا العداء والصراع الدولي إلى الأبد، من خلال الضغط من أجل وقف إطلاق النّار، وإنهاء الاحتلال، وتشكيل دولة فلسطينية مستقلة، واحترام خصوصية البلاد.,"It is time for the international community, especially governments that support Israel, to eliminate this international hostility and conflict forever, by pressing for a ceasefire, ending the occupation, forming an independent Palestinian state, and respecting the country’s privacy."
1779467340691787975,abdolhamidnetar,2024-04-14 14:10:49.582,"فضيلة الشيخ عبد الحميد في خطبة الجمعة:
لا تتفاوضون مع المسلحين، ولكن هل تحدثتم مع السجناء السياسيين والذين يحتجون بالطرق السلمية؟!
abdolhamid.net/arabic/2024/04
…",0,0,0,https://x.com/AbdolhamidNetAr/status/1779467340691787975,2024,4,2024-04-14,"فضيلة الشيخ عبد الحميد في خطبة الجمعة:
لا تتفاوضون مع المسلحين، ولكن هل تحدثتم مع السجناء السياسيين والذين يحتجون بالطرق السلمية؟!
abdolhamid.net/arabic/2024/04
…","His Eminence Sheikh Abdul Hamid in the Friday sermon:
You do not negotiate with militants, but have you talked to political prisoners and those protesting peacefully?!
abdolhamid.net/arabic/2024/04
…"
1778349545186865605,abdolhamidnetar,2024-04-11 12:09:06.366,"فضيلة الشيخ عبد الحميد في خطبة عيد الفطر في زاهدان:
حل أزمات الوطن في الاستسلام لمطالب الشعب المشروعة
abdolhamid.net/arabic/2024/04
…",0,0,0,https://x.com/AbdolhamidNetAr/status/1778349545186865605,2024,4,2024-04-11,"فضيلة الشيخ عبد الحميد في خطبة عيد الفطر في زاهدان:
حل أزمات الوطن في الاستسلام لمطالب الشعب المشروعة
abdolhamid.net/arabic/2024/04
…","His Eminence Sheikh Abdul Hamid in his Eid al-Fitr sermon in Zahedan:
Solving the nation's crises lies in surrendering to the legitimate demands of the people
abdolhamid.net/arabic/2024/04
…"
1776577394553372681,abdolhamidnetar,2024-04-06 14:47:12.730,"فضيلة الشيخ عبد الحميد في خطبة الجمعة (25 رمضان 1445):
نحن نفكر في أمن المحافظة والبلد ونرفض أي نوع من العنف
abdolhamid.net/arabic/2024/04
…",0,0,0,https://x.com/AbdolhamidNetAr/status/1776577394553372681,2024,4,2024-04-06,"فضيلة الشيخ عبد الحميد في خطبة الجمعة (25 رمضان 1445):
نحن نفكر في أمن المحافظة والبلد ونرفض أي نوع من العنف
abdolhamid.net/arabic/2024/04
…","His Eminence Sheikh Abdul Hamid in the Friday sermon (25 Ramadan 1445):
We think about the security of the province and the country and reject any kind of violence
abdolhamid.net/arabic/2024/04
…"
1774084838925992006,abdolhamidnetar,2024-03-30 17:42:41.159,"فضيلة الشيخ عبد الحميد في خطبة الجمعة (18 رمضان 1445):
الشّعب الإيراني شارك في استفتاء أوائل الثورة على أمل تحقيق العدالة والحرية والتحوّل السياسي والاقتصادي
abdolhamid.net/arabic/2024/03
…",0,0,0,https://x.com/AbdolhamidNetAr/status/1774084838925992006,2024,3,2024-03-30,"فضيلة الشيخ عبد الحميد في خطبة الجمعة (18 رمضان 1445):
الشّعب الإيراني شارك في استفتاء أوائل الثورة على أمل تحقيق العدالة والحرية والتحوّل السياسي والاقتصادي
abdolhamid.net/arabic/2024/03
…","His Eminence Sheikh Abdul Hamid in the Friday sermon (18 Ramadan 1445):
The Iranian people participated in the referendum at the beginning of the revolution in the hope of achieving justice, freedom, and political and economic transformation
abdolhamid.net/arabic/2024/03
…"
1773325720468496616,abdolhamidnetar,2024-03-28 14:26:13.215,"لقاء فضيلة الشيخ عبد الحميد مع المصابين وذوي شهداء الجمعتين الداميتين في زاهدان وخاش
abdolhamid.net/arabic/2024/03
…",0,0,0,https://x.com/AbdolhamidNetAr/status/1773325720468496616,2024,3,2024-03-28,"لقاء فضيلة الشيخ عبد الحميد مع المصابين وذوي شهداء الجمعتين الداميتين في زاهدان وخاش
abdolhamid.net/arabic/2024/03
…","His Eminence Sheikh Abdul Hamid’s meeting with the injured and the families of the martyrs of the two bloody Fridays in Zahedan and Khash
abdolhamid.net/arabic/2024/03
…"
1771530676233289954,abdolhamidnetar,2024-03-23 15:33:21.319,"فضيلة الشيخ عبد الحميد في خطبة الجمعة (11 رمضان 1445):
الشعب الإيراني أكثر وعيا ومحبة بينهم هذه الأيام
abdolhamid.net/arabic/2024/03
…",0,0,0,https://x.com/AbdolhamidNetAr/status/1771530676233289954,2024,3,2024-03-23,"فضيلة الشيخ عبد الحميد في خطبة الجمعة (11 رمضان 1445):
الشعب الإيراني أكثر وعيا ومحبة بينهم هذه الأيام
abdolhamid.net/arabic/2024/03
…","His Eminence Sheikh Abdul Hamid in the Friday sermon (11 Ramadan 1445):
Iranian people are more aware and loving these days
abdolhamid.net/arabic/2024/03
…"
1768961088987725858,abdolhamidnetar,2024-03-16 13:22:43.979,"فضيلة الشيخ عبد الحميد في خطبة الجمعة:
الحاكم يجب أن يكون مع الشعب ويفكر في المصالح الوطنية
abdolhamid.net/arabic/2024/03
…",0,0,0,https://x.com/AbdolhamidNetAr/status/1768961088987725858,2024,3,2024-03-16,"فضيلة الشيخ عبد الحميد في خطبة الجمعة:
الحاكم يجب أن يكون مع الشعب ويفكر في المصالح الوطنية
abdolhamid.net/arabic/2024/03
…","His Eminence Sheikh Abdul Hamid in the Friday sermon:
The ruler must be with the people and think about national interests
abdolhamid.net/arabic/2024/03
…"
1767488831912067154,abdolhamidnetar,2024-03-12 11:52:30.539,أقيمتْ محكمة جريمة الجمعة الدامية في زاهدان بعد انتظار طويل، باستدعاء عدد قليل من أفراد قوّات الشرطة، لكن لم تتم معاقبة عوامل هذه الجريمة ومرتكبيها من الحرس الثوري وقوات التعبئة (الباسيج).,0,0,0,https://x.com/AbdolhamidNetAr/status/1767488831912067154,2024,3,2024-03-12,أقيمتْ محكمة جريمة الجمعة الدامية في زاهدان بعد انتظار طويل، باستدعاء عدد قليل من أفراد قوّات الشرطة، لكن لم تتم معاقبة عوامل هذه الجريمة ومرتكبيها من الحرس الثوري وقوات التعبئة (الباسيج).,"The Bloody Friday crime court was established in Zahedan after a long wait, by summoning a small number of members of the police forces, but the agents and perpetrators of this crime from the Revolutionary Guards and the Basij Mobilization Forces were not punished."
1766420610543141063,abdolhamidnetar,2024-03-09 13:07:46.718,"فضيلة الشيخ عبد الحميد في خطبة الجمعة (27 شعبان 1445):
طريقة اختيار المرشحين سبب تراجع نسبة المشاركة في الانتخابات
abdolhamid.net/arabic/2024/03
…",0,0,0,https://x.com/AbdolhamidNetAr/status/1766420610543141063,2024,3,2024-03-09,"فضيلة الشيخ عبد الحميد في خطبة الجمعة (27 شعبان 1445):
طريقة اختيار المرشحين سبب تراجع نسبة المشاركة في الانتخابات
abdolhamid.net/arabic/2024/03
…","His Eminence Sheikh Abdul Hamid in the Friday sermon (Shaban 27, 1445):
The method of selecting candidates is the reason for the decline in participation in the elections
abdolhamid.net/arabic/2024/03
…"
1764022802930397433,abdolhamidnetar,2024-03-02 22:19:44.834,"فضيلة الشيخ عبد الحميد في خطبة الجمعة (20 شعبان 1445):
عليكم بإعمار المناطق التي ضربتها الفيضانات بدل المشروع الخيالي في سواحلها
abdolhamid.net/arabic/2024/03
…",0,0,0,https://x.com/AbdolhamidNetAr/status/1764022802930397433,2024,3,2024-03-02,"فضيلة الشيخ عبد الحميد في خطبة الجمعة (20 شعبان 1445):
عليكم بإعمار المناطق التي ضربتها الفيضانات بدل المشروع الخيالي في سواحلها
abdolhamid.net/arabic/2024/03
…","His Eminence Sheikh Abdul Hamid in the Friday sermon (Shaaban 20, 1445):
You should reconstruct the areas hit by floods instead of the imaginary project on their coasts
abdolhamid.net/arabic/2024/03
…"
1764015822874587190,abdolhamidnetar,2024-03-02 21:52:00.659,لقد أثبتت التجربة أنّ أي حكومة سعت في اختيار مديرين تابعين وضعفاء، وتجاهلت التنوّع في شعبه، وحصرت نفسها في طائفة واحدة، قد وصلت في النهاية إلى طريق مسدود.,0,0,0,https://x.com/AbdolhamidNetAr/status/1764015822874587190,2024,3,2024-03-02,لقد أثبتت التجربة أنّ أي حكومة سعت في اختيار مديرين تابعين وضعفاء، وتجاهلت التنوّع في شعبه، وحصرت نفسها في طائفة واحدة، قد وصلت في النهاية إلى طريق مسدود.,"Experience has shown that any government that sought to choose subordinate and weak managers, ignored the diversity of its people, and confined itself to one sect, has ultimately reached a dead end."
1761468169271517536,abdolhamidnetar,2024-02-24 21:08:32.707,"فضيلة الشيخ عبد الحميد في خطبة الجمعة (13 شعبان 1445):
الشعب يطالب بإيقاف الإعدامات
abdolhamid.net/arabic/2024/02
…",0,0,0,https://x.com/AbdolhamidNetAr/status/1761468169271517536,2024,2,2024-02-24,"فضيلة الشيخ عبد الحميد في خطبة الجمعة (13 شعبان 1445):
الشعب يطالب بإيقاف الإعدامات
abdolhamid.net/arabic/2024/02
…","His Eminence Sheikh Abdul Hamid in the Friday sermon (Shaaban 13, 1445):
The people demand a halt to executions
abdolhamid.net/arabic/2024/02
…"
1758894028970467743,abdolhamidnetar,2024-02-17 18:39:49.834,"فضيلة الشيخ عبد الحميد في خطبة الجمعة (٦ شعبان ١٤٤٥):
للأسف لم يُسمع لأيّ من مطالب الشعب
abdolhamid.net/arabic/2024/02
…",0,0,0,https://x.com/AbdolhamidNetAr/status/1758894028970467743,2024,2,2024-02-17,"فضيلة الشيخ عبد الحميد في خطبة الجمعة (٦ شعبان ١٤٤٥):
للأسف لم يُسمع لأيّ من مطالب الشعب
abdolhamid.net/arabic/2024/02
…","His Eminence Sheikh Abdul Hamid in the Friday sermon (Shaban 6, 1445):
Unfortunately, none of the people's demands were heard
abdolhamid.net/arabic/2024/02
…"
1758187207645397278,abdolhamidnetar,2024-02-15 19:51:10.498,"سيؤدي الهجوم على رفح التي هي الملجأ الأخير للاجئين إلى كارثة إنسانية كبيرة، وسيزيد من الكراهية العالمية ضد إسرائيل.
إن التوصل إلى وقف لإطلاق النار وإطلاق سراح السجناء من الجانبين من شأنه أن يمنع وقوع كارثة إنسانية أخرى.ينبغي للأطراف إبداء المرونة تجنباً للمزيد من الخسائر البشرية.",0,0,0,https://x.com/AbdolhamidNetAr/status/1758187207645397278,2024,2,2024-02-15,"سيؤدي الهجوم على رفح التي هي الملجأ الأخير للاجئين إلى كارثة إنسانية كبيرة، وسيزيد من الكراهية العالمية ضد إسرائيل.
إن التوصل إلى وقف لإطلاق النار وإطلاق سراح السجناء من الجانبين من شأنه أن يمنع وقوع كارثة إنسانية أخرى.ينبغي للأطراف إبداء المرونة تجنباً للمزيد من الخسائر البشرية.","An attack on Rafah, the last refuge for refugees, will lead to a major humanitarian catastrophe and will increase global hatred against Israel.
A ceasefire and the release of prisoners on both sides would prevent another humanitarian catastrophe. The parties should show flexibility to avoid further human losses."
1757745670125928754,abdolhamidnetar,2024-02-14 14:36:39.750,"الشيخ ""محمد خضر نجاد"" شخصية بارزة، وعالم دين معتدل وناصح، والحُكم الصادر بحقه حكمٌ جائر ومثير للقلق.
ليس السجن مكان مثل هذا العالم الصالح والناصح.
من المناسب أن يتم إطلاق سراحه عاجلاً حتى يستفيد الناس من وجوده كما كان الحال في الماضي.",0,0,0,https://x.com/AbdolhamidNetAr/status/1757745670125928754,2024,2,2024-02-14,"الشيخ ""محمد خضر نجاد"" شخصية بارزة، وعالم دين معتدل وناصح، والحُكم الصادر بحقه حكمٌ جائر ومثير للقلق.
ليس السجن مكان مثل هذا العالم الصالح والناصح.
من المناسب أن يتم إطلاق سراحه عاجلاً حتى يستفيد الناس من وجوده كما كان الحال في الماضي.","Sheikh Mohammad Khodrinejad is a prominent figure, a moderate religious scholar and advisor, and the sentence issued against him is unjust and disturbing.
Prison is not a place for such a good and counseling scholar.
It is appropriate that he be released sooner so that people can benefit from his presence as was the case in the past."
1756363078139003344,abdolhamidnetar,2024-02-10 19:02:44.133,"فضيلة الشيخ عبد الحميد في خطبة الجمعة (28 رجب 1445):
النظام الشعبي هو الذي يكون مع الشعب ويفكر في استجلاب مرضاتهم
abdolhamid.net/arabic/2024/02
…",0,0,0,https://x.com/AbdolhamidNetAr/status/1756363078139003344,2024,2,2024-02-10,"فضيلة الشيخ عبد الحميد في خطبة الجمعة (28 رجب 1445):
النظام الشعبي هو الذي يكون مع الشعب ويفكر في استجلاب مرضاتهم
abdolhamid.net/arabic/2024/02
…","His Eminence Sheikh Abdul Hamid in the Friday sermon (28 Rajab 1445):
The popular regime is the one that is with the people and thinks about attracting their satisfaction
abdolhamid.net/arabic/2024/02
…"
1756362719689609321,abdolhamidnetar,2024-02-10 19:01:18.672,"فضيلة الشيخ عبد الحميد في الحفل السنوي الثالث والثلاثين لتكريم خريجي جامعة دار العلوم زاهدان:
 في الجامع المكي يجري التفكير حول أصل الإسلام والإنسانية
abdolhamid.net/arabic/2024/02
…",0,0,0,https://x.com/AbdolhamidNetAr/status/1756362719689609321,2024,2,2024-02-10,"فضيلة الشيخ عبد الحميد في الحفل السنوي الثالث والثلاثين لتكريم خريجي جامعة دار العلوم زاهدان:
 في الجامع المكي يجري التفكير حول أصل الإسلام والإنسانية
abdolhamid.net/arabic/2024/02
…","His Eminence Sheikh Abdul Hamid at the thirty-third annual ceremony honoring graduates of Dar Al Uloom Zahedan University:
 In the Meccan Mosque, reflection takes place on the origins of Islam and humanity
abdolhamid.net/arabic/2024/02
…"
1752385740141683193,abdolhamidnetar,2024-01-30 19:38:12.859,"تزايد تنفيذ أحكام الإعدام في البلاد، ومعظم الضحايا هم من الأكراد والبلوش. تنفيذ أحكام الإعدام بهذه الكثرة، لا يتوافق مع التعاليم السماوية، ولا مع القوانين البشرية، ولا نجد له أثراً في سيرة النّبي الكريم والصحابة وأهل البيت.
«فَهَلْ أنْتُمْ مُنْتَهُونَ»",0,0,0,https://x.com/AbdolhamidNetAr/status/1752385740141683193,2024,1,2024-01-30,"تزايد تنفيذ أحكام الإعدام في البلاد، ومعظم الضحايا هم من الأكراد والبلوش. تنفيذ أحكام الإعدام بهذه الكثرة، لا يتوافق مع التعاليم السماوية، ولا مع القوانين البشرية، ولا نجد له أثراً في سيرة النّبي الكريم والصحابة وأهل البيت.
«فَهَلْ أنْتُمْ مُنْتَهُونَ»","The implementation of death sentences has increased in the country, and most of the victims are Kurds and Baluchis. Implementing death sentences in such a large number is not consistent with heavenly teachings, nor with human laws, and we find no trace of it in the biography of the Holy Prophet, the Companions, and the People of the House.
“So are you finished?”"
1751279496433741845,abdolhamidnetar,2024-01-27 18:22:23.806,"فضيلة الشيخ عبد الحميد في خطبة الجمعة (14 رجب 1445):
لم يتم اتخاذ أي خطوة في اتجاه مطالب الشعب حتى الآن
abdolhamid.net/arabic/2024/01
…",0,0,0,https://x.com/AbdolhamidNetAr/status/1751279496433741845,2024,1,2024-01-27,"فضيلة الشيخ عبد الحميد في خطبة الجمعة (14 رجب 1445):
لم يتم اتخاذ أي خطوة في اتجاه مطالب الشعب حتى الآن
abdolhamid.net/arabic/2024/01
…","His Eminence Sheikh Abdul Hamid in the Friday sermon (14 Rajab 1445):
No step has been taken in the direction of the people's demands so far
abdolhamid.net/arabic/2024/01
…"
1748735081936818665,abdolhamidnetar,2024-01-20 17:51:48.117,"فضيلة الشيخ عبد الحميد في خطبة الجمعة (٧ رجب ١٤٤٥):
إيران وباكستان لديهما حق الجوار والمصالح المشتركة التي يجب الحفاظ عليها
abdolhamid.net/arabic/2024/01
…",0,0,0,https://x.com/AbdolhamidNetAr/status/1748735081936818665,2024,1,2024-01-20,"فضيلة الشيخ عبد الحميد في خطبة الجمعة (٧ رجب ١٤٤٥):
إيران وباكستان لديهما حق الجوار والمصالح المشتركة التي يجب الحفاظ عليها
abdolhamid.net/arabic/2024/01
…","His Eminence Sheikh Abdul Hamid in the Friday sermon (7 Rajab 1445):
Iran and Pakistan have neighboring rights and common interests that must be preserved
abdolhamid.net/arabic/2024/01
…"
1746418996931592301,abdolhamidnetar,2024-01-14 08:28:30.421,"فضيلة الشيخ عبد الحميد في خطبة الجمعة (29 جمادى الثانية 1445):
إن كانت محكمة لاهاي مستقلة فسوف تدين إسرائيل
abdolhamid.net/arabic/2024/01
…",0,0,0,https://x.com/AbdolhamidNetAr/status/1746418996931592301,2024,1,2024-01-14,"فضيلة الشيخ عبد الحميد في خطبة الجمعة (29 جمادى الثانية 1445):
إن كانت محكمة لاهاي مستقلة فسوف تدين إسرائيل
abdolhamid.net/arabic/2024/01
…","His Eminence Sheikh Abdul Hamid in the Friday sermon (29 Jumada al-Thani 1445):
If the Hague Court were independent, it would convict Israel
abdolhamid.net/arabic/2024/01
…"
1746266080669266146,abdolhamidnetar,2024-01-13 22:20:52.343,على الولايات المتحدة وبريطانيا أن تقوما بإيقاف الحرب في غزة بدلا من فتح جبهة جديدة لا تصب في مصلحة أي طرف. الوقف الفوري لإطلاق النار في غزة ووقف العدوان على اليمن مطلب شعوب المنطقة والعالم.,0,0,0,https://x.com/AbdolhamidNetAr/status/1746266080669266146,2024,1,2024-01-13,على الولايات المتحدة وبريطانيا أن تقوما بإيقاف الحرب في غزة بدلا من فتح جبهة جديدة لا تصب في مصلحة أي طرف. الوقف الفوري لإطلاق النار في غزة ووقف العدوان على اليمن مطلب شعوب المنطقة والعالم.,The United States and Britain must stop the war in Gaza instead of opening a new front that is not in the interest of any party. An immediate ceasefire in Gaza and an end to the aggression against Yemen are the demands of the peoples of the region and the world.
1743887154764562813,abdolhamidnetar,2024-01-07 08:47:52.209,"فضيلة الشيخ عبد الحميد في خطبة الجمعة (22 جمادى الثانية 1445):
تزايد الظلم والجور هو السبب الأكبر لتغيّر المناخ وغيره من المشكلات في العالم
abdolhamid.net/arabic/2024/01
…",0,0,0,https://x.com/AbdolhamidNetAr/status/1743887154764562813,2024,1,2024-01-07,"فضيلة الشيخ عبد الحميد في خطبة الجمعة (22 جمادى الثانية 1445):
تزايد الظلم والجور هو السبب الأكبر لتغيّر المناخ وغيره من المشكلات في العالم
abdolhamid.net/arabic/2024/01
…","His Eminence Sheikh Abdul Hamid in the Friday sermon (22 Jumada al-Thani 1445):
Growing injustice is the biggest cause of climate change and other problems in the world
abdolhamid.net/arabic/2024/01
…"
1742599349983408161,abdolhamidnetar,2024-01-03 19:30:35.623,"فضيلة الشيخ عبد الحميد يدين الحادث الإرهابي في كرمان
abdolhamid.net/arabic/2024/01
…",0,0,0,https://x.com/AbdolhamidNetAr/status/1742599349983408161,2024,1,2024-01-03,"فضيلة الشيخ عبد الحميد يدين الحادث الإرهابي في كرمان
abdolhamid.net/arabic/2024/01
…","His Eminence Sheikh Abdul Hamid condemns the terrorist incident in Kerman
abdolhamid.net/arabic/2024/01
…"
1741532799977558443,abdolhamidnetar,2023-12-31 20:52:30.286,"فضيلة الشيخ عبد الحميد في خطبة الجمعة (15 جمادى الثانية 1445):
حل المشكلات الاقتصادية للشعب يتطلب إرادة جادة من مسؤولي النظام
abdolhamid.net/arabic/2023/12
…",0,0,0,https://x.com/AbdolhamidNetAr/status/1741532799977558443,2023,12,2023-12-31,"فضيلة الشيخ عبد الحميد في خطبة الجمعة (15 جمادى الثانية 1445):
حل المشكلات الاقتصادية للشعب يتطلب إرادة جادة من مسؤولي النظام
abdolhamid.net/arabic/2023/12
…","His Eminence Sheikh Abdul Hamid in the Friday sermon (15 Jumada al-Thani 1445):
Solving the economic problems of the people requires the serious will of regime officials
abdolhamid.net/arabic/2023/12
…"
1738931568729886800,abdolhamidnetar,2023-12-24 16:36:08.428,"فضيلة الشيخ عبد الحميد في خطبة الجمعة (8 جمادى الثانية 1445):
قيام دولة فلسطين المستقلة سيضمن الأمن لجميع الأطراف
abdolhamid.net/arabic/2023/12
…",0,0,0,https://x.com/AbdolhamidNetAr/status/1738931568729886800,2023,12,2023-12-24,"فضيلة الشيخ عبد الحميد في خطبة الجمعة (8 جمادى الثانية 1445):
قيام دولة فلسطين المستقلة سيضمن الأمن لجميع الأطراف
abdolhamid.net/arabic/2023/12
…","His Eminence Sheikh Abdul Hamid in the Friday sermon (8 Jumada al-Thani 1445):
The establishment of an independent State of Palestine will guarantee security for all parties
abdolhamid.net/arabic/2023/12
…"
1736084439661228109,abdolhamidnetar,2023-12-16 20:02:39.961,"فضيلة الشيخ عبد الحميد في خطبة الجمعة:
على المجتمع الدولي حل القضية الفلسطينية بالعدل والإنصاف
abdolhamid.net/arabic/2023/12
…",0,0,0,https://x.com/AbdolhamidNetAr/status/1736084439661228109,2023,12,2023-12-16,"فضيلة الشيخ عبد الحميد في خطبة الجمعة:
على المجتمع الدولي حل القضية الفلسطينية بالعدل والإنصاف
abdolhamid.net/arabic/2023/12
…","His Eminence Sheikh Abdul Hamid in the Friday sermon:
The international community must resolve the Palestinian issue with justice and equity
abdolhamid.net/arabic/2023/12
…"
1734190841902563561,abdolhamidnetar,2023-12-11 14:38:11.074,"فضيلة الشيخ عبد الحميد في خطبة الجمعة (24 جمادى الأولى 1445):
الاختلاس الأخير صادم ومخيب للآمال
abdolhamid.net/arabic/2023/12
…",0,0,0,https://x.com/AbdolhamidNetAr/status/1734190841902563561,2023,12,2023-12-11,"فضيلة الشيخ عبد الحميد في خطبة الجمعة (24 جمادى الأولى 1445):
الاختلاس الأخير صادم ومخيب للآمال
abdolhamid.net/arabic/2023/12
…","His Eminence Sheikh Abdul Hamid in the Friday sermon (24 Jumada al-Awwal 1445):
The latest embezzlement is shocking and disappointing
abdolhamid.net/arabic/2023/12
…"
1731373573367865581,abdolhamidnetar,2023-12-03 20:03:21.913,"فضيلة الشيخ عبد الحميد في خطبة الجمعة (17 جمادى الأولى 1445):
تحتاج الظروف الراهنة في العالم إلی رؤية جديدة
abdolhamid.net/arabic/2023/12
…",0,0,0,https://x.com/AbdolhamidNetAr/status/1731373573367865581,2023,12,2023-12-03,"فضيلة الشيخ عبد الحميد في خطبة الجمعة (17 جمادى الأولى 1445):
تحتاج الظروف الراهنة في العالم إلی رؤية جديدة
abdolhamid.net/arabic/2023/12
…","His Eminence Sheikh Abdul Hamid in the Friday sermon (17 Jumada al-Awwal 1445):
The current circumstances in the world require a new vision
abdolhamid.net/arabic/2023/12
…"
1728824196808270145,abdolhamidnetar,2023-11-26 19:13:03.176,"فضيلة الشيخ عبد الحميد في خطبة الجمعة (10 جمادى الأولى 1445):
الضغوط المذهبية وإغلاق أماكن الصلاة مخالف للدستور
abdolhamid.net/arabic/2023/11
…",0,0,0,https://x.com/AbdolhamidNetAr/status/1728824196808270145,2023,11,2023-11-26,"فضيلة الشيخ عبد الحميد في خطبة الجمعة (10 جمادى الأولى 1445):
الضغوط المذهبية وإغلاق أماكن الصلاة مخالف للدستور
abdolhamid.net/arabic/2023/11
…","His Eminence Sheikh Abdul Hamid in the Friday sermon (10 Jumada al-Awwal 1445):
Sectarian pressures and closing places of prayer are against the constitution
abdolhamid.net/arabic/2023/11
…"
1725974389273895388,abdolhamidnetar,2023-11-18 22:28:56.113,"فضيلة الشيخ عبد الحميد في خطبة الجمعة (3 جمادى الأولى 1445):
على الحكومة التركيز على حل مشكلات الشعب والمصالح الوطنية
abdolhamid.net/arabic/2023/11
…",0,0,0,https://x.com/AbdolhamidNetAr/status/1725974389273895388,2023,11,2023-11-18,"فضيلة الشيخ عبد الحميد في خطبة الجمعة (3 جمادى الأولى 1445):
على الحكومة التركيز على حل مشكلات الشعب والمصالح الوطنية
abdolhamid.net/arabic/2023/11
…","His Eminence Sheikh Abdul Hamid in the Friday sermon (3 Jumada al-Awwal 1445):
The government should focus on solving the people's problems and national interests
abdolhamid.net/arabic/2023/11
…"
1723636523629715467,abdolhamidnetar,2023-11-12 11:39:05.508,"فضيلة الشيخ عبد الحميد في خطبة الجمعة (25 ربيع الثاني 1445):
على الحكومات الإسلامية أن تتحد لمنع الجرائم الإسرائيلية
abdolhamid.net/arabic/2023/11
…",0,0,0,https://x.com/AbdolhamidNetAr/status/1723636523629715467,2023,11,2023-11-12,"فضيلة الشيخ عبد الحميد في خطبة الجمعة (25 ربيع الثاني 1445):
على الحكومات الإسلامية أن تتحد لمنع الجرائم الإسرائيلية
abdolhamid.net/arabic/2023/11
…","His Eminence Sheikh Abdul Hamid in the Friday sermon (25 Rabi’ al-Thani 1445):
Islamic governments must unite to prevent Israeli crimes
abdolhamid.net/arabic/2023/11
…"
1721086237140787690,abdolhamidnetar,2023-11-05 10:45:09.827,"أظهرتْ كلمات القياديّ البارز في ""محور المقاومة"" أمس، أنّ الشعب الفلسطيني بقي وحيدا في أصعب الظروف، وأنّ بين شعار الدفاع عن فلسطين وبين العمل، مسافة بعيدة.
 على أهل غزة وفلسطين أن يتوكلوا على الله تعالى فحسب، فهو نعم المولى ونعم النصير.",0,0,0,https://x.com/AbdolhamidNetAr/status/1721086237140787690,2023,11,2023-11-05,"أظهرتْ كلمات القياديّ البارز في ""محور المقاومة"" أمس، أنّ الشعب الفلسطيني بقي وحيدا في أصعب الظروف، وأنّ بين شعار الدفاع عن فلسطين وبين العمل، مسافة بعيدة.
 على أهل غزة وفلسطين أن يتوكلوا على الله تعالى فحسب، فهو نعم المولى ونعم النصير.","The words of the prominent leader of the “Axis of Resistance” yesterday showed that the Palestinian people remained alone in the most difficult circumstances, and that there was a long distance between the slogan of defending Palestine and action.
 The people of Gaza and Palestine must rely only on God Almighty, for He is the best Lord and the best Helper."
1721076040083099661,abdolhamidnetar,2023-11-05 10:04:38.659,"فضيلة #الشيخ_عبدالحميد في #خطبة_الجمعة (18 ربيع الثاني 1445): 
على حكومات العالم أن توقف جرائم إسرائيل
abdolhamid.net/arabic/2023/11
…",0,0,0,https://x.com/AbdolhamidNetAr/status/1721076040083099661,2023,11,2023-11-05,"فضيلة #الشيخ_عبدالحميد في #خطبة_الجمعة (18 ربيع الثاني 1445): 
على حكومات العالم أن توقف جرائم إسرائيل
abdolhamid.net/arabic/2023/11
…","His Eminence #Sheikh_Abdulhamid in the #Friday_sermon (18 Rabi’ al-Thani 1445): 
The governments of the world must stop Israel's crimes
abdolhamid.net/arabic/2023/11
…"
1718336605012775273,abdolhamidnetar,2023-10-28 21:39:06.442,"فضيلة #الشيخ_عبدالحميد في #خطبة_الجمعة (11 ربيع الثاني 1445): 
الهجمات الوحشية التي تشنّها إسرائيل على غزّة لا مبرر لها
abdolhamid.net/arabic/2023/10
…",0,0,0,https://x.com/AbdolhamidNetAr/status/1718336605012775273,2023,10,2023-10-28,"فضيلة #الشيخ_عبدالحميد في #خطبة_الجمعة (11 ربيع الثاني 1445): 
الهجمات الوحشية التي تشنّها إسرائيل على غزّة لا مبرر لها
abdolhamid.net/arabic/2023/10
…","His Eminence #Sheikh_Abdulhamid in the #Friday_sermon (11 Rabi’ al-Thani 1445): 
Israel's brutal attacks on Gaza are unjustified
abdolhamid.net/arabic/2023/10
…"
1716732563908137165,abdolhamidnetar,2023-10-24 11:25:13.241,يشتكي بعض عائلات شهداء الجمعة الدامية في زاهدان من الضغوط والتهديدات التي يتعرضون لها من قبل أشخاص مرتبطين ببعض المؤسسات للحصول على موافقتهم. إنما يكون عفو المشتكي معتبرا إذا كان بإرادة حرة وبدون إكراه. تهديد المظلوم للحصول على موافقته وعفوه، يتعارض مع الدين والأخلاق.,0,0,0,https://x.com/AbdolhamidNetAr/status/1716732563908137165,2023,10,2023-10-24,يشتكي بعض عائلات شهداء الجمعة الدامية في زاهدان من الضغوط والتهديدات التي يتعرضون لها من قبل أشخاص مرتبطين ببعض المؤسسات للحصول على موافقتهم. إنما يكون عفو المشتكي معتبرا إذا كان بإرادة حرة وبدون إكراه. تهديد المظلوم للحصول على موافقته وعفوه، يتعارض مع الدين والأخلاق.,Some families of the martyrs of Bloody Friday in Zahedan complain about the pressure and threats they are subjected to by people associated with some institutions to obtain their approval. The complainant's pardon is only valid if it was of free will and without coercion. Threatening the oppressed to obtain his consent and pardon is contrary to religion and morality.
1716154227444080776,abdolhamidnetar,2023-10-22 21:07:07.083,"فضيلة #الشيخ_عبدالحميد في #خطبة_الجمعة (4 ربيع الثاني 1445): 
على كافة القوى والحكومات التدخل لوقف الحرب في غزة فوراً
abdolhamid.net/arabic/2023/10
…",0,0,0,https://x.com/AbdolhamidNetAr/status/1716154227444080776,2023,10,2023-10-22,"فضيلة #الشيخ_عبدالحميد في #خطبة_الجمعة (4 ربيع الثاني 1445): 
على كافة القوى والحكومات التدخل لوقف الحرب في غزة فوراً
abdolhamid.net/arabic/2023/10
…","His Eminence #Sheikh_Abdul_Hamid in the #Friday_sermon (4 Rabi’ al-Thani 1445): 
All powers and governments must intervene to stop the war in Gaza immediately
abdolhamid.net/arabic/2023/10
…"
1714724848914628784,abdolhamidnetar,2023-10-18 22:27:16.685,"إن الغارات المدمرة لإسرائيل على #غزة، ولا سيما الهجوم على مستشفى #المعمداني في غزة، إبادة جماعية وجريمة صريحة . لقد جرح هذا الهجوم قلوب الجميع في العالم.
أدين هذه الجريمة بكل قوة.
على المنظمات والقوی العالمية التحرك فورا لإيقاف الحرب.",0,0,0,https://x.com/AbdolhamidNetAr/status/1714724848914628784,2023,10,2023-10-18,"إن الغارات المدمرة لإسرائيل على #غزة، ولا سيما الهجوم على مستشفى #المعمداني في غزة، إبادة جماعية وجريمة صريحة . لقد جرح هذا الهجوم قلوب الجميع في العالم.
أدين هذه الجريمة بكل قوة.
على المنظمات والقوی العالمية التحرك فورا لإيقاف الحرب.","Israel's devastating raids on #Gaza, especially the attack on #Al-Maamdani Hospital in Gaza, are genocide and an outright crime. This attack has wounded the hearts of everyone in the world.
I strongly condemn this crime.
International organizations and powers must act immediately to stop the war."
1713255383211409724,abdolhamidnetar,2023-10-14 21:08:08.760,إنّ غزة على أبواب كارثة إنسانية، والعالم يشهد المذبحة الوحشية بحق الأبرياء،وتراقب الدول الغربية والذين يدعون الدفاع عن حقوق الإنسان هذه المأساة الإنسانية بدعم أحادي لإسرائيل. يتوقع الأحرار وقفا فوريا لهذه الحرب المدمرة،وينبغي لعامة الناس الاهتمام بالصلاة وقنوت النوازل في المساجد.,0,0,0,https://x.com/AbdolhamidNetAr/status/1713255383211409724,2023,10,2023-10-14,إنّ غزة على أبواب كارثة إنسانية، والعالم يشهد المذبحة الوحشية بحق الأبرياء،وتراقب الدول الغربية والذين يدعون الدفاع عن حقوق الإنسان هذه المأساة الإنسانية بدعم أحادي لإسرائيل. يتوقع الأحرار وقفا فوريا لهذه الحرب المدمرة،وينبغي لعامة الناس الاهتمام بالصلاة وقنوت النوازل في المساجد.,"Gaza is on the verge of a humanitarian catastrophe, and the world is witnessing the brutal massacre of innocent people. Western countries and those who claim to defend human rights are watching this humanitarian tragedy with unilateral support for Israel. The liberals expect an immediate end to this devastating war, and the general public should pay attention to praying and attending calamities in the mosques."
1712343517970739340,abdolhamidnetar,2023-10-12 08:44:43.145,"إن قتل المدنيين العزل – من أي جهة كانوا – ولا سيما النساء والأطفال والشيوخ، مؤلم للغاية.
 إن الحصار الكامل على #غزة وقطع المياه والكهرباء عن الأهالي الذين يتعرضون للقصف المستمر، هو بداية مأساة إنسانية كبيرة. ينبغي للمجتمع الدولي أن يقوم بواجبه الإنساني بالحيادية.",0,0,0,https://x.com/AbdolhamidNetAr/status/1712343517970739340,2023,10,2023-10-12,"إن قتل المدنيين العزل – من أي جهة كانوا – ولا سيما النساء والأطفال والشيوخ، مؤلم للغاية.
 إن الحصار الكامل على #غزة وقطع المياه والكهرباء عن الأهالي الذين يتعرضون للقصف المستمر، هو بداية مأساة إنسانية كبيرة. ينبغي للمجتمع الدولي أن يقوم بواجبه الإنساني بالحيادية.","The killing of unarmed civilians - by whomever they are - especially women, children and the elderly, is extremely painful.
 The complete siege on #Gaza and cutting off water and electricity to the people, who are subjected to constant bombardment, is the beginning of a great humanitarian tragedy. The international community should fulfill its humanitarian duty with impartiality."
1711372208872771787,abdolhamidnetar,2023-10-09 16:25:05.010,لقد تألّمنا بسبب الزلزال المدمّر الذي ضرب غرب أفغانستان وأتقدّم بالتعازي إلى شعب أفغانستان العزيز، وخاصة المتضررين في هذه الكارثة وأدعوهم إلى الصبر والالتجاء إلى الله تعالى، وأرجو أن يسارع الجميع إلى الإغاثة والمساعدة لضحايا الزلزال، والمشاركة في هذا العمل الخيريّ الربّانيّ.,0,0,0,https://x.com/AbdolhamidNetAr/status/1711372208872771787,2023,10,2023-10-09,لقد تألّمنا بسبب الزلزال المدمّر الذي ضرب غرب أفغانستان وأتقدّم بالتعازي إلى شعب أفغانستان العزيز، وخاصة المتضررين في هذه الكارثة وأدعوهم إلى الصبر والالتجاء إلى الله تعالى، وأرجو أن يسارع الجميع إلى الإغاثة والمساعدة لضحايا الزلزال، والمشاركة في هذا العمل الخيريّ الربّانيّ.,"We are in pain because of the devastating earthquake that struck western Afghanistan. I offer my condolences to the dear people of Afghanistan, especially those affected by this disaster. I call on them to be patient and turn to God Almighty. I hope that everyone will rush to provide relief and assistance to the victims of the earthquake, and to participate in this divine charitable work."
1707081516705030370,abdolhamidnetar,2023-09-27 20:15:24.280,ليس حل المشكلات القائمة في البلاد في ربط الاحتجاجات إلى حكومات أجنبية وقمع المتظاهرين، بل في الاستماع إلى صوت الشعب والاستسلام لإرادة الأغلبية.,0,0,0,https://x.com/AbdolhamidNetAr/status/1707081516705030370,2023,9,2023-09-27,ليس حل المشكلات القائمة في البلاد في ربط الاحتجاجات إلى حكومات أجنبية وقمع المتظاهرين، بل في الاستماع إلى صوت الشعب والاستسلام لإرادة الأغلبية.,"The solution to the problems existing in the country does not lie in linking the protests to foreign governments and suppressing the demonstrators, but rather in listening to the voice of the people and surrendering to the will of the majority."
1705986285263831310,abdolhamidnetar,2023-09-24 19:43:20.756,"فضيلة #الشيخ_عبدالحميد في #خطبة_الجمعة (6 ربيع الأول 1445):
قضية الجمعة الدامية لا تحل إلا بالإتيان من أبوابها
abdolhamid.net/arabic/2023/09
…",0,0,0,https://x.com/AbdolhamidNetAr/status/1705986285263831310,2023,9,2023-09-24,"فضيلة #الشيخ_عبدالحميد في #خطبة_الجمعة (6 ربيع الأول 1445):
قضية الجمعة الدامية لا تحل إلا بالإتيان من أبوابها
abdolhamid.net/arabic/2023/09
…","His Eminence #Sheikh_Abdulhamid in the #Friday_sermon (6 Rabi’ al-Awwal 1445):
The issue of Bloody Friday can only be resolved by coming through its doors
abdolhamid.net/arabic/2023/09
…"
1704143040984580166,abdolhamidnetar,2023-09-19 17:38:57.074,"كبار العلماء من ""خاش"" و""ميرجاوه"" و""تفتان"" يلتقون بفضيلة الشيخ عبد الحميد

التقى كبار العلماء من مدن ""خاش"" و""ميرجاوه"" و""تفتان"" يوم الأحد 2 من ربيع الأول 1445 مع فضيلة الشيخ عبد الحميد، بهدف الإعلان عن دعمهم لمواقف فضيلة الشيخ وتضامنهم معه.",0,0,0,https://x.com/AbdolhamidNetAr/status/1704143040984580166,2023,9,2023-09-19,"كبار العلماء من ""خاش"" و""ميرجاوه"" و""تفتان"" يلتقون بفضيلة الشيخ عبد الحميد

التقى كبار العلماء من مدن ""خاش"" و""ميرجاوه"" و""تفتان"" يوم الأحد 2 من ربيع الأول 1445 مع فضيلة الشيخ عبد الحميد، بهدف الإعلان عن دعمهم لمواقف فضيلة الشيخ وتضامنهم معه.","Senior scholars from “Khash”, “Mirjavah” and “Taftan” meet with His Eminence Sheikh Abdul Hamid

Senior scholars from the cities of Khash, Mirjah, and Taftan met on Sunday, Rabi’ al-Awwal 2, 1445, with His Eminence Sheikh Abdul Hamid, with the aim of declaring their support for the positions of His Eminence the Sheikh and their solidarity with him."
1704141284342903234,abdolhamidnetar,2023-09-19 17:31:58.258,لقد تألم العالم جميعا بالزلزال المدمّر الذي ضرب المغرب، والعاصفة الرهيبة التي اجتاحت ليبيا، ونتقدم بالتعازي إلى شعبي هذين البلدين الكريمين. نحن إذ ننصح المتضررين بالصبر والدعاء واللجوء إلى الله تعالى، فإننا نطالب العالم بالعمل الجاد لإغاثة المتضررين في المغرب وليبيا.,0,0,0,https://x.com/AbdolhamidNetAr/status/1704141284342903234,2023,9,2023-09-19,لقد تألم العالم جميعا بالزلزال المدمّر الذي ضرب المغرب، والعاصفة الرهيبة التي اجتاحت ليبيا، ونتقدم بالتعازي إلى شعبي هذين البلدين الكريمين. نحن إذ ننصح المتضررين بالصبر والدعاء واللجوء إلى الله تعالى، فإننا نطالب العالم بالعمل الجاد لإغاثة المتضررين في المغرب وليبيا.,"The whole world was hurt by the devastating earthquake that struck Morocco and the terrible storm that swept through Libya, and we extend our condolences to the people of these two generous countries. While we advise those affected to be patient, pray, and turn to God Almighty, we call on the world to work hard to provide relief to those affected in Morocco and Libya."
1703097689787752877,abdolhamidnetar,2023-09-16 20:25:05.927,"فضيلة #الشيخ_عبدالحميد في #خطبة_الجمعة (29 صفر 1445):
وعي الشعب هو بداية الانتصار والتطور
abdolhamid.net/arabic/2023/09
…",0,0,0,https://x.com/AbdolhamidNetAr/status/1703097689787752877,2023,9,2023-09-16,"فضيلة #الشيخ_عبدالحميد في #خطبة_الجمعة (29 صفر 1445):
وعي الشعب هو بداية الانتصار والتطور
abdolhamid.net/arabic/2023/09
…","His Eminence Sheikh Abdul Hamid in his Friday sermon (Safar 29, 1445):
People's awareness is the beginning of victory and development
abdolhamid.net/arabic/2023/09
…"
1700923847245967425,abdolhamidnetar,2023-09-10 20:27:01.477,"فضيلة #الشيخ_عبدالحميد في #خطبة_الجمعة (22 صفر 1445):
الولاية المطلقة خاصة بالله تعالى
abdolhamid.net/arabic/2023/09
…",0,0,0,https://x.com/AbdolhamidNetAr/status/1700923847245967425,2023,9,2023-09-10,"فضيلة #الشيخ_عبدالحميد في #خطبة_الجمعة (22 صفر 1445):
الولاية المطلقة خاصة بالله تعالى
abdolhamid.net/arabic/2023/09
…","His Eminence Sheikh Abdul Hamid in his Friday sermon (22 Safar 1445):
Absolute authority belongs to God Almighty
abdolhamid.net/arabic/2023/09
…"
1698372103714553874,abdolhamidnetar,2023-09-03 19:27:18.410,"فضيلة #الشيخ_عبدالحميد في #خطبة_الجمعة (15 صفر 1445):
“العدالة والمساواة” صرخة جميع القوميّات والطوائف في إيران
abdolhamid.net/arabic/2023/09
…",0,0,0,https://x.com/AbdolhamidNetAr/status/1698372103714553874,2023,9,2023-09-03,"فضيلة #الشيخ_عبدالحميد في #خطبة_الجمعة (15 صفر 1445):
“العدالة والمساواة” صرخة جميع القوميّات والطوائف في إيران
abdolhamid.net/arabic/2023/09
…","His Eminence #Sheikh_Abdulhamid in #Friday_sermon (15 Safar 1445):
“Justice and equality” is the cry of all nationalities and sects in Iran
abdolhamid.net/arabic/2023/09
…"
1695847454887784923,abdolhamidnetar,2023-08-27 20:15:15.224,"فضيلة #الشيخ_عبدالحميد في #خطبة_الجمعة (8 صفر 1445):
ليس لأي حكومة أن تنفق المال العامّ في بلاد أخرى في الظروف التي يعاني الشعب من المشكلات
abdolhamid.net/arabic/2023/08
…",0,0,0,https://x.com/AbdolhamidNetAr/status/1695847454887784923,2023,8,2023-08-27,"فضيلة #الشيخ_عبدالحميد في #خطبة_الجمعة (8 صفر 1445):
ليس لأي حكومة أن تنفق المال العامّ في بلاد أخرى في الظروف التي يعاني الشعب من المشكلات
abdolhamid.net/arabic/2023/08
…","His Eminence #Sheikh_Abdul_Hamid in the #Friday_sermon (8 Safar 1445):
No government has the right to spend public money in other countries in circumstances where the people are suffering from problems
abdolhamid.net/arabic/2023/08
…"
1693715881426116836,abdolhamidnetar,2023-08-21 23:05:08.508,"إنّ اعتقال الشيخ ""فتحي محمد نقشبندي""، إمام وخطيب الجمعة في مدينة راسك ومن الشخصيات الشعبية والعلماء البارزين، بسبب انتقاداته المسؤولين، سيزيد من الاستياء وتترتب عليه نتائج سلبية.
 إطلاق سراحه في أقرب وقت ممكن هو في مصلحة الجميع.",0,0,0,https://x.com/AbdolhamidNetAr/status/1693715881426116836,2023,8,2023-08-21,"إنّ اعتقال الشيخ ""فتحي محمد نقشبندي""، إمام وخطيب الجمعة في مدينة راسك ومن الشخصيات الشعبية والعلماء البارزين، بسبب انتقاداته المسؤولين، سيزيد من الاستياء وتترتب عليه نتائج سلبية.
 إطلاق سراحه في أقرب وقت ممكن هو في مصلحة الجميع.","The arrest of Sheikh Fathi Muhammad Naqshbandi, an imam and Friday preacher in the city of Rask and a popular figure and prominent scholar, because of his criticism of officials, will increase discontent and have negative consequences.
 Releasing him as soon as possible is in everyone's interest."
1693354672382222430,abdolhamidnetar,2023-08-20 23:09:49.561,"فضيلة #الشيخ_عبدالحميد في #خطبة_الجمعة (1 صفر 1445):
حل مشكلات البلاد في “تغيير السياسات” و”التغييرات الأساسية”
abdolhamid.net/arabic/2023/08
…",0,0,0,https://x.com/AbdolhamidNetAr/status/1693354672382222430,2023,8,2023-08-20,"فضيلة #الشيخ_عبدالحميد في #خطبة_الجمعة (1 صفر 1445):
حل مشكلات البلاد في “تغيير السياسات” و”التغييرات الأساسية”
abdolhamid.net/arabic/2023/08
…","His Eminence #Sheikh_Abdulhamid in the #Friday_sermon (1 Safar 1445):
Solving the country’s problems in “policy change” and “fundamental changes”
abdolhamid.net/arabic/2023/08
…"
1690665388051206144,abdolhamidnetar,2023-08-13 13:03:34.212,"فضيلة #الشيخ_عبدالحميد في #خطبة_الجمعة (24 محرّم 1445):
لا يمكن لكم حل الأزمات بغير دعم الشعب
abdolhamid.net/arabic/2023/08
…",0,0,0,https://x.com/AbdolhamidNetAr/status/1690665388051206144,2023,8,2023-08-13,"فضيلة #الشيخ_عبدالحميد في #خطبة_الجمعة (24 محرّم 1445):
لا يمكن لكم حل الأزمات بغير دعم الشعب
abdolhamid.net/arabic/2023/08
…","His Eminence #Sheikh_Abdulhamid in his #Friday_sermon (24 Muharram 1445):
You cannot solve crises without the support of the people
abdolhamid.net/arabic/2023/08
…"
1686693353054695424,abdolhamidnetar,2023-08-02 14:00:07.272,في البلدان الحرّة، يُرحّب بالصحفيين على تغطيتهم للحقائق، ولكن في بلدنا، يتعرّضون عادة للضغوط، وهذه خسارة كبيرة للمجتمع. إطلاقُ سراح السجناء السياسيين، ولا سيما الصحفيين، من المطالب الرئيسية للشعب الإيراني.,0,0,0,https://x.com/AbdolhamidNetAr/status/1686693353054695424,2023,8,2023-08-02,في البلدان الحرّة، يُرحّب بالصحفيين على تغطيتهم للحقائق، ولكن في بلدنا، يتعرّضون عادة للضغوط، وهذه خسارة كبيرة للمجتمع. إطلاقُ سراح السجناء السياسيين، ولا سيما الصحفيين، من المطالب الرئيسية للشعب الإيراني.,"In free countries, journalists are welcomed to cover the facts, but in our country, they are usually subjected to pressure, and this is a great loss for society. The release of political prisoners, especially journalists, is one of the main demands of the Iranian people."
1686047033377931266,abdolhamidnetar,2023-07-31 19:11:52.653,"إن الأمطار الغزيرة في جنوب بلوشستان خلفت الكثير من الأضرار، ولقد تضرّر بشكل كبير ناقلو الوقود الذين يخاطرون بحياتهم من أجل الحصول على رغيف من الخبز، وذلك بسبب عدم اهتمام المسؤولين بتوفير فرص العمل لهم.
  الكثيرون خسروا أرواحهم وأموالهم في هذه الفيضانات
1/2",0,0,0,https://x.com/AbdolhamidNetAr/status/1686047033377931266,2023,7,2023-07-31,"إن الأمطار الغزيرة في جنوب بلوشستان خلفت الكثير من الأضرار، ولقد تضرّر بشكل كبير ناقلو الوقود الذين يخاطرون بحياتهم من أجل الحصول على رغيف من الخبز، وذلك بسبب عدم اهتمام المسؤولين بتوفير فرص العمل لهم.
  الكثيرون خسروا أرواحهم وأموالهم في هذه الفيضانات
1/2","Heavy rains in southern Balochistan have caused a lot of damage, and fuel transporters who risk their lives in order to obtain a loaf of bread have been greatly affected, due to the officials' lack of interest in providing them with job opportunities.
  Many people lost their lives and money in these floods
1/2"
1686047035810607105,abdolhamidnetar,2023-07-31 19:11:53.233,"لقد أثارت الحادثة الأسف والألم في قلوبنا. غفر الله تعالى للموتى، وعوّض المتضررين عن خسائرهم.
2/2",0,0,0,https://x.com/AbdolhamidNetAr/status/1686047035810607105,2023,7,2023-07-31,"لقد أثارت الحادثة الأسف والألم في قلوبنا. غفر الله تعالى للموتى، وعوّض المتضررين عن خسائرهم.
2/2","The incident caused regret and pain in our hearts. May God Almighty forgive the dead and compensate those affected for their losses.
2/2"
1685653645927251969,abdolhamidnetar,2023-07-30 17:08:41.776,"فضيلة #الشيخ_عبدالحميد في #خطبة_الجمعة (10 محرم 1445):
سيدنا الحسين علّم البشرية درس الشجاعة والحرية
abdolhamid.net/arabic/2023/07
…",0,0,0,https://x.com/AbdolhamidNetAr/status/1685653645927251969,2023,7,2023-07-30,"فضيلة #الشيخ_عبدالحميد في #خطبة_الجمعة (10 محرم 1445):
سيدنا الحسين علّم البشرية درس الشجاعة والحرية
abdolhamid.net/arabic/2023/07
…","His Eminence #Sheikh_Abdulhamid in his #Friday_sermon (10 Muharram 1445):
Our Master Hussein taught humanity the lesson of courage and freedom
abdolhamid.net/arabic/2023/07
…"
1683574027711832065,abdolhamidnetar,2023-07-24 23:25:02.156,"مجلس صيانة الدستور ترك البلاد أمام تحديات جادة باختيار مديرين غير أكفاء بشكل مباشر وغير مباشر.
  إنّ إعادة تنصيب آية الله جنتي لرسائة مجلس صيانة الدستور تدل على أنه لا توجد إرادة في الحكومة لتغيير السياسات الخاطئة الماضية.",0,0,0,https://x.com/AbdolhamidNetAr/status/1683574027711832065,2023,7,2023-07-24,"مجلس صيانة الدستور ترك البلاد أمام تحديات جادة باختيار مديرين غير أكفاء بشكل مباشر وغير مباشر.
  إنّ إعادة تنصيب آية الله جنتي لرسائة مجلس صيانة الدستور تدل على أنه لا توجد إرادة في الحكومة لتغيير السياسات الخاطئة الماضية.","The Guardian Council left the country facing serious challenges by choosing incompetent directors, directly and indirectly.
  The reappointment of Ayatollah Jannati to head the Guardian Council indicates that there is no will in the government to change the wrong policies of the past."
1683136456104050688,abdolhamidnetar,2023-07-23 18:26:16.955,"فضيلة #الشيخ_عبدالحميد في #خطبة_الجمعة (3 محرم 1445):
جذور جميع مشكلات البلاد سياسية
abdolhamid.net/arabic/2023/07
…",0,0,0,https://x.com/AbdolhamidNetAr/status/1683136456104050688,2023,7,2023-07-23,"فضيلة #الشيخ_عبدالحميد في #خطبة_الجمعة (3 محرم 1445):
جذور جميع مشكلات البلاد سياسية
abdolhamid.net/arabic/2023/07
…","His Eminence #Sheikh_Abdulhamid in the #Friday_sermon (3 Muharram 1445):
The roots of all the country's problems are political
abdolhamid.net/arabic/2023/07
…"
1680645937289392129,abdolhamidnetar,2023-07-16 21:29:50.998,"الشعب الإيراني في ضائقة مالية، ويكافحون من أجل كسرة خبز، والبعض من الشعب في الموانئ والمناطق الحدودية يضطرون إلى بيع المحروقات.
كان السلوك العنيف مع سكان ميناء ""كلاهي"" مؤلمة للغاية، وعلى المسؤولين تعويض المتضررين في ميناء ""كلاهي"" مع منع تكرار مثل هذه التصرفات غير المناسبة.",0,0,0,https://x.com/AbdolhamidNetAr/status/1680645937289392129,2023,7,2023-07-16,"الشعب الإيراني في ضائقة مالية، ويكافحون من أجل كسرة خبز، والبعض من الشعب في الموانئ والمناطق الحدودية يضطرون إلى بيع المحروقات.
كان السلوك العنيف مع سكان ميناء ""كلاهي"" مؤلمة للغاية، وعلى المسؤولين تعويض المتضررين في ميناء ""كلاهي"" مع منع تكرار مثل هذه التصرفات غير المناسبة.","The Iranian people are in financial distress, and they are struggling to get even a piece of bread, and some people in the ports and border areas are forced to sell fuel.
The violent behavior towards residents of Kalahi Port was extremely distressing, and officials must compensate those affected at Kalahi Port and prevent such inappropriate behavior from occurring again."
1680620012069875712,abdolhamidnetar,2023-07-16 19:46:49.944,"فضيلة الشيخ عبد الحميد في خطبة الجمعة:
نحن نرفض أي نوع من العنف والتطرف
abdolhamid.net/arabic/2023/07
…",0,0,0,https://x.com/AbdolhamidNetAr/status/1680620012069875712,2023,7,2023-07-16,"فضيلة الشيخ عبد الحميد في خطبة الجمعة:
نحن نرفض أي نوع من العنف والتطرف
abdolhamid.net/arabic/2023/07
…","His Eminence Sheikh Abdul Hamid in the Friday sermon:
We reject any kind of violence and extremism
abdolhamid.net/arabic/2023/07
…"
1677761402495434752,abdolhamidnetar,2023-07-08 22:27:44.311,"بيان فضيلة الشيخ عبد الحميد حول الهجوم المسلح على مركز للشرطة
abdolhamid.net/arabic/2023/07
…",0,0,0,https://x.com/AbdolhamidNetAr/status/1677761402495434752,2023,7,2023-07-08,"بيان فضيلة الشيخ عبد الحميد حول الهجوم المسلح على مركز للشرطة
abdolhamid.net/arabic/2023/07
…","Statement by His Eminence Sheikh Abdul Hamid regarding the armed attack on a police station
abdolhamid.net/arabic/2023/07
…"
1677761219984252928,abdolhamidnetar,2023-07-08 22:27:00.797,"فضيلة الشيخ عبد الحميد في خطبة الجمعة 18 ذو الحجة 1444:
لو استجيبت لشكاوى الشعب في الداخل، لما رفعوها إلى الخارج
abdolhamid.net/arabic/2023/07
…",0,0,0,https://x.com/AbdolhamidNetAr/status/1677761219984252928,2023,7,2023-07-08,"فضيلة الشيخ عبد الحميد في خطبة الجمعة 18 ذو الحجة 1444:
لو استجيبت لشكاوى الشعب في الداخل، لما رفعوها إلى الخارج
abdolhamid.net/arabic/2023/07
…","His Eminence Sheikh Abdul Hamid in the Friday sermon, Dhu al-Hijjah 18, 1444:
If you had responded to the people's complaints at home, they would not have raised them abroad
abdolhamid.net/arabic/2023/07
…"
1675247839725625345,abdolhamidnetar,2023-07-01 23:59:44.247,"فضيلة الشيخ عبد الحميد في خطبة عيد الأضحى ١٤٤٤:
على القضاء أن يكون مستقلا ومحايدا
abdolhamid.net/arabic/2023/07
…",0,0,0,https://x.com/AbdolhamidNetAr/status/1675247839725625345,2023,7,2023-07-01,"فضيلة الشيخ عبد الحميد في خطبة عيد الأضحى ١٤٤٤:
على القضاء أن يكون مستقلا ومحايدا
abdolhamid.net/arabic/2023/07
…","His Eminence Sheikh Abdul Hamid in his Eid al-Adha sermon 1444:
The judiciary must be independent and impartial
abdolhamid.net/arabic/2023/07
…"
1675089225190981632,abdolhamidnetar,2023-07-01 13:29:27.595,"إن الإساءة إلى القرآن الكريم بحجة حرية التعبير،من المصاديق البارزة للتطرّف وإساءة لملياري شخص في العالم. هذه التصرّفات الغبية، تؤذي الأحرار والمتحضرين في العالم، وتزيد من التطرف والعنف أيضا. 
يجب على المنظمات الدولية وكذلك الأحرار في العالم استنكار الإهانة إلى مقدسات جميع الأمم.",0,0,0,https://x.com/AbdolhamidNetAr/status/1675089225190981632,2023,7,2023-07-01,"إن الإساءة إلى القرآن الكريم بحجة حرية التعبير،من المصاديق البارزة للتطرّف وإساءة لملياري شخص في العالم. هذه التصرّفات الغبية، تؤذي الأحرار والمتحضرين في العالم، وتزيد من التطرف والعنف أيضا. 
يجب على المنظمات الدولية وكذلك الأحرار في العالم استنكار الإهانة إلى مقدسات جميع الأمم.","Insulting the Holy Qur’an under the pretext of freedom of expression is a prominent example of extremism and an insult to two billion people in the world. These stupid actions harm free and civilized people in the world, and also increase extremism and violence. 
International organizations, as well as free people in the world, must denounce the insult to the sanctities of all nations."
1673636137687031809,abdolhamidnetar,2023-06-27 13:15:24.537,إن الظلم والغفلة عن الله يجلبان الدمار.الأحداث الأخيرة في روسيا كانت تحذيرا لقادتها كي يوقفوا إراقة الدماء وتدمير المدن في أوكرانيا وسوريا،وإلا سيواجهون عواقب أشدّ خطورة.يجب أن تخاف روسيا والمتحالفين معها من سخط الله وصرخات عباده ويتوقفوا عن الظلم في حق الشعبين السوري والأوكراني.,0,0,0,https://x.com/AbdolhamidNetAr/status/1673636137687031809,2023,6,2023-06-27,إن الظلم والغفلة عن الله يجلبان الدمار.الأحداث الأخيرة في روسيا كانت تحذيرا لقادتها كي يوقفوا إراقة الدماء وتدمير المدن في أوكرانيا وسوريا،وإلا سيواجهون عواقب أشدّ خطورة.يجب أن تخاف روسيا والمتحالفين معها من سخط الله وصرخات عباده ويتوقفوا عن الظلم في حق الشعبين السوري والأوكراني.,"Injustice and neglect of God bring destruction. The recent events in Russia were a warning to its leaders to stop the bloodshed and destruction of cities in Ukraine and Syria, otherwise they will face more serious consequences. Russia and its allies must fear the wrath of God and the cries of His servants and stop injustice against the Syrian and Ukrainian peoples."
1672951979931230210,abdolhamidnetar,2023-06-25 15:56:48.617,"فضيلة #الشيخ_عبدالحميد في #خطبة_الجمعة (٤ ذوالحجة ١٤٤٤):
من أجل مصالح الشعب أرحّب بكل تهديد
abdolhamid.net/arabic/2023/06
…",0,0,0,https://x.com/AbdolhamidNetAr/status/1672951979931230210,2023,6,2023-06-25,"فضيلة #الشيخ_عبدالحميد في #خطبة_الجمعة (٤ ذوالحجة ١٤٤٤):
من أجل مصالح الشعب أرحّب بكل تهديد
abdolhamid.net/arabic/2023/06
…","His Eminence #Sheikh_Abdulhamid in the #Friday_sermon (4 Dhu al-Hijjah 1444):
For the sake of the people's interests, I welcome every threat
abdolhamid.net/arabic/2023/06
…"
1671211977677340685,abdolhamidnetar,2023-06-20 20:42:39.752,"بيان مكتب فضيلة الشيخ عبد الحميد حول احتجاز شخص مشتبه به في الجامع المكي بزاهدان
abdolhamid.net/arabic/2023/06
…",0,0,0,https://x.com/AbdolhamidNetAr/status/1671211977677340685,2023,6,2023-06-20,"بيان مكتب فضيلة الشيخ عبد الحميد حول احتجاز شخص مشتبه به في الجامع المكي بزاهدان
abdolhamid.net/arabic/2023/06
…","Statement from the office of His Eminence Sheikh Abdul Hamid regarding the detention of a suspect in the Meccan Mosque in Zahedan
abdolhamid.net/arabic/2023/06
…"
1670127285892947975,abdolhamidnetar,2023-06-17 20:52:29.078,"فضيلة #الشيخ_عبدالحميد في #خطبة_الجمعة (27 ذو القعدة 1444):
لن تستطيعوا إسكات النّسوة ما لم يحققن مكانتهن
abdolhamid.net/arabic/2023/06
…",0,0,0,https://x.com/AbdolhamidNetAr/status/1670127285892947975,2023,6,2023-06-17,"فضيلة #الشيخ_عبدالحميد في #خطبة_الجمعة (27 ذو القعدة 1444):
لن تستطيعوا إسكات النّسوة ما لم يحققن مكانتهن
abdolhamid.net/arabic/2023/06
…","His Eminence #Sheikh_Abdul_Hamid in the #Friday_sermon (27 Dhul-Qi’dah 1444):
You will not be able to silence women unless they achieve their status
abdolhamid.net/arabic/2023/06
…"
1668954708927557633,abdolhamidnetar,2023-06-14 15:13:04.944,"منع فضيلة الشيخ عبد الحميد من أداء فريضة الحج
abdolhamid.net/arabic/2023/06
…",0,0,0,https://x.com/AbdolhamidNetAr/status/1668954708927557633,2023,6,2023-06-14,"منع فضيلة الشيخ عبد الحميد من أداء فريضة الحج
abdolhamid.net/arabic/2023/06
…","His Eminence Sheikh Abdul Hamid was prevented from performing Hajj
abdolhamid.net/arabic/2023/06
…"
1667602009074049028,abdolhamidnetar,2023-06-10 21:37:56.167,"فضيلة الشيخ عبد الحميد في خطبة الجمعة:
أهتف بآلام الشعب ومن أجل الشعب
abdolhamid.net/arabic/2023/06
…",0,0,0,https://x.com/AbdolhamidNetAr/status/1667602009074049028,2023,6,2023-06-10,"فضيلة الشيخ عبد الحميد في خطبة الجمعة:
أهتف بآلام الشعب ومن أجل الشعب
abdolhamid.net/arabic/2023/06
…","His Eminence Sheikh Abdul Hamid in the Friday sermon:
I chant for the suffering of the people and for the sake of the people
abdolhamid.net/arabic/2023/06
…"
1666489090240331776,abdolhamidnetar,2023-06-07 19:55:35.640,الشعب الإيراني الكريم اليقظ، متعطش إلى المجد والكرامة الإنسانية. إنهم يهتفون من أجل العدل والحرية، وأن تصل البلاد إلى مكانتها التي تستحقها في العالم. لا يمكن إسكات صوت الشعب؛ فالمعقول أن يسمع صوت الشعب.,0,0,0,https://x.com/AbdolhamidNetAr/status/1666489090240331776,2023,6,2023-06-07,الشعب الإيراني الكريم اليقظ، متعطش إلى المجد والكرامة الإنسانية. إنهم يهتفون من أجل العدل والحرية، وأن تصل البلاد إلى مكانتها التي تستحقها في العالم. لا يمكن إسكات صوت الشعب؛ فالمعقول أن يسمع صوت الشعب.,"The generous and attentive Iranian people are thirsty for glory and human dignity. They are chanting for justice and freedom, and for the country to achieve its rightful place in the world. The voice of the people cannot be silenced; It is reasonable for the voice of the people to be heard."
1665056944397201410,abdolhamidnetar,2023-06-03 21:04:45.463,"فضيلة #الشيخ_عبدالحميد في #خطبة_الجمعة (13 ذو القعدة 1444):
لا ينبغي للعلماء السكوت تجاه مشكلات الشعب
abdolhamid.net/arabic/2023/06
…",0,0,0,https://x.com/AbdolhamidNetAr/status/1665056944397201410,2023,6,2023-06-03,"فضيلة #الشيخ_عبدالحميد في #خطبة_الجمعة (13 ذو القعدة 1444):
لا ينبغي للعلماء السكوت تجاه مشكلات الشعب
abdolhamid.net/arabic/2023/06
…","His Eminence #Sheikh_Abdul_Hamid in the #Friday_sermon (13 Dhul-Qi’dah 1444):
Scientists should not remain silent regarding the problems of the people
abdolhamid.net/arabic/2023/06
…"
1662911550326177795,abdolhamidnetar,2023-05-28 22:59:43.657,"فضيلة الشيخ عبد الحميد في خطبة الجمعة:
البرلمان هو “بيت الشعب” وليس بيت الحكومة
abdolhamid.net/arabic/2023/05
…",0,0,0,https://x.com/AbdolhamidNetAr/status/1662911550326177795,2023,5,2023-05-28,"فضيلة الشيخ عبد الحميد في خطبة الجمعة:
البرلمان هو “بيت الشعب” وليس بيت الحكومة
abdolhamid.net/arabic/2023/05
…","His Eminence Sheikh Abdul Hamid in the Friday sermon:
Parliament is the “house of the people” and not the house of the government
abdolhamid.net/arabic/2023/05
…"
1662850265991503873,abdolhamidnetar,2023-05-28 18:56:12.333,إيران وأفغانستان بلدان مجاوران لهما حدود طويلة ومصالح مشتركة، تربط بين البلدين علاقات تاريخية عميقة. يجب على الأطراف حل قضية المياه والتوترات الحدودية من خلال المفاوضات والحوار.,0,0,0,https://x.com/AbdolhamidNetAr/status/1662850265991503873,2023,5,2023-05-28,إيران وأفغانستان بلدان مجاوران لهما حدود طويلة ومصالح مشتركة، تربط بين البلدين علاقات تاريخية عميقة. يجب على الأطراف حل قضية المياه والتوترات الحدودية من خلال المفاوضات والحوار.,Error 500 (Server Error)!!1500.That’s an error.There was an error. Please try again later.That’s all we know.
1660332140553224194,abdolhamidnetar,2023-05-21 20:10:04.444,"فضيلة الشيخ عبد الحميد في خطبة الجمعة في زاهدان:
خيّبتم أمل الشعب الإيراني في الانتخابات
abdolhamid.net/arabic/2023/05
…",0,0,0,https://x.com/AbdolhamidNetAr/status/1660332140553224194,2023,5,2023-05-21,"فضيلة الشيخ عبد الحميد في خطبة الجمعة في زاهدان:
خيّبتم أمل الشعب الإيراني في الانتخابات
abdolhamid.net/arabic/2023/05
…","His Eminence Sheikh Abdul Hamid in the Friday sermon in Zahedan:
You disappointed the Iranian people in the elections
abdolhamid.net/arabic/2023/05
…"
1657366610934415360,abdolhamidnetar,2023-05-13 15:46:07.086,"فضيلة #الشيخ_عبدالحميد في #خطبة_الجمعة (22 شوال 1444):
الشعب الإيراني يريد انتخابات حرّة نزيهة
abdolhamid.net/arabic/2023/05
…",0,0,0,https://x.com/AbdolhamidNetAr/status/1657366610934415360,2023,5,2023-05-13,"فضيلة #الشيخ_عبدالحميد في #خطبة_الجمعة (22 شوال 1444):
الشعب الإيراني يريد انتخابات حرّة نزيهة
abdolhamid.net/arabic/2023/05
…","His Eminence Sheikh Abdul Hamid in his Friday sermon (22 Shawwal 1444):
The Iranian people want free and fair elections
abdolhamid.net/arabic/2023/05
…"
1656165128646041600,abdolhamidnetar,2023-05-10 08:11:51.386,إن الإعدامات العشوائية الأخيرة مروعة للغاية. العديد من المصاعب والمشكلات الراهنة في البلاد ناتجة عن الدماء المسفوكة ظلماً وآهات المظلومين، وستكون عواقبها الأخروية أثقل بكثير وأكثر من أن تطاق.,0,0,0,https://x.com/AbdolhamidNetAr/status/1656165128646041600,2023,5,2023-05-10,إن الإعدامات العشوائية الأخيرة مروعة للغاية. العديد من المصاعب والمشكلات الراهنة في البلاد ناتجة عن الدماء المسفوكة ظلماً وآهات المظلومين، وستكون عواقبها الأخروية أثقل بكثير وأكثر من أن تطاق.,"The recent random executions are absolutely horrific. Many of the current difficulties and problems in the country are the result of the unjustly shed blood and the groans of the oppressed, and their afterlife consequences will be much heavier and more unbearable."
1654880788930875398,abdolhamidnetar,2023-05-06 19:08:20.936,"فضيلة #الشيخ_عبدالحميد في #خطبة_الجمعة (15 شوال 1444):
أوقفوا هذه الإعدامات التي تتعارض مع الإسلام والقوانين الدولية
abdolhamid.net/arabic/2023/05
…",0,0,0,https://x.com/AbdolhamidNetAr/status/1654880788930875398,2023,5,2023-05-06,"فضيلة #الشيخ_عبدالحميد في #خطبة_الجمعة (15 شوال 1444):
أوقفوا هذه الإعدامات التي تتعارض مع الإسلام والقوانين الدولية
abdolhamid.net/arabic/2023/05
…","His Eminence #Sheikh_Abdulhamid in the #Friday_sermon (15 Shawwal 1444):
Stop these executions that contradict Islam and international laws
abdolhamid.net/arabic/2023/05
…"
1653812613875216426,abdolhamidnetar,2023-05-03 20:23:48.157,"إغلاق المحلات والمراكز التجارية بحجة محاربة السفور، وكذلك تعطيل شبكة الإنترنت، سيؤديان إلى انهيار الاقتصاد الضعيف للبلاد ولن تتحقق النتيجة المرجوّة لصناع القرار أيضا.
على المسؤولين التفكير في حل المشكلات الأساسية للبلاد، بدلا من خلق المشكلات ووضع العراقيل.",0,0,0,https://x.com/AbdolhamidNetAr/status/1653812613875216426,2023,5,2023-05-03,"إغلاق المحلات والمراكز التجارية بحجة محاربة السفور، وكذلك تعطيل شبكة الإنترنت، سيؤديان إلى انهيار الاقتصاد الضعيف للبلاد ولن تتحقق النتيجة المرجوّة لصناع القرار أيضا.
على المسؤولين التفكير في حل المشكلات الأساسية للبلاد، بدلا من خلق المشكلات ووضع العراقيل.","Closing stores and commercial centers under the pretext of fighting indecency, as well as disrupting the Internet, will lead to the collapse of the country’s weak economy, and the desired result of decision-makers will not be achieved either.
Officials should think about solving the country's basic problems, instead of creating problems and creating obstacles."
1653483644365750273,abdolhamidnetar,2023-05-02 22:36:35.714,"فضيلة الشيخ عبد الحميد فی لقاء مع علماء مدينة إيرانشهر:
إذا كانت الاعتقالات تحل مشكلات الشعب فاعتقلونا جميعا
abdolhamid.net/arabic/2023/05
…",0,0,0,https://x.com/AbdolhamidNetAr/status/1653483644365750273,2023,5,2023-05-02,"فضيلة الشيخ عبد الحميد فی لقاء مع علماء مدينة إيرانشهر:
إذا كانت الاعتقالات تحل مشكلات الشعب فاعتقلونا جميعا
abdolhamid.net/arabic/2023/05
…","His Eminence Sheikh Abdul Hamid in a meeting with scholars of the city of Iranshahr:
If arrests solve the people's problems, arrest us all
abdolhamid.net/arabic/2023/05
…"
1652644400466386944,abdolhamidnetar,2023-04-30 15:01:44.376,"فضيلة #الشيخ_عبدالحميد في #خطبة_الجمعة (8 شوال 1444):
الشعب الذي صوت لـ “الجمهورية الإسلامية” يحتج هذه الأيام
abdolhamid.net/arabic/2023/04
…",0,0,0,https://x.com/AbdolhamidNetAr/status/1652644400466386944,2023,4,2023-04-30,"فضيلة #الشيخ_عبدالحميد في #خطبة_الجمعة (8 شوال 1444):
الشعب الذي صوت لـ “الجمهورية الإسلامية” يحتج هذه الأيام
abdolhamid.net/arabic/2023/04
…","His Eminence #Sheikh_Abdulhamid in the #Friday_sermon (8 Shawwal 1444):
The people who voted for the “Islamic Republic” are protesting these days
abdolhamid.net/arabic/2023/04
…"
1650175422859018242,abdolhamidnetar,2023-04-23 19:30:54.243,"فضيلة الشيخ عبد الحميد في خطبة عيد الفطر:
يجب الخضوع لإرادة الشعب
abdolhamid.net/arabic/2023/04
…",0,0,0,https://x.com/AbdolhamidNetAr/status/1650175422859018242,2023,4,2023-04-23,"فضيلة الشيخ عبد الحميد في خطبة عيد الفطر:
يجب الخضوع لإرادة الشعب
abdolhamid.net/arabic/2023/04
…","His Eminence Sheikh Abdul Hamid in his Eid al-Fitr sermon:
We must submit to the will of the people
abdolhamid.net/arabic/2023/04
…"
1648419651817295872,abdolhamidnetar,2023-04-18 23:14:05.806,"رسالة تعزية لفضيلة الشيخ عبد الحميد على وفاة العلامة محمد الرابع الحسني الندوي
abdolhamid.net/arabic/2023/04
…",0,0,0,https://x.com/AbdolhamidNetAr/status/1648419651817295872,2023,4,2023-04-18,"رسالة تعزية لفضيلة الشيخ عبد الحميد على وفاة العلامة محمد الرابع الحسني الندوي
abdolhamid.net/arabic/2023/04
…","A message of condolence to His Eminence Sheikh Abdul Hamid on the death of the scholar Muhammad IV Al-Hassani Al-Nadawi
abdolhamid.net/arabic/2023/04
…"
1647705156056653826,abdolhamidnetar,2023-04-16 23:54:56.742,"إنّ تقليل قتل المئات من الأبرياء وجرحهم إلى ""إفراط بعض العناصر في إطلاق النار"" تشويه للحقيقة، وانحياز للمجرمين. يقتضي العدل والإنصاف أن يتم التعرف على جميع مرتكبي مجزرتي زاهدان وخاش الداميتين والآمرين بها ومعاقبتهم، ولا بد من تعويض الخسائر. الشعب لن يتخلى عن هذا المطلب.",0,0,0,https://x.com/AbdolhamidNetAr/status/1647705156056653826,2023,4,2023-04-16,"إنّ تقليل قتل المئات من الأبرياء وجرحهم إلى ""إفراط بعض العناصر في إطلاق النار"" تشويه للحقيقة، وانحياز للمجرمين. يقتضي العدل والإنصاف أن يتم التعرف على جميع مرتكبي مجزرتي زاهدان وخاش الداميتين والآمرين بها ومعاقبتهم، ولا بد من تعويض الخسائر. الشعب لن يتخلى عن هذا المطلب.","Reducing the killing and wounding of hundreds of innocent people to “excessive shooting by some elements” is a distortion of the truth and a bias towards criminals. Justice and fairness require that all the perpetrators and those who ordered the bloody massacres of Zahedan and Khash be identified and punished, and the losses must be compensated. The people will not abandon this demand."
1647600257633492994,abdolhamidnetar,2023-04-16 16:58:07.009,"فضيلة الشيخ عبد الحميد في خطبة الجمعة:
لو أن الاسلام الوسطي طبق في البلاد لنال الجميع حقوقهم
abdolhamid.net/arabic/2023/04
…",0,0,0,https://x.com/AbdolhamidNetAr/status/1647600257633492994,2023,4,2023-04-16,"فضيلة الشيخ عبد الحميد في خطبة الجمعة:
لو أن الاسلام الوسطي طبق في البلاد لنال الجميع حقوقهم
abdolhamid.net/arabic/2023/04
…","His Eminence Sheikh Abdul Hamid in the Friday sermon:
If moderate Islam were implemented in the country, everyone would have their rights
abdolhamid.net/arabic/2023/04
…"
1645882665269096450,abdolhamidnetar,2023-04-11 23:13:01.078,"فضيلة الشيخ عبد الحميد في مأدبة الإفطار مع جرحى الجمعة الدامية وعوائل الشهداء:
الشهداء والجرحى كانوا مصدر العزة والصحوة والوحدة
abdolhamid.net/arabic/2023/04
…",0,0,0,https://x.com/AbdolhamidNetAr/status/1645882665269096450,2023,4,2023-04-11,"فضيلة الشيخ عبد الحميد في مأدبة الإفطار مع جرحى الجمعة الدامية وعوائل الشهداء:
الشهداء والجرحى كانوا مصدر العزة والصحوة والوحدة
abdolhamid.net/arabic/2023/04
…","His Eminence Sheikh Abdul Hamid at the breakfast banquet with the wounded of Bloody Friday and the families of the martyrs:
The martyrs and wounded were a source of pride, awakening and unity
abdolhamid.net/arabic/2023/04
…"
1644763817841229824,abdolhamidnetar,2023-04-08 21:07:07.064,"فضيلة #الشيخ_عبدالحميد في #خطبة_الجمعة (16 رمضان 1444):
يرى غالبية الشعب أنه لا يمكن حلّ المشكلات بالطريقة الحالية لإدارة البلاد
abdolhamid.net/arabic/2023/04
…",0,0,0,https://x.com/AbdolhamidNetAr/status/1644763817841229824,2023,4,2023-04-08,"فضيلة #الشيخ_عبدالحميد في #خطبة_الجمعة (16 رمضان 1444):
يرى غالبية الشعب أنه لا يمكن حلّ المشكلات بالطريقة الحالية لإدارة البلاد
abdolhamid.net/arabic/2023/04
…","His Eminence #Sheikh_Abdulhamid in the #Friday_sermon (16 Ramadan 1444):
The majority of the people believe that the problems cannot be solved with the current way of running the country
abdolhamid.net/arabic/2023/04
…"
1642946223756783616,abdolhamidnetar,2023-04-03 20:44:38.865,"إنّ ظاهرة نزع الحجاب في البلاد من نتائج السياسات الفاشلة. الكثير من السيدات رغم اعتقادهن بالحجاب، يستخدمنه كعمل سياسي وعصيان مدني احتجاجا على الظروف والأوضاع الراهنة.
أثبتت التجارب أن المعاملة القاسية مع المعلول، لها نتائج عكسية. على الحكومة أن تبحث عن العلل الأصلية.",0,0,0,https://x.com/AbdolhamidNetAr/status/1642946223756783616,2023,4,2023-04-03,"إنّ ظاهرة نزع الحجاب في البلاد من نتائج السياسات الفاشلة. الكثير من السيدات رغم اعتقادهن بالحجاب، يستخدمنه كعمل سياسي وعصيان مدني احتجاجا على الظروف والأوضاع الراهنة.
أثبتت التجارب أن المعاملة القاسية مع المعلول، لها نتائج عكسية. على الحكومة أن تبحث عن العلل الأصلية.","The phenomenon of removing the hijab in the country is one of the results of failed policies. Many women, despite their belief in the hijab, use it as a political act and civil disobedience to protest the current circumstances and conditions.
Experiments have shown that harsh treatment of the affected person has adverse results. The government must look for the original causes."
1642598693474844673,abdolhamidnetar,2023-04-02 21:43:41.189,"فضيلة #الشيخ_عبدالحميد في #خطبة_الجمعة (9 رمضان 1444): 
لو حفظت “الجمهورية” لما احتجّ الشعب
abdolhamid.net/arabic/2023/04
…",0,0,0,https://x.com/AbdolhamidNetAr/status/1642598693474844673,2023,4,2023-04-02,"فضيلة #الشيخ_عبدالحميد في #خطبة_الجمعة (9 رمضان 1444): 
لو حفظت “الجمهورية” لما احتجّ الشعب
abdolhamid.net/arabic/2023/04
…","His Eminence #Sheikh_Abdulhamid in the #Friday_sermon (9 Ramadan 1444): 
If the “republic” had been preserved, the people would not have protested
abdolhamid.net/arabic/2023/04
…"
1639719460658458629,abdolhamidnetar,2023-03-25 22:02:38.592,"فضيلة #الشيخ_عبدالحميد في #خطبة_الجمعة (2 رمضان 1444):
كانت الانتخابات في البلاد نوعا من التعيينات حتى الآن
abdolhamid.net/arabic/2023/03
…",0,0,0,https://x.com/AbdolhamidNetAr/status/1639719460658458629,2023,3,2023-03-25,"فضيلة #الشيخ_عبدالحميد في #خطبة_الجمعة (2 رمضان 1444):
كانت الانتخابات في البلاد نوعا من التعيينات حتى الآن
abdolhamid.net/arabic/2023/03
…","His Eminence #Sheikh_Abdulhamid in the #Friday_sermon (2 Ramadan 1444):
Elections in the country have been a sort of appointment so far
abdolhamid.net/arabic/2023/03
…"
1637125654775836674,abdolhamidnetar,2023-03-18 18:15:47.079,"فضيلة #الشيخ_عبدالحميد في #خطبة_الجمعة (24 شعبان 1444):
الرؤية المذهبية في الحكومة فشلت في تحقيق المساواة بين الشعب
abdolhamid.net/arabic/2023/03
…",0,0,0,https://x.com/AbdolhamidNetAr/status/1637125654775836674,2023,3,2023-03-18,"فضيلة #الشيخ_عبدالحميد في #خطبة_الجمعة (24 شعبان 1444):
الرؤية المذهبية في الحكومة فشلت في تحقيق المساواة بين الشعب
abdolhamid.net/arabic/2023/03
…","His Eminence #Sheikh_Abdulhamid in the #Friday_sermon (24 Shaban 1444):
The sectarian vision in the government failed to achieve equality among the people
abdolhamid.net/arabic/2023/03
…"
1634938706091212801,abdolhamidnetar,2023-03-12 17:25:37.881,"فضيلة #الشيخ_عبدالحميد في #خطبة_الجمعة (17 شعبان 1444):
السياسات رتبت بطريقة أوقعت البلاد في أيدي مديرين ضعفاء
abdolhamid.net/arabic/2023/03
…",0,0,0,https://x.com/AbdolhamidNetAr/status/1634938706091212801,2023,3,2023-03-12,"فضيلة #الشيخ_عبدالحميد في #خطبة_الجمعة (17 شعبان 1444):
السياسات رتبت بطريقة أوقعت البلاد في أيدي مديرين ضعفاء
abdolhamid.net/arabic/2023/03
…","His Eminence #Sheikh_Abdulhamid in the #Friday_sermon (17 Shaban 1444):
The policies were arranged in a way that placed the country in the hands of weak managers
abdolhamid.net/arabic/2023/03
…"
1633154008993918976,abdolhamidnetar,2023-03-07 19:13:52.935,توفير سلامة التلاميذ و أمن المدارس واجب الحكومة. نظرا لعجزها من أداء هذا الواجب، وأولوية سلامة التلاميذ والمعلمين، وقلق الجمهور من جريمة التسمم التي ربما يكون عواملها داخل النظام، يجب أن تغلق المدارس حتى يتمّ كشف الحقائق.,0,0,0,https://x.com/AbdolhamidNetAr/status/1633154008993918976,2023,3,2023-03-07,توفير سلامة التلاميذ و أمن المدارس واجب الحكومة. نظرا لعجزها من أداء هذا الواجب، وأولوية سلامة التلاميذ والمعلمين، وقلق الجمهور من جريمة التسمم التي ربما يكون عواملها داخل النظام، يجب أن تغلق المدارس حتى يتمّ كشف الحقائق.,"Providing the safety of students and the security of schools is the government's duty. Given its inability to perform this duty, the priority of the safety of students and teachers, and the public’s concern about the crime of poisoning, the factors of which may be within the system, schools must be closed until the facts are revealed."
1632106320236011523,abdolhamidnetar,2023-03-04 21:50:44.470,"فضيلة #الشيخ_عبدالحميد في #خطبة_الجمعة 10 شعبان 1444:
يرى الكثيرون أن تسميم الطالبات من أشكال قمع الاحتجاجات
abdolhamid.net/arabic/2023/03
…",0,0,0,https://x.com/AbdolhamidNetAr/status/1632106320236011523,2023,3,2023-03-04,"فضيلة #الشيخ_عبدالحميد في #خطبة_الجمعة 10 شعبان 1444:
يرى الكثيرون أن تسميم الطالبات من أشكال قمع الاحتجاجات
abdolhamid.net/arabic/2023/03
…","His Eminence #Sheikh_Abdulhamid in the #Friday_sermon 10 Shaban 1444:
Many see the poisoning of female students as a form of suppressing protests
abdolhamid.net/arabic/2023/03
…"
1630054028611559427,abdolhamidnetar,2023-02-27 05:55:40.017,"تسميم الطالبات في مدينتي ""قم"" و""بروجرد"" عمل غير إنساني، ومغاير للإسلام ومُعادٍ لتعليم المرأة، وانتقام من انتفاضتهن الأخيرة. نأمل أن يتم التعرف على مرتكبي هذه الجرائم المتسلسلة ومعاقبتهم على تصرفاتهم في أسرع وقت ممكن.",0,0,0,https://x.com/AbdolhamidNetAr/status/1630054028611559427,2023,2,2023-02-27,"تسميم الطالبات في مدينتي ""قم"" و""بروجرد"" عمل غير إنساني، ومغاير للإسلام ومُعادٍ لتعليم المرأة، وانتقام من انتفاضتهن الأخيرة. نأمل أن يتم التعرف على مرتكبي هذه الجرائم المتسلسلة ومعاقبتهم على تصرفاتهم في أسرع وقت ممكن.","Poisoning female students in the cities of Qom and Borujerd is an inhumane act, contrary to Islam, hostile to women’s education, and revenge for their recent uprising. We hope that the perpetrators of these serial crimes will be identified and punished for their actions as soon as possible."
1630053638432276485,abdolhamidnetar,2023-02-27 05:54:06.991,"الضباط أو المحققون الذين قاموا باغتصاب المعتقلين ارتكبوا أفظع الجرائم. لو أن الشعب الإيراني نسي يوما دماء أبنائها التي أريقت ظلما، لن ينسى جرائم الاغتصاب والاعتداء.
 نطالب المنظمات والأحرار في العالم أن يتقدموا للتصدي لهذه الجرائم والانحرافات الفظيعة.",0,0,0,https://x.com/AbdolhamidNetAr/status/1630053638432276485,2023,2,2023-02-27,"الضباط أو المحققون الذين قاموا باغتصاب المعتقلين ارتكبوا أفظع الجرائم. لو أن الشعب الإيراني نسي يوما دماء أبنائها التي أريقت ظلما، لن ينسى جرائم الاغتصاب والاعتداء.
 نطالب المنظمات والأحرار في العالم أن يتقدموا للتصدي لهذه الجرائم والانحرافات الفظيعة.","Officers or interrogators who raped detainees committed the most horrific crimes. If the Iranian people ever forget the unjust blood of its people, they will not forget the crimes of rape and assault.
 We call on organizations and free people around the world to come forward to confront these horrific crimes and deviations."
1629921901664432130,abdolhamidnetar,2023-02-26 21:10:38.498,"فضيلة الشيخ عبد الحميد في خطبة الجمعة 3 شعبان 1444:
الدين خاضع للسياسة في رؤية “الإسلام السياسي”، بينما السياسة خاضعة للدين في قراءة “السياسة الإسلامية”
abdolhamid.net/arabic/2023/02
…",0,0,0,https://x.com/AbdolhamidNetAr/status/1629921901664432130,2023,2,2023-02-26,"فضيلة الشيخ عبد الحميد في خطبة الجمعة 3 شعبان 1444:
الدين خاضع للسياسة في رؤية “الإسلام السياسي”، بينما السياسة خاضعة للدين في قراءة “السياسة الإسلامية”
abdolhamid.net/arabic/2023/02
…","His Eminence Sheikh Abdul Hamid in the Friday sermon, Shaaban 3, 1444:
Religion is subject to politics in the vision of “political Islam,” while politics is subordinate to religion in the reading of “Islamic politics.”
abdolhamid.net/arabic/2023/02
…"
1627367151274278913,abdolhamidnetar,2023-02-19 19:58:58.540,"فضيلة الشيخ عبد الحميد في خطبة الجمعة في زاهدان:
يجب الخضوع لرأي الشعب وإن اختار نظاما آخر
abdolhamid.net/arabic/2023/02
…",0,0,0,https://x.com/AbdolhamidNetAr/status/1627367151274278913,2023,2,2023-02-19,"فضيلة الشيخ عبد الحميد في خطبة الجمعة في زاهدان:
يجب الخضوع لرأي الشعب وإن اختار نظاما آخر
abdolhamid.net/arabic/2023/02
…","His Eminence Sheikh Abdul Hamid in the Friday sermon in Zahedan:
We must submit to the opinion of the people, even if they choose another regime
abdolhamid.net/arabic/2023/02
…"
1625397297721868288,abdolhamidnetar,2023-02-14 09:31:28.855,"إقالة أو فصل بعض أساتذة الجامعات أمر مقلق واعتداء على الأسس العلمية في البلاد. إن العواقب السيئة لمثل هذا العمل العشوائي ستجعل مجتمعنا في مواجهة المشكلات في مختلف المجالات.
لا ينبغي أن يكون الخلاف السياسي سببا لانتهاك خصوصية العلم والمعرفة والتلاعب بمستقبل هذه البلاد.",0,0,0,https://x.com/AbdolhamidNetAr/status/1625397297721868288,2023,2,2023-02-14,"إقالة أو فصل بعض أساتذة الجامعات أمر مقلق واعتداء على الأسس العلمية في البلاد. إن العواقب السيئة لمثل هذا العمل العشوائي ستجعل مجتمعنا في مواجهة المشكلات في مختلف المجالات.
لا ينبغي أن يكون الخلاف السياسي سببا لانتهاك خصوصية العلم والمعرفة والتلاعب بمستقبل هذه البلاد.","The dismissal or expulsion of some university professors is disturbing and an attack on the scientific foundations of the country. The bad consequences of such random action will make our society face problems in various fields.
Political disagreement should not be a reason to violate the privacy of science and knowledge and manipulate the future of this country."
1624492853761126400,abdolhamidnetar,2023-02-11 21:37:32.611,"فضيلة الشيخ #عبدالحميد في #خطبة_الجمعة (19 رجب 1444):
يجب أن يكون السياسيون الخبراء على رأس إدارة الدولة
abdolhamid.net/arabic/2023/02
…",0,0,0,https://x.com/AbdolhamidNetAr/status/1624492853761126400,2023,2,2023-02-11,"فضيلة الشيخ #عبدالحميد في #خطبة_الجمعة (19 رجب 1444):
يجب أن يكون السياسيون الخبراء على رأس إدارة الدولة
abdolhamid.net/arabic/2023/02
…","His Eminence Sheikh #Abdulhamid in the #Friday_sermon (19 Rajab 1444):
Expert politicians should be at the helm of state administration
abdolhamid.net/arabic/2023/02
…"
1623606330584956929,abdolhamidnetar,2023-02-09 10:54:49.015,"إنّ فرض الإقامة الجبرية على السيد ميرحسين موسوي والسيد كروبي، والسيدة زهرا رهنورد لأكثر من عقد، نموذج من غياب العدل والإنصاف.
لقد أظهر السيد موسوي في بيانه الأخير أنه أدرك حقائق المجتمع. قد حان الوقت أن يفكر سائر السياسيين والعلماء أيضا في إنقاذ البلاد وفهم الحقائق.",0,0,0,https://x.com/AbdolhamidNetAr/status/1623606330584956929,2023,2,2023-02-09,"إنّ فرض الإقامة الجبرية على السيد ميرحسين موسوي والسيد كروبي، والسيدة زهرا رهنورد لأكثر من عقد، نموذج من غياب العدل والإنصاف.
لقد أظهر السيد موسوي في بيانه الأخير أنه أدرك حقائق المجتمع. قد حان الوقت أن يفكر سائر السياسيين والعلماء أيضا في إنقاذ البلاد وفهم الحقائق.","The imposition of house arrest on Mr. Mirhossein Mousavi, Mr. Karroubi, and Ms. Zahra Rahnavard for more than a decade is an example of the absence of justice and fairness.
In his recent statement, Mr. Mousavi showed that he understood the realities of society. It is time for other politicians and scholars to also think about saving the country and understand the facts."
1622956113024151557,abdolhamidnetar,2023-02-07 15:51:05.068,آلمنا نبأ #الزلزال الرهيب في #تركيا و #سوريا. نحن إذ نتقدم بأحر التعازي للشعبين الكريمين في هذين البلدين، ننصح المتضررين بالصبر والدعاء والرجوع إلى الله تعالى، كما نطالب المجتمع الدولي بالمسارعة في مساعدتهم ومدّ يد العون نحوهم.,0,0,0,https://x.com/AbdolhamidNetAr/status/1622956113024151557,2023,2,2023-02-07,آلمنا نبأ #الزلزال الرهيب في #تركيا و #سوريا. نحن إذ نتقدم بأحر التعازي للشعبين الكريمين في هذين البلدين، ننصح المتضررين بالصبر والدعاء والرجوع إلى الله تعالى، كما نطالب المجتمع الدولي بالمسارعة في مساعدتهم ومدّ يد العون نحوهم.,"We were pained by the news of the terrible #earthquake in #Turkey and #Syria. As we extend our deepest condolences to the honorable people of these two countries, we advise those affected to be patient, pray, and return to God Almighty. We also call on the international community to quickly assist them and extend a helping hand towards them."
1621946959773810697,abdolhamidnetar,2023-02-04 21:01:04.184,"فضيلة الشيخ #عبدالحميد في #خطبة_الجمعة (12 رجب 1444):
الحكومة مطلوبة طالما يرضى الشعب بها
abdolhamid.net/arabic/2023/02
…",0,0,0,https://x.com/AbdolhamidNetAr/status/1621946959773810697,2023,2,2023-02-04,"فضيلة الشيخ #عبدالحميد في #خطبة_الجمعة (12 رجب 1444):
الحكومة مطلوبة طالما يرضى الشعب بها
abdolhamid.net/arabic/2023/02
…","His Eminence Sheikh #Abdulhamid in the #Friday_sermon (12 Rajab 1444):
Government is required as long as the people are satisfied with it
abdolhamid.net/arabic/2023/02
…"
1621892604827688963,abdolhamidnetar,2023-02-04 17:25:04.955,صور الناشط السياسي والمدني #فرهاد_ميثمي مروعة ومؤسفة للغاية. أرجو منه أن ينتهي عن إضرابه عن الطعام. يجب على السلطات أيضا أن تبادر في أقرب وقت ممكن إلى إطلاق سراح السيد ميثمي وغيره من السجناء السياسيين.,0,0,0,https://x.com/AbdolhamidNetAr/status/1621892604827688963,2023,2,2023-02-04,صور الناشط السياسي والمدني #فرهاد_ميثمي مروعة ومؤسفة للغاية. أرجو منه أن ينتهي عن إضرابه عن الطعام. يجب على السلطات أيضا أن تبادر في أقرب وقت ممكن إلى إطلاق سراح السيد ميثمي وغيره من السجناء السياسيين.,Pictures of political and civil activist #Farhad_Maythami are horrific and extremely unfortunate. I ask him to end his hunger strike. The authorities must also release Mr. Maithami and other political prisoners as soon as possible.
