tweet_id,username,created_at,text,replies,retweets,likes,url,Text_original,Text_en
2021964132589748418,abdullahmohtadi,2026-02-12 15:06:30.143000+00:00,"Thank you for covering Iran’s Kurds 
@EliLake
.  The regime’s nuclear program has been a curse to the people of Iran. It’s only brought war to us & has been a massive drain on  state’s budget at our expense. The regime’s massacre of tens of thousands of its own people including",0,0,0,https://x.com/AbdullahMohtadi/status/2021964132589748418,"Thank you for covering Iran’s Kurds 
@EliLake
.  The regime’s nuclear program has been a curse to the people of Iran. It’s only brought war to us & has been a massive drain on  state’s budget at our expense. The regime’s massacre of tens of thousands of its own people including","Thank you for covering Iran’s Kurds 
@EliLake
.  The regime’s nuclear program has been a curse to the people of Iran. It’s only brought war to us & has been a massive drain on  state’s budget at our expense. The regime’s massacre of tens of thousands of its own people including"
2016988150791315672,abdullahmohtadi,2026-01-29 21:33:43.633000+00:00,"Thank you 
@vonderleyen
 for your leadership and the full support of the 
@EU_Commission
 for designating the IRGC a terrorist organisation.  This despicable killing machine has plundered Iran’s resources for its gain; it has served as the Supreme Leader’s henchman against the people",0,0,0,https://x.com/AbdullahMohtadi/status/2016988150791315672,"Thank you 
@vonderleyen
 for your leadership and the full support of the 
@EU_Commission
 for designating the IRGC a terrorist organisation.  This despicable killing machine has plundered Iran’s resources for its gain; it has served as the Supreme Leader’s henchman against the people","Thank you 
@vonderleyen
 for your leadership and the full support of the 
@EU_Commission
 for designating the IRGC a terrorist organisation.  This despicable killing machine has plundered Iran’s resources for its gain; it has served as the Supreme Leader’s henchman against the people"
2016154774941360274,abdullahmohtadi,2026-01-27 14:22:11.347000+00:00,"I have followed your friendly & principled positions toward the Kurds of Syria and the people of Iran with great interest, 
@LindseyGrahamSC
, & as an Iranian Kurd, I am deeply grateful.
Today, the Kurds in Iran, alongside other Iranians, are enduring the horrific reality of what",0,0,0,https://x.com/AbdullahMohtadi/status/2016154774941360274,"I have followed your friendly & principled positions toward the Kurds of Syria and the people of Iran with great interest, 
@LindseyGrahamSC
, & as an Iranian Kurd, I am deeply grateful.
Today, the Kurds in Iran, alongside other Iranians, are enduring the horrific reality of what","I have followed your friendly & principled positions toward the Kurds of Syria and the people of Iran with great interest, 
@LindseyGrahamSC
, & as an Iranian Kurd, I am deeply grateful.
Today, the Kurds in Iran, alongside other Iranians, are enduring the horrific reality of what"
2014803346188542197,abdullahmohtadi,2026-01-23 20:52:05.624000+00:00,"مطمئنم که نه فقط کردستان بلکه کل مردم ایران بار دیگر خواهند ایستاد و سرنوشت این رژیم را یک‌سره خواهند کرد. 

لازمه‌ این مسیر، شکل‌گیری یک رهبری متکثر است؛ رهبری‌ای که همه در آن احساس مشارکت کنند. ائتلافی بزرگ و فراگیر که از یک‌سو به مردم ایران اطمینان دهد در آینده هیچ‌کس به‌دلیل",0,0,0,https://x.com/AbdullahMohtadi/status/2014803346188542197,"مطمئنم که نه فقط کردستان بلکه کل مردم ایران بار دیگر خواهند ایستاد و سرنوشت این رژیم را یک‌سره خواهند کرد. 

لازمه‌ این مسیر، شکل‌گیری یک رهبری متکثر است؛ رهبری‌ای که همه در آن احساس مشارکت کنند. ائتلافی بزرگ و فراگیر که از یک‌سو به مردم ایران اطمینان دهد در آینده هیچ‌کس به‌دلیل","I am sure that not only Kurdistan but the whole people of Iran will stand up once again and decide the fate of this regime. 

The requirement of this path is the formation of a pluralistic leadership; A leadership in which everyone feels involved. A large and comprehensive coalition that will assure the people of Iran in the future, no one's reason"
2014458139538530658,abdullahmohtadi,2026-01-22 22:00:21.945000+00:00,"I welcome today’s 
@Europarl_EN
 resolution urging the 
@EUCouncil
 to fully designate the IRGC, including the Basij and Quds Force, a terrorist organization. The Council has clear legal basis to act, supported by a convergent evidentiary record, including European judicial findings",0,0,0,https://x.com/AbdullahMohtadi/status/2014458139538530658,"I welcome today’s 
@Europarl_EN
 resolution urging the 
@EUCouncil
 to fully designate the IRGC, including the Basij and Quds Force, a terrorist organization. The Council has clear legal basis to act, supported by a convergent evidentiary record, including European judicial findings","I welcome today’s 
@Europarl_EN
 resolution urging the 
@EUCouncil
 to fully designate the IRGC, including the Basij and Quds Force, a terrorist organization. The Council has clear legal basis to act, supported by a convergent evidentiary record, including European judicial findings"
2014414322307309692,abdullahmohtadi,2026-01-22 19:06:15.103000+00:00,"Thank you to the US Congress and 
@RepYassAnsari
 for leading a bipartisan legislation supporting the Iranian people protesting for a free Iran and condemning the Islamic Republic.",0,0,0,https://x.com/AbdullahMohtadi/status/2014414322307309692,"Thank you to the US Congress and 
@RepYassAnsari
 for leading a bipartisan legislation supporting the Iranian people protesting for a free Iran and condemning the Islamic Republic.","Thank you to the US Congress and 
@RepYassAnsari
 for leading a bipartisan legislation supporting the Iranian people protesting for a free Iran and condemning the Islamic Republic."
2013748516993036562,abdullahmohtadi,2026-01-20 23:00:34.746000+00:00,شرکتم در #برنامە_سیما_ثابت تحت عنوان شرط و شروط همگرائی مخالفان جمهوری اسلامی. من از جملە روی نقد گفتمان ناسیونالیسم افراط‌گرای تمامیت‌خواه، ضرورت وجود یک رهبری کثرتگرا و لزوم حمایت بین‌المللی تأکید کردم.,0,0,0,https://x.com/AbdullahMohtadi/status/2013748516993036562,شرکتم در #برنامە_سیما_ثابت تحت عنوان شرط و شروط همگرائی مخالفان جمهوری اسلامی. من از جملە روی نقد گفتمان ناسیونالیسم افراط‌گرای تمامیت‌خواه، ضرورت وجود یک رهبری کثرتگرا و لزوم حمایت بین‌المللی تأکید کردم.,"My participation in #Sima_Shabet program under the title of conditions and conditions for the convergence of the opponents of the Islamic Republic. Among other things, I emphasized the critique of the discourse of extremist totalitarian nationalism, the necessity of a pluralistic leadership and the necessity of international support."
2013376013833494889,abdullahmohtadi,2026-01-19 22:20:23.072000+00:00,Sat down with my good friend #ErnieAudino a couple of days ago for his podcast #FrontlinesReport to talk about the latest from Iran & called on the United States to support the peoples' uprising against the regime. A clip of the podcast with Persian subtitles is below.,0,0,0,https://x.com/AbdullahMohtadi/status/2013376013833494889,Sat down with my good friend #ErnieAudino a couple of days ago for his podcast #FrontlinesReport to talk about the latest from Iran & called on the United States to support the peoples' uprising against the regime. A clip of the podcast with Persian subtitles is below.,Sat down with my good friend #ErnieAudino a couple of days ago for his podcast #FrontlinesReport to talk about the latest from Iran & called on the United States to support the peoples' uprising against the regime. A clip of the podcast with Persian subtitles is below.
2012526059468550483,abdullahmohtadi,2026-01-17 14:02:58.160000+00:00,"TUNE IN!!! Hosting #SaturdayReport 11am-1pmET on 
@Newsmax
 TV with Great Guests:
@RepTenney
@nicksortor
@AnthonyDespo
@Kenneth_Belkin
@AbdullahMohtadi
 
#MarjorieFogelman
@affordanything
@candydvalentino
 
@KiprilovNicole
@WalidPhares
@Fakhravar
@MaryWalterRadio
@DickMorrisTweet
AND",0,0,0,https://x.com/RitaCosby/status/2012526059468550483,"TUNE IN!!! Hosting #SaturdayReport 11am-1pmET on 
@Newsmax
 TV with Great Guests:
@RepTenney
@nicksortor
@AnthonyDespo
@Kenneth_Belkin
@AbdullahMohtadi
 
#MarjorieFogelman
@affordanything
@candydvalentino
 
@KiprilovNicole
@WalidPhares
@Fakhravar
@MaryWalterRadio
@DickMorrisTweet
AND","TUNE IN!!! Hosting #SaturdayReport 11am-1pmET on 
@Newsmax
 TV with Great Guests:
@RepTenney
@nicksortor
@AnthonyDespo
@Kenneth_Belkin
@AbdullahMohtadi
 
#MarjorieFogelman
@affordanything
@candydvalentino
 
@KiprilovNicole
@WalidPhares
@Fakhravar
@MaryWalterRadio
@DickMorrisTweet
AND"
2012284734722724031,abdullahmohtadi,2026-01-16 22:04:01.857000+00:00,"کشتار بزرگ و بحران انسانی و سیاسی در ایران، دخالت جامعه بین‌المللی و وضعیت اپوزیسیون. 

گفتگویم با پریزاد نوبخت از کانال بی‌بی‌سی فارسی",0,0,0,https://x.com/AbdullahMohtadi/status/2012284734722724031,"کشتار بزرگ و بحران انسانی و سیاسی در ایران، دخالت جامعه بین‌المللی و وضعیت اپوزیسیون. 

گفتگویم با پریزاد نوبخت از کانال بی‌بی‌سی فارسی","The great slaughter and the humanitarian and political crisis in Iran, the intervention of the international community and the state of the opposition. 

My conversation with Parizad Nobakht from BBC Farsi channel"
2012240538531987675,abdullahmohtadi,2026-01-16 19:08:24.664000+00:00,"Iran is facing a grave civilian protection emergency. Lives are at serious risk. Credible reports of mass killings, along with communication blackouts for over a week so far, raise urgent concern over escalating violence and impunity. The United States and EU should lead urgent",0,0,0,https://x.com/AbdullahMohtadi/status/2012240538531987675,"Iran is facing a grave civilian protection emergency. Lives are at serious risk. Credible reports of mass killings, along with communication blackouts for over a week so far, raise urgent concern over escalating violence and impunity. The United States and EU should lead urgent","Iran is facing a grave civilian protection emergency. Lives are at serious risk. Credible reports of mass killings, along with communication blackouts for over a week so far, raise urgent concern over escalating violence and impunity. The United States and EU should lead urgent"
2012211231524868571,abdullahmohtadi,2026-01-16 17:11:57.329000+00:00,"My piece  in 
@starsandstripes
 explaining where the Kurds and 
@Komala_english
 are in current protest movement against regime in Iran, how both the people of Iran and America have gained nothing in almost 50 years of regime rule and how an end to the regime would also be a big",0,0,0,https://x.com/AbdullahMohtadi/status/2012211231524868571,"My piece  in 
@starsandstripes
 explaining where the Kurds and 
@Komala_english
 are in current protest movement against regime in Iran, how both the people of Iran and America have gained nothing in almost 50 years of regime rule and how an end to the regime would also be a big","My piece  in 
@starsandstripes
 explaining where the Kurds and 
@Komala_english
 are in current protest movement against regime in Iran, how both the people of Iran and America have gained nothing in almost 50 years of regime rule and how an end to the regime would also be a big"
2011829557016383923,abdullahmohtadi,2026-01-15 15:55:19.035000+00:00,"تاریخ ایران دارد ورق می‌خورد. دریای خونی که ریخته شد، شکافی پرنشدنی بین مردم و حاکمیت ایجاد کرده. تصفیه حساب مردم با رژیم جمهوری اسلامی قطعی است. همچنین تکذیب پروپاگاندای رسانه‌های رژیم در مورد حزب کومه‌له کردستان ایران

گفتگوی کوتاهم با الناز کیانی در بخش خبر کانال ایران",0,0,0,https://x.com/AbdullahMohtadi/status/2011829557016383923,"تاریخ ایران دارد ورق می‌خورد. دریای خونی که ریخته شد، شکافی پرنشدنی بین مردم و حاکمیت ایجاد کرده. تصفیه حساب مردم با رژیم جمهوری اسلامی قطعی است. همچنین تکذیب پروپاگاندای رسانه‌های رژیم در مورد حزب کومه‌له کردستان ایران

گفتگوی کوتاهم با الناز کیانی در بخش خبر کانال ایران","Iran's history is changing. The sea of ​​blood that was shed has created an unfillable gap between the people and the government. Settlement of people's accounts with the regime of the Islamic Republic is certain. Also, denying the propaganda of the regime's media about the Kurdistan Kumhle Party of Iran

My short conversation with Elnaz Kayani in the news section of Iran channel"
2009342559890624609,abdullahmohtadi,2026-01-08 19:12:52.714000+00:00,"اعتصاب عمومی و یکپارچه امروز که در پی فراخوان مشترک هفت حزب و در بیش از ٥٠ شهر کُردستان برگزار شد، موفقیتی بی‌نظیر را رقم زد و بار دیگر همبستگی، اراده راسخ و توانمندی مردم کُردستان را نشان داد.

این اتحاد و پیروزی شکوهمند را به مردم آگاه کُردستان و بە جنبش آزادی‌خواهانه در سراسر",0,0,0,https://x.com/AbdullahMohtadi/status/2009342559890624609,"اعتصاب عمومی و یکپارچه امروز که در پی فراخوان مشترک هفت حزب و در بیش از ٥٠ شهر کُردستان برگزار شد، موفقیتی بی‌نظیر را رقم زد و بار دیگر همبستگی، اراده راسخ و توانمندی مردم کُردستان را نشان داد.

این اتحاد و پیروزی شکوهمند را به مردم آگاه کُردستان و بە جنبش آزادی‌خواهانه در سراسر","Today's general and integrated strike, which was held in more than 50 cities of Kurdistan following the joint call of seven parties, was a unique success and once again showed the solidarity, determination and capability of the people of Kurdistan.

This unity and glorious victory to the informed people of Kurdistan and to the freedom-loving movement throughout"
2007949735882093028,abdullahmohtadi,2026-01-04 22:58:17.593000+00:00,"ترجمه فارسی گفتگوی من با امانوئل رضوی از نشریه آتلانتیکو در باره چشم‌انداز اعتراضات ایران و نقش کردها. 

عبدالله مهتدی:
ما، کُردهای ایران، خواهان جدایی نیستیم؛ بلکه خواهان حقوق خود در چارچوب ایرانی آزاد، دموکراتیک، کثرت‌گرا و عاری از تبعیض هستیم
 
در ایران حدود ۱۰ تا ۱۲ میلیون",0,0,0,https://x.com/AbdullahMohtadi/status/2007949735882093028,"ترجمه فارسی گفتگوی من با امانوئل رضوی از نشریه آتلانتیکو در باره چشم‌انداز اعتراضات ایران و نقش کردها. 

عبدالله مهتدی:
ما، کُردهای ایران، خواهان جدایی نیستیم؛ بلکه خواهان حقوق خود در چارچوب ایرانی آزاد، دموکراتیک، کثرت‌گرا و عاری از تبعیض هستیم
 
در ایران حدود ۱۰ تا ۱۲ میلیون","Persian translation of my conversation with Emanuel Razavi from Atlantico magazine about the prospect of Iran's protests and the role of the Kurds. 

Abdullah Mohtadi:
We, the Kurds of Iran, do not want separation; Rather, we want our rights within the framework of a free, democratic, pluralistic and discrimination-free Iran
 
About 10 to 12 million in Iran"
2007921983292375531,abdullahmohtadi,2026-01-04 21:08:00.860000+00:00,"جنایت بزرگ سپاه پاسداران در #ملكشاهی ایلام نه فراموش می‌شود و نه بخشیده خواهد شد. نیروی بزرگ جنبش مردمی سرانجام بساط رژیم جور و جنایت را درهم خواهد پیچید. 

به جوانان غیور ملکشاهی درود می‌فرستم و به خانواده‌های محترم جانباختگان تسلیت عرض می‌کنم. 
#اعتراضات_سراسری 
#IRGCterrorists",0,0,0,https://x.com/AbdullahMohtadi/status/2007921983292375531,"جنایت بزرگ سپاه پاسداران در #ملكشاهی ایلام نه فراموش می‌شود و نه بخشیده خواهد شد. نیروی بزرگ جنبش مردمی سرانجام بساط رژیم جور و جنایت را درهم خواهد پیچید. 

به جوانان غیور ملکشاهی درود می‌فرستم و به خانواده‌های محترم جانباختگان تسلیت عرض می‌کنم. 
#اعتراضات_سراسری 
#IRGCterrorists","The great crime of IRGC in #Kingdom of Ilam will neither be forgotten nor forgiven. The great force of the people's movement will eventually crush the regime of corruption and crime. 

I send greetings to the zealous youth of Malekshahi and my condolences to the families of the deceased. 
#Protests_wide 
#IRGCterrorists"
2007914041260618116,abdullahmohtadi,2026-01-04 20:36:27.332000+00:00,ماڵاوا مامۆستای کوردپەروەر و مرۆڤدۆست، خۆشەویستیت و شوێنت لەنێو دڵی گەلی کورددا دەمێنێتەوە.,0,0,0,https://x.com/AbdullahMohtadi/status/2007914041260618116,ماڵاوا مامۆستای کوردپەروەر و مرۆڤدۆست، خۆشەویستیت و شوێنت لەنێو دڵی گەلی کورددا دەمێنێتەوە.,"Goodbye Kurdish-loving and humanitarian teacher, your love and place will remain in the hearts of the Kurdish people."
2007480537758199889,abdullahmohtadi,2026-01-03 15:53:52.043000+00:00,"Thank you 
@POTUS
 for your strong statement in support of Iranian people’s peaceful protests against regime.  I’m confident that your message will be deeply encouraging to all Iranians—especially the Kurdish people, who have endured decades of brutal repression at hands of regime.",0,0,0,https://x.com/AbdullahMohtadi/status/2007480537758199889,"Thank you 
@POTUS
 for your strong statement in support of Iranian people’s peaceful protests against regime.  I’m confident that your message will be deeply encouraging to all Iranians—especially the Kurdish people, who have endured decades of brutal repression at hands of regime.","Thank you 
@POTUS
 for your strong statement in support of Iranian people’s peaceful protests against regime.  I’m confident that your message will be deeply encouraging to all Iranians—especially the Kurdish people, who have endured decades of brutal repression at hands of regime."
2007452883009077271,abdullahmohtadi,2026-01-03 14:03:58.637000+00:00,"ما یکبار دیگر با تأکید بر حق مسلم مردم ایران برای اعتراض، تجمعات مدنی و مقاومت مسالمت‌آمیز در برابر استبداد، حمایت قاطع خود را از خیزش‌های مردمی علیه رژیم جمهوری اسلامی اعلام می‌داریم.

همچنین مراتب همدردی عمیق و تسلیت صمیمانه خود را به تمامی خانواده‌های جان‌باختگان این مسیر",0,0,0,https://x.com/AbdullahMohtadi/status/2007452883009077271,"ما یکبار دیگر با تأکید بر حق مسلم مردم ایران برای اعتراض، تجمعات مدنی و مقاومت مسالمت‌آمیز در برابر استبداد، حمایت قاطع خود را از خیزش‌های مردمی علیه رژیم جمهوری اسلامی اعلام می‌داریم.

همچنین مراتب همدردی عمیق و تسلیت صمیمانه خود را به تمامی خانواده‌های جان‌باختگان این مسیر","Once again, emphasizing the inalienable right of the Iranian people to protest, civil gatherings and peaceful resistance against tyranny, we declare our firm support for popular uprisings against the regime of the Islamic Republic.

Also, our deep sympathy and sincere condolences to all the families of those who died on this route"
2004300369154003062,abdullahmohtadi,2025-12-25 21:17:00.763000+00:00,"شرافت انتخاب، شهامت انتخاب، فتح میلیون‌ها قلب. 
#ترانه_علیدوستی 
#ژن_ژیان_ئازادی 
#زن_زندگی_آزادی",0,0,0,https://x.com/AbdullahMohtadi/status/2004300369154003062,"شرافت انتخاب، شهامت انتخاب، فتح میلیون‌ها قلب. 
#ترانه_علیدوستی 
#ژن_ژیان_ئازادی 
#زن_زندگی_آزادی","The honor of choosing, the courage to choose, the conquest of millions of hearts. 
#alidosti_song 
#Jen_Zhian_Ezadi 
#woman_life_of_freedom"
2002461864555380850,abdullahmohtadi,2025-12-20 19:31:27.109000+00:00,"Thank you 
@SecretaryRubio
 for acknowledging all that is wrong with the regime.  It’s failed its own people, including the Kurds, 10 mil. strong in Iran; the MENA region & the international community.  For almost half a century, its domestic & foreign policies have brought only",0,0,0,https://x.com/AbdullahMohtadi/status/2002461864555380850,"Thank you 
@SecretaryRubio
 for acknowledging all that is wrong with the regime.  It’s failed its own people, including the Kurds, 10 mil. strong in Iran; the MENA region & the international community.  For almost half a century, its domestic & foreign policies have brought only","Thank you 
@SecretaryRubio
 for acknowledging all that is wrong with the regime.  It’s failed its own people, including the Kurds, 10 mil. strong in Iran; the MENA region & the international community.  For almost half a century, its domestic & foreign policies have brought only"
1999231887341158834,abdullahmohtadi,2025-12-11 21:36:40.531000+00:00,ما امیدمان به برچیدن‌ جمهوری اسلامی و گذار دموکراتیک در ایران را به دخالت و جنگ خارجی نبسته‌ایم، اما به‌هیچ وجه خاطر نیستیم تحت عنوان دفاع از میهن در کنار این رژیم و همسو با آن قرار بگیریم. با یا بدون جنگ، ما برای بزیر کشیدن جمهوری اسلامی و رسیدن به یک ایران دموکراتیک، کثرت‌گرا،,0,0,0,https://x.com/AbdullahMohtadi/status/1999231887341158834,ما امیدمان به برچیدن‌ جمهوری اسلامی و گذار دموکراتیک در ایران را به دخالت و جنگ خارجی نبسته‌ایم، اما به‌هیچ وجه خاطر نیستیم تحت عنوان دفاع از میهن در کنار این رژیم و همسو با آن قرار بگیریم. با یا بدون جنگ، ما برای بزیر کشیدن جمهوری اسلامی و رسیدن به یک ایران دموکراتیک، کثرت‌گرا،,"We do not pin our hopes for the dismantling of the Islamic Republic and the democratic transition in Iran to foreign interference and war, but we do not intend to stand alongside this regime and align with it under the title of defending the homeland. With or without war, in order to conquer the Islamic Republic and reach a democratic, pluralistic Iran,"
1998729503468572986,abdullahmohtadi,2025-12-10 12:20:22.882000+00:00,"On #HumanRightsDay, as the international community marks the seventy-seventh anniversary of the adoption of the Universal Declaration of Human Rights in 1948, I wish to reaffirm, on behalf of the Komala Party of Iranian Kurdistan, our enduring commitment to human dignity,",0,0,0,https://x.com/AbdullahMohtadi/status/1998729503468572986,"On #HumanRightsDay, as the international community marks the seventy-seventh anniversary of the adoption of the Universal Declaration of Human Rights in 1948, I wish to reaffirm, on behalf of the Komala Party of Iranian Kurdistan, our enduring commitment to human dignity,","On #HumanRightsDay, as the international community marks the seventy-seventh anniversary of the adoption of the Universal Declaration of Human Rights in 1948, I wish to reaffirm, on behalf of the Komala Party of Iranian Kurdistan, our enduring commitment to human dignity,"
1994862218916086052,abdullahmohtadi,2025-11-29 20:13:10.394000+00:00,"گفت‌وگویم، با مهدی مهدوی‌آزاد در برنامه‌ی «چشم‌انداز» از کانال ایران اینترنشنال، همراه با شهریار آهی، درباره‌ی پیام اخیر رهبر جمهوری اسلامی با عنوان «پیام خامنه‌ای از مخفیگاه؛ رجزخوانی یا فروپاشی روانی؟»
نسخه‌ی کامل گفت‌وگو در لینک زیر قابل دسترسی است:",0,0,0,https://x.com/AbdullahMohtadi/status/1994862218916086052,"گفت‌وگویم، با مهدی مهدوی‌آزاد در برنامه‌ی «چشم‌انداز» از کانال ایران اینترنشنال، همراه با شهریار آهی، درباره‌ی پیام اخیر رهبر جمهوری اسلامی با عنوان «پیام خامنه‌ای از مخفیگاه؛ رجزخوانی یا فروپاشی روانی؟»
نسخه‌ی کامل گفت‌وگو در لینک زیر قابل دسترسی است:","My conversation with Mehdi Mahdavi-Azad on the ""Chemdanaz"" program of Iran International channel, along with Shahriar Ahi, about the recent message of the leader of the Islamic Republic entitled ""Khamenei's message from the hiding place; Rage singing or mental breakdown?
The full version of the conversation can be accessed at the following link:"
1990868543722913889,abdullahmohtadi,2025-11-18 19:43:44.029000+00:00,"Mr. Ambassador, thanks for President Trump’s and your leadership in securing this favorable vote at the UNSC. As an Iranian Kurdish opposition leader, I commend the leadership of the United States in the Middle East. I support the resolution wholeheartedly.  Best, Abdullah",0,0,0,https://x.com/AbdullahMohtadi/status/1990868543722913889,"Mr. Ambassador, thanks for President Trump’s and your leadership in securing this favorable vote at the UNSC. As an Iranian Kurdish opposition leader, I commend the leadership of the United States in the Middle East. I support the resolution wholeheartedly.  Best, Abdullah","Mr. Ambassador, thanks for President Trump’s and your leadership in securing this favorable vote at the UNSC. As an Iranian Kurdish opposition leader, I commend the leadership of the United States in the Middle East. I support the resolution wholeheartedly.  Best, Abdullah"
1987560281158111237,abdullahmohtadi,2025-11-09 16:37:52.769000+00:00,"گفتگویم با مهران عباسیان در برنامه «گفتگوی ویژه» از کانال ایران اینترنشنال. 
#زن_زندگی_آزادی",0,0,0,https://x.com/AbdullahMohtadi/status/1987560281158111237,"گفتگویم با مهران عباسیان در برنامه «گفتگوی ویژه» از کانال ایران اینترنشنال. 
#زن_زندگی_آزادی","My conversation with Mehran Abbasian in the ""Special Conversation"" program of Iran International channel. 
#woman_life_of_freedom"
1979491240165908505,abdullahmohtadi,2025-10-18 10:14:23.481000+00:00,شرکتم در کنفرانس «حقوق بشر در ایران پس از جمهوری اسلامی»، امروز، در شهر اسلو‌، پایتخت نروژ. با سپاس از سازمان حقوق بشر ایران که ابتکار دعوت و سازماندهی این نشست را برعهده داشتند.,0,0,0,https://x.com/AbdullahMohtadi/status/1979491240165908505,شرکتم در کنفرانس «حقوق بشر در ایران پس از جمهوری اسلامی»، امروز، در شهر اسلو‌، پایتخت نروژ. با سپاس از سازمان حقوق بشر ایران که ابتکار دعوت و سازماندهی این نشست را برعهده داشتند.,"My participation in the ""Human Rights in Iran after the Islamic Republic"" conference, today, in the city of Oslo, the capital of Norway. Thanks to the Iranian Human Rights Organization who took the initiative to invite and organize this meeting."
1977839149005857034,abdullahmohtadi,2025-10-13 20:49:34.254000+00:00,"گفتگویم با خانم مهتاب وحیدی راد از سازمان حقوق بشر ایران پیرامون مسائل حقوق بشر، اعدام، دادخواهی، مشارکت سیاسی و نظام آینده ایران. 
x.com/i/broadcasts/1
…",0,0,0,https://x.com/AbdullahMohtadi/status/1977839149005857034,"گفتگویم با خانم مهتاب وحیدی راد از سازمان حقوق بشر ایران پیرامون مسائل حقوق بشر، اعدام، دادخواهی، مشارکت سیاسی و نظام آینده ایران. 
x.com/i/broadcasts/1
…","My conversation with Mrs. Mehtab Vahidi Rad from Iran Human Rights Organization about human rights issues, execution, litigation, political participation and the future system of Iran. 
x.com/i/broadcasts/1
…"
1973131008724603221,abdullahmohtadi,2025-09-30 21:01:06.138000+00:00,"I commend President Trump’s plan to end war in Gaza and lay foundations for peace in Middle East. Under plan, which has been welcomed internationally, the war in Gaza would come to an end; hostages would be released in exchange for prisoners; Hamas would be disarmed and excluded",0,0,0,https://x.com/AbdullahMohtadi/status/1973131008724603221,"I commend President Trump’s plan to end war in Gaza and lay foundations for peace in Middle East. Under plan, which has been welcomed internationally, the war in Gaza would come to an end; hostages would be released in exchange for prisoners; Hamas would be disarmed and excluded","I commend President Trump’s plan to end war in Gaza and lay foundations for peace in Middle East. Under plan, which has been welcomed internationally, the war in Gaza would come to an end; hostages would be released in exchange for prisoners; Hamas would be disarmed and excluded"
1972000093101608991,abdullahmohtadi,2025-09-27 18:07:14.842000+00:00,"امروز بیست و پنجمین روز اعتصاب غذای #حسین_رونقی و سومین روز اعتصاب غذای خشک ایشان در زندان است. جان او در خطر جدی قرار دارد. جمهوری اسلامی مسئول حفظ جان و سلامت اوست. 
#HosseinRonaghi",0,0,0,https://x.com/AbdullahMohtadi/status/1972000093101608991,"امروز بیست و پنجمین روز اعتصاب غذای #حسین_رونقی و سومین روز اعتصاب غذای خشک ایشان در زندان است. جان او در خطر جدی قرار دارد. جمهوری اسلامی مسئول حفظ جان و سلامت اوست. 
#HosseinRonaghi","Today is the 25th day of #Hossein_Ronghi's hunger strike and the third day of his hunger strike in prison. His life is in serious danger. The Islamic Republic is responsible for protecting his life and health. 
#HosseinRonaghi"
1968369426354549087,abdullahmohtadi,2025-09-17 17:40:16.435000+00:00,"جنبش بزرگ #دادخواهی در برابر سرکوب و دروغ پس نخواهد نشست!  
#ژینا_امینی 
#زن_زندگی_آزادی",0,0,0,https://x.com/AbdullahMohtadi/status/1968369426354549087,"جنبش بزرگ #دادخواهی در برابر سرکوب و دروغ پس نخواهد نشست!  
#ژینا_امینی 
#زن_زندگی_آزادی","The great movement of #litigation will not back down against oppression and lies!  
#Gina_Amini 
#woman_life_of_freedom"
1967625281939951627,abdullahmohtadi,2025-09-15 16:23:18.581000+00:00,سومین سالگرد جان‌باختن فرشته‌وار #ژینا_امینی فرصتی است برای تجدید عهد با ارزش‌های انقلاب «زن، زندگی، آزادی»، انقلابی که دروازه‌های آینده را به‌روی نسل جوان گشود؛ فرصتی است برای نشان دادن تداوم این جنبش، پایداری همبستگی‌مان و یادآوری اینکه هیچ‌یک از جان‌باختگان این خیزش از یاد,0,0,0,https://x.com/AbdullahMohtadi/status/1967625281939951627,سومین سالگرد جان‌باختن فرشته‌وار #ژینا_امینی فرصتی است برای تجدید عهد با ارزش‌های انقلاب «زن، زندگی، آزادی»، انقلابی که دروازه‌های آینده را به‌روی نسل جوان گشود؛ فرصتی است برای نشان دادن تداوم این جنبش، پایداری همبستگی‌مان و یادآوری اینکه هیچ‌یک از جان‌باختگان این خیزش از یاد,"The third anniversary of the angelic death of #Gina_Amini is an opportunity to renew the covenant with the values ​​of the revolution ""woman, life, freedom"", a revolution that opened the gates of the future to the young generation; It is an opportunity to show the continuity of this movement, the stability of our solidarity and to remember that none of the victims of this uprising is forgotten."
1967521430205239693,abdullahmohtadi,2025-09-15 09:30:38.398000+00:00,The time for hesitation is over -  Europe must confront the IRGC’s atrocities and designate them as a terrorist organisation.,0,0,0,https://x.com/AbdullahMohtadi/status/1967521430205239693,The time for hesitation is over -  Europe must confront the IRGC’s atrocities and designate them as a terrorist organisation.,The time for hesitation is over -  Europe must confront the IRGC’s atrocities and designate them as a terrorist organisation.
1967341549035135232,abdullahmohtadi,2025-09-14 21:35:51.385000+00:00,"حضورم در برنامه چشم‌انداز از کانال ایران‌اینترنشنال تحت عنوان «نقش انقلاب مهسا در فروپاشی امپراتوری خامنه‌ای». 
#زن_زندگی_آزادی 
#ژینا_امینی",0,0,0,https://x.com/AbdullahMohtadi/status/1967341549035135232,"حضورم در برنامه چشم‌انداز از کانال ایران‌اینترنشنال تحت عنوان «نقش انقلاب مهسا در فروپاشی امپراتوری خامنه‌ای». 
#زن_زندگی_آزادی 
#ژینا_امینی","My appearance in the Iran International Channel's Vision program under the title ""The Role of Mahsa Revolution in the Collapse of the Khamenei Empire"". 
#woman_life_of_freedom 
#Gina_Amini"
1957922039379239184,abdullahmohtadi,2025-08-19 21:46:05.277000+00:00,"چهل و شش سال پیش در چنین روزی، یعنی در ۲۸ مرداد سال ۱۳٥۸، خمینی مردم کردستان را «در صف کفار» اعلام کرد و به مصداق «اشداء علی‌الکفار»، به دولت و ارتش و سایر نیروهای مسلح فرمان داد بە خشونت‌آمیزترین وجە با آنها رفتار کنند. 

بە دنبال این فرمان هجوم، کە حتی بدون اطلاع و مشورت با",0,0,0,https://x.com/AbdullahMohtadi/status/1957922039379239184,"چهل و شش سال پیش در چنین روزی، یعنی در ۲۸ مرداد سال ۱۳٥۸، خمینی مردم کردستان را «در صف کفار» اعلام کرد و به مصداق «اشداء علی‌الکفار»، به دولت و ارتش و سایر نیروهای مسلح فرمان داد بە خشونت‌آمیزترین وجە با آنها رفتار کنند. 

بە دنبال این فرمان هجوم، کە حتی بدون اطلاع و مشورت با","Forty-six years ago on this day, on August 28, 1358, Khomeini declared the people of Kurdistan ""in the ranks of the infidels"" and ordered the government, army and other armed forces to treat them in the most violent manner, as an example of ""Ishda Ali al-Kaffar"". 

Following this attack command, which even without informing and consulting with"
1955670936645980422,abdullahmohtadi,2025-08-13 16:41:00.562000+00:00,"2 months after the 12 day war, the regime is a complete failure at home and abroad.  The people are suffering and the regime is lost or hiding. In its desperation, it is lashing out against us all.  I came to Washington on the eve of the war to speak to people in and out of the",0,0,0,https://x.com/AbdullahMohtadi/status/1955670936645980422,"2 months after the 12 day war, the regime is a complete failure at home and abroad.  The people are suffering and the regime is lost or hiding. In its desperation, it is lashing out against us all.  I came to Washington on the eve of the war to speak to people in and out of the","2 months after the 12 day war, the regime is a complete failure at home and abroad.  The people are suffering and the regime is lost or hiding. In its desperation, it is lashing out against us all.  I came to Washington on the eve of the war to speak to people in and out of the"
1949804864147710043,abdullahmohtadi,2025-07-28 12:11:19.892000+00:00,"بەداخێکی زۆرەوە دوو ڕۆڵەی تێکۆشەری دیکەشمان، دوو نیشتمانپەروەری خوێنگەرمی سنە و گشت کوردستان، هاوڕێیانی ژینگەپارێز چیاکۆ یۆسفی نەژاد و خەبات ئەمینی، گیانیان بۆ نیشتمانە جوانەکەیان بەخت کرد و بۆ هەمیشە بەجێیان هێشتین. 

ئەو سێ لاوە خاوەن بیروباوەڕە، لە ڕاستیدا پێشمەرگەی خۆبەخشی",0,0,0,https://x.com/AbdullahMohtadi/status/1949804864147710043,"بەداخێکی زۆرەوە دوو ڕۆڵەی تێکۆشەری دیکەشمان، دوو نیشتمانپەروەری خوێنگەرمی سنە و گشت کوردستان، هاوڕێیانی ژینگەپارێز چیاکۆ یۆسفی نەژاد و خەبات ئەمینی، گیانیان بۆ نیشتمانە جوانەکەیان بەخت کرد و بۆ هەمیشە بەجێیان هێشتین. 

ئەو سێ لاوە خاوەن بیروباوەڕە، لە ڕاستیدا پێشمەرگەی خۆبەخشی","Unfortunately, two other sons of our strugglers, two warm-blooded patriots of Sanaa and the whole of Kurdistan, comrades environmentalists Chiako Yousfinejad and Khabat Amini, sacrificed their lives for their beautiful country and left us forever. 

The three young men are believers, actually volunteer Peshmergas"
1948778971551707384,abdullahmohtadi,2025-07-25 16:14:48.037000+00:00,امروز پیکر #حمید_مرادی، وکیل پایه یک دادگستری، فعال محیط زیست و بنیانگذار انجمن زیست‌محیطی «شنه‌ی نه‌وژین»و شخصیت محبوب شهر سنندج به‌خاک سپرده شد. در این خاکسپاری شکوهمند، هزاران نفر از مردم شهر از زن و مرد و پیر و جوان، با شعار و شعر و سرود انقلابی برای ادای احترام به این عزیز,0,0,0,https://x.com/AbdullahMohtadi/status/1948778971551707384,امروز پیکر #حمید_مرادی، وکیل پایه یک دادگستری، فعال محیط زیست و بنیانگذار انجمن زیست‌محیطی «شنه‌ی نه‌وژین»و شخصیت محبوب شهر سنندج به‌خاک سپرده شد. در این خاکسپاری شکوهمند، هزاران نفر از مردم شهر از زن و مرد و پیر و جوان، با شعار و شعر و سرود انقلابی برای ادای احترام به این عزیز,"Today, the body of #Hamid_Moradi, a basic lawyer of a justice, environmental activist and founder of the environmental association ""Shenye Nahvejin"" and a popular figure of Sanandaj city, was laid to rest. In this glorious funeral, thousands of people from the city, men and women, young and old, with slogans, poems and revolutionary songs to pay respect to this dear."
1944435957710598250,abdullahmohtadi,2025-07-13 16:37:12.848000+00:00,"@therealrizkhan
 Great to sit down with you for interview for 
@AlArabiya_Eng
 to provide my views and those of Komala Party of Iranian Kurdistan 
@Komala_english
. We stand for non-nuclear Iran at peace with all her peoples and her neighbors.  Regime unable and unwilling to do",0,0,0,https://x.com/AbdullahMohtadi/status/1944435957710598250,"@therealrizkhan
 Great to sit down with you for interview for 
@AlArabiya_Eng
 to provide my views and those of Komala Party of Iranian Kurdistan 
@Komala_english
. We stand for non-nuclear Iran at peace with all her peoples and her neighbors.  Regime unable and unwilling to do","@therealrizkhan
 Great to sit down with you for interview for 
@AlArabiya_Eng
 to provide my views and those of Komala Party of Iranian Kurdistan 
@Komala_english
. We stand for non-nuclear Iran at peace with all her peoples and her neighbors.  Regime unable and unwilling to do"
1944434526333374695,abdullahmohtadi,2025-07-13 16:31:31.581000+00:00,"Kurdish Komala leader Abdullah Mohtadi on Israel vs Iran, Trump and Turkey",0,0,0,https://x.com/AbdullahMohtadi/status/1944434526333374695,"Kurdish Komala leader Abdullah Mohtadi on Israel vs Iran, Trump and Turkey","Kurdish Komala leader Abdullah Mohtadi on Israel vs Iran, Trump and Turkey"
1941218242187624825,abdullahmohtadi,2025-07-04 19:31:09.685000+00:00,"با ‌جنگ یا بدون جنگ، قطب‌نمای ما تغییر رژیم جمهوری اسلامی و رسیدن به آزادی و دموکراسی است. نباید این هدف را فراموش کنیم. 
گفتگویم با فرداد فرحزاد در برنامه ۲۴ از کانال ایران اینترنشنال",0,0,0,https://x.com/AbdullahMohtadi/status/1941218242187624825,"با ‌جنگ یا بدون جنگ، قطب‌نمای ما تغییر رژیم جمهوری اسلامی و رسیدن به آزادی و دموکراسی است. نباید این هدف را فراموش کنیم. 
گفتگویم با فرداد فرحزاد در برنامه ۲۴ از کانال ایران اینترنشنال","With or without war, our compass is to change the regime of the Islamic Republic and achieve freedom and democracy. We must not forget this goal. 
My conversation with Fardad Farahzad on program 24 of Iran International channel"
1940787280136098230,abdullahmohtadi,2025-07-03 14:58:40.325000+00:00,"My interview w/ 
@WashInstitute
 @FikraForum
. Good piece that captures Komala Party’s thinking about 12 day war. We stand for non-nuclear Iran, democratic and at peace with all her neighbours, safeguarding Kurdish rights. Thank you 
@vvanwilgenburg
 for writing. 
@Komala_english",0,0,0,https://x.com/AbdullahMohtadi/status/1940787280136098230,"My interview w/ 
@WashInstitute
 @FikraForum
. Good piece that captures Komala Party’s thinking about 12 day war. We stand for non-nuclear Iran, democratic and at peace with all her neighbours, safeguarding Kurdish rights. Thank you 
@vvanwilgenburg
 for writing. 
@Komala_english","My interview w/ 
@WashInstitute
 @FikraForum
. Good piece that captures Komala Party’s thinking about 12 day war. We stand for non-nuclear Iran, democratic and at peace with all her neighbours, safeguarding Kurdish rights. Thank you 
@vvanwilgenburg
 for writing. 
@Komala_english"
1937138587914420377,abdullahmohtadi,2025-06-23 13:20:04.310000+00:00,"Iranian Kurdish opposition leader 
@AbdullahMohtadi
 (Komala) told me in an interview that he welcomed the recent U.S. strikes in Iran: “The regime in Tehran got what they deserved. They shouldn’t have been allowed to pursue this wasteful and dangerous program in the first place.”",0,0,0,https://x.com/vvanwilgenburg/status/1937138587914420377,"Iranian Kurdish opposition leader 
@AbdullahMohtadi
 (Komala) told me in an interview that he welcomed the recent U.S. strikes in Iran: “The regime in Tehran got what they deserved. They shouldn’t have been allowed to pursue this wasteful and dangerous program in the first place.”","Iranian Kurdish opposition leader 
@AbdullahMohtadi
 (Komala) told me in an interview that he welcomed the recent U.S. strikes in Iran: “The regime in Tehran got what they deserved. They shouldn’t have been allowed to pursue this wasteful and dangerous program in the first place.”"
1934988638766383402,abdullahmohtadi,2025-06-17 14:56:56.489000+00:00,"ترجمه فارسی گفتگویم با خانم «گرتا پریویترا» از روزنامه «کوریره دلا سرا»، پرتیراژترین روزنامه ایتالیا

عبدالله مهتدی، حزب کومه‌له را رهبری می‌کند؛ حزبی با گرایش سوسیال‌دموکرات که در سال ۱۹۶۹، زمانی که فقط بیست سال داشت، تأسیس کرد و از همان ابتدا یکی از دشمنان سرسخت جمهوری اسلامی",0,0,0,https://x.com/AbdullahMohtadi/status/1934988638766383402,"ترجمه فارسی گفتگویم با خانم «گرتا پریویترا» از روزنامه «کوریره دلا سرا»، پرتیراژترین روزنامه ایتالیا

عبدالله مهتدی، حزب کومه‌له را رهبری می‌کند؛ حزبی با گرایش سوسیال‌دموکرات که در سال ۱۹۶۹، زمانی که فقط بیست سال داشت، تأسیس کرد و از همان ابتدا یکی از دشمنان سرسخت جمهوری اسلامی","Farsi translation of my conversation with Greta Privitra from Corriere della Sera newspaper, the most widely circulated newspaper in Italy.

Abdullah Mehtadi leads the Komhle party; A social-democratic party that he founded in 1969, when he was only twenty years old, and has been one of the staunch enemies of the Islamic Republic since the beginning."
1934434333785547017,abdullahmohtadi,2025-06-16 02:14:19.883000+00:00,"Completed week of productive meetings in Washington reaffirming our position that we fully support a non-nuclear Iran.  Held meetings on Capitol Hill & w/ Iran watchers outside USG.  We stand 4 democratic Iran, Kurdish rights, peace with our neighbors.  Upcoming week is",0,0,0,https://x.com/AbdullahMohtadi/status/1934434333785547017,"Completed week of productive meetings in Washington reaffirming our position that we fully support a non-nuclear Iran.  Held meetings on Capitol Hill & w/ Iran watchers outside USG.  We stand 4 democratic Iran, Kurdish rights, peace with our neighbors.  Upcoming week is","Completed week of productive meetings in Washington reaffirming our position that we fully support a non-nuclear Iran.  Held meetings on Capitol Hill & w/ Iran watchers outside USG.  We stand 4 democratic Iran, Kurdish rights, peace with our neighbors.  Upcoming week is"
1934314053012463898,abdullahmohtadi,2025-06-15 18:16:22.712000+00:00,"در مصاحبه با بی بی سی فارسی: 
جنگ نتیجه سیاست‌های جمهوری اسلامی است و سران آن باید پاسخگوی تبعاتش باشند. آن‌ها ابتدا کشور را به فقر کشاندند و اکنون به سوی ویرانی سوق داده‌اند. زیان این جنگ، جز برای سران نظامی و حکومتی، بر دوش مردم ایران خواهد بود و تا این رژیم پابرجاست، این رنج",0,0,0,https://x.com/AbdullahMohtadi/status/1934314053012463898,"در مصاحبه با بی بی سی فارسی: 
جنگ نتیجه سیاست‌های جمهوری اسلامی است و سران آن باید پاسخگوی تبعاتش باشند. آن‌ها ابتدا کشور را به فقر کشاندند و اکنون به سوی ویرانی سوق داده‌اند. زیان این جنگ، جز برای سران نظامی و حکومتی، بر دوش مردم ایران خواهد بود و تا این رژیم پابرجاست، این رنج","In an interview with BBC Farsi: 
The war is the result of the policies of the Islamic Republic and its leaders must be responsible for its consequences. They first led the country to poverty and now they have led to destruction. The loss of this war, except for the military and government leaders, will be on the shoulders of the Iranian people, and this suffering will last until this regime."
1933705568486662544,abdullahmohtadi,2025-06-14 01:58:28.696000+00:00,"Was on News Nation TV 
@NewsNation
 today, discussed the latest about Iran-Israel conflict, Komala Party’s strong stand for a non-nuclear Iran, provided Kurdish perspective on developments.",0,0,0,https://x.com/AbdullahMohtadi/status/1933705568486662544,"Was on News Nation TV 
@NewsNation
 today, discussed the latest about Iran-Israel conflict, Komala Party’s strong stand for a non-nuclear Iran, provided Kurdish perspective on developments.","Was on News Nation TV 
@NewsNation
 today, discussed the latest about Iran-Israel conflict, Komala Party’s strong stand for a non-nuclear Iran, provided Kurdish perspective on developments."
1933557798064792054,abdullahmohtadi,2025-06-13 16:11:17.482000+00:00,مسبب این جنگ کیست و پیامدهای آن‌چه خواهد بود؟ گفتگویم در برنامه خبر کانال ایران اینترناشنال.,0,0,0,https://x.com/AbdullahMohtadi/status/1933557798064792054,مسبب این جنگ کیست و پیامدهای آن‌چه خواهد بود؟ گفتگویم در برنامه خبر کانال ایران اینترناشنال.,Who is the cause of this war and what will be its consequences? Our conversation in the news program of Iran International channel.
1933395599023616415,abdullahmohtadi,2025-06-13 05:26:46.217000+00:00,"For over two decades, they sacrificed the people’s livelihood and well-being in pursuit of a grandiose nuclear program, kept the country teetering on the brink of war, and held people hostage to an empty dream. They ignored all domestic criticism and international warnings—even",0,0,0,https://x.com/AbdullahMohtadi/status/1933395599023616415,"For over two decades, they sacrificed the people’s livelihood and well-being in pursuit of a grandiose nuclear program, kept the country teetering on the brink of war, and held people hostage to an empty dream. They ignored all domestic criticism and international warnings—even","For over two decades, they sacrificed the people’s livelihood and well-being in pursuit of a grandiose nuclear program, kept the country teetering on the brink of war, and held people hostage to an empty dream. They ignored all domestic criticism and international warnings—even"
1933385786470375785,abdullahmohtadi,2025-06-13 04:47:46.722000+00:00,مشتی جنایتکار و جنگ‌افروز که مسئولیت این جنگ و پیامدهای آن را برعهده دارند، در آتش جنگی سوختند که خود افروختند.  این‌ها همان جنایتکارانی هستند که دستشان به خون ده‌ها هزار نفر از مردم ایران هم آلوده است. این سرزمین بدون آن‌ها جای امن‌تری است.,0,0,0,https://x.com/AbdullahMohtadi/status/1933385786470375785,مشتی جنایتکار و جنگ‌افروز که مسئولیت این جنگ و پیامدهای آن را برعهده دارند، در آتش جنگی سوختند که خود افروختند.  این‌ها همان جنایتکارانی هستند که دستشان به خون ده‌ها هزار نفر از مردم ایران هم آلوده است. این سرزمین بدون آن‌ها جای امن‌تری است.,"A handful of criminals and warmongers, who are responsible for this war and its consequences, were burned in the fire of war that they ignited themselves.  These are the same criminals whose hands are stained with the blood of tens of thousands of Iranian people. This land is a safer place without them."
1932796159401091282,abdullahmohtadi,2025-06-11 13:44:48.674000+00:00,از  حبس و شکنجه‌ #مجاهد_کورکور نتیجه نگرفتند،  او را اعدام کردند. اتهام دروغین قتل  کیان ‌پیرفلک، کودک ده ساله‌ای که خودشان به‌قتل رسانده بودند را به او بستند و به‌زور شکنجه خواستند از او اعتراف بگیرند اما موفق نشدند. سرانجام در اقدامی لئیمانه مجاهد کورکور را در روز تولد کیان,0,0,0,https://x.com/AbdullahMohtadi/status/1932796159401091282,از  حبس و شکنجه‌ #مجاهد_کورکور نتیجه نگرفتند،  او را اعدام کردند. اتهام دروغین قتل  کیان ‌پیرفلک، کودک ده ساله‌ای که خودشان به‌قتل رسانده بودند را به او بستند و به‌زور شکنجه خواستند از او اعتراف بگیرند اما موفق نشدند. سرانجام در اقدامی لئیمانه مجاهد کورکور را در روز تولد کیان,"They did not get results from the imprisonment and torture of #Mujahid_Korkor, they executed him. They falsely accused him of murdering Kian Pirflek, a ten-year-old child whom they had killed, and tried to force him to confess, but they did not succeed. Finally, in a simple act, Mujahid killed Korkur on Kian's birthday"
1929583933789700270,abdullahmohtadi,2025-06-02 17:00:34.408000+00:00,"جنایتی که نباید گذاشت فراموش شود: در دادخواهی ۵۹ شهروند مهابادی
 
۴۲ سال پیش، در روز ۱۲ خرداد ۱۳۶۲، اطلاعیه‌ای از سوی فرمانداری شهر مهاباد ‌در برنامه رادیویی پخش شد. اطلاعیه از اعدام ۵۹ شهروند مهابادی به دلیل ارتباط با «احزاب ضدانقلاب» خبر‌ می‌داد. خبر تکان‌دهنده‌ای که زندگی مردم",0,0,0,https://x.com/AbdullahMohtadi/status/1929583933789700270,"جنایتی که نباید گذاشت فراموش شود: در دادخواهی ۵۹ شهروند مهابادی
 
۴۲ سال پیش، در روز ۱۲ خرداد ۱۳۶۲، اطلاعیه‌ای از سوی فرمانداری شهر مهاباد ‌در برنامه رادیویی پخش شد. اطلاعیه از اعدام ۵۹ شهروند مهابادی به دلیل ارتباط با «احزاب ضدانقلاب» خبر‌ می‌داد. خبر تکان‌دهنده‌ای که زندگی مردم","A crime that should not be forgotten: in the lawsuit of 59 citizens of Mahabadi
 
42 years ago, on June 12, 1362, an announcement from the governorate of Mahabad city was broadcast on a radio program. The announcement announced the execution of 59 Mahabad citizens due to their connection with ""counter-revolutionary parties"". Shocking news that changed people's lives"
1928608268919673053,abdullahmohtadi,2025-05-31 00:23:37.776000+00:00,"عبدالله مهتدی، دبیرکل حزب کومله کردستان ایران، در مصاحبه با نیوزویک، از آمریکا خواست با گروه‌های مختلف مخالف جمهوری اسلامی ارتباط برقرار کند تا در نتیجه تشدید فشارهای داخلی، بتوان حکومت ایران را تضعیف و در نهایت سرنگون کرد.
مهتدی گفت: «ما معتقدیم برقراری گفت‌وگوی مستقیم با اجزای",0,0,0,https://x.com/IranIntl/status/1928608268919673053,"عبدالله مهتدی، دبیرکل حزب کومله کردستان ایران، در مصاحبه با نیوزویک، از آمریکا خواست با گروه‌های مختلف مخالف جمهوری اسلامی ارتباط برقرار کند تا در نتیجه تشدید فشارهای داخلی، بتوان حکومت ایران را تضعیف و در نهایت سرنگون کرد.
مهتدی گفت: «ما معتقدیم برقراری گفت‌وگوی مستقیم با اجزای","In an interview with Newsweek, Abdullah Mehtadi, Secretary General of Kurdistan Kurdistan Party of Iran, asked the United States to communicate with various opposition groups of the Islamic Republic so that as a result of intensifying internal pressures, the Iranian government could be weakened and eventually overthrown.
""We believe in establishing a direct dialogue with the constituents,"" Mehtadi said"
1928564797550850195,abdullahmohtadi,2025-05-30 21:30:53.394000+00:00,,0,0,0,https://x.com/AbdullahMohtadi/status/1928564797550850195,,
1928563799306678621,abdullahmohtadi,2025-05-30 21:26:55.394000+00:00,"In my interview with 
@Newsweek
’s 
@ShaolinTom
, I discussed the Iranian regime’s nuclear policy, shared my vision for a future free Iran, addressed the aspirations of the Kurdish people, and explained why it is in the best interest of the United States to initiate a dialogue with",0,0,0,https://x.com/AbdullahMohtadi/status/1928563799306678621,"In my interview with 
@Newsweek
’s 
@ShaolinTom
, I discussed the Iranian regime’s nuclear policy, shared my vision for a future free Iran, addressed the aspirations of the Kurdish people, and explained why it is in the best interest of the United States to initiate a dialogue with","In my interview with 
@Newsweek
’s 
@ShaolinTom
, I discussed the Iranian regime’s nuclear policy, shared my vision for a future free Iran, addressed the aspirations of the Kurdish people, and explained why it is in the best interest of the United States to initiate a dialogue with"
1927692768819794426,abdullahmohtadi,2025-05-28 11:45:45.543000+00:00,"Truck drivers in more than 125 cities have joined the strike. In Sanandaj, Kurdistan, security forces have clashed with peaceful strikers. It’s time for the U.S. and European governments to stand in support of the strikers.
@BenWeinthal
 @LisaDaftari
 @AlirezaNader",0,0,0,https://x.com/AbdullahMohtadi/status/1927692768819794426,"Truck drivers in more than 125 cities have joined the strike. In Sanandaj, Kurdistan, security forces have clashed with peaceful strikers. It’s time for the U.S. and European governments to stand in support of the strikers.
@BenWeinthal
 @LisaDaftari
 @AlirezaNader","Truck drivers in more than 125 cities have joined the strike. In Sanandaj, Kurdistan, security forces have clashed with peaceful strikers. It’s time for the U.S. and European governments to stand in support of the strikers.
@BenWeinthal
 @LisaDaftari
 @AlirezaNader"
1926578428536324390,abdullahmohtadi,2025-05-25 09:57:46.116000+00:00,تبریک به #جعفر_پناهی برای فیلم‌هایش و انسانیتی که در هنر اوست، برای شهامت و صراحتش در مواجهه با سانسور و استبداد، و همچنین به‌خاطر پیام صمیمانه‌اش برای اتحاد در راه «آزادی، کرامت انسانی و دموکراسی».,0,0,0,https://x.com/AbdullahMohtadi/status/1926578428536324390,تبریک به #جعفر_پناهی برای فیلم‌هایش و انسانیتی که در هنر اوست، برای شهامت و صراحتش در مواجهه با سانسور و استبداد، و همچنین به‌خاطر پیام صمیمانه‌اش برای اتحاد در راه «آزادی، کرامت انسانی و دموکراسی».,"Congratulations to #Jafar_Panahi for his films and the humanity in his art, for his courage and openness in the face of censorship and tyranny, and also for his sincere message of unity in the cause of ""freedom, human dignity and democracy""."
1923434319487406386,abdullahmohtadi,2025-05-16 17:44:12.104000+00:00,"گفتگویم به‌زبان کردی با رادیو دیالوگ پیرامون کنار گذاشتن مبارزه مسلحانه از طرف پ.کا.کا، وضعیت سیاسی کردستان، اهمیت همکاری در دوره گذار، اتحاد اپوزیسیون ایران ‌و نقش کردها در آن و دیدگاه‌های حزب کومه‌له کردستان ایران. 
#زن_زندگی_آزادی",0,0,0,https://x.com/AbdullahMohtadi/status/1923434319487406386,"گفتگویم به‌زبان کردی با رادیو دیالوگ پیرامون کنار گذاشتن مبارزه مسلحانه از طرف پ.کا.کا، وضعیت سیاسی کردستان، اهمیت همکاری در دوره گذار، اتحاد اپوزیسیون ایران ‌و نقش کردها در آن و دیدگاه‌های حزب کومه‌له کردستان ایران. 
#زن_زندگی_آزادی","My conversation in Kurdish with Dialog Radio about the abandonment of the armed struggle by the PKK, the political situation in Kurdistan, the importance of cooperation in the transition period, the unity of the Iranian opposition and the role of the Kurds in it, and the views of the Iranian Kurdistan Kumle party. 
#woman_life_of_freedom"
1920082350945263623,abdullahmohtadi,2025-05-07 11:44:40.527000+00:00,"At critical juncture in US-Iran talks. While US negotiations w/ Iran focus on terminating nuclear weaponization, 
@POTUS
 said stopping Iran from building bomb is indispensable goal but 1 of 2 measures of success; objective also seeks to “counter Iran’s malign influence abroad.”",0,0,0,https://x.com/AbdullahMohtadi/status/1920082350945263623,"At critical juncture in US-Iran talks. While US negotiations w/ Iran focus on terminating nuclear weaponization, 
@POTUS
 said stopping Iran from building bomb is indispensable goal but 1 of 2 measures of success; objective also seeks to “counter Iran’s malign influence abroad.”","At critical juncture in US-Iran talks. While US negotiations w/ Iran focus on terminating nuclear weaponization, 
@POTUS
 said stopping Iran from building bomb is indispensable goal but 1 of 2 measures of success; objective also seeks to “counter Iran’s malign influence abroad.”"
1916435861459120578,abdullahmohtadi,2025-04-27 10:14:49.685000+00:00,"پیش از هر چیز به مردم بندر عباس و بویژه خانواده‌ها و بازماندگان قربانیان انفجار دلخراش در این بندر تسلیت می‌گویم و برای مصدومان و آسیب‌دیدگان‌ این حادثه آرزوی بهبود سریع دارم. گزارش‌های تاکنونی از جان باختن بیست و پنج نفر و زخمی شدن بیش از ۷۰۰ نفر حکایت می‌کنند. 

هرچند علت دقیق",0,0,0,https://x.com/AbdullahMohtadi/status/1916435861459120578,"پیش از هر چیز به مردم بندر عباس و بویژه خانواده‌ها و بازماندگان قربانیان انفجار دلخراش در این بندر تسلیت می‌گویم و برای مصدومان و آسیب‌دیدگان‌ این حادثه آرزوی بهبود سریع دارم. گزارش‌های تاکنونی از جان باختن بیست و پنج نفر و زخمی شدن بیش از ۷۰۰ نفر حکایت می‌کنند. 

هرچند علت دقیق","First of all, I offer my condolences to the people of Bandar Abbas, especially the families and survivors of the heartbreaking explosion in this port, and I wish a speedy recovery for the injured and the victims of this incident. Reports so far say that 25 people died and more than 700 people were injured. 

Although the exact cause"
1916134690735415449,abdullahmohtadi,2025-04-26 14:18:04.989000+00:00,"ما و «مذاکرات اتمی»  

ما مردم کرد، و در حقیقت تمام مردم ایران، با آمریکا دشمنی نداریم، ما نبودیم که‌ ایالات متحده را شیطان بزرگ نامیده، سفارتش را اشغال ‌‌و پرچمش را لگدمال کرده و برایش مرگ آرزو کردیم. 

ما نبودیم که برنامه نالازم، پرخرج و ماجراجویانه اتمی را، علیرغم درخواست‌ها و",0,0,0,https://x.com/AbdullahMohtadi/status/1916134690735415449,"ما و «مذاکرات اتمی»  

ما مردم کرد، و در حقیقت تمام مردم ایران، با آمریکا دشمنی نداریم، ما نبودیم که‌ ایالات متحده را شیطان بزرگ نامیده، سفارتش را اشغال ‌‌و پرچمش را لگدمال کرده و برایش مرگ آرزو کردیم. 

ما نبودیم که برنامه نالازم، پرخرج و ماجراجویانه اتمی را، علیرغم درخواست‌ها و","We and ""nuclear negotiations""  

We, the Kurdish people, and in fact all the people of Iran, do not have an enemy with America, we were not the ones who called the United States the great devil, occupied its embassy, trampled its flag, and wished it dead. 

We were not the ones who made the unnecessary, costly and adventurous atomic program, despite the requests and"
1911903999181164571,abdullahmohtadi,2025-04-14 22:06:49.520000+00:00,"I thank Congressman Wilson - a long time friend of the Kurds - for introducing bipartisan legislation in support of the Iranian people, including Kurds, who seek freedom and democracy in a new Iran.
The Kurds of Iran are friends of the United States.",0,0,0,https://x.com/AbdullahMohtadi/status/1911903999181164571,"I thank Congressman Wilson - a long time friend of the Kurds - for introducing bipartisan legislation in support of the Iranian people, including Kurds, who seek freedom and democracy in a new Iran.
The Kurds of Iran are friends of the United States.","I thank Congressman Wilson - a long time friend of the Kurds - for introducing bipartisan legislation in support of the Iranian people, including Kurds, who seek freedom and democracy in a new Iran.
The Kurds of Iran are friends of the United States."
1904629218295898128,abdullahmohtadi,2025-03-25 20:19:26.598000+00:00,ترجمه فارسی گفتگویم با نشریه فرانسوی آتلانتیکو. در این مصاحبه که‌چند هفته‌ قبل انجام شد، من در مورد وضعیت بحرانی ج.ا، برنامه اتمی آن،وضعیت اپوزیسیون٫و خواست‌های کردها صحبت کرده‌ام.,0,0,0,https://x.com/AbdullahMohtadi/status/1904629218295898128,ترجمه فارسی گفتگویم با نشریه فرانسوی آتلانتیکو. در این مصاحبه که‌چند هفته‌ قبل انجام شد، من در مورد وضعیت بحرانی ج.ا، برنامه اتمی آن،وضعیت اپوزیسیون٫و خواست‌های کردها صحبت کرده‌ام.,"Farsi translation of my conversation with the French publication Atlantico. In this interview, which was conducted a few weeks ago, I have talked about the critical situation of J.A., its nuclear program, the situation of the opposition, and the demands of the Kurds."
1904629222636658775,abdullahmohtadi,2025-03-25 20:19:27.633000+00:00,"عبدالله مهتدی: «شمارش معکوس برای جمهوری اسلامی ایران آغاز شده است»
 
امانوئل رضوی: وضعیت جنبش اعتراضی در ایران چگونه است؟

عبدالله مهتدی: از ده سال گذشته، ایران صحنه‌ی جنبش‌های اعتراضی گسترده‌ای بوده است که هر دو یا سه سال یکبار رخ می‌دهند و سراسر کشور را فرا می‌گیرند. سال‌های",0,0,0,https://x.com/AbdullahMohtadi/status/1904629222636658775,"عبدالله مهتدی: «شمارش معکوس برای جمهوری اسلامی ایران آغاز شده است»
 
امانوئل رضوی: وضعیت جنبش اعتراضی در ایران چگونه است؟

عبدالله مهتدی: از ده سال گذشته، ایران صحنه‌ی جنبش‌های اعتراضی گسترده‌ای بوده است که هر دو یا سه سال یکبار رخ می‌دهند و سراسر کشور را فرا می‌گیرند. سال‌های","Abdullah Mehtadi: ""The countdown to the Islamic Republic of Iran has begun""
 
Emanuel Razavi: What is the situation of the protest movement in Iran?

Abdullah Mehtadi: For the past ten years, Iran has been the scene of massive protest movements that occur every two or three years and cover the entire country. years"
1904629226197725660,abdullahmohtadi,2025-03-25 20:19:28.482000+00:00,"مطالبات شما برای کردستان ایران در سال ۲۰۲۵ چیست؟ آیا خواستار یک استان خودمختار هستید یا کردستانی مستقل؟

کردها با جمعیتی بیش از ده میلیون نفر سومین گروه قومی بزرگ در ایران هستند. اما تأثیر سیاسی آن‌ها در جامعه‌ی ایران فراتر از تعدادشان است. کردها ثابت کرده‌اند که می‌توانند پیشگام",0,0,0,https://x.com/AbdullahMohtadi/status/1904629226197725660,"مطالبات شما برای کردستان ایران در سال ۲۰۲۵ چیست؟ آیا خواستار یک استان خودمختار هستید یا کردستانی مستقل؟

کردها با جمعیتی بیش از ده میلیون نفر سومین گروه قومی بزرگ در ایران هستند. اما تأثیر سیاسی آن‌ها در جامعه‌ی ایران فراتر از تعدادشان است. کردها ثابت کرده‌اند که می‌توانند پیشگام","What are your demands for Iranian Kurdistan in 2025? Do you want an autonomous province or an independent Kurdistan?

Kurds are the third largest ethnic group in Iran with a population of over ten million people. But their political influence in Iranian society is beyond their numbers. The Kurds have proven that they can pioneer"
1903893282247397379,abdullahmohtadi,2025-03-23 19:35:05.771000+00:00,"اطلاعیه‌حزب کومه‌له کردستان ایران‌ در مورد حوادث ارومیه

دیروز متأسفانه شهر ارومیه صحنه‌ تجمع افرا‌ط‌گرایانه‌ای شد که می‌تواند امنیت و آسایش مردم و دوستی و زندگی مشترک کردها و ترک‌ها را مورد تهدید قرار دهد. این‌تجمع که بدون شک‌ با تحریک و اعمال نفوذ و همچنین با میدان‌داری آشکار",0,0,0,https://x.com/AbdullahMohtadi/status/1903893282247397379,"اطلاعیه‌حزب کومه‌له کردستان ایران‌ در مورد حوادث ارومیه

دیروز متأسفانه شهر ارومیه صحنه‌ تجمع افرا‌ط‌گرایانه‌ای شد که می‌تواند امنیت و آسایش مردم و دوستی و زندگی مشترک کردها و ترک‌ها را مورد تهدید قرار دهد. این‌تجمع که بدون شک‌ با تحریک و اعمال نفوذ و همچنین با میدان‌داری آشکار","Announcement of Kurdistan Komhle party of Iran regarding the incidents in Urmia

Yesterday, unfortunately, the city of Urmia became the scene of an extremist gathering that can threaten the security and comfort of the people and the friendship and coexistence of Kurds and Turks. This gathering, without a doubt, with incitement and influence, as well as with open fielding"
1902430372828262469,abdullahmohtadi,2025-03-19 18:42:00.986000+00:00,"پەیامی نەورۆز بە خەڵکی کوردستان
#ژن_ژیان_ئازادی 
پیام نوروزی من بە مردم کردستان
(بە زبان کردی)
#زن_زندگی_آزادی",0,0,0,https://x.com/AbdullahMohtadi/status/1902430372828262469,"پەیامی نەورۆز بە خەڵکی کوردستان
#ژن_ژیان_ئازادی 
پیام نوروزی من بە مردم کردستان
(بە زبان کردی)
#زن_زندگی_آزادی","Newroz Message to the Kurdistan People
#Women_Life_Freedom 
My Newroz message is Kurdistan
(in Kurdish)
#Woman_Life_Freedom"
1901734528806527446,abdullahmohtadi,2025-03-17 20:36:58.843000+00:00,"سخنان‌ من در سمینار «پیامدها و کارنامه ۴۵ سال انقلاب اسلامی در ایران»، اول مارس در دانشگاه سوربون در پاریس. این‌ سمینار سه روزه به‌همت «انجمن پژوهشگران ایران» با همکاری دانشگاه سوربون برگزار شد. 
#زن_زندگی_آزادی",0,0,0,https://x.com/AbdullahMohtadi/status/1901734528806527446,"سخنان‌ من در سمینار «پیامدها و کارنامه ۴۵ سال انقلاب اسلامی در ایران»، اول مارس در دانشگاه سوربون در پاریس. این‌ سمینار سه روزه به‌همت «انجمن پژوهشگران ایران» با همکاری دانشگاه سوربون برگزار شد. 
#زن_زندگی_آزادی","My words at the seminar ""Consequences and Record of 45 Years of Islamic Revolution in Iran"", March 1st at Sorbonne University in Paris. This three-day seminar was organized by ""Association of Iranian Researchers"" in cooperation with Sorbonne University. 
#woman_life_of_freedom"
1899166336816726198,abdullahmohtadi,2025-03-10 18:31:54.158000+00:00,"فرصتی طلایی برای ایرانی صلح‌طلب و دموکراتیک نوشته‌ی عبدالله مهتدی 
مقاله‌ای اختصاصی برای STARS AND STIPES ۶ مارس ۲۰۲۵
(ترجمه فارسی)
 دولت جدید ایالات متحده بار دیگر سیاست فشار حداکثری را علیه ایران اعمال می‌کند. این در حالی است که رژیم فاسد و ناکارآمد تهران با بزرگ‌ترین چالش",0,0,0,https://x.com/AbdullahMohtadi/status/1899166336816726198,"فرصتی طلایی برای ایرانی صلح‌طلب و دموکراتیک نوشته‌ی عبدالله مهتدی 
مقاله‌ای اختصاصی برای STARS AND STIPES ۶ مارس ۲۰۲۵
(ترجمه فارسی)
 دولت جدید ایالات متحده بار دیگر سیاست فشار حداکثری را علیه ایران اعمال می‌کند. این در حالی است که رژیم فاسد و ناکارآمد تهران با بزرگ‌ترین چالش","A golden opportunity for a peaceful and democratic Iranian written by Abdullah Mehtadi 
An exclusive article for STARS AND STIPES March 6, 2025
(Persian translation)
 The new US government once again applies the policy of maximum pressure against Iran. Meanwhile, Tehran's corrupt and inefficient regime is the biggest challenge"
1899166341052920242,abdullahmohtadi,2025-03-10 18:31:55.168000+00:00,چنین آینده‌ای برای ایران در حد یک رؤیا نیست – بلکه کاملاً امکان‌پذیر است. ایالات متحده فرصتی بی‌نظیر دارد تا در سمت درست تاریخ بایستد. حمایت از آرمان‌های دموکراتیک مردم ایران نه‌تنها با ارزش‌های آمریکایی سازگار است، بلکه با منافع راهبردی آن نیز همخوانی دارد. اکنون زمان فرا رسیده,0,0,0,https://x.com/AbdullahMohtadi/status/1899166341052920242,چنین آینده‌ای برای ایران در حد یک رؤیا نیست – بلکه کاملاً امکان‌پذیر است. ایالات متحده فرصتی بی‌نظیر دارد تا در سمت درست تاریخ بایستد. حمایت از آرمان‌های دموکراتیک مردم ایران نه‌تنها با ارزش‌های آمریکایی سازگار است، بلکه با منافع راهبردی آن نیز همخوانی دارد. اکنون زمان فرا رسیده,"Such a future for Iran is not just a dream - it is quite possible. The United States has a unique opportunity to stand on the right side of history. Supporting the democratic ideals of the Iranian people is not only compatible with American values, but also with its strategic interests. Now is the time"
1898438904232935779,abdullahmohtadi,2025-03-08 18:21:20.715000+00:00,"هشت‌ مارس، روز جهانی زن ، بر همه فعالان و‌ دوستداران  جنبش #زن_زندگی_آزادی گرامی باد! 
#ژن_ژیان_ئازادی",0,0,0,https://x.com/AbdullahMohtadi/status/1898438904232935779,"هشت‌ مارس، روز جهانی زن ، بر همه فعالان و‌ دوستداران  جنبش #زن_زندگی_آزادی گرامی باد! 
#ژن_ژیان_ئازادی","May 8th of March, International Women's Day, be honored to all the activists and lovers of the #women_life_freedom movement! 
#Jen_Zhian_Ezadi"
1898116383109513580,abdullahmohtadi,2025-03-07 20:59:45.687000+00:00,"My op-ed in the American newspaper Stars and Stripes
stripes.com/theaters/middl
…",0,0,0,https://x.com/AbdullahMohtadi/status/1898116383109513580,"My op-ed in the American newspaper Stars and Stripes
stripes.com/theaters/middl
…","My op-ed in the American newspaper Stars and Stripes
stripes.com/theaters/middl
…"
1897381137443352986,abdullahmohtadi,2025-03-05 20:18:09.460000+00:00,پیام ‌آقای عبدالله اوجالان، رهبر حزب کارگران کردستان (پ.کا.کا)، در مورد انحلال این حزب، کنار گذاشتن اسلحه و در پیش گرفتن راه فعالیت قانونی و‌ مسالمت‌آمیز، با استقبال گسترده مردم کرد در خود ترکیه و نیز احزاب و گروه‌های مختلف کرد در کشورهای همسایه و همچنین محافل سیاسی و دولت‌های,0,0,0,https://x.com/AbdullahMohtadi/status/1897381137443352986,پیام ‌آقای عبدالله اوجالان، رهبر حزب کارگران کردستان (پ.کا.کا)، در مورد انحلال این حزب، کنار گذاشتن اسلحه و در پیش گرفتن راه فعالیت قانونی و‌ مسالمت‌آمیز، با استقبال گسترده مردم کرد در خود ترکیه و نیز احزاب و گروه‌های مختلف کرد در کشورهای همسایه و همچنین محافل سیاسی و دولت‌های,"The message of Mr. Abdullah Ocalan, the leader of the Kurdistan Workers' Party (PKK), regarding the dissolution of this party, laying down arms and taking the path of legal and peaceful activity, was widely welcomed by the Kurdish people in Turkey itself, as well as various Kurdish parties and groups in neighboring countries, as well as political circles and governments."
1895756706266632233,abdullahmohtadi,2025-03-01 08:43:14.887000+00:00,"کوه‌های کردستان پیکر شش فرزند خود را در سینه جای دادند. 

دیروز، جمعه دهم اسفند ماه، شش نفر از کوه‌نوردان عضو «انجمن سبز پاژین» که از فتح بلندترین قله در کوهستان‌های بانه بازمی‌گشتند، متأسفانه دچار حادثه ریزش بهمن شده و جان باختند. 

کوه‌های سرکش و رام‌نشدنی کردستان که برای سده",0,0,0,https://x.com/AbdullahMohtadi/status/1895756706266632233,"کوه‌های کردستان پیکر شش فرزند خود را در سینه جای دادند. 

دیروز، جمعه دهم اسفند ماه، شش نفر از کوه‌نوردان عضو «انجمن سبز پاژین» که از فتح بلندترین قله در کوهستان‌های بانه بازمی‌گشتند، متأسفانه دچار حادثه ریزش بهمن شده و جان باختند. 

کوه‌های سرکش و رام‌نشدنی کردستان که برای سده","The mountains of Kurdistan placed the bodies of their six children in their chests. 

Yesterday, Friday, the 10th of March, six mountain climbers who were members of ""Pajin Green Association"" who were returning from conquering the highest peak in the Baneh mountains, unfortunately fell into an avalanche and died. 

The unruly and untamable mountains of Kurdistan for centuries"
1892567261275377808,abdullahmohtadi,2025-02-20 13:29:31.944000+00:00,"International Mother Language Day, 21 February, is a significant occasion that highlights the fundamental human right to linguistic and cultural identity. For Kurds, as well as other non-Persian speakers in Iran, the recognition and preservation of their native languages remain a",0,0,0,https://x.com/AbdullahMohtadi/status/1892567261275377808,"International Mother Language Day, 21 February, is a significant occasion that highlights the fundamental human right to linguistic and cultural identity. For Kurds, as well as other non-Persian speakers in Iran, the recognition and preservation of their native languages remain a","International Mother Language Day, 21 February, is a significant occasion that highlights the fundamental human right to linguistic and cultural identity. For Kurds, as well as other non-Persian speakers in Iran, the recognition and preservation of their native languages remain a"
1890768183839150151,abdullahmohtadi,2025-02-15 14:20:38.458000+00:00,"پشتیبانی از جنبش‌های اعتراضی وظیفه همه ماست

تجمعات دانشجویان‌ دانشگاه تهران در اعتراض به قتل امیر‌محمد خالقی، تظاهرات مردم شجاع دهدشت در کهگیلویه و‌‌ بویراحمد و تجمع اعتراضی در مقابل دانشگاه تهران در سالگرد حصر رهبران جنبش سبز و نیز طنین‌انداز شدن‌ مجدد شعار مرگ بر دیکتاتور در",0,0,0,https://x.com/AbdullahMohtadi/status/1890768183839150151,"پشتیبانی از جنبش‌های اعتراضی وظیفه همه ماست

تجمعات دانشجویان‌ دانشگاه تهران در اعتراض به قتل امیر‌محمد خالقی، تظاهرات مردم شجاع دهدشت در کهگیلویه و‌‌ بویراحمد و تجمع اعتراضی در مقابل دانشگاه تهران در سالگرد حصر رهبران جنبش سبز و نیز طنین‌انداز شدن‌ مجدد شعار مرگ بر دیکتاتور در","Supporting protest movements is the duty of all of us

The gatherings of Tehran University students protesting the murder of Amir Mohammad Khaleghi, the demonstrations of the brave people of Dehdasht in Kohgiluyeh and Boyer Ahmad, and the protest gathering in front of Tehran University on the anniversary of the arrest of the leaders of the Green Movement, and the resounding of the slogan of death to the dictator in"
1882188845195968594,abdullahmohtadi,2025-01-22 22:09:24.729000+00:00,"گفتگویم با گلاره هان در برنامه خبر کانال ایران اینترنشنال پیرامون ارزیابی از اعتصاب عمومی موفق امروز کردستان، علل، نتائج و درس‌های آن
#زن_زندگی_آزادی",0,0,0,https://x.com/AbdullahMohtadi/status/1882188845195968594,"گفتگویم با گلاره هان در برنامه خبر کانال ایران اینترنشنال پیرامون ارزیابی از اعتصاب عمومی موفق امروز کردستان، علل، نتائج و درس‌های آن
#زن_زندگی_آزادی","My conversation with Golare Han in the Iran International channel news program about the evaluation of today's successful general strike in Kurdistan, its causes, results and lessons.
#woman_life_of_freedom"
1882060773880472021,abdullahmohtadi,2025-01-22 13:40:30.148000+00:00,"کردستان این بار هم‌ موفق و سربلند بیرون آمد

فراخوان اعتصاب عمومی امروز، چهارشنبه سوم بهمن ماه در کردستان، که از طرف احزاب سیاسی کرد در اعتراض به صدور احکام اعدام برای زندانیان سیاسی اعلام شده بود، با موفقیت چشمگیری پیش رفت و علیرغم تهدیدها ‌و پلمب کردن و علامت‌گذاری‌ مغازه‌ها‌‌،",0,0,0,https://x.com/AbdullahMohtadi/status/1882060773880472021,"کردستان این بار هم‌ موفق و سربلند بیرون آمد

فراخوان اعتصاب عمومی امروز، چهارشنبه سوم بهمن ماه در کردستان، که از طرف احزاب سیاسی کرد در اعتراض به صدور احکام اعدام برای زندانیان سیاسی اعلام شده بود، با موفقیت چشمگیری پیش رفت و علیرغم تهدیدها ‌و پلمب کردن و علامت‌گذاری‌ مغازه‌ها‌‌،","Kurdistan came out successful and proud this time

The call for a general strike today, the third Wednesday of Bahman in Kurdistan, which was announced by the Kurdish political parties in protest against the issuing of death sentences for political prisoners, went ahead with significant success, and despite the threats and the sealing and marking of shops,"
1878852674172625347,abdullahmohtadi,2025-01-13 17:12:39.574000+00:00,"«بریتانیا و اروپا ازاین‌ پس خواستار تسویه حساب با رژیم ایران هستند.»

گفتگویم با ناصر اعتمادی در برنامه چشم‌انداز امروز از کانال رادیو فرانسه.",0,0,0,https://x.com/AbdullahMohtadi/status/1878852674172625347,"«بریتانیا و اروپا ازاین‌ پس خواستار تسویه حساب با رژیم ایران هستند.»

گفتگویم با ناصر اعتمادی در برنامه چشم‌انداز امروز از کانال رادیو فرانسه.","""Britain and Europe are now demanding a settlement with the Iranian regime.""

My conversation with Nasser Etemadi in the Today's Vision program on the French Radio channel."
1877461759197589529,abdullahmohtadi,2025-01-09 21:05:39.602000+00:00,"اعدام‌ها را متوقف کنید!

حکومتی که در همه زمینه‌ها شکست خورده و باخته، هیچ دستگاه و اداره‌اش درست کار نمی‌کند و فریاد استیصال خودش هم‌ به‌هوا بلند شده، تلافی‌اش را از جوانانمان می‌گیرد و بی‌وقفه حکم‌های اعدام صادر می‌کند. از فعالان جنبش زن، زندگی، آزادی انتقام می‌گیرد و می‌خواهد",0,0,0,https://x.com/AbdullahMohtadi/status/1877461759197589529,"اعدام‌ها را متوقف کنید!

حکومتی که در همه زمینه‌ها شکست خورده و باخته، هیچ دستگاه و اداره‌اش درست کار نمی‌کند و فریاد استیصال خودش هم‌ به‌هوا بلند شده، تلافی‌اش را از جوانانمان می‌گیرد و بی‌وقفه حکم‌های اعدام صادر می‌کند. از فعالان جنبش زن، زندگی، آزادی انتقام می‌گیرد و می‌خواهد","Stop the executions!

A government that has failed and lost in all fields, none of its institutions and offices work properly, and its own cry of desperation has been raised in the air, it takes its revenge from our youth and issues death sentences incessantly. He takes revenge and demands revenge on the activists of the women, life, freedom movement"
1877092241862209932,abdullahmohtadi,2025-01-08 20:37:19.804000+00:00,"پنج سال از شلیک موشکی سپاه پاسداران به #هواپیمای_اوکراینی  گذشت. جنایتی کم‌نظیر حتی با استانداردهای جمهوری اسلامی. روزی برای ادای احترام، پشتیبانی و تجدید‌‌‌ عهد با جنبش #دادخواهی. 
#IRGCterrorists",0,0,0,https://x.com/AbdullahMohtadi/status/1877092241862209932,"پنج سال از شلیک موشکی سپاه پاسداران به #هواپیمای_اوکراینی  گذشت. جنایتی کم‌نظیر حتی با استانداردهای جمهوری اسلامی. روزی برای ادای احترام، پشتیبانی و تجدید‌‌‌ عهد با جنبش #دادخواهی. 
#IRGCterrorists","Five years have passed since the IRGC fired a missile at the #Ukrainian_plane. A rare crime even by the standards of the Islamic Republic. A day to pay tribute, support and renew the covenant with the #lawsuit movement. 
#IRGCterrorists"
1875621366659219633,abdullahmohtadi,2025-01-04 19:12:35.828000+00:00,گفتگویم با خانم‌رکسانا خیرکار در برنامه خبر کانال ایران اینترنشنال. تلاش‌های جمهوری اسلامی برای تحریک یک جنگ‌ داخلی دیگر در سوریه، جلوگیری از برقراری روابط بین‌ بغداد و دمشق‌‌‌، و‌ اهرم فشارهائی که در اختیار دارد.,0,0,0,https://x.com/AbdullahMohtadi/status/1875621366659219633,گفتگویم با خانم‌رکسانا خیرکار در برنامه خبر کانال ایران اینترنشنال. تلاش‌های جمهوری اسلامی برای تحریک یک جنگ‌ داخلی دیگر در سوریه، جلوگیری از برقراری روابط بین‌ بغداد و دمشق‌‌‌، و‌ اهرم فشارهائی که در اختیار دارد.,"My conversation with Ms. Roksana Khairkar in the news program of Iran International channel. The efforts of the Islamic Republic to provoke another civil war in Syria, to prevent the establishment of relations between Baghdad and Damascus, and the leverage of pressure that it has."
1875275263858122892,abdullahmohtadi,2025-01-03 20:17:18.490000+00:00,"کاکە سارۆ، وادەی ئەو کۆچە نەبوو

زۆر بەداخەوەم بۆ مەرگی نابەوەخت و دڵتەزێنی لاوی تێکۆشەر و هونەرمەندی هەڵکەوتوو، سارۆ سوزەنی.

سارۆ هەم هونەرمەندێکی خاوەن بەهرە و خاوەن داهاتوو بوو، هەم شۆڕشگێڕێکی نیشتمانپەروەر و کۆڵنەدر. ئەو سیمای ناسراوی شۆڕشی ژن، ژیان، ئازادی و خۆشەویستی نەسلی",0,0,0,https://x.com/AbdullahMohtadi/status/1875275263858122892,"کاکە سارۆ، وادەی ئەو کۆچە نەبوو

زۆر بەداخەوەم بۆ مەرگی نابەوەخت و دڵتەزێنی لاوی تێکۆشەر و هونەرمەندی هەڵکەوتوو، سارۆ سوزەنی.

سارۆ هەم هونەرمەندێکی خاوەن بەهرە و خاوەن داهاتوو بوو، هەم شۆڕشگێڕێکی نیشتمانپەروەر و کۆڵنەدر. ئەو سیمای ناسراوی شۆڕشی ژن، ژیان، ئازادی و خۆشەویستی نەسلی","Mr. Saro, there was no date for that migration

I am deeply saddened by the untimely and tragic death of a young struggling and outstanding artist, Saro Suzani.

Saro was both a talented artist with a future and a patriotic and tireless revolutionary. She is the well-known figure of the women's revolution, life, freedom and national love"
1869494360900821409,abdullahmohtadi,2024-12-18 21:26:03.821000+00:00,"پرواز یکی از خوب‌ترین رندان جهان

متاسفانه امروز مبارز کهنسال و ثابت‌قدم‌ آزادی، قهرمان مقاومت در زندان‌های جمهوری اسلامی که سخت‌ترین شکنجه‌ها را سرفرازانه تاب آورد، دوست راستین و مدافع جنبش  کردستان، همراه دلسوز و با وفا، محسن خاتمی پس از جدالی طولانی با بیماری سرطان از میان ما",0,0,0,https://x.com/AbdullahMohtadi/status/1869494360900821409,"پرواز یکی از خوب‌ترین رندان جهان

متاسفانه امروز مبارز کهنسال و ثابت‌قدم‌ آزادی، قهرمان مقاومت در زندان‌های جمهوری اسلامی که سخت‌ترین شکنجه‌ها را سرفرازانه تاب آورد، دوست راستین و مدافع جنبش  کردستان، همراه دلسوز و با وفا، محسن خاتمی پس از جدالی طولانی با بیماری سرطان از میان ما","Flight of one of the best drivers in the world

Unfortunately, today the old and steadfast freedom fighter, the hero of the resistance in the prisons of the Islamic Republic, who proudly endured the most severe tortures, the true friend and defender of the Kurdistan movement, a sympathetic and faithful companion, Mohsen Khatami, passed away after a long battle with cancer."
1868370406240825856,abdullahmohtadi,2024-12-15 18:59:52.148000+00:00,"در یک تشییع جنازه بزرگ‌ و باشکوه، مردم سنندج‌ با راه‌پیمائی و سرود به مادر سه جانباخته کومه‌له ادای احترام کردند.

دیشب دایه فراست جعفر قشلاقی، مادر سه خواهر جانباخته عضو کومه‌له: نسرین، پروین و پرشنگ رستم‌گرجی، در زادگاهش سنندج  جان سپرد. 

امروز جمع کثیری از مردم شهر برای ادای",0,0,0,https://x.com/AbdullahMohtadi/status/1868370406240825856,"در یک تشییع جنازه بزرگ‌ و باشکوه، مردم سنندج‌ با راه‌پیمائی و سرود به مادر سه جانباخته کومه‌له ادای احترام کردند.

دیشب دایه فراست جعفر قشلاقی، مادر سه خواهر جانباخته عضو کومه‌له: نسرین، پروین و پرشنگ رستم‌گرجی، در زادگاهش سنندج  جان سپرد. 

امروز جمع کثیری از مردم شهر برای ادای","In a grand and magnificent funeral, the people of Sanandaj paid their respects to Kumhale's mother, who was killed three times, by marching and singing.

Last night Daye Frost Jafar Qashlaghi, the mother of three deceased sisters of Komele: Nasreen, Parveen and Parshang Rostamgarji, died in her hometown of Sanandaj. 

Today, a large number of people from the city gathered to pay their respects"
1868009930050908294,abdullahmohtadi,2024-12-14 19:07:27.927000+00:00,"بیانیه‌ سیاسی کُنگره‌ شانزدهم حزب کومه‌له کُردستان ایران

(مقدمه و دو‌ماده مربوط به اتحاد سیاسی)

کُنگره‌ شانزدهم حزب کومه‌له کُردستان ایران، به ‌دنبال ماه‌ها تدارک سیاسی و تشکیلاتی و برگزاری جلسات و سمینارهای مقدماتی متعدد، نشست دو روزه‌ خود را با موفقیت به پایان رساند.

کُنگره",0,0,0,https://x.com/AbdullahMohtadi/status/1868009930050908294,"بیانیه‌ سیاسی کُنگره‌ شانزدهم حزب کومه‌له کُردستان ایران

(مقدمه و دو‌ماده مربوط به اتحاد سیاسی)

کُنگره‌ شانزدهم حزب کومه‌له کُردستان ایران، به ‌دنبال ماه‌ها تدارک سیاسی و تشکیلاتی و برگزاری جلسات و سمینارهای مقدماتی متعدد، نشست دو روزه‌ خود را با موفقیت به پایان رساند.

کُنگره","The political statement of the 16th Congress of Kumhle Party of Iranian Kurdistan

(Introduction and two articles related to political unity)

The 16th Congress of the Kurdistan Komhle Party of Iran, following months of political and organizational preparations and holding numerous preliminary meetings and seminars, successfully concluded its two-day meeting.

the congress"
1865705580133855647,abdullahmohtadi,2024-12-08 10:30:48.094000+00:00,"‌سقوط #بشار_الأسد، دیکتاتور جلاد و متحد نزدیک رژیم ایران را به مردم‌ #سوریه تبریک می‌گویم. به امید روزی که فروپاشی رژیم دیکتاتوری جمهوری اسلامی را در ایران جشن بگیریم. 
#زن_زندگی_آزادی",0,0,0,https://x.com/AbdullahMohtadi/status/1865705580133855647,"‌سقوط #بشار_الأسد، دیکتاتور جلاد و متحد نزدیک رژیم ایران را به مردم‌ #سوریه تبریک می‌گویم. به امید روزی که فروپاشی رژیم دیکتاتوری جمهوری اسلامی را در ایران جشن بگیریم. 
#زن_زندگی_آزادی","I congratulate the people of #Syria on the fall of #Bashar_Assad, the executioner dictator and a close ally of the Iranian regime. Hoping for the day when we celebrate the collapse of the dictatorial regime of the Islamic Republic in Iran. 
#woman_life_of_freedom"
1865060083312251372,abdullahmohtadi,2024-12-06 15:45:49.659000+00:00,"گفتگویم‌با ناصر اعتمادی در رادیو فرانسه. 

شکستهای پی‌در‌پی رژیم اسد یک باخت راهبردی برای جمهوری اسلامی است که دیر یا زود در پهنه داخلی خود ایران نیز بازتاب خواهد یافت. 

#زن_زندگی_آزادی",0,0,0,https://x.com/AbdullahMohtadi/status/1865060083312251372,"گفتگویم‌با ناصر اعتمادی در رادیو فرانسه. 

شکستهای پی‌در‌پی رژیم اسد یک باخت راهبردی برای جمهوری اسلامی است که دیر یا زود در پهنه داخلی خود ایران نیز بازتاب خواهد یافت. 

#زن_زندگی_آزادی","My conversation with Nasser Etamadi on French radio. 

The successive defeats of the Assad regime is a strategic loss for the Islamic Republic, which sooner or later will be reflected in Iran's internal zone as well. 

#woman_life_of_freedom"
1864409547240296560,abdullahmohtadi,2024-12-04 20:40:49.773000+00:00,"حضورم در برنامه چشم‌انداز کانال ایران اینترنشنال در بحث‌ پیرامون سیاست دولت ترامپ‌‌ در قبال تغییر رژیم‌. 

سیاست خاورمیانه‌ای ضعیف ‌ و نادرست اوباما راه را برای گسترش جهش‌وار نیابتی‌های ج.ا. باز کرد، ادامه سیاست مماشات در دوره بایدن هم‌ نتیجه نداد. اما بر سر کار آمدن ترامپ،",0,0,0,https://x.com/AbdullahMohtadi/status/1864409547240296560,"حضورم در برنامه چشم‌انداز کانال ایران اینترنشنال در بحث‌ پیرامون سیاست دولت ترامپ‌‌ در قبال تغییر رژیم‌. 

سیاست خاورمیانه‌ای ضعیف ‌ و نادرست اوباما راه را برای گسترش جهش‌وار نیابتی‌های ج.ا. باز کرد، ادامه سیاست مماشات در دوره بایدن هم‌ نتیجه نداد. اما بر سر کار آمدن ترامپ،","My presence in Iran International Channel's vision program in the discussion about the Trump administration's policy towards regime change. 

Obama's weak and incorrect Middle East policy paves the way for the rapid expansion of J.A.'s proxies. opened, the continuation of the appeasement policy during the Biden period did not work either. But after Trump came to office,"
1858168414881075633,abdullahmohtadi,2024-11-17 15:20:47.864000+00:00,جەژنی خاوەنکار، جەژنی خۆڕاگری و ڕزگاری، لە هەموو  پەیڕەوانی ئایینی یاری پیرۆز بێت. بەهیوای دواڕۆژێکی بەدوور لە هەڵاواردن و ستەمکاری و پڕ لە ڕێز و تەبایی بۆ هەموان. کوردستانی داهاتوو، وەکوو هەموو کۆمەڵگایەکی ئازاد و پێشکەوتوو، باوەشی ڕێز و خۆشەویستی بۆ گشت پێکهاتەکانی دەکاتەوە.,0,0,0,https://x.com/AbdullahMohtadi/status/1858168414881075633,جەژنی خاوەنکار، جەژنی خۆڕاگری و ڕزگاری، لە هەموو  پەیڕەوانی ئایینی یاری پیرۆز بێت. بەهیوای دواڕۆژێکی بەدوور لە هەڵاواردن و ستەمکاری و پڕ لە ڕێز و تەبایی بۆ هەموان. کوردستانی داهاتوو، وەکوو هەموو کۆمەڵگایەکی ئازاد و پێشکەوتوو، باوەشی ڕێز و خۆشەویستی بۆ گشت پێکهاتەکانی دەکاتەوە.,"Happy Employer's Day, the feast of perseverance and salvation, to all followers of the Yar religion. I wish a future free from discrimination and oppression and full of respect and unity for all. The future Kurdistan, like any free and developed society, will embrace respect and love for all its communities."
1857171334284914886,abdullahmohtadi,2024-11-14 21:18:45.325000+00:00,زنده‌یاد #كيانوش_سنجرى را سال‌ها‌ قبل ‌شناختم. بار اول که از ایران خارج شد، چند‌ ماهی مهمان ما بود. پعدها هم چندین بار در نشست‌های سیاسی مختلف با هم حضور داشتیم. او را شخصیتی همواره مؤدب و مستدل و مسالمت‌جو یافتم. با همه با احترام رفتار می‌کرد و هیچ خشونتی در کلام نداشت. دغدغه‌اش,0,0,0,https://x.com/AbdullahMohtadi/status/1857171334284914886,زنده‌یاد #كيانوش_سنجرى را سال‌ها‌ قبل ‌شناختم. بار اول که از ایران خارج شد، چند‌ ماهی مهمان ما بود. پعدها هم چندین بار در نشست‌های سیاسی مختلف با هم حضور داشتیم. او را شخصیتی همواره مؤدب و مستدل و مسالمت‌جو یافتم. با همه با احترام رفتار می‌کرد و هیچ خشونتی در کلام نداشت. دغدغه‌اش,"I knew Zinda Yad #Kianush_Sanjari many years ago. The first time he left Iran, he was our guest for a few months. In the past, we attended several political meetings together. I found him to be always polite, reasoned and peaceful. He treated everyone with respect and had no violence in his words. his concern"
1854197684195779040,abdullahmohtadi,2024-11-06 16:22:31.896000+00:00,"I extend my warmest congratulations to 
@realDonaldTrump
 on his victory in the U.S. presidential election.

I am hopeful that the friendly relations between the U.S. government and the Kurdish community in Iran will strengthen, and we look forward to his support in the fight",0,0,0,https://x.com/AbdullahMohtadi/status/1854197684195779040,"I extend my warmest congratulations to 
@realDonaldTrump
 on his victory in the U.S. presidential election.

I am hopeful that the friendly relations between the U.S. government and the Kurdish community in Iran will strengthen, and we look forward to his support in the fight","I extend my warmest congratulations to 
@realDonaldTrump
 on his victory in the U.S. presidential election.

I am hopeful that the friendly relations between the U.S. government and the Kurdish community in Iran will strengthen, and we look forward to his support in the fight"
1851019752594108774,abdullahmohtadi,2024-10-28 21:54:33.959000+00:00,"#جمشید_شارمهد را اعدام‌کردند. 

او قربانی گروگانگیری دوتابعیتی‌ها از سوی جمهوری اسلامی، قربانی آدم‌ربائی دولتی رژیم، قربانی حبس غیرقانونی، شکنجه‌ و اعترافات اجباری و قربانی قتل فراقانونی حکومتی بود. متاسفانه جامعه بین‌المللی تاکنون سست‌ترین واکنش‌ها را در مقابل زورگویی،",0,0,0,https://x.com/AbdullahMohtadi/status/1851019752594108774,"#جمشید_شارمهد را اعدام‌کردند. 

او قربانی گروگانگیری دوتابعیتی‌ها از سوی جمهوری اسلامی، قربانی آدم‌ربائی دولتی رژیم، قربانی حبس غیرقانونی، شکنجه‌ و اعترافات اجباری و قربانی قتل فراقانونی حکومتی بود. متاسفانه جامعه بین‌المللی تاکنون سست‌ترین واکنش‌ها را در مقابل زورگویی،","#Jamshid_Sharmehed was executed. 

He was a victim of hostage taking of dual nationals by the Islamic Republic, a victim of government kidnapping, a victim of illegal imprisonment, torture and forced confessions, and a victim of extra-legal government murder. Unfortunately, the international community has so far given the weakest reactions to bullying."
1848461489520116055,abdullahmohtadi,2024-10-21 20:28:56.512000+00:00,"دو سال از تجمع‌ اعتراضی بزرگ ایرانیان در  برلین گذشت. 

دو سال قبل، در سی‌ام‌مهرماه سال ۱۴۰۱ و در اوج جنبش #زن‌_زندگی_آزادی، دهها هزار نفر از ایرانیان‌ معترض از سراسر جهان، با عقاید و گرایشهای سیاسی متفاوت، برای تقویت ‌و‌‌ حمایت از خیزش بزرگ‌مردم در داخل و به‌منظور جلب توجه جهان",0,0,0,https://x.com/AbdullahMohtadi/status/1848461489520116055,"دو سال از تجمع‌ اعتراضی بزرگ ایرانیان در  برلین گذشت. 

دو سال قبل، در سی‌ام‌مهرماه سال ۱۴۰۱ و در اوج جنبش #زن‌_زندگی_آزادی، دهها هزار نفر از ایرانیان‌ معترض از سراسر جهان، با عقاید و گرایشهای سیاسی متفاوت، برای تقویت ‌و‌‌ حمایت از خیزش بزرگ‌مردم در داخل و به‌منظور جلب توجه جهان","Two years have passed since the large protest gathering of Iranians in Berlin. 

Two years ago, in October 1401 and at the height of the #women_life_freedom movement, tens of thousands of Iranians protested from all over the world, with different opinions and political tendencies, to strengthen and support the uprising of the great people inside and in order to attract the attention of the world."
1841925324314976342,abdullahmohtadi,2024-10-03 19:36:33.291000+00:00,"دختر کرد ایزدی کە داعش بە بردگی گرفتە بود، پس از دە سال توسط اسرائیل در غزە آزاد شد! 

این تصویر دە سال پیش فوزیە امین سیدو (بە کوردی فەوزیە ئەمین سەیدۆ) است. او در سال ۲٠۱٤ هنگامی کە یازدە سال بیشتر نداشت در حملە #داعش بە کردستان عراق اسیر وبە عنوان بردە جنسی در شهر رقە سوریە بە",0,0,0,https://x.com/AbdullahMohtadi/status/1841925324314976342,"دختر کرد ایزدی کە داعش بە بردگی گرفتە بود، پس از دە سال توسط اسرائیل در غزە آزاد شد! 

این تصویر دە سال پیش فوزیە امین سیدو (بە کوردی فەوزیە ئەمین سەیدۆ) است. او در سال ۲٠۱٤ هنگامی کە یازدە سال بیشتر نداشت در حملە #داعش بە کردستان عراق اسیر وبە عنوان بردە جنسی در شهر رقە سوریە بە","Kurdish Yazidi girl who was captured by ISIS has been released after ten years of Israeli captivity in Gaza! 

This picture was taken ten years ago. In 2014, less than eleven years ago, she was captured by ISIS in Iraqi Kurdistan and taken as a sex worker in the Syrian city of Raqqa"
1840110857432224008,abdullahmohtadi,2024-09-28 19:26:30.675000+00:00,کشتن #حسن_نصرالله، بەدنبال ضربات سنگین و فلج کنندە بە #حزب_الله در روزهای اخیر، ساختاری را کە جمهوری اسلامی طی دهها سال و با صرف میلیاردها دلار از پول مردم ایران و بە بهای سلب امنیت و آسایش و حق حاکمیت مردم لبنان برای روز واقعە در نبرد با اسرائیل فراهم کردە بود، فرو ریخت. شکستی,0,0,0,https://x.com/AbdullahMohtadi/status/1840110857432224008,کشتن #حسن_نصرالله، بەدنبال ضربات سنگین و فلج کنندە بە #حزب_الله در روزهای اخیر، ساختاری را کە جمهوری اسلامی طی دهها سال و با صرف میلیاردها دلار از پول مردم ایران و بە بهای سلب امنیت و آسایش و حق حاکمیت مردم لبنان برای روز واقعە در نبرد با اسرائیل فراهم کردە بود، فرو ریخت. شکستی,"The killing of #Hassan_Nasrallah is a heavy and paralyzing blow to #Hezb_Allah in recent days, the structure that the Islamic Republic has built for decades and at the expense of billions of dollars from the money of the Iranian people Lebanon brother Roz did not take reality Let Israel give me a bud, fru richt. The failure"
1838241529883775391,abdullahmohtadi,2024-09-23 15:38:28.257000+00:00,"انفجار معدن زغال سنگ در طبس و مرگ دلخراش بیش از سی نفر از کارگران فقط یک فاجعە انسانی نیست، بلکە سند بی لیاقتی، فساد و بی توجهی رژیم جمهوری اسلامی نسبت بە زندگی و امنیت کارگران و خانوادەهای آنهاست. 

برای تروریستهای نیابتی و بە آتش کشیدن خاورمیانە بی حساب  هزینە میکنند، برای",0,0,0,https://x.com/AbdullahMohtadi/status/1838241529883775391,"انفجار معدن زغال سنگ در طبس و مرگ دلخراش بیش از سی نفر از کارگران فقط یک فاجعە انسانی نیست، بلکە سند بی لیاقتی، فساد و بی توجهی رژیم جمهوری اسلامی نسبت بە زندگی و امنیت کارگران و خانوادەهای آنهاست. 

برای تروریستهای نیابتی و بە آتش کشیدن خاورمیانە بی حساب  هزینە میکنند، برای","The explosion of the coal mine in Tabas and the heartbreaking death of more than 30 workers is not just a human tragedy, but a document of incompetence, corruption and indifference of the Islamic Republic regime towards the lives and safety of workers and their families. 

They spend countless money for proxy terrorists and setting the Middle East on fire"
1835989636851626111,abdullahmohtadi,2024-09-17 10:30:15.120000+00:00,"هشت سال قبل در چنین روزی یادداشت زیر را در مورد انتخاب نادیا مراد، دختر کرد ایزدی، بەعنوان سفیر حس نیت سازمان ملل برای ""حفظ کرامت بازماندگان تجارت انسان"" نوشتم. این روزها کە دومین سالگرد مرگ ژینا و مبارزە برای ""حفظ کرامت زنان"" در مقابل داعشیان حاکم در تهران است، یادآوری آن را بی",0,0,0,https://x.com/AbdullahMohtadi/status/1835989636851626111,"هشت سال قبل در چنین روزی یادداشت زیر را در مورد انتخاب نادیا مراد، دختر کرد ایزدی، بەعنوان سفیر حس نیت سازمان ملل برای ""حفظ کرامت بازماندگان تجارت انسان"" نوشتم. این روزها کە دومین سالگرد مرگ ژینا و مبارزە برای ""حفظ کرامت زنان"" در مقابل داعشیان حاکم در تهران است، یادآوری آن را بی","Eight years ago on this day, I wrote the following note about the selection of Nadia Murad, a Yazidi Kurdish girl, as the United Nations Goodwill Ambassador for ""Protecting the Dignity of Human Trafficking Survivors"". These days, when it is the second anniversary of the death of Zina and the struggle to ""preserve the dignity of women"" against the ISIS ruling in Tehran, it is not necessary to remember it."
1835377575188635660,abdullahmohtadi,2024-09-15 17:58:08.248000+00:00,"همین حالا، نورباران شهر سقز درگرامیداشت یاد ژینا. دست مریزاد جوانان انقلابی
#زن_زندگى_آزادى‌",0,0,0,https://x.com/AbdullahMohtadi/status/1835377575188635660,"همین حالا، نورباران شهر سقز درگرامیداشت یاد ژینا. دست مریزاد جوانان انقلابی
#زن_زندگى_آزادى‌","Just now, Noorbaran of Saqqez city was honoring the memory of Gina. The sick hand of the revolutionary youth
#woman_of_freedom_life"
1835286526902628815,abdullahmohtadi,2024-09-15 11:56:20.645000+00:00,"گفتگویم با خانم فریبا شیرازی در برنامە خبری کانال ایران اینترنشنال پیرامون پیام اعتصاب عمومی موفق کردستان، و نیز وعدەهای دولت پزشکیان بە مردم کرد
#ژن_ژیان_ئازادی",0,0,0,https://x.com/AbdullahMohtadi/status/1835286526902628815,"گفتگویم با خانم فریبا شیرازی در برنامە خبری کانال ایران اینترنشنال پیرامون پیام اعتصاب عمومی موفق کردستان، و نیز وعدەهای دولت پزشکیان بە مردم کرد
#ژن_ژیان_ئازادی","Interview with Ms. Fariba Shirazi in the news program of Iran International Piramon Channel
#Women_Life_Freedom"
1835230356464714007,abdullahmohtadi,2024-09-15 08:13:08.569000+00:00,"گزارشهای اولیە حاکی از موفقیت بسیار بالای اعتصاب عمومی در شهرهای کردستان دارد. زادگاە ژینا یکپارچە تعطیل است. بژی کوردستان! 
#زن‌_زندگی_آزادی 
#مهسا_امينی",0,0,0,https://x.com/AbdullahMohtadi/status/1835230356464714007,"گزارشهای اولیە حاکی از موفقیت بسیار بالای اعتصاب عمومی در شهرهای کردستان دارد. زادگاە ژینا یکپارچە تعطیل است. بژی کوردستان! 
#زن‌_زندگی_آزادی 
#مهسا_امينی","Initial reports indicate a very high success of the general strike in the cities of Kurdistan. Zina's hometown is completely closed. Beji Kurdistan! 
#woman_life_of_freedom 
#Mehsa_Amini"
1834925020910375349,abdullahmohtadi,2024-09-14 11:59:50.900000+00:00,"گفتگویم در برنامە اخبار کانال ایران اینترنشنال پیرامون فراخوان اعتصاب عمومی در کردستان و دست آوردهای جنبش زن، زندگی، آزادی

#زن_زندگى_آزادى 
#اعتصاب_عمومی 
#مهسا_امينی",0,0,0,https://x.com/AbdullahMohtadi/status/1834925020910375349,"گفتگویم در برنامە اخبار کانال ایران اینترنشنال پیرامون فراخوان اعتصاب عمومی در کردستان و دست آوردهای جنبش زن، زندگی، آزادی

#زن_زندگى_آزادى 
#اعتصاب_عمومی 
#مهسا_امينی","My conversation in the Iran International channel news program about the call for a general strike in Kurdistan and the achievements of the Women, Life, Freedom movement.

#free_life_woman 
#general_strike 
#Mehsa_Amini"
1834590064015245427,abdullahmohtadi,2024-09-13 13:48:50.953000+00:00,"دیروز حزب کومەلە کردستان ایران طی 
اطلاعیەای پشیبانی خود را از فراخوان اعتصاب عمومی کردستان در روز یکشنبە بیست و پنج شهریور ماە، دومین سالگرد قتل ژینا امینی و آغاز انقلاب #زن_زندگى_آزادى اعلام کرد. دیگر احزاب و سازمانهای کرد نیز از این فراخوان پشتیبانی کردەاند.

بەمنظور گرامیداشت",0,0,0,https://x.com/AbdullahMohtadi/status/1834590064015245427,"دیروز حزب کومەلە کردستان ایران طی 
اطلاعیەای پشیبانی خود را از فراخوان اعتصاب عمومی کردستان در روز یکشنبە بیست و پنج شهریور ماە، دومین سالگرد قتل ژینا امینی و آغاز انقلاب #زن_زندگى_آزادى اعلام کرد. دیگر احزاب و سازمانهای کرد نیز از این فراخوان پشتیبانی کردەاند.

بەمنظور گرامیداشت","Yesterday, Kumela Party of Iran's Kurdistan 
He announced his support for the call for a general strike in Kurdistan on Sunday, the 25th of Shahrivar, the second anniversary of the murder of Zina Amini and the beginning of the #Zen_Zandagi_Azadi revolution. Other Kurdish parties and organizations have also supported this call.

to honor"
1833603317131366444,abdullahmohtadi,2024-09-10 20:27:52.163000+00:00,"پەیام و سپاسنامەم بۆ خەڵکی کوردستان سەبارەت بە ڕاگواستنی ئۆردوگای کۆمەڵە
#کوردستان
#ژن_ژیان_ئازادی",0,0,0,https://x.com/AbdullahMohtadi/status/1833603317131366444,"پەیام و سپاسنامەم بۆ خەڵکی کوردستان سەبارەت بە ڕاگواستنی ئۆردوگای کۆمەڵە
#کوردستان
#ژن_ژیان_ئازادی","My message and thanks to the Kurdish people regarding the transfer of the Komala camp
#Kurdistan
#Women_Life_Freedom"
1832124149961203884,abdullahmohtadi,2024-09-06 18:30:11.228000+00:00,"گفتگوی کوتاە من با جمال الدین موسوی در برنامە خبری کانال بی بی سی فارسی پیرامون جابجائی احزاب کرد در اقلیم کردستان عراق
#زن‌_زندگی_آزادی",0,0,0,https://x.com/AbdullahMohtadi/status/1832124149961203884,"گفتگوی کوتاە من با جمال الدین موسوی در برنامە خبری کانال بی بی سی فارسی پیرامون جابجائی احزاب کرد در اقلیم کردستان عراق
#زن‌_زندگی_آزادی","My short conversation with Jamal al-Din Mousavi in the news program of BBC Farsi channel about the displacement of Kurdish parties in the Kurdistan region of Iraq.
#woman_life_of_freedom"
1828098077938303235,abdullahmohtadi,2024-08-26 15:52:00.857000+00:00,"گفتگویم با ناصر اعتمادی در برنامە چشم انداز روز رادیو فرانسە بین المللی جنگ، سرکوب داخلی و آیندە جمهوری اسلامی
#زن_زندگى_آزادى 
#IRGCterrorists",0,0,0,https://x.com/AbdullahMohtadi/status/1828098077938303235,"گفتگویم با ناصر اعتمادی در برنامە چشم انداز روز رادیو فرانسە بین المللی جنگ، سرکوب داخلی و آیندە جمهوری اسلامی
#زن_زندگى_آزادى 
#IRGCterrorists","My conversation with Nasser Etemadi in the program of Radio France's International Day of Vision, war, internal repression and the future of the Islamic Republic
#free_life_woman 
#IRGCterrorists"
1825203476067946704,abdullahmohtadi,2024-08-18 16:09:53.992000+00:00,"چهل و پنج سال پیش در چنین روزی خمینی مردم کردستان را ""در صف کفار"" اعلام کرد و از دولت و ارتش و سایر نیروهای مسلح خواست با آنها ""با شدت"" رفتارکنند. 

بە دنبال این فرمان هجوم، کە حتی بدون اطلاع و مشورت با دولت و ارتش صادر شدە بود، نیروهای مسلح جمهوری اسلامی همراە با خیلی از عوام",0,0,0,https://x.com/AbdullahMohtadi/status/1825203476067946704,"چهل و پنج سال پیش در چنین روزی خمینی مردم کردستان را ""در صف کفار"" اعلام کرد و از دولت و ارتش و سایر نیروهای مسلح خواست با آنها ""با شدت"" رفتارکنند. 

بە دنبال این فرمان هجوم، کە حتی بدون اطلاع و مشورت با دولت و ارتش صادر شدە بود، نیروهای مسلح جمهوری اسلامی همراە با خیلی از عوام","Forty-five years ago on this day, Khomeini declared the people of Kurdistan ""in the ranks of infidels"" and asked the government, army and other armed forces to treat them ""severely"". 

Following this invasion order, which was issued without even informing and consulting the government and the army, the armed forces of the Islamic Republic, along with many people"
1821905483638190583,abdullahmohtadi,2024-08-09 13:44:51.323000+00:00,"""ایران کجاست؟""، گفتگوی مشروحم با اکبر کرمی. پاسخهای من بە پارەای از مورد مناقشەترین مسائل سیاسی ایران همراە با گوشەهائی از  زندگی شخصی. 
#زن_زندگى_آزادى",0,0,0,https://x.com/AbdullahMohtadi/status/1821905483638190583,"""ایران کجاست؟""، گفتگوی مشروحم با اکبر کرمی. پاسخهای من بە پارەای از مورد مناقشەترین مسائل سیاسی ایران همراە با گوشەهائی از  زندگی شخصی. 
#زن_زندگى_آزادى","""Where is Iran?"", detailed conversation with Akbar Karmi. My answers to parts of Iran's most controversial political issues along with corners of my personal life. 
#free_life_woman"
1820929171914195366,abdullahmohtadi,2024-08-06 21:05:20.469000+00:00,"رژیم امروز #انتقام_سخت خود را از مردم گرفت. #رضا_رسايى، شهروند کرد یارسان و اهل صحنە، امروز توسط جلادان جمهوری اسلامی بە چوبە دار سپردە شد.  

او کە بدون امکان دسترسی بە وکیل و بدون اجازە ملاقات باخانوادە ماهها تحت شکنجەهای شدید قرار داشت، در غیاب مستندات قانونی و صرفا با استناد",0,0,0,https://x.com/AbdullahMohtadi/status/1820929171914195366,"رژیم امروز #انتقام_سخت خود را از مردم گرفت. #رضا_رسايى، شهروند کرد یارسان و اهل صحنە، امروز توسط جلادان جمهوری اسلامی بە چوبە دار سپردە شد.  

او کە بدون امکان دسترسی بە وکیل و بدون اجازە ملاقات باخانوادە ماهها تحت شکنجەهای شدید قرار داشت، در غیاب مستندات قانونی و صرفا با استناد","Today's regime took its harsh revenge on the people. #Reza_Rasaei, a Kurdish citizen of Yarasan and from the scene, was hanged today by the executioners of the Islamic Republic.  

He was subjected to severe torture for months without access to a lawyer and without permission to meet with his family, in the absence of legal documents and only on the basis of"
1820446142091460747,abdullahmohtadi,2024-08-05 13:05:57.185000+00:00,"بەگزارش خبرگزاریها، شیخ حسینە، نخست وزیر بنگلادش، در مقابل امواج مداوم تظاهراتهای گستردە و نافرمانی مدنی استعفا داد و از کشور گریخت. تودەهای معترض بە فساد و سرکوب کاخ نخست وزیری را تصرف کردند.

دیکتاتوریها ابدی نیستند. دیکتاتورها را میتوان شکست داد.
#زن_زندگى_آزادى",0,0,0,https://x.com/AbdullahMohtadi/status/1820446142091460747,"بەگزارش خبرگزاریها، شیخ حسینە، نخست وزیر بنگلادش، در مقابل امواج مداوم تظاهراتهای گستردە و نافرمانی مدنی استعفا داد و از کشور گریخت. تودەهای معترض بە فساد و سرکوب کاخ نخست وزیری را تصرف کردند.

دیکتاتوریها ابدی نیستند. دیکتاتورها را میتوان شکست داد.
#زن_زندگى_آزادى","According to media reports, Sheikh Hasina, the Prime Minister of Bangladesh, resigned and fled the country in the face of continuous waves of widespread demonstrations and civil disobedience. Crowds protesting corruption and repression occupied the prime minister's palace.

Dictatorships are not eternal. Dictators can be defeated.
#free_life_woman"
1818687110502584429,abdullahmohtadi,2024-07-31 16:36:11.373000+00:00,گفتگویم در برنامە خبری کانال ایران اینترناشنال پیرامون احتمال اقدام مستقیم جمهوری اسلامی در واکنش بە ترور #اسماعيل_هنيه در تهران و ادعای قدرقدرتی رژیم,0,0,0,https://x.com/AbdullahMohtadi/status/1818687110502584429,گفتگویم در برنامە خبری کانال ایران اینترناشنال پیرامون احتمال اقدام مستقیم جمهوری اسلامی در واکنش بە ترور #اسماعيل_هنيه در تهران و ادعای قدرقدرتی رژیم,My discussion in the news program of Iran International channel about the possibility of direct action of the Islamic Republic in response to the assassination of #Ismail_Hanieh in Tehran and the claim of the regime's power
1812502020370129128,abdullahmohtadi,2024-07-14 14:58:50.972000+00:00,"The news of the assassination attempt on president Trump during an election rally has caused concern to all America's friends in the world. Political violence is a threat to democracy and must be condemned. 

We express our sympathy with the families of the victims and our",0,0,0,https://x.com/AbdullahMohtadi/status/1812502020370129128,"The news of the assassination attempt on president Trump during an election rally has caused concern to all America's friends in the world. Political violence is a threat to democracy and must be condemned. 

We express our sympathy with the families of the victims and our","The news of the assassination attempt on president Trump during an election rally has caused concern to all America's friends in the world. Political violence is a threat to democracy and must be condemned. 

We express our sympathy with the families of the victims and our"
1812497325761179932,abdullahmohtadi,2024-07-14 14:40:11.690000+00:00,"خبر سوء قصد بە جان پرزیدنت ترامپ در هنگام برگزاری یک تجمع انتخاباتی 
 باعث نگرانی همە دوستان آمریکا در جهان شدە است. خشونت سیاسی خطری برای دموکراسی است و باید محکوم شود.

ما همدردی خودمان را باخانوادە قربانیان و همبستگیمان را با مردم آمریکا ابراز میداریم.",0,0,0,https://x.com/AbdullahMohtadi/status/1812497325761179932,"خبر سوء قصد بە جان پرزیدنت ترامپ در هنگام برگزاری یک تجمع انتخاباتی 
 باعث نگرانی همە دوستان آمریکا در جهان شدە است. خشونت سیاسی خطری برای دموکراسی است و باید محکوم شود.

ما همدردی خودمان را باخانوادە قربانیان و همبستگیمان را با مردم آمریکا ابراز میداریم.","The news of an attempt on the life of President Trump during an election rally 
 It has caused concern to all America's friends in the world. Political violence is a threat to democracy and must be condemned.

We express our sympathy to the families of the victims and our solidarity with the American people."
1811750638008643664,abdullahmohtadi,2024-07-12 13:13:07.457000+00:00,امروز، بیست و دوم تیرماە، سی و پنجمین سالروز ترور دکتر عبدالرحمان قاسملو، دبیرکل حزب دموکرات کردستان ایران و از رهبران سرشناس کرد، بەدست دیپلمات_تروریستهای جمهوری اسلامی در شهر وین پایتخت اتریش است. بە این مناسبت متن سخنرانی خودم را کە چهار سال قبل در مراسم گرامیداشت یاد ایشان در,0,0,0,https://x.com/AbdullahMohtadi/status/1811750638008643664,امروز، بیست و دوم تیرماە، سی و پنجمین سالروز ترور دکتر عبدالرحمان قاسملو، دبیرکل حزب دموکرات کردستان ایران و از رهبران سرشناس کرد، بەدست دیپلمات_تروریستهای جمهوری اسلامی در شهر وین پایتخت اتریش است. بە این مناسبت متن سخنرانی خودم را کە چهار سال قبل در مراسم گرامیداشت یاد ایشان در,"Today, the 22nd of Tirmah, the 35th anniversary of the assassination of Dr. Abdolrahman Ghasemlou, the Secretary General of the Democratic Party of Iran and one of the prominent Kurdish leaders, is in the hands of the terrorist-diplomat of the Islamic Republic in Vienna, the capital of Austria. On this occasion, the text of my speech that I gave four years ago at the ceremony to honor his memory"
1809271945189298389,abdullahmohtadi,2024-07-05 17:03:41.037000+00:00,"بایکوت گستردە دور دوم، تیر خلاص بە اعتبار رژیم بود. 

نە التماسهای مظلوم نمایانە، نە بازارگرمیهای ریاکارانە و نە وحشت پراکنیهای بی پایە هیچکدام مؤثر  واقع نشد و بایکوت دور دوم بمراتب فراگیرتر و خردکنندەتر بود و دیگر ذرەای ""اعتبار و اعتماد و مشروعیت"" برای جمهوری اسلامی باقی",0,0,0,https://x.com/AbdullahMohtadi/status/1809271945189298389,"بایکوت گستردە دور دوم، تیر خلاص بە اعتبار رژیم بود. 

نە التماسهای مظلوم نمایانە، نە بازارگرمیهای ریاکارانە و نە وحشت پراکنیهای بی پایە هیچکدام مؤثر  واقع نشد و بایکوت دور دوم بمراتب فراگیرتر و خردکنندەتر بود و دیگر ذرەای ""اعتبار و اعتماد و مشروعیت"" برای جمهوری اسلامی باقی","The boycott was extended to the regime's credibility. 

Neither the spectacles of the oppressed, nor the hypocritical markets, nor the atrocities of baseless practices have any real effect the rest"
1808195565089612001,abdullahmohtadi,2024-07-02 17:46:32.023000+00:00,شرکت در گفتگو پیرامون مرحلە دوم انتخابات در برنامە ساعت صفر با میزبانی احمد رأفت در کانال کلمە,0,0,0,https://x.com/AbdullahMohtadi/status/1808195565089612001,شرکت در گفتگو پیرامون مرحلە دوم انتخابات در برنامە ساعت صفر با میزبانی احمد رأفت در کانال کلمە,Participating in the discussion about the second phase of the elections in the program at Safar hosted by Ahmed Rafat on Kalma channel
1806769702292631715,abdullahmohtadi,2024-06-28 19:20:39.841000+00:00,"بایکوت انتخابات در کردستان کامل بود! 

در حالیکە شواهد تاکنونی حاکی از نرخ مشارکت بسیار پائین در تهران و سایر نقاط ایران است، در کردستان بویژە همە گزارشهای مستند میدانی از  حوزەهای رأی گیری شهرها و روستاها نشان میدهد کە بایکوت انتخابات در کردستان کامل بودە و نمایش رأی گیری رژیم",0,0,0,https://x.com/AbdullahMohtadi/status/1806769702292631715,"بایکوت انتخابات در کردستان کامل بود! 

در حالیکە شواهد تاکنونی حاکی از نرخ مشارکت بسیار پائین در تهران و سایر نقاط ایران است، در کردستان بویژە همە گزارشهای مستند میدانی از  حوزەهای رأی گیری شهرها و روستاها نشان میدهد کە بایکوت انتخابات در کردستان کامل بودە و نمایش رأی گیری رژیم","The election boycott in Kurdistan was complete! 

While the evidence so far indicates a very low participation rate in Tehran and other parts of Iran, especially in Kurdistan, all documented field reports from the voting districts of cities and villages show that the boycott of the elections in Kurdistan was complete and the regime's voting was shown."
1806588892818051459,abdullahmohtadi,2024-06-28 07:22:11.503000+00:00,"حضورم در برنامە ""گفتگوی ویژە"" کانال ایران اینترنشنال در واشنگتن و پرسش و پاسخ با فرداد فرحزاد. این گفتگو قبل از سقوط هلیکوپتر رئیسی و بحث انتخابات صورت گرفتە است.",0,0,0,https://x.com/AbdullahMohtadi/status/1806588892818051459,"حضورم در برنامە ""گفتگوی ویژە"" کانال ایران اینترنشنال در واشنگتن و پرسش و پاسخ با فرداد فرحزاد. این گفتگو قبل از سقوط هلیکوپتر رئیسی و بحث انتخابات صورت گرفتە است.","My presence in the Iran International channel's ""Special Conversation"" program in Washington and Q&A with Fardad Farahzad. This conversation took place before Raeesi's helicopter crashed and the election was discussed."
1805955142887358739,abdullahmohtadi,2024-06-26 13:23:53.745000+00:00,"انتخابات آزاد منعکس کنندە ارادە و خواست مردم و از حقوق مسلم شماست. اما نمایش انتخاباتی حاضر هیچ نشانی از انتخاب آزاد ندارد و بازتاب دهندە ارادە و خواست مردم نیست، بلکە صرفا برای گرم کردن تنور بساط انتخابات و درعمل بەمعنای بیعت با نظام است. 

شرکت نکردن شما در نمایش رأی گیری",0,0,0,https://x.com/AbdullahMohtadi/status/1805955142887358739,"انتخابات آزاد منعکس کنندە ارادە و خواست مردم و از حقوق مسلم شماست. اما نمایش انتخاباتی حاضر هیچ نشانی از انتخاب آزاد ندارد و بازتاب دهندە ارادە و خواست مردم نیست، بلکە صرفا برای گرم کردن تنور بساط انتخابات و درعمل بەمعنای بیعت با نظام است. 

شرکت نکردن شما در نمایش رأی گیری","Free elections reflect the will of the people and are among your inalienable rights. However, the current election show has no sign of free choice and does not reflect the will and desire of the people, but it is only to heat the oven of the election table and in practice it means allegiance to the system. 

Your non-participation in the voting show"
1803526258380136870,abdullahmohtadi,2024-06-19 20:32:22.552000+00:00,دولت کانادا سپاە پاسداران را در لیست سازمانهای تروریستی قرار داد. خبری دلگرم کنندە و مسیری کە باید جهان را بە پیمودن آن ترغیب کرد. تسلای خاطری برای خانوادەهای همە قربانیان جنایتهای رژیم، دستاوردی برای جنبش دادخواهی و سپاس و دست مریزادی بە همە تلاشگران قرار دادن سپاە پاسداران در,0,0,0,https://x.com/AbdullahMohtadi/status/1803526258380136870,دولت کانادا سپاە پاسداران را در لیست سازمانهای تروریستی قرار داد. خبری دلگرم کنندە و مسیری کە باید جهان را بە پیمودن آن ترغیب کرد. تسلای خاطری برای خانوادەهای همە قربانیان جنایتهای رژیم، دستاوردی برای جنبش دادخواهی و سپاس و دست مریزادی بە همە تلاشگران قرار دادن سپاە پاسداران در,"Canada has designated the Revolutionary Guards as a terrorist organization. The heartwarming news of the country and the Egyptians that should encourage the world to follow them. Condolences to the families of all the victims of the regime's crimes, condolences to the Justice Movement and thanks to all the workers of the Revolutionary Guards"
1802034383970304238,abdullahmohtadi,2024-06-15 17:44:11.975000+00:00,"محکومیت #حميد_نورى در یک دادگاە آزاد و منصفانە در فضای همبستگی ایرانیان و شور جنبش ژینا دست آورد بزرگی برای جنبش دادخواهی بود و هیچ معاملە کثیفی با قاتلان و گروگانگیران نمیتواند آن را بازپس بگیرد. 

معاملە امروز دولت سوئد با جمهوری اسلامی و آزادی حميدنورى، برعکس، اقدامی است شرم",0,0,0,https://x.com/AbdullahMohtadi/status/1802034383970304238,"محکومیت #حميد_نورى در یک دادگاە آزاد و منصفانە در فضای همبستگی ایرانیان و شور جنبش ژینا دست آورد بزرگی برای جنبش دادخواهی بود و هیچ معاملە کثیفی با قاتلان و گروگانگیران نمیتواند آن را بازپس بگیرد. 

معاملە امروز دولت سوئد با جمهوری اسلامی و آزادی حميدنورى، برعکس، اقدامی است شرم","The conviction of #Hamid_Nouri in a free and fair court in the atmosphere of solidarity of Iranians and the enthusiasm of the Gina movement was a great achievement for the litigation movement and no dirty deal with murderers and hostage takers can take it back. 

The Swedish government's dealings with the Islamic Republic and the freedom of Hamidnoori, on the contrary, is a shameful act"
1800590693645131957,abdullahmohtadi,2024-06-11 18:07:29.379000+00:00,"بنا بە گزارشها آقای مهران عباسیان  خبرنگار کانال تلویزیونی ایران اینترنشنال بەخاطر تهدیدهای امنیتی جدی از طرف عوامل رژیم جمهوری اسلامی، تحت حفاظت پلیس کشور سوئد قرار گرفتە و بە  خانە امن منتقل شدە است. 

ما تهدیدهای تروریستی علیە روزنامەنگاران، فعالان حقوق بشر و مخالفان سیاسی",0,0,0,https://x.com/AbdullahMohtadi/status/1800590693645131957,"بنا بە گزارشها آقای مهران عباسیان  خبرنگار کانال تلویزیونی ایران اینترنشنال بەخاطر تهدیدهای امنیتی جدی از طرف عوامل رژیم جمهوری اسلامی، تحت حفاظت پلیس کشور سوئد قرار گرفتە و بە  خانە امن منتقل شدە است. 

ما تهدیدهای تروریستی علیە روزنامەنگاران، فعالان حقوق بشر و مخالفان سیاسی","According to reports, Mr. Mehran Abbasian, a reporter of Iran International TV channel, was placed under the protection of the Swedish police and transferred to a safe house due to serious security threats from the agents of the Islamic Republic of Iran. 

Terrorist threats against journalists, human rights activists and political opponents"
1800226300009050586,abdullahmohtadi,2024-06-10 17:59:31.166000+00:00,"این هم پاسخهای صریح من بە پرسش تعدادی از شرکت کنندگان در همایش کپنهاگ. 
#زن_زندگى_آزادى",0,0,0,https://x.com/AbdullahMohtadi/status/1800226300009050586,"این هم پاسخهای صریح من بە پرسش تعدادی از شرکت کنندگان در همایش کپنهاگ. 
#زن_زندگى_آزادى","These are my clear answers to the questions of a number of participants in the Copenhagen conference. 
#free_life_woman"
1799880700734112223,abdullahmohtadi,2024-06-09 19:06:13.878000+00:00,"سخنان من در سمینار کپنهاگ بەمناسبت روز  پیشمرگ کە در آن علاوە بر اشارە بە زمینەهای تاریخی مقاومت مشروع مردم کردستان، از لزوم یک آیندە مدنی و بدون خشونت صحبت میکنم و همچنین بە مسائل عمومی جنبش میپردازم.
#زن_زندگى_آزادى",0,0,0,https://x.com/AbdullahMohtadi/status/1799880700734112223,"سخنان من در سمینار کپنهاگ بەمناسبت روز  پیشمرگ کە در آن علاوە بر اشارە بە زمینەهای تاریخی مقاومت مشروع مردم کردستان، از لزوم یک آیندە مدنی و بدون خشونت صحبت میکنم و همچنین بە مسائل عمومی جنبش میپردازم.
#زن_زندگى_آزادى","My speech at the Copenhagen Seminar on the occasion of Peshmerga Day, which also referred to the historical background of the legitimate resistance of the Kurdistan people, the need for a civilized and unbiased future and the general issues of the movement Miprdazm.
#Woman_Life_Freedom"
