tweet_id,username,created_at,text,replies,retweets,likes,url,Text_original,Text_en
1431325163925250066,abdulbaset22,2021-08-27 18:38:06.472000+00:00,"عاش شبابه في الغربة وترك أبناءه في بلده البعيد وكان يرسل لهم مصاريف الحياة ،، كبُر في السن وعاد إلى بلاده وسافر أولاده للغُربة وصارو يرسلون له مصاريف الحياة 
لم يجدوه حولهم وهم صغار ولم يجدهم حوله عندما صار كبيراً ، هذا حال الكثير من الشعوب 
فهل استشعرنا نِعم الله علينا",0,0,0,https://x.com/Abdulbaset22/status/1431325163925250066,"عاش شبابه في الغربة وترك أبناءه في بلده البعيد وكان يرسل لهم مصاريف الحياة ،، كبُر في السن وعاد إلى بلاده وسافر أولاده للغُربة وصارو يرسلون له مصاريف الحياة 
لم يجدوه حولهم وهم صغار ولم يجدهم حوله عندما صار كبيراً ، هذا حال الكثير من الشعوب 
فهل استشعرنا نِعم الله علينا","He lived his youth in exile and left his children in his far away country, and he used to send them life expenses. He grew old and returned to his country, and his children traveled abroad and began sending him life expenses. 
They did not find him around them when they were young, and he did not find them around them when he became old. This is the case with many people 
Did we feel God’s blessings upon us?"
2022639867595837456,abdulbaset22,2026-02-14 11:51:37.923000+00:00,لقاء أخوي مثمر جمعني اليوم في أبوظبي مع أخي سمو الشيخ محمد بن زايد آل نهيان، تطرقنا فيه إلى آفاق التعاون القطري الإماراتي في المجالات الحيوية، كما ناقشنا كافة الأوضاع في ضوء التطورات الإقليمية الراهنة، ومساعينا الحثيثة لتعزيز فرص الحوار وتوطيد دعائم الأمن والاستقرار في المنطقة.,0,0,0,https://x.com/TamimBinHamad/status/2022639867595837456,لقاء أخوي مثمر جمعني اليوم في أبوظبي مع أخي سمو الشيخ محمد بن زايد آل نهيان، تطرقنا فيه إلى آفاق التعاون القطري الإماراتي في المجالات الحيوية، كما ناقشنا كافة الأوضاع في ضوء التطورات الإقليمية الراهنة، ومساعينا الحثيثة لتعزيز فرص الحوار وتوطيد دعائم الأمن والاستقرار في المنطقة.,"A fruitful fraternal meeting brought me together today in Abu Dhabi with my brother, His Highness Sheikh Mohammed bin Zayed Al Nahyan, in which we discussed the prospects for Qatari-Emirati cooperation in vital fields. We also discussed all situations in light of current regional developments, and our tireless efforts to enhance opportunities for dialogue and consolidate the foundations of security and stability in the region."
1996188920133148735/analytics,abdulbaset22,,"Your UX/UI journey starts here.

Online. Affordable. Portfolio-focused.

Learn to design websites, apps, and systems that people actually use. AUB's UX/UI Online Professional Graduate Diploma gives you the training and portfolio to make the leap.

 Applications close March 2.",0,0,0,https://x.com/MSFEA_AUB/status/1996188920133148735/analytics,"Your UX/UI journey starts here.

Online. Affordable. Portfolio-focused.

Learn to design websites, apps, and systems that people actually use. AUB's UX/UI Online Professional Graduate Diploma gives you the training and portfolio to make the leap.

 Applications close March 2.","Your UX/UI journey starts here.

Online. Affordable. Portfolio-focused.

Learn to design websites, apps, and systems that people actually use. AUB's UX/UI Online Professional Graduate Diploma gives you the training and portfolio to make the leap.

 Applications close March 2."
2022706553837805655,abdulbaset22,2026-02-14 16:16:37.162000+00:00,سعدت اليوم بلقاء أخي الشيخ تميم بن حمد آل ثاني في أبوظبي، حيث بحثنا العلاقات الأخوية التي تجمع الإمارات وقطر وشعبيهما الشقيقين، وسبل تعزيزها من أجل التنمية المشتركة. كما تبادلنا وجهات النظر حول المستجدات الإقليمية والدولية في إطار نهجنا الداعم للسلام والاستقرار  في المنطقة,0,0,0,https://x.com/MohamedBinZayed/status/2022706553837805655,سعدت اليوم بلقاء أخي الشيخ تميم بن حمد آل ثاني في أبوظبي، حيث بحثنا العلاقات الأخوية التي تجمع الإمارات وقطر وشعبيهما الشقيقين، وسبل تعزيزها من أجل التنمية المشتركة. كما تبادلنا وجهات النظر حول المستجدات الإقليمية والدولية في إطار نهجنا الداعم للسلام والاستقرار  في المنطقة,"Today, I was pleased to meet my brother Sheikh Tamim bin Hamad Al Thani in Abu Dhabi, where we discussed the fraternal relations between the UAE and Qatar and their brotherly peoples, and ways to strengthen them for common development. We also exchanged views on regional and international developments within the framework of our approach to supporting peace and stability in the region"
2019842828608876727,abdulbaset22,2026-02-06 18:37:11.862000+00:00,شهدت اليوم في أبوظبي وفخامة الرئيس بريس كلوتير أوليغوي نغيما توقيع اتفاقية الشراكة الاقتصادية الشاملة بين الإمارات والجابون والتي تمثل محطة مهمة في مسار العلاقات الاقتصادية والاستثمارية بين البلدين وتعكس النهج الثابت لدولة الإمارات في بناء الشراكات التنموية مع دول القارة,0,0,0,https://x.com/MohamedBinZayed/status/2019842828608876727,شهدت اليوم في أبوظبي وفخامة الرئيس بريس كلوتير أوليغوي نغيما توقيع اتفاقية الشراكة الاقتصادية الشاملة بين الإمارات والجابون والتي تمثل محطة مهمة في مسار العلاقات الاقتصادية والاستثمارية بين البلدين وتعكس النهج الثابت لدولة الإمارات في بناء الشراكات التنموية مع دول القارة,"Today in Abu Dhabi and His Excellency President Brice Cloutier Oligwe Nguema, I witnessed the signing of the Comprehensive Economic Partnership Agreement between the UAE and Gabon, which represents an important milestone in the path of economic and investment relations between the two countries and reflects the UAE’s consistent approach to building development partnerships with the countries of the continent."
2020481524664049697,abdulbaset22,2026-02-08 12:55:08.868000+00:00,"حُسن الخُلق 
ثروة عظيمة 
يا حظ من يملكها",0,0,0,https://x.com/Abdulbaset22/status/2020481524664049697,"حُسن الخُلق 
ثروة عظيمة 
يا حظ من يملكها","Good manners 
Great wealth 
Lucky who owns it"
2023030563716919388/analytics,abdulbaset22,,21  عاماً على اغـ.ـتيـ.ـال الـ.ـرئيـ.ـس الشـ.ـهيـ.ـد رفيـ.ـق الحـ.ـريـ.ـري اليوم استذكارٌ لشخصية لن يَلِـ.ـدَ مثلها الزمـ.ـان.. ولنا حديثٌ آخر عن خـ.ـونـ.ـة الإرث,0,0,0,https://x.com/MohamadSabounji/status/2023030563716919388/analytics,21  عاماً على اغـ.ـتيـ.ـال الـ.ـرئيـ.ـس الشـ.ـهيـ.ـد رفيـ.ـق الحـ.ـريـ.ـري اليوم استذكارٌ لشخصية لن يَلِـ.ـدَ مثلها الزمـ.ـان.. ولنا حديثٌ آخر عن خـ.ـونـ.ـة الإرث,"21 years since the assassination of the martyr President Rafik Hariri, today we remember a character whose like will never be born again. And we have another talk about traitors to the legacy."
2018393164781097132,abdulbaset22,2026-02-02 18:36:45.072000+00:00,في إطار نهج الإمارات الذي يقوم على التعاون الذي يحقق التنمية والتقدم للجميع، شهدت اليوم في أبوظبي وفخامة الرئيس فيليكس تشيسيكيدي، توقيع اتفاقية الشراكة الاقتصادية الشاملة بين دولة الإمارات وجمهورية الكونغو الديمقراطية التي نعمل من خلالها على استثمار كل الفرص المتاحة لتحقيق,0,0,0,https://x.com/MohamedBinZayed/status/2018393164781097132,في إطار نهج الإمارات الذي يقوم على التعاون الذي يحقق التنمية والتقدم للجميع، شهدت اليوم في أبوظبي وفخامة الرئيس فيليكس تشيسيكيدي، توقيع اتفاقية الشراكة الاقتصادية الشاملة بين دولة الإمارات وجمهورية الكونغو الديمقراطية التي نعمل من خلالها على استثمار كل الفرص المتاحة لتحقيق,Error 500 (Server Error)!!1500.That’s an error.There was an error. Please try again later.That’s all we know.
2018722821485326465,abdulbaset22,2026-02-03 16:26:41.355000+00:00,كرمنا الفائزين في الدورة الثانية من جائزة حمدان بن زايد البيئية، التي شهدت زيادة المشاركات إلى خمسة أضعاف مقارنة بالدورة الأولى، وشملت جميع إمارات الدولة. وتهدف الجائزة إلى تحفيز الأفراد والمؤسسات على دعم العمل البيئي، وتشجيع البحث العلمي، وتكريم الأفكار الإبداعية التي تعزز,0,0,0,https://x.com/HamdanBinZayed/status/2018722821485326465,كرمنا الفائزين في الدورة الثانية من جائزة حمدان بن زايد البيئية، التي شهدت زيادة المشاركات إلى خمسة أضعاف مقارنة بالدورة الأولى، وشملت جميع إمارات الدولة. وتهدف الجائزة إلى تحفيز الأفراد والمؤسسات على دعم العمل البيئي، وتشجيع البحث العلمي، وتكريم الأفكار الإبداعية التي تعزز,"We honored the winners of the second session of the Hamdan Bin Zayed Environmental Award, which witnessed a five-fold increase in entries compared to the first session, and included all emirates of the country. The award aims to motivate individuals and institutions to support environmental work, encourage scientific research, and honor creative ideas that promote..."
237986106229018624,abdulbaset22,2012-08-21 18:54:43.950000+00:00,"لن أنسى حق الكويت علينا في الامارات …
في التعليم والصحة…
مساعدتها في قيام الاتحاد… 
#الشكر_للكويت_من_دار_زايد",0,0,0,https://x.com/ABZayed/status/237986106229018624,"لن أنسى حق الكويت علينا في الامارات …
في التعليم والصحة…
مساعدتها في قيام الاتحاد… 
#الشكر_للكويت_من_دار_زايد","I will never forget Kuwait’s right over us in the Emirates...
In education and health...
Assisting in the establishment of the Union... 
#Thanks_to_Kuwait_from_DarZayed"
2017983697837056202,abdulbaset22,2026-02-01 15:29:40.545000+00:00,تكريم صاحب السمو رئيس الدولة للأخ محمد القرقاوي بوسام الاتحاد يعكس نهج دولة الإمارات في الاحتفاء برجالها المخلصين، ويجسّد إسهاماته الرائدة في ترسيخ التميّز الحكومي ودعم الكفاءات الوطنية، ضمن فريق يقوده صاحب السمو الشيخ محمد بن راشد.,0,0,0,https://x.com/HHmansour/status/2017983697837056202,تكريم صاحب السمو رئيس الدولة للأخ محمد القرقاوي بوسام الاتحاد يعكس نهج دولة الإمارات في الاحتفاء برجالها المخلصين، ويجسّد إسهاماته الرائدة في ترسيخ التميّز الحكومي ودعم الكفاءات الوطنية، ضمن فريق يقوده صاحب السمو الشيخ محمد بن راشد.,"His Highness the President’s honoring of Brother Mohammed Al Gergawi with the Order of the Union reflects the UAE’s approach to celebrating its loyal men, and embodies his pioneering contributions in consolidating government excellence and supporting national competencies, within a team led by His Highness Sheikh Mohammed bin Rashid."
2017951771138613335,abdulbaset22,2026-02-01 13:22:48.627000+00:00,شهدت وأخي محمد بن راشد اليوم جانباً من القمة العالمية للعلماء في دبي. اجتماع أكثر من 100 عالمٍ من الحائزين على جائزة نوبل وغيرها من الجوائز العلمية المرموقة من مختلف دول العالم على أرض الإمارات يؤكد الثقة العالمية في نهج الدولة القائم على إعلاء قيمة العلم والمعرفة لتحقيق التنمية,0,0,0,https://x.com/MohamedBinZayed/status/2017951771138613335,شهدت وأخي محمد بن راشد اليوم جانباً من القمة العالمية للعلماء في دبي. اجتماع أكثر من 100 عالمٍ من الحائزين على جائزة نوبل وغيرها من الجوائز العلمية المرموقة من مختلف دول العالم على أرض الإمارات يؤكد الثقة العالمية في نهج الدولة القائم على إعلاء قيمة العلم والمعرفة لتحقيق التنمية,"Today, my brother Mohammed bin Rashid and I witnessed part of the World Summit of Scientists in Dubai. The meeting of more than 100 Nobel Prize laureates and other prestigious scientific awards from various countries around the world in the UAE confirms global confidence in the country’s approach based on upholding the value of science and knowledge to achieve development."
2014720092014080452,abdulbaset22,2026-01-23 15:21:16.282000+00:00,"من أرضية ملعب ستاد آل نهيان.. رصد لكل التفاصيل قبل بداية قمة الوحدة والدحيل 

#الوحدة_الدحيل
#السوبر_الإماراتي_القطري",0,0,0,https://x.com/ADSportsTV/status/2014720092014080452,"من أرضية ملعب ستاد آل نهيان.. رصد لكل التفاصيل قبل بداية قمة الوحدة والدحيل 

#الوحدة_الدحيل
#السوبر_الإماراتي_القطري","From the floor of Al Nahyan Stadium... monitoring all the details before the start of the Al Wahda and Al Duhail summit 

#Al-Wahda_Al-Duhail
#Emirati_Qatari_Super"
2014727160947151184,abdulbaset22,2026-01-23 15:49:21.647000+00:00,"عبدالباسط الحمادي: نحن على موعد مع مباراة فنية وتكتيكية عالية بين الوحدة والدحيل

#الوحدة_الدحيل
#السوبر_الإماراتي_القطري",0,0,0,https://x.com/ADSportsTV/status/2014727160947151184,"عبدالباسط الحمادي: نحن على موعد مع مباراة فنية وتكتيكية عالية بين الوحدة والدحيل

#الوحدة_الدحيل
#السوبر_الإماراتي_القطري","Abdul Basit Al Hammadi: We are on a date with a high technical and tactical match between Al Wahda and Al Duhail

#Al-Wahda_Al-Duhail
#Emirati_Qatari_Super"
2014774456741220711,abdulbaset22,2026-01-23 18:57:17.843000+00:00,"""زايد الحمادي ما عليه خوف.. حارس وحش وأثبت جدارته مع الوحدة"" 

شاهد هذا اللقاء الجميل بين عبدالباسط الحمادي وزايد الحمادي حارس فريق الوحدة 

#الوحدة_الدحيل
#السوبر_الإماراتي_القطري",0,0,0,https://x.com/ADSportsTV/status/2014774456741220711,"""زايد الحمادي ما عليه خوف.. حارس وحش وأثبت جدارته مع الوحدة"" 

شاهد هذا اللقاء الجميل بين عبدالباسط الحمادي وزايد الحمادي حارس فريق الوحدة 

#الوحدة_الدحيل
#السوبر_الإماراتي_القطري","“Zayed Al Hammadi has nothing to fear...a monster goalkeeper who has proven his worth with Al Wahda.” 

Watch this beautiful meeting between Abdul Basit Al Hammadi and Zayed Al Hammadi, Al Wahda goalkeeper 

#Al-Wahda_Al-Duhail
#Emirati_Qatari_Super"
2014955260750790779,abdulbaset22,2026-01-24 06:55:44.878000+00:00,يعطيك العافية زايد وموفق خير دايما ,0,0,0,https://x.com/Abdulbaset22/status/2014955260750790779,يعطيك العافية زايد وموفق خير دايما ,May God bless you and grant you good health always
2011072288394002945,abdulbaset22,2026-01-13 13:46:12.126000+00:00,شهدتُ اليوم في أبوظبي وفخامة الرئيس بولا أحمد تينوبو توقيع اتفاقية الشراكة الاقتصادية الشاملة بين الإمارات ونيجيريا، والتي تستهدف تحقيق نقلة نوعية في علاقات البلدين الاقتصادية، وتمثل امتداداً لنهج إماراتي ثابت في بناء الشراكات التي تحقق التنمية لشعبها والازدهار المشترك لشعوب,0,0,0,https://x.com/MohamedBinZayed/status/2011072288394002945,شهدتُ اليوم في أبوظبي وفخامة الرئيس بولا أحمد تينوبو توقيع اتفاقية الشراكة الاقتصادية الشاملة بين الإمارات ونيجيريا، والتي تستهدف تحقيق نقلة نوعية في علاقات البلدين الاقتصادية، وتمثل امتداداً لنهج إماراتي ثابت في بناء الشراكات التي تحقق التنمية لشعبها والازدهار المشترك لشعوب,"Today in Abu Dhabi and His Excellency President Bola Ahmed Tinubu, I witnessed the signing of the Comprehensive Economic Partnership Agreement between the UAE and Nigeria, which aims to achieve a qualitative shift in the economic relations of the two countries, and represents an extension of a consistent Emirati approach to building partnerships that achieve development for its people and common prosperity for the peoples of the two countries."
2011053089646911932,abdulbaset22,2026-01-13 12:29:54.788000+00:00,شهدتُ اليوم في أبوظبي وفخامة الرئيس فرديناند ماركوس جونيور توقيع اتفاقية الشراكة الاقتصادية الشاملة بين الإمارات والفلبين، التي تستهدف الارتقاء بالعلاقات الاقتصادية والتجارية والاستثمارية بين البلدين ودعم أهدافهما التنموية المشتركة. دولة الإمارات تواصل نهجها الثابت في إقامة,0,0,0,https://x.com/MohamedBinZayed/status/2011053089646911932,شهدتُ اليوم في أبوظبي وفخامة الرئيس فرديناند ماركوس جونيور توقيع اتفاقية الشراكة الاقتصادية الشاملة بين الإمارات والفلبين، التي تستهدف الارتقاء بالعلاقات الاقتصادية والتجارية والاستثمارية بين البلدين ودعم أهدافهما التنموية المشتركة. دولة الإمارات تواصل نهجها الثابت في إقامة,"Today in Abu Dhabi and His Excellency President Ferdinand Marcos Jr., I witnessed the signing of the Comprehensive Economic Partnership Agreement between the UAE and the Philippines, which aims to advance economic, trade and investment relations between the two countries and support their common development goals. The UAE continues its consistent approach to establishing..."
2011081910467060119,abdulbaset22,2026-01-13 14:24:26.207000+00:00,أهنئ الفائزين بجائزة زايد للاستدامة 2026. قدموا حلولاً مبتكرة تعزز التقدم والتنمية المستدامة للبشرية، وجسدوا إرث زايد في العمل من أجل مستقبل أكثر ازدهارًا واستدامة للجميع.,0,0,0,https://x.com/MohamedBinZayed/status/2011081910467060119,أهنئ الفائزين بجائزة زايد للاستدامة 2026. قدموا حلولاً مبتكرة تعزز التقدم والتنمية المستدامة للبشرية، وجسدوا إرث زايد في العمل من أجل مستقبل أكثر ازدهارًا واستدامة للجميع.,"I congratulate the winners of the 2026 Zayed Sustainability Prize. They provided innovative solutions that promote progress and sustainable development for humanity, and embodied Zayed’s legacy of working towards a more prosperous and sustainable future for all."
2010977969247043619,abdulbaset22,2026-01-13 07:31:24.689000+00:00,"أرحب بضيوف الإمارات من القادة والمسؤولين والخبراء في ""أسبوع أبوظبي للاستدامة"" الذي يمثل منصة سنوية للحوار العالمي من أجل صياغة حلول مبتكرة تعزّز التنمية المستدامة وتخدم الإنسانية. الإمارات شريك فاعل في بناء حلول عالمية تحقق التنمية والازدهار للأجيال القادمة، وتؤمن بأن التعاون",0,0,0,https://x.com/MohamedBinZayed/status/2010977969247043619,"أرحب بضيوف الإمارات من القادة والمسؤولين والخبراء في ""أسبوع أبوظبي للاستدامة"" الذي يمثل منصة سنوية للحوار العالمي من أجل صياغة حلول مبتكرة تعزّز التنمية المستدامة وتخدم الإنسانية. الإمارات شريك فاعل في بناء حلول عالمية تحقق التنمية والازدهار للأجيال القادمة، وتؤمن بأن التعاون","I welcome the UAE’s guests, leaders, officials and experts, to Abu Dhabi Sustainability Week, which represents an annual platform for global dialogue to formulate innovative solutions that promote sustainable development and serve humanity. The UAE is an active partner in building global solutions that achieve development and prosperity for future generations, and believes that cooperation"
2006407959388237865,abdulbaset22,2025-12-31 16:51:49.432000+00:00,"We bid farewell to a year filled with accomplishments and welcome a new year where the UAE's journey of prosperity and progress knows no bounds. Driven by the inspiring vision of our wise leadership and the positive spirit and transformative ideas of our people.

Wishing the UAE,",0,0,0,https://x.com/hhtbzayed/status/2006407959388237865,"We bid farewell to a year filled with accomplishments and welcome a new year where the UAE's journey of prosperity and progress knows no bounds. Driven by the inspiring vision of our wise leadership and the positive spirit and transformative ideas of our people.

Wishing the UAE,","We bid farewell to a year filled with accomplishments and welcome a new year where the UAE's journey of prosperity and progress knows no bounds. Driven by the inspiring vision of our wise leadership and the positive spirit and transformative ideas of our people.

Wishing the UAE,"
2006398274153099754,abdulbaset22,2025-12-31 16:13:20.292000+00:00,"كل عام والإمارات بخير .. كل عام والإمارات في رخاء واستقرار وأمن وازدهار .. كل عام والعالم بخير وإلى خير .. وتمنياتنا للجميع في العام الجديد بالسعادة والتوفيق والنجاح.. 

نتفاءل بعام جديد .. ونتفاءل بأفضل عام سيمر على بلادنا بإذن الله .. عام ملىء بالإنجاز العملي والتفوق الاقتصادي",0,0,0,https://x.com/HHShkMohd/status/2006398274153099754,"كل عام والإمارات بخير .. كل عام والإمارات في رخاء واستقرار وأمن وازدهار .. كل عام والعالم بخير وإلى خير .. وتمنياتنا للجميع في العام الجديد بالسعادة والتوفيق والنجاح.. 

نتفاءل بعام جديد .. ونتفاءل بأفضل عام سيمر على بلادنا بإذن الله .. عام ملىء بالإنجاز العملي والتفوق الاقتصادي","Happy New Year to the Emirates... Happy New Year to the Emirates in prosperity, stability, security and prosperity... Happy New Year to the world... and our best wishes to everyone in the new year for happiness, good luck and success... 

We are optimistic about a new year... and we are optimistic about the best year our country will experience, God willing... a year full of practical achievement and economic excellence."
2006386117659267181,abdulbaset22,2025-12-31 15:25:01.958000+00:00,"Best wishes on the occasion of the New Year. As we come together in celebration, let us welcome the year ahead with renewed hope and determination in efforts to foster unity, progress, and prosperity for all.",0,0,0,https://x.com/MohamedBinZayed/status/2006386117659267181,"Best wishes on the occasion of the New Year. As we come together in celebration, let us welcome the year ahead with renewed hope and determination in efforts to foster unity, progress, and prosperity for all.","Best wishes on the occasion of the New Year. As we come together in celebration, let us welcome the year ahead with renewed hope and determination in efforts to foster unity, progress, and prosperity for all."
2006386113792061775,abdulbaset22,2025-12-31 15:25:01.036000+00:00,في العام الجديد تتجدد آمالنا وطموحاتنا في غد أفضل، ويزيد عزمنا وإصرارنا على مواصلة مسيرة التقدم والازدهار لبلادنا وبناء المستقبل المشرق لشعبنا. أدعو الله تعالى أن يكون 2026 عام خير وتنمية في دولة الإمارات، وسلام واستقرار وتعاون في العالم أجمع.,0,0,0,https://x.com/MohamedBinZayed/status/2006386113792061775,في العام الجديد تتجدد آمالنا وطموحاتنا في غد أفضل، ويزيد عزمنا وإصرارنا على مواصلة مسيرة التقدم والازدهار لبلادنا وبناء المستقبل المشرق لشعبنا. أدعو الله تعالى أن يكون 2026 عام خير وتنمية في دولة الإمارات، وسلام واستقرار وتعاون في العالم أجمع.,"In the new year, our hopes and aspirations for a better tomorrow are renewed, and our resolve and determination to continue the path of progress and prosperity for our country and build a bright future for our people increases. I pray to God Almighty that 2026 will be a year of goodness and development in the UAE, and peace, stability and cooperation in the entire world."
2006611271240790316,abdulbaset22,2026-01-01 06:19:42.755000+00:00,اللهُم عامًا يُشبه لُطفك,0,0,0,https://x.com/Abdulbaset22/status/2006611271240790316,اللهُم عامًا يُشبه لُطفك,"Oh God, a year similar to your kindness"
2006426397838131249,abdulbaset22,2025-12-31 18:05:05.501000+00:00,"في العام الجديد 
اسأل الله العلي القدير
ان يمن علينا بالأمن والامان والاستقرار والرقي والازدهار ويحفظ بلادنا وولي أمرنا وقائدنا الشيخ محمد بن زايد وان يمن عليه بالصحة والعافية",0,0,0,https://x.com/Abdulbaset22/status/2006426397838131249,"في العام الجديد 
اسأل الله العلي القدير
ان يمن علينا بالأمن والامان والاستقرار والرقي والازدهار ويحفظ بلادنا وولي أمرنا وقائدنا الشيخ محمد بن زايد وان يمن عليه بالصحة والعافية","In the new year 
Ask God Almighty
To grant us security, safety, stability, progress and prosperity, and to preserve our country and our guardian and leader, Sheikh Mohammed bin Zayed, and to grant him health and wellness."
2000176703965143359,abdulbaset22,2025-12-14 12:11:02.368000+00:00,"I discussed with Senator Steve Daines, U.S. Senator from Montana, a number of issues and topics of mutual interest to the United Arab Emirates and the United States.

During the meeting, we also discussed the future of cooperation relations and ways to strengthen and develop them",0,0,0,https://x.com/hhtbzayed/status/2000176703965143359,"I discussed with Senator Steve Daines, U.S. Senator from Montana, a number of issues and topics of mutual interest to the United Arab Emirates and the United States.

During the meeting, we also discussed the future of cooperation relations and ways to strengthen and develop them","I discussed with Senator Steve Daines, U.S. Senator from Montana, a number of issues and topics of mutual interest to the United Arab Emirates and the United States.

During the meeting, we also discussed the future of cooperation relations and ways to strengthen and develop them"
1997386183513432418,abdulbaset22,2025-12-06 19:22:30.447000+00:00,"With Steve Harvey at Uae president cup Arabian purebred grand finale.
@IAmSteveHarvey",0,0,0,https://x.com/Abdulbaset22/status/1997386183513432418,"With Steve Harvey at Uae president cup Arabian purebred grand finale.
@IAmSteveHarvey","With Steve Harvey at Uae president cup Arabian purebred grand finale.
@IAmSteveHarvey"
1996239399689003423,abdulbaset22,2025-12-03 15:25:35.877000+00:00,"Празднование Россией Национального дня ОАЭ отражает высокий уровень партнёрства и искренней дружбы между двумя странами, а также является воплощением позитивного настроя, который стал характерен в отношениях между ОАЭ и Россией благодаря мудрости Его Высочества Президента",0,0,0,https://x.com/SaifBZayed/status/1996239399689003423,"Празднование Россией Национального дня ОАЭ отражает высокий уровень партнёрства и искренней дружбы между двумя странами, а также является воплощением позитивного настроя, который стал характерен в отношениях между ОАЭ и Россией благодаря мудрости Его Высочества Президента","Russia's celebration of UAE National Day reflects the high level of partnership and sincere friendship between the two countries, and also embodies the positive spirit that has become characteristic of relations between the UAE and Russia thanks to the wisdom of His Highness the President"
1995817928210653200,abdulbaset22,2025-12-02 11:30:49.246000+00:00,"الإتحاد تأسس على المحبة
كل عام و سيدي صاحب السمو الشيخ محمد بن زايد و الإمارات في رخاء و شموخ",0,0,0,https://x.com/ABZayed/status/1995817928210653200,"الإتحاد تأسس على المحبة
كل عام و سيدي صاحب السمو الشيخ محمد بن زايد و الإمارات في رخاء و شموخ","The union was founded on love
Every year, His Highness Sheikh Mohammed bin Zayed and the Emirates are in prosperity and glory"
1996267372563644842,abdulbaset22,2025-12-03 17:16:45.130000+00:00,"شهدنا احتفال ""واحة الاتحاد"" بمناسبة العيد الوطني 54 في العين الذي استعرض مسيرة النهوض والتنمية منذ عهد الأب المؤسس الشيخ زايد رحمه الله، وصولاً إلى عهد صاحب السمو الشيخ محمد بن زايد آل نهيان رئيس الدولة ""حفظه الله"". رحلة حافلة بالأمجاد، ومستقبل أجمل ينتظرنا تحت راية الاتحاد.",0,0,0,https://x.com/HazzaBinZayed/status/1996267372563644842,"شهدنا احتفال ""واحة الاتحاد"" بمناسبة العيد الوطني 54 في العين الذي استعرض مسيرة النهوض والتنمية منذ عهد الأب المؤسس الشيخ زايد رحمه الله، وصولاً إلى عهد صاحب السمو الشيخ محمد بن زايد آل نهيان رئيس الدولة ""حفظه الله"". رحلة حافلة بالأمجاد، ومستقبل أجمل ينتظرنا تحت راية الاتحاد.","We witnessed the “Union Oasis” celebration on the occasion of the 54th National Day in Al Ain, which reviewed the process of advancement and development since the era of the founding father Sheikh Zayed, may God have mercy on him, all the way to the era of His Highness Sheikh Mohammed bin Zayed Al Nahyan, President of the State, “may God protect him.” A journey full of glory, and a more beautiful future awaits us under the banner of the Union."
1995965086608097621,abdulbaset22,2025-12-02 21:15:34.542000+00:00,شهدت وإخواني حكام الإمارات الاحتفال الرسمي بعيد الاتحاد الرابع والخمسين في متحف زايد الوطني في أبوظبي. احتفال أخذنا في رحلة وطن وحضارة وشعب تمتد عبر آلاف السنين وتضرب بجذورها في أعماق التاريخ وقصة نهضة تربط الماضي بالحاضر والمستقبل. في هذه المناسبة الغالية نستحضر مسيرة بناء,0,0,0,https://x.com/MohamedBinZayed/status/1995965086608097621,شهدت وإخواني حكام الإمارات الاحتفال الرسمي بعيد الاتحاد الرابع والخمسين في متحف زايد الوطني في أبوظبي. احتفال أخذنا في رحلة وطن وحضارة وشعب تمتد عبر آلاف السنين وتضرب بجذورها في أعماق التاريخ وقصة نهضة تربط الماضي بالحاضر والمستقبل. في هذه المناسبة الغالية نستحضر مسيرة بناء,"My brothers, the rulers of the Emirates, and I witnessed the official celebration of the 54th Union Day at the Zayed National Museum in Abu Dhabi. A celebration that takes us on a journey of a nation, a civilization, and a people that extends over thousands of years and is rooted in the depths of history and a story of renaissance that links the past, present, and future. On this precious occasion, we recall a construction procession"
1995752783694495822,abdulbaset22,2025-12-02 07:11:57.583000+00:00,تواصل دولة الإمارات، في عيد الاتحاد الرابع والخمسين، ترسيخ ريادتها العالمية ومواصلة مسيرة نهضتها، بفضل حكمة ورؤية صاحب السمو الشيخ محمد بن زايد آل نهيان وإخوانه حكام الإمارات، وتمضي بثبات نحو المستقبل، معزِّزة دور التطور والتكنولوجيا والذكاء الاصطناعي كمحركات رئيسية للنمو,0,0,0,https://x.com/hhtbzayed/status/1995752783694495822,تواصل دولة الإمارات، في عيد الاتحاد الرابع والخمسين، ترسيخ ريادتها العالمية ومواصلة مسيرة نهضتها، بفضل حكمة ورؤية صاحب السمو الشيخ محمد بن زايد آل نهيان وإخوانه حكام الإمارات، وتمضي بثبات نحو المستقبل، معزِّزة دور التطور والتكنولوجيا والذكاء الاصطناعي كمحركات رئيسية للنمو,"On the 54th Union Day, the UAE continues to consolidate its global leadership and continue its path of renaissance, thanks to the wisdom and vision of His Highness Sheikh Mohammed bin Zayed Al Nahyan and his fellow rulers of the Emirates, and is moving steadily towards the future, enhancing the role of development, technology and artificial intelligence as major drivers of growth."
1995755777462866194,abdulbaset22,2025-12-02 07:23:51.353000+00:00,القائد النبيل,0,0,0,https://x.com/ABZayed/status/1995755777462866194,القائد النبيل,The noble leader
1995770528863584405,abdulbaset22,2025-12-02 08:22:28.361000+00:00,"في اليوم الوطني 54 نتقدم بخالص التبريكات إلى صاحب السمو الشيخ محمد بن زايد آل نهيان رئيس الدولة ""حفظه الله""، وإلى نائبيه وأعضاء المجلس الأعلى حكام الإمارات. يوم وحدتنا هو يوم عزتنا وفخرنا، ومعاً نواصل السير بثبات لترسيخ مكتسبات الاتحاد وبناء مستقبل أكثر نماء وازدهاراً.",0,0,0,https://x.com/HazzaBinZayed/status/1995770528863584405,"في اليوم الوطني 54 نتقدم بخالص التبريكات إلى صاحب السمو الشيخ محمد بن زايد آل نهيان رئيس الدولة ""حفظه الله""، وإلى نائبيه وأعضاء المجلس الأعلى حكام الإمارات. يوم وحدتنا هو يوم عزتنا وفخرنا، ومعاً نواصل السير بثبات لترسيخ مكتسبات الاتحاد وبناء مستقبل أكثر نماء وازدهاراً.","On the 54th National Day, we extend our sincere congratulations to His Highness Sheikh Mohammed bin Zayed Al Nahyan, President of the State, “may God protect him,” and to his deputies and members of the Supreme Council, rulers of the Emirates. The day of our unity is our day of honor and pride, and together we continue to move steadfastly to consolidate the gains of the union and build a more developed and prosperous future."
1996236602201542656,abdulbaset22,2025-12-03 15:14:28.904000+00:00,"احتفال روسيا باليوم الوطني لدولة الإمارات يجسّد عمق الشراكة وصدق الصداقة بين البلدين. ويعكس البعد الإيجابي الذي تمنحه العلاقات الإماراتية-الروسية بفضل حكمة سيدي رئيس الدولة حفظه الله، وفخامة الرئيس الروسي، بما يعزّز الثقة ويفتح آفاقًا أوسع للتعاون الحكومي والشعبي. 
شكرًا",0,0,0,https://x.com/SaifBZayed/status/1996236602201542656,"احتفال روسيا باليوم الوطني لدولة الإمارات يجسّد عمق الشراكة وصدق الصداقة بين البلدين. ويعكس البعد الإيجابي الذي تمنحه العلاقات الإماراتية-الروسية بفضل حكمة سيدي رئيس الدولة حفظه الله، وفخامة الرئيس الروسي، بما يعزّز الثقة ويفتح آفاقًا أوسع للتعاون الحكومي والشعبي. 
شكرًا","Russia's celebration of the UAE National Day embodies the depth of partnership and sincerity of friendship between the two countries. It reflects the positive dimension given to Emirati-Russian relations thanks to the wisdom of the President of the State, may God protect him, and His Excellency the Russian President, which enhances confidence and opens broader horizons for governmental and popular cooperation. 
Thanks"
1995911406626185276,abdulbaset22,2025-12-02 17:42:16.237000+00:00,"فقرات تحمل الفخر .. كلمات من ذهب .. قصة وطن رسمه زايد وإخوانه .. 
كان ذلك حفل عيد الاتحاد .. 
فخورين بوطننا .. معتزين بمسيرتنا .. ممتنين لمؤسسي دولتنا ..
شكرا لفريق عمل هذا الحفل المميز وعلى رأسهم ابنتي الشيخة مريم بنت محمد بن زايد .. 
وكل عام ودولتنا في خير وأمن وأمان وعزة",0,0,0,https://x.com/HHShkMohd/status/1995911406626185276,"فقرات تحمل الفخر .. كلمات من ذهب .. قصة وطن رسمه زايد وإخوانه .. 
كان ذلك حفل عيد الاتحاد .. 
فخورين بوطننا .. معتزين بمسيرتنا .. ممتنين لمؤسسي دولتنا ..
شكرا لفريق عمل هذا الحفل المميز وعلى رأسهم ابنتي الشيخة مريم بنت محمد بن زايد .. 
وكل عام ودولتنا في خير وأمن وأمان وعزة","Paragraphs full of pride...words of gold...the story of a homeland drawn by Zayed and his brothers... 
It was the Union Day party. 
Proud of our country... proud of our journey... grateful to the founders of our country...
Thank you to the team behind this distinguished ceremony, led by my daughter, Sheikha Maryam bint Mohammed bin Zayed. 
May our country be prosperous, safe, secure, and proud every year"
1995955368959361070,abdulbaset22,2025-12-02 20:36:57.674000+00:00,إن الحفاظ على إرث الوالد المؤسس الشيخ زايد، رحمه الله، وتخليده ليظل مصدر إلهام للأجيال المقبلة، أولوية رئيسية ومسؤولية وطنية. ويمثل متحف زايد الوطني في أبوظبي الذي جرى افتتاحه بحضور إخواني الحكام صرحاً ثقافياً يحكي قصة زايد ويخلد مسيرته وقيمه في القيادة والبناء والإنسانية، وجسراً,0,0,0,https://x.com/MohamedBinZayed/status/1995955368959361070,إن الحفاظ على إرث الوالد المؤسس الشيخ زايد، رحمه الله، وتخليده ليظل مصدر إلهام للأجيال المقبلة، أولوية رئيسية ومسؤولية وطنية. ويمثل متحف زايد الوطني في أبوظبي الذي جرى افتتاحه بحضور إخواني الحكام صرحاً ثقافياً يحكي قصة زايد ويخلد مسيرته وقيمه في القيادة والبناء والإنسانية، وجسراً,"Preserving the legacy of the founding father, Sheikh Zayed, may God have mercy on him, and immortalizing it so that it remains a source of inspiration for future generations, is a major priority and a national responsibility. The Zayed National Museum in Abu Dhabi, which was inaugurated in the presence of my fellow rulers, represents a cultural edifice that tells the story of Zayed and commemorates his career and values ​​of leadership, construction and humanity, and a bridge"
1995730532907225342,abdulbaset22,2025-12-02 05:43:32.582000+00:00,"٢   |   ديــســمــبـر   |   الإمارات | 

* رَبِّ اجعل هذا البلد آمناً * 

*اللهم احفظ دولة الإمارات حكومة وشعب وأدم عليها الأمن والأمان ووفق حكامنا لما تحبه وترضاه",0,0,0,https://x.com/Abdulbaset22/status/1995730532907225342,"٢   |   ديــســمــبـر   |   الإمارات | 

* رَبِّ اجعل هذا البلد آمناً * 

*اللهم احفظ دولة الإمارات حكومة وشعب وأدم عليها الأمن والأمان ووفق حكامنا لما تحبه وترضاه","2 |   December |   Emirates | 

*Lord make this country safe* 

*Oh God, protect the government and people of the Emirates, grant it security and safety, and grant our rulers success in doing what you love and are satisfied with"
1995391180914536550,abdulbaset22,2025-12-01 07:15:04.762000+00:00,"جيل يبني… وجيل يحافظ… ووطن يعلو 

#عيد_الاتحاد 
#عيد_الاتحاد54 
#الامارات",0,0,0,https://x.com/KBM_ALNAHYAN/status/1995391180914536550,"جيل يبني… وجيل يحافظ… ووطن يعلو 

#عيد_الاتحاد 
#عيد_الاتحاد54 
#الامارات","A generation builds... a generation maintains... and a nation rises 

#UnionDay 
#UnionDay54 
#UAE"
1995726067730972912,abdulbaset22,2025-12-02 05:25:48.001000+00:00,"أهنىء أخي الشيخ محمد بن زايد آل نهيان رئيس الدولة وإخواني حكام الإمارات وشعب الإمارات وجميع المقيمين على أرضها بعيد الاتحاد المجيد ..

ذكرى توحد القلوب .. وتوحد المصير .. وتوحيد الطاقات لبناء وطن نفاخر به العالم. حفظ الله دولة الإمارات وأدام عزها ومجدها ورفعتها ..",0,0,0,https://x.com/HHShkMohd/status/1995726067730972912,"أهنىء أخي الشيخ محمد بن زايد آل نهيان رئيس الدولة وإخواني حكام الإمارات وشعب الإمارات وجميع المقيمين على أرضها بعيد الاتحاد المجيد ..

ذكرى توحد القلوب .. وتوحد المصير .. وتوحيد الطاقات لبناء وطن نفاخر به العالم. حفظ الله دولة الإمارات وأدام عزها ومجدها ورفعتها ..","I congratulate my brother Sheikh Mohammed bin Zayed Al Nahyan, President of the State, my brothers, the rulers of the Emirates, the people of the Emirates, and all residents of its land on the glorious Union Day.

A memory that unites hearts... unites destiny... and unites energies to build a homeland that the world can be proud of. May God protect the UAE and perpetuate its pride, glory and elevation."
1995725332524187679,abdulbaset22,2025-12-02 05:22:52.714000+00:00,"في عيد الاتحاد الرابع والخمسين… نقف أمام ميلاد وطنٍ استثنائي ؛ وطنٌ نهض من قلب الصحراء على بصيرة الآباء المؤسسين، طيّب الله ثراهم، يوم توحّدت الإرادة وصيغت دولةٌ قبل أن تكون كياناً سياسيًا—أسرةً واحدة تربطها القيم، ويشدّها التلاحم، ويورَّث مجدها جيلاً بعد جيل.

واليوم، يمضي",0,0,0,https://x.com/SaifBZayed/status/1995725332524187679,"في عيد الاتحاد الرابع والخمسين… نقف أمام ميلاد وطنٍ استثنائي ؛ وطنٌ نهض من قلب الصحراء على بصيرة الآباء المؤسسين، طيّب الله ثراهم، يوم توحّدت الإرادة وصيغت دولةٌ قبل أن تكون كياناً سياسيًا—أسرةً واحدة تربطها القيم، ويشدّها التلاحم، ويورَّث مجدها جيلاً بعد جيل.

واليوم، يمضي","On the fifty-fourth Union Day... we stand before the birth of an exceptional nation. A nation that rose from the heart of the desert on the insight of the founding fathers, may God bless them, on the day the will was united and a state was formed before it was a political entity - a single family linked by values, strengthened by cohesion, and whose glory is passed on generation after generation.

Today, it passes"
1994995706483163407,abdulbaset22,2025-11-30 05:03:36.310000+00:00,"في ""يوم الشهيد"" نستذكر بكل فخر شهداءنا الأبرار الذين جادوا بأرواحهم من أجل الإمارات وندعو لهم بالرحمة والمغفرة، ونعبر عن تقديرنا لتضحيات ذويهم واعتزازنا برعايتهم. ذكرى يوم الشهيد تأتي كل عام لتعيد تأكيد أن الوطن الغالي يستحق منا البذل والعطاء بلا حدود، وأن تلبية ندائه في كل",0,0,0,https://x.com/MohamedBinZayed/status/1994995706483163407,"في ""يوم الشهيد"" نستذكر بكل فخر شهداءنا الأبرار الذين جادوا بأرواحهم من أجل الإمارات وندعو لهم بالرحمة والمغفرة، ونعبر عن تقديرنا لتضحيات ذويهم واعتزازنا برعايتهم. ذكرى يوم الشهيد تأتي كل عام لتعيد تأكيد أن الوطن الغالي يستحق منا البذل والعطاء بلا حدود، وأن تلبية ندائه في كل","On Martyr's Day, we proudly remember our righteous martyrs who sacrificed their lives for the Emirates. We pray for mercy and forgiveness for them, and we express our appreciation for the sacrifices of their families and our pride in caring for them. The anniversary of Martyr’s Day comes every year to reaffirm that our dear homeland deserves our unlimited effort and giving, and that responding to its call in every way..."
1995140468137677282,abdulbaset22,2025-11-30 14:38:50.178000+00:00,"مبروك لمحبين الوحدة الاصرار والشخصية والفوز والتأهل 
هدف ديارا الأجمل في الموسم إلى الآن في جميع البطولات
خذ وهات مع تاديتش واستلام وتحضين وانهاء ولا أروع 

#كأس_مصرف_أبوظبي_الإسلامي 
#خورفكان #الوحدة",0,0,0,https://x.com/Abdulbaset22/status/1995140468137677282,"مبروك لمحبين الوحدة الاصرار والشخصية والفوز والتأهل 
هدف ديارا الأجمل في الموسم إلى الآن في جميع البطولات
خذ وهات مع تاديتش واستلام وتحضين وانهاء ولا أروع 

#كأس_مصرف_أبوظبي_الإسلامي 
#خورفكان #الوحدة","Congratulations to those who love unity, determination and character, victory and qualification 
Diarra's most beautiful goal of the season so far in all tournaments
Take and give with Tadic and receive and embrace and finish and nothing more wonderful 

#AbuDhabi_Islamic_Bank_Cup 
#Khorfakkan #Unity"
2023061035591061598/analytics,abdulbaset22,,مهاجمة الرئيس ما كفّت، كمّلوا على المستشارين,0,0,0,https://x.com/beirut_politics/status/2023061035591061598/analytics,مهاجمة الرئيس ما كفّت، كمّلوا على المستشارين,"Attacking the president has not stopped, continue on the advisors"
1995007955394334791,abdulbaset22,2025-11-30 05:52:16.678000+00:00,في يوم الشهيد… نستذكر تضحيات رجالٍ برّوا بقسمهم، وبذلوا الغالي والنفيس لتظل رايتنا واحدةً موحَّدة تحت قيادةٍ شيمتها الوفاء والكرم. ستبقى ذكراكم العطرة خالدةً في سجلّ الوطن … فأنتم رموز التضحية والولاء والعطاء.,0,0,0,https://x.com/HamdanMohammed/status/1995007955394334791,في يوم الشهيد… نستذكر تضحيات رجالٍ برّوا بقسمهم، وبذلوا الغالي والنفيس لتظل رايتنا واحدةً موحَّدة تحت قيادةٍ شيمتها الوفاء والكرم. ستبقى ذكراكم العطرة خالدةً في سجلّ الوطن … فأنتم رموز التضحية والولاء والعطاء.,"On Martyr's Day... we remember the sacrifices of men who lived up to their oath, and gave precious and precious things so that our banner remained one and united under a leadership characterized by loyalty and generosity. Your fragrant memory will remain immortal in the nation’s record... You are symbols of sacrifice, loyalty and giving."
1994444308020433106,abdulbaset22,2025-11-28 16:32:32.672000+00:00,حضرت اليوم جلسة عن الذكاء الاصطناعي في أبوظبي بمشاركة عدد من المسؤولين والخبراء لمناقشة رؤية الإمارات الإستراتيجية بشأن هذا الموضوع الحيوي لحاضرنا ومستقبلنا. العالم يمر بلحظة تحول تاريخية كبرى من خلال التطور في مجال الذكاء الاصطناعي، والإمارات حريصة على المشاركة الفاعلة في هذا,0,0,0,https://x.com/MohamedBinZayed/status/1994444308020433106,حضرت اليوم جلسة عن الذكاء الاصطناعي في أبوظبي بمشاركة عدد من المسؤولين والخبراء لمناقشة رؤية الإمارات الإستراتيجية بشأن هذا الموضوع الحيوي لحاضرنا ومستقبلنا. العالم يمر بلحظة تحول تاريخية كبرى من خلال التطور في مجال الذكاء الاصطناعي، والإمارات حريصة على المشاركة الفاعلة في هذا,"Today, I attended a session on artificial intelligence in Abu Dhabi with the participation of a number of officials and experts to discuss the UAE’s strategic vision on this vital topic for our present and future. The world is going through a major historical moment of transformation through development in the field of artificial intelligence, and the UAE is keen to actively participate in this."
1995001601992577044,abdulbaset22,2025-11-30 05:27:01.909000+00:00,في ذكرى يوم الشهيد، نستحضر شجاعة أبناء الوطن الذين أوفوا بالعهد وقدموا أرواحهم فداءً لعزته وكرامته. ونعاهدهم بأن ذكراهم ستظل خالدة، وأن راية الإمارات تبقى عالية خفاقة بعزيمة أبنائه المخلصين. رحم الله شهداء الإمارات الأبرار.,0,0,0,https://x.com/HHmansour/status/1995001601992577044,في ذكرى يوم الشهيد، نستحضر شجاعة أبناء الوطن الذين أوفوا بالعهد وقدموا أرواحهم فداءً لعزته وكرامته. ونعاهدهم بأن ذكراهم ستظل خالدة، وأن راية الإمارات تبقى عالية خفاقة بعزيمة أبنائه المخلصين. رحم الله شهداء الإمارات الأبرار.,"On Martyr's Day, we commemorate the courage of the people of the country who fulfilled the covenant and sacrificed their lives for its pride and dignity. We pledge to them that their memory will remain eternal, and that the flag of the Emirates will remain high and fluttering with the determination of its loyal sons. May God have mercy on the honorable martyrs of the Emirates."
1994998652470006028,abdulbaset22,2025-11-30 05:15:18.688000+00:00,في يوم الشهيد.. نقف إجلالًا لتضحيات من بذلوا أرواحهم فداءً للوطن.. نستحضر مواقفهم الخالدة.. نستمد من شجاعتهم قوةً وهمة تعلو بها راية الإمارات.. رحم الله شهداءنا الأبرار.. لهم المجد، وللوطن العزة والكرامة والفخر.,0,0,0,https://x.com/HHShkMohd/status/1994998652470006028,في يوم الشهيد.. نقف إجلالًا لتضحيات من بذلوا أرواحهم فداءً للوطن.. نستحضر مواقفهم الخالدة.. نستمد من شجاعتهم قوةً وهمة تعلو بها راية الإمارات.. رحم الله شهداءنا الأبرار.. لهم المجد، وللوطن العزة والكرامة والفخر.,"On Martyr's Day, we stand in reverence for the sacrifices of those who sacrificed their lives for the homeland. We recall their immortal stances. We derive from their courage the strength and determination to raise the UAE flag. May God have mercy on our righteous martyrs. Glory be to them, and glory, dignity and pride belong to the homeland."
1995090513591255407,abdulbaset22,2025-11-30 11:20:20.086000+00:00,"في يوم الشهيد نستذكر، بكل فخر واعتزاز، تضحيات شهداء الإمارات الذين قدّموا أرواحهم دفاعًا عن الوطن، لينعم أبناؤه بالأمن والأمان، وسيظلّ إرثهم نبراساً ينير دروب أبنائنا وبناتنا نحو رفعة دولتنا وتقدّمها.

رحم الله شهداء الإمارات… بطولاتهم خالدة في وجداننا، وتضحياتهم محفورة في ذاكرة",0,0,0,https://x.com/hhtbzayed/status/1995090513591255407,"في يوم الشهيد نستذكر، بكل فخر واعتزاز، تضحيات شهداء الإمارات الذين قدّموا أرواحهم دفاعًا عن الوطن، لينعم أبناؤه بالأمن والأمان، وسيظلّ إرثهم نبراساً ينير دروب أبنائنا وبناتنا نحو رفعة دولتنا وتقدّمها.

رحم الله شهداء الإمارات… بطولاتهم خالدة في وجداننا، وتضحياتهم محفورة في ذاكرة","On Martyr's Day, we remember, with great pride, the sacrifices of the Emirati martyrs who gave their lives in defense of the homeland, so that its children could enjoy security and safety, and their legacy will continue to be a beacon that illuminates the paths of our sons and daughters towards the elevation and progress of our country.

May God have mercy on the martyrs of the Emirates... Their heroism is immortal in our conscience, and their sacrifices are engraved in our memory"
1994490589438775700,abdulbaset22,2025-11-28 19:36:27.022000+00:00,بتوجيهات وحضور صاحب السمو رئيس الدولة حفظه الله، جاءت جلسة الذكاء الاصطناعي لتجسّد رؤية قيادتنا في ترسيخ الذكاء الاصطناعي كركيزة أساسية للنقلة النوعية المقبلة، ومحركاً شاملًا يمتد أثره إلى جميع القطاعات دون استثناء، تعزيزاً لتنافسية الإمارات واستعدادها لمستقبل أكثر تقدماً,0,0,0,https://x.com/hhtbzayed/status/1994490589438775700,بتوجيهات وحضور صاحب السمو رئيس الدولة حفظه الله، جاءت جلسة الذكاء الاصطناعي لتجسّد رؤية قيادتنا في ترسيخ الذكاء الاصطناعي كركيزة أساسية للنقلة النوعية المقبلة، ومحركاً شاملًا يمتد أثره إلى جميع القطاعات دون استثناء، تعزيزاً لتنافسية الإمارات واستعدادها لمستقبل أكثر تقدماً,"Under the directives and presence of His Highness the President of the State, may God protect him, the artificial intelligence session came to embody the vision of our leadership in establishing artificial intelligence as a basic pillar of the next qualitative shift, and a comprehensive engine whose impact extends to all sectors without exception, in order to enhance the UAE’s competitiveness and its readiness for a more advanced future."
2022569700106887283/analytics,abdulbaset22,,تعيين تذكير لمساحتي القادمة!,0,0,0,https://x.com/AmlyHsyn/status/2022569700106887283/analytics,تعيين تذكير لمساحتي القادمة!,Set a reminder for my next space!
1995003809723289808,abdulbaset22,2025-11-30 05:35:48.273000+00:00,"في يوم الشهيد… يسمو الوطن بإجلاله أمام رجالٍ نقشوا بثباتهم وشجاعتهم ووطنيتهم عهد الخلود، لتبقى الإمارات  عزيزة منيعة شامخة برايتها.

نستحضر أرواحًا ارتقت وهي تحمل وجه الوطن، فخلّدها التاريخ عنوانًا للشرف والوفاء والانتماء.

ولأسر الشهداء… لكم كل الإجلال؛ فثباتكم مجدٌ وصبركم",0,0,0,https://x.com/SaifBZayed/status/1995003809723289808,"في يوم الشهيد… يسمو الوطن بإجلاله أمام رجالٍ نقشوا بثباتهم وشجاعتهم ووطنيتهم عهد الخلود، لتبقى الإمارات  عزيزة منيعة شامخة برايتها.

نستحضر أرواحًا ارتقت وهي تحمل وجه الوطن، فخلّدها التاريخ عنوانًا للشرف والوفاء والانتماء.

ولأسر الشهداء… لكم كل الإجلال؛ فثباتكم مجدٌ وصبركم","On Martyr's Day... the nation exalts its reverence in front of men who, with their steadfastness, courage, and patriotism, carved the era of eternity, so that the Emirates remains dear, invincible, and proud of its flag.

We recall souls who rose while carrying the face of the nation, and history immortalized them as a symbol of honour, loyalty and belonging.

To the families of the martyrs... you have all our respect. Your steadfastness and patience are glory"
1995034675501568047,abdulbaset22,2025-11-30 07:38:27.248000+00:00,"في 2 ديسمبر، 11 صباحاً… 
ننشد السلام الوطني متّحدين  #ننشد_متحدين #عيد_الاتحاد",0,0,0,https://x.com/ABZayed/status/1995034675501568047,"في 2 ديسمبر، 11 صباحاً… 
ننشد السلام الوطني متّحدين  #ننشد_متحدين #عيد_الاتحاد","On December 2, 11 am… 
We sing national anthem united #SingUnited #UnionDay"
1993742038605713481,abdulbaset22,2025-11-26 18:01:58.596000+00:00,زرت وأخي سمو الشيخ حمدان بن زايد آل نهيان معرض العين الدولي للصيد والفروسية. نفتخر بما يحفل به التراث الإماراتي من قيم أصيلة، وتقاليد راسخة، ورياضات وحرف تقيم جسور المحبة والتواصل بين أفراد المجتمع، وبين الإمارات والعالم.,0,0,0,https://x.com/HazzaBinZayed/status/1993742038605713481,زرت وأخي سمو الشيخ حمدان بن زايد آل نهيان معرض العين الدولي للصيد والفروسية. نفتخر بما يحفل به التراث الإماراتي من قيم أصيلة، وتقاليد راسخة، ورياضات وحرف تقيم جسور المحبة والتواصل بين أفراد المجتمع، وبين الإمارات والعالم.,"My brother, His Highness Sheikh Hamdan bin Zayed Al Nahyan, and I visited the Al Ain International Hunting and Equestrian Exhibition. We are proud of the Emirati heritage, which is full of authentic values, established traditions, and sports and crafts that build bridges of love and communication between members of society, and between the Emirates and the world."
1993380412769681746,abdulbaset22,2025-11-25 18:05:00.278000+00:00,"الوحدة يبهر آسيا
تاديتش يواصل سحره وإبداعاته ",0,0,0,https://x.com/Abdulbaset22/status/1993380412769681746,"الوحدة يبهر آسيا
تاديتش يواصل سحره وإبداعاته ","Loneliness dazzles Asia
Tadic continues his magic and creativity"
1991774162206208135,abdulbaset22,2025-11-21 07:42:20.301000+00:00,استجابة لتوجيهات صاحب السمو رئيس الدولة بالاحتفاء بعلاقات الأخوة التي تجمعنا مع الكويت الحبيبة وقيادتها وشعبها، نوجّه حكومة دبي بالعمل للمشاركة بالاحتفاء بهذه الأخوة الممتدة وهذه العلاقات التاريخية الاستثنائية. الكويت منّا ونحن منها، لا ينسى مجتمع الإمارات وقفاتها التاريخية،,0,0,0,https://x.com/HamdanMohammed/status/1991774162206208135,استجابة لتوجيهات صاحب السمو رئيس الدولة بالاحتفاء بعلاقات الأخوة التي تجمعنا مع الكويت الحبيبة وقيادتها وشعبها، نوجّه حكومة دبي بالعمل للمشاركة بالاحتفاء بهذه الأخوة الممتدة وهذه العلاقات التاريخية الاستثنائية. الكويت منّا ونحن منها، لا ينسى مجتمع الإمارات وقفاتها التاريخية،,"In response to the directives of His Highness the President of the State to celebrate the fraternal relations that unite us with beloved Kuwait, its leadership and its people, we direct the government of Dubai to work to participate in celebrating this extended brotherhood and these exceptional historical relations. Kuwait is from us and we are from it. The UAE community does not forget its historical stances."
1991929138916348281,abdulbaset22,2025-11-21 17:58:09.628000+00:00,"شهدت وفخامة ألكسندر ستوب، رئيس جمهورية فنلندا توقيع خطاب نوايا بين وزارة الاستثمار في دولة الإمارات العربية المتحدة ووزارة الشؤون الاجتماعية والصحة الفنلندية  لتعزيز التعاون الثنائي في مجالات الرعاية الصحية والعلوم الطبية.

واستعرضت مع فخامته فرص التعاون في مجالات التكنولوجيا",0,0,0,https://x.com/hhtbzayed/status/1991929138916348281,"شهدت وفخامة ألكسندر ستوب، رئيس جمهورية فنلندا توقيع خطاب نوايا بين وزارة الاستثمار في دولة الإمارات العربية المتحدة ووزارة الشؤون الاجتماعية والصحة الفنلندية  لتعزيز التعاون الثنائي في مجالات الرعاية الصحية والعلوم الطبية.

واستعرضت مع فخامته فرص التعاون في مجالات التكنولوجيا","His Excellency Alexander Stubb, President of the Republic of Finland, witnessed the signing of a letter of intent between the Ministry of Investment of the United Arab Emirates and the Ministry of Social Affairs and Health of Finland to enhance bilateral cooperation in the fields of health care and medical sciences.

She reviewed with His Excellency opportunities for cooperation in the fields of technology"
1991844531437002810,abdulbaset22,2025-11-21 12:21:57.633000+00:00,"التقيت بدولة مارك كارني، رئيس وزراء كندا، حيث تناولنا آفاق التعاون الاقتصادي والاستثماري والعلاقات المتنامية بين بلدينا، إضافة إلى آخر التطورات المرتبطة باستراتيجيات الذكاء الاصطناعي.

وتبادلنا خلال اللقاء بحضور سمو الشيخ حامد بن زايد وجهات النظر حول سبل تطوير الخدمات الحكومية",0,0,0,https://x.com/hhtbzayed/status/1991844531437002810,"التقيت بدولة مارك كارني، رئيس وزراء كندا، حيث تناولنا آفاق التعاون الاقتصادي والاستثماري والعلاقات المتنامية بين بلدينا، إضافة إلى آخر التطورات المرتبطة باستراتيجيات الذكاء الاصطناعي.

وتبادلنا خلال اللقاء بحضور سمو الشيخ حامد بن زايد وجهات النظر حول سبل تطوير الخدمات الحكومية","I met with Mark Carney, Prime Minister of Canada, where we discussed the prospects for economic and investment cooperation and the growing relations between our two countries, in addition to the latest developments related to artificial intelligence strategies.

During the meeting, in the presence of His Highness Sheikh Hamid bin Zayed, we exchanged views on ways to develop government services"
1992297291869491505,abdulbaset22,2025-11-22 18:21:04.132000+00:00,زرنا اليوم معرض أبوظبي الدولي للقوارب، الذي يمثل منصة نوعية تجمع الخبرات الوطنية والدولية لتبادل المعرفة والتجارب، ودعم مسيرة الدولة في تطوير الصناعات البحرية المرتبطة بالاقتصاد الأزرق. المعرض يعكس التزام أبوظبي بترسيخ مكانتها كوجهة رائدة على خارطة الاقتصاد البحري الإقليمي,0,0,0,https://x.com/HamdanBinZayed/status/1992297291869491505,زرنا اليوم معرض أبوظبي الدولي للقوارب، الذي يمثل منصة نوعية تجمع الخبرات الوطنية والدولية لتبادل المعرفة والتجارب، ودعم مسيرة الدولة في تطوير الصناعات البحرية المرتبطة بالاقتصاد الأزرق. المعرض يعكس التزام أبوظبي بترسيخ مكانتها كوجهة رائدة على خارطة الاقتصاد البحري الإقليمي,"Today, we visited the Abu Dhabi International Boat Show, which represents a qualitative platform that brings together national and international expertise to exchange knowledge and experiences, and support the country’s journey in developing marine industries linked to the blue economy. The exhibition reflects Abu Dhabi's commitment to consolidating its position as a leading destination on the map of the regional maritime economy"
1991775657408491911,abdulbaset22,2025-11-21 07:48:16.785000+00:00,الاحتفاء بالكويت الشقيقة خلال سبعة أيام هو فرصة نعبّر فيها عن محبةٍ تجمع سبع إمارات بروحٍ واحدة. محبة الكويت راسخة في قلوب أهل الإمارات، ومواقفها النبيلة باقية في الذاكرة. نسعد بمشاركة المجتمع في هذه الأيام المخصّصة للاحتفاء بالكويت وقيادتها وشعبها الكريم,0,0,0,https://x.com/HHmansour/status/1991775657408491911,الاحتفاء بالكويت الشقيقة خلال سبعة أيام هو فرصة نعبّر فيها عن محبةٍ تجمع سبع إمارات بروحٍ واحدة. محبة الكويت راسخة في قلوب أهل الإمارات، ومواقفها النبيلة باقية في الذاكرة. نسعد بمشاركة المجتمع في هذه الأيام المخصّصة للاحتفاء بالكويت وقيادتها وشعبها الكريم,"Celebrating sister Kuwait within seven days is an opportunity to express our love that unites seven emirates in one spirit. The love of Kuwait is deeply rooted in the hearts of the people of the Emirates, and its noble stances remain in the memory. We are pleased with the community’s participation in these days dedicated to celebrating Kuwait, its leadership, and its honorable people"
1991842157855203450,abdulbaset22,2025-11-21 12:12:31.727000+00:00,خلال لقائنا في أبوظبي اليوم، بحثت مع فخامة ألكسندر ستوب رئيس جمهورية فنلندا سبل تعزيز العلاقات الثنائية خاصة في المجالات التي تخدم أولوياتنا التنموية المشتركة وفي مقدمتها الاقتصاد والتجارة والتعليم والتكنولوجيا والفضاء والابتكار. وبينما نحتفي هذا العام بالذكرى الخمسين لإقامة,0,0,0,https://x.com/MohamedBinZayed/status/1991842157855203450,خلال لقائنا في أبوظبي اليوم، بحثت مع فخامة ألكسندر ستوب رئيس جمهورية فنلندا سبل تعزيز العلاقات الثنائية خاصة في المجالات التي تخدم أولوياتنا التنموية المشتركة وفي مقدمتها الاقتصاد والتجارة والتعليم والتكنولوجيا والفضاء والابتكار. وبينما نحتفي هذا العام بالذكرى الخمسين لإقامة,"During our meeting in Abu Dhabi today, I discussed with His Excellency Alexander Stubb, President of the Republic of Finland, ways to strengthen bilateral relations, especially in areas that serve our common development priorities, most notably economy, trade, education, technology, space, and innovation. As we celebrate this year the fiftieth anniversary of..."
1992112311310639455,abdulbaset22,2025-11-22 06:06:01.330000+00:00,أبارك لأخي الشيخ أحمد بن سعيد آل مكتوم على النجاح الباهر لمعرض دبي للطيران، الذي أكد مُجدداً مكانته كأحد أبرز المنصات العالمية في صناعة الطيران. نجاحٌ لافت، سواء في حجم الصفقات أو في عدد المشاركين، يعكس رؤية حكومة الإمارات الريادية ودورها المحوري في مستقبل الطيران المدني والعسكري,0,0,0,https://x.com/SaifBZayed/status/1992112311310639455,أبارك لأخي الشيخ أحمد بن سعيد آل مكتوم على النجاح الباهر لمعرض دبي للطيران، الذي أكد مُجدداً مكانته كأحد أبرز المنصات العالمية في صناعة الطيران. نجاحٌ لافت، سواء في حجم الصفقات أو في عدد المشاركين، يعكس رؤية حكومة الإمارات الريادية ودورها المحوري في مستقبل الطيران المدني والعسكري,"I congratulate my brother Sheikh Ahmed bin Saeed Al Maktoum on the resounding success of the Dubai Air Show, which reaffirmed its position as one of the most prominent global platforms in the aviation industry. A remarkable success, whether in the volume of deals or in the number of participants, reflects the pioneering vision of the UAE government and its pivotal role in the future of civil and military aviation."
1991863547790578173,abdulbaset22,2025-11-21 13:37:31.485000+00:00,"I met with His Excellency Mark Carney, Prime Minister of Canada, where we discussed the prospects for economic and investment cooperation and the growing relations between our two countries, in addition to the latest developments related to artificial intelligence strategies.",0,0,0,https://x.com/hhtbzayed/status/1991863547790578173,"I met with His Excellency Mark Carney, Prime Minister of Canada, where we discussed the prospects for economic and investment cooperation and the growing relations between our two countries, in addition to the latest developments related to artificial intelligence strategies.","I met with His Excellency Mark Carney, Prime Minister of Canada, where we discussed the prospects for economic and investment cooperation and the growing relations between our two countries, in addition to the latest developments related to artificial intelligence strategies."
1991535256722424088,abdulbaset22,2025-11-20 15:53:00.795000+00:00,بحثت اليوم في أبوظبي مع دولة مارك كارني رئيس وزراء كندا العلاقات الثنائية، وسبل تعزيزها خاصة في المجالات التي تخدم أولوياتنا التنموية المشتركة وفي مقدمتها الاقتصاد والتكنولوجيا والطاقة المتجددة والذكاء الاصطناعي وريادة الأعمال، إضافة إلى البناء على ما تحقق في مسار هذه العلاقات,0,0,0,https://x.com/MohamedBinZayed/status/1991535256722424088,بحثت اليوم في أبوظبي مع دولة مارك كارني رئيس وزراء كندا العلاقات الثنائية، وسبل تعزيزها خاصة في المجالات التي تخدم أولوياتنا التنموية المشتركة وفي مقدمتها الاقتصاد والتكنولوجيا والطاقة المتجددة والذكاء الاصطناعي وريادة الأعمال، إضافة إلى البناء على ما تحقق في مسار هذه العلاقات,"Today in Abu Dhabi, with Mark Carney, Prime Minister of Canada, I discussed bilateral relations and ways to enhance them, especially in areas that serve our common development priorities, most notably the economy, technology, renewable energy, artificial intelligence, and entrepreneurship, in addition to building on what has been achieved in the course of these relations."
1991873388667703739,abdulbaset22,2025-11-21 14:16:37.733000+00:00,تجسّد مكانة الكويت في وجدان أبناء الإمارات عمق الأخوة التي تجمع البلدين، تماشياً لتوجيهات رئيس الدولة، حفظه الله، للاحتفاء بالعقود التاريخية التي جمعت البلدين في مسار واحد قائم على المحبة والتعاون. وتؤكد دولة الإمارات استمرار نهج الشراكة، وهي علاقات تمتد جذورها إلى تاريخ مشترك,0,0,0,https://x.com/HamdanBinZayed/status/1991873388667703739,تجسّد مكانة الكويت في وجدان أبناء الإمارات عمق الأخوة التي تجمع البلدين، تماشياً لتوجيهات رئيس الدولة، حفظه الله، للاحتفاء بالعقود التاريخية التي جمعت البلدين في مسار واحد قائم على المحبة والتعاون. وتؤكد دولة الإمارات استمرار نهج الشراكة، وهي علاقات تمتد جذورها إلى تاريخ مشترك,"Kuwait's status in the minds of the people of the Emirates embodies the depth of brotherhood that unites the two countries, in line with the directives of the President, may God protect him, to celebrate the historical decades that brought the two countries together on a single path based on love and cooperation. The UAE affirms the continuation of the partnership approach, a relationship that has its roots in a common history"
1991749316743164210,abdulbaset22,2025-11-21 06:03:36.681000+00:00,"Kuwait has been a longstanding supporter and partner of the UAE since before the Union. For one week this coming 29 January onwards, we encourage our community to honour this enduring bond and celebrate Kuwait, its leadership, and its people. May God safeguard Kuwait and bless",0,0,0,https://x.com/MohamedBinZayed/status/1991749316743164210,"Kuwait has been a longstanding supporter and partner of the UAE since before the Union. For one week this coming 29 January onwards, we encourage our community to honour this enduring bond and celebrate Kuwait, its leadership, and its people. May God safeguard Kuwait and bless","Kuwait has been a longstanding supporter and partner of the UAE since before the Union. For one week this coming 29 January onwards, we encourage our community to honour this enduring bond and celebrate Kuwait, its leadership, and its people. May God safeguard Kuwait and bless"
1991749312595067055,abdulbaset22,2025-11-21 06:03:35.692000+00:00,علاقاتنا مع الكويت علاقة أخوة ومحبة وقربى، كانت السند قبل الاتحاد وبعده، واليد التي امتدت لتعطي وتساعد وتساند، وما زالت وقفاتهم معنا إلى اليوم وقفات صادقة، واليوم ندعو مجتمع الإمارات ومؤسساتها للاحتفاء بعقود من هذه الأخوة بدءاً من 29 من شهر يناير القادم ولمدة أسبوع. الاحتفاء,0,0,0,https://x.com/MohamedBinZayed/status/1991749312595067055,علاقاتنا مع الكويت علاقة أخوة ومحبة وقربى، كانت السند قبل الاتحاد وبعده، واليد التي امتدت لتعطي وتساعد وتساند، وما زالت وقفاتهم معنا إلى اليوم وقفات صادقة، واليوم ندعو مجتمع الإمارات ومؤسساتها للاحتفاء بعقود من هذه الأخوة بدءاً من 29 من شهر يناير القادم ولمدة أسبوع. الاحتفاء,"Our relations with Kuwait are a relationship of brotherhood, love and kinship. They were the bond before and after the union, and the hand that extended to give, help and support. Their stances with us to this day are still sincere stances, and today we call on the UAE society and its institutions to celebrate decades of this brotherhood starting from the 29th of next January and for a week. Celebration"
1991412627956724135,abdulbaset22,2025-11-20 07:45:43.819000+00:00,أطلقنا برنامجا اقتصادياً دولياً لتعزيز مكانة الإمارات العالمية في التجارة الخارجية.. البرنامج يستهدف استقطاب أهم 1000 شركة عالمية في مجال التجارة الدولية، وإطلاق بوابة رقمية تربط آلاف شركات التصدير الإماراتية بالأسواق الخارجية، كما يوفر فرصاً أكبر لمنتجاتهم وأسواقاً جديدة,0,0,0,https://x.com/HHShkMohd/status/1991412627956724135,أطلقنا برنامجا اقتصادياً دولياً لتعزيز مكانة الإمارات العالمية في التجارة الخارجية.. البرنامج يستهدف استقطاب أهم 1000 شركة عالمية في مجال التجارة الدولية، وإطلاق بوابة رقمية تربط آلاف شركات التصدير الإماراتية بالأسواق الخارجية، كما يوفر فرصاً أكبر لمنتجاتهم وأسواقاً جديدة,"We launched an international economic program to enhance the UAE’s global position in foreign trade. The program aims to attract the 1,000 most important global companies in the field of international trade, and launch a digital portal that connects thousands of Emirati export companies to foreign markets. It also provides greater opportunities for their products and new markets."
1991114482420961772,abdulbaset22,2025-11-19 12:01:00.384000+00:00,"بحضور سمو الشيخ خالد بن محمد بن زايد آل نهيان، التقيتُ لاري فينك رئيس مجلس الإدارة والرئيس التنفيذي لـ بلاك روك، وتناولنا آخر تطورات الذكاء الاصطناعي والتكنولوجيا المتقدمة، وما تتيحه من فرص لإعادة تشكيل منظومات الاستثمار والاقتصاد العالمي.
 
كما استعرضنا شراكتنا وتعاوننا في عدة",0,0,0,https://x.com/hhtbzayed/status/1991114482420961772,"بحضور سمو الشيخ خالد بن محمد بن زايد آل نهيان، التقيتُ لاري فينك رئيس مجلس الإدارة والرئيس التنفيذي لـ بلاك روك، وتناولنا آخر تطورات الذكاء الاصطناعي والتكنولوجيا المتقدمة، وما تتيحه من فرص لإعادة تشكيل منظومات الاستثمار والاقتصاد العالمي.
 
كما استعرضنا شراكتنا وتعاوننا في عدة","In the presence of His Highness Sheikh Khalid bin Mohammed bin Zayed Al Nahyan, I met with Larry Fink, Chairman of the Board of Directors and CEO of BlackRock, and we discussed the latest developments in artificial intelligence and advanced technology, and the opportunities they provide to reshape investment systems and the global economy.
 
We also reviewed our partnership and cooperation in several areas"
1991187228597559385,abdulbaset22,2025-11-19 16:50:04.424000+00:00,يمثّل معرض دبي للطيران في نسخته التاسعة عشرة أكبر دوراته على الإطلاق، في انعكاسٍ واضح للمكانة المتنامية لدولة الإمارات  ودورها المحوري في تشكيل مستقبل صناعة الطيران والفضاء عالمياً. ويأتي هذا التقدم ثمرةً لرؤية القيادة الرشيدة التي أرست نهجاً يقوم على الاستثمار في الابتكار،,0,0,0,https://x.com/SaifBZayed/status/1991187228597559385,يمثّل معرض دبي للطيران في نسخته التاسعة عشرة أكبر دوراته على الإطلاق، في انعكاسٍ واضح للمكانة المتنامية لدولة الإمارات  ودورها المحوري في تشكيل مستقبل صناعة الطيران والفضاء عالمياً. ويأتي هذا التقدم ثمرةً لرؤية القيادة الرشيدة التي أرست نهجاً يقوم على الاستثمار في الابتكار،,"The Dubai Airshow, in its nineteenth edition, represents its largest edition ever, a clear reflection of the growing status of the UAE and its pivotal role in shaping the future of the global aviation and space industry. This progress comes as a result of the vision of the wise leadership, which established an approach based on investing in innovation."
1991144762146189805,abdulbaset22,2025-11-19 14:01:19.633000+00:00,"مع الفريق القيادي لمجموعة طيران الإمارات .. يديرون أكثر من 120 ألف موظف .. ويحققون أكثر من 120 مليار درهم عوائد سنوية .. ويقدمون أعلى خدمة عالمية في الأجواء لأكثر من 65 مليون مسافر سنوياً . 

فريق إماراتي من الدرجة الأولى ",0,0,0,https://x.com/HHShkMohd/status/1991144762146189805,"مع الفريق القيادي لمجموعة طيران الإمارات .. يديرون أكثر من 120 ألف موظف .. ويحققون أكثر من 120 مليار درهم عوائد سنوية .. ويقدمون أعلى خدمة عالمية في الأجواء لأكثر من 65 مليون مسافر سنوياً . 

فريق إماراتي من الدرجة الأولى ","With the leadership team of the Emirates Airlines Group, they manage more than 120,000 employees, achieve more than 120 billion dirhams in annual revenues, and provide the highest global service in the air to more than 65 million passengers annually. 

A first-class Emirati team"
1991371724806647991,abdulbaset22,2025-11-20 05:03:11.748000+00:00,في مناسبة اليوم الوطني لسلطنة عمان، أهنئ أخي السلطان هيثم بن طارق والأشقاء في السلطنة، مع صادق أمنياتي بالمزيد من التقدم والرخاء ومواصلة مسيرة النماء والازدهار. تجمع الإمارات وعمان علاقات راسخة تمتد عبر التاريخ مجسدة روح الأخوّة والمحبة ووحدة المصير، وإن شاء الله تتواصل علاقات,0,0,0,https://x.com/MohamedBinZayed/status/1991371724806647991,في مناسبة اليوم الوطني لسلطنة عمان، أهنئ أخي السلطان هيثم بن طارق والأشقاء في السلطنة، مع صادق أمنياتي بالمزيد من التقدم والرخاء ومواصلة مسيرة النماء والازدهار. تجمع الإمارات وعمان علاقات راسخة تمتد عبر التاريخ مجسدة روح الأخوّة والمحبة ووحدة المصير، وإن شاء الله تتواصل علاقات,"On the occasion of the National Day of the Sultanate of Oman, I congratulate my brother Sultan Haitham bin Tariq and the brothers in the Sultanate, with my sincere wishes for further progress and prosperity and the continuation of the path of growth and prosperity. The UAE and Oman share deep-rooted relations that extend throughout history, embodying the spirit of brotherhood, love, and unity of destiny, and, God willing, relations will continue."
1991402134986990005,abdulbaset22,2025-11-20 07:04:02.100000+00:00,"بمناسبة اليوم الوطني لسلطنة عُمان الشقيقة، أهنئ جلالة السلطان هيثم بن طارق والشعب العُماني العزيز، متمنين لهم دوام التقدّم والازدهار.
ونستحضر في هذه المناسبة عمق الروابط الأخوية التي تجمع بلدينا، وما تحمله من تاريخ مشترك وقيم أصيلة تعكس متانة العلاقات بين الإمارات والسلطنة.
ونسأل",0,0,0,https://x.com/HHmansour/status/1991402134986990005,"بمناسبة اليوم الوطني لسلطنة عُمان الشقيقة، أهنئ جلالة السلطان هيثم بن طارق والشعب العُماني العزيز، متمنين لهم دوام التقدّم والازدهار.
ونستحضر في هذه المناسبة عمق الروابط الأخوية التي تجمع بلدينا، وما تحمله من تاريخ مشترك وقيم أصيلة تعكس متانة العلاقات بين الإمارات والسلطنة.
ونسأل","On the occasion of the National Day of the sisterly Sultanate of Oman, I congratulate His Majesty Sultan Haitham bin Tariq and the dear Omani people, wishing them continued progress and prosperity.
On this occasion, we recall the depth of the fraternal ties that unite our two countries, and the shared history and authentic values ​​that reflect the strength of relations between the Emirates and the Sultanate.
And we ask"
1991430045072781521,abdulbaset22,2025-11-20 08:54:56.383000+00:00,"أهنئ  جلالة السلطان هيثم بن طارق، والشعب العُماني الشقيق بمناسبة اليوم الوطني، متمنياً لعُمان مزيداً من التقدّم والازدهار.
تجمع دولة الإمارات وسلطنة عُمان علاقاتٌ تاريخية وأخوية عميقة،يعزّزها التعاون المستمر والمصير المشترك بين الشعبين الشقيقين.",0,0,0,https://x.com/HamdanBinZayed/status/1991430045072781521,"أهنئ  جلالة السلطان هيثم بن طارق، والشعب العُماني الشقيق بمناسبة اليوم الوطني، متمنياً لعُمان مزيداً من التقدّم والازدهار.
تجمع دولة الإمارات وسلطنة عُمان علاقاتٌ تاريخية وأخوية عميقة،يعزّزها التعاون المستمر والمصير المشترك بين الشعبين الشقيقين.","I congratulate His Majesty Sultan Haitham bin Tariq and the brotherly Omani people on the occasion of National Day, wishing Oman further progress and prosperity.
The UAE and the Sultanate of Oman share deep historical and fraternal relations, strengthened by continuous cooperation and a shared destiny between the two brotherly peoples."
1991144934938988965,abdulbaset22,2025-11-19 14:02:00.830000+00:00,"With the leadership team of Emirates Airline Group...  
They manage more than 120,000 employees, generate annual revenues exceeding 120 billion dirhams, and deliver the world’s highest-rated in-flight service to more than 65 million passengers every year.

A first-class Emirati",0,0,0,https://x.com/HHShkMohd/status/1991144934938988965,"With the leadership team of Emirates Airline Group...  
They manage more than 120,000 employees, generate annual revenues exceeding 120 billion dirhams, and deliver the world’s highest-rated in-flight service to more than 65 million passengers every year.

A first-class Emirati","With the leadership team of Emirates Airline Group...  
They manage more than 120,000 employees, generate annual revenues exceeding 120 billion dirhams, and deliver the world’s highest-rated in-flight service to more than 65 million passengers every year.

A first-class Emirati"
1991454193287385504,abdulbaset22,2025-11-20 10:30:53.766000+00:00,"خالص التهاني للأشقاء في سلطنة عُمان قيادة وشعبا بمناسبة الاحتفال بذكرى اليوم الوطني، سائلين اللّٰه أن يديم عليهم الازدهار والاستقرار وتحقيق المزيد من التقدم والتنمية.

الإمارات وعُمان تجمعهما علاقات أخوية متجذرة تحظى برعاية دائمة من القيادة الرشيدة لصاحب السمو الشيخ محمد بن زايد",0,0,0,https://x.com/hhtbzayed/status/1991454193287385504,"خالص التهاني للأشقاء في سلطنة عُمان قيادة وشعبا بمناسبة الاحتفال بذكرى اليوم الوطني، سائلين اللّٰه أن يديم عليهم الازدهار والاستقرار وتحقيق المزيد من التقدم والتنمية.

الإمارات وعُمان تجمعهما علاقات أخوية متجذرة تحظى برعاية دائمة من القيادة الرشيدة لصاحب السمو الشيخ محمد بن زايد","Our sincere congratulations to the leadership and people of the brothers in the Sultanate of Oman on the occasion of the celebration of the National Day, asking God to grant them prosperity and stability and achieve further progress and development.

The UAE and Oman share deep-rooted fraternal relations that enjoy constant patronage from the wise leadership of His Highness Sheikh Mohammed bin Zayed."
1990798355702661140,abdulbaset22,2025-11-18 15:04:49.901000+00:00,خلال لقائنا اليوم في أبوظبي بحثت مع الرئيس لي جيه ميونغ العلاقات التنموية المتميزة بين بلدينا، والعمل المشترك لدعمها ودفعها إلى الأمام لما فيه الخير والنماء والازدهار لشعبينا. الإمارات حريصة على مواصلة العمل مع جمهورية كوريا بما يخدم التنمية المشتركة للبلدين ويحقق أهداف الشراكة,0,0,0,https://x.com/MohamedBinZayed/status/1990798355702661140,خلال لقائنا اليوم في أبوظبي بحثت مع الرئيس لي جيه ميونغ العلاقات التنموية المتميزة بين بلدينا، والعمل المشترك لدعمها ودفعها إلى الأمام لما فيه الخير والنماء والازدهار لشعبينا. الإمارات حريصة على مواصلة العمل مع جمهورية كوريا بما يخدم التنمية المشتركة للبلدين ويحقق أهداف الشراكة,"During our meeting today in Abu Dhabi, I discussed with President Lee Jae-myung the distinguished development relations between our two countries, and joint work to support them and move them forward for the good, development and prosperity of our two peoples. The UAE is keen to continue working with the Republic of Korea in a way that serves the common development of the two countries and achieves the goals of the partnership"
1988182520526204938,abdulbaset22,2025-11-11 09:50:26.195000+00:00,"يحيا الإنسان بالأمل .. وتستبشر المجتمعات بالأمل وبالقادم الأجمل .. 
الأمل عنوان قوة، ومحرك للتغيير، وسر للتجدد ومصدر لا ينضب لخير البشر . 

في كل قرية .. وفي كل مدينة هناك أناس نذروا أنفسهم لخير البشر .. وصناعة الأمل .. أناس لا يبحثون عن الشهرة .. ولا يجرون خلف الأضواء .. 

نبحث",0,0,0,https://x.com/HHShkMohd/status/1988182520526204938,"يحيا الإنسان بالأمل .. وتستبشر المجتمعات بالأمل وبالقادم الأجمل .. 
الأمل عنوان قوة، ومحرك للتغيير، وسر للتجدد ومصدر لا ينضب لخير البشر . 

في كل قرية .. وفي كل مدينة هناك أناس نذروا أنفسهم لخير البشر .. وصناعة الأمل .. أناس لا يبحثون عن الشهرة .. ولا يجرون خلف الأضواء .. 

نبحث","Man lives with hope... and societies rejoice in hope and the most beautiful future... 
Hope is a symbol of strength, an engine for change, a secret to renewal, and an inexhaustible source of human good. 

In every village... and in every city, there are people who have dedicated themselves to the good of humanity... and creating hope... people who do not seek fame... and do not run after the spotlight... 

We are searching"
1987919466785849825,abdulbaset22,2025-11-10 16:25:09.296000+00:00,"انطلاقاً من رؤية دولة الإمارات  في تعزيز جودة الحياة الرقمية وبناء مجتمع رقمي آمن، ترأستُ اجتماع مجلس جودة الحياة الرقمية، حيث ناقشنا عدة مشاريع تهدف لحماية المجتمع من المخاطر الرقمية وتعزز الاستخدام الآمن.

استعرضنا مبادراتٍ وطنية رائدة في حماية المستخدمين، منها ""التصنيف",0,0,0,https://x.com/SaifBZayed/status/1987919466785849825,"انطلاقاً من رؤية دولة الإمارات  في تعزيز جودة الحياة الرقمية وبناء مجتمع رقمي آمن، ترأستُ اجتماع مجلس جودة الحياة الرقمية، حيث ناقشنا عدة مشاريع تهدف لحماية المجتمع من المخاطر الرقمية وتعزز الاستخدام الآمن.

استعرضنا مبادراتٍ وطنية رائدة في حماية المستخدمين، منها ""التصنيف","Based on the UAE’s vision to enhance the quality of digital life and build a safe digital society, I chaired the meeting of the Digital Quality of Life Council, where we discussed several projects aimed at protecting society from digital risks and promoting safe use.

We reviewed leading national initiatives to protect users, including “Classification"
1988091834909028583,abdulbaset22,2025-11-11 03:50:05.059000+00:00,"الحمدلله 
الحمدلله
الحمدلله",0,0,0,https://x.com/Abdulbaset22/status/1988091834909028583,"الحمدلله 
الحمدلله
الحمدلله","Thank God 
Thank God
Thank God"
1987585187937685710,abdulbaset22,2025-11-09 18:16:51.008000+00:00,"برعاية كريمة من سمو الشيخ فلاح بن زايد آل نهيان، رئيس نادي غنتوت لسباق الخيل والبولو، شهد النادي فعاليات ""البينك بولو 2025"" التي جمعت بين الرياضة والرسالة الإنسانية، وجسدت رؤية نادي غنتوت في تعزيز الوعي المجتمعي ومواصلة دوره في دعم المبادرات الخيرية والرياضية الراقية، بحضور",0,0,0,https://x.com/UAE_BARQ/status/1987585187937685710,"برعاية كريمة من سمو الشيخ فلاح بن زايد آل نهيان، رئيس نادي غنتوت لسباق الخيل والبولو، شهد النادي فعاليات ""البينك بولو 2025"" التي جمعت بين الرياضة والرسالة الإنسانية، وجسدت رؤية نادي غنتوت في تعزيز الوعي المجتمعي ومواصلة دوره في دعم المبادرات الخيرية والرياضية الراقية، بحضور","Under the generous patronage of His Highness Sheikh Falah bin Zayed Al Nahyan, President of the Ghantoot Horse Racing and Polo Club, the club witnessed the “Pink Polo 2025” events, which combined sports and the humanitarian message, and embodied the vision of the Ghantoot Club in enhancing community awareness and continuing its role in supporting charitable and high-end sports initiatives, in the presence of"
1986609315843858799,abdulbaset22,2025-11-07 01:39:04.970000+00:00,"قال رسول الله ﷺ

أكثروا من الصلاة عليّ ليلة الجمعة
ويوم الجمعة فإن صلاتكم معروضةٌ عليّ 

اللهم صلِ وسلم على نبينا محمد",0,0,0,https://x.com/Abdulbaset22/status/1986609315843858799,"قال رسول الله ﷺ

أكثروا من الصلاة عليّ ليلة الجمعة
ويوم الجمعة فإن صلاتكم معروضةٌ عليّ 

اللهم صلِ وسلم على نبينا محمد","The Messenger of God, peace and blessings be upon him, said

Pray for me more on Friday night
On Friday, your prayers are before me 

O God, bless and grant peace upon our Prophet Muhammad"
1986062675902931347,abdulbaset22,2025-11-05 13:26:55.852000+00:00,سعدت بلقاء معالي ماتيوس شتوك، وزير الداخلية في جمهورية سلوفاكيا الصديقة، في إطار أعمال الاجتماع السادس للتحالف الأمني الدولي، حيث بحثنا فرص تطوير آفاق التعاون الثنائي في مكافحة الجريمة المنظمة وتبادل أفضل الممارسات في المجالات الأمنية والشرطية وحوكمة البيانات، وأكدنا أهمية,0,0,0,https://x.com/SaifBZayed/status/1986062675902931347,سعدت بلقاء معالي ماتيوس شتوك، وزير الداخلية في جمهورية سلوفاكيا الصديقة، في إطار أعمال الاجتماع السادس للتحالف الأمني الدولي، حيث بحثنا فرص تطوير آفاق التعاون الثنائي في مكافحة الجريمة المنظمة وتبادل أفضل الممارسات في المجالات الأمنية والشرطية وحوكمة البيانات، وأكدنا أهمية,"I was pleased to meet with His Excellency Mateusz Stock, Minister of the Interior of the friendly Slovak Republic, within the framework of the sixth meeting of the International Security Alliance, where we discussed opportunities to develop the prospects for bilateral cooperation in combating organized crime and exchange best practices in the fields of security, policing and data governance, and we stressed the importance of"
1986076681887531366,abdulbaset22,2025-11-05 14:22:35.139000+00:00,"قال الله تعالى:
(وَلَا تَمْشِ فِي الْأَرْضِ مَرَحًا إِنَّ اللَّهَ لَا يُحِبُّ كُلَّ مُخْتَالٍ فَخُورٍ)
وقال رسول الله صلى الله عليه وسلم :
""لا يدخل الجنة من كان في قلبه مثقال ذرةٍ من كِبَر""
.
لا تتكبر. فمنصبك وكرسيّك سيأتي من يشغلهما .. فلو دامت لغيرك من قبلك ما اتصلت إليك.
واعلم",0,0,0,https://x.com/HaithamAlQasimi/status/1986076681887531366,"قال الله تعالى:
(وَلَا تَمْشِ فِي الْأَرْضِ مَرَحًا إِنَّ اللَّهَ لَا يُحِبُّ كُلَّ مُخْتَالٍ فَخُورٍ)
وقال رسول الله صلى الله عليه وسلم :
""لا يدخل الجنة من كان في قلبه مثقال ذرةٍ من كِبَر""
.
لا تتكبر. فمنصبك وكرسيّك سيأتي من يشغلهما .. فلو دامت لغيرك من قبلك ما اتصلت إليك.
واعلم","God Almighty said:
(And do not walk on earth in amusement; for God does not like every arrogant and proud person.)
The Messenger of God, may God bless him and grant him peace, said:
“No one who has an atom’s weight of pride in his heart will enter Paradise.”
.
Don't be arrogant. Someone will come to occupy your position and chair. If it had been held by others before you, it would not have come to you.
And I know"
1986108590491685129,abdulbaset22,2025-11-05 16:29:22.743000+00:00,"تشرفت بحضور اجتماع المجلس الوزاري للتنمية برئاسة سمو الشيخ #منصور_بن_زايد آل نهيان، ضمن أعمال الاجتماعات السنوية لحكومة دولة الإمارات 2025.
استعرض الاجتماع أبرز مجالات التنسيق الحكومي المشترك، والمشاريع التنموية المقترحة في قطاعات البنية التحتية والطرق، وحلول الازدحام المروري،",0,0,0,https://x.com/Rashidbinhumaid/status/1986108590491685129,"تشرفت بحضور اجتماع المجلس الوزاري للتنمية برئاسة سمو الشيخ #منصور_بن_زايد آل نهيان، ضمن أعمال الاجتماعات السنوية لحكومة دولة الإمارات 2025.
استعرض الاجتماع أبرز مجالات التنسيق الحكومي المشترك، والمشاريع التنموية المقترحة في قطاعات البنية التحتية والطرق، وحلول الازدحام المروري،","I was honored to attend the meeting of the Ministerial Council for Development, chaired by His Highness Sheikh #Mansour_bin_Zayed Al Nahyan, as part of the annual meetings of the UAE government 2025.
The meeting reviewed the most prominent areas of joint government coordination, proposed development projects in the infrastructure and road sectors, and solutions to traffic congestion."
1986062172863308071,abdulbaset22,2025-11-05 13:24:55.918000+00:00,سررت بلقاء معالي فورت فان أوستن، وزير العدل والأمن في مملكة هولندا  الصديقة، على هامش الاجتماع السادس للتحالف الأمني الدولي، حيث تناولنا سبل توسيع التعاون في مجالات الابتكار الأمني والتحول الرقمي في العمل الشرطي، وناقشنا تعزيز استخدام التقنيات الحديثة والذكاء الاصطناعي والتحليل,0,0,0,https://x.com/SaifBZayed/status/1986062172863308071,سررت بلقاء معالي فورت فان أوستن، وزير العدل والأمن في مملكة هولندا  الصديقة، على هامش الاجتماع السادس للتحالف الأمني الدولي، حيث تناولنا سبل توسيع التعاون في مجالات الابتكار الأمني والتحول الرقمي في العمل الشرطي، وناقشنا تعزيز استخدام التقنيات الحديثة والذكاء الاصطناعي والتحليل,"I was pleased to meet with His Excellency Voort van Oosten, Minister of Justice and Security of the friendly Kingdom of the Netherlands, on the sidelines of the sixth meeting of the International Security Alliance, where we discussed ways to expand cooperation in the fields of security innovation and digital transformation in policing, and we discussed enhancing the use of modern technologies, artificial intelligence and analysis."
1986442190428774722,abdulbaset22,2025-11-06 14:34:59.166000+00:00,"على بركة الله يبتدي موسمنا في نادي غنتوت لسباقات الخيل والبولو بفعالية البينك بولو 
دعوة عامة للجميع للحضور واللاستمتاع بيوم استثنائي ،، يوم رائع للعائلة…",0,0,0,https://x.com/Abdulbaset22/status/1986442190428774722,"على بركة الله يبتدي موسمنا في نادي غنتوت لسباقات الخيل والبولو بفعالية البينك بولو 
دعوة عامة للجميع للحضور واللاستمتاع بيوم استثنائي ،، يوم رائع للعائلة…","With God’s blessing, our season begins at the Ghantoot Horse Racing and Polo Club with the Pink Polo event 
A general invitation to everyone to come and enjoy an exceptional day, a wonderful day for the family…"
1986119831217971217,abdulbaset22,2025-11-05 17:14:02.741000+00:00,"شهدت اليوم الاجتماعات السنوية لحكومة دولة الإمارات.. التجمع الوطني الأكبر لفرق العمل وقيادات الدولة . .
نعمل بروح الاتحاد، وبتوجيهات أخي الشيخ محمد بن زايد، نحو تحقيق أولوياتنا الوطنية وتسريع إنجازها.. فرقنا الوطنية تعمل بتناغم وإخلاص لتعزيز ريادة الإمارات في كل القطاعات..",0,0,0,https://x.com/HHShkMohd/status/1986119831217971217,"شهدت اليوم الاجتماعات السنوية لحكومة دولة الإمارات.. التجمع الوطني الأكبر لفرق العمل وقيادات الدولة . .
نعمل بروح الاتحاد، وبتوجيهات أخي الشيخ محمد بن زايد، نحو تحقيق أولوياتنا الوطنية وتسريع إنجازها.. فرقنا الوطنية تعمل بتناغم وإخلاص لتعزيز ريادة الإمارات في كل القطاعات..","Today witnessed the annual meetings of the UAE government...the largest national gathering of work teams and state leaders. .
We are working in the spirit of unity, and under the directives of my brother Sheikh Mohammed bin Zayed, towards achieving our national priorities and accelerating their achievement. Our national teams work in harmony and sincerity to enhance the UAE’s leadership in all sectors."
1985424630077935656,abdulbaset22,2025-11-03 19:11:33.873000+00:00,"ما أروعك 
@AlWahdaFCC",0,0,0,https://x.com/Abdulbaset22/status/1985424630077935656,"ما أروعك 
@AlWahdaFCC","How wonderful you are 
@AlWahdaFCC"
1985401989031948603,abdulbaset22,2025-11-03 17:41:35.827000+00:00,"من أبوظبي، حيث تلتقي الرؤية بالإرادة، يبدأ حوار العالم حول مستقبل الطاقة.  
وفي أديبك 2025 نُجدّد إيماننا برؤية قيادتنا في دفع التحوّل المتوازن للطاقة، وترسيخ مكانة الإمارات مركزاً عالمياً للابتكار والاستدامة، ونمضي بثقة نحو مستقبلٍ يوازن بين التقدّم والتنمية والمسؤولية، ويجعل من",0,0,0,https://x.com/HHmansour/status/1985401989031948603,"من أبوظبي، حيث تلتقي الرؤية بالإرادة، يبدأ حوار العالم حول مستقبل الطاقة.  
وفي أديبك 2025 نُجدّد إيماننا برؤية قيادتنا في دفع التحوّل المتوازن للطاقة، وترسيخ مكانة الإمارات مركزاً عالمياً للابتكار والاستدامة، ونمضي بثقة نحو مستقبلٍ يوازن بين التقدّم والتنمية والمسؤولية، ويجعل من","From Abu Dhabi, where vision meets will, the world's dialogue about the future of energy begins.  
In ADIPEC 2025, we renew our faith in the vision of our leadership to advance a balanced energy transition, consolidate the UAE’s position as a global center for innovation and sustainability, and move confidently towards a future that balances progress, development and responsibility, and makes..."
1985396237869465967,abdulbaset22,2025-11-03 17:18:44.643000+00:00,"في يوم العلم  تتجلّى روحُ الوطن في أبهى صورها، وتسمو الرايةُ في عليائها شاهدةً على مسيرةٍ كتبها رجالٌ بالإخلاص والعزيمة، فصارت الإماراتُ نموذجاً فريداً في وحدة الإرادة وعلوّ الهمة وصدق الانتماء.

وبالقيادة المُلهمة لسيدي صاحب السمو الشيخ محمد بن زايد آل نهيان رئيس الدولة حفظه",0,0,0,https://x.com/SaifBZayed/status/1985396237869465967,"في يوم العلم  تتجلّى روحُ الوطن في أبهى صورها، وتسمو الرايةُ في عليائها شاهدةً على مسيرةٍ كتبها رجالٌ بالإخلاص والعزيمة، فصارت الإماراتُ نموذجاً فريداً في وحدة الإرادة وعلوّ الهمة وصدق الانتماء.

وبالقيادة المُلهمة لسيدي صاحب السمو الشيخ محمد بن زايد آل نهيان رئيس الدولة حفظه","On Flag Day, the spirit of the nation is revealed in its most beautiful form, and the flag rises to its heights, bearing witness to a march written by men with sincerity and determination. The UAE has become a unique model of unity of will, high resolve, and sincerity of belonging.

And under the inspiring leadership of His Highness Sheikh Mohammed bin Zayed Al Nahyan, President of the State, he preserved it"
1985277832797577307,abdulbaset22,2025-11-03 09:28:14.674000+00:00,في يوم العلم، تتجدد مشاعر الفخر والانتماء، وتستحضر قلوبنا كل تضحيات الآباء المؤسسين الذين رفعوا راية الإمارات لتظل شامخة رمزاً لوحدة الوطن وعزّة شعبه. هذا اليوم هو رسالة وفاء وولاء لوطننا وقيادتنا الرشيدة، ومصدر إلهام لنواصل البناء والتقدم، ولتبقى رايتنا خفّاقة في السماء عالية,0,0,0,https://x.com/HamdanBinZayed/status/1985277832797577307,في يوم العلم، تتجدد مشاعر الفخر والانتماء، وتستحضر قلوبنا كل تضحيات الآباء المؤسسين الذين رفعوا راية الإمارات لتظل شامخة رمزاً لوحدة الوطن وعزّة شعبه. هذا اليوم هو رسالة وفاء وولاء لوطننا وقيادتنا الرشيدة، ومصدر إلهام لنواصل البناء والتقدم، ولتبقى رايتنا خفّاقة في السماء عالية,"On Flag Day, feelings of pride and belonging are renewed, and our hearts recall all the sacrifices of the founding fathers who raised the UAE flag so that it remains tall as a symbol of the unity of the nation and the pride of its people. This day is a message of loyalty and devotion to our country and our wise leadership, and a source of inspiration to continue building and progressing, and to keep our flag flying high in the sky."
1985251336309674437,abdulbaset22,2025-11-03 07:42:57.419000+00:00,"في يوم العلم، يوم الفخر برمز وحدتنا وهويتنا الوطنية، يتجدد عهد الولاء والوفاء للقيادة الحكيمة لصاحب السمو الشيخ محمد بن زايد آل نهيان رئيس الدولة ""حفظه الله""، ومعه تتجدد العزيمة لمواصلة مسيرة الآباء والأجداد حتى تظل راية الإمارات تجسيداً حيّاً لطموح شعبنا وإرادته الشامخة.",0,0,0,https://x.com/HazzaBinZayed/status/1985251336309674437,"في يوم العلم، يوم الفخر برمز وحدتنا وهويتنا الوطنية، يتجدد عهد الولاء والوفاء للقيادة الحكيمة لصاحب السمو الشيخ محمد بن زايد آل نهيان رئيس الدولة ""حفظه الله""، ومعه تتجدد العزيمة لمواصلة مسيرة الآباء والأجداد حتى تظل راية الإمارات تجسيداً حيّاً لطموح شعبنا وإرادته الشامخة.","On Flag Day, a day of pride in the symbol of our unity and national identity, the pledge of allegiance and loyalty to the wise leadership of His Highness Sheikh Mohammed bin Zayed Al Nahyan, President of the State, “may God protect him,” is renewed, and with him the determination is renewed to continue the path of our fathers and grandfathers so that the UAE flag remains a living embodiment of the ambition and lofty will of our people."
1982761971079684309,abdulbaset22,2025-10-27 10:51:06.498000+00:00,"ترأست اليوم اجتماع مجلس الوزراء في قصر الوطن بأبوظبي .. اعتمدنا خلاله الميزانية السنوية للاتحاد لسنة 2026 بإيرادات تقديرية تبلغ 92.4 مليار درهم وبمصروفات مماثلة ومتوازنة . 

ميزانية الاتحاد لسنة 2026 هي الأعلى منذ نشأة الاتحاد .. ميزانية ترسخ المنظومة الاتحادية .. ونعكس من خلالها",0,0,0,https://x.com/HHShkMohd/status/1982761971079684309,"ترأست اليوم اجتماع مجلس الوزراء في قصر الوطن بأبوظبي .. اعتمدنا خلاله الميزانية السنوية للاتحاد لسنة 2026 بإيرادات تقديرية تبلغ 92.4 مليار درهم وبمصروفات مماثلة ومتوازنة . 

ميزانية الاتحاد لسنة 2026 هي الأعلى منذ نشأة الاتحاد .. ميزانية ترسخ المنظومة الاتحادية .. ونعكس من خلالها","Today, I chaired the Cabinet meeting at Qasr Al Watan in Abu Dhabi, during which we approved the Union’s annual budget for the year 2026, with estimated revenues of 92.4 billion dirhams and similar and balanced expenditures. 

The Union budget for the year 2026 is the highest since the establishment of the Union.. A budget that consolidates the federal system.. and through it we reflect"
1983159497825890789,abdulbaset22,2025-10-28 13:10:44.260000+00:00,أثناء زيارة مجمع زايد التعليمي في الورقاء اليوم .. مدرسة حكومية تلخص التطوير الذي تشهده العملية التعليمية والتربوية .. حيث الهوية الوطنية جزء من اليوم الدراسي .. والأنشطة الرياضية جزء من جودة حياة الطلاب .. وشرح الحياة الاقتصادية جزء من المناهج اللاصفية .. والإبداع في القراءة,0,0,0,https://x.com/HHShkMohd/status/1983159497825890789,أثناء زيارة مجمع زايد التعليمي في الورقاء اليوم .. مدرسة حكومية تلخص التطوير الذي تشهده العملية التعليمية والتربوية .. حيث الهوية الوطنية جزء من اليوم الدراسي .. والأنشطة الرياضية جزء من جودة حياة الطلاب .. وشرح الحياة الاقتصادية جزء من المناهج اللاصفية .. والإبداع في القراءة,During a visit to the Zayed Educational Complex in Al Warqaa today...a government school that summarizes the development witnessed by the educational process...where national identity is part of the school day...and sports activities are part of the students’ quality of life...and explaining economic life is part of the extracurricular curricula...and creativity in reading
1983201841317056586,abdulbaset22,2025-10-28 15:58:59.735000+00:00,شكراً سيدي على دعمكم و رؤيتكم الملهمة لمسيرة التعليم، و بتوجيهاتكم سنواصل مع كوادرنا التربوية غرس شغف المعرفة في قلوب أبنائنا ليصنعوا المستقبل الذي يليق بالإمارات ,0,0,0,https://x.com/ABZayed/status/1983201841317056586,شكراً سيدي على دعمكم و رؤيتكم الملهمة لمسيرة التعليم، و بتوجيهاتكم سنواصل مع كوادرنا التربوية غرس شغف المعرفة في قلوب أبنائنا ليصنعوا المستقبل الذي يليق بالإمارات ,"Thank you, sir, for your support and inspiring vision for the education process, and with your guidance, we will continue with our educational staff to instill the passion for knowledge in the hearts of our children to create a future that befits the Emirates."
1981415411938971976,abdulbaset22,2025-10-23 17:40:21.781000+00:00,توجنا الفائزين في مهرجان الظفرة الثالث لسباقات الهجن؛ في محطة تعد امتداداً لنهج القيادة الرشيدة في صون إرث سباقات الهجن وتعزيز مكانتها في المجتمع، بوصفها رمزاً للموروث الوطني وتاريخ أبناء الإمارات.,0,0,0,https://x.com/HamdanBinZayed/status/1981415411938971976,توجنا الفائزين في مهرجان الظفرة الثالث لسباقات الهجن؛ في محطة تعد امتداداً لنهج القيادة الرشيدة في صون إرث سباقات الهجن وتعزيز مكانتها في المجتمع، بوصفها رمزاً للموروث الوطني وتاريخ أبناء الإمارات.,"We were crowned the winners of the third Al Dhafra Camel Racing Festival. At a station that is an extension of the wise leadership’s approach to preserving the legacy of camel racing and enhancing its position in society, as a symbol of the national heritage and history of the people of the Emirates."
1981066537437118940,abdulbaset22,2025-10-22 18:34:03.618000+00:00,"إعادة افتتاح متحف العين، بعد ترميمه وتطويره وتوسعة مساحته وضم مرافق جديدة إليه، تأتي تحقيقا لرؤية صاحب السمو الشيخ محمد بن زايد رئيس الدولة ""حفظه الله""، في مواصلة منهج الشيخ زايد ""طيب الله ثراه""، لحماية وصون هويتنا الثقافية وتراثنا العريق والحفاظ عليهما ونقلهما إلى أجيال المستقبل",0,0,0,https://x.com/HazzaBinZayed/status/1981066537437118940,"إعادة افتتاح متحف العين، بعد ترميمه وتطويره وتوسعة مساحته وضم مرافق جديدة إليه، تأتي تحقيقا لرؤية صاحب السمو الشيخ محمد بن زايد رئيس الدولة ""حفظه الله""، في مواصلة منهج الشيخ زايد ""طيب الله ثراه""، لحماية وصون هويتنا الثقافية وتراثنا العريق والحفاظ عليهما ونقلهما إلى أجيال المستقبل","The reopening of the Al Ain Museum, after its restoration, development, expansion of its space, and addition of new facilities, comes in fulfillment of the vision of His Highness Sheikh Mohammed bin Zayed, President of the State, “may God protect him,” in continuing the approach of Sheikh Zayed, “may God rest his soul,” to protect and preserve our cultural identity and ancient heritage, preserve them, and pass them on to future generations."
1981544316515602766,abdulbaset22,2025-10-24 02:12:35.027000+00:00,"قال رسول الله ﷺ

أكثروا من الصلاة عليّ ليلة الجمعة
ويوم الجمعة فإن صلاتكم معروضةٌ عليّ 

اللهم صلِ وسلم على نبينا محمد",0,0,0,https://x.com/Abdulbaset22/status/1981544316515602766,"قال رسول الله ﷺ

أكثروا من الصلاة عليّ ليلة الجمعة
ويوم الجمعة فإن صلاتكم معروضةٌ عليّ 

اللهم صلِ وسلم على نبينا محمد","The Messenger of God, peace and blessings be upon him, said

Pray for me more on Friday night
On Friday, your prayers are before me 

O God, bless and grant peace upon our Prophet Muhammad"
1978994375817314381,abdulbaset22,2025-10-17 01:20:01.789000+00:00,"قال رسول الله ﷺ

أكثروا من الصلاة عليّ ليلة الجمعة
ويوم الجمعة فإن صلاتكم معروضةٌ عليّ 

اللهم صلِ وسلم على نبينا محمد",0,0,0,https://x.com/Abdulbaset22/status/1978994375817314381,"قال رسول الله ﷺ

أكثروا من الصلاة عليّ ليلة الجمعة
ويوم الجمعة فإن صلاتكم معروضةٌ عليّ 

اللهم صلِ وسلم على نبينا محمد","The Messenger of God, peace and blessings be upon him, said

Pray for me more on Friday night
On Friday, your prayers are before me 

O God, bless and grant peace upon our Prophet Muhammad"
1978322405471780911,abdulbaset22,2025-10-15 04:49:51.574000+00:00,"للأسف
أضعنا فرصة كبيرة وسهلة للتأهل لكأس العالم
المدرب الكبير أبدى تخوفه من الحكم ونسي ادارة المباراة ولم يمتلك الجرأة الكافية لحسم الأمور
لم يوفق في اختيار التشكيلة المناسبة وتأخر كثيرا في أخذ القرارات الصحيحة
افتقدا ايضا الاعداد النفسي !
واداء بعض اللاعبين علامة استفهام كبيرة",0,0,0,https://x.com/Abdulbaset22/status/1978322405471780911,"للأسف
أضعنا فرصة كبيرة وسهلة للتأهل لكأس العالم
المدرب الكبير أبدى تخوفه من الحكم ونسي ادارة المباراة ولم يمتلك الجرأة الكافية لحسم الأمور
لم يوفق في اختيار التشكيلة المناسبة وتأخر كثيرا في أخذ القرارات الصحيحة
افتقدا ايضا الاعداد النفسي !
واداء بعض اللاعبين علامة استفهام كبيرة","Unfortunately
We missed a great and easy opportunity to qualify for the World Cup
The great coach expressed his fear of the referee, forgot to manage the match, and did not have enough courage to resolve matters
He did not succeed in choosing the appropriate formation and was very late in making the right decisions
They also lacked psychological preparation!
The performance of some players is a big question mark"
1977435196484993200,abdulbaset22,2025-10-12 18:04:24.468000+00:00,"ثمرةً للرعاية السامية من سيدي صاحب السمو الشيخ محمد بن زايد آل نهيان رئيس الدولة حفظه الله، والدعم المتواصل من سمو الشيخ خالد بن محمد بن زايد آل نهيان ولي عهد أبوظبي، تواصل رياضة الجوجيتسو مسيرة التميّز وصناعة الأبطال

نُبارك للفائزين في بطولة خالد بن محمد بن زايد للجوجيتسو،",0,0,0,https://x.com/SaifBZayed/status/1977435196484993200,"ثمرةً للرعاية السامية من سيدي صاحب السمو الشيخ محمد بن زايد آل نهيان رئيس الدولة حفظه الله، والدعم المتواصل من سمو الشيخ خالد بن محمد بن زايد آل نهيان ولي عهد أبوظبي، تواصل رياضة الجوجيتسو مسيرة التميّز وصناعة الأبطال

نُبارك للفائزين في بطولة خالد بن محمد بن زايد للجوجيتسو،","As a result of the high patronage of His Highness Sheikh Mohammed bin Zayed Al Nahyan, President of the State, may God protect him, and the continuous support of His Highness Sheikh Khalid bin Mohammed bin Zayed Al Nahyan, Crown Prince of Abu Dhabi, the sport of jiu-jitsu continues the path of excellence and the creation of champions.

We congratulate the winners of the Khalid bin Mohammed bin Zayed Jiu-Jitsu Championship,"
1977292931850813644,abdulbaset22,2025-10-12 08:39:05.936000+00:00,جمهور الامارات كأنه نقل ملحق التأهل لكاس العالم إلى أبوظبي وسيطر على كل شي وخطف الأضواء من كل شيء,0,0,0,https://x.com/Abdulbaset22/status/1977292931850813644,جمهور الامارات كأنه نقل ملحق التأهل لكاس العالم إلى أبوظبي وسيطر على كل شي وخطف الأضواء من كل شيء,The Emirates fans are as if they moved the World Cup qualification supplement to Abu Dhabi and took control of everything and stole the spotlight from everything.
1977094368243896614,abdulbaset22,2025-10-11 19:30:04.683000+00:00,"الف مبروك فوز منتخبنا وخطوة كبيرة للتأهل
السبب الرئيسي في الفوز بعد توفيق رب العالمين
جمهور الامارات وخالد عيسى",0,0,0,https://x.com/Abdulbaset22/status/1977094368243896614,"الف مبروك فوز منتخبنا وخطوة كبيرة للتأهل
السبب الرئيسي في الفوز بعد توفيق رب العالمين
جمهور الامارات وخالد عيسى","Congratulations to our team’s victory and a big step towards qualifying
The main reason for victory after the success of the Lord of the Worlds
Emirates fans and Khaled Issa"
1976934246666395829,abdulbaset22,2025-10-11 08:53:48.724000+00:00,"الطريق إلى المونديال
 #حلم_وطن 

يا رب ",0,0,0,https://x.com/Abdulbaset22/status/1976934246666395829,"الطريق إلى المونديال
 #حلم_وطن 

يا رب ","The road to the World Cup
 #HomelandDream 

Lord"
1976923501371273611,abdulbaset22,2025-10-11 08:11:06.846000+00:00,ناموس .. وفرحة وطن باذن الله ,0,0,0,https://x.com/Abdulbaset22/status/1976923501371273611,ناموس .. وفرحة وطن باذن الله ,"Law...and the joy of a homeland, God willing"
1976465916709015589,abdulbaset22,2025-10-10 01:52:50.161000+00:00,"قال رسول الله ﷺ

أكثروا من الصلاة عليّ ليلة الجمعة
ويوم الجمعة فإن صلاتكم معروضةٌ عليّ 

اللهم صلِ وسلم على نبينا محمد",0,0,0,https://x.com/Abdulbaset22/status/1976465916709015589,"قال رسول الله ﷺ

أكثروا من الصلاة عليّ ليلة الجمعة
ويوم الجمعة فإن صلاتكم معروضةٌ عليّ 

اللهم صلِ وسلم على نبينا محمد","The Messenger of God, peace and blessings be upon him, said

Pray for me more on Friday night
On Friday, your prayers are before me 

O God, bless and grant peace upon our Prophet Muhammad"
1974750833435918823,abdulbaset22,2025-10-05 08:17:42.444000+00:00,"المعلمون هم القدوة وصنّاع الأمل، وبجهودهم تواصل الإمارات مسيرة البناء والنهضة.
بعلمهم تنهض الأمم، وبجهدهم يزدهر المستقبل.
شكرًا لكل معلم جعل من رسالته واجبًا وطنيًا ساميًا.",0,0,0,https://x.com/HamdanBinZayed/status/1974750833435918823,"المعلمون هم القدوة وصنّاع الأمل، وبجهودهم تواصل الإمارات مسيرة البناء والنهضة.
بعلمهم تنهض الأمم، وبجهدهم يزدهر المستقبل.
شكرًا لكل معلم جعل من رسالته واجبًا وطنيًا ساميًا.","Teachers are role models and hope makers, and with their efforts, the UAE continues the process of construction and renaissance.
With their knowledge, nations rise, and with their efforts, the future flourishes.
Thank you to every teacher who made his message a lofty national duty."
1974709503749759247,abdulbaset22,2025-10-05 05:33:28.679000+00:00,"المعلم صاحب رسالة تربوية وتعليمية نبيلة ودور محوري في نهضة المجتمعات وبناء مستقبل الأجيال. وفي ""اليوم العالمي للمعلمين"" أحيي المعلمين في دولة الإمارات، وأعبر عن تقديري لجهودهم المخلصة في التربية وترسيخ القيم والأخلاق وتحقيق الأهداف التعليمية التي تقع في قلب رؤيتنا التنموية للحاضر",0,0,0,https://x.com/MohamedBinZayed/status/1974709503749759247,"المعلم صاحب رسالة تربوية وتعليمية نبيلة ودور محوري في نهضة المجتمعات وبناء مستقبل الأجيال. وفي ""اليوم العالمي للمعلمين"" أحيي المعلمين في دولة الإمارات، وأعبر عن تقديري لجهودهم المخلصة في التربية وترسيخ القيم والأخلاق وتحقيق الأهداف التعليمية التي تقع في قلب رؤيتنا التنموية للحاضر","The teacher has a noble educational mission and a pivotal role in the renaissance of societies and building the future of generations. On World Teachers' Day, I salute teachers in the UAE and express my appreciation for their sincere efforts in education, consolidating values ​​and morals, and achieving educational goals that lie at the heart of our development vision for the present."
1974746789241819224,abdulbaset22,2025-10-05 08:01:38.233000+00:00,في اليوم العالمي للمعلم، تحية تقدير إلى كلّ معلمة ومعلم في الإمارات والعالم، فالمعلمون صناع حضارة ومصدر إلهام لاكتساب المعرفة وترسيخ قيم التعاون والتسامح، وهم شركاء في تحفيز الأجيال الشابة لتحصيل العلم والمساهمة الفاعلة في النهوض بالمجتمعات وصون ازدهارها.,0,0,0,https://x.com/HazzaBinZayed/status/1974746789241819224,في اليوم العالمي للمعلم، تحية تقدير إلى كلّ معلمة ومعلم في الإمارات والعالم، فالمعلمون صناع حضارة ومصدر إلهام لاكتساب المعرفة وترسيخ قيم التعاون والتسامح، وهم شركاء في تحفيز الأجيال الشابة لتحصيل العلم والمساهمة الفاعلة في النهوض بالمجتمعات وصون ازدهارها.,"On International Teachers’ Day, a tribute to every female and male teacher in the Emirates and the world. Teachers are creators of civilization and a source of inspiration for acquiring knowledge and consolidating the values ​​of cooperation and tolerance. They are partners in motivating younger generations to acquire knowledge and contribute effectively to the advancement of societies and preserving their prosperity."
1973933707586425261,abdulbaset22,2025-10-03 02:10:44.460000+00:00,"قال رسول الله ﷺ

أكثروا من الصلاة عليّ ليلة الجمعة
ويوم الجمعة فإن صلاتكم معروضةٌ عليّ 

اللهم صلِ وسلم على نبينا محمد",0,0,0,https://x.com/Abdulbaset22/status/1973933707586425261,"قال رسول الله ﷺ

أكثروا من الصلاة عليّ ليلة الجمعة
ويوم الجمعة فإن صلاتكم معروضةٌ عليّ 

اللهم صلِ وسلم على نبينا محمد","The Messenger of God, peace and blessings be upon him, said

Pray for me more on Friday night
On Friday, your prayers are before me 

O God, bless and grant peace upon our Prophet Muhammad"
1971397460301054217,abdulbaset22,2025-09-26 02:12:35.986000+00:00,"قال رسول الله ﷺ

أكثروا من الصلاة عليّ ليلة الجمعة
ويوم الجمعة فإن صلاتكم معروضةٌ عليّ 

اللهم صلِ وسلم على نبينا محمد",0,0,0,https://x.com/Abdulbaset22/status/1971397460301054217,"قال رسول الله ﷺ

أكثروا من الصلاة عليّ ليلة الجمعة
ويوم الجمعة فإن صلاتكم معروضةٌ عليّ 

اللهم صلِ وسلم على نبينا محمد","The Messenger of God, peace and blessings be upon him, said

Pray for me more on Friday night
On Friday, your prayers are before me 

O God, bless and grant peace upon our Prophet Muhammad"
1970469956765786163,abdulbaset22,2025-09-23 12:47:01.911000+00:00,"Happy Saudi National Day to everyone in Saudi Arabia!  Wishing you a day filled with pride, unity, and celebration with your loved ones.",0,0,0,https://x.com/Cristiano/status/1970469956765786163,"Happy Saudi National Day to everyone in Saudi Arabia!  Wishing you a day filled with pride, unity, and celebration with your loved ones.","Happy Saudi National Day to everyone in Saudi Arabia!  Wishing you a day filled with pride, unity, and celebration with your loved ones."
1970353689052246197,abdulbaset22,2025-09-23 05:05:01.528000+00:00,بمناسبة اليوم الوطني السعودي الخامس والتسعين، أهنئ خادم الحرمين الشريفين وولي العهد الأمير محمد بن سلمان والأشقاء في السعودية. العلاقات الإماراتية-السعودية تاريخية وأخوية راسخة وتستند إلى أسس قوية من التعاون والاحترام المتبادل. خالص الأمنيات للمملكة، قيادةً وشعباً، بالمزيد من,0,0,0,https://x.com/MohamedBinZayed/status/1970353689052246197,بمناسبة اليوم الوطني السعودي الخامس والتسعين، أهنئ خادم الحرمين الشريفين وولي العهد الأمير محمد بن سلمان والأشقاء في السعودية. العلاقات الإماراتية-السعودية تاريخية وأخوية راسخة وتستند إلى أسس قوية من التعاون والاحترام المتبادل. خالص الأمنيات للمملكة، قيادةً وشعباً، بالمزيد من,"On the occasion of the 95th Saudi National Day, I congratulate the Custodian of the Two Holy Mosques, Crown Prince Mohammed bin Salman, and the brothers in Saudi Arabia. Emirati-Saudi relations are historical, fraternal and well-established, and are based on strong foundations of cooperation and mutual respect. My sincere wishes to the Kingdom, its leadership and people, for more"
1969450013253386320,abdulbaset22,2025-09-20 17:14:08.428000+00:00,"شهدنا في مدينة الظنّة جانبًا من النهضة التنموية التي تشهدها دولة الإمارات في ظل رؤية صاحب السمو الشيخ محمد بن زايد آل نهيان، رئيس الدولة، ""حفظه الله"". وتواصل شركة بترول أبوظبي الوطنية ""أدنوك"" تنفيذ مشاريع استراتيجية وحيوية تجسّد دورها المحوري في دعم مسيرة النمو المستدام وخدمة",0,0,0,https://x.com/HamdanBinZayed/status/1969450013253386320,"شهدنا في مدينة الظنّة جانبًا من النهضة التنموية التي تشهدها دولة الإمارات في ظل رؤية صاحب السمو الشيخ محمد بن زايد آل نهيان، رئيس الدولة، ""حفظه الله"". وتواصل شركة بترول أبوظبي الوطنية ""أدنوك"" تنفيذ مشاريع استراتيجية وحيوية تجسّد دورها المحوري في دعم مسيرة النمو المستدام وخدمة","In the city of Dhanna, we witnessed part of the development renaissance that the UAE is witnessing under the vision of His Highness Sheikh Mohammed bin Zayed Al Nahyan, President of the State, “may God protect him.” Abu Dhabi National Oil Company (ADNOC) continues to implement strategic and vital projects that embody its pivotal role in supporting the process of sustainable growth and serving..."
1969668917422326037,abdulbaset22,2025-09-21 07:43:59.249000+00:00," ستوديو #دوري_ادنوك_للمحترفين..

البطائح  الوصل

الشارقة  عجمان

  أبوظبي الرياضية  

 16:45  بتوقيت أبوظبي..",0,0,0,https://x.com/ADSportsTV/status/1969668917422326037," ستوديو #دوري_ادنوك_للمحترفين..

البطائح  الوصل

الشارقة  عجمان

  أبوظبي الرياضية  

 16:45  بتوقيت أبوظبي..","Studio #ADNOC_Professional_League..

Al-Wasl potatoes

Sharjah Ajman

  Abu Dhabi Sports  

 16:45 Abu Dhabi time.."
1969391125841445126,abdulbaset22,2025-09-20 13:20:08.575000+00:00,"فخورون بجماهيرنا الأوفياء 
حبكم ووفاؤكم لـ ""أصحاب السعادة"" هو القلب النابض وركيزة الأساسية في القلعة الوحداوية 

 :/ 
@marwanalbolushi
#WHDFC",0,0,0,https://x.com/AlWahdaFCC/status/1969391125841445126,"فخورون بجماهيرنا الأوفياء 
حبكم ووفاؤكم لـ ""أصحاب السعادة"" هو القلب النابض وركيزة الأساسية في القلعة الوحداوية 

 :/ 
@marwanalbolushi
#WHDFC","We are proud of our loyal fans 
Your love and loyalty to “Your Excellencies” is the beating heart and basic pillar of the Unionist Castle 

 :/ 
@marwanalbolushi
#WHDFC"
1968901949769621939,abdulbaset22,2025-09-19 04:56:19.911000+00:00,"جوامع الدعاء 
اللهم اني اسألك من الخير كله
عاجله وآجله
ما علمت منه وما لم أعلم
وأسألك الجنة وما قرب اليها من قول او عمل
وأعوذ بك من النار وما قرب اليها من قول أو عمل
وأسألك من ما سألك به محمد واعوذ بك من ما تعوذ منه محمد
وما قضيت لي من حاجة فاجعل عاقبته راحة لي",0,0,0,https://x.com/Abdulbaset22/status/1968901949769621939,"جوامع الدعاء 
اللهم اني اسألك من الخير كله
عاجله وآجله
ما علمت منه وما لم أعلم
وأسألك الجنة وما قرب اليها من قول او عمل
وأعوذ بك من النار وما قرب اليها من قول أو عمل
وأسألك من ما سألك به محمد واعوذ بك من ما تعوذ منه محمد
وما قضيت لي من حاجة فاجعل عاقبته راحة لي","Mosques of supplication 
Oh God, I ask you for all goodness
Sooner and later
What I learned from him and what I did not know
I ask you for Paradise and whatever words or deeds bring me closer to it
I seek refuge in You from the Fire and whatever words or deeds bring me closer to it
I ask you from what Muhammad asked you, and I seek refuge in you from what you seek refuge with Muhammad
And whatever need you fulfill for me, make its outcome a relief for me"
1968853114884124727,abdulbaset22,2025-09-19 01:42:16.767000+00:00,"قال رسول الله ﷺ

أكثروا من الصلاة عليّ ليلة الجمعة
ويوم الجمعة فإن صلاتكم معروضةٌ عليّ 

اللهم صلِ وسلم على نبينا محمد",0,0,0,https://x.com/Abdulbaset22/status/1968853114884124727,"قال رسول الله ﷺ

أكثروا من الصلاة عليّ ليلة الجمعة
ويوم الجمعة فإن صلاتكم معروضةٌ عليّ 

اللهم صلِ وسلم على نبينا محمد","The Messenger of God, peace and blessings be upon him, said

Pray for me more on Friday night
On Friday, your prayers are before me 

O God, bless and grant peace upon our Prophet Muhammad"
1967662734620889355,abdulbaset22,2025-09-15 18:52:07.996000+00:00,"الف مبروك للإمارات فوز الوحدة والشارقة  بداية رائعة لانديتنا في بطولة آسيا للنخبة 
ونهاية خيالية وسيناريو مجنون للمباراتين
الفوز في الوقت بدل الضايع له طعم خاص وفرحة هستيرية تستحقها جماهير الفريقين",0,0,0,https://x.com/Abdulbaset22/status/1967662734620889355,"الف مبروك للإمارات فوز الوحدة والشارقة  بداية رائعة لانديتنا في بطولة آسيا للنخبة 
ونهاية خيالية وسيناريو مجنون للمباراتين
الفوز في الوقت بدل الضايع له طعم خاص وفرحة هستيرية تستحقها جماهير الفريقين","Congratulations to the Emirates for Al Wahda and Sharjah’s victory, a great start for our clubs in the Asian Elite Championship 
A fictional ending and a crazy scenario for the two games
The victory in stoppage time has a special taste and hysterical joy that the fans of both teams deserve"
1967659462040359391,abdulbaset22,2025-09-15 18:39:07.752000+00:00,"اجمل نهاية لمسلسل الرعب والحصار 
اداء كبير جدا ورائع للوحدة 
سيطرة مطلقة ونسبة استحواذ وصلت الى ٩٠٪
١١ فرصة حقيقية للتسجيل
مدرج عظيم دعم الفريق حتى النهاية وساهم في اصرار اللاعبين على الفوز 
لم اشاهد فريق سوا في الاتحاد مثل اللي سواه فيه الوحدة اليوم

الف مبروك للإمارات ",0,0,0,https://x.com/Abdulbaset22/status/1967659462040359391,"اجمل نهاية لمسلسل الرعب والحصار 
اداء كبير جدا ورائع للوحدة 
سيطرة مطلقة ونسبة استحواذ وصلت الى ٩٠٪
١١ فرصة حقيقية للتسجيل
مدرج عظيم دعم الفريق حتى النهاية وساهم في اصرار اللاعبين على الفوز 
لم اشاهد فريق سوا في الاتحاد مثل اللي سواه فيه الوحدة اليوم

الف مبروك للإمارات ","The most beautiful ending to the series of horror and siege 
Very great and wonderful performance of the unit 
Absolute control and ownership rate reached 90%
11 real chances to register
A great stadium that supported the team until the end and contributed to the players’ determination to win 
I have never seen a Sawa team in Al-Ittihad like the one in Al-Wahda today

Congratulations to the Emirates"
