tweet_id,username,created_at,text,replies,retweets,likes,url,Text_original,Text_en
2018418867853267193,abtahi_m,2026-02-02 20:18:53.162000+00:00,"آقای #جبلی
از وقتی نهضت خالص سازی در صدا وسیما شکل گرفت و بر حفظ مدیران عالی تندرو اصرار شد، قاعده صداوسیما بر انگشت‌کردن در چشمان مردم قرار گرفت
تا این فضا هست و خواست اکثریت جامعه در این رسانه جایی نداشته باسد هر چندی یکبار فجایع رسانه ای طبق قاعده رخ خواهد داد",0,0,0,https://x.com/abtahi_m/status/2018418867853267193,"آقای #جبلی
از وقتی نهضت خالص سازی در صدا وسیما شکل گرفت و بر حفظ مدیران عالی تندرو اصرار شد، قاعده صداوسیما بر انگشت‌کردن در چشمان مردم قرار گرفت
تا این فضا هست و خواست اکثریت جامعه در این رسانه جایی نداشته باسد هر چندی یکبار فجایع رسانه ای طبق قاعده رخ خواهد داد","Mr. Jabali
Ever since the purification movement was formed in the radio and television and there was an insistence on the preservation of hard-line top managers, the rule of radio and television was to point fingers in the eyes of the people.
As long as there is this space and the will of the majority of the society has no place in this media, media disasters will happen every once in a while according to the rule."
2017902937616400864,abtahi_m,2026-02-01 10:08:45.808000+00:00,"ابطحی در گفتگو با ایلنا:
*امسال، با حوادث تلخی که منجر به کشته شدن هزاران ایرانی شده شکاف و فاصله بین ملت و حاکمیت بیشتر شده است، بسیار کار سختی است که اصول مشترک احیا شود.
*یک نسل در ابتدای انقلاب اسلامی انقلاب کرد و همه تایید می‌کنند که تقریباً اکثریت قاطع جامعه ایران را شامل",0,0,0,https://x.com/abtahi_m/status/2017902937616400864,"ابطحی در گفتگو با ایلنا:
*امسال، با حوادث تلخی که منجر به کشته شدن هزاران ایرانی شده شکاف و فاصله بین ملت و حاکمیت بیشتر شده است، بسیار کار سختی است که اصول مشترک احیا شود.
*یک نسل در ابتدای انقلاب اسلامی انقلاب کرد و همه تایید می‌کنند که تقریباً اکثریت قاطع جامعه ایران را شامل","Abtahi in conversation with Ilana:
* This year, with the tragic events that led to the deaths of thousands of Iranians, the gap between the nation and the government has increased, it is very difficult to restore common principles.
*One generation made a revolution at the beginning of the Islamic Revolution, and everyone confirms that it includes almost the overwhelming majority of Iranian society"
2016751660538708289,abtahi_m,2026-01-29 05:53:59.963000+00:00,"فقیر یعنی کسی که ستون فقراتش شکسته است.
اعتراض کوچکترین کار آدمی است که لنگ زندگی است.
از جامعه ای که فقر سرتاپای آن را گرفته انتظار دینداری به هیچ قرائتی را نباید داشت که من لا معاش له لا معادله.
پیغمبر فرمود  خدایا اگر نان‌ نداشتیم از ما توقع عبادت نداشته باش.",0,0,0,https://x.com/abtahi_m/status/2016751660538708289,"فقیر یعنی کسی که ستون فقراتش شکسته است.
اعتراض کوچکترین کار آدمی است که لنگ زندگی است.
از جامعه ای که فقر سرتاپای آن را گرفته انتظار دینداری به هیچ قرائتی را نباید داشت که من لا معاش له لا معادله.
پیغمبر فرمود  خدایا اگر نان‌ نداشتیم از ما توقع عبادت نداشته باش.","A poor person means someone whose spine is broken.
Protest is the smallest work of a person who is lame in life.
One should not expect religiousness from a society where poverty has taken its toll.
The Prophet said, God, if we do not have bread, do not expect us to worship."
2016576601476018306,abtahi_m,2026-01-28 18:18:22.630000+00:00,"من امشب به طورلرزان و با فیلتر شکن به اینترنت وصل شدم.
با غم هزاران ایرانی کشته شده!! هزاران!
هزاران ایرانی کشته شده در دوشب!
این حق تو نبود وطن
نمیدانم آیا این بودنمان در فضای نیم بند مجازی ادامه دارد یا خیر!
به خانواده های داغدار تسلیت میگویم!",0,0,0,https://x.com/abtahi_m/status/2016576601476018306,"من امشب به طورلرزان و با فیلتر شکن به اینترنت وصل شدم.
با غم هزاران ایرانی کشته شده!! هزاران!
هزاران ایرانی کشته شده در دوشب!
این حق تو نبود وطن
نمیدانم آیا این بودنمان در فضای نیم بند مجازی ادامه دارد یا خیر!
به خانواده های داغدار تسلیت میگویم!","I connected to the internet tonight shakily and with a filter breaker.
With the sadness of thousands of Iranians killed!! Thousands!
Thousands of Iranians were killed in two nights!
This was not your right, homeland
I don't know if this will continue in the virtual space or not!
My condolences to the bereaved families!"
2009238893070307724,abtahi_m,2026-01-08 12:20:56.618000+00:00,"ماجرای شلیک و سرنگونی هواپیمای اوکراینی داغ بزرگی است که همیشه بر دلها سنگینی می کند.
در سالروز این فاجعه سنگین به همه خانواده های داغدار تسلیت میگویم.
کشته شدن آن تعداد جوان، نخبه، رو به آینده، پر امید
غم تاریخی برای مردم ایران بود.آه‌ آن خانواده ها گیراست.
به روحشان صلوات",0,0,0,https://x.com/abtahi_m/status/2009238893070307724,"ماجرای شلیک و سرنگونی هواپیمای اوکراینی داغ بزرگی است که همیشه بر دلها سنگینی می کند.
در سالروز این فاجعه سنگین به همه خانواده های داغدار تسلیت میگویم.
کشته شدن آن تعداد جوان، نخبه، رو به آینده، پر امید
غم تاریخی برای مردم ایران بود.آه‌ آن خانواده ها گیراست.
به روحشان صلوات","The story of the shooting and downing of the Ukrainian plane is a big one that always weighs heavily on the hearts.
On the anniversary of this grave tragedy, I offer my condolences to all the bereaved families.
The killing of that number of young, elite, future-oriented, hopeful people
It was a historical sadness for the people of Iran. It is painful for those families.
Blessings to their souls"
2008445086649249812,abtahi_m,2026-01-06 07:46:38.419000+00:00,"چرا تحریم‌ها همچنان باقی مانده‌اند؟
مشاهده از طریق لینک زیر",0,0,0,https://x.com/abtahi_m/status/2008445086649249812,"چرا تحریم‌ها همچنان باقی مانده‌اند؟
مشاهده از طریق لینک زیر","Why are the sanctions still in place?
View through the link below"
2008444790937956549,abtahi_m,2026-01-06 07:45:27.916000+00:00,"از عملکردشون معلوم میشه بقیه شونم مث آقای عطریانفرند 
چای خوردن اتفاق کمی نیست",0,0,0,https://x.com/abtahi_m/status/2008444790937956549,"از عملکردشون معلوم میشه بقیه شونم مث آقای عطریانفرند 
چای خوردن اتفاق کمی نیست","From their performance, it is clear that the rest will be like Mr. Atrianfarand 
Drinking tea is not a small thing"
2007817951047537147,abtahi_m,2026-01-04 14:14:37.640000+00:00,"فیلم سینمایی نورنبرگ را دیدم. شانسی همزمان شد با دستگیری مادورا.همزمانی عجیبی بود.
بعد ار جنگ جهانی و کشته شدن هزاران نفر در جنگ و کوره های آتش سوزی، وخودکشی هیتلر، رهبران دست دوم نازی ها یکی یکی دستگیر می شوند. با فشار آمریکا و انگلیس قرار به محاکمه آنها می شود. ماجرای فیلم در",0,0,0,https://x.com/abtahi_m/status/2007817951047537147,"فیلم سینمایی نورنبرگ را دیدم. شانسی همزمان شد با دستگیری مادورا.همزمانی عجیبی بود.
بعد ار جنگ جهانی و کشته شدن هزاران نفر در جنگ و کوره های آتش سوزی، وخودکشی هیتلر، رهبران دست دوم نازی ها یکی یکی دستگیر می شوند. با فشار آمریکا و انگلیس قرار به محاکمه آنها می شود. ماجرای فیلم در","I saw the movie Nuremberg. Chance coincided with the arrest of Madura. It was a strange coincidence.
After the world war and the death of thousands of people in the war and in the furnaces of fire, and Hitler's suicide, the second-hand leaders of the Nazis are arrested one by one. With the pressure of America and England, they will be put on trial. The story of the movie"
2007398216019722657,abtahi_m,2026-01-03 10:26:45.011000+00:00,"حوادث دنیا روی دور تند!
حمله ترامپ به ونزوئلا و چنانچه میگویند بردن مادورا در کمتر از ۵ ساعت به بیرون کشور.
تهدید ترامپ به حمله به ایران.
اعتراضات داخل ایران
حوادث یمن و درگیری دو متحد قدیمی: سعودی و امارات.
روزهای عجیبی است!",0,0,0,https://x.com/abtahi_m/status/2007398216019722657,"حوادث دنیا روی دور تند!
حمله ترامپ به ونزوئلا و چنانچه میگویند بردن مادورا در کمتر از ۵ ساعت به بیرون کشور.
تهدید ترامپ به حمله به ایران.
اعتراضات داخل ایران
حوادث یمن و درگیری دو متحد قدیمی: سعودی و امارات.
روزهای عجیبی است!","World events are fast approaching!
Trump's attack on Venezuela and, as they say, taking Madura out of the country in less than 5 hours.
Trump's threat to attack Iran.
Protests inside Iran
Events in Yemen and the conflict between two old allies: Saudi Arabia and the UAE.
These are strange days!"
2007337470837358787,abtahi_m,2026-01-03 06:25:22.231000+00:00,"مهمترین نکته پیام ترامپ در مورد اعتراضات اخیر،نیاز او به کشته سازی است.
این کار می تواند با نفوذ عوامل سیا وموساد و انفجاردربین مردم، یا تیراندازی های نیروهای انتظامی، یا نفوذ در بین‌معترضانی که به حق اعتراض دارند و به خشونت کشاندن آنها باشد.
در اوج‌ اعتراضات ، به خاطر مردم",0,0,0,https://x.com/abtahi_m/status/2007337470837358787,"مهمترین نکته پیام ترامپ در مورد اعتراضات اخیر،نیاز او به کشته سازی است.
این کار می تواند با نفوذ عوامل سیا وموساد و انفجاردربین مردم، یا تیراندازی های نیروهای انتظامی، یا نفوذ در بین‌معترضانی که به حق اعتراض دارند و به خشونت کشاندن آنها باشد.
در اوج‌ اعتراضات ، به خاطر مردم","The most important point of Trump's message regarding the recent protests is his need to kill.
This can be done by infiltrating the CIA and Mossad agents and causing explosions among the people, or shootings by the police forces, or infiltrating the protesters who have the right to protest and making them violent.
At the height of the protests, for the sake of the people"
2006811028173238342,abtahi_m,2026-01-01 19:33:28.519000+00:00,"امروز افتتاحیه کنگره حزب عهد بود. رفتم. یک حزب جدیدِ تقریبا اصلاح طلب در این دوره بی توجهی به احزاب و دوره اصلاح طلب اصولگرا دیگه تموم ماجرا.
آنها تقریبا همان روزنه گشایان سابق هستند که علیرغم اینکه حاکمیت اجازه گشودن روزنه نداد این بار با الفاظ قلمبه سلمبه از قرائت توافق ساز",0,0,0,https://x.com/abtahi_m/status/2006811028173238342,"امروز افتتاحیه کنگره حزب عهد بود. رفتم. یک حزب جدیدِ تقریبا اصلاح طلب در این دوره بی توجهی به احزاب و دوره اصلاح طلب اصولگرا دیگه تموم ماجرا.
آنها تقریبا همان روزنه گشایان سابق هستند که علیرغم اینکه حاکمیت اجازه گشودن روزنه نداد این بار با الفاظ قلمبه سلمبه از قرائت توافق ساز","Today was the opening of the Ahed Party Congress. i went A new almost reformist party in this period of disregard for parties and the fundamentalist reformist period is over.
They are almost the same openers of the past who, despite the fact that the government did not allow the opening of the opening, this time with the words of Kalamba Salamba from the reading of the agreement"
2006400019939701210,abtahi_m,2025-12-31 16:20:16.520000+00:00,"امشب سال میلادی که آغاز سال بیشتر مردم دنیا و حتی بیشتر مسلمانان دنیا هست، نو می شود.آغاز سال ۲۰۲۶
مبارک همه.
برای ایران و ایرانیان مهمترین اتفاق، جنگ مستقیم اسراییل و آمریکا بود.
هیچکدامشان همسایه نبودند. هدف سقوط نظام در ایران بود. اما اصل نظام سیاسی ایران علیرغم همه اشتباهات",0,0,0,https://x.com/abtahi_m/status/2006400019939701210,"امشب سال میلادی که آغاز سال بیشتر مردم دنیا و حتی بیشتر مسلمانان دنیا هست، نو می شود.آغاز سال ۲۰۲۶
مبارک همه.
برای ایران و ایرانیان مهمترین اتفاق، جنگ مستقیم اسراییل و آمریکا بود.
هیچکدامشان همسایه نبودند. هدف سقوط نظام در ایران بود. اما اصل نظام سیاسی ایران علیرغم همه اشتباهات","Tonight, the year of the new year, which is the beginning of the year of most of the people of the world and even more of the Muslims of the world, begins. The beginning of 2026
Happy everyone.
For Iran and Iranians, the most important event was the direct war between Israel and America.
None of them were neighbors. The goal was the downfall of the regime in Iran. But the principle of Iran's political system despite all the mistakes"
2005644632869482566,abtahi_m,2025-12-29 14:18:38.208000+00:00,"به پیر
به پیغمبر
می شد قبل از اینکه مردم‌به خیابانها بریزند، تغییرات ایجاد کرد.
صدای پای این مردم را می‌شد قبلا شنید.
تغییرات دیگر را منتظر آمدن مردم در خیابانها نباشید.
#اعتراضات
#همتی",0,0,0,https://x.com/abtahi_m/status/2005644632869482566,"به پیر
به پیغمبر
می شد قبل از اینکه مردم‌به خیابانها بریزند، تغییرات ایجاد کرد.
صدای پای این مردم را می‌شد قبلا شنید.
تغییرات دیگر را منتظر آمدن مردم در خیابانها نباشید.
#اعتراضات
#همتی","to old
to the prophet
Changes could have been made before people took to the streets.
The footsteps of these people could be heard before.
Don't wait for other changes to come to the streets.
#Protests
#Hemti"
2021290570808013049/analytics,abtahi_m,,فيراري تدخل سباق السيارات الكهربائية بإطلاق أول طراز رياضي كهربائي يحمل اسم «Luce»,0,0,0,https://x.com/CNNBusinessAr/status/2021290570808013049/analytics,فيراري تدخل سباق السيارات الكهربائية بإطلاق أول طراز رياضي كهربائي يحمل اسم «Luce»,Ferrari enters the electric car race by launching the first electric sports model called “Luce”
2005345121865453912,abtahi_m,2025-12-28 18:28:29.220000+00:00,تفاوت بیضایی با بقیه نویسندگان و اهالی ادبیات دیالوگ های ماندگار و بی نظیر اوست. بقول دولت آبادی سعدی دوران بود,0,0,0,https://x.com/abtahi_m/status/2005345121865453912,تفاوت بیضایی با بقیه نویسندگان و اهالی ادبیات دیالوگ های ماندگار و بی نظیر اوست. بقول دولت آبادی سعدی دوران بود,The difference between Baidai and other writers and people of literature is his lasting and unique dialogues. According to Daulatabadi Saadi Doran was
2004960463692726373,abtahi_m,2025-12-27 16:59:59.565000+00:00,"بزرگان هنر ایران یکی پس از دیگری پرواز می کنند.
درگذشت بهرام بیضایی را به اهالی هنر ومردم ایران تسلیت میگویم",0,0,0,https://x.com/abtahi_m/status/2004960463692726373,"بزرگان هنر ایران یکی پس از دیگری پرواز می کنند.
درگذشت بهرام بیضایی را به اهالی هنر ومردم ایران تسلیت میگویم","Iranian art masters fly one after another.
I offer my condolences to the art people and people of Iran on the death of Bahram Baizaei"
2004857725503615265,abtahi_m,2025-12-27 10:11:44.872000+00:00,"گفت‌وگوی استراتژیک | راه بسته نیست؛ اراده تصمیم‌گیری قفل شده

محمدعلی ابطحی در برنامه «گفت‌وگوی استراتژیک» تأکید کرد اطلاق عنوان «بن‌بست» به مشکلات کشور نوعی ساده‌سازی و گریز از مسئولیت است، زیرا این وضعیت حاصل تصمیمات مدیریتی است و با تغییر تصمیم‌ها قابل اصلاح خواهد بود.",0,0,0,https://x.com/abtahi_m/status/2004857725503615265,"گفت‌وگوی استراتژیک | راه بسته نیست؛ اراده تصمیم‌گیری قفل شده

محمدعلی ابطحی در برنامه «گفت‌وگوی استراتژیک» تأکید کرد اطلاق عنوان «بن‌بست» به مشکلات کشور نوعی ساده‌سازی و گریز از مسئولیت است، زیرا این وضعیت حاصل تصمیمات مدیریتی است و با تغییر تصمیم‌ها قابل اصلاح خواهد بود.","Strategic dialogue The road is not closed; Locked decision-making will

Mohammad Ali Abtahi emphasized in the ""Strategic Dialogue"" program that applying the title ""dead end"" to the country's problems is a simplification and evasion of responsibility, because this situation is the result of managerial decisions and can be corrected by changing the decisions."
2004764384481214873,abtahi_m,2025-12-27 04:00:50.638000+00:00,"خانم شیرین یزدانبخش را در خیلی از تاترها می دیدم
بازیگر مهربونی که به دیدن بازی همکارانش می رفت.
روحش شاد",0,0,0,https://x.com/abtahi_m/status/2004764384481214873,"خانم شیرین یزدانبخش را در خیلی از تاترها می دیدم
بازیگر مهربونی که به دیدن بازی همکارانش می رفت.
روحش شاد","I saw Mrs. Shirin Yazdanbakhsh in many theaters
A kind actor who used to go to see his colleagues play.
His soul is happy"
2004245241206071754,abtahi_m,2025-12-25 17:37:57.236000+00:00,"حوزه های علمیه وطلاب به اخلاق و تحصیلات جدی نیازمندند
آیه الله موسوی نژاد در مشهد تنها شغلش طلبه پروری بود. سبک ویژه ای داشت.
معتقد بود طلبه تا وقتی پایه های علمی اش قوی نشده، نباید به کارهای متفرقه بپردازد. خوشبختانه اوج تلاشش در  قبل انقلاب بود که بخش های زیادی از طلبه هابه",0,0,0,https://x.com/abtahi_m/status/2004245241206071754,"حوزه های علمیه وطلاب به اخلاق و تحصیلات جدی نیازمندند
آیه الله موسوی نژاد در مشهد تنها شغلش طلبه پروری بود. سبک ویژه ای داشت.
معتقد بود طلبه تا وقتی پایه های علمی اش قوی نشده، نباید به کارهای متفرقه بپردازد. خوشبختانه اوج تلاشش در  قبل انقلاب بود که بخش های زیادی از طلبه هابه","Seminaries and students need ethics and serious education
Ayatollah Mousavinejad's only job in Mashhad was to raise students. It had a special style.
He believed that a student should not engage in miscellaneous work until his academic foundations are strong. Fortunately, the peak of his efforts was before the revolution, when many parts of the students"
2004135434470019209,abtahi_m,2025-12-25 10:21:37.270000+00:00,"شب جمعه اول ماه رجب، لیله الرغائب است.
رغبت ها و خواسته های آدمی زیاد است.
به عبارتی گویا خدا نشسته لبخند می زند، میگوید بیا جلو، ببینم چه می خواهی، چه ارزویی داری، کمکت کنم.
عزت، سربلندی و رفاه مردم ایران در اولویت باشد.",0,0,0,https://x.com/abtahi_m/status/2004135434470019209,"شب جمعه اول ماه رجب، لیله الرغائب است.
رغبت ها و خواسته های آدمی زیاد است.
به عبارتی گویا خدا نشسته لبخند می زند، میگوید بیا جلو، ببینم چه می خواهی، چه ارزویی داری، کمکت کنم.
عزت، سربلندی و رفاه مردم ایران در اولویت باشد.","The first Friday night of the month of Rajab is Laylah al-Raghaib.
Human desires and wishes are many.
In other words, it is as if God is sitting and smiling, saying come forward, let me see what you want, what you desire, let me help you.
Dignity, pride and well-being of Iranian people should be the priority."
2004115689557447103,abtahi_m,2025-12-25 09:03:09.716000+00:00,اقای حسین درخشان تسلیت میگم درگذست پدر را.خدا رحمت کند و به شما وخانواده محترم صبر عنایت کند,0,0,0,https://x.com/abtahi_m/status/2004115689557447103,اقای حسین درخشان تسلیت میگم درگذست پدر را.خدا رحمت کند و به شما وخانواده محترم صبر عنایت کند,"Mr. Hossein Derakhshan, I offer my condolences on the passing of your father. May God have mercy on you and your respected family."
2003528471142662371,abtahi_m,2025-12-23 18:09:45.936000+00:00,"من در مورد آینده ایران در مصاحبه با اکو ایران گفتم: 
مشکلات به اقتصاد مربوط است و در حل مشکلات اقتصاد به رفع تحریم ها نیازمندیم و آن هم نمی شود مگر در سایه روابط خوب با دنیا وتحریم کنندگان 
اضافه کردم دیپلماسی در بزرگراهها به نتیجه نمی رسد. به زحمتِ گشت وگذار در کوچه پس کوچه ها،",0,0,0,https://x.com/abtahi_m/status/2003528471142662371,"من در مورد آینده ایران در مصاحبه با اکو ایران گفتم: 
مشکلات به اقتصاد مربوط است و در حل مشکلات اقتصاد به رفع تحریم ها نیازمندیم و آن هم نمی شود مگر در سایه روابط خوب با دنیا وتحریم کنندگان 
اضافه کردم دیپلماسی در بزرگراهها به نتیجه نمی رسد. به زحمتِ گشت وگذار در کوچه پس کوچه ها،","I said about Iran's future in an interview with Echo Iran: 
The problems are related to the economy, and in order to solve the economic problems, we need to remove the sanctions, and that cannot be done except in the shadow of good relations with the world and the sanctioners. 
I added that diplomacy does not work on highways. to the trouble of wandering through the alleys,"
2003509907618959363,abtahi_m,2025-12-23 16:56:00.047000+00:00,"در مصاحبه با اکو ایران گفتم:
#اسراییل سیاستش این است که #ایران آرام نباشد. 
حتی اگر قصد جنگ مجدد نداشته باشدهرچند یکبار یک جنگ روانی ای که ممکن است دوباره جنگ شود راه می اندازد تا زندگی در ایران در تعلیق بماند.",0,0,0,https://x.com/abtahi_m/status/2003509907618959363,"در مصاحبه با اکو ایران گفتم:
#اسراییل سیاستش این است که #ایران آرام نباشد. 
حتی اگر قصد جنگ مجدد نداشته باشدهرچند یکبار یک جنگ روانی ای که ممکن است دوباره جنگ شود راه می اندازد تا زندگی در ایران در تعلیق بماند.","In an interview with Echo Iran, I said:
#Israel's policy is that #Iran is not calm. 
Even if he does not intend to fight again, every once in a while he will start a psychological war that may be fought again so that life in Iran remains suspended."
2002820719051522438,abtahi_m,2025-12-21 19:17:24.688000+00:00,"در مورد ضرورت حراست همزمان از سنت های دینی ومذهبی سخن گفته ام
یلدا ونوروز و عاشورا ونیمه شعبان همه هویت ایزان هستند",0,0,0,https://x.com/abtahi_m/status/2002820719051522438,"در مورد ضرورت حراست همزمان از سنت های دینی ومذهبی سخن گفته ام
یلدا ونوروز و عاشورا ونیمه شعبان همه هویت ایزان هستند","I have spoken about the necessity of simultaneous protection of religious and religious traditions
Yalda, Venoruz, Ashura and Nimeh Sha'ban are all identities of Izan"
2002817306523500974,abtahi_m,2025-12-21 19:03:51.078000+00:00,"اقای عاملی شما امام جمعه منصفی به شمار می آیید.
کار خوبی کردید که در مورد نقد تند شهید رییسی موضع گرفتید. 
میدانید چرا سخن شما مسموع مردم نیست؟ 
چون در مقابل فحش صریح ، توهین، دروغ واتهام به ۴ تا رییس جمهور قبلی: هاشمی، خاتمی، احمدی نژاد، روحانی موضعی نگرفتید!",0,0,0,https://x.com/abtahi_m/status/2002817306523500974,"اقای عاملی شما امام جمعه منصفی به شمار می آیید.
کار خوبی کردید که در مورد نقد تند شهید رییسی موضع گرفتید. 
میدانید چرا سخن شما مسموع مردم نیست؟ 
چون در مقابل فحش صریح ، توهین، دروغ واتهام به ۴ تا رییس جمهور قبلی: هاشمی، خاتمی، احمدی نژاد، روحانی موضعی نگرفتید!","Mr. Ameli, you are considered a fair Friday imam.
You did a good job of taking a position on the harsh criticism of Shahid Raisi. 
Do you know why your speech is not heard by people? 
Because you didn't take a stand against the 4 previous presidents: Hashemi, Khatami, Ahmadinejad, Rouhani!"
2002735710340624812,abtahi_m,2025-12-21 13:39:37.032000+00:00,"شب یلدا مبارک.
سالهاست تکرار میکنم ایران را باید بر اساس سنت های مذهبی و ملی شناخت.
هیچکدام قابل حذف نیستند.هر دو هویت ایران هستند.
نه مذهب می خواهد و می تواند آیین های ملی را حذف کند ونه سنت های ملی می تواند آیین های مذهبی را نادیده بگیرد.
یلدا یکی از سنت های بزرگ ایرانی است. بر",0,0,0,https://x.com/abtahi_m/status/2002735710340624812,"شب یلدا مبارک.
سالهاست تکرار میکنم ایران را باید بر اساس سنت های مذهبی و ملی شناخت.
هیچکدام قابل حذف نیستند.هر دو هویت ایران هستند.
نه مذهب می خواهد و می تواند آیین های ملی را حذف کند ونه سنت های ملی می تواند آیین های مذهبی را نادیده بگیرد.
یلدا یکی از سنت های بزرگ ایرانی است. بر","Happy Yalda night.
I have been repeating for years that Iran should be known based on religious and national traditions.
None of them can be removed. Both are the identity of Iran.
Neither religion wants nor can eliminate national rituals, nor national traditions can ignore religious rituals.
Yalda is one of the great Iranian traditions. on"
2002296812502466854,abtahi_m,2025-12-20 08:35:35.633000+00:00,"خانم اشرف بروجردی در گذشت. در طول ۲۰ سال گذشته همیشه دلسوزانه هم دنبال اندیشه اصلاح طلبی بود و هم برای حقوق زنان از جان ودل مایه می گذاشت.
سالها بود از مریضی رنج می برد.
بعد از دوم خرداد به کارهای زیادی اشتغال داشت. دوره ریاست کتابخانه ملی اش هم فعال بود. اما در همه جا به دو خصلت",0,0,0,https://x.com/abtahi_m/status/2002296812502466854,"خانم اشرف بروجردی در گذشت. در طول ۲۰ سال گذشته همیشه دلسوزانه هم دنبال اندیشه اصلاح طلبی بود و هم برای حقوق زنان از جان ودل مایه می گذاشت.
سالها بود از مریضی رنج می برد.
بعد از دوم خرداد به کارهای زیادی اشتغال داشت. دوره ریاست کتابخانه ملی اش هم فعال بود. اما در همه جا به دو خصلت","Mrs. Ashraf Boroujerdi passed away. During the past 20 years, she always compassionately pursued the idea of ​​reformism and gave her life and heart for women's rights.
He had been suffering from illness for many years.
After June 2, he was busy with many things. His tenure as the director of the National Library was also active. But everywhere in two ways"
2002110961222889823,abtahi_m,2025-12-19 20:17:05.235000+00:00,"اقای مخبر عزیز
از دوستان ما، حتی مخالفان شهید رییسی اهانت به ایشان را تقبیح کردند
اما اگر خیلی زودتر ها که فحاشی، اهانت، تهمت، دروغ به اقایان خاتمی، روحانی، مرحوم هاشمی، سکه رایج پایداری و افراطی اصولگرا بود آدمهای با اخلاق وصادقی مثل شما موضع می گرفتند، شاهد اهانت به شهید",0,0,0,https://x.com/abtahi_m/status/2002110961222889823,"اقای مخبر عزیز
از دوستان ما، حتی مخالفان شهید رییسی اهانت به ایشان را تقبیح کردند
اما اگر خیلی زودتر ها که فحاشی، اهانت، تهمت، دروغ به اقایان خاتمی، روحانی، مرحوم هاشمی، سکه رایج پایداری و افراطی اصولگرا بود آدمهای با اخلاق وصادقی مثل شما موضع می گرفتند، شاهد اهانت به شهید","Dear informant
Among our friends, even the opponents of Shahid Raisi condemned the insult to him
But if, much earlier, when obscenity, insult, slander, lies against Mr. Khatami, Rouhani, the late Hashemi, was a common currency of stability and extreme fundamentalism, moral and honest people like you would take a stand, witness the insult to the martyr."
2001991533390598483,abtahi_m,2025-12-19 12:22:31.421000+00:00,"والا مهرم زیر کاپشنمه
تازه رو میز سنگی هم میشه سجده کرد
اون وقت چه ربطی داره مْهر نماز من به آقای جلیلی
اقای جلیلی هم میدانند این هواداران زمینشان زدند",0,0,0,https://x.com/abtahi_m/status/2001991533390598483,"والا مهرم زیر کاپشنمه
تازه رو میز سنگی هم میشه سجده کرد
اون وقت چه ربطی داره مْهر نماز من به آقای جلیلی
اقای جلیلی هم میدانند این هواداران زمینشان زدند","Wow, my seal is under my jacket
You can also prostrate on a stone table
Then what does my seal of prayer have to do with Mr. Jalili?
Mr. Jalili also knows that these fans beat him"
2001743290954088866,abtahi_m,2025-12-18 19:56:05.812000+00:00,"هردم از این باغ بری می رسد 
مبادا مردم کمی چنانکه می خواهند زندگی کنند.
بعد از حمله به #ماراتن_کیش در تازه ترینش آقای #سعیدجلیلی کلید کرده اند روی کافی شاپ ها.
تنها جایی که جوانها می توانند گپ وگفت و استراحتی داشته باشند.
چه پدر کشتگی در این سختی زندگی با هر آرامش کوچک وجود دارد؟",0,0,0,https://x.com/abtahi_m/status/2001743290954088866,"هردم از این باغ بری می رسد 
مبادا مردم کمی چنانکه می خواهند زندگی کنند.
بعد از حمله به #ماراتن_کیش در تازه ترینش آقای #سعیدجلیلی کلید کرده اند روی کافی شاپ ها.
تنها جایی که جوانها می توانند گپ وگفت و استراحتی داشته باشند.
چه پدر کشتگی در این سختی زندگی با هر آرامش کوچک وجود دارد؟","Every time I get a berry from this garden 
Lest people live as they want.
After the attack on #Kish_Marathon in the latest, Mr. #Saeed Jalili has targeted coffee shops.
The only place where young people can have a chat and a rest.
What is the father of death in this hardship of life with every little peace?"
2001372268585472499,abtahi_m,2025-12-17 19:21:47.186000+00:00,"دبیران احزاب و تعدادی از فعالان سیاسی در حضور رییس جمهور جلسه داشتند. 
خیلی ها صحبت کردند. اعتراضها زیاد بود. من گفتم اقای رییس جمهور، ما در لانگ شات شما را دوست داریم .احساس غریبی نکنید. اعتراضها در کلوزاپ بعضی اتفاقات است.
در جلسه کلا برای خودمان نوشابه زیادی باز کردیم.
من گفتم",0,0,0,https://x.com/abtahi_m/status/2001372268585472499,"دبیران احزاب و تعدادی از فعالان سیاسی در حضور رییس جمهور جلسه داشتند. 
خیلی ها صحبت کردند. اعتراضها زیاد بود. من گفتم اقای رییس جمهور، ما در لانگ شات شما را دوست داریم .احساس غریبی نکنید. اعتراضها در کلوزاپ بعضی اتفاقات است.
در جلسه کلا برای خودمان نوشابه زیادی باز کردیم.
من گفتم","Party secretaries and a number of political activists had a meeting in the presence of the president. 
Many people spoke. There were many protests. I said, Mr. President, we love you by a long shot. Don't feel strange. Protests are close-ups of some events.
In the meeting, we opened a lot of soft drinks for ourselves.
I said"
2001229301039903111,abtahi_m,2025-12-17 09:53:41.067000+00:00,"فیلم ها وسریالهایی که اخیرا دیدم
مینی‌سریال Hostage 2025 - گروگان - ایده‌ی جذابی دارد، پشت پرده باج گیری نخست وزیر انگلیس و رییس جمهور فرانسه که هردو خانم هستند، برای کسانی که به درام‌های سیاسی–امنیتی علاقه دارند، اثر 
قابل‌دنبال‌کردنی است ————

Anatomie d’une chute (2023) —",0,0,0,https://x.com/abtahi_m/status/2001229301039903111,"فیلم ها وسریالهایی که اخیرا دیدم
مینی‌سریال Hostage 2025 - گروگان - ایده‌ی جذابی دارد، پشت پرده باج گیری نخست وزیر انگلیس و رییس جمهور فرانسه که هردو خانم هستند، برای کسانی که به درام‌های سیاسی–امنیتی علاقه دارند، اثر 
قابل‌دنبال‌کردنی است ————

Anatomie d’une chute (2023) —","Movies and series that I saw recently
The miniseries Hostage 2025 has an interesting idea behind the blackmailing of the British Prime Minister and the French President, who are both women, for those who are interested in political-security dramas. 
traceable to ————

Anatomie d'une chute (2023) —"
2000216175913898332,abtahi_m,2025-12-14 14:47:53.214000+00:00,"کشتن یهودیان در جشن مذهبی #حنوکا در سیدنی #استرالیا را باید محکوم کرد. 
خون انسانهای بیگناه در همه جای دنیا محترم است. 
نت انی اهو جنایتکار بزرگ تاریخ بشریت شد چون ده ها هزار فلسطینی بیگناه  را به خاک و خون کشید.
بقول قرآن ولا یجرمنکم شنأن قوم علی ان لا تعدلوا.",0,0,0,https://x.com/abtahi_m/status/2000216175913898332,"کشتن یهودیان در جشن مذهبی #حنوکا در سیدنی #استرالیا را باید محکوم کرد. 
خون انسانهای بیگناه در همه جای دنیا محترم است. 
نت انی اهو جنایتکار بزرگ تاریخ بشریت شد چون ده ها هزار فلسطینی بیگناه  را به خاک و خون کشید.
بقول قرآن ولا یجرمنکم شنأن قوم علی ان لا تعدلوا.","The killing of Jews during the Hanukkah religious festival in Sydney, Australia, must be condemned. 
The blood of innocent people is respected all over the world. 
Net Eni Ahu became the biggest criminal in the history of mankind because he killed tens of thousands of innocent Palestinians.
According to the Qur'an, there is no mercy for the people of Ali."
2000167217389007327,abtahi_m,2025-12-14 11:33:20.592000+00:00,"آرشیویجات
از راست:
احمدجلالی در اول انقلاب با آقای طالقانی بود و برنامه تلویزیونی قرآن در صحنه را داشت و بعد سفیر در یونسکو
علی لاریجانی
سیدمحمد خاتمی
موسوی اردبیلی ریاست قوه قضاییه
صبحی طفیلی اولین دبیر کل حزب الله لبنان
اواخر دهه شصت",0,0,0,https://x.com/abtahi_m/status/2000167217389007327,"آرشیویجات
از راست:
احمدجلالی در اول انقلاب با آقای طالقانی بود و برنامه تلویزیونی قرآن در صحنه را داشت و بعد سفیر در یونسکو
علی لاریجانی
سیدمحمد خاتمی
موسوی اردبیلی ریاست قوه قضاییه
صبحی طفیلی اولین دبیر کل حزب الله لبنان
اواخر دهه شصت","Archives
From the right:
Ahmad Jalali was with Mr. Taleghani at the beginning of the revolution and had the Quran TV show on the stage, and then he was the ambassador to UNESCO.
Ali Larijani
Seyyed Mohammad Khatami
Mousavi Ardabili, head of the judiciary
Sobhi Tafili, the first general secretary of Hezbollah in Lebanon
Late sixties"
1999202770730074422,abtahi_m,2025-12-11 19:40:58.590000+00:00,"ابطحی، رئیس دفتر و معاون دولت اصلاحات گفت: زندان جمهوری اسلامی برایم افتخار نیست و عمداً کمتر درباره‌اش گفته‌ام؛ چون معتقدم جمهوری اسلامی مال ماست نه مال کسانی که آن را تسخیر کرده‌اند. آقای مرتضوی با آن برخورد، متولی این انقلاب نیست!
به گزارش جماران؛ سید محمدعلی ابطحی، رئیس دفتر",0,0,0,https://x.com/abtahi_m/status/1999202770730074422,"ابطحی، رئیس دفتر و معاون دولت اصلاحات گفت: زندان جمهوری اسلامی برایم افتخار نیست و عمداً کمتر درباره‌اش گفته‌ام؛ چون معتقدم جمهوری اسلامی مال ماست نه مال کسانی که آن را تسخیر کرده‌اند. آقای مرتضوی با آن برخورد، متولی این انقلاب نیست!
به گزارش جماران؛ سید محمدعلی ابطحی، رئیس دفتر","Abtahi, head of the office and deputy of the reform government, said: I am not proud of the prison of the Islamic Republic and I have deliberately said less about it. Because I believe that the Islamic Republic belongs to us and not to those who conquered it. Mr. Mortazavi is not the guardian of this revolution!
According to Jamaran; Seyyed Mohammad Ali Abtahi, head of the office"
1999201912202129872,abtahi_m,2025-12-11 19:37:33.901000+00:00,,0,0,0,https://x.com/abtahi_m/status/1999201912202129872,,
1998785846443429944,abtahi_m,2025-12-10 16:04:16.094000+00:00,"کسانی  که برای زنان تکلیف تعیین می کنند و وظایفشان را بر می شمارند و یا تعریف های کلیشه ای از زنان می کنند، آب درهاون میکوبند.
زنان این دروان شیئ نیستند.
احتیاج به نصیحت ندارند.
خودشان می دانند وظیفه شان چیست، و در چه جایگاهی هستند.و چه تصمیمی باید بگیرند.
روز زن به تقویم ایرانی",0,0,0,https://x.com/abtahi_m/status/1998785846443429944,"کسانی  که برای زنان تکلیف تعیین می کنند و وظایفشان را بر می شمارند و یا تعریف های کلیشه ای از زنان می کنند، آب درهاون میکوبند.
زنان این دروان شیئ نیستند.
احتیاج به نصیحت ندارند.
خودشان می دانند وظیفه شان چیست، و در چه جایگاهی هستند.و چه تصمیمی باید بگیرند.
روز زن به تقویم ایرانی","Those who assign duties to women and list their duties or make stereotypical definitions of women are hitting water in the mortar.
Women are not the object of this drug.
They do not need advice.
They themselves know what their duty is, and what position they are in, and what decision they should make.
Women's day according to the Iranian calendar"
1998369964474958078,abtahi_m,2025-12-09 12:31:42.106000+00:00,"وزیر ارتباطات به آقای محمد امین آقامیری دبیر فضای مجاری نامه زده که گزارشی از وضعیت خط های سفید تهیه کند.
از اینکه بالاخره آدرس صحیح مسئول فیلترینگ را دادند باید تشکر کرد.
یک ضرب المثل انگلیسی میگوید: مردابها را بخشکانید پشه ها میمیرند. 
در مثل مناقشه نیست ولی مسئول تغییر دبیر",0,0,0,https://x.com/abtahi_m/status/1998369964474958078,"وزیر ارتباطات به آقای محمد امین آقامیری دبیر فضای مجاری نامه زده که گزارشی از وضعیت خط های سفید تهیه کند.
از اینکه بالاخره آدرس صحیح مسئول فیلترینگ را دادند باید تشکر کرد.
یک ضرب المثل انگلیسی میگوید: مردابها را بخشکانید پشه ها میمیرند. 
در مثل مناقشه نیست ولی مسئول تغییر دبیر","The Minister of Communications has written to Mr. Mohammad Amin Aghamiri, Secretary of Channel Space, to prepare a report on the status of white lines.
Thank you for finally giving the correct address of the person responsible for filtering.
An English proverb says: divide the swamps and the mosquitoes will die. 
It is not like a dispute, but it is responsible for changing the teacher"
1998115906472304999,abtahi_m,2025-12-08 19:42:09.958000+00:00,"امروز به دعوت انجمن اسلامی مستقل دانشگاه پزشکی رفتم تبریز.
مثل چند سال پیش منتظر بودم روز آخر از طرف بالا لغو کنند که خوشبختانه نکردند
در این سوز و سرما وبی انگیزگی در سیاست،شور وشوق آرام و ملاحظه کارانه ای وجود داشت.
دانشگاه دکتر پزشکیان بود و رییس فعلی دانشگاه هم که در جلسه بود",0,0,0,https://x.com/abtahi_m/status/1998115906472304999,"امروز به دعوت انجمن اسلامی مستقل دانشگاه پزشکی رفتم تبریز.
مثل چند سال پیش منتظر بودم روز آخر از طرف بالا لغو کنند که خوشبختانه نکردند
در این سوز و سرما وبی انگیزگی در سیاست،شور وشوق آرام و ملاحظه کارانه ای وجود داشت.
دانشگاه دکتر پزشکیان بود و رییس فعلی دانشگاه هم که در جلسه بود","Today, I went to Tabriz at the invitation of the Independent Islamic Association of Medical University.
Like a few years ago, I was waiting for them to cancel on the last day, which luckily they didn't
In this heat and coldness and lack of motivation in politics, there was calm enthusiasm and careful consideration.
The university was a doctor of medicine and the current president of the university was also in the meeting"
1997574094217216014,abtahi_m,2025-12-07 07:49:11.850000+00:00,"یکساعتی با آقای #ستار_هاشمی وزیر کار بلد ارتباطات دیدار داشتم.
من شاید بیشترین محتوا را در این سالها علیه فیلترینگ تولید کردم. و بحث اصلی در این مورد بود.
گفتم خیلی از وزارتخانه ها موضوع کارشان منتفی شده. مثل #ارشاد که کسی منتظر مجوز در موسیقی و فیلم و کتاب نیست.
اما وزارت",0,0,0,https://x.com/abtahi_m/status/1997574094217216014,"یکساعتی با آقای #ستار_هاشمی وزیر کار بلد ارتباطات دیدار داشتم.
من شاید بیشترین محتوا را در این سالها علیه فیلترینگ تولید کردم. و بحث اصلی در این مورد بود.
گفتم خیلی از وزارتخانه ها موضوع کارشان منتفی شده. مثل #ارشاد که کسی منتظر مجوز در موسیقی و فیلم و کتاب نیست.
اما وزارت","I had a one-hour meeting with Mr. Sattar Hashemi, Minister of Labor and Communications.
I have probably produced the most anti-filtering content over the years. And the main discussion was about this.
I said that many ministries have abandoned their work. Like Arshad, no one is waiting for permission in music, movies and books.
But the Ministry"
1996640862441177599,abtahi_m,2025-12-04 18:00:52.056000+00:00,"با جمعی از دوستان روحانی نو اندیش خدمت آقای خاتمی جلسه داشتیم.
آقای خاتمی بحث سخنان آقای #سلیمانی_اردستانی را پیش کشید. 
اعتراض داشت که چرا این مباحث را و این ادبیات را در این شرایط به کار گرفته است.
دوستان جلسه که دوستان آقای اردستانی هم بودند نیز گلایه داشتند که محتوا و ادبیات",0,0,0,https://x.com/abtahi_m/status/1996640862441177599,"با جمعی از دوستان روحانی نو اندیش خدمت آقای خاتمی جلسه داشتیم.
آقای خاتمی بحث سخنان آقای #سلیمانی_اردستانی را پیش کشید. 
اعتراض داشت که چرا این مباحث را و این ادبیات را در این شرایط به کار گرفته است.
دوستان جلسه که دوستان آقای اردستانی هم بودند نیز گلایه داشتند که محتوا و ادبیات","We had a meeting with a group of new-thinking spiritual friends of Mr. Khatami.
Mr. Khatami discussed the words of Mr. Soleimani Ardestani. 
He protested why he used these topics and this literature in this situation.
Friends of the meeting who were also friends of Mr. Ardestani also complained that the content and literature"
1996572933607600618,abtahi_m,2025-12-04 13:30:56.560000+00:00,"آقای #دکتر_روحانی فرموده اند که رفته اند عربستان و کشور را از جنگ به خاطر ماجرای #خُبَر با گفتگو نجات داده اند. 
اما نگفتند این اتفاق به خاطر انتخاب آقای #خاتمی و تغییر نگاه دنیا به ایران و علاقه دنیا به حل وفصل مشکلات با ایران جدید بوده است. و دعوت و پیشنهاد از سوی #امیر_عبدالله",0,0,0,https://x.com/abtahi_m/status/1996572933607600618,"آقای #دکتر_روحانی فرموده اند که رفته اند عربستان و کشور را از جنگ به خاطر ماجرای #خُبَر با گفتگو نجات داده اند. 
اما نگفتند این اتفاق به خاطر انتخاب آقای #خاتمی و تغییر نگاه دنیا به ایران و علاقه دنیا به حل وفصل مشکلات با ایران جدید بوده است. و دعوت و پیشنهاد از سوی #امیر_عبدالله","Mr. Rouhani has said that they went and saved Saudi Arabia and the country from war because of the #Khobar incident through dialogue. 
But they did not say that this happened because of the election of Mr. Khatami and the change in the world's view of Iran and the world's interest in solving problems with the new Iran. And invitation and suggestion from #Amir_Abdullah"
1996326210129756347,abtahi_m,2025-12-03 21:10:33.099000+00:00,"#شروین_حاجی_پور می تواند نماینده قدرتمند و واقعی نسلش باشد 
او می تواند مرتب برای هایش را برای مسئولان کشور به روز کند و خواسته های جوانان را تکرار کند.
کاش مدیران کشور احساس نیاز به شنیدن از نسل شروین داشته باشند.
روزی که شروین برای دردهای کشور خواند باید ستادی تشکیل می‌شد تا",0,0,0,https://x.com/abtahi_m/status/1996326210129756347,"#شروین_حاجی_پور می تواند نماینده قدرتمند و واقعی نسلش باشد 
او می تواند مرتب برای هایش را برای مسئولان کشور به روز کند و خواسته های جوانان را تکرار کند.
کاش مدیران کشور احساس نیاز به شنیدن از نسل شروین داشته باشند.
روزی که شروین برای دردهای کشور خواند باید ستادی تشکیل می‌شد تا","#Shervin_Hajipour can be a powerful and true representative of his generation 
He can regularly update his requests to the country's officials and repeat the demands of the youth.
I wish the leaders of the country felt the need to hear from Shervin's generation.
The day when Shervin read for the pains of the country, a headquarters should have been formed"
1995788516735758598,abtahi_m,2025-12-02 09:33:57.004000+00:00,"این اقدام مبارکی بود که در مورد مسائل تاریخی ومذهبی به جای بلند کردن تاریخی شمشیر تکفیر گفتگو صورت گرفت. از آقای #کاشانی و #سلیمانی تقدیر میکنم.
باید این دو بزرگوار از این دستاورد حفاظت کنند ونگذارند این اتفاق میمون با فحاشی و یا ایجاد جو احساسی ناکام شود.",0,0,0,https://x.com/abtahi_m/status/1995788516735758598,"این اقدام مبارکی بود که در مورد مسائل تاریخی ومذهبی به جای بلند کردن تاریخی شمشیر تکفیر گفتگو صورت گرفت. از آقای #کاشانی و #سلیمانی تقدیر میکنم.
باید این دو بزرگوار از این دستاورد حفاظت کنند ونگذارند این اتفاق میمون با فحاشی و یا ایجاد جو احساسی ناکام شود.","It was a blessed move to discuss historical and religious issues instead of raising the historical sword of excommunication. I appreciate Mr. #Kashani and #Soleimani.
These two dignitaries should protect this achievement and not let this monkey event fail with obscenity or creating an emotional atmosphere."
1995763375293255737,abtahi_m,2025-12-02 07:54:02.817000+00:00,"آقای مدنی زاده
وزیر محترم اقتصاد
گفتند شما دانش اقتصادی متفاوتی دارید و طرحی نو در می اندازید!
حتما گرانی ها و نرخ دلار در این روزها به استحضار می رسد.
ضرورت نمی بینید فکری کنید؟
یا دلایل این وضع را به مردم بگویید
لازم نمیدانید با مردم حرف بزنید؟
بقول آن آقا اوضاع خیلی خیطه",0,0,0,https://x.com/abtahi_m/status/1995763375293255737,"آقای مدنی زاده
وزیر محترم اقتصاد
گفتند شما دانش اقتصادی متفاوتی دارید و طرحی نو در می اندازید!
حتما گرانی ها و نرخ دلار در این روزها به استحضار می رسد.
ضرورت نمی بینید فکری کنید؟
یا دلایل این وضع را به مردم بگویید
لازم نمیدانید با مردم حرف بزنید؟
بقول آن آقا اوضاع خیلی خیطه","Mr. Madanizadeh
Honorable Minister of Economy
They said that you have different economic knowledge and you are making a new plan!
Surely, the high prices and the dollar rate these days are evoked.
Don't you see the need to think?
Or tell people the reasons for this situation
Don't you need to talk to people?
According to that gentleman, the situation is very messy"
1995489748048380258,abtahi_m,2025-12-01 13:46:44.998000+00:00,"درباره مصاحبه بهروز رهبری فرد ( بازیکن سابق تیم ملی ) که گفته بود از انها خواسته بودند در بازی با بحرین ببازند، توضیحات مفصل دادم

از طریق لینک زیر ببینید ",0,0,0,https://x.com/abtahi_m/status/1995489748048380258,"درباره مصاحبه بهروز رهبری فرد ( بازیکن سابق تیم ملی ) که گفته بود از انها خواسته بودند در بازی با بحرین ببازند، توضیحات مفصل دادم

از طریق لینک زیر ببینید ","I gave a detailed explanation about the interview of Behrouz Darish Fard (former national team player) who said that they were asked to lose in the game against Bahrain.

See through the link below"
1995399638501769402,abtahi_m,2025-12-01 07:48:41.208000+00:00,"اجرای رپ آخر #سینا_ساعی در برنامه #کارناوال را دیدم. 
می شد جدی ترین نیازها و اعتراضها و نگاه نسل جوان را در آن پیدا کرد.
به خصوص در گفتگوی نقش امیرکبیر که انگاری به در امیرکبیر میگوید تا دیوار مسئولان فعلی بفهمند.
گرچه فکر میکنم خیلی هاشان عمق حرف این جوانان را و این اعتراضها و",0,0,0,https://x.com/abtahi_m/status/1995399638501769402,"اجرای رپ آخر #سینا_ساعی در برنامه #کارناوال را دیدم. 
می شد جدی ترین نیازها و اعتراضها و نگاه نسل جوان را در آن پیدا کرد.
به خصوص در گفتگوی نقش امیرکبیر که انگاری به در امیرکبیر میگوید تا دیوار مسئولان فعلی بفهمند.
گرچه فکر میکنم خیلی هاشان عمق حرف این جوانان را و این اعتراضها و","I saw the last rap performance of #Sina_Saei in the #Carnival program. 
It was possible to find the most serious needs and protests and the view of the young generation in it.
Especially in the dialogue of Naqsh Amirkabir, who seems to tell Amirkabir so that the current authorities will understand.
Although I think many of them understand the depth of these young people's words and these protests"
1995128037080203712,abtahi_m,2025-11-30 13:49:26.383000+00:00,"بیش از دهسال است که رهبری شعار جذب حداکثری و دفع حداقلی را داده اند. 
دهها مرکز قدرتمند وپا به کار برای *دفع حداقلی* شبانه روز فعالیت می کنند. 
اما یک مرکز تاثیر گذار تا کنون برای *جذب حداکثری* تا کنون تشکیل نشده است.
شاید انتشار تصویر شهید نیلوفر قلعه بند در صفحه متعلق به بیت",0,0,0,https://x.com/abtahi_m/status/1995128037080203712,"بیش از دهسال است که رهبری شعار جذب حداکثری و دفع حداقلی را داده اند. 
دهها مرکز قدرتمند وپا به کار برای *دفع حداقلی* شبانه روز فعالیت می کنند. 
اما یک مرکز تاثیر گذار تا کنون برای *جذب حداکثری* تا کنون تشکیل نشده است.
شاید انتشار تصویر شهید نیلوفر قلعه بند در صفحه متعلق به بیت","For more than ten years, the leadership has given the slogan of maximum absorption and minimum rejection. 
Dozens of powerful centers are working day and night for *minimum elimination*. 
But an effective center has not been formed so far for *maximum absorption*.
Perhaps the publication of the picture of Martyr Nilufar Qalaband on the page belonging to Bayt"
1994662724496752688,abtahi_m,2025-11-29 07:00:27.218000+00:00,"ابطحی در گفتگو با سینما پرس:
مورد حضور فیلم های ضد ایرانی که توسط فیلمسازان ایران ساخته شده تصریح نمود:  معیارهای ضد ایرانی چیست؟ آیا تنها معیارهای رسمی را معیارهای ایرانی بدانیم؟
اگر نقدی به جناحی صورت بگیرد یا فشاری که بر جامعه اعمال شود، مورد تحلیل قرار گیرد نباید آن را ضد",0,0,0,https://x.com/abtahi_m/status/1994662724496752688,"ابطحی در گفتگو با سینما پرس:
مورد حضور فیلم های ضد ایرانی که توسط فیلمسازان ایران ساخته شده تصریح نمود:  معیارهای ضد ایرانی چیست؟ آیا تنها معیارهای رسمی را معیارهای ایرانی بدانیم؟
اگر نقدی به جناحی صورت بگیرد یا فشاری که بر جامعه اعمال شود، مورد تحلیل قرار گیرد نباید آن را ضد","Abtahi in a conversation with Cinema Press:
Regarding the presence of anti-Iranian films made by Iranian filmmakers, he stated: What are the anti-Iranian criteria? Should we consider the only official criteria as Iranian criteria?
If criticism is made to a faction or if pressure is applied to the society, it should not be analyzed against it"
1994119853398266328,abtahi_m,2025-11-27 19:03:16.662000+00:00,"آرشیویجات
گاهی آدمی دوست دارد تبلت را بردارد و برود در کافه ای کار کند.
در این سالهای گپ بین ادبیات نسل جدید و ادبیات حاکمیت و نسل قدیم، کافی شاپ ها بهترین جایی بوده‌ که نوآوری ها و ادبیات نسل جدید را متبلور کرده است.
رنسانس تاریخی نسل جدید قطعا از درون کافی شاپ ها شکل می گیرد.",0,0,0,https://x.com/abtahi_m/status/1994119853398266328,"آرشیویجات
گاهی آدمی دوست دارد تبلت را بردارد و برود در کافه ای کار کند.
در این سالهای گپ بین ادبیات نسل جدید و ادبیات حاکمیت و نسل قدیم، کافی شاپ ها بهترین جایی بوده‌ که نوآوری ها و ادبیات نسل جدید را متبلور کرده است.
رنسانس تاریخی نسل جدید قطعا از درون کافی شاپ ها شکل می گیرد.","Archives
Sometimes a person likes to take the tablet and go to work in a cafe.
In these years of the gap between the literature of the new generation and the literature of the government and the old generation, coffee shops have been the best place that crystallized the innovations and literature of the new generation.
The historical renaissance of the new generation will definitely take place in coffee shops."
1993748682240594196,abtahi_m,2025-11-26 18:28:22.562000+00:00,"محسن رضایی: خواهید دید که آمریکایی‌ها در فرودگاه امام تقاضای دیدار با رئیس‌جمهور و رهبری را می‌کنند!
یعنی روابط برقرار میشه؟با ویزا می آیند؟از سی آی پی میان یا پاویون؟ رجزه؟ اصلا جدی نگیریم؟ 
سردار راهنمایی کنند و ملتی را از نگرانی در بیاورند
والا به مولا . دنیایی است!!!!",0,0,0,https://x.com/abtahi_m/status/1993748682240594196,"محسن رضایی: خواهید دید که آمریکایی‌ها در فرودگاه امام تقاضای دیدار با رئیس‌جمهور و رهبری را می‌کنند!
یعنی روابط برقرار میشه؟با ویزا می آیند؟از سی آی پی میان یا پاویون؟ رجزه؟ اصلا جدی نگیریم؟ 
سردار راهنمایی کنند و ملتی را از نگرانی در بیاورند
والا به مولا . دنیایی است!!!!","Mohsen Rezaei: You will see that the Americans demand a meeting with the President and the leadership at Imam Airport!
Does it mean that relations will be established? Will they come with a visa? Will they come from CIP or Pavion? Rejazeh? Don't take it seriously at all? 
Sardar guide and relieve the nation from worry
Glory be to Mullah. It's a world!!!!"
1993340732644491466,abtahi_m,2025-11-25 15:27:19.799000+00:00,"بین خط سفید خبرنگاران و مسئولان حکومتی فرق است.
وزرای ارتباطات دولتهای روحانی و رییسی و پزشکیان که نمی توانسته اند و یا نخواسته اندفیلتر همگان را بردارند، ولی به خبرنگاران و فعالان مجازی هر دو جناح خط بی‌فیلتر داده اند، راه توسعه سیاسی را باز کرده اند. خبرها و تحلیل ها نباید",0,0,0,https://x.com/abtahi_m/status/1993340732644491466,"بین خط سفید خبرنگاران و مسئولان حکومتی فرق است.
وزرای ارتباطات دولتهای روحانی و رییسی و پزشکیان که نمی توانسته اند و یا نخواسته اندفیلتر همگان را بردارند، ولی به خبرنگاران و فعالان مجازی هر دو جناح خط بی‌فیلتر داده اند، راه توسعه سیاسی را باز کرده اند. خبرها و تحلیل ها نباید","There is a difference between the white line of journalists and government officials.
The ministers of communication of the clerical and presidential governments and doctors who could not or did not want to remove the end filter from everyone, but gave the journalists and virtual activists of both factions an unfiltered line, have opened the way for political development. News and analysis should not"
1993290603119931745,abtahi_m,2025-11-25 12:08:07.989000+00:00,"چند هفته پيش در جايى بودم.
با دكتر #عارف حرفم شد.به همان دليل كه هميشه راجع به رفع فيلترينگ مى نوشتم.
حسن اقاى #خمينى هم بود.
گفتم وقتى هواپيماهاى عراقى بالاى سر مسئولان، بمباران تهران را شروع كردند، همه به فكر صلح افتادند.
همانجا گفتم من كه ١٧ ساله كاره اى نيستم و چندين جلسه",0,0,0,https://x.com/abtahi_m/status/1993290603119931745,"چند هفته پيش در جايى بودم.
با دكتر #عارف حرفم شد.به همان دليل كه هميشه راجع به رفع فيلترينگ مى نوشتم.
حسن اقاى #خمينى هم بود.
گفتم وقتى هواپيماهاى عراقى بالاى سر مسئولان، بمباران تهران را شروع كردند، همه به فكر صلح افتادند.
همانجا گفتم من كه ١٧ ساله كاره اى نيستم و چندين جلسه","I was there a few weeks ago.
I talked to Dr. Arif for the same reason that I always wrote about fixing filtering.
Hasan Mr. Khomeini was also there.
I said that when the Iraqi planes started bombing Tehran above the heads of the officials, everyone thought of peace.
I said there that I am 17 years old and have no job and several meetings"
1993053891886563602,abtahi_m,2025-11-24 20:27:31.633000+00:00,من این خبر را تا‌کنون نشنیده بودم و در تحقیقات هم چنین چیزی نبود,0,0,0,https://x.com/abtahi_m/status/1993053891886563602,من این خبر را تا‌کنون نشنیده بودم و در تحقیقات هم چنین چیزی نبود,I had not heard this news before and there was nothing like that in the research
1992602187931750868,abtahi_m,2025-11-23 14:32:37.018000+00:00,"شب شهادت حضرت زهراست.
به خاطر مظلومیت هایی که بعد از پیامبر آن حضرت بر دوش کشید، شیعیان به نوعی در برزگداشت این مراسم ابراز هویت جدی تری می کنند. من در مشهدم. در بخشهایی از این شهر همه جا مراسم و عزاداری وسینه زنی است. عاشورای دوم است است.
از این مصیبت بزرگ باید برای تجلیل از دخت",0,0,0,https://x.com/abtahi_m/status/1992602187931750868,"شب شهادت حضرت زهراست.
به خاطر مظلومیت هایی که بعد از پیامبر آن حضرت بر دوش کشید، شیعیان به نوعی در برزگداشت این مراسم ابراز هویت جدی تری می کنند. من در مشهدم. در بخشهایی از این شهر همه جا مراسم و عزاداری وسینه زنی است. عاشورای دوم است است.
از این مصیبت بزرگ باید برای تجلیل از دخت","It is the night of Hazrat Zahra's martyrdom.
Because of the oppressions that the Holy Prophet suffered after the Prophet, the Shiites express a more serious identity in holding this ceremony. I am in Mashhad. In some parts of this city, there are ceremonies and mourning. It is the second Ashura.
From this great calamity, we must celebrate the girl"
1992594562838130998,abtahi_m,2025-11-23 14:02:19.054000+00:00,"#داریوش_فروهر و #پروانه_اسکندری مظلومانه به قتل رسیدند.
از وقتی وزیر اطلاعات به من زنگ زد وخبر کشته شدن آنها را داد و گفت نیروهامان را فرستادیم تا بررسی کنند تا وقتی که به اقای خاتمی رییس جمهور گفتم  و گفت این باید کار خودشان باشد و زیر بار روایت رسمی نرفت و کمیته تحقیق تشکیل داد",0,0,0,https://x.com/abtahi_m/status/1992594562838130998,"#داریوش_فروهر و #پروانه_اسکندری مظلومانه به قتل رسیدند.
از وقتی وزیر اطلاعات به من زنگ زد وخبر کشته شدن آنها را داد و گفت نیروهامان را فرستادیم تا بررسی کنند تا وقتی که به اقای خاتمی رییس جمهور گفتم  و گفت این باید کار خودشان باشد و زیر بار روایت رسمی نرفت و کمیته تحقیق تشکیل داد","#Dariush_Frohar and #Parvaneh_Eskandari were unjustly murdered.
From when the Minister of Intelligence called me and told me that they were killed and said that we sent our forces to investigate, until I told Mr. Khatami, the president, and he said that this should be their job, and he did not accept the official narrative and formed an investigation committee."
1991031888841224374,abtahi_m,2025-11-19 06:32:48.540000+00:00,"اقا فرید عزیز
اولا از کجا معلوم کسی در حاکمیت قصد ایجاد جمهوری جدید داشته باشد.
مشکل جمهوری قدیم وجدید فقهی است که هر فقیه نظراتش را عین اسلام می داند.
مشکل دخالت بیش از حد فقه در همه امور است.
مگر اینکه قصدت فقه غیر سیاسی برای ایران سکولار باشد که جرات بیانش را نداری",0,0,0,https://x.com/abtahi_m/status/1991031888841224374,"اقا فرید عزیز
اولا از کجا معلوم کسی در حاکمیت قصد ایجاد جمهوری جدید داشته باشد.
مشکل جمهوری قدیم وجدید فقهی است که هر فقیه نظراتش را عین اسلام می داند.
مشکل دخالت بیش از حد فقه در همه امور است.
مگر اینکه قصدت فقه غیر سیاسی برای ایران سکولار باشد که جرات بیانش را نداری","Dear Mr. Farid
First of all, how do you know that someone in the government intends to create a new republic?
The problem of the old republic is the jurisprudence that every jurist considers his opinions to be the same as Islam.
The problem is the excessive involvement of jurisprudence in all matters.
Unless you mean non-political jurisprudence for secular Iran, which you dare not say"
1990732226443571484,abtahi_m,2025-11-18 10:42:03.457000+00:00,نظرسنجی در مورد رابطه مدیران و نسل جدید در کانال تلگرام گذاشتم.مشارکت کنید اگر خواستید.,0,0,0,https://x.com/abtahi_m/status/1990732226443571484,نظرسنجی در مورد رابطه مدیران و نسل جدید در کانال تلگرام گذاشتم.مشارکت کنید اگر خواستید.,I posted a survey on the relationship between managers and the new generation on the Telegram channel. Participate if you want.
1990483184614867041,abtahi_m,2025-11-17 18:12:27.258000+00:00,"من از دور و یا نزدیک آقای #سقاب معاون جدید پزشکیان را ندیده ام.
ولی در این هیاهوی چند روزه دلیل این هجوم را نفهمیدم
طرفدار رییسی و یا هوادار اردوگاه مقابل بوده؟ مگر اکثریت دولت چنین نیستند؟ 
کارش را که میگویند بلد است.
استعفا و اینا که دلایل دیگه داشته
خیر باشد الهی",0,0,0,https://x.com/abtahi_m/status/1990483184614867041,"من از دور و یا نزدیک آقای #سقاب معاون جدید پزشکیان را ندیده ام.
ولی در این هیاهوی چند روزه دلیل این هجوم را نفهمیدم
طرفدار رییسی و یا هوادار اردوگاه مقابل بوده؟ مگر اکثریت دولت چنین نیستند؟ 
کارش را که میگویند بلد است.
استعفا و اینا که دلایل دیگه داشته
خیر باشد الهی","I haven't seen Mr. #Saqab, the new deputy physician, from far or near.
But I didn't understand the reason for this attack during the commotion of several days
Was he a fan of Raisi or a supporter of the opposite camp? Isn't the majority of the government like that? 
He knows what they say.
Resignation and other reasons
God bless you"
1990637309771816995,abtahi_m,2025-11-18 04:24:53.559000+00:00,جهت اطلاع: کسانیکه پرسیده اند چرا گفته ام‌کارش را بلد است.من نگفته ام. گفتم میگویند.خواندم رییس جمهور گفته برنامه اش از بقیه بهتر است,0,0,0,https://x.com/abtahi_m/status/1990637309771816995,جهت اطلاع: کسانیکه پرسیده اند چرا گفته ام‌کارش را بلد است.من نگفته ام. گفتم میگویند.خواندم رییس جمهور گفته برنامه اش از بقیه بهتر است,For your information: Those who asked why I said they know what they are doing. I didn't say it. I said that they say. I read that the president said that his program is better than others
1990153537666662701,abtahi_m,2025-11-16 20:22:33.301000+00:00,"این توی گلویم گیر کرده بود:
در ذات اصلاحات، نو آوری و به روز شدن وجود دارد.
زیرا پایه هر اصلاحی شرایط زمان ومکان است.
اصلاحات یک حزب یا چند حزب نیست. اصلاحات یک تفکر جاری در زمان است.
شروع حرکت اصلاحی آقای خاتمی در سال ۷۶ نیاز جدی آن دوره بود ولی هر کس یا هر گروهی در نقطه ای، حتی",0,0,0,https://x.com/abtahi_m/status/1990153537666662701,"این توی گلویم گیر کرده بود:
در ذات اصلاحات، نو آوری و به روز شدن وجود دارد.
زیرا پایه هر اصلاحی شرایط زمان ومکان است.
اصلاحات یک حزب یا چند حزب نیست. اصلاحات یک تفکر جاری در زمان است.
شروع حرکت اصلاحی آقای خاتمی در سال ۷۶ نیاز جدی آن دوره بود ولی هر کس یا هر گروهی در نقطه ای، حتی","This stuck in my throat:
In the essence of reforms, there is innovation and updating.
Because the basis of any reform is the conditions of time and place.
Reforms are not one party or several parties. Reforms are a current thinking in time.
The beginning of Mr. Khatami's reform movement in 1976 was a serious need of that period, but every person or every group at some point, even"
1989705178031738885,abtahi_m,2025-11-15 14:40:56.034000+00:00,"به عملکرد پزشکیان انتقادات زیادی  وارد است. اما برای لحظه ای از انتخابش و تلاش برای انتخاب شدنش پشیمان نیستیم.نه فقط برای آن که رقیبش انتخاب نشد، بلکه برای اینکه همان ماند که بود.
بهره بردن از امکانات سال اول ریاست جمهوری که معمولا گل وبلبل است و تنها گذاشتن او وقتی سختی ها شروع",0,0,0,https://x.com/abtahi_m/status/1989705178031738885,"به عملکرد پزشکیان انتقادات زیادی  وارد است. اما برای لحظه ای از انتخابش و تلاش برای انتخاب شدنش پشیمان نیستیم.نه فقط برای آن که رقیبش انتخاب نشد، بلکه برای اینکه همان ماند که بود.
بهره بردن از امکانات سال اول ریاست جمهوری که معمولا گل وبلبل است و تنها گذاشتن او وقتی سختی ها شروع","There are many criticisms of doctors' performance. But for a moment, we do not regret his election and his efforts to be elected. Not only because his rival was not elected, but because he remained the same.
Taking advantage of the facilities of the first year of the presidency, which is usually a mess, and leaving him alone when difficulties begin"
1989075451541889040,abtahi_m,2025-11-13 20:58:37.539000+00:00,"در مورد دعا ونماز باران و نظریات مختلفی که هست بحث مفصلی کردم.
خوبه گوش کنید.منبر متفاوتیه.تا نظر شما چه باشد",0,0,0,https://x.com/abtahi_m/status/1989075451541889040,"در مورد دعا ونماز باران و نظریات مختلفی که هست بحث مفصلی کردم.
خوبه گوش کنید.منبر متفاوتیه.تا نظر شما چه باشد","I had a detailed discussion about prayer and prayer for rain and the various theories that exist.
Well, listen. It's a different pulpit. What do you think?"
1988670028192051410,abtahi_m,2025-11-12 18:07:37.080000+00:00,"احمد بالدی جوان خوزستانی جانش را برای بی‌تدبیری مسئولان و فقر داد.
مدیران تغییر کردند ولی با یک جو تدبیر می‌شد احمد زنده باشد.",0,0,0,https://x.com/abtahi_m/status/1988670028192051410,"احمد بالدی جوان خوزستانی جانش را برای بی‌تدبیری مسئولان و فقر داد.
مدیران تغییر کردند ولی با یک جو تدبیر می‌شد احمد زنده باشد.","Ahmad Baldi, a young man from Khuzestan, gave his life for the imprudence of officials and poverty.
Managers changed, but with one atmosphere, it was possible for Ahmed to be alive."
1988358963688100297,abtahi_m,2025-11-11 21:31:33.523000+00:00,"اقای گنجی عزیز
به دوستانتان بگویید افراطی ها را مهار کنند.
نصیری مسئول تهیه جزوه هفتگی برای ائمه جمعه علیه آقای خاتمی و اصلاحات بود. اصولگرای افراطی تر از او نبود.
حالا هم همان نصیری است که از خود شاهزاده تا تاجزاده دارند تعجب میکنند از میزان شاه اللهی بودنش",0,0,0,https://x.com/abtahi_m/status/1988358963688100297,"اقای گنجی عزیز
به دوستانتان بگویید افراطی ها را مهار کنند.
نصیری مسئول تهیه جزوه هفتگی برای ائمه جمعه علیه آقای خاتمی و اصلاحات بود. اصولگرای افراطی تر از او نبود.
حالا هم همان نصیری است که از خود شاهزاده تا تاجزاده دارند تعجب میکنند از میزان شاه اللهی بودنش","Dear Mr. Ganji
Tell your friends to curb the extremists.
Nasiri was responsible for preparing a weekly pamphlet for Friday imams against Mr. Khatami and reforms. There was no fundamentalist more extreme than him.
Now it is the same Nasiri who from the prince himself to the Tajzadeh are surprised by the extent of his Shah Allahi"
1988257006445105372,abtahi_m,2025-11-11 14:46:25.022000+00:00,"چندین بار با #همایون_ارشادی هم کلام شده ام. هربار در دیدن تاتر.
از افتخارات سینمای ایران بود.در سطح فیلم های جهانی و فیلمهای مهم داخلی بازی های غرور آفرین داشت. 
قدر شناسی از سرمایه های ملی وظیفه ماست. 
به خانواده نازنینش و خانواده بزرگ سینما تسلیت میگویم
عکس زیر همایون",0,0,0,https://x.com/abtahi_m/status/1988257006445105372,"چندین بار با #همایون_ارشادی هم کلام شده ام. هربار در دیدن تاتر.
از افتخارات سینمای ایران بود.در سطح فیلم های جهانی و فیلمهای مهم داخلی بازی های غرور آفرین داشت. 
قدر شناسی از سرمایه های ملی وظیفه ماست. 
به خانواده نازنینش و خانواده بزرگ سینما تسلیت میگویم
عکس زیر همایون","I have spoken with #Homayun_Arshadi several times. Every time I see the theater.
It was one of the honors of Iranian cinema. It had proud performances at the level of international films and important domestic films. 
Appreciation of national capital is our duty. 
I offer my condolences to his lovely family and the big cinema family
The photo below is of Homayun"
1988251727343100338,abtahi_m,2025-11-11 14:25:26.386000+00:00,"اقای ضرغامی عزیز
والا منظورشون توییتر نبوده.تو‌جلسات مخصوص که شما را راه میدن، اونجا بگین.",0,0,0,https://x.com/abtahi_m/status/1988251727343100338,"اقای ضرغامی عزیز
والا منظورشون توییتر نبوده.تو‌جلسات مخصوص که شما را راه میدن، اونجا بگین.","Dear Mr. Zarghami
By the way, they didn't mean Twitter. In the special meetings where they let you go, say it there."
1988196858636976276,abtahi_m,2025-11-11 10:47:24.667000+00:00,"نماز باران؟ دعا؟ رابطه طبیعت و دعا 
ارتباط گناه و باران و خشکسالی
به این مسایل در آدرس زیر جواب متفاوت وجدی و مفصلی داده ام. گوش کنید خوبه",0,0,0,https://x.com/abtahi_m/status/1988196858636976276,"نماز باران؟ دعا؟ رابطه طبیعت و دعا 
ارتباط گناه و باران و خشکسالی
به این مسایل در آدرس زیر جواب متفاوت وجدی و مفصلی داده ام. گوش کنید خوبه","Rain prayer? prayer? The relationship between nature and prayer 
The relationship between sin and rain and drought
I have given different and detailed answers to these issues in the address below. listen ok"
1988166614865309927,abtahi_m,2025-11-11 08:47:13.990000+00:00,"آرشیویجات
دست راستی آقای رضا امیرخانی رمان نویس مشهور ودست چپی اقای محمدعلی زم هنر شناس معروف وپدر روح الله.
یک نقطه مشترک دارند: هردو یک زمانی ذوب ترین ها در حاکمیت بودند و امروز هر دو منتقد جدی.
این موارد آغاز فروپاشی درونی است. این روزها همه جناح ها منتقدند. کسی هم دفاع ،حتی",0,0,0,https://x.com/abtahi_m/status/1988166614865309927,"آرشیویجات
دست راستی آقای رضا امیرخانی رمان نویس مشهور ودست چپی اقای محمدعلی زم هنر شناس معروف وپدر روح الله.
یک نقطه مشترک دارند: هردو یک زمانی ذوب ترین ها در حاکمیت بودند و امروز هر دو منتقد جدی.
این موارد آغاز فروپاشی درونی است. این روزها همه جناح ها منتقدند. کسی هم دفاع ،حتی","Archives
The right hand of Mr. Reza Amirkhani, a famous novelist, and the left hand of Mr. Mohammad Ali Zam, a famous art critic and father of God.
They have one thing in common: both were once the most influential in the government, and today both are serious critics.
These are the beginnings of internal collapse. These days, all factions are critics. No one defends, even"
1987625053421514993,abtahi_m,2025-11-09 20:55:15.680000+00:00,"نیامدن باران و سایر مسائل طبیعت ربطی به گناه ندارد.
یک اتفاق در طبیعت است و صدها دلیل علمی دارد
دعا برای باران مثل دعا برای هر خواسته اجتماعی مفید است.
اما امام صادق فرموده:
أَبَى اَللَّهُ أَنْ يُجْرِيَ اَلْأَشْيَاءَ إِلاَّ بِأَسْبَابٍ
خداوند در مسیر طبیعت، جهان را اداره می کند",0,0,0,https://x.com/abtahi_m/status/1987625053421514993,"نیامدن باران و سایر مسائل طبیعت ربطی به گناه ندارد.
یک اتفاق در طبیعت است و صدها دلیل علمی دارد
دعا برای باران مثل دعا برای هر خواسته اجتماعی مفید است.
اما امام صادق فرموده:
أَبَى اَللَّهُ أَنْ يُجْرِيَ اَلْأَشْيَاءَ إِلاَّ بِأَسْبَابٍ
خداوند در مسیر طبیعت، جهان را اداره می کند","Non-arrival of rain and other issues of nature have nothing to do with sin.
It is a phenomenon in nature and has hundreds of scientific reasons
Praying for rain is as useful as praying for any social desire.
But Imam Sadiq said:
Father of God, that things happen except for a reason.
God governs the world in the way of nature"
1987160076000387123,abtahi_m,2025-11-08 14:07:36.424000+00:00,"خانم‌مهاجرانی بیشتر به آخوندایی که میگفتند بی آبی به خاطر گناهان ماست تکیه انداخته.
مسیر طبیعت به گناه وثواب ما ربطی ندارد",0,0,0,https://x.com/abtahi_m/status/1987160076000387123,"خانم‌مهاجرانی بیشتر به آخوندایی که میگفتند بی آبی به خاطر گناهان ماست تکیه انداخته.
مسیر طبیعت به گناه وثواب ما ربطی ندارد","Ms. Mahajrani mostly relied on the mullahs who said that dehydration is because of our sins.
The course of nature has nothing to do with our sin and reward"
1987159438730330394,abtahi_m,2025-11-08 14:05:04.487000+00:00,"تا این ها سخنگوی دین هستند، دین بی دین
والا به موالا

لینک کامل ویدیو در یوتوب : 

Mohammad Ali Abtahi
youtu.be/nSUT6cNfLSU?si
…",0,0,0,https://x.com/abtahi_m/status/1987159438730330394,"تا این ها سخنگوی دین هستند، دین بی دین
والا به موالا

لینک کامل ویدیو در یوتوب : 

Mohammad Ali Abtahi
youtu.be/nSUT6cNfLSU?si
…","So far they are the spokesmen of religion, religion without religion
High to loyal

Full video link on YouTube: 

Mohammad Ali Abtahi
youtu.be/nSUT6cNfLSU?si
…"
1987108805746815421,abtahi_m,2025-11-08 10:43:52.643000+00:00,"اقای تاجیک عزیز
علامتهای تعجب جلو کلمه آقا با مزه بود
شما هم که از کابینه ظاهرا راضی نیستید
و خوب عزیزمان اقای ظریف کلی پز اون کار دموکراتیک خودشان را دادند. این انتخابها کعده ای و زیر نفوذ گاد فادرا نبود؟",0,0,0,https://x.com/abtahi_m/status/1987108805746815421,"اقای تاجیک عزیز
علامتهای تعجب جلو کلمه آقا با مزه بود
شما هم که از کابینه ظاهرا راضی نیستید
و خوب عزیزمان اقای ظریف کلی پز اون کار دموکراتیک خودشان را دادند. این انتخابها کعده ای و زیر نفوذ گاد فادرا نبود؟","Dear Mr. Tajik
The exclamation marks in front of the word Mr. were funny
Apparently, you are not satisfied with the cabinet
And well, our dear Mr. Zarif Kellipaz did his democratic work. These choices were not under the influence of Gad Fadra?"
1987078206042538176,abtahi_m,2025-11-08 08:42:17.105000+00:00,"محمدعلی ابطحی در گفتگو با فرارو مطرح کرد:
ادامه فیلترینگ یعنی «لجبازی سیاسی بدون منطق» / جوانان با روشن کردن فیلترشکن نفرینی به دولت می فرستند

«در مورد مسئله رفع فیلتر اپلیکیشن ها با چند محور مواجهیم، مسئله اول این است که واقعا دولت رفتار قابل توجهی در این خصوص نشان نمی دهد یا",0,0,0,https://x.com/abtahi_m/status/1987078206042538176,"محمدعلی ابطحی در گفتگو با فرارو مطرح کرد:
ادامه فیلترینگ یعنی «لجبازی سیاسی بدون منطق» / جوانان با روشن کردن فیلترشکن نفرینی به دولت می فرستند

«در مورد مسئله رفع فیلتر اپلیکیشن ها با چند محور مواجهیم، مسئله اول این است که واقعا دولت رفتار قابل توجهی در این خصوص نشان نمی دهد یا","Mohammad Ali Abtahi said in a conversation with Ferraro:
Continuing filtering means ""political obstinacy without logic"" / the youth send a curse to the government by turning on the filter breaker

""Regarding the issue of removing the application filter, we are faced with several issues, the first issue is that the government does not really show significant behavior in this regard or"
1987062027622175018,abtahi_m,2025-11-08 07:37:59.869000+00:00,"دوست عزیز و قابل افتخار
جناب آقای #ظریف عزیز
بعد از گذشت یکسال و وضعیتی که می بینید،شما که قاعده دموکراسی را برای انتخاب وزرا پیشنهاد دادید و کلی جلسه گذاشتید تا کابینه را شکل دهید، وقتش نرسیده که از آقای پزشکیان و مردم عذرخواهی کنید برای این کابینه.؟ 
به خاطر پیر بودن، ابتکار",0,0,0,https://x.com/abtahi_m/status/1987062027622175018,"دوست عزیز و قابل افتخار
جناب آقای #ظریف عزیز
بعد از گذشت یکسال و وضعیتی که می بینید،شما که قاعده دموکراسی را برای انتخاب وزرا پیشنهاد دادید و کلی جلسه گذاشتید تا کابینه را شکل دهید، وقتش نرسیده که از آقای پزشکیان و مردم عذرخواهی کنید برای این کابینه.؟ 
به خاطر پیر بودن، ابتکار","Dear and honorable friend
Dear Mr. Zarif
After a year has passed and the situation you see, you who proposed the rule of democracy for the selection of ministers and held a whole meeting to form the cabinet, is it not time to apologize to Mr. Medjikian and the people for this cabinet? 
Because of old age, initiative"
1986809295736815795,abtahi_m,2025-11-07 14:53:43.892000+00:00,"این که روسیه که فقط به منافع خودش فکر می‌کند و هرجا لازم باشد، کشورهای دیگر، از جمله ایران، را فدای منافع خودش می‌کند قابل تقدیر است. بالاخره هر کشوری باید به فکر منافع خودش باشد، نه به فکر منافع کشورهای دیگر.
طبیعتاً ما هم باید به فکر منافع خودمان باشیم و با همه دنیا کار کنیم؛",0,0,0,https://x.com/abtahi_m/status/1986809295736815795,"این که روسیه که فقط به منافع خودش فکر می‌کند و هرجا لازم باشد، کشورهای دیگر، از جمله ایران، را فدای منافع خودش می‌کند قابل تقدیر است. بالاخره هر کشوری باید به فکر منافع خودش باشد، نه به فکر منافع کشورهای دیگر.
طبیعتاً ما هم باید به فکر منافع خودمان باشیم و با همه دنیا کار کنیم؛","It is commendable that Russia, which only thinks about its own interests and sacrifices other countries, including Iran, for its own interests whenever necessary. After all, every country should think about its own interests, not about the interests of other countries.
Naturally, we should think about our own interests and work with the whole world;"
1986379300849799368,abtahi_m,2025-11-06 10:25:05.122000+00:00,"جوانگرایی فراموش شد.
به جلسات مسئولان در اخبار نگاه می کردم.همه از نسل ما و بالای ۵۰ هستند.
تازه جوانگرایی توصیه رهبری و شعار دولت و قوای مختلف بود
شهردار جوان نیویورک-بزرگترین شهر آمریکا-‌ در همزبانی و فهم مشترک با مخاطبانش، علیرغم رویارویی شدید ترامپ پیروز شد.
بی آن که گزینش",0,0,0,https://x.com/abtahi_m/status/1986379300849799368,"جوانگرایی فراموش شد.
به جلسات مسئولان در اخبار نگاه می کردم.همه از نسل ما و بالای ۵۰ هستند.
تازه جوانگرایی توصیه رهبری و شعار دولت و قوای مختلف بود
شهردار جوان نیویورک-بزرگترین شهر آمریکا-‌ در همزبانی و فهم مشترک با مخاطبانش، علیرغم رویارویی شدید ترامپ پیروز شد.
بی آن که گزینش","Youthfulness was forgotten.
I was looking at the meetings of officials in the news. All of them are from our generation and over 50.
New youth was the recommendation of the leadership and the slogan of the government and various forces
The young mayor of New York - the largest city in America - won in common language and common understanding with his audience, despite Trump's fierce confrontation.
Without that choice"
1986002169036706150,abtahi_m,2025-11-05 09:26:29.891000+00:00,انتخاب شهردار جوان شیعه مسلمان به عنوان شهر دار نیویورک که‌ یکی از شهرهای اصلی آمریکا است و بیشترین یهودی را دارد و زهران ممدانی در این مدت مواضع حامیانه از غزه داشته و  اسراییل را رژیم نسل کش معرفی کرده بود ، نشانه آن است که معیار انتخاب نیویورکی ها مثل گذشته حمایت از اسراییل,0,0,0,https://x.com/abtahi_m/status/1986002169036706150,انتخاب شهردار جوان شیعه مسلمان به عنوان شهر دار نیویورک که‌ یکی از شهرهای اصلی آمریکا است و بیشترین یهودی را دارد و زهران ممدانی در این مدت مواضع حامیانه از غزه داشته و  اسراییل را رژیم نسل کش معرفی کرده بود ، نشانه آن است که معیار انتخاب نیویورکی ها مثل گذشته حمایت از اسراییل,"The election of a young Shiite Muslim mayor as the mayor of New York, which is one of the main cities in America and has the largest number of Jews, and Zahran Mamdani had supported Gaza and declared Israel a genocidal regime during this period, is a sign that the criteria for choosing New Yorkers is to support Israel as before."
1986000642452914195,abtahi_m,2025-11-05 09:20:25.925000+00:00,"چند بار سئوال وجواب در اینجا گذاشتم و جواب دادم. 
ویدیو کامل پاسخ ها را در یوتیوب گذاشتم.
برای قسمت جدید اگر سوالاتی از من دارید، میتونید از طریق لینک زیر در بخش کامنت های ویدیو بپرسین ",0,0,0,https://x.com/abtahi_m/status/1986000642452914195,"چند بار سئوال وجواب در اینجا گذاشتم و جواب دادم. 
ویدیو کامل پاسخ ها را در یوتیوب گذاشتم.
برای قسمت جدید اگر سوالاتی از من دارید، میتونید از طریق لینک زیر در بخش کامنت های ویدیو بپرسین ","I posted questions and answers here several times and answered them. 
I posted the full video of the answers on YouTube.
For the new episode, if you have any questions for me, you can ask through the link below in the comments section of the video"
1985996619968340133,abtahi_m,2025-11-05 09:04:26.890000+00:00,"تاریخیجات
چرا در سال ۸۸ ما به جای ستاد مهندس موسوی به ستاد کروبی رفتیم
مفصل خاطرات در این مورد را در لینک زیر در یوتوب ببینید ",0,0,0,https://x.com/abtahi_m/status/1985996619968340133,"تاریخیجات
چرا در سال ۸۸ ما به جای ستاد مهندس موسوی به ستاد کروبی رفتیم
مفصل خاطرات در این مورد را در لینک زیر در یوتوب ببینید ","historical places
Why did we go to Karroubi's headquarters instead of Mousavi's headquarters in 2008?
See the detailed diary in this case in the link below on YouTube"
1985691042062929975,abtahi_m,2025-11-04 12:50:11.440000+00:00,"دیک چنی سیاستمدار معروف آمریکایی و معاون بوش پدر در گذشت.
چند سال پیش فیلم vice - معاون -  را دیده بودم. زندگی او بود.
یک جایی از فیلم ۱۱ سپتامبر اتفاق می افتد.همه دنبال پناهگاه هستند. فقط یکی نشسته و به جای فرار کردن به این فکر می کند که حادثه گذشته. برای آینده چه باید کرد و",0,0,0,https://x.com/abtahi_m/status/1985691042062929975,"دیک چنی سیاستمدار معروف آمریکایی و معاون بوش پدر در گذشت.
چند سال پیش فیلم vice - معاون -  را دیده بودم. زندگی او بود.
یک جایی از فیلم ۱۱ سپتامبر اتفاق می افتد.همه دنبال پناهگاه هستند. فقط یکی نشسته و به جای فرار کردن به این فکر می کند که حادثه گذشته. برای آینده چه باید کرد و","Dick Cheney, the famous American politician and vice president of Bush Sr. passed away.
A few years ago, I had seen the movie Vice. It was his life.
It happens somewhere in the movie 9/11. Everyone is looking for shelter. Only one sits and thinks that the incident is over instead of running away. What should be done for the future and"
1985634252742873371,abtahi_m,2025-11-04 09:04:31.811000+00:00,"یکی از بهترین کتابهای تاریخ معاصر که تازه تمام کردم کتاب *شاه و شطرنج قدرت در خاورمیانه* بود.
این کتاب برای کسانی که به تاریخ سیاسی معاصر علاقمندند ضروری است. 
کتابی بی طرفانه، با مستندات دست اول به سیاست خارجی پهلوی دوم در حوزه خاورمیانه پرداخته است.
مساله کردها به عنوان ابزار",0,0,0,https://x.com/abtahi_m/status/1985634252742873371,"یکی از بهترین کتابهای تاریخ معاصر که تازه تمام کردم کتاب *شاه و شطرنج قدرت در خاورمیانه* بود.
این کتاب برای کسانی که به تاریخ سیاسی معاصر علاقمندند ضروری است. 
کتابی بی طرفانه، با مستندات دست اول به سیاست خارجی پهلوی دوم در حوزه خاورمیانه پرداخته است.
مساله کردها به عنوان ابزار","One of the best books on contemporary history that I just finished was the book *The King and Chess of Power in the Middle East*.
This book is essential for those who are interested in contemporary political history. 
An unbiased book, with first-hand documents, deals with Pahlavi II's foreign policy in the Middle East.
Kurds problem as a tool"
1985410456035426710,abtahi_m,2025-11-03 18:15:14.518000+00:00,"رفته بودم مراسم ختم برادر مصطفی تاجزاده.
مسجد نور کمتر مراسمی به این شلوغی و آدم های معروف به خودش دیده است.
اما تقریبا همه بالای پنجاه سال بودیم.
جوانان سیاست گریز موجود، آینده ایران متفاوت از همه ما را رقم می زنند",0,0,0,https://x.com/abtahi_m/status/1985410456035426710,"رفته بودم مراسم ختم برادر مصطفی تاجزاده.
مسجد نور کمتر مراسمی به این شلوغی و آدم های معروف به خودش دیده است.
اما تقریبا همه بالای پنجاه سال بودیم.
جوانان سیاست گریز موجود، آینده ایران متفاوت از همه ما را رقم می زنند","I went to the funeral ceremony of Mustafa Tajzadeh's brother.
Noor Mosque has rarely seen such a crowded ceremony and famous people.
But almost all of us were over fifty years old.
The existing youths who avoid politics will shape the future of Iran, different from all of us"
1985006245451870454,abtahi_m,2025-11-02 15:29:03.205000+00:00,"اقای #پزشکیان عزیز
برای اینکه دعوا نشود، دبیر #فضای_مجازی را عوض نمی کنید.اعتبار خود و دولت را در بین مخاطبان فراوان فضای مجازی از دست می دهید.
اما در دولت شما به خاطر دو خط انتقاد خبرگزاری فارس و افراطیون مجلس شبانه معاون وزیر ارشاد فعال را عوض کردند.
وفاق یک طرفه!",0,0,0,https://x.com/abtahi_m/status/1985006245451870454,"اقای #پزشکیان عزیز
برای اینکه دعوا نشود، دبیر #فضای_مجازی را عوض نمی کنید.اعتبار خود و دولت را در بین مخاطبان فراوان فضای مجازی از دست می دهید.
اما در دولت شما به خاطر دو خط انتقاد خبرگزاری فارس و افراطیون مجلس شبانه معاون وزیر ارشاد فعال را عوض کردند.
وفاق یک طرفه!","Dear doctors
In order not to fight, you don't change the secretary of #cyberspace. You lose the credibility of yourself and the government among the large audience of cyberspace.
But in your government, because of the two lines of criticism of Fars news agency and the extremists of the night assembly, they changed the active deputy minister of guidance.
One-sided agreement!"
1984711628466897240,abtahi_m,2025-11-01 19:58:21.042000+00:00,"چند نکته در مورد هالوین ایرانی:
۱- چند سالی هست که جشنهای جهانی مثل ولنتاین و هالوین و کریسمس در ایران کم وبیش وجود دارد.
بیشتر یک فان است و نتیجه این که به دلیل سوشیال مدیا جوانان خودشان را جزئی از جامعه جهانی می دانند
۲- جشن هالوین به صورت تاریخی یک اتفاق مذهبی است و جوانان",0,0,0,https://x.com/abtahi_m/status/1984711628466897240,"چند نکته در مورد هالوین ایرانی:
۱- چند سالی هست که جشنهای جهانی مثل ولنتاین و هالوین و کریسمس در ایران کم وبیش وجود دارد.
بیشتر یک فان است و نتیجه این که به دلیل سوشیال مدیا جوانان خودشان را جزئی از جامعه جهانی می دانند
۲- جشن هالوین به صورت تاریخی یک اتفاق مذهبی است و جوانان","Some tips about Iranian Halloween:
1- For several years, there have been more or less international celebrations such as Valentine's Day, Halloween, and Christmas in Iran.
It is mostly a fad and the result is that because of social media, young people consider themselves part of the global community
2-Halloween celebration is historically a religious event and young people"
1984544204920402333,abtahi_m,2025-11-01 08:53:04.158000+00:00,"بهشت زهرا 
مراسم دفن برادر مصطفی تاجزاده",0,0,0,https://x.com/abtahi_m/status/1984544204920402333,"بهشت زهرا 
مراسم دفن برادر مصطفی تاجزاده","Zahra's paradise 
The burial ceremony of Mustafa Tajzadeh's brother"
1984334932513308698,abtahi_m,2025-10-31 19:01:29.728000+00:00,"رفتیم دیدن آقای تاجزاده
اقای خاتمی و اقای امین زاده و آقای خالقی هم در عکس هستند",0,0,0,https://x.com/abtahi_m/status/1984334932513308698,"رفتیم دیدن آقای تاجزاده
اقای خاتمی و اقای امین زاده و آقای خالقی هم در عکس هستند","We went to see Mr. Tajzadeh
Mr. Khatami, Mr. Aminzadeh and Mr. Khaleghi are also in the photo"
1983908402112700757,abtahi_m,2025-10-30 14:46:36.956000+00:00,"مصطفای تاجزاده عزیز
دوست با وفایی که هرکس تو را می شناسد برخوبی و صفای باطن وسلامت زندگی ات با افتخار شهادت می دهد.
مصطفی جان
همیشه تو با دل دریایی ات دل دوستانت را التیام می‌دادی.
این بار ما باید تو را در فراق برادر مرحوم آزاده ات تسلیت بگوییم. خدا رحمتش کند.
دل همه دوستانت هم",0,0,0,https://x.com/abtahi_m/status/1983908402112700757,"مصطفای تاجزاده عزیز
دوست با وفایی که هرکس تو را می شناسد برخوبی و صفای باطن وسلامت زندگی ات با افتخار شهادت می دهد.
مصطفی جان
همیشه تو با دل دریایی ات دل دوستانت را التیام می‌دادی.
این بار ما باید تو را در فراق برادر مرحوم آزاده ات تسلیت بگوییم. خدا رحمتش کند.
دل همه دوستانت هم","Dear Mustafa Tajzadeh
A faithful friend, everyone who knows you proudly testifies to your kindness and inner purity and the safety of your life.
Mustafa Jan
You always healed the hearts of your friends with your sea heart.
This time we have to offer our condolences on the passing of your late brother Azadeh. God bless him.
The hearts of all your friends too"
1983343251664019733,abtahi_m,2025-10-29 01:20:54.589000+00:00,"گزارشی از جلسه اختتامیه پرهیجان سه روزه ادیانی در رم با حضور آقای پاپ بود نوشتم
مراسم جالبی بود با عکسهای متفاوت از رهبران دینی و مراسم حاشیه ای. 
اینها یا میتوانند جلو جنگ بنام دین را بگیرند ویا برآتش جنگ بنزین خواهند ریخت",0,0,0,https://x.com/abtahi_m/status/1983343251664019733,"گزارشی از جلسه اختتامیه پرهیجان سه روزه ادیانی در رم با حضور آقای پاپ بود نوشتم
مراسم جالبی بود با عکسهای متفاوت از رهبران دینی و مراسم حاشیه ای. 
اینها یا میتوانند جلو جنگ بنام دین را بگیرند ویا برآتش جنگ بنزین خواهند ریخت","I wrote a report of the exciting closing meeting of three religious days in Rome with the presence of the Pope
It was an interesting ceremony with different photos of religious leaders and marginal ceremonies. 
They can either stop the war in the name of religion or they will pour gasoline on the fire of war"
1982795765131911328,abtahi_m,2025-10-27 13:05:23.628000+00:00,"متن سخنرانی من در سمینار گفتگویی سنت اجیدیو
برادری جهانی و گفت‌وگوی میان‌دینی.رم. ایتالیا

به نام خداوند بخشنده مهربان

خانم‌ها، آقایان، دوستان و همراهان گرامی 
امروز جهان بیش از هر زمان دیگر به گفت‌وگو نیاز دارد، در حالی که شکاف‌ها و دشمنی‌ها عمیق‌تر شده است.
من از سرزمینی می",0,0,0,https://x.com/abtahi_m/status/1982795765131911328,"متن سخنرانی من در سمینار گفتگویی سنت اجیدیو
برادری جهانی و گفت‌وگوی میان‌دینی.رم. ایتالیا

به نام خداوند بخشنده مهربان

خانم‌ها، آقایان، دوستان و همراهان گرامی 
امروز جهان بیش از هر زمان دیگر به گفت‌وگو نیاز دارد، در حالی که شکاف‌ها و دشمنی‌ها عمیق‌تر شده است.
من از سرزمینی می","The text of my speech at the dialogue seminar of Sant Egidio
Global brotherhood and interreligious dialogue. Rome. Italy

In the name of God, the Merciful, the Merciful

Dear ladies, gentlemen, friends and companions 
Today, the world needs dialogue more than ever, while divisions and animosities have deepened.
I come from a land"
1982329790356177320,abtahi_m,2025-10-26 06:13:46.584000+00:00,"در سمیناری پرسیدند چه کاری دوست داری به تو پیشنهاد کنند.
بی تردید گفتم ریاست صداوسیما
توضیح دادم جامعه ای که پرده ریای فرهنگی داشته باشد، آسیب بیشتری میخورد تا اینکه خودش باشد",0,0,0,https://x.com/abtahi_m/status/1982329790356177320,"در سمیناری پرسیدند چه کاری دوست داری به تو پیشنهاد کنند.
بی تردید گفتم ریاست صداوسیما
توضیح دادم جامعه ای که پرده ریای فرهنگی داشته باشد، آسیب بیشتری میخورد تا اینکه خودش باشد","In the seminar, they asked what you would like to be offered.
Without hesitation, I said the directorate of broadcasting
I explained that a society that has a veil of cultural hypocrisy will suffer more than itself"
1982182527780397446,abtahi_m,2025-10-25 20:28:36.450000+00:00,"آقای پزشکیان عزیز
ابوموسی اشعری و عمروعاص قرار بود زمینه وفاق درست کنند.
یکی با سادگی انگشترش را در آورد. دیگری با زیرکی آن را پوشید و مسیر تاریخ تغییر کرد.
چون تاریخ علوی را می دانید فقط هشدار برادرانه بود.
تاریخ می تواند تکرار شود.",0,0,0,https://x.com/abtahi_m/status/1982182527780397446,"آقای پزشکیان عزیز
ابوموسی اشعری و عمروعاص قرار بود زمینه وفاق درست کنند.
یکی با سادگی انگشترش را در آورد. دیگری با زیرکی آن را پوشید و مسیر تاریخ تغییر کرد.
چون تاریخ علوی را می دانید فقط هشدار برادرانه بود.
تاریخ می تواند تکرار شود.","Dear doctor
Abu Musa Ash'ari and Amr al-Aas were supposed to make peace.
One simply removed his ring. Another cleverly wore it and the course of history changed.
Because you know Alevi history, it was just a brotherly warning.
History can repeat itself."
1981702264999034907,abtahi_m,2025-10-24 12:40:12.880000+00:00,"از شما در اینستاگرام خواستم هر سوالی دارید از من بپرسید 

ویدیو پاسخ به سوالات را میتونید از طریق لینک زیر تماشا کنید ",0,0,0,https://x.com/abtahi_m/status/1981702264999034907,"از شما در اینستاگرام خواستم هر سوالی دارید از من بپرسید 

ویدیو پاسخ به سوالات را میتونید از طریق لینک زیر تماشا کنید ","I asked you on Instagram to ask me any questions you have 

You can watch the video answering the questions through the link below"
1980928562170618056,abtahi_m,2025-10-22 09:25:47.751000+00:00,"میگویند کت تن کیست ؟
خواننده های لس آنجلسی کدام یک بهترند؟
تتلو چه میشود ؟
صدا و سیما اگر مخاطب نداشته باشد اختلاس است

کامل این ویدیو در کانال یوتوب : Mohammad Ali Abtahi 
میتونید ببینید",0,0,0,https://x.com/abtahi_m/status/1980928562170618056,"میگویند کت تن کیست ؟
خواننده های لس آنجلسی کدام یک بهترند؟
تتلو چه میشود ؟
صدا و سیما اگر مخاطب نداشته باشد اختلاس است

کامل این ویدیو در کانال یوتوب : Mohammad Ali Abtahi 
میتونید ببینید","Who do they say the coat is?
Los Angeles singers which one is better?
What happens to Tatlo?
Radio and television is embezzlement if it does not have an audience

Full video on YouTube channel: Mohammad Ali Abtahi 
you can see"
1980728969398976571,abtahi_m,2025-10-21 20:12:41.126000+00:00,"خانم مهاجرانی عزیز
شما هم؟
من که با همه تحقیقاتی که کردم، نمی گذارند و نمی شود و جنگ‌اسراییل و اینها نیست.
مخاطبان و مردم را در این مورد جدی نمیگیرید
برنداشتن فیلترینگ نماد ضعف دولت شده است.",0,0,0,https://x.com/abtahi_m/status/1980728969398976571,"خانم مهاجرانی عزیز
شما هم؟
من که با همه تحقیقاتی که کردم، نمی گذارند و نمی شود و جنگ‌اسراییل و اینها نیست.
مخاطبان و مردم را در این مورد جدی نمیگیرید
برنداشتن فیلترینگ نماد ضعف دولت شده است.","Dear Ms. Mohajerani
you too
With all the research I have done, they won't let it and it won't happen, and it's not the Israeli war and all that.
You do not take the audience and people seriously in this matter
Not removing the filtering has become a symbol of the government's weakness."
1980662543640322434,abtahi_m,2025-10-21 15:48:43.991000+00:00,"سخنان رهبری به معنای بستن راه مذاکره و گفت‌وگو نیست، بلکه به معنای برابر کردن امکان گفت‌وگو است.
رهبر انقلاب بر همان موضع سخنرانی قبلی خود تأکید کردند؛ یعنی اینکه آمریکا می‌خواهد از موضع زورگویی وارد شود.  این‌بار هم فرمودند که آمریکا قبل از اینکه معامله کند، نتیجه معامله را مشخص",0,0,0,https://x.com/abtahi_m/status/1980662543640322434,"سخنان رهبری به معنای بستن راه مذاکره و گفت‌وگو نیست، بلکه به معنای برابر کردن امکان گفت‌وگو است.
رهبر انقلاب بر همان موضع سخنرانی قبلی خود تأکید کردند؛ یعنی اینکه آمریکا می‌خواهد از موضع زورگویی وارد شود.  این‌بار هم فرمودند که آمریکا قبل از اینکه معامله کند، نتیجه معامله را مشخص","The leadership's words do not mean to close the way of negotiation and dialogue, but it means to equalize the possibility of dialogue.
The leader of the revolution emphasized the same position of his previous speech; It means that America wants to enter from a position of coercion.  This time, they said that America should determine the outcome of the deal before making a deal"
1980553114043248848,abtahi_m,2025-10-21 08:33:53.942000+00:00,"خیلی سال پیش به دعوت یک موسسه گفتگویی رفته بودم آفریقای جنوبی. قبل از اینکه رژیم بگیردم! چاق وحشتناک.
در ژوهانسبورک ما را بردند دیدن این خانه. 
منزلی است که  برای رضاشاه خریده بودند.
وقتی به آفریقای جنوبی تبعید شده بود در آن زندگی می کرده  و در همان جا وفات یافت.
بنا به گفته های",0,0,0,https://x.com/abtahi_m/status/1980553114043248848,"خیلی سال پیش به دعوت یک موسسه گفتگویی رفته بودم آفریقای جنوبی. قبل از اینکه رژیم بگیردم! چاق وحشتناک.
در ژوهانسبورک ما را بردند دیدن این خانه. 
منزلی است که  برای رضاشاه خریده بودند.
وقتی به آفریقای جنوبی تبعید شده بود در آن زندگی می کرده  و در همان جا وفات یافت.
بنا به گفته های","Many years ago, I went to South Africa at the invitation of a dialogue institute. Before I go on a diet! Terribly fat.
They took us to see this house in Johannesburg. 
It is the house they bought for Reza Shah.
When he was exiled to South Africa, he lived there and died there.
According to"
1980552599775621221,abtahi_m,2025-10-21 08:31:51.331000+00:00,"چه گفتگوی خوبی. واقعا کاش همه مسئولان به چشم گفتن معاونانشان قانع نشوند.
آقای اژه ای خیلی دارد به دل می نشیند.",0,0,0,https://x.com/abtahi_m/status/1980552599775621221,"چه گفتگوی خوبی. واقعا کاش همه مسئولان به چشم گفتن معاونانشان قانع نشوند.
آقای اژه ای خیلی دارد به دل می نشیند.","What a great conversation. I really wish all officials would not be satisfied with what their deputies say.
Mr. Ajei is very fond of me."
1980187202295365873,abtahi_m,2025-10-20 08:19:53.783000+00:00,"هیاهوی عروسی
خدا رحمت کند آقای صدوقی دوست عزیزم  می‌گفت آدم اگر بگوید و بد باشد بهتر از اینه که نگوید و خر باشد.
در ماجرای عروسی غیر مختلط دختر آقای شمخانی در قسمت زنانه،طبیعی است عروس و بعضی مهمانها بی حجاب باشند.
رسم دست به دست دادن عروس و داماد توسط پدر عروس هم رایج است. بنده",0,0,0,https://x.com/abtahi_m/status/1980187202295365873,"هیاهوی عروسی
خدا رحمت کند آقای صدوقی دوست عزیزم  می‌گفت آدم اگر بگوید و بد باشد بهتر از اینه که نگوید و خر باشد.
در ماجرای عروسی غیر مختلط دختر آقای شمخانی در قسمت زنانه،طبیعی است عروس و بعضی مهمانها بی حجاب باشند.
رسم دست به دست دادن عروس و داماد توسط پدر عروس هم رایج است. بنده","Wedding uproar
May God have mercy on Mr. Sadouqi, my dear friend, he used to say that it is better for a person to speak and be evil than not to speak and be a donkey.
In the non-mixed wedding of Mr. Shamkhani's daughter, it is natural for the bride and some guests to be without hijab.
The bride and groom's handshake by the bride's father is also common. servant"
1980179716809101384,abtahi_m,2025-10-20 07:50:09.104000+00:00,"هی گفتم منم مانگم ( آخوندهای بودایی ) قبول نکردند
مشروح این ماجرای قشنگ در لینک زیر 
youtube.com/watch?v=53gZun
…",0,0,0,https://x.com/abtahi_m/status/1980179716809101384,"هی گفتم منم مانگم ( آخوندهای بودایی ) قبول نکردند
مشروح این ماجرای قشنگ در لینک زیر 
youtube.com/watch?v=53gZun
…","Hey, I said, I want to ask (Buddhist monks), they didn't accept
This beautiful story is explained in the link below 
youtube.com/watch?v=53gZun
…"
1980015217016017035,abtahi_m,2025-10-19 20:56:29.297000+00:00,"فیلم سینمایی ما در زمان زندگی میکنیم - we live in time - را دیدم.
این سالها که جامعه دچار چه کنم شده و در تعلیق به سر می برد، معمولا تراپیستها یکی از توصیه های اصلی شان این است که به جای فکر کردن به دیروز و فردا، به امروز فکر کنیم.
این فیلم هم تقریبا در همین ژانر بدون اینکه خطی",0,0,0,https://x.com/abtahi_m/status/1980015217016017035,"فیلم سینمایی ما در زمان زندگی میکنیم - we live in time - را دیدم.
این سالها که جامعه دچار چه کنم شده و در تعلیق به سر می برد، معمولا تراپیستها یکی از توصیه های اصلی شان این است که به جای فکر کردن به دیروز و فردا، به امروز فکر کنیم.
این فیلم هم تقریبا در همین ژانر بدون اینکه خطی","I saw the movie we live in time.
These years, when the society has suffered and is in suspense, one of the main recommendations of the Trappists is to think about today instead of thinking about yesterday and tomorrow.
This movie is almost in the same genre without being linear"
1979570280642015251,abtahi_m,2025-10-18 15:28:28.199000+00:00,"آمار عجیب!
تا به حال در زیر تبلیغات مجاهدین خلق و رسانه‌های حامی‌شان، از «تعداد زیاد اعدام‌شدگان» بسیار شنیده بودیم.
اما سال ۱۳۶۰ سالی سیاه و پرآشوب بود؛ سالی که در آن، مسابقه‌ای میان اعدام و ترور درگرفته بود. هیچ قاعده و منطقی بر آن روزها حاکم نبود. حتی، بی‌اغراق، سبزی‌فروشی که",0,0,0,https://x.com/abtahi_m/status/1979570280642015251,"آمار عجیب!
تا به حال در زیر تبلیغات مجاهدین خلق و رسانه‌های حامی‌شان، از «تعداد زیاد اعدام‌شدگان» بسیار شنیده بودیم.
اما سال ۱۳۶۰ سالی سیاه و پرآشوب بود؛ سالی که در آن، مسابقه‌ای میان اعدام و ترور درگرفته بود. هیچ قاعده و منطقی بر آن روزها حاکم نبود. حتی، بی‌اغراق، سبزی‌فروشی که","Strange statistics!
Until now, under the propaganda of the People's Mojahedin and their supporting media, we have heard a lot about the ""large number of executed people"".
But 1360 was a dark and turbulent year; The year in which there was a race between execution and assassination. There was no rule or logic in those days. Even, no exaggeration, a vegetable shop"
1979193304207290764,abtahi_m,2025-10-17 14:30:30.013000+00:00,"روزهای جمعه عده‌ای از دختران و پسران جوان، کارهای هنری خود را برای فروش در باغ کتاب و با نام «بازارچه پروانه» عرضه می‌کنند
امروز در «جمعه‌بازار پروانه» بودم؛ فضایی زنده و پرشور، شبیه یک جامعه مدنی کوچک. تقریباً همه جوان بودند، و بیشترشان آثار دست‌ساز خود را آورده بودند. شوق،",0,0,0,https://x.com/abtahi_m/status/1979193304207290764,"روزهای جمعه عده‌ای از دختران و پسران جوان، کارهای هنری خود را برای فروش در باغ کتاب و با نام «بازارچه پروانه» عرضه می‌کنند
امروز در «جمعه‌بازار پروانه» بودم؛ فضایی زنده و پرشور، شبیه یک جامعه مدنی کوچک. تقریباً همه جوان بودند، و بیشترشان آثار دست‌ساز خود را آورده بودند. شوق،","On Fridays, some young girls and boys offer their artworks for sale in the Book Garden under the name ""Butterfly Bazaar"".
Today I was in ""Friday Butterfly Market""; A lively and passionate atmosphere, similar to a small civil society. Almost everyone was young, and most of them had brought their own handiwork. passion,"
1978930768643571811,abtahi_m,2025-10-16 21:07:16.657000+00:00,"کار #شهرداری_تهران در ساختن ایستگاه متروی حضرت مریم با تم مسیحیت واقعا ارزشمند است.
معتقدان به سایر ادیان ایران را موزاییک رنگی همزیستی مسالمت آمیز کرده است.
هرکاری که از هموطنان سایر ادیان در کشور تجلیل شود، به تقویت همبستگی می انجامد
ایران به صورت مساوی مال همه ایرانیان",0,0,0,https://x.com/abtahi_m/status/1978930768643571811,"کار #شهرداری_تهران در ساختن ایستگاه متروی حضرت مریم با تم مسیحیت واقعا ارزشمند است.
معتقدان به سایر ادیان ایران را موزاییک رنگی همزیستی مسالمت آمیز کرده است.
هرکاری که از هموطنان سایر ادیان در کشور تجلیل شود، به تقویت همبستگی می انجامد
ایران به صورت مساوی مال همه ایرانیان","The work of #Tehran_Municipality in building the Hazrat Maryam subway station with the theme of Christianity is really valuable.
Believers of other religions have made Iran a colorful mosaic of peaceful coexistence.
Anything that honors fellow citizens of other religions in the country will strengthen solidarity
Iran belongs equally to all Iranians"
1978842196066324873,abtahi_m,2025-10-16 15:15:19.309000+00:00,"آرشیویجات:
#شیخ_حمدان_بن_زاید وزیر خارجه وقت امارات 
عربی به دعوت من آمده بود ایران
در فرودگاه از او استقبال کردم
مرداد ۱۳۸۰",0,0,0,https://x.com/abtahi_m/status/1978842196066324873,"آرشیویجات:
#شیخ_حمدان_بن_زاید وزیر خارجه وقت امارات 
عربی به دعوت من آمده بود ایران
در فرودگاه از او استقبال کردم
مرداد ۱۳۸۰","Archives:
#Sheikh_Hamdan_Ben_Zayed, Minister of Foreign Affairs at the time of the UAE 
Arabi had come to Iran at my invitation
I welcomed him at the airport
August 1380"
1978748054036451748,abtahi_m,2025-10-16 09:01:14.100000+00:00,"فیلترینگ نماد ناتوانایی دولت و رییس جمهور شده است.
آقایان رییس دفتر، وزیر ارتباطات، 
شماها باید پیگیر نظرات رییس باشید. همیشه پزشکیان بر رفع فیلتر تاکید کرده. شما چه کرده اید؟
کاری کنید که قبل ازمصاحبه مطبوعاتی آقای پزشکیان رفع فیلتر شود تا بتواندخبر یک دستاورد را به مردم بدهد",0,0,0,https://x.com/abtahi_m/status/1978748054036451748,"فیلترینگ نماد ناتوانایی دولت و رییس جمهور شده است.
آقایان رییس دفتر، وزیر ارتباطات، 
شماها باید پیگیر نظرات رییس باشید. همیشه پزشکیان بر رفع فیلتر تاکید کرده. شما چه کرده اید؟
کاری کنید که قبل ازمصاحبه مطبوعاتی آقای پزشکیان رفع فیلتر شود تا بتواندخبر یک دستاورد را به مردم بدهد","Filtering has become a symbol of the inability of the government and the president.
Mr. Head of Office, Minister of Communications, 
You should follow the comments of the chairman. Doctors have always insisted on removing the filter. what have you done
Make sure that the filter is removed before the press interview of Mr. Medzikian so that he can inform the people of an achievement"
1978440800783511610,abtahi_m,2025-10-15 12:40:19.216000+00:00,"مجری ایران ۲۴:اگرجای پزشکیان بودید؟هنر را به دست هنرمندان می سپردم
دیپلماسی نتیجه محور داشتم
هرکاری که  نتیجه اش عزت مردم ایران بود انجام میدادم
وفاق را دوطرفه اعلام میکردم
از غلبه تحجر وفراوانی تبلیغات دینی جلوگیری میکردم
و…",0,0,0,https://x.com/abtahi_m/status/1978440800783511610,"مجری ایران ۲۴:اگرجای پزشکیان بودید؟هنر را به دست هنرمندان می سپردم
دیپلماسی نتیجه محور داشتم
هرکاری که  نتیجه اش عزت مردم ایران بود انجام میدادم
وفاق را دوطرفه اعلام میکردم
از غلبه تحجر وفراوانی تبلیغات دینی جلوگیری میکردم
و…","Iran 24 host: If you were the doctors? I would leave the art in the hands of the artists
I had result-oriented diplomacy
I would do anything that would bring honor to the people of Iran
I was declaring the agreement bilaterally
I was preventing the prevalence of religious propaganda
and…"
1978182763942477831,abtahi_m,2025-10-14 19:34:58.439000+00:00,"بحث انتخابات شوراهادر جلسه معاونت سیاسی رییس جمهور برگزار شد
من گفتم همه از انسجام ملی حرف می‌زنیم.
بی آن که بدانیم این انسجام واقعا شکل گرفته یا نه. پس از انتخابات و میزان مشارکت، بحث انسجام ملی دارای عدد و رقم می شود.
در کانالم مشروحش را بخوانید
t.me/mohamadaliabta
…",0,0,0,https://x.com/abtahi_m/status/1978182763942477831,"بحث انتخابات شوراهادر جلسه معاونت سیاسی رییس جمهور برگزار شد
من گفتم همه از انسجام ملی حرف می‌زنیم.
بی آن که بدانیم این انسجام واقعا شکل گرفته یا نه. پس از انتخابات و میزان مشارکت، بحث انسجام ملی دارای عدد و رقم می شود.
در کانالم مشروحش را بخوانید
t.me/mohamadaliabta
…","The discussion of council elections was held in the meeting of the political deputy of the president
I said that we are all talking about national unity.
Without knowing whether this cohesion has really formed or not. After the elections and the participation rate, the issue of national unity has numbers and figures.
Read the description in my channel
t.me/mohamadaliabta
…"
1977836934346186983,abtahi_m,2025-10-13 20:40:46.238000+00:00,"هدیه ای از جنس نقد این هقته برای خانم فرزانه صادق وزیر راه وشهر سازی است.
در هم نوشتم
در روزنامه شرق هم منتشرشده
در کانال تلگرامی ام هم هست
هم ادد بشید و هم بخونید",0,0,0,https://x.com/abtahi_m/status/1977836934346186983,"هدیه ای از جنس نقد این هقته برای خانم فرزانه صادق وزیر راه وشهر سازی است.
در هم نوشتم
در روزنامه شرق هم منتشرشده
در کانال تلگرامی ام هم هست
هم ادد بشید و هم بخونید","This is a cash gift for Mrs. Farzaneh Sadegh, Minister of Roads and Urban Development.
I wrote together
Also published in Shargh newspaper
It is also on my Telegram channel
Be an adder and read as well"
1977826241370886654,abtahi_m,2025-10-13 19:58:16.834000+00:00,"دوسال پیش نه حماس تصور می‌کرد که پس از شهادت ۶۵ هزارنفر و نابودی غزه امشب بایدصلح. را بپذیرد ونه اسراییل گمان می‌کرد بعد از دوسال، جنگ تمام عیار، باز هم باید با همان گروهکی که تروریستی اش می نامد بنشید وقرارداد صلح امضا کند.
ما از پایان جنگ و‌خونریزی خوشحالیم.
فقط جای شهدا خالی",0,0,0,https://x.com/abtahi_m/status/1977826241370886654,"دوسال پیش نه حماس تصور می‌کرد که پس از شهادت ۶۵ هزارنفر و نابودی غزه امشب بایدصلح. را بپذیرد ونه اسراییل گمان می‌کرد بعد از دوسال، جنگ تمام عیار، باز هم باید با همان گروهکی که تروریستی اش می نامد بنشید وقرارداد صلح امضا کند.
ما از پایان جنگ و‌خونریزی خوشحالیم.
فقط جای شهدا خالی","Two years ago, Hamas thought that after the martyrdom of 65,000 people and the destruction of Gaza, there should be peace tonight. Israel thought that after two years of full-scale war, it should still sit down and sign a peace agreement with the same group it calls terrorist.
We are happy about the end of war and bloodshed.
Only the place of martyrs is empty"
1977684871205282002,abtahi_m,2025-10-13 10:36:31.560000+00:00,"میگویند چرا حرف های ما تاثیر ندارد،
راه حرف زدن بلد نیستید
اجرای رپ سینا ساعی در برنامه کارناوال رامبد جوان را ببینید، فرقش معلوم میشود 

در این مورد حرف زدم ",0,0,0,https://x.com/abtahi_m/status/1977684871205282002,"میگویند چرا حرف های ما تاثیر ندارد،
راه حرف زدن بلد نیستید
اجرای رپ سینا ساعی در برنامه کارناوال رامبد جوان را ببینید، فرقش معلوم میشود 

در این مورد حرف زدم ","They say why our words have no effect.
You don't know how to talk
Watch Sina Sai's rap performance in Rambad Jawan's carnival program, you will see the difference 

I talked about this"
1977663356518723590,abtahi_m,2025-10-13 09:11:02.059000+00:00,"از حضور در شرم الشیخ، با وجودترامپ و کشورهای مرعوب آمریکا، چیزی گیر ایران نمی آید.
اما حضور در آن می تواند با شجاعت صدای ملت مظلوم ما و جنایات جنگ اسراییل و آمریکا را فریاد کند‌
مهم اعضای شرکت کننده نیستند، مهم شنیدن صدای مردم ایران است.
شرکت نکردن به معنای ترسیدن از دشمن است",0,0,0,https://x.com/abtahi_m/status/1977663356518723590,"از حضور در شرم الشیخ، با وجودترامپ و کشورهای مرعوب آمریکا، چیزی گیر ایران نمی آید.
اما حضور در آن می تواند با شجاعت صدای ملت مظلوم ما و جنایات جنگ اسراییل و آمریکا را فریاد کند‌
مهم اعضای شرکت کننده نیستند، مهم شنیدن صدای مردم ایران است.
شرکت نکردن به معنای ترسیدن از دشمن است","Iran's presence in Sharm el-Sheikh, despite the presence of Trump and countries intimidated by America, will not harm Iran.
But being there can bravely shout out the voice of our oppressed nation and the crimes of the war between Israel and America
The important thing is not the participating members, it is important to hear the voice of the Iranian people.
Not participating means being afraid of the enemy"
1976952539968160027,abtahi_m,2025-10-11 10:06:30.187000+00:00,"خوبه که وقتی عکاس از من و آقای فلاحیان وزیر اطلاعات معروف دوره آقای هاشمی عکس گرفته به دو مسیر داریم میریم
ولی هردو خوشحال! کل حزب بما لدیهم فرحون",0,0,0,https://x.com/abtahi_m/status/1976952539968160027,"خوبه که وقتی عکاس از من و آقای فلاحیان وزیر اطلاعات معروف دوره آقای هاشمی عکس گرفته به دو مسیر داریم میریم
ولی هردو خوشحال! کل حزب بما لدیهم فرحون","It's good that when the photographer takes a picture of me and Mr. Fallahian, the famous Minister of Information during Mr. Hashemi's era, we go in two directions
But both are happy! The whole party, Bama Ladiham Farhoon"
1976916073057599525,abtahi_m,2025-10-11 07:41:35.798000+00:00,"خاطرات تلویزیونی اول انقلاب:
چرا فوتبال ۳ تا دوربین داره، ولی نماز جمعه یک دوربین!
خاطرات از امام جمعه های اول انقلاب",0,0,0,https://x.com/abtahi_m/status/1976916073057599525,"خاطرات تلویزیونی اول انقلاب:
چرا فوتبال ۳ تا دوربین داره، ولی نماز جمعه یک دوربین!
خاطرات از امام جمعه های اول انقلاب","Television memories of the first revolution:
Why does football have 3 cameras, but Friday prayer has one camera!
Memories of the Imam of the first Fridays of the revolution"
1975957861391057157,abtahi_m,2025-10-08 16:14:00.334000+00:00,"آقای قوه قضاییه محترم
بعد از این همه سال حکم پرونده #کرسنت را نهایی کنید .
زیان عدم النفع این سالها را هم بررسی کنید.
راه را را‌بر شارلاتان بازی سیاسی در این پرونده‌ببندید
جناح سیاسی ای که این آسیب را به کشور زد طلبکار شده است.
هرکس مجرم بوده، بی ملاحظه و زودتر  حکم صادر کنید",0,0,0,https://x.com/abtahi_m/status/1975957861391057157,"آقای قوه قضاییه محترم
بعد از این همه سال حکم پرونده #کرسنت را نهایی کنید .
زیان عدم النفع این سالها را هم بررسی کنید.
راه را را‌بر شارلاتان بازی سیاسی در این پرونده‌ببندید
جناح سیاسی ای که این آسیب را به کشور زد طلبکار شده است.
هرکس مجرم بوده، بی ملاحظه و زودتر  حکم صادر کنید","Honorable Mr. Judiciary
After all these years, finalize the verdict of the #Crescent case.
Also check the non-profit losses of these years.
Block the charlatans of political games in this case
The political faction that caused this damage to the country has become a creditor.
Whoever is guilty, issue a verdict without consideration and soon"
1975299775328067953,abtahi_m,2025-10-06 20:39:00.390000+00:00,"سید محمدعلی ابطحی در ادامه هدایایی از جنس نقد نوشت:

هدیه‌ای از جنس نقد
وزارت اقتصاد و دارایی

وزارت اقتصاد یکی از سه ضلع اداره اقتصاد کشور است.
بی‌شک در این سال‌ها نمی‌توان از وزارت اقتصاد به‌تنهایی خواست که مشکلات اقتصادی را حل کند.

در این دنیای به‌هم‌تنیده، تا امنیت سرمایه",0,0,0,https://x.com/abtahi_m/status/1975299775328067953,"سید محمدعلی ابطحی در ادامه هدایایی از جنس نقد نوشت:

هدیه‌ای از جنس نقد
وزارت اقتصاد و دارایی

وزارت اقتصاد یکی از سه ضلع اداره اقتصاد کشور است.
بی‌شک در این سال‌ها نمی‌توان از وزارت اقتصاد به‌تنهایی خواست که مشکلات اقتصادی را حل کند.

در این دنیای به‌هم‌تنیده، تا امنیت سرمایه","Seyyed Mohammad Ali Abtahi wrote in the following gifts of cash:

A cash gift
Ministry of Economy and Finance

The Ministry of Economy is one of the three branches of the country's economy administration.
Undoubtedly, in these years, the Ministry of Economy cannot be asked to solve economic problems alone.

In this interconnected world, to capital security"
1975146111989150184,abtahi_m,2025-10-06 10:28:24.195000+00:00,"در مصاحبه با خبر فوری :
طرفداران امیر تنلو خیلی بیشتر از همایون شجریان است
صفحات مجازی تبدیل به ID کارت شدند
لینک کامل ویدیو در یوتوب",0,0,0,https://x.com/abtahi_m/status/1975146111989150184,"در مصاحبه با خبر فوری :
طرفداران امیر تنلو خیلی بیشتر از همایون شجریان است
صفحات مجازی تبدیل به ID کارت شدند
لینک کامل ویدیو در یوتوب","In an interview with Urgent News:
Amir Tanlu's fans are much more than Homayun Shajarian's
Virtual pages became ID cards
Full video link on YouTube"
1974918786554675406,abtahi_m,2025-10-05 19:25:05.588000+00:00,"در مصاحبه با یورو نیوز:
اگر طرح ترامپ در غزه شکست بخورد، احتمالا جنگ می‌شود
محمدعلی ابطحی معتقد است اسرائیل وضعیت ""نه جنگ نه صلح"" را به درگیری دوباره با ایران ترجیح می‌دهد ولی سرنوشت طرح ترامپ در غزه را هم در وقوع یا عدم وقوع جنگ مؤثر می‌داند
محمدعلی ابطحی اما پیامدهای چنین جنگی",0,0,0,https://x.com/abtahi_m/status/1974918786554675406,"در مصاحبه با یورو نیوز:
اگر طرح ترامپ در غزه شکست بخورد، احتمالا جنگ می‌شود
محمدعلی ابطحی معتقد است اسرائیل وضعیت ""نه جنگ نه صلح"" را به درگیری دوباره با ایران ترجیح می‌دهد ولی سرنوشت طرح ترامپ در غزه را هم در وقوع یا عدم وقوع جنگ مؤثر می‌داند
محمدعلی ابطحی اما پیامدهای چنین جنگی","In an interview with Euro News:
If Trump's plan fails in Gaza, there will probably be a war
Mohammad Ali Abtahi believes that Israel prefers the situation of ""neither war nor peace"" to a renewed conflict with Iran, but considers the fate of Trump's plan in Gaza to be effective in the occurrence or non-occurrence of war.
Mohammad Ali Abtahi, but the consequences of such a war"
1974745057921044679,abtahi_m,2025-10-05 07:54:45.454000+00:00,"باز هم اعتراف گرفتند!
حجت‌الاسلام والمسلمین سید محمدعلی ابطحی در گفت‌وگو با ایسنا، در پاسخ به این پرسش که آیا در دوران مدیریت خود اشتباهی مرتکب شده اید؟ بیان کرد: بنده در خصوص حوزه کاری خودم اظهار نظر می کنم؛ زمانی که بنده در دفتر رئیس جمهور مدیر بودم،حتما اشتباهاتی کرده ایم.",0,0,0,https://x.com/abtahi_m/status/1974745057921044679,"باز هم اعتراف گرفتند!
حجت‌الاسلام والمسلمین سید محمدعلی ابطحی در گفت‌وگو با ایسنا، در پاسخ به این پرسش که آیا در دوران مدیریت خود اشتباهی مرتکب شده اید؟ بیان کرد: بنده در خصوص حوزه کاری خودم اظهار نظر می کنم؛ زمانی که بنده در دفتر رئیس جمهور مدیر بودم،حتما اشتباهاتی کرده ایم.","They confessed again!
Hojjat al-Islam wal-Muslimeen Seyyed Mohammad Ali Abtahi in an interview with ISNA, in response to the question, have you made any mistakes during your administration? He said: I am commenting on my field of work; When I was a manager in the president's office, we must have made mistakes."
2019371142050640386/analytics,abtahi_m,,Full Blown RPG in your browser: No Downloads - Just Click and Go!,0,0,0,https://x.com/HeroWarsWeb/status/2019371142050640386/analytics,Full Blown RPG in your browser: No Downloads - Just Click and Go!,Full Blown RPG in your browser: No Downloads - Just Click and Go!
1974566556291248485,abtahi_m,2025-10-04 20:05:27.349000+00:00,"امروز برای یک کار فرهنگی رفته بودم دبیرخانه شورای انقلاب فرهنگی.
به اتاق آقای خسروپناه دبیر شورا رفتم.
اتاقش موزه مانند بود.صنایع دستی،نمادهای صنعت و تکنولوژی و علم را چیده بودند. 
در مجموع مرد فرهیخته و اهل دانش است.
از مسایلی که میتواند نقش شورا را پر رنگ کند حرف زدیم. علاقمند",0,0,0,https://x.com/abtahi_m/status/1974566556291248485,"امروز برای یک کار فرهنگی رفته بودم دبیرخانه شورای انقلاب فرهنگی.
به اتاق آقای خسروپناه دبیر شورا رفتم.
اتاقش موزه مانند بود.صنایع دستی،نمادهای صنعت و تکنولوژی و علم را چیده بودند. 
در مجموع مرد فرهیخته و اهل دانش است.
از مسایلی که میتواند نقش شورا را پر رنگ کند حرف زدیم. علاقمند","Today I went to the Secretariat of the Cultural Revolution Council for a cultural work.
I went to the room of Mr. Khosropanah, the secretary of the council.
His room was like a museum. Handicrafts, symbols of industry, technology and science were arranged. 
In general, he is a cultured and knowledgeable man.
We talked about issues that can enrich the role of the council. interested"
1974477874343112953,abtahi_m,2025-10-04 14:13:03.925000+00:00,"سریال - Girlfriend ـ که ترجمه شرعی اش می شود نامزد! را دیدم. محصول ۲۰۲۵ است. 
یک کار پیچیده روانشناختی است. رمز آلود که در دعوای پیچیده مادرِ پسر و دوست دختر او، چنان جا به جا می شوی که تا آخر این ابهام می ماند که کدام مقصرند و اصل ماجرا جیست.
صفحه من در IMDB",0,0,0,https://x.com/abtahi_m/status/1974477874343112953,"سریال - Girlfriend ـ که ترجمه شرعی اش می شود نامزد! را دیدم. محصول ۲۰۲۵ است. 
یک کار پیچیده روانشناختی است. رمز آلود که در دعوای پیچیده مادرِ پسر و دوست دختر او، چنان جا به جا می شوی که تا آخر این ابهام می ماند که کدام مقصرند و اصل ماجرا جیست.
صفحه من در IMDB","The series ""Girlfriend"" whose sharia translation is nominated! I saw The product is 2025. 
It is a complex psychological task. Mysterious that in the complex fight between the boy's mother and his girlfriend, you are so confused that until the end it remains unclear who is to blame and what is the real story.
My page on IMDB"
1973861867107070026,abtahi_m,2025-10-02 21:25:16.355000+00:00,"امروز قم بودم. دومناسبت عزاداری بود. حواسم نبود. 
یکی بیشتر مربوط به عربها بود. معتقدند ۴۵ روز بعد وفات پیامبر حضرت زهرا به شهادت رسیدند.یعنی سه تا فاطمیه. !!
در این کمبود مناسبتهای عزا، !! در خیابان چهارمردان موکب زده بودند و نذری می دادند وسینه زنی داشتند وچای عراقی می دادند.",0,0,0,https://x.com/abtahi_m/status/1973861867107070026,"امروز قم بودم. دومناسبت عزاداری بود. حواسم نبود. 
یکی بیشتر مربوط به عربها بود. معتقدند ۴۵ روز بعد وفات پیامبر حضرت زهرا به شهادت رسیدند.یعنی سه تا فاطمیه. !!
در این کمبود مناسبتهای عزا، !! در خیابان چهارمردان موکب زده بودند و نذری می دادند وسینه زنی داشتند وچای عراقی می دادند.","I was in Qom today. There were two occasions of mourning. I was not aware. 
One was more related to the Arabs. They believe that 45 days after the Prophet's death, Hazrat Zahra was martyred. !!
In this lack of mourning occasions,!! They were marching in Chamardan street and giving vows, and they had women and they were giving Iraqi tea."
1973489203959963651,abtahi_m,2025-10-01 20:44:26.537000+00:00,"خانم کیمیا رهگذر از قدیمی ترین عکاسان ایران است.
امروز در گالری اعتماد از نمایشگاه زیبای عکس او دیدن کردم. از هنرش لذت بردم
#کیمیا_رهگذر
#گالری_اعتماد",0,0,0,https://x.com/abtahi_m/status/1973489203959963651,"خانم کیمیا رهگذر از قدیمی ترین عکاسان ایران است.
امروز در گالری اعتماد از نمایشگاه زیبای عکس او دیدن کردم. از هنرش لذت بردم
#کیمیا_رهگذر
#گالری_اعتماد","Mrs. Kimia Rahgozar is one of the oldest photographers in Iran.
Today, I visited the beautiful exhibition of his photos at Etamad Gallery. I enjoyed his art
#passer_chemistry
#trust_gallery"
1973487722124955902,abtahi_m,2025-10-01 20:38:33.240000+00:00,در مراسم ختم همسر آیه الله سیستانی در قم شرکت کردم. ایه الله سیستانی با مکتب متفاوتی که عرضه کرده، رمز و نماد تشیع شده است.,0,0,0,https://x.com/abtahi_m/status/1973487722124955902,در مراسم ختم همسر آیه الله سیستانی در قم شرکت کردم. ایه الله سیستانی با مکتب متفاوتی که عرضه کرده، رمز و نماد تشیع شده است.,"I participated in the burial ceremony of Ayatollah Sistani's wife in Qom. Ayelah Sistani, with the different school he presented, has become a symbol and symbol of Shiism."
1973113163097808919,abtahi_m,2025-09-30 19:50:11.409000+00:00,"۴۰۰ ایرانی از آمریکا اخراج شده اند و در حال اعزام به ایران هستند.
قوه قضایی ایران نباید به اظهارات صوری آنان برای گرفتن پناهندگی وقعی بگذارد.
با احترام آنها را بپذیرد تا تحقیر ترامپ را خنثی کند و دیگران گرفتار این حقارت آمریکا نشوند و هموطنانی که مشکل دارند با سربلندی برگردند",0,0,0,https://x.com/abtahi_m/status/1973113163097808919,"۴۰۰ ایرانی از آمریکا اخراج شده اند و در حال اعزام به ایران هستند.
قوه قضایی ایران نباید به اظهارات صوری آنان برای گرفتن پناهندگی وقعی بگذارد.
با احترام آنها را بپذیرد تا تحقیر ترامپ را خنثی کند و دیگران گرفتار این حقارت آمریکا نشوند و هموطنانی که مشکل دارند با سربلندی برگردند","400 Iranians have been deported from America and are being sent to Iran.
Iran's judiciary should not accept their formal statements to get asylum.
Accept them with respect in order to neutralize the humiliation of Trump, and others will not fall under this humiliation of America, and the compatriots who have problems will return with pride."
1973107124948398127,abtahi_m,2025-09-30 19:26:11.802000+00:00,"* سید محمدعلی ابطحی در گفت‌وگویی کوتاه با خبرگزاری خبرآنلاین :

معتقدم می‌شد مسیرهای دیگری را طی کرد تا این مکانیسم فعال نشود .

* بعد از مکانیسم ماشه دیپلماسی حتماً باید فعال بماند و حق ندارد قهر کند.

*در مورد سفر پزشکیان نوشتم: به عنوان مدیر و مسئول کشور ایران در نیویورک حضور",0,0,0,https://x.com/abtahi_m/status/1973107124948398127,"* سید محمدعلی ابطحی در گفت‌وگویی کوتاه با خبرگزاری خبرآنلاین :

معتقدم می‌شد مسیرهای دیگری را طی کرد تا این مکانیسم فعال نشود .

* بعد از مکانیسم ماشه دیپلماسی حتماً باید فعال بماند و حق ندارد قهر کند.

*در مورد سفر پزشکیان نوشتم: به عنوان مدیر و مسئول کشور ایران در نیویورک حضور","* Seyed Mohammad Ali Abtahi in a short interview with Khabaronline news agency:

I believe that other paths could have been followed so that this mechanism would not be activated.

* After the diplomacy trigger mechanism, it must remain active and has no right to be aggressive.

* I wrote about the trip of the doctors: presence in New York as the manager and official of Iran"
1972946571189739960,abtahi_m,2025-09-30 08:48:12.803000+00:00,"‌‌‌
شما را نمی‌دانم، اما دیشب که مصاحبه قلدرمآبانه ترامپ و نتانیاهو را در مورد غزه و فلسطین می‌دیدم، تمام بدنم می‌لرزید.
حتی جدای از حماس، چه حقیرانه با خود ملت تاریخی و مظلوم فلسطین با ۱۶ هزار شهید اخیر حرف می‌زدند و قربان‌صدقه هم می‌رفتند.
یک‌سر تهدید بود و در نهایت، در کمال",0,0,0,https://x.com/abtahi_m/status/1972946571189739960,"‌‌‌
شما را نمی‌دانم، اما دیشب که مصاحبه قلدرمآبانه ترامپ و نتانیاهو را در مورد غزه و فلسطین می‌دیدم، تمام بدنم می‌لرزید.
حتی جدای از حماس، چه حقیرانه با خود ملت تاریخی و مظلوم فلسطین با ۱۶ هزار شهید اخیر حرف می‌زدند و قربان‌صدقه هم می‌رفتند.
یک‌سر تهدید بود و در نهایت، در کمال","‌
I don't know about you, but last night I was shaking while watching Trump and Netanyahu's bully interview about Gaza and Palestine.
Even apart from Hamas, how humiliatingly they talked with the historical and oppressed Palestinian nation itself, with the 16 thousand recent martyrs, and they also gave charity.
It was a threat and finally, in perfection"
