tweet_id,username,created_at,text,replies,retweets,likes,url,Text_original,Text_en
1989349972538757597,adameaval,2025-11-14 15:09:28.445000+00:00,"«نوشتن نوعی آغوش است، نوعی در آغوش کشیده شدن.»
~سوزان سانتاک",0,0,0,https://x.com/adameaval/status/1989349972538757597,"«نوشتن نوعی آغوش است، نوعی در آغوش کشیده شدن.»
~سوزان سانتاک","""Writing is a kind of hug, a kind of being embraced.""
~Susan Santak"
2022907863576842433,adameaval,2026-02-15 05:36:33.144000+00:00,می‌رویم که به طور همزمان شاهد رقابت‌های جهانی «کشیدن مو از ماست»، «گذاشتن مته به خشخاش» و «چرا در گنجه بازه؟» باشیم.,0,0,0,https://x.com/naimian/status/2022907863576842433,می‌رویم که به طور همزمان شاهد رقابت‌های جهانی «کشیدن مو از ماست»، «گذاشتن مته به خشخاش» و «چرا در گنجه بازه؟» باشیم.,"We are going to simultaneously witness the global competitions of ""pulling hair out of our hair"", ""putting a drill into the poppy"" and ""Why is it open in the closet?"" to be"
2022907727815885026,adameaval,2026-02-15 05:36:00.776000+00:00,"واقعا لحظاتی از دیشب احساس کردم، واقعا ممکنه بشه؟!
به قول شهرام شب‌پره:
آخ اگه بشه، چی می‌شه.....",0,0,0,https://x.com/adameaval/status/2022907727815885026,"واقعا لحظاتی از دیشب احساس کردم، واقعا ممکنه بشه؟!
به قول شهرام شب‌پره:
آخ اگه بشه، چی می‌شه.....","I really felt moments from last night, is it really possible?!
According to Shahram Shabpereh:
Oh, if it happens, what will happen....."
2022801266250805642,adameaval,2026-02-14 22:32:58.361000+00:00,"اینطور که امروز شماها تو دنیا طوفان راه انداختید صداش به تهرانم رسید!
کل خونه یک لحظه سفید شد و بعد صدای رعد چنان بود که خونه من لرزید.",0,0,0,https://x.com/adameaval/status/2022801266250805642,"اینطور که امروز شماها تو دنیا طوفان راه انداختید صداش به تهرانم رسید!
کل خونه یک لحظه سفید شد و بعد صدای رعد چنان بود که خونه من لرزید.","The way you started a storm in the world today, the sound reached my Tehran!
The whole house turned white for a moment and then the sound of thunder was so loud that my house shook."
2022555291603308588,adameaval,2026-02-14 06:15:33.435000+00:00,"- پس از فاجعه هیچ چیز عادی نمی‌شه! هیچ چیز مثل قبل نمی‌شه!

در دور تازه یکشنبه‌های فیلم به سراغ آثار نادیده سینما خواهیم رفت و در اولین نشست که فردا برگزار می‌شود با اثر دادائیستی، شاعرانه و آولنگارد سینمای شرق همراهتان هستیم.
""کتاب‌هایتان را دور بریزید و به خیابان بروید""",0,0,0,https://x.com/CompanyArtSt/status/2022555291603308588,"- پس از فاجعه هیچ چیز عادی نمی‌شه! هیچ چیز مثل قبل نمی‌شه!

در دور تازه یکشنبه‌های فیلم به سراغ آثار نادیده سینما خواهیم رفت و در اولین نشست که فردا برگزار می‌شود با اثر دادائیستی، شاعرانه و آولنگارد سینمای شرق همراهتان هستیم.
""کتاب‌هایتان را دور بریزید و به خیابان بروید""","- Nothing will be normal after the disaster! Nothing will be like before!

In the new round of film Sundays, we will go to the unseen works of cinema, and in the first meeting that will be held tomorrow, we will accompany you with the Dadaist, poetic and avant-garde works of Eastern cinema.
""Throw away your books and go to the street"""
2022263244979671181,adameaval,2026-02-13 10:55:04.094000+00:00,"مامان آیدا حیدری! ماهم باهات سوختیم. با همهه‌ی جیغ‌هایی که کشیدی سوختیم.
همین.",0,0,0,https://x.com/nastaranDP/status/2022263244979671181,"مامان آیدا حیدری! ماهم باهات سوختیم. با همهه‌ی جیغ‌هایی که کشیدی سوختیم.
همین.","Aida Heydari's mom! We burned with you. We burned with all the screams you made.
That's it."
2022210976628847052,adameaval,2026-02-13 07:27:22.348000+00:00,"خب گویا تردستی جدید م.ی.خ برای برخی از کاربران جواب داده و دارن نطقش رو استوری می‌کنند و براش می‌نویسنند شریف!
اصلا مسئله نطق ایشون نیست.
مسئله اون سکوست.
اون جایزه است.
کل اون نمایشه..
و کل اون نمایش مدتهاست که از اعتبار ساقطه.",0,0,0,https://x.com/adameaval/status/2022210976628847052,"خب گویا تردستی جدید م.ی.خ برای برخی از کاربران جواب داده و دارن نطقش رو استوری می‌کنند و براش می‌نویسنند شریف!
اصلا مسئله نطق ایشون نیست.
مسئله اون سکوست.
اون جایزه است.
کل اون نمایشه..
و کل اون نمایش مدتهاست که از اعتبار ساقطه.","Well, it seems that M.I.Kh's new trick has worked for some users and they are making stories about his speech and writing Sharif for him!
It is not a problem of their speech at all.
The problem is that silence.
That is the prize.
That whole show..
And that whole show has been discredited for a long time."
2022208816222548408,adameaval,2026-02-13 07:18:47.267000+00:00,کلاس ویژه خوابالوهای اول صبح روز تعطیل کارمندی، مثل خودم.,0,0,0,https://x.com/adameaval/status/2022208816222548408,کلاس ویژه خوابالوهای اول صبح روز تعطیل کارمندی، مثل خودم.,"Special class for early morning sleepers, like myself."
2022033229507965066,adameaval,2026-02-12 19:41:04.132000+00:00,"من خیلی هم به این دوس‌دختر دوس‌پسرا که یارشون کشته شده فک کردم. لابد خیلی‌هاشون نتونستن صداشو دربیارن و در خلوت و سکوت عزاداری کردن. 
فکر کن در جوانی و تازه‌شکفتگی، عاشق کسی باشی و گلوله‌ای سینه‌ی یارت رو بشکافه ناگهان. آخ عزیزانم. آخ.",0,0,0,https://x.com/Shekveha/status/2022033229507965066,"من خیلی هم به این دوس‌دختر دوس‌پسرا که یارشون کشته شده فک کردم. لابد خیلی‌هاشون نتونستن صداشو دربیارن و در خلوت و سکوت عزاداری کردن. 
فکر کن در جوانی و تازه‌شکفتگی، عاشق کسی باشی و گلوله‌ای سینه‌ی یارت رو بشکافه ناگهان. آخ عزیزانم. آخ.","I thought a lot about these two boys and girls whose friend was killed. Probably, many of them could not raise their voices and mourned in silence. 
Think of being in love with someone when you are young and blooming and suddenly a bullet pierces your friend's chest. Oh, my dears. Ah"
2021852363611648470,adameaval,2026-02-12 07:42:22.342000+00:00,داروی مهم بیمار سرطانی که ۲تومن بود بعد سه ماه کسری بازار شده ۳۵تومن اونم با بیمه از صب به هر مریضی قیمت میدم شک میشه میزنه زیر گریه توان گرفتن داروش رو نداره,0,0,0,https://x.com/dramawhithmahi/status/2021852363611648470,داروی مهم بیمار سرطانی که ۲تومن بود بعد سه ماه کسری بازار شده ۳۵تومن اونم با بیمه از صب به هر مریضی قیمت میدم شک میشه میزنه زیر گریه توان گرفتن داروش رو نداره,"The important medicine of a cancer patient, which was 2 tomans, after three months, it has become a market deficit, 35 tomans."
2022027709422219458,adameaval,2026-02-12 19:19:08.041000+00:00,"برای جلسات کتابخوانی حاضرید؟ 
چه کتابی پیشنهاد میدید؟",0,0,0,https://x.com/CompanyArtSt/status/2022027709422219458,"برای جلسات کتابخوانی حاضرید؟ 
چه کتابی پیشنهاد میدید؟","Are you ready for reading sessions? 
What book would you recommend?"
2021957470504333357,adameaval,2026-02-12 14:40:01.778000+00:00,"واقعا امسال هر جلسه که رفتیم سر کلاس یه بار انگار از نو پوست انداختیم.
انگار هر هفته به اندازه هزارسال می‌گذشت..
و من واقعا نمی‌دونم اگه این کلاس نبود من چطوری دوام می‌آوردم.",0,0,0,https://x.com/adameaval/status/2021957470504333357,"واقعا امسال هر جلسه که رفتیم سر کلاس یه بار انگار از نو پوست انداختیم.
انگار هر هفته به اندازه هزارسال می‌گذشت..
و من واقعا نمی‌دونم اگه این کلاس نبود من چطوری دوام می‌آوردم.","Really, every time we went to class this year, it was as if we shed a new skin.
As if every week passed like a thousand years..
And I really don't know how I would have survived without this class."
2021669628242505829,adameaval,2026-02-11 19:36:14.835000+00:00,ناوگان عظیمی از خرافات به سوی تایملاین ایرانی در حال حرکت هستن.,0,0,0,https://x.com/joskatheboy/status/2021669628242505829,ناوگان عظیمی از خرافات به سوی تایملاین ایرانی در حال حرکت هستن.,A huge fleet of superstitions is moving towards the Iranian timeline.
2021272653491810576,adameaval,2026-02-10 17:18:48.679000+00:00,"به‌دلیل شرایط اخیر، همکاری من با تیم قبلی‌ام در حوزه تولید محتوا و سوشال مدیا به‌صورت موقت متوقف شده و در حال حاضر به‌دنبال موقعیت شغلی جدید به‌عنوان Social Media   Manager / Content Specialist / Graphic designer هستم.
اگر پوزیشن یا معرفی‌ای می‌شناسید،  راهنمایی‌م کنید ",0,0,0,https://x.com/umitsrio/status/2021272653491810576,"به‌دلیل شرایط اخیر، همکاری من با تیم قبلی‌ام در حوزه تولید محتوا و سوشال مدیا به‌صورت موقت متوقف شده و در حال حاضر به‌دنبال موقعیت شغلی جدید به‌عنوان Social Media   Manager / Content Specialist / Graphic designer هستم.
اگر پوزیشن یا معرفی‌ای می‌شناسید،  راهنمایی‌م کنید ","Due to recent circumstances, my cooperation with my previous team in the field of content production and social media has been temporarily stopped and I am currently looking for a new job position as Social Media Manager / Content Specialist / Graphic designer.
If you know a position or introduction, guide me"
2021109223887646813,adameaval,2026-02-10 06:29:24.025000+00:00,"توئیتریا!
واقعا به حمایتتون نیاز دارم
دوستانی که امروز منو تو اینستا فالو کنن سفارششون با تخفیف ثبت میشه
خیلییی ممنونم ازتون
Instagram.com/Shadi.cerastud
…",0,0,0,https://x.com/schaderfn/status/2021109223887646813,"توئیتریا!
واقعا به حمایتتون نیاز دارم
دوستانی که امروز منو تو اینستا فالو کنن سفارششون با تخفیف ثبت میشه
خیلییی ممنونم ازتون
Instagram.com/Shadi.cerastud
…","Twitter!
I really need your support
Friends who follow me on Instagram today, their orders will be registered with a discount
Thank you very much
Instagram.com/Shadi.cerastud
…"
2021185036377076201,adameaval,2026-02-10 11:30:39.131000+00:00,"منم همین.
تولید و ترجمه محتوا، ویراستاری، ادمین سایت، اداری، داروخانه و این چیزا.",0,0,0,https://x.com/SaeedSaid2218/status/2021185036377076201,"منم همین.
تولید و ترجمه محتوا، ویراستاری، ادمین سایت، اداری، داروخانه و این چیزا.","I am the same.
Content production and translation, editing, site admin, administration, pharmacy and these things."
2021131362225283181,adameaval,2026-02-10 07:57:22.216000+00:00,"دوستان، ما به یک حسابدار برای شرکت نیاز داریم
اگر کسی دنبال کار میگرده بگید.
آدرسمون هم سمت ونک هستش.",0,0,0,https://x.com/amir_m_bigazand/status/2021131362225283181,"دوستان، ما به یک حسابدار برای شرکت نیاز داریم
اگر کسی دنبال کار میگرده بگید.
آدرسمون هم سمت ونک هستش.","Friends, we need an accountant for the company
If anyone is looking for a job, tell me.
Our address is on the Vank side."
2020932124237279263,adameaval,2026-02-09 18:45:40.178000+00:00,"بچه ها میشه اگه شرکت یا موسسه یا هر چیزی که  جاکلیدی یا جاکارتی با حکاکی برند یا شماره تلفن یا اسم، لازم داشتن منو معرفی کنید؟ 
واقعا در این شرایط به حمایتتون نیاز داریم…",0,0,0,https://x.com/_Beegrey_/status/2020932124237279263,"بچه ها میشه اگه شرکت یا موسسه یا هر چیزی که  جاکلیدی یا جاکارتی با حکاکی برند یا شماره تلفن یا اسم، لازم داشتن منو معرفی کنید؟ 
واقعا در این شرایط به حمایتتون نیاز داریم…","Guys, if you have a company or institution or anything that needs a keychain or a Jakarta with an engraved brand or phone number or name, can you introduce me? 
We really need your support in this situation..."
2020905991081009351,adameaval,2026-02-09 17:01:49.548000+00:00,"خواهرم بیشتر از یک ماهه فعالیتی تو اینستاگرام نداره، لطفا ازش حمایت کنین تا نوی این وضعیت بتونه دووم بیاره.
اینستاگرام و تلگرامش:

تلگرام: 
t.me/magentaaa8
اینستاگرام: 
instagram.com/magenta.___?ig
…",0,0,0,https://x.com/SemnaniSia/status/2020905991081009351,"خواهرم بیشتر از یک ماهه فعالیتی تو اینستاگرام نداره، لطفا ازش حمایت کنین تا نوی این وضعیت بتونه دووم بیاره.
اینستاگرام و تلگرامش:

تلگرام: 
t.me/magentaaa8
اینستاگرام: 
instagram.com/magenta.___?ig
…","My sister has not been active on Instagram for more than a month, please support her so that the novelty of this situation can continue.
Instagram and Telegram:

Telegram: 
t.me/magentaaa8
Instagram: 
instagram.com/magenta.___?ig
…"
2020820910085726374,adameaval,2026-02-09 11:23:44.658000+00:00,یکی از علاقه‌مندی‌های من بررسی آگهی‌های استخدامیه. سوالی که مدت‌ها‌ست با اون مواجهم اینه، چطور در استخدام واقعی شغل‌هایی مثل سوشال مدیا، دیجیتال مارکتینگ(به تفکیک سمت از ارشد تا پایه)، سئو، محتوا و... برای یه تیم حدود 30 نفره‌ست، اما در آگهی برای یه نفر با 20 تومن حقوق و حضوری.,0,0,0,https://x.com/neddasamani/status/2020820910085726374,یکی از علاقه‌مندی‌های من بررسی آگهی‌های استخدامیه. سوالی که مدت‌ها‌ست با اون مواجهم اینه، چطور در استخدام واقعی شغل‌هایی مثل سوشال مدیا، دیجیتال مارکتینگ(به تفکیک سمت از ارشد تا پایه)، سئو، محتوا و... برای یه تیم حدود 30 نفره‌ست، اما در آگهی برای یه نفر با 20 تومن حقوق و حضوری.,"One of my hobbies is checking job ads. The question that I have been facing for a long time is how to actually hire jobs such as social media, digital marketing (by position from senior to basic), SEO, content, etc. for a team of about 30 people, but in the advertisement for one person with 20 tomans salary and attendance."
1982815573521133782,adameaval,2025-10-27 14:24:06.316000+00:00,تابلوهایی که ساختمو ریت میزنید دیده بشن؟ ,0,0,0,https://x.com/edkemper2991/status/1982815573521133782,تابلوهایی که ساختمو ریت میزنید دیده بشن؟ ,Can you see the boards you made?
2020470232771436813,adameaval,2026-02-08 12:10:16.671000+00:00,اگه دوست داشتید از منم میتونید روغن زیتون و کنجد و ارده و حلواارده و نبات با قیمت و کیفیت خوب بخرید.,0,0,0,https://x.com/mahdavi1419/status/2020470232771436813,اگه دوست داشتید از منم میتونید روغن زیتون و کنجد و ارده و حلواارده و نبات با قیمت و کیفیت خوب بخرید.,"If you want, you can buy olive oil, sesame oil, flour, candied fruit, and candies at a good price and quality."
2020531051223720013,adameaval,2026-02-08 16:11:56.920000+00:00,"سلام
برای واحد برنامه‌ریزی یک شرکت داروسازی در حال جذب نیرو هستیم.
اگر سابقه مرتبط داری یا فکر می‌کنی توانایی فعالیت در این حوزه رو داری، خوشحال می‌شیم رزومه‌ت رو برامون ارسال کنی تا بررسی بشه.
برای دیده‌شدن این توییت، ممنون می‌شم برای دوستانتون ارسال کنید
مرسی",0,0,0,https://x.com/Atena_morady/status/2020531051223720013,"سلام
برای واحد برنامه‌ریزی یک شرکت داروسازی در حال جذب نیرو هستیم.
اگر سابقه مرتبط داری یا فکر می‌کنی توانایی فعالیت در این حوزه رو داری، خوشحال می‌شیم رزومه‌ت رو برامون ارسال کنی تا بررسی بشه.
برای دیده‌شدن این توییت، ممنون می‌شم برای دوستانتون ارسال کنید
مرسی","hello
We are recruiting for the planning unit of a pharmaceutical company.
If you have relevant experience or think you have the ability to work in this field, we will be happy to send your resume to us for review.
To see this tweet, please send it to your friends
thank you"
2020575237717291034,adameaval,2026-02-08 19:07:31.801000+00:00,"سلام!
خواستم بگم خیلی از جنسای پیجم هنوز باقیمت قبل به فروش میرسن و فقط یه سریا بار جدیدن.

*تااتمام موجودیشون قیمتا ثابتن

آدرس شاپم:
Instagram.com/lebaszirkf",0,0,0,https://x.com/Kukimuki02/status/2020575237717291034,"سلام!
خواستم بگم خیلی از جنسای پیجم هنوز باقیمت قبل به فروش میرسن و فقط یه سریا بار جدیدن.

*تااتمام موجودیشون قیمتا ثابتن

آدرس شاپم:
Instagram.com/lebaszirkf","Hello!
I wanted to say that many of the items on my page are still available for sale and are new only once.

*Prices are fixed until stocks last

My shop address:
Instagram.com/lebaszirkf"
2020541069641798142,adameaval,2026-02-08 16:51:45.497000+00:00,راستش دیگه اونقدر تو این مملکت سن گذروندیم که بدونیم قرار نیست ببینیم شکفتن شادی و جشن بزرگ روز‌ ازادی و این حرفا رو….عوعوی سگ‌های اینا نمیگذره و مرگ هم بر جهانشون نمیگذره و هیچ وقت هم قرار نیست روزی ببوسیمش تو میدون ازادی،روزی که تهران دست ما افتاد و همه اینا غمگینم میکنه،خیلیی,0,0,0,https://x.com/inpennylane84/status/2020541069641798142,راستش دیگه اونقدر تو این مملکت سن گذروندیم که بدونیم قرار نیست ببینیم شکفتن شادی و جشن بزرگ روز‌ ازادی و این حرفا رو….عوعوی سگ‌های اینا نمیگذره و مرگ هم بر جهانشون نمیگذره و هیچ وقت هم قرار نیست روزی ببوسیمش تو میدون ازادی،روزی که تهران دست ما افتاد و همه اینا غمگینم میکنه،خیلیی,"Honestly, we have been so old in this country that we know that we are not going to see the blossoming of happiness and the great celebration of Independence Day and these words.... The dogs of these people will not pass away, and death will not pass over their world, and we are never going to kiss it one day."
2020714617669112115,adameaval,2026-02-09 04:21:22.571000+00:00,کلاس طراحی و نقاشی من، ۵شنبه‌ها در خانه قدیمی و زیبای سپند(خ ویلا) برگزار میشه. برای اطلاع بیشتر لطفا اینجا یا اینستاگرام دایرکت بدین,0,0,0,https://x.com/SaloomehPezeshk/status/2020714617669112115,کلاس طراحی و نقاشی من، ۵شنبه‌ها در خانه قدیمی و زیبای سپند(خ ویلا) برگزار میشه. برای اطلاع بیشتر لطفا اینجا یا اینستاگرام دایرکت بدین,"My drawing and painting class is held on Thursdays in the old and beautiful house of Sepand (Villa). For more information, please direct here or Instagram"
2020465364950294534,adameaval,2026-02-08 11:50:56.092000+00:00,"بچه ها من یکی دیگه نمیتونم شرایطم خیلی بد شده و کلی قسط و بدهی و اجاره خونه دارم
اگر کسی نیاز به نیرو با مدرک کارشناسی صنایع داشت بهم بگه",0,0,0,https://x.com/matinbalabadi/status/2020465364950294534,"بچه ها من یکی دیگه نمیتونم شرایطم خیلی بد شده و کلی قسط و بدهی و اجاره خونه دارم
اگر کسی نیاز به نیرو با مدرک کارشناسی صنایع داشت بهم بگه","Guys, I can't do it anymore, my situation is very bad and I have a lot of installments, debts and house rent
If anyone needs a worker with a bachelor's degree in industries, tell me"
2020404052878631009,adameaval,2026-02-08 07:47:18.155000+00:00,"توییت جهت همکاری.

گرامیان هر دوستی که در زمینه ی خشکبار در ایران فعالیت میکنن از کارگاه تا کارخانه میتونن جهت معرفی پیام بزارم.

با تشکر فراوان",0,0,0,https://x.com/Ladansamarghadi/status/2020404052878631009,"توییت جهت همکاری.

گرامیان هر دوستی که در زمینه ی خشکبار در ایران فعالیت میکنن از کارگاه تا کارخانه میتونن جهت معرفی پیام بزارم.

با تشکر فراوان","Tweet for cooperation.

Dear friends, who are active in the field of dried fruit in Iran, from the workshop to the factory, I can send a message for introduction.

Many thanks"
2020396101040287933,adameaval,2026-02-08 07:15:42.289000+00:00,"دوستان اصفهانی که حسابداری بلدید و حدودا دو سه سالی سابقه کار دارید، مجموعه‌ ما نیروی حسابدار استخدام می‌کنه که حداقل بر حقوق و دستمزد و حسابداری پایه مسلط باشید.
از همون روز اول بیمه میشید حقوق هم توافقی براساس توانایی شخص هستش.

#استخدام 
#حسابدار",0,0,0,https://x.com/Morybadakhlagh/status/2020396101040287933,"دوستان اصفهانی که حسابداری بلدید و حدودا دو سه سالی سابقه کار دارید، مجموعه‌ ما نیروی حسابدار استخدام می‌کنه که حداقل بر حقوق و دستمزد و حسابداری پایه مسلط باشید.
از همون روز اول بیمه میشید حقوق هم توافقی براساس توانایی شخص هستش.

#استخدام 
#حسابدار","Isfahani friends who know accounting and have about two or three years of work experience, our group is hiring accountants who at least have mastered basic accounting and payroll.
You will be insured from the very first day, and the salary is negotiable based on the person's ability.

#Employment 
#Accountant"
2020359665813770534,adameaval,2026-02-08 04:50:55.454000+00:00,"دوستان یکی از دوستانم که رزومه پرباری هم داره
 جویای کاره
کار اداری_دفتری 
فوق لیسانس صنایع هستند و خانم
اگر موقعیت قطعی میشناسید که دنبال کارمند باشد خبر بدید
 دم عیدی یک نفر کار پیدا کنه.",0,0,0,https://x.com/gaaata68/status/2020359665813770534,"دوستان یکی از دوستانم که رزومه پرباری هم داره
 جویای کاره
کار اداری_دفتری 
فوق لیسانس صنایع هستند و خانم
اگر موقعیت قطعی میشناسید که دنبال کارمند باشد خبر بدید
 دم عیدی یک نفر کار پیدا کنه.","Friends, one of my friends has a fruitful resume
 job seeker
Office work 
They are masters of industries and Mrs
If you know a certain position that is looking for an employee, let me know
 Someone will find a job during Eid."
2020414219951423857,adameaval,2026-02-08 08:27:42.174000+00:00,هر کلمه‌ای شبیه به این کلمات رو که می‌خونم به تمامی فرو می‌ریزم.,0,0,0,https://x.com/adameaval/status/2020414219951423857,هر کلمه‌ای شبیه به این کلمات رو که می‌خونم به تمامی فرو می‌ریزم.,"Any word similar to these words that I read, I completely collapse."
2020136605852344637,adameaval,2026-02-07 14:04:33.815000+00:00,"کسی هست واسه همین ۱ ماه تا یک هفته به عید نیرو بخواد؟ یا شیفت عصر باشه یا دو سه روز در هفته
#کار_میخوام
#پول_میخوام",0,0,0,https://x.com/m_a_nothing/status/2020136605852344637,"کسی هست واسه همین ۱ ماه تا یک هفته به عید نیرو بخواد؟ یا شیفت عصر باشه یا دو سه روز در هفته
#کار_میخوام
#پول_میخوام","Is there anyone who wants energy for Eid for 1 month to 1 week? Either evening shift or two or three days a week
#I want a job
I want money"
2020201571452084626,adameaval,2026-02-07 18:22:42.821000+00:00,"لطفا  از منم خرید کنید ترشی خانگی کیلویی ۲۰۰ تومن عالی و درجه یک 
ترشی بادمجون شکم پر هم دارم با سیر و سبزیجات طعمش عالیه کیلویی ۳۰۰
بافتنی هم دارم 
کلاه شالگردن، لیف و اسکاچ، اشارپ  ،کلاه فرانسوی، کلاه لئونی مردانه و زنانه 
متاسفانه عکس آپلود نمیشه",0,0,0,https://x.com/Ranimukerji_adi/status/2020201571452084626,"لطفا  از منم خرید کنید ترشی خانگی کیلویی ۲۰۰ تومن عالی و درجه یک 
ترشی بادمجون شکم پر هم دارم با سیر و سبزیجات طعمش عالیه کیلویی ۳۰۰
بافتنی هم دارم 
کلاه شالگردن، لیف و اسکاچ، اشارپ  ،کلاه فرانسوی، کلاه لئونی مردانه و زنانه 
متاسفانه عکس آپلود نمیشه","Please buy from me homemade pickles for 200 tomans, excellent and first class 
I also have pickled stuffed eggplant with garlic and vegetables, it tastes great, 300 kilos
I also have knitting 
Shawl neck, leaf and scotch hats, scarves, French hats, Leoni hats for men and women 
Unfortunately, the photo cannot be uploaded"
2020175279314915511,adameaval,2026-02-07 16:38:14.287000+00:00,"ویدیوی هر پدر و مادری رو می‌بینم که در عزای بچه‌‌اش داره نوعی از رقص عزا اجرا می‌کنه انگار یکی یکی اعصابم رو از تنم بیرون می‌کشند
واقعا پاره شدن پیوندهای عصبی‌م رو حس می‌کنم.
ما با این داغ‌ها چه کنیم، آخه..",0,0,0,https://x.com/adameaval/status/2020175279314915511,"ویدیوی هر پدر و مادری رو می‌بینم که در عزای بچه‌‌اش داره نوعی از رقص عزا اجرا می‌کنه انگار یکی یکی اعصابم رو از تنم بیرون می‌کشند
واقعا پاره شدن پیوندهای عصبی‌م رو حس می‌کنم.
ما با این داغ‌ها چه کنیم، آخه..","I see the video of every parent who mourns their child and performs some kind of mourning dance, as if they are pulling my nerves out of my body one by one.
I can really feel my nerves breaking.
What should we do with these hot things?"
2020150077285659027,adameaval,2026-02-07 14:58:05.655000+00:00,اگر خانم هستید و به کار اداری و پاسخگویی به تلفن مسلطید و خیلی هم در فضای مجازی وقتتون رو نمیگذرونید به انضباط کاری هم اعتقاد دارید و دوست دارید به صورت تمام وقت در‌ یه شرکت خصوصی در تهران مشغول به کار بشید، خب، منتظر چی هستید؟ رزومه خودتون رو برام بفرستید.,0,0,0,https://x.com/AlirezaMah67705/status/2020150077285659027,اگر خانم هستید و به کار اداری و پاسخگویی به تلفن مسلطید و خیلی هم در فضای مجازی وقتتون رو نمیگذرونید به انضباط کاری هم اعتقاد دارید و دوست دارید به صورت تمام وقت در‌ یه شرکت خصوصی در تهران مشغول به کار بشید، خب، منتظر چی هستید؟ رزومه خودتون رو برام بفرستید.,"If you are a woman and you are good at office work and answering the phone and you don't spend much time in cyberspace, you also believe in work discipline and you want to work full-time in a private company in Tehran, then what are you waiting for? Send me your resume."
2020146603672158377,adameaval,2026-02-07 14:44:17.481000+00:00,"برای سوگ نیاز به قطعی شدن مرگ داریم، باید صورت مردگان را ببینیم، فرصت داشته باشیم در حضور دیگران جنازه‌ها را تشییع و دفن کنیم و... 
ما حتی فرصت مواجهه شدن با مرگ‌ها را پیدا نکرده‌ایم، ما هنوز عمق فاجعه را نمی‌دانیم.. حسین نوروزی درست گفته بود:
ما دچار فقدان مبهمیم.",0,0,0,https://x.com/adameaval/status/2020146603672158377,"برای سوگ نیاز به قطعی شدن مرگ داریم، باید صورت مردگان را ببینیم، فرصت داشته باشیم در حضور دیگران جنازه‌ها را تشییع و دفن کنیم و... 
ما حتی فرصت مواجهه شدن با مرگ‌ها را پیدا نکرده‌ایم، ما هنوز عمق فاجعه را نمی‌دانیم.. حسین نوروزی درست گفته بود:
ما دچار فقدان مبهمیم.","For mourning, we need the confirmation of death, we need to see the faces of the dead, have the opportunity to bury and bury the bodies in the presence of others and... 
We haven't even had the opportunity to face the deaths, we still don't know the depth of the disaster. Hossein Nowrozi was right:
We have a vague loss."
2020061739321053532,adameaval,2026-02-07 09:07:04.243000+00:00,"من فکر نمی‌کردم این توییت انقدر دیده بشه
و با هدف دیدن دوستانم نوشتم برای همین خیلی عجولانه چیزی در مورد مهارتم ننوشتم

من عکاس و طراح گرافیک هستم
از سال ۸۷ طراحی گرافیک و چاپ انجام دادم و از سال ۹۴ عکاسی کردم

عکاسی هم در حوزه‌های مختلفی از صنعتی گرفته تا پرتره و خبر مهارت دارم",0,0,0,https://x.com/shekarchi_me/status/2020061739321053532,"من فکر نمی‌کردم این توییت انقدر دیده بشه
و با هدف دیدن دوستانم نوشتم برای همین خیلی عجولانه چیزی در مورد مهارتم ننوشتم

من عکاس و طراح گرافیک هستم
از سال ۸۷ طراحی گرافیک و چاپ انجام دادم و از سال ۹۴ عکاسی کردم

عکاسی هم در حوزه‌های مختلفی از صنعتی گرفته تا پرتره و خبر مهارت دارم","I didn't think this tweet would be seen so much
And I wrote with the purpose of seeing my friends, so I didn't write anything about my skills too hastily

I am a photographer and graphic designer
I have been doing graphic design and printing since 1987 and photography since 1994

I am also skilled in photography in various fields, from industrial to portraits and news"
2020096363598692424,adameaval,2026-02-07 11:24:39.314000+00:00,"من دیگه از شدت استرس بدهی ،نمی  تونم نفس بکشم .اگه براتون امکان داره دست به دست کنید شاید با یک خرید کوچک بتونید کمک کنید این روزها روون تر بگذرند.
زیر لیوانی ها ۲۵۰ تومان هستند و با پست براتون رایگان ارسال می شن .تنوع شون زیاده.",0,0,0,https://x.com/pishkesh_crafts/status/2020096363598692424,"من دیگه از شدت استرس بدهی ،نمی  تونم نفس بکشم .اگه براتون امکان داره دست به دست کنید شاید با یک خرید کوچک بتونید کمک کنید این روزها روون تر بگذرند.
زیر لیوانی ها ۲۵۰ تومان هستند و با پست براتون رایگان ارسال می شن .تنوع شون زیاده.","I can't breathe because of your stress. If it is possible for you to join hands, maybe with a small purchase you can help these days pass more smoothly.
The coasters are 250 Tomans and will be sent to you by mail for free. Their variety is great."
2020079905556267312,adameaval,2026-02-07 10:19:15.411000+00:00,"#اطلاع_رسانی

در این مدتی که گذشت، فروشگاه حضوری #فودو رو از آدرس میدان انقلاب به آدرس زیر، جابجا کردیم
قدم دوستانی که قصد خرید حضوری دارند، روی چشم ماست
تهران، شهرک شریعتی، بلوار شکوفه ( عبدل اباد ) مجتمع تجاری کوه نور، واحد 166
#ریتوئیت_لطفا",0,0,0,https://x.com/kazimoto3501/status/2020079905556267312,"#اطلاع_رسانی

در این مدتی که گذشت، فروشگاه حضوری #فودو رو از آدرس میدان انقلاب به آدرس زیر، جابجا کردیم
قدم دوستانی که قصد خرید حضوری دارند، روی چشم ماست
تهران، شهرک شریعتی، بلوار شکوفه ( عبدل اباد ) مجتمع تجاری کوه نور، واحد 166
#ریتوئیت_لطفا","#Information

In the past time, we have moved the #Foodo store from the address of Elginal Square to the address below
The footsteps of friends who intend to buy in person are on our eyes
Tehran, Shariati Township, Shkoufeh Blvd (Abdol Abad), Koh Noor Commercial Complex, Unit 166
#retweet_please"
2020011180325302373,adameaval,2026-02-07 05:46:10.039000+00:00,"به نظرم باید یه کمپین راه بندازیم تا وحید آنلاین امسال پولیتزر ببره!

فکر نمی‌کنم تا حالا هیچ خبرنگاری در تاریخ، یک نفره و بدون حمایت سازمانی این حجم از جنایات رو مستند کرده باشه. کار شگرفی که سال‌ها کرده و هنوز داره می‌کنه بدون شک بی‌سابقه‌ست و شایسته‌ی همه‌ی جایزه‌های دنیا...",0,0,0,https://x.com/FarshadShK/status/2020011180325302373,"به نظرم باید یه کمپین راه بندازیم تا وحید آنلاین امسال پولیتزر ببره!

فکر نمی‌کنم تا حالا هیچ خبرنگاری در تاریخ، یک نفره و بدون حمایت سازمانی این حجم از جنایات رو مستند کرده باشه. کار شگرفی که سال‌ها کرده و هنوز داره می‌کنه بدون شک بی‌سابقه‌ست و شایسته‌ی همه‌ی جایزه‌های دنیا...","I think we should start a campaign so that Vahid Online wins the Pulitzer this year!

I don't think any journalist in history has documented this amount of crimes single-handedly and without organizational support. The wonderful work he has done for years and is still doing is undoubtedly unprecedented and deserves all the awards in the world..."
2019981547286458515,adameaval,2026-02-07 03:48:24.972000+00:00,ملت ایران سنگ تمام گذاشت، ۱۰۰ که هیچ از ۱۰۰ خود هم بیشتر گذاشت، زورمان نمیرسد، یا درهای آسمان باز میشود و فتح‌الفتوح میشود یا سرنوشت نکبت‌بار را باید پذیرفت.,0,0,0,https://x.com/pir_e_khereft/status/2019981547286458515,ملت ایران سنگ تمام گذاشت، ۱۰۰ که هیچ از ۱۰۰ خود هم بیشتر گذاشت، زورمان نمیرسد، یا درهای آسمان باز میشود و فتح‌الفتوح میشود یا سرنوشت نکبت‌بار را باید پذیرفت.,"The nation of Iran left no stone unturned, 100 that no one left more than 100, our strength will not be enough, either the doors of heaven will open and victory will come, or we have to accept the unfortunate fate."
2019852284809691350,adameaval,2026-02-06 19:14:46.396000+00:00,"ماشاالله صدا و سیما اینقدر مرجعیت رسانه‌ای داره، که مجبورند اخبار رو برامون پیامک کنند!
خب اقلا اون رسانه عریض و طویل با اون همه بودجه رو تخته کنید بره!",0,0,0,https://x.com/adameaval/status/2019852284809691350,"ماشاالله صدا و سیما اینقدر مرجعیت رسانه‌ای داره، که مجبورند اخبار رو برامون پیامک کنند!
خب اقلا اون رسانه عریض و طویل با اون همه بودجه رو تخته کنید بره!","Mashallah, Sed and Sima have so much media authority that they have to text us the news!
Well, at least put that wide and long media on the board with all that budget and go!"
2019714190643220732,adameaval,2026-02-06 10:06:02.181000+00:00,بعضی‌ها خیلی بی‌صدا کشته شدن. عکس‌های قشنگ نداشتن. از شهر‌های دور و محروم بودن. دوست یا حتی خانواده‌ای نداشتن که خاطراتشون رو زنده نگه داره. شاید حتی یه گوشی درست حسابی نداشتن که فیلم بگیرن یا زندگی هیچوقت تو موقعیت خاصی قرارشون نداده که بخوان ثبتش کنن.,0,0,0,https://x.com/kiyanfirooz/status/2019714190643220732,بعضی‌ها خیلی بی‌صدا کشته شدن. عکس‌های قشنگ نداشتن. از شهر‌های دور و محروم بودن. دوست یا حتی خانواده‌ای نداشتن که خاطراتشون رو زنده نگه داره. شاید حتی یه گوشی درست حسابی نداشتن که فیلم بگیرن یا زندگی هیچوقت تو موقعیت خاصی قرارشون نداده که بخوان ثبتش کنن.,Some were killed very quietly. Not having beautiful photos. Being from distant and deprived cities. Not having friends or even family to keep their memories alive. Maybe they don't even have a proper phone to take a video or life has never put them in a special situation to want to record it.
2019755016089710655,adameaval,2026-02-06 12:48:15.726000+00:00,"دلم یه گروه کتابخونی میخواد 
کتاب بخونیم و باهم حرف بزنیم، حرف زدن بدون تعصب بدون فشار",0,0,0,https://x.com/SMotahareh27/status/2019755016089710655,"دلم یه گروه کتابخونی میخواد 
کتاب بخونیم و باهم حرف بزنیم، حرف زدن بدون تعصب بدون فشار","I want a reading group 
Let's read books and talk together, talking without prejudice without pressure"
2019706629529489447,adameaval,2026-02-06 09:35:59.471000+00:00,این بچه‌های بهزیستی که خبرشون میاد، انگار رگهامو از تنم می‌کشن بیرون.,0,0,0,https://x.com/doniamadani/status/2019706629529489447,این بچه‌های بهزیستی که خبرشون میاد، انگار رگهامو از تنم می‌کشن بیرون.,"These welfare children who hear about it, it's like they are pulling my veins out of my body."
2019656796596740253,adameaval,2026-02-06 06:17:58.374000+00:00,دوستان ما برای بهبود رابط کاربری اپلیکیشن بوم، به دنبال طراح UI/UX می‌گردیم، اگر خودتون یا دوستانتون شرایطش رو دارید به من پیام بدین.,0,0,0,https://x.com/nahangetanhaa/status/2019656796596740253,دوستان ما برای بهبود رابط کاربری اپلیکیشن بوم، به دنبال طراح UI/UX می‌گردیم، اگر خودتون یا دوستانتون شرایطش رو دارید به من پیام بدین.,"Friends, we are looking for a UI/UX designer to improve the user interface of Boom application, if you or your friends have the conditions, send me a message."
2019768264218276271,adameaval,2026-02-06 13:40:54.326000+00:00,"U.S.-Iran talks in Oman have ended for today. Another round of talks to take place in the coming days, per source with knowledge",0,0,0,https://x.com/BarakRavid/status/2019768264218276271,"U.S.-Iran talks in Oman have ended for today. Another round of talks to take place in the coming days, per source with knowledge","U.S.-Iran talks in Oman have ended for today. Another round of talks to take place in the coming days, per source with knowledge"
2019739539225366981,adameaval,2026-02-06 11:46:45.754000+00:00,"اینبار که رفتم سر خاک بابام از عمق قلبم دلم می‌خواست همونجا سرم رو می‌ذاشتم و می‌مردم و کنار پدرم دفن می‌شدم و تمام..
مادرم داشت به پدرم می‌گفت:
«مهدی خوش‌به‌حالت نبودی ببینی چطوری جوون‌هامون رو پرپر کردند و حرص بخوری»",0,0,0,https://x.com/adameaval/status/2019739539225366981,"اینبار که رفتم سر خاک بابام از عمق قلبم دلم می‌خواست همونجا سرم رو می‌ذاشتم و می‌مردم و کنار پدرم دفن می‌شدم و تمام..
مادرم داشت به پدرم می‌گفت:
«مهدی خوش‌به‌حالت نبودی ببینی چطوری جوون‌هامون رو پرپر کردند و حرص بخوری»","This time, when I went to my father's grave, from the bottom of my heart I wanted to lay my head there and die and be buried next to my father and that's it..
My mother was telling my father:
""Mahdi, you were not in a good mood, see how they filled our youth and get greedy"""
2019701092947570797,adameaval,2026-02-06 09:13:59.447000+00:00,کار خوب سیمیاروم,0,0,0,https://x.com/adameaval/status/2019701092947570797,کار خوب سیمیاروم,Good work Simiarum
2019692896249888987,adameaval,2026-02-06 08:41:25.202000+00:00,در یک سطح کلان اتفاقات واقعا عجیبه، ما تو شرکتها و تیم‌های کوچیک سه چهارنفره، جلسات داخلی‌مون هرگز با تاخیر شروع نمی‌شه و نشده، هر کس هم تاخیر بدون اطلاع داشته باشه حتما باید پاسخگو باشه و حتی جریمه می‌شه بعد می‌بینی مذاکرات به این مهمی خیلی ریلکس تاخیر داره!,0,0,0,https://x.com/adameaval/status/2019692896249888987,در یک سطح کلان اتفاقات واقعا عجیبه، ما تو شرکتها و تیم‌های کوچیک سه چهارنفره، جلسات داخلی‌مون هرگز با تاخیر شروع نمی‌شه و نشده، هر کس هم تاخیر بدون اطلاع داشته باشه حتما باید پاسخگو باشه و حتی جریمه می‌شه بعد می‌بینی مذاکرات به این مهمی خیلی ریلکس تاخیر داره!,"On a macro level, things are really strange. In companies and small teams of three or four people, our internal meetings never start late and never have. Anyone who is late without knowing must be held accountable and even fined. Then you see that negotiations of this importance are very relaxed and delayed!"
2019441535901708450,adameaval,2026-02-05 16:02:36.225000+00:00,سلام دوستان، من عکاس، فیلمبردار و تدوینگرم، حدود یکماهیه که هیچ پروژه‌ و درآمدی ندارم، اگر خودتون یا اطرافیانتون نیاز به تخصص من دارید خوشحال میشم در موردش با هم صحبت کنیم.,0,0,0,https://x.com/FaHamidia/status/2019441535901708450,سلام دوستان، من عکاس، فیلمبردار و تدوینگرم، حدود یکماهیه که هیچ پروژه‌ و درآمدی ندارم، اگر خودتون یا اطرافیانتون نیاز به تخصص من دارید خوشحال میشم در موردش با هم صحبت کنیم.,"Hello friends, I am a photographer, videographer and editor. I have not had any project or income for about a month. If you or your friends need my expertise, I will be happy to talk about it."
2019523193074221307,adameaval,2026-02-05 21:27:04.812000+00:00,"من واقعا آدم سلبریتی پرسنی نیستم، اما می‌بینم بعد از فجایع مختلف، به یه عده سلبریتی‌ای که خاموش بودن خیلی تاخته می‌شه و یه عده خاموش دیگه بی‌دلیل همیشه مصون می‌مونند
مث:
هدیه تهرانی- لیلا حاتمی- پارسا پیروزفر و.. اگه سکوت کردن صحت و مدیری‌ و ..بده، سکوت اینا هم بده.
فرقی ندارن که",0,0,0,https://x.com/adameaval/status/2019523193074221307,"من واقعا آدم سلبریتی پرسنی نیستم، اما می‌بینم بعد از فجایع مختلف، به یه عده سلبریتی‌ای که خاموش بودن خیلی تاخته می‌شه و یه عده خاموش دیگه بی‌دلیل همیشه مصون می‌مونند
مث:
هدیه تهرانی- لیلا حاتمی- پارسا پیروزفر و.. اگه سکوت کردن صحت و مدیری‌ و ..بده، سکوت اینا هم بده.
فرقی ندارن که","I'm not really a celebrity person, but I see that after various tragedies, some celebrities are tired of being silent, and others are always immune for no reason.
Ex:
Hehida Tehrani- Leila Hatami- Parsa Pirouzfar and.. if silence gives health and management and.., silence also gives these.
It doesn't matter"
2019506581415850089,adameaval,2026-02-05 20:21:04.284000+00:00,"من میتونم شمع سازی یاد بدم. 
هنر قشنگیه کمی حال آدما رو خوب میکنه هم میتونه برای بعضیا که ترفند فروش بلدن کمک خرج باشه.",0,0,0,https://x.com/melikaaaam/status/2019506581415850089,"من میتونم شمع سازی یاد بدم. 
هنر قشنگیه کمی حال آدما رو خوب میکنه هم میتونه برای بعضیا که ترفند فروش بلدن کمک خرج باشه.","I can teach candle making. 
Art is beautiful, it makes people feel better, and it can be helpful for some people who know the tricks of selling."
2019485105429868939,adameaval,2026-02-05 18:55:44.010000+00:00,"کافه دار عزیز امیدوارم منو پیدا کنی 
دمنوش هایی که تولید میکنیم واقعا تمیز و با کیفیت هستن 
دومی اسمش آرامنوشه
ترکیب گل گاو زبان ،گل محمدی ،بهارنارنج،به لیمو دارچین و چای ترشه
شب ها آرومتون میکنه و اضطراب رو کنترل ‌‌و کم میکنه 
پاکت ۴۰گرم ۱۲۵ت
پاکت ۸۰گرم ۲۵۰ت
ظرف خاتم۲۳۰ت",0,0,0,https://x.com/zarinzaferan/status/2019485105429868939,"کافه دار عزیز امیدوارم منو پیدا کنی 
دمنوش هایی که تولید میکنیم واقعا تمیز و با کیفیت هستن 
دومی اسمش آرامنوشه
ترکیب گل گاو زبان ،گل محمدی ،بهارنارنج،به لیمو دارچین و چای ترشه
شب ها آرومتون میکنه و اضطراب رو کنترل ‌‌و کم میکنه 
پاکت ۴۰گرم ۱۲۵ت
پاکت ۸۰گرم ۲۵۰ت
ظرف خاتم۲۳۰ت","Dear cafe owner, I hope you find me 
The teas we produce are really clean and of high quality 
The second one is called Aramnoosh
The composition of cow's tongue flower, rose flower, spring orange, lemon, cinnamon and sour tea
It calms you down at night and controls and reduces anxiety 
40g envelope, 125t
80g envelope, 250t
Khatam dish 230t"
2019490335668261257,adameaval,2026-02-05 19:16:30.996000+00:00,"دوستان می‌خوام یه رای‌گیری کوچیک بذارم اینجا اگه حوصله داشتید جواب بدید.
الان (از شنبه به بعد) رو وقت مناسبی برای برگزاری جلسات ادبی، رونمایی کتاب و فعالیتهای فرهنگی مستقل می‌‌دونید یا نه؟",0,0,0,https://x.com/adameaval/status/2019490335668261257,"دوستان می‌خوام یه رای‌گیری کوچیک بذارم اینجا اگه حوصله داشتید جواب بدید.
الان (از شنبه به بعد) رو وقت مناسبی برای برگزاری جلسات ادبی، رونمایی کتاب و فعالیتهای فرهنگی مستقل می‌‌دونید یا نه؟","Friends, I want to put a small poll here, if you are bored, answer.
Do you know now (from Saturday onwards) the right time to hold literary meetings, book launches and independent cultural activities or not?"
2018966710124945801,adameaval,2026-02-04 08:35:48.938000+00:00,"این عروسکهای قشنگ کار ایشونه
و مثل خیلی‌ها کسب‌وکار کوچیکش این روزها خیلی آسیب دیده.
حتما یه نگاهی به کانالش بندازید.

#حمایت_از_کسب_و_کارها  
x.com/arosakbafiii/s
…",0,0,0,https://x.com/adameaval/status/2018966710124945801,"این عروسکهای قشنگ کار ایشونه
و مثل خیلی‌ها کسب‌وکار کوچیکش این روزها خیلی آسیب دیده.
حتما یه نگاهی به کانالش بندازید.

#حمایت_از_کسب_و_کارها  
x.com/arosakbafiii/s
…","These beautiful dolls are his work
And like many, his small business is hurting a lot these days.
Be sure to take a look at his channel.

#support_of_business_and_works  
x.com/arosakbafiii/s
…"
2019480152510517522,adameaval,2026-02-05 18:36:03.142000+00:00,"@arosakbafiii
 
دوست ناشناس من، من با توجه به این شرایط سخت کسب‌وکار شما رو اینجا معرفی کردم، یکی از دوستان معتمدم گفت که قبلاً به شما سفارش داده و سفارشش رو تحویل ندادی و جواب هم نمی‌دادی تا تهدید کرده که در توییتر می‌گه و تازه پولش رو پس دادی‌‌.
امیدوارم که اینبار اینطور نباشه",0,0,0,https://x.com/adameaval/status/2019480152510517522,"@arosakbafiii
 
دوست ناشناس من، من با توجه به این شرایط سخت کسب‌وکار شما رو اینجا معرفی کردم، یکی از دوستان معتمدم گفت که قبلاً به شما سفارش داده و سفارشش رو تحویل ندادی و جواب هم نمی‌دادی تا تهدید کرده که در توییتر می‌گه و تازه پولش رو پس دادی‌‌.
امیدوارم که اینبار اینطور نباشه","@arosakbafiii
 
My anonymous friend, I introduced your business here due to these difficult conditions, one of my trusted friends said that he had ordered from you before and you did not deliver his order and you did not respond until he threatened to say on Twitter and you just returned his money.
I hope not this time"
2019345618205044756,adameaval,2026-02-05 09:41:27.664000+00:00,"بچه ها
این تابلو های مینیمال با کمترین قیمت قابل سفارشن
تنها راه فروشم فقط از همین طریقه
هر ابعادی بخواید طراحی میکنم",0,0,0,https://x.com/saboornistam/status/2019345618205044756,"بچه ها
این تابلو های مینیمال با کمترین قیمت قابل سفارشن
تنها راه فروشم فقط از همین طریقه
هر ابعادی بخواید طراحی میکنم","children
These minimal boards can be ordered at the lowest price
This is the only way to sell
I will design any size you want"
2019349071132230091,adameaval,2026-02-05 09:55:10.906000+00:00,"دوستان، تیم آچاره واسه موقعیت شغلی کارشناس ارشد گرافیک دنبال نیرو می‌گرده.
رزومه‌تون رو برای این ایمیل ارسال کنید. a.sabaei@achareh.ir",0,0,0,https://x.com/mjahangard1988/status/2019349071132230091,"دوستان، تیم آچاره واسه موقعیت شغلی کارشناس ارشد گرافیک دنبال نیرو می‌گرده.
رزومه‌تون رو برای این ایمیل ارسال کنید. a.sabaei@achareh.ir","Friends, Achareh team is looking for staff for the position of senior graphics expert.
Send your resume to this email. a.sabaei@achareh.ir"
2019338083754242179,adameaval,2026-02-05 09:11:31.311000+00:00,"دوستان اگه دنبال موقعیت شغلی Financial Product Manager هستید بدونید که کارگزاری مفید داره نیرو می‌گیره.
رزومه‌تون رو برای amir dareshiri توی لینکدین بفرستین.",0,0,0,https://x.com/mjahangard1988/status/2019338083754242179,"دوستان اگه دنبال موقعیت شغلی Financial Product Manager هستید بدونید که کارگزاری مفید داره نیرو می‌گیره.
رزومه‌تون رو برای amir dareshiri توی لینکدین بفرستین.","Friends, if you are looking for the position of Financial Product Manager, know that the brokerage is gaining strength.
Send your resume to amir dareshiri on LinkedIn."
2019331474277953733,adameaval,2026-02-05 08:45:15.489000+00:00,"با این بحث‌هایی که اینجا می‌بینم، با اینکه واقعا دارم تمام توانم رو می‌ذارم روی رواداری، کم‌کم به سمت اقلیت خاموش میل خواهم کرد و احتمالا یه دکه بزنم در ته دنیا روش بنویسم «گوشی برای شنیدن!»
هر کی هر چی می‌خواد بیاد بگه، من فقط می‌شنوم
می‌شنوم
و..",0,0,0,https://x.com/adameaval/status/2019331474277953733,"با این بحث‌هایی که اینجا می‌بینم، با اینکه واقعا دارم تمام توانم رو می‌ذارم روی رواداری، کم‌کم به سمت اقلیت خاموش میل خواهم کرد و احتمالا یه دکه بزنم در ته دنیا روش بنویسم «گوشی برای شنیدن!»
هر کی هر چی می‌خواد بیاد بگه، من فقط می‌شنوم
می‌شنوم
و..","With these discussions that I see here, even though I am really trying my best for tolerance, I will gradually lean towards the silent minority and probably make a stop and write a method in the world ""A phone to listen!""
Anyone can come and say whatever they want, I just listen
i hear
And.."
2019137352204185700,adameaval,2026-02-04 19:53:53.180000+00:00,"دارن تبلیغات احمقانه و کلاهبرداری میذارن روی کانال تلگرام وحید، چون لول کانالش هنوز به ۵۰ نرسیده.

بچه‌هایی که تلگرام پرمیوم دارید لطفا حمایتش کنین تا بوست بشه به مراحل بعدی. خیییلی کار داریم هنوز.

این یه ذره بوست کردن رو به این آدم که روح و روانشو برای ما فدا کرده بدهکاریم.",0,0,0,https://x.com/makmahyar/status/2019137352204185700,"دارن تبلیغات احمقانه و کلاهبرداری میذارن روی کانال تلگرام وحید، چون لول کانالش هنوز به ۵۰ نرسیده.

بچه‌هایی که تلگرام پرمیوم دارید لطفا حمایتش کنین تا بوست بشه به مراحل بعدی. خیییلی کار داریم هنوز.

این یه ذره بوست کردن رو به این آدم که روح و روانشو برای ما فدا کرده بدهکاریم.","They are putting stupid and fraudulent ads on Vahid's Telegram channel, because his channel level has not reached 50 yet.

Guys who have premium telegram, please support it so that it can be boosted to the next steps. We still have a lot of work to do.

We owe this boost to this person who sacrificed his soul and spirit for us."
2019196995374915710,adameaval,2026-02-04 23:50:53.220000+00:00,"کی فکرش رو میکرد یه‌زمانی آکسیوس و رویترز یه خبری رو منتشر کنن بعد فارس تکذیب کنه و در کمال تعجب خبر درست واسه فارس باشه!
واقعاً دنیای عجیبیه",0,0,0,https://x.com/Shobinnn/status/2019196995374915710,"کی فکرش رو میکرد یه‌زمانی آکسیوس و رویترز یه خبری رو منتشر کنن بعد فارس تکذیب کنه و در کمال تعجب خبر درست واسه فارس باشه!
واقعاً دنیای عجیبیه","Who would have thought that one day Axios and Reuters would publish a news, then Fars would deny it, and surprisingly, the news would be true for Fars!
It's really a strange world"
2019130576918454410,adameaval,2026-02-04 19:26:57.826000+00:00,"باز ما به لبه قطع اینترنت نزدیک شدیم.
به امید اینکه اگه بعد از قطعی برگشتیم این‌بار واقعا با حال بهتری باشه.",0,0,0,https://x.com/adameaval/status/2019130576918454410,"باز ما به لبه قطع اینترنت نزدیک شدیم.
به امید اینکه اگه بعد از قطعی برگشتیم این‌بار واقعا با حال بهتری باشه.","Again, we are close to the edge of the Internet.
Hopefully, if we come back after the outage, this time he will be in a better mood."
2019124166482362527,adameaval,2026-02-04 19:01:29.459000+00:00,شرح حال,0,0,0,https://x.com/adameaval/status/2019124166482362527,شرح حال,Explain the situation
2019043642472878287,adameaval,2026-02-04 13:41:31.039000+00:00,دوستان من خیلی نیاز دارم احساس مفید بودن بکنم در این شرایط. لذا به سه نفر به قید قرعه به صورت رایگان فرانسه میخوام اموزش بدم. هفته ای دوساعت. هرکی میخواد دایرکت بده.,0,0,0,https://x.com/gh_ei721/status/2019043642472878287,دوستان من خیلی نیاز دارم احساس مفید بودن بکنم در این شرایط. لذا به سه نفر به قید قرعه به صورت رایگان فرانسه میخوام اموزش بدم. هفته ای دوساعت. هرکی میخواد دایرکت بده.,"My friends, I really need to feel useful in this situation. Therefore, I want to teach French for free to three people by lottery. Two hours a week. Anyone who wants to direct."
2019002561265803409,adameaval,2026-02-04 10:58:16.516000+00:00,ما در نقطه‌ای از تاریخ هستیم که می‌دونیم این جمله دقیقا به چی اشاره داره!,0,0,0,https://x.com/adameaval/status/2019002561265803409,ما در نقطه‌ای از تاریخ هستیم که می‌دونیم این جمله دقیقا به چی اشاره داره!,We are at a point in history where we know exactly what this sentence refers to!
2018950237159575824,adameaval,2026-02-04 07:30:21.477000+00:00,الهی بمیرم برای خودمون که باید حواسمون به اینهمه چیز باشه؛ خون‌های ریخته پایمال نشه، بازداشتی‌ها فراموش نشن، اخبار جعلی پخش نشه، به هم فحاشی نکنیم، کس یا کسانی هشتگ‌ها، اعتراضات خارج و.. رو منحرف نکنند، بچه‌ها آسیب روانی نبینند، کسب‌وکارها فلج نشن، اینترنت قطع نشه و..,0,0,0,https://x.com/adameaval/status/2018950237159575824,الهی بمیرم برای خودمون که باید حواسمون به اینهمه چیز باشه؛ خون‌های ریخته پایمال نشه، بازداشتی‌ها فراموش نشن، اخبار جعلی پخش نشه، به هم فحاشی نکنیم، کس یا کسانی هشتگ‌ها، اعتراضات خارج و.. رو منحرف نکنند، بچه‌ها آسیب روانی نبینند، کسب‌وکارها فلج نشن، اینترنت قطع نشه و..,"Oh God, let me die for ourselves, who should be aware of so many things; Don't trample on spilled blood, don't forget the detainees, don't spread fake news, don't insult each other, don't divert hashtags, external protests, etc., don't let children get psychologically harmed, don't paralyze businesses, don't shut down the internet, etc."
2018764079020626130,adameaval,2026-02-03 19:10:37.918000+00:00,"#سعید_سوزنگر  جزو معدود آدماییه که از روزی که شناختمش جز خوبی ازش ندیدم
آدمی که بی دلیل و بدون چشم‌داشت خوب بود 
آدمی که بدون ترس پرید وسط ماجرای پدوفیلی ها و شد صدای اونایی که صداشون به جایی نمی‌رسید
امروز باند های پدوفیلی خوشحالن و کمی آسوده تر چون سعید در بنده و اون‌ها آزاد...",0,0,0,https://x.com/AmirFouladvand/status/2018764079020626130,"#سعید_سوزنگر  جزو معدود آدماییه که از روزی که شناختمش جز خوبی ازش ندیدم
آدمی که بی دلیل و بدون چشم‌داشت خوب بود 
آدمی که بدون ترس پرید وسط ماجرای پدوفیلی ها و شد صدای اونایی که صداشون به جایی نمی‌رسید
امروز باند های پدوفیلی خوشحالن و کمی آسوده تر چون سعید در بنده و اون‌ها آزاد...","#Saeed Suzangar is one of the few people that I have seen nothing but good things from the day I met him
A person who was good without reason and without eyes 
A person who fearlessly jumped in the middle of the story of pedophiles and became the voice of those whose voices did not reach anywhere
Today, the pedophile gangs are happy and a little more relaxed because Saeed is free and they are free..."
2018593958906282008,adameaval,2026-02-03 07:54:38.122000+00:00,"از دوستانی که کمک می‌کنند ممنونم فقط آزادش بالای پنجاه شصت میلیون می‌شه من وسعم نمی‌رسه ندارم بدم..
لطفا اگر کسی کمتر حساب می‌کنه بهم بگید ازتون ممنونم
رمیکید هلندی چهار عدد",0,0,0,https://x.com/isunnyflower/status/2018593958906282008,"از دوستانی که کمک می‌کنند ممنونم فقط آزادش بالای پنجاه شصت میلیون می‌شه من وسعم نمی‌رسه ندارم بدم..
لطفا اگر کسی کمتر حساب می‌کنه بهم بگید ازتون ممنونم
رمیکید هلندی چهار عدد","I am grateful to my friends who help me, but it will be more than 50-60 million, I can't afford it.
Please tell me if someone counts less, thank you
Four Dutch Remikids"
1959562642290360631,adameaval,2025-08-24 10:25:15.492000+00:00,از من کیک و کوکی بخرید.,0,0,0,https://x.com/yegharibam/status/1959562642290360631,از من کیک و کوکی بخرید.,Buy me cakes and cookies.
2018461908668764363,adameaval,2026-02-02 23:09:54.892000+00:00,"اینستا میری دو دیقه بیشتر دووم نمیاری از بس عکس و ویدیو جاویدنامها هستش، میای بیرون میری توییتر اخبار، تحلیلا و حرفای ترامپ مغزتو میگاد، میای بیرون میری تلگرام فیک نیوزها مغزتو میگان..
همه‌چیو میبندی میری تو کانون سرد خانواده و دوستان، افسردگی و ناامیدی به مغرت تجاوز میکنه..‌",0,0,0,https://x.com/JJT0JI/status/2018461908668764363,"اینستا میری دو دیقه بیشتر دووم نمیاری از بس عکس و ویدیو جاویدنامها هستش، میای بیرون میری توییتر اخبار، تحلیلا و حرفای ترامپ مغزتو میگاد، میای بیرون میری تلگرام فیک نیوزها مغزتو میگان..
همه‌چیو میبندی میری تو کانون سرد خانواده و دوستان، افسردگی و ناامیدی به مغرت تجاوز میکنه..‌","You go to Insta, you won't last more than two minutes, there are enough pictures and videos, you are going out, Twitter is going to eat your brain, Trump's news, analysis and words are going to eat your brain, you are going to go out, Telegram fake news is going to eat your brain..
You close everything, go to the cold center of family and friends, depression and despair invade your heart..."
2018640059252260890,adameaval,2026-02-03 10:57:49.301000+00:00,بچه ها شما هر محصولی که لازم دارید من میتونم از رشت براتون تهیه کنم و ارسال کنم،با توجه به نوسان قیمت،قیمت روز رو برای هر محصول اعلام میکنم،ولی من بیشتر از گذشته نیاز دارم که کار کنم،سفارش پخت آش و غذا هم قبول میکنم،شما بخون کار ولی استیصال رو از جملاتم درک کن,0,0,0,https://x.com/SheidaeeNa40202/status/2018640059252260890,بچه ها شما هر محصولی که لازم دارید من میتونم از رشت براتون تهیه کنم و ارسال کنم،با توجه به نوسان قیمت،قیمت روز رو برای هر محصول اعلام میکنم،ولی من بیشتر از گذشته نیاز دارم که کار کنم،سفارش پخت آش و غذا هم قبول میکنم،شما بخون کار ولی استیصال رو از جملاتم درک کن,"Guys, I can get any product you need from Rasht and send it to you. Considering the price fluctuations, I will announce the daily price for each product, but I need to work more than before. I also accept cooking orders."
2018612948382499190,adameaval,2026-02-03 09:10:05.566000+00:00,"رفقای عزیز
من دسترسی به دایرکتم ندارم و قفل شده
اگر کار تاسیساتی، بازسازی و ... دارید شماره تلفن و آیدی تلگرام توی بیو/بایو پروفایلم گذاشتم",0,0,0,https://x.com/amunima/status/2018612948382499190,"رفقای عزیز
من دسترسی به دایرکتم ندارم و قفل شده
اگر کار تاسیساتی، بازسازی و ... دارید شماره تلفن و آیدی تلگرام توی بیو/بایو پروفایلم گذاشتم","dear friends
I do not have access to my directory and it is locked
If you have installation work, renovation, etc., I put the phone number and Telegram ID in my bio/profile"
2016863572286980098,adameaval,2026-01-29 13:18:41.803000+00:00,"من رسما بیکار شدم؛
 تمام کلاسام آنلاینن، ۵نفر از زبان آموزام کلاساشونو کنسل کردن
 و آنلاینشاپمم که خب خوابیده!

آلمانی درس میدم و شاپ لباس زیر دارم
Instagram.com/lebaszirkf",0,0,0,https://x.com/Kukimuki02/status/2016863572286980098,"من رسما بیکار شدم؛
 تمام کلاسام آنلاینن، ۵نفر از زبان آموزام کلاساشونو کنسل کردن
 و آنلاینشاپمم که خب خوابیده!

آلمانی درس میدم و شاپ لباس زیر دارم
Instagram.com/lebaszirkf","I am officially unemployed;
 All my classes are online, 5 of my language learners canceled their classes
 And my online shop is sleeping!

I teach German and have an underwear shop
Instagram.com/lebaszirkf"
2018314108127363359,adameaval,2026-02-02 13:22:36.497000+00:00,"سلام
بچه‌ها اگر کسی سایت خواست من حاضرم با پایینترین قیمت ممکن که اصلا باورتون نشه براتون با وردپرس ، قالب اختصاصی و سئو کامل درست کنم. بهم دایرکت بزنید.",0,0,0,https://x.com/Alish8263/status/2018314108127363359,"سلام
بچه‌ها اگر کسی سایت خواست من حاضرم با پایینترین قیمت ممکن که اصلا باورتون نشه براتون با وردپرس ، قالب اختصاصی و سئو کامل درست کنم. بهم دایرکت بزنید.","hello
Guys, if anyone wants a site, I am ready to create a custom template and complete SEO for you with WordPress at the lowest possible price that you will not believe. direct me"
2018462535314481170,adameaval,2026-02-02 23:12:24.296000+00:00,"خاک بر سرت مهدی یزدانی خرم 
خاک بر سرت
خاااااک بر سرت.
فقط و فقط خاک بر سرت که یه عمره می‌نویسی و حالا کلمه مجعول «بی‌جان شدگان» از دهانت درمیاد...
خاک بر سرت.",0,0,0,https://x.com/adameaval/status/2018462535314481170,"خاک بر سرت مهدی یزدانی خرم 
خاک بر سرت
خاااااک بر سرت.
فقط و فقط خاک بر سرت که یه عمره می‌نویسی و حالا کلمه مجعول «بی‌جان شدگان» از دهانت درمیاد...
خاک بر سرت.","Rest in peace Mehdi Yazdani Khorram 
dust on your head
Shame on you.
Just dust on your head for writing an Umrah and now the fake word ""the dead"" comes out of your mouth...
dust on your head"
2018270651497230822,adameaval,2026-02-02 10:29:55.629000+00:00,"عزیزم، جانم، ...
از نقطه و پرانتز درست استفاده کن. 
این علائم کاملاً بر اساس صورت و به خصوص لب و چشم انسان درست شده و ریشه چند هزار ساله داره. چیزی نیست که بخوای با لجبازی، من‌درآوردیش کنی. 
انحنای پرانتز به سمت داخل و نقطه‌ها، شکل لبخند رو نشون می‌ده. برعکسش معنی غم داره.",0,0,0,https://x.com/homayoun7351/status/2018270651497230822,"عزیزم، جانم، ...
از نقطه و پرانتز درست استفاده کن. 
این علائم کاملاً بر اساس صورت و به خصوص لب و چشم انسان درست شده و ریشه چند هزار ساله داره. چیزی نیست که بخوای با لجبازی، من‌درآوردیش کنی. 
انحنای پرانتز به سمت داخل و نقطه‌ها، شکل لبخند رو نشون می‌ده. برعکسش معنی غم داره.","my dear, my dear...
Use periods and parentheses correctly. 
These signs are completely based on the human face, especially the lips and eyes, and have thousands of years of roots. It's not something that you want to do with stubbornness. 
The curve of the brackets inwards and the points show the shape of a smile. On the contrary, it means sadness."
2018008267520143560,adameaval,2026-02-01 17:07:18.414000+00:00,"بچه ها من این قرص رو نیاز دارم هیچ‌جا ندارن چون جدیده هنوز توزیع نشده جایی زیاد 
میتونین کمک کنید ؟",0,0,0,https://x.com/daryadenix/status/2018008267520143560,"بچه ها من این قرص رو نیاز دارم هیچ‌جا ندارن چون جدیده هنوز توزیع نشده جایی زیاد 
میتونین کمک کنید ؟","Guys, I need this pill, they don't have it anywhere because it's new, it hasn't been distributed yet 
can you help"
2018265087987929217,adameaval,2026-02-02 10:07:49.185000+00:00,ما دوباره کلاس طراحی و نقاشی رو شروع کردیم، شاید تحمل غم این روزها رو آسون‌تر کنه.,0,0,0,https://x.com/SaloomehPezeshk/status/2018265087987929217,ما دوباره کلاس طراحی و نقاشی رو شروع کردیم، شاید تحمل غم این روزها رو آسون‌تر کنه.,"We started the drawing and painting class again, maybe it will make it easier to bear the sadness these days."
2018251465970659630,adameaval,2026-02-02 09:13:41.443000+00:00,اوضاع یه طوریه که روزنامه قدس درست‌تر از پیام ما و سازندگی کار می‌کنه!,0,0,0,https://x.com/adameaval/status/2018251465970659630,اوضاع یه طوریه که روزنامه قدس درست‌تر از پیام ما و سازندگی کار می‌کنه!,The situation is such that Quds newspaper works more correctly than our message and construction!
2018198774246408307,adameaval,2026-02-02 05:44:18.757000+00:00,"بعد از یک ماه سکوت از سوراخ در اومدین به برنامه صدا و سیما که سگ هم تماشاش نمی‌کنه گیر بدین و فاز مبارز بردارین و تصور کنید وظیفه مبارزاتیتون رو انجام دادین؟
تهوع آورید…",0,0,0,https://x.com/joyfulbedbug/status/2018198774246408307,"بعد از یک ماه سکوت از سوراخ در اومدین به برنامه صدا و سیما که سگ هم تماشاش نمی‌کنه گیر بدین و فاز مبارز بردارین و تصور کنید وظیفه مبارزاتیتون رو انجام دادین؟
تهوع آورید…","After a month of silence, did you come out of the hole, get stuck on a radio program that even a dog doesn't watch and take the fighter phase and imagine that you have done your fighting duty?
Get sick…"
2018089746082202025,adameaval,2026-02-01 22:31:04.417000+00:00,"چرا رسانه ها شجاعت و‌ مقاومت دانشجویان رو پوشش نمیدن ؟؟؟؟؟؟  
#دانشجو_میمیرد_ذلت_نمیپذیرد",0,0,0,https://x.com/BaharAtish/status/2018089746082202025,"چرا رسانه ها شجاعت و‌ مقاومت دانشجویان رو پوشش نمیدن ؟؟؟؟؟؟  
#دانشجو_میمیرد_ذلت_نمیپذیرد","Why don't the media cover the bravery and resistance of the students??????  
#Student_dies_does_not_accept_humiliation"
2018202708558188755,adameaval,2026-02-02 05:59:56.770000+00:00,"یه مجری دست دهم از یه برنامه‌ بی‌نام و نشان از یه شبکه که کمترین بیننده رو داره میاد و یه گه مفت می‌خوره.
 تمام خشم عمومی رو متوجه خودش می‌کنه، دو روز کل رسانه‌ها رو مشغول می‌کنه، سریعا هم خودش و مدیرش عزل می‌شن، رییس بسیج هم می‌ذارن جاش.
 سلبریتی‌ها هم به این اعتراض می‌کنن!
عجب!",0,0,0,https://x.com/adameaval/status/2018202708558188755,"یه مجری دست دهم از یه برنامه‌ بی‌نام و نشان از یه شبکه که کمترین بیننده رو داره میاد و یه گه مفت می‌خوره.
 تمام خشم عمومی رو متوجه خودش می‌کنه، دو روز کل رسانه‌ها رو مشغول می‌کنه، سریعا هم خودش و مدیرش عزل می‌شن، رییس بسیج هم می‌ذارن جاش.
 سلبریتی‌ها هم به این اعتراض می‌کنن!
عجب!","A poor presenter from a nameless program from a network that has the lowest number of viewers comes and eats something for free.
 He directed all the public anger towards himself, occupied the entire media for two days, immediately he and his manager were dismissed, and the head of Basij was replaced.
 Celebrities also object to this!
Wow!"
2018199963776221527,adameaval,2026-02-02 05:49:02.363000+00:00,"متاسفانه این توییت بازخوردهایی گرفت که شدیداً باهاش مخالفم، دقیقا مشکلم با منش این زن خود تخریبی و به سخره گرفتن بدن خودش بود و ابتذال بی حد و حصری که در مثلا شوخی‌هاش داره که خب برخی از واکنش‌ها هم دقیقا از همین جنس بود که من مجبور شدم پاکش کنم.
بگذریم",0,0,0,https://x.com/adameaval/status/2018199963776221527,"متاسفانه این توییت بازخوردهایی گرفت که شدیداً باهاش مخالفم، دقیقا مشکلم با منش این زن خود تخریبی و به سخره گرفتن بدن خودش بود و ابتذال بی حد و حصری که در مثلا شوخی‌هاش داره که خب برخی از واکنش‌ها هم دقیقا از همین جنس بود که من مجبور شدم پاکش کنم.
بگذریم","Unfortunately, this tweet received feedback that I strongly disagree with. My problem with this woman's character was self-destruction and mocking of her own body, and the boundless vulgarity that she has in her jokes.
let's pass"
2018019343959728544,adameaval,2026-02-01 17:51:19.243000+00:00,"بعد از فوت پدرم از همان خاکسپاری هم مجبور به انجام امور روزانه بودم.
بعد از یک هفته به سرکارم هم برگشتم و بعد هم کلاسم و..
اما اگه کسی می‌گفت باید به زندگی عادی برگردی دلم می‌خواست خفه‌اش کنم!
واضحه که زندگی ادامه داره اما وقتی کسی می‌گه انگار سوگ رو بی‌اعتبار می‌کنه.
گفتن نداره",0,0,0,https://x.com/adameaval/status/2018019343959728544,"بعد از فوت پدرم از همان خاکسپاری هم مجبور به انجام امور روزانه بودم.
بعد از یک هفته به سرکارم هم برگشتم و بعد هم کلاسم و..
اما اگه کسی می‌گفت باید به زندگی عادی برگردی دلم می‌خواست خفه‌اش کنم!
واضحه که زندگی ادامه داره اما وقتی کسی می‌گه انگار سوگ رو بی‌اعتبار می‌کنه.
گفتن نداره","After the death of my father, I had to do daily things from the same funeral.
After a week, I returned to my work and then to my class and..
But if someone said that you should go back to normal life, I wanted to strangle him!
It is clear that life goes on, but when someone says that, it seems to invalidate grief.
No need to say"
2017937121906958395,adameaval,2026-02-01 12:24:35.978000+00:00,پیج نقاشی منبع درامدم با خاک یکسان شده نمیدونم چکار کنم دی اکتیو کنم ؟حرفی بزنم میان میبرن ؟رفتم یه استوری بذارم هیچی خیره موندم به گوشی  پاک کردم ...من تا وقتی حرفای مهمتر هست چی میتونم بگم ولی سفارش  نقاشی داشتین ماهستیم,0,0,0,https://x.com/Miinnosh/status/2017937121906958395,پیج نقاشی منبع درامدم با خاک یکسان شده نمیدونم چکار کنم دی اکتیو کنم ؟حرفی بزنم میان میبرن ؟رفتم یه استوری بذارم هیچی خیره موندم به گوشی  پاک کردم ...من تا وقتی حرفای مهمتر هست چی میتونم بگم ولی سفارش  نقاشی داشتین ماهستیم,"The painting page of my source of income has been razed to the ground. I don't know what to do. Should I say something? Will they interrupt? I went to post a story. I stared at nothing and deleted my phone. What can I say until there are more important things to say, but you ordered a painting."
2017995949923020866,adameaval,2026-02-01 16:18:21.670000+00:00,"تو این روزای سخت ، بافتنی شده راه من برای رسیدن به شهریه‌م 
اگه دلتون خواست، #حمایت کنید ",0,0,0,https://x.com/Saeidh79/status/2017995949923020866,"تو این روزای سخت ، بافتنی شده راه من برای رسیدن به شهریه‌م 
اگه دلتون خواست، #حمایت کنید ","In these hard days, my way to reach my tuition is woven 
Support if you want"
2017912782717321516,adameaval,2026-02-01 10:47:53.063000+00:00,من واقعاً زندگی رو دوست داشتم. زندگی کردن رو دوست داشتم. پیگیر بودن، سمج بودن و دنبال کردن چیزهایی که دوست داشتم رو به من حس زنده بودن می‌داد. الان تقریباً نشانه‌ای از آدمی که بودم ندارم. فقط عصبانیم. این چیزی که در من وجود داره فقط به خشم تبدیل می‌شه. به میل برای جویدن خرخره.,0,0,0,https://x.com/AlirezaDjawadi/status/2017912782717321516,من واقعاً زندگی رو دوست داشتم. زندگی کردن رو دوست داشتم. پیگیر بودن، سمج بودن و دنبال کردن چیزهایی که دوست داشتم رو به من حس زنده بودن می‌داد. الان تقریباً نشانه‌ای از آدمی که بودم ندارم. فقط عصبانیم. این چیزی که در من وجود داره فقط به خشم تبدیل می‌شه. به میل برای جویدن خرخره.,"I really loved life. I liked to live. Being persistent, being smart and following the things I loved made me feel alive. Now I have almost no sign of the person I used to be. I'm just angry. This thing in me just turns into anger. Snoring with desire to chew."
2017875454275809341,adameaval,2026-02-01 08:19:33.269000+00:00,"بچه‌ها یادتونه ماتحت مهران غفوریان و اون سیامک انصاری رو سر اون ریدمانشون تو اون مسابقه و به سخره گرفتن نمادهای ایرانی به طور شکیلی پاره کردید.
حالا نوبت این عنچوچک صدا و سیماست که بفهمه با کی طرفه.
کمپین بزنیم هر کاری لازمه بکنیم که به گه خوردن بیفته.",0,0,0,https://x.com/adameaval/status/2017875454275809341,"بچه‌ها یادتونه ماتحت مهران غفوریان و اون سیامک انصاری رو سر اون ریدمانشون تو اون مسابقه و به سخره گرفتن نمادهای ایرانی به طور شکیلی پاره کردید.
حالا نوبت این عنچوچک صدا و سیماست که بفهمه با کی طرفه.
کمپین بزنیم هر کاری لازمه بکنیم که به گه خوردن بیفته.","Guys, you destroyed the memory of Mehran Ghafourian and Siamak Ansari in that competition and mocking Iranian symbols.
Now it's the turn of this small voice and television to find out whose side he is on.
Let's campaign and do whatever it takes to get into trouble."
2017794830282138023,adameaval,2026-02-01 02:59:11.011000+00:00,"بچه ها این توییت واقعا مهمه و ممنون میشم حداقل شیرش کنید 
من ۱۵ تومن بدهی دارم که هرچی سریع تر باید تسویه کنم
گرافیک دیزاینرم و در حال حاضر نیمه وقت و پروژه ایی میتونم کار انجام بدم چون سر کار هم میرم.
ممنون میشم اگه کسی نیاز به گرافیست داره، به من اطلاع بدید.",0,0,0,https://x.com/lilacsiii/status/2017794830282138023,"بچه ها این توییت واقعا مهمه و ممنون میشم حداقل شیرش کنید 
من ۱۵ تومن بدهی دارم که هرچی سریع تر باید تسویه کنم
گرافیک دیزاینرم و در حال حاضر نیمه وقت و پروژه ایی میتونم کار انجام بدم چون سر کار هم میرم.
ممنون میشم اگه کسی نیاز به گرافیست داره، به من اطلاع بدید.","Guys, this tweet is really important and thank you for sharing it at least 
I have a debt of 15 tomans that I need to settle as soon as possible
I am a graphic designer and currently I can do part-time and project work because I also go to work.
Thank you, if anyone needs a graphic designer, let me know."
2017849341659029798,adameaval,2026-02-01 06:35:47.536000+00:00,"تایم لاین من 
هر ایرانی یک ترامپ‌شناس!
و همه اینطوری شروع کردن:
شما ترامپ رو نمی‌شناسید..
واقعا عجیبه.",0,0,0,https://x.com/adameaval/status/2017849341659029798,"تایم لاین من 
هر ایرانی یک ترامپ‌شناس!
و همه اینطوری شروع کردن:
شما ترامپ رو نمی‌شناسید..
واقعا عجیبه.","My timeline 
Every Iranian is a Trump expert!
And it all started like this:
You don't know Trump.
It's really strange."
2017598763972317441,adameaval,2026-01-31 14:00:05.160000+00:00,"دوستان ما برای تیم‌مون به یه #گرافیست نیاز داریم،
که تجربه‌ی چاپ و بسته‌بندی داشته باشه.
خلاقیت هم که حرف اول رو میزنه ولی تجربه‌ی چاپ و بسته‌بندی خیلی مهم‌تره.

لطفا اگر کسی هست که این پیامو میبینه،
رزومه و نمونه‌کارهاش رو تلگرام برام بفرسته 
t.me/pedralizad ",0,0,0,https://x.com/PedramGholizade/status/2017598763972317441,"دوستان ما برای تیم‌مون به یه #گرافیست نیاز داریم،
که تجربه‌ی چاپ و بسته‌بندی داشته باشه.
خلاقیت هم که حرف اول رو میزنه ولی تجربه‌ی چاپ و بسته‌بندی خیلی مهم‌تره.

لطفا اگر کسی هست که این پیامو میبینه،
رزومه و نمونه‌کارهاش رو تلگرام برام بفرسته 
t.me/pedralizad ","Friends, we need a #graphicist for our team.
who has experience in printing and packaging.
Creativity is the first word, but the experience of printing and packaging is much more important.

Please, if anyone sees this message,
Send me your resume and work samples by telegram 
t.me/pedralizad"
2017647621788102942,adameaval,2026-01-31 17:14:13.771000+00:00,"این آدرس سایتشونه
shodgallery.com",0,0,0,https://x.com/adameaval/status/2017647621788102942,"این آدرس سایتشونه
shodgallery.com","This is their website address
shodgallery.com"
2017647783621099655,adameaval,2026-01-31 17:14:52.355000+00:00,#حمایت_از_کسب_و_کارها,0,0,0,https://x.com/adameaval/status/2017647783621099655,#حمایت_از_کسب_و_کارها,#support_of_business_and_works
2017533409560547420,adameaval,2026-01-31 09:40:23.454000+00:00,فکر کنم شروین حاجی‌پور هم همراه صفاریان‌‌پور برنامه داره چون از اونم هیچ خبری نیست.,0,0,0,https://x.com/adameaval/status/2017533409560547420,فکر کنم شروین حاجی‌پور هم همراه صفاریان‌‌پور برنامه داره چون از اونم هیچ خبری نیست.,I think that Shervin Hajipour also has a plan with Safarianpour because there is no news about him.
2017532200908894686,adameaval,2026-01-31 09:35:35.289000+00:00,"یه دوستی دارم هر وقت می‌خواد از داریوش صحبت کنه به دوران اعتیادش اشاره می‌کنه و از واژه «عملی» استفاده می‌کنه.
این حرکت واقعا چرکه و جز نشون داده ضعف گوینده چیزی نیست.
یکی که تمام توانش رو صرف اصلاح و تغییر کرده که نمی‌شه تا ابد محکوم کرد.
فقط درباره داریوش حرف نمی‌زنم.",0,0,0,https://x.com/adameaval/status/2017532200908894686,"یه دوستی دارم هر وقت می‌خواد از داریوش صحبت کنه به دوران اعتیادش اشاره می‌کنه و از واژه «عملی» استفاده می‌کنه.
این حرکت واقعا چرکه و جز نشون داده ضعف گوینده چیزی نیست.
یکی که تمام توانش رو صرف اصلاح و تغییر کرده که نمی‌شه تا ابد محکوم کرد.
فقط درباره داریوش حرف نمی‌زنم.","I have a friend, whenever he wants to talk about Dariush, he mentions his addiction period and uses the word ""practical"".
This move is really disgusting and shows nothing but the speaker's weakness.
One who has spent all his power to reform and change, which cannot be condemned forever.
I'm not just talking about Dariush."
2017530709871583556,adameaval,2026-01-31 09:29:39.798000+00:00,"امروز قشنگ اینطوریم که انگار از شوک فاجعه دراومدم وارد مرحله غم و استیصال شدم.
مغزم اینقدر سنگینه که وزنش رو احساس می‌کنم.
اینقدر خسته‌‌ام که نمی‌تونم جابه‌جا بشم.
کاملا ته کشیدم‌.",0,0,0,https://x.com/adameaval/status/2017530709871583556,"امروز قشنگ اینطوریم که انگار از شوک فاجعه دراومدم وارد مرحله غم و استیصال شدم.
مغزم اینقدر سنگینه که وزنش رو احساس می‌کنم.
اینقدر خسته‌‌ام که نمی‌تونم جابه‌جا بشم.
کاملا ته کشیدم‌.","Today we are beautiful as if I came out of the shock of the disaster and entered the stage of sadness and despair.
My brain is so heavy that I feel its weight.
I'm so tired I can't move.
I was completely exhausted."
2017331928416800951,adameaval,2026-01-30 20:19:46.606000+00:00,"در تایم لاین من نشانه‌هایی از متوسل شدن برخی از کاربران به روشهای عجیب و غریبه.
از باور به شرط‌بندی تا جادو و جادوگری..
 هشدار خطر جدی دچار شدن به زوال عقل و خرد لازمه!",0,0,0,https://x.com/adameaval/status/2017331928416800951,"در تایم لاین من نشانه‌هایی از متوسل شدن برخی از کاربران به روشهای عجیب و غریبه.
از باور به شرط‌بندی تا جادو و جادوگری..
 هشدار خطر جدی دچار شدن به زوال عقل و خرد لازمه!","In my timeline, there are signs of some users resorting to strange methods.
From belief to betting to magic and sorcery..
 Warning of serious risk of dementia and wisdom is necessary!"
2017323228952170643,adameaval,2026-01-30 19:45:12.492000+00:00,"همینطوری بی‌خودی یهو یاد سیاوش صفاریان‌‌پور افتادم.
در سکوت کامله دیگه درسته؟",0,0,0,https://x.com/adameaval/status/2017323228952170643,"همینطوری بی‌خودی یهو یاد سیاوش صفاریان‌‌پور افتادم.
در سکوت کامله دیگه درسته؟","In the same way, I remembered Siavash Safarianpour.
In complete silence, right?"
2017298095327854677,adameaval,2026-01-30 18:05:20.169000+00:00,"این رفتار کاربران توییتر برای تاییدیه گرفتن اخبار از گروک هم برام جالبه، دیگه همه تقریبا آشنا شدن با  صحت‌سنجی خبر و به نظر من در فضای مجازی تغییر معنی‌داری  به موضع‌گیری سریع نسبت به اخبار اتفاق افتاده.
و این اتفاق مثبتیه.",0,0,0,https://x.com/adameaval/status/2017298095327854677,"این رفتار کاربران توییتر برای تاییدیه گرفتن اخبار از گروک هم برام جالبه، دیگه همه تقریبا آشنا شدن با  صحت‌سنجی خبر و به نظر من در فضای مجازی تغییر معنی‌داری  به موضع‌گیری سریع نسبت به اخبار اتفاق افتاده.
و این اتفاق مثبتیه.","This behavior of Twitter users to get confirmation of news from Grok is also interesting to me, almost everyone is now familiar with the verification of news and in my opinion, a significant change has taken place in the virtual space to take a quick stance towards news.
And this is a positive thing."
2016214960657883366,adameaval,2026-01-27 18:21:20.740000+00:00,"من متاسفم که تو این شرایط همچین توییتی میزنم ولی خب باید بگم فکر میکنم کارهام مناسب خرید و حتی تبلیغ این زمان نیست ولی برای اینکه استدیویی که مدت ها براش زحمت کشیدم از دست ندم جویای کارم 
من تصویر گر و طراح کاراکتر هستم و تحصیلاتم گرافیک بوده ، اگر مهارتم برای شما یا اشناهاتون به",0,0,0,https://x.com/fatemahza/status/2016214960657883366,"من متاسفم که تو این شرایط همچین توییتی میزنم ولی خب باید بگم فکر میکنم کارهام مناسب خرید و حتی تبلیغ این زمان نیست ولی برای اینکه استدیویی که مدت ها براش زحمت کشیدم از دست ندم جویای کارم 
من تصویر گر و طراح کاراکتر هستم و تحصیلاتم گرافیک بوده ، اگر مهارتم برای شما یا اشناهاتون به","I'm sorry to tweet in this situation, but I have to say that I think my job is not suitable for buying or even advertising at this time, but I'm looking for a job so that I don't lose the studio that I've worked so hard for. 
I am an illustrator and character designer and my education was graphic, if my skills are for you or your acquaintances"
2017238183012860076,adameaval,2026-01-30 14:07:15.960000+00:00,"وقتی کلا با عقل خداحافظی کرده و به زبان دیوانگان حرف می‌زنید!
شواهد تاریخی نشون داده بین ۵ هزار تا ۳ هزار سال قبل از میلاد در مصر باستان شغل آرایشگری وجود داشته.
واقعا عجیبه 
x.com/CallYOnYourBS/
…",0,0,0,https://x.com/adameaval/status/2017238183012860076,"وقتی کلا با عقل خداحافظی کرده و به زبان دیوانگان حرف می‌زنید!
شواهد تاریخی نشون داده بین ۵ هزار تا ۳ هزار سال قبل از میلاد در مصر باستان شغل آرایشگری وجود داشته.
واقعا عجیبه 
x.com/CallYOnYourBS/
…","When you say goodbye to reason and speak in the language of madmen!
Historical evidence shows that between 5,000 and 3,000 years BC in ancient Egypt, there was a barber job.
It's really strange 
x.com/CallYOnYourBS/
…"
2017219955570196873,adameaval,2026-01-30 12:54:50.199000+00:00,#حمابت_از_کسب_و_کارها,0,0,0,https://x.com/adameaval/status/2017219955570196873,#حمابت_از_کسب_و_کارها,#Hamabat_from_business_and_work
2017150366970782199,adameaval,2026-01-30 08:18:18.984000+00:00,"“You can’t build trust without telling the truth.”
این جمله از کتاب صراحت تمام عیاره.
درسته که اون کتاب درباره رفتار مدیران  نوشته شده اما در دل خودش واقعیت مهمی رو مطرح می‌کنه.
مقایسه امیر خادم و بندری از همینجا میاد.
یکی با صراحت تمام‌عیار حرف می‌زنه و یکی نوارخالی پر می‌کنه.",0,0,0,https://x.com/adameaval/status/2017150366970782199,"“You can’t build trust without telling the truth.”
این جمله از کتاب صراحت تمام عیاره.
درسته که اون کتاب درباره رفتار مدیران  نوشته شده اما در دل خودش واقعیت مهمی رو مطرح می‌کنه.
مقایسه امیر خادم و بندری از همینجا میاد.
یکی با صراحت تمام‌عیار حرف می‌زنه و یکی نوارخالی پر می‌کنه.","""You can't build trust without telling the truth.""
This sentence is from the book Sarhat Tamam Ayyara.
It is true that the book is written about the behavior of managers, but in its heart it raises an important fact.
The comparison between Amir Khadim and Bandari comes from here.
One speaks with full frankness and the other fills in the blanks."
2016953894270632157,adameaval,2026-01-29 19:17:36.242000+00:00,خواهشاً روی ویدئوهای بچه‌هامون صدای نحس چاووشی رو نذارید؛  این صدا  نماینده‌ی ما نیست.,0,0,0,https://x.com/Cheguevara_Amir/status/2016953894270632157,خواهشاً روی ویدئوهای بچه‌هامون صدای نحس چاووشی رو نذارید؛  این صدا  نماینده‌ی ما نیست.,Please don't use the sound of Chavoshi's moaning on our children's videos;  This voice does not represent us.
2017017274746417228,adameaval,2026-01-29 23:29:27.325000+00:00,"خب یک شب دیگر در بیداری در حال سپری شدنه.
احتمالا خیلی‌ها همینند.
من که نه کوله درست کردم نه هیچ‌چیزی آماده کردم.
واقعا این کوله درست کردن و جمع کردن وسایل و اینا هم بهم شدیدا استرس می‌ده.",0,0,0,https://x.com/adameaval/status/2017017274746417228,"خب یک شب دیگر در بیداری در حال سپری شدنه.
احتمالا خیلی‌ها همینند.
من که نه کوله درست کردم نه هیچ‌چیزی آماده کردم.
واقعا این کوله درست کردن و جمع کردن وسایل و اینا هم بهم شدیدا استرس می‌ده.","Well, another night is being spent awake.
Probably many are.
I neither made a bag nor prepared anything.
Really, making this bag and collecting things and all this is really stressing me out."
2016916760650211433,adameaval,2026-01-29 16:50:02.897000+00:00,"تو همه این سالها خیلی به حرکتهای اعتراضی ایرانیان خارج از کشور انتقاد شد، خیلی‌هاش هم به حق بود اما این‌بار واقعا هر چی ما اینجا دیدیم یک‌دلی و همدلی بود.
واقعا همه هر چی داشتن گذاشتن وسط‌.
آقا، خانم فرنگ‌نشین دمت گرم.",0,0,0,https://x.com/adameaval/status/2016916760650211433,"تو همه این سالها خیلی به حرکتهای اعتراضی ایرانیان خارج از کشور انتقاد شد، خیلی‌هاش هم به حق بود اما این‌بار واقعا هر چی ما اینجا دیدیم یک‌دلی و همدلی بود.
واقعا همه هر چی داشتن گذاشتن وسط‌.
آقا، خانم فرنگ‌نشین دمت گرم.","In all these years, the protest movements of Iranians abroad were criticized a lot, many of them were right, but this time, everything we saw here was one-heartedness and empathy.
Really put everything in the middle.
Sir, Mrs. Farangneshin, you are warm."
2016889443861377470,adameaval,2026-01-29 15:01:30.067000+00:00,"واقعا این اصطلاح املاکی اندازه اصطلاح مهندس چسبید.
خداییش خیلی خلاقید.",0,0,0,https://x.com/adameaval/status/2016889443861377470,"واقعا این اصطلاح املاکی اندازه اصطلاح مهندس چسبید.
خداییش خیلی خلاقید.","Really, this real estate term stuck as much as the term engineer.
God, you are very creative."
2016883601959256181,adameaval,2026-01-29 14:38:17.249000+00:00,#حمایت_از_کسب_و_کارها,0,0,0,https://x.com/adameaval/status/2016883601959256181,#حمایت_از_کسب_و_کارها,#support_of_business_and_works
2016813305537380363,adameaval,2026-01-29 09:58:57.276000+00:00,"تمام اینستاگرام رو زیر و رو کردم و فقط یک پست با ۴ لایک که شخصی نوشته بود نذارید گمنام بمونه، این عزیز دل ما بود. خانواده‌ش روی آگهیش نوشتن هدیه شد به میهن.
فقط ۱۹ سال داشت و توی نارمک با شلیک مستقیم گلوله به سرش کشته شد.

جاویدنام ستاره رفیعی، ۱۹ دی، تهران
#جاویدشاه",0,0,0,https://x.com/Hashshaashin/status/2016813305537380363,"تمام اینستاگرام رو زیر و رو کردم و فقط یک پست با ۴ لایک که شخصی نوشته بود نذارید گمنام بمونه، این عزیز دل ما بود. خانواده‌ش روی آگهیش نوشتن هدیه شد به میهن.
فقط ۱۹ سال داشت و توی نارمک با شلیک مستقیم گلوله به سرش کشته شد.

جاویدنام ستاره رفیعی، ۱۹ دی، تهران
#جاویدشاه","I searched all over Instagram and only one post with 4 likes was written by someone, don't let it remain anonymous, this was dear to our hearts. His family wrote on his ad as a gift to the country.
He was only 19 years old and was killed by a direct shot to the head in Narmak.

Javednam Setare Rafiei, 19th of December, Tehran
#javidshah"
2016726176262164716,adameaval,2026-01-29 04:12:44.038000+00:00,"من پرستارم و بخیه، پانسمان، وصل سرم، مشاوره آنلاین و... #رایگان برای نیازمندان انجام میدم.
#ريتوييت_لطفا",0,0,0,https://x.com/prn_diary/status/2016726176262164716,"من پرستارم و بخیه، پانسمان، وصل سرم، مشاوره آنلاین و... #رایگان برای نیازمندان انجام میدم.
#ريتوييت_لطفا","I am a nurse and I do stitches, bandages, head dressings, online counseling and... #free for the needy.
#retweet_please"
2016768291365101833,adameaval,2026-01-29 07:00:05.061000+00:00,این قرص متوهگزال ۲۳.۷۵ رو برای قلب مادرم است پیدا نمی کنیم، ممنون میشم ریتوئیت کنید. شاید کسی بتونه کمک کنه,0,0,0,https://x.com/Ostureh313/status/2016768291365101833,این قرص متوهگزال ۲۳.۷۵ رو برای قلب مادرم است پیدا نمی کنیم، ممنون میشم ریتوئیت کنید. شاید کسی بتونه کمک کنه,"This methohexal pill 23.75 is for my mother's heart, we can't find it, thank you for retweeting. Maybe someone can help"
2016855278675722284,adameaval,2026-01-29 12:45:44.452000+00:00,"درست‌ترین تحلیلی که از حرفهای علی بندری دیدم.
دقیقا مسئله همین است بی‌موضع بودن، بی‌معنی و بی‌اعتبار است.
وسط‌بازی دقیقا کاریه که علی بندری کرده.",0,0,0,https://x.com/adameaval/status/2016855278675722284,"درست‌ترین تحلیلی که از حرفهای علی بندری دیدم.
دقیقا مسئله همین است بی‌موضع بودن، بی‌معنی و بی‌اعتبار است.
وسط‌بازی دقیقا کاریه که علی بندری کرده.","The most accurate analysis I saw of Ali Bandari's words.
That's exactly the problem, being out of place is meaningless and invalid.
Midfielder is exactly what Ali Bandari did."
2016776796138619048,adameaval,2026-01-29 07:33:52.757000+00:00,اگه به خاطر شرایط اینترنت یا وضعیت موجود تو کارت ضرر کردی یا چیزی قرار بوده بخری که با افزایشا نشده ، بهم پیام بده تا جایی که بتونیم سریع در حد توانمون کمکتون کنیم,0,0,0,https://x.com/pl_iman/status/2016776796138619048,اگه به خاطر شرایط اینترنت یا وضعیت موجود تو کارت ضرر کردی یا چیزی قرار بوده بخری که با افزایشا نشده ، بهم پیام بده تا جایی که بتونیم سریع در حد توانمون کمکتون کنیم,"If you have lost money due to internet conditions or the current status of your card, or you were supposed to buy something that didn't work out, send me a message so that we can help you as quickly as possible."
2016563065689411586,adameaval,2026-01-28 17:24:35.447000+00:00,"این افرادی که دوره افتادن از خوشگلی کشته شده ها و تحصیلات و دستاوردا و غیره میگن و سعی دارن یه سری افراد رو فقط بولد کنن هدفشون چیه؟
ما از جنوب شهر تهران تا شمال تهران، از محروم ترین مناطق، کوچک ترین شهرها تا شهرای بزرگ کشته دادیم. از همه قشر، همه مدل چهره و ظاهر.
#IranMassacare",0,0,0,https://x.com/Xanthippe_X/status/2016563065689411586,"این افرادی که دوره افتادن از خوشگلی کشته شده ها و تحصیلات و دستاوردا و غیره میگن و سعی دارن یه سری افراد رو فقط بولد کنن هدفشون چیه؟
ما از جنوب شهر تهران تا شمال تهران، از محروم ترین مناطق، کوچک ترین شهرها تا شهرای بزرگ کشته دادیم. از همه قشر، همه مدل چهره و ظاهر.
#IranMassacare","What is the purpose of these people who say that the age of the dead is lost due to the beauty, education, achievements, etc. and are trying to make some people bold?
We killed from the south of Tehran to the north of Tehran, from the most deprived areas, from the smallest towns to the big cities. From all walks of life, all face models and looks.
#IranMassacare"
2016835298672447771,adameaval,2026-01-29 11:26:20.848000+00:00,"چقدر هم که قشنگن.

#حمایت_از_کسب_و_کارها",0,0,0,https://x.com/adameaval/status/2016835298672447771,"چقدر هم که قشنگن.

#حمایت_از_کسب_و_کارها","No matter how beautiful they are.

#support_of_business_and_works"
2016761549617037822,adameaval,2026-01-29 06:33:17.703000+00:00,چه طفلکی بودم که فکر می‌کردم اون قعر سقوط و بیچارگیه..,0,0,0,https://x.com/adameaval/status/2016761549617037822,چه طفلکی بودم که فکر می‌کردم اون قعر سقوط و بیچارگیه..,What a child I was when I thought that it was the bottom of the fall and poverty..
2016565353585713469,adameaval,2026-01-28 17:33:40.924000+00:00,بچه ها جون اگه قصد خرید برنج و چای دارید حتی به مقدار کم میشه لطفا از من خرید کنید؟من همه ی تلاشم رو میکنم بتونم برنج قیمت مناسب پیدا کنم،قیمت امروز برنج خرید مستقیم از کشاورز کیلویی ۴۵۰ تومنه.,0,0,0,https://x.com/SheidaeeNa40202/status/2016565353585713469,بچه ها جون اگه قصد خرید برنج و چای دارید حتی به مقدار کم میشه لطفا از من خرید کنید؟من همه ی تلاشم رو میکنم بتونم برنج قیمت مناسب پیدا کنم،قیمت امروز برنج خرید مستقیم از کشاورز کیلویی ۴۵۰ تومنه.,"Guys, if you want to buy rice and tea, even if it is in small quantities, please buy from me? I will try my best to find rice at a reasonable price, today's price of rice purchased directly from the farmer is 450 tomans per kilo."
2016624228502557067,adameaval,2026-01-28 21:27:37.798000+00:00,"من از استرس دارم قالب تهی می‌کنم.
قلبم داره میاد تو دهنم.
انگار دست همه روی ماشه است!",0,0,0,https://x.com/adameaval/status/2016624228502557067,"من از استرس دارم قالب تهی می‌کنم.
قلبم داره میاد تو دهنم.
انگار دست همه روی ماشه است!","I'm dying of stress.
My heart is coming into my mouth.
It seems that everyone's hand is on the trigger!"
2016621414917226684,adameaval,2026-01-28 21:16:26.987000+00:00,"شما هم مثل من به طور بی‌وقفه «سمفونی خرمشهر» تو سرتون در حال پخشه؟!
می‌گن گاهی آثار هنری از خودشون خیلی جلوتر می‌رن، گویا در مورد این اثر صدق می‌کنه.",0,0,0,https://x.com/adameaval/status/2016621414917226684,"شما هم مثل من به طور بی‌وقفه «سمفونی خرمشهر» تو سرتون در حال پخشه؟!
می‌گن گاهی آثار هنری از خودشون خیلی جلوتر می‌رن، گویا در مورد این اثر صدق می‌کنه.","Like me, do you have the ""Khorramshahr Symphony"" playing in your head?!
They say that sometimes works of art go far ahead of themselves, it seems to be the case with this work."
2016483433539584491,adameaval,2026-01-28 12:08:09.663000+00:00,"من یه انلاین شاپ خیلی کوچیک دارم که الان فعالیت نمیکنم ولی عکس کارامو میتونید ببینید و اگر دوست داشتید سفارش بدید قیمت هامم خیلی منصفانه اس
ممنون میشم منم ببینید
من موندم و یه عالمه قسط م بدهی
@yvette.wear2",0,0,0,https://x.com/Mohades85950530/status/2016483433539584491,"من یه انلاین شاپ خیلی کوچیک دارم که الان فعالیت نمیکنم ولی عکس کارامو میتونید ببینید و اگر دوست داشتید سفارش بدید قیمت هامم خیلی منصفانه اس
ممنون میشم منم ببینید
من موندم و یه عالمه قسط م بدهی
@yvette.wear2","I have a very small online shop that I don't operate now, but you can see the photos of my work and if you want to place an order, my prices are very fair.
Thank you for seeing me
I stayed and you pay me a lot
@yvette.wear2"
2016548222546694494,adameaval,2026-01-28 16:25:36.566000+00:00,"لباس عزا به تن مجبور به کاریم 
ما در خراسان جنوبی حوله های دستبافت نخ پنبه تولید میکنیم . اصیل ،سبک نرم و زیبا 
لیست قیمت رو همینجا میذارم در اینستا و تلگرام هم ثبت سفارش داریم (لینک در بیو)",0,0,0,https://x.com/zarinzaferan/status/2016548222546694494,"لباس عزا به تن مجبور به کاریم 
ما در خراسان جنوبی حوله های دستبافت نخ پنبه تولید میکنیم . اصیل ،سبک نرم و زیبا 
لیست قیمت رو همینجا میذارم در اینستا و تلگرام هم ثبت سفارش داریم (لینک در بیو)","We are forced to wear mourning clothes 
We produce handmade cotton towels in South Khorasan. Original, soft and beautiful style 
I will leave the price list here. We also have orders on Instagram and Telegram (link in bio)."
2016489697418129504,adameaval,2026-01-28 12:33:03.088000+00:00,بچه‌ها من شرمندم ولی اگه خواستید برای کسی که کتاب دوسته هدیه بخرید ممنون میشم منو در نظر بگیرید,0,0,0,https://x.com/__Mrbookmark__/status/2016489697418129504,بچه‌ها من شرمندم ولی اگه خواستید برای کسی که کتاب دوسته هدیه بخرید ممنون میشم منو در نظر بگیرید,"Guys, I'm sorry, but if you want to buy a gift for someone who loves books, I'd appreciate it if you consider me"
2016520827680760198,adameaval,2026-01-28 14:36:45.121000+00:00,"بچه‌ها :)
یکمی مسائل مالی به خاطر این شرایط مساعد نیست و بهم گره خورده.
خواستم بگم خواهرم تدریس زبان انگلیسی به صورت  آنلاین انجام میده. اگه احیاناً دنبال کلاس خصوصی باکیفیت هستید، بهم پیام بدید تا معرفی‌تون کنم. ریتوییت شما هم به خواهرم کمک می‌کنه، هم به کسی که دنبال آموزشه‌",0,0,0,https://x.com/_Yasaamiin_/status/2016520827680760198,"بچه‌ها :)
یکمی مسائل مالی به خاطر این شرایط مساعد نیست و بهم گره خورده.
خواستم بگم خواهرم تدریس زبان انگلیسی به صورت  آنلاین انجام میده. اگه احیاناً دنبال کلاس خصوصی باکیفیت هستید، بهم پیام بدید تا معرفی‌تون کنم. ریتوییت شما هم به خواهرم کمک می‌کنه، هم به کسی که دنبال آموزشه‌","guys :)
Some of the financial issues are not favorable due to these conditions and are tied together.
I wanted to say that my sister teaches English online. If you are looking for a high-quality private class, send me a message and I will introduce you. Your retweet will help my sister and someone who is looking for education"
2016475045267452289,adameaval,2026-01-28 11:34:49.743000+00:00,"با تمام خستگی و شرایط سخت که برای هممون هست ما آنلاین شاپ ها محکوم به ادامه هستیم
اختاپوس های پرطرفدار که برای نوزاد خیلی دوست داشتنی و مفیده 
اگه دوسش داشتین ممنون میشم حمایت کنید و سفارش بدید با عشق بافته و ارسال میشه
پیج اینستاگرام کالین بافت  
instagram.com/calinbaft?igsh
…",0,0,0,https://x.com/calinbaft/status/2016475045267452289,"با تمام خستگی و شرایط سخت که برای هممون هست ما آنلاین شاپ ها محکوم به ادامه هستیم
اختاپوس های پرطرفدار که برای نوزاد خیلی دوست داشتنی و مفیده 
اگه دوسش داشتین ممنون میشم حمایت کنید و سفارش بدید با عشق بافته و ارسال میشه
پیج اینستاگرام کالین بافت  
instagram.com/calinbaft?igsh
…","With all the fatigue and difficult conditions for all of us, we online shops are doomed to continue
Popular octopuses that are very lovely and useful for babies 
If you like it, thank you for your support and order. It will be woven and sent with love
Colin Buffett's Instagram page  
instagram.com/calinbaft?igsh
…"
2016478186268143852,adameaval,2026-01-28 11:47:18.616000+00:00,"وسط این همه خبر بد، امروز ایمیل زدن که قراره لی آف بشم، اگر شرکتتون مهندس نرم‌افزار استخدام میکنه و یا کسیو میشناسید که ممکنه بتونه ریفر کنه اینو بفرستید براش.
رزومه منو میشه اینجا پیدا کنید: 
Rwin.uk
ریتوییت کنید ممنون میشم",0,0,0,https://x.com/nivrafa/status/2016478186268143852,"وسط این همه خبر بد، امروز ایمیل زدن که قراره لی آف بشم، اگر شرکتتون مهندس نرم‌افزار استخدام میکنه و یا کسیو میشناسید که ممکنه بتونه ریفر کنه اینو بفرستید براش.
رزومه منو میشه اینجا پیدا کنید: 
Rwin.uk
ریتوییت کنید ممنون میشم","In the midst of all this bad news, I sent an email today that I am going to lay off. If your company is hiring a software engineer or you know someone who might be able to refer you, send this to them.
You can find my resume here: 
Rwin.uk
Thank you for retweeting"
2016347944295805072,adameaval,2026-01-28 03:09:46.510000+00:00,ممنون لطف میکنید ....عکس بچه هاتونم تبدیل به عروسک میکنم ....همه اینا از رو عکس واقعی بافته شده,0,0,0,https://x.com/naaaaa6108/status/2016347944295805072,ممنون لطف میکنید ....عکس بچه هاتونم تبدیل به عروسک میکنم ....همه اینا از رو عکس واقعی بافته شده,Thank you.
2016477818532561392,adameaval,2026-01-28 11:45:50.941000+00:00,"#فوری
اگه نصاب جیرا هستید و یا نصاب جیرا می‌شناسید لطفا حتما به من خبر بدید.
همینجا کامنت بذارید
یا دایرکت بدید.
#ريتوييت_لطفا",0,0,0,https://x.com/adameaval/status/2016477818532561392,"#فوری
اگه نصاب جیرا هستید و یا نصاب جیرا می‌شناسید لطفا حتما به من خبر بدید.
همینجا کامنت بذارید
یا دایرکت بدید.
#ريتوييت_لطفا","# Urgent
If you are a Jira installer or know a Jira installer, please let me know.
Leave a comment here
or direct
#retweet_please"
2016472910890770597,adameaval,2026-01-28 11:26:20.868000+00:00,"تا اطلاع ثانوی من تو این اکانت  با هدف 
#حمایت_از_کسب_و_کارها
فعالیت می‌کنم و منظورم کسب‌وکارهای خانگی و آنلاینیه که در این دوران بیشترین آسیب رو دیدن.
اگه صاحب این کسب و کارها هستید بهم پیام بدید یا همین هشتگ رو استفاده کنید من حتما بازنشر خواهم کرد.",0,0,0,https://x.com/adameaval/status/2016472910890770597,"تا اطلاع ثانوی من تو این اکانت  با هدف 
#حمایت_از_کسب_و_کارها
فعالیت می‌کنم و منظورم کسب‌وکارهای خانگی و آنلاینیه که در این دوران بیشترین آسیب رو دیدن.
اگه صاحب این کسب و کارها هستید بهم پیام بدید یا همین هشتگ رو استفاده کنید من حتما بازنشر خواهم کرد.","Until further notice, I am in this account with a purpose 
#support_of_business_and_works
I work, and I mean home and online businesses, which have suffered the most in this era.
If you are the owner of these businesses, send me a message or use the same hashtag and I will definitely repost."
2016421157591720022,adameaval,2026-01-28 08:00:41.920000+00:00,"سوشال مدیا مارکتری که این روزا از کارش بیکار شده میشناسید؟ معرفی کنید لطفا بهم
#استخدام
#فرصت_شغلی",0,0,0,https://x.com/eynollah_daryai/status/2016421157591720022,"سوشال مدیا مارکتری که این روزا از کارش بیکار شده میشناسید؟ معرفی کنید لطفا بهم
#استخدام
#فرصت_شغلی","Do you know a social media marketer who has lost his job these days? Please introduce me
#Employment
#job_opportunity"
2016168249189150764,adameaval,2026-01-27 15:15:43.858000+00:00,"نزدیکه از یک ماهه درامدمون صفر شده
هنوز حقوق نیروهامون رو نتونستیم کامل بدیم شرمندشون شدیم و دیگه از پس چک و بدهی و قسط و هزینه ها برنمیایم اگر ماگ یا لوازم آشپزخانه لازم داشتید بهمون سر بزنید لطفا بهتون نیاز داریم
instagram.com/reihanly.shop پیجمون
reihanly.shopسایتمون",0,0,0,https://x.com/reiihnzare/status/2016168249189150764,"نزدیکه از یک ماهه درامدمون صفر شده
هنوز حقوق نیروهامون رو نتونستیم کامل بدیم شرمندشون شدیم و دیگه از پس چک و بدهی و قسط و هزینه ها برنمیایم اگر ماگ یا لوازم آشپزخانه لازم داشتید بهمون سر بزنید لطفا بهتون نیاز داریم
instagram.com/reihanly.shop پیجمون
reihanly.shopسایتمون","Our income has been zero for almost a month
We still couldn't pay our soldiers in full, we were ashamed of them, and we can't afford checks, debts, installments, and expenses. If you need mugs or kitchen appliances, please visit us. We need you.
instagram.com/reihanly.shop Our page
reihanly.shop is our site"
2016277485114028278,adameaval,2026-01-27 22:29:47.732000+00:00,سرنوشتمون شبیه پایان پیرپسر شد. همه جوون‌های خونه در راه نابود کردن پیر سگ‌صفت آدم‌خوار پرپر شدن. تو خونه‌ای با درهایی که به همه جهان بسته شده.,0,0,0,https://x.com/Narges_Khaleghi/status/2016277485114028278,سرنوشتمون شبیه پایان پیرپسر شد. همه جوون‌های خونه در راه نابود کردن پیر سگ‌صفت آدم‌خوار پرپر شدن. تو خونه‌ای با درهایی که به همه جهان بسته شده.,Our fate was similar to the end of the old boy. All the young men in the house became full of cannibals on the way to destroy the old dog. You are a house with doors that are closed to the whole world.
2016115616831168891,adameaval,2026-01-27 11:46:35.326000+00:00,"سامانه‌ی #بیمه_بیکاری اداره کار را هک کرده‌اند و کسانی که برای دریافت حقوق بیمه‌ی بیکاری ثبت نام کرده بودند تمام سوابق پرونده‌شان نیست و نابود شده و باید به صورت دستی بروند و دوباره درخواست دهند.
#دولت_الکترونیک",0,0,0,https://x.com/khosrowsb/status/2016115616831168891,"سامانه‌ی #بیمه_بیکاری اداره کار را هک کرده‌اند و کسانی که برای دریافت حقوق بیمه‌ی بیکاری ثبت نام کرده بودند تمام سوابق پرونده‌شان نیست و نابود شده و باید به صورت دستی بروند و دوباره درخواست دهند.
#دولت_الکترونیک","The #unemployment_insurance system of the Labor Department has been hacked, and those who registered to receive unemployment insurance benefits have lost all their file records and have to manually go and apply again.
#electronic_government"
2016197655055966499,adameaval,2026-01-27 17:12:34.763000+00:00,#حمایت_از_کسب_و_کارها,0,0,0,https://x.com/adameaval/status/2016197655055966499,#حمایت_از_کسب_و_کارها,#support_of_business_and_works
2016192815055700075,adameaval,2026-01-27 16:53:20.817000+00:00,"من عاشق دیدن مردمم، همیشه هر وقت دیگه مستأصل می‌شم، می‌زنم بیرون ایستگاه اتوبوسی، مترویی، مرکز خریدی 
.. که فقط مردم رو تماشا کنم و احساس کنم خب جایی بیرون چاردیواری خونه من هنوز زندگی هست...
امروز بعد از ۲۰ روز رفتم به تماشای مردم..
و دیگر هیچ‌جا، مطلقا خبری از زندگی نبود.",0,0,0,https://x.com/adameaval/status/2016192815055700075,"من عاشق دیدن مردمم، همیشه هر وقت دیگه مستأصل می‌شم، می‌زنم بیرون ایستگاه اتوبوسی، مترویی، مرکز خریدی 
.. که فقط مردم رو تماشا کنم و احساس کنم خب جایی بیرون چاردیواری خونه من هنوز زندگی هست...
امروز بعد از ۲۰ روز رفتم به تماشای مردم..
و دیگر هیچ‌جا، مطلقا خبری از زندگی نبود.","I love to see my people, always whenever I'm desperate, I hang out outside the bus station, subway, mall. 
.. to just watch people and feel that there is still life somewhere outside the walls of my house...
Today, after 20 days, I went to see people..
And there was absolutely no life anywhere else."
2015811326929416478,adameaval,2026-01-26 15:37:26.960000+00:00,"بچه‌ها من میدونم الان اصلا شرایط مناسب نیست ولی سه هفته‌اس کارم تعطیله بخاطر قطعی نت. اگه نیاز داشتید برای کسی هدیه بخرید من ممنون میشم از کارهای منم سفارش بدید.
(حمایت و ریتوییت شما کمک بزرگیه به کسب و کاری که تنها منبع درآمد منه) 
Instagram.com/carolwoodcraft",0,0,0,https://x.com/edkemper2991/status/2015811326929416478,"بچه‌ها من میدونم الان اصلا شرایط مناسب نیست ولی سه هفته‌اس کارم تعطیله بخاطر قطعی نت. اگه نیاز داشتید برای کسی هدیه بخرید من ممنون میشم از کارهای منم سفارش بدید.
(حمایت و ریتوییت شما کمک بزرگیه به کسب و کاری که تنها منبع درآمد منه) 
Instagram.com/carolwoodcraft","Guys, I know that the conditions are not good right now, but I have been off work for three weeks because of the internet outage. If you need to buy a gift for someone, I would be grateful if you could order my work.
(Your support and retweet is a great help to my business, which is my only source of income) 
Instagram.com/carolwoodcraft"
2016119570671796277,adameaval,2026-01-27 12:02:17.995000+00:00,اگه به یه باریستا برای کافه نیاز دارید لطفا بهم‌ بگید,0,0,0,https://x.com/Aliosakam/status/2016119570671796277,اگه به یه باریستا برای کافه نیاز دارید لطفا بهم‌ بگید,"If you need a barista for the cafe, please tell me"
2016086033801085222,adameaval,2026-01-27 09:49:02.182000+00:00,"۱۸ روز از قطع اینترنت گذشت و بعیده وصل بشه با این اوضاع 
اوضاع زیاد جالب نیست 
اگه محصولاتم به دردتون میخوره یا خواستید برای کسی هدیه بفرستید این صفحه‌ی منه 
اینستا : recipe.spice
تلگرام : 
t.me/recipe_spice",0,0,0,https://x.com/_amirfekri4/status/2016086033801085222,"۱۸ روز از قطع اینترنت گذشت و بعیده وصل بشه با این اوضاع 
اوضاع زیاد جالب نیست 
اگه محصولاتم به دردتون میخوره یا خواستید برای کسی هدیه بفرستید این صفحه‌ی منه 
اینستا : recipe.spice
تلگرام : 
t.me/recipe_spice","18 days have passed since the internet was cut off and it is unlikely to be connected in this situation 
The situation is not very interesting 
If you like my products or want to send a gift to someone, this is my page 
Insta: recipe.spice
Telegram: 
t.me/recipe_spice"
2016098526334275613,adameaval,2026-01-27 10:38:40.634000+00:00,#حمایت_از_کسب_و_کارها,0,0,0,https://x.com/adameaval/status/2016098526334275613,#حمایت_از_کسب_و_کارها,#support_of_business_and_works
2016043811781124107,adameaval,2026-01-27 07:01:15.668000+00:00,"بچه ها من به کار نیاز دارم. 
بیکاری داره دیوونه م میکنه.
data analyst
data scientists
Ai scientists 
اینا مورد علاقه هام هست و سابقه دارم و بلدم.",0,0,0,https://x.com/fafafaf65390032/status/2016043811781124107,"بچه ها من به کار نیاز دارم. 
بیکاری داره دیوونه م میکنه.
data analyst
data scientists
Ai scientists 
اینا مورد علاقه هام هست و سابقه دارم و بلدم.","Guys, I need work. 
Unemployment is driving me crazy.
data analyst
data scientists
AI scientists 
This is my favorite and I have experience and know it."
2016023886127624683,adameaval,2026-01-27 05:42:05.022000+00:00,#حمایت_از_کسب_و_کارها,0,0,0,https://x.com/adameaval/status/2016023886127624683,#حمایت_از_کسب_و_کارها,#support_of_business_and_works
2015880002559259051,adameaval,2026-01-26 20:10:20.506000+00:00,#حمایت_از_کسب_و_کار,0,0,0,https://x.com/adameaval/status/2015880002559259051,#حمایت_از_کسب_و_کار,#support_of_business_and_work
2015855974892937232,adameaval,2026-01-26 18:34:51.864000+00:00,#حمایت_از_کسب_و_کار,0,0,0,https://x.com/adameaval/status/2015855974892937232,#حمایت_از_کسب_و_کار,#support_of_business_and_work
2015855657010802981,adameaval,2026-01-26 18:33:36.075000+00:00,"مثل همه شما منم دچار فروپاشی روانی‌ام اما با هر محتوایی که پیامش «حال خوب» باشه عمیقا مشکل دارم.
چون لزومی نداره همیشه حالمون خوب باشه، غم، خشم، اضطراب، بی‌حوصلگی و ..‌ هم بخشی از احوالات ما هستند و به همه‌شون نیاز داریم.
الان وقت حال خوب نیست‌‌.",0,0,0,https://x.com/adameaval/status/2015855657010802981,"مثل همه شما منم دچار فروپاشی روانی‌ام اما با هر محتوایی که پیامش «حال خوب» باشه عمیقا مشکل دارم.
چون لزومی نداره همیشه حالمون خوب باشه، غم، خشم، اضطراب، بی‌حوصلگی و ..‌ هم بخشی از احوالات ما هستند و به همه‌شون نیاز داریم.
الان وقت حال خوب نیست‌‌.","Like all of you, I have a mental breakdown, but I have a deep problem with any content that says ""I'm fine"".
Because it is not necessary for us to be in a good mood all the time, sadness, anger, anxiety, boredom, etc. are also part of our conditions and we need them all.
Now is not a good time."
2015788905946026103,adameaval,2026-01-26 14:08:21.381000+00:00,موج سنگین تعدیل نیرو شرکت‌ها، علی الخصوص شرکت‌های فناوری بزودی شروع میشه.,0,0,0,https://x.com/SMoslemi/status/2015788905946026103,موج سنگین تعدیل نیرو شرکت‌ها، علی الخصوص شرکت‌های فناوری بزودی شروع میشه.,"The heavy wave of layoffs in companies, especially technology companies, will begin soon."
2015789721838850114,adameaval,2026-01-26 14:11:35.905000+00:00,دست تک تک کسایی که کمک می‌کنن ما متصل شیم که مثل تجار به فلاکت نیفتیم را می‌بوسم.,0,0,0,https://x.com/neddasamani/status/2015789721838850114,دست تک تک کسایی که کمک می‌کنن ما متصل شیم که مثل تجار به فلاکت نیفتیم را می‌بوسم.,I kiss the hands of each and every person who helps us connect so that we don't fall into misery like the merchants.
2015840980046414069,adameaval,2026-01-26 17:35:16.814000+00:00,#حمایت_از_کسب_و_کار,0,0,0,https://x.com/adameaval/status/2015840980046414069,#حمایت_از_کسب_و_کار,#support_of_business_and_work
2015720685100769555,adameaval,2026-01-26 09:37:16.264000+00:00,"با تمامِ شرمندگی..اگه زیورآلات دستساز نقره و برنج خواستین من براتون میسازم.. rood_jewellery
instagram.com/rood_jewellery
…",0,0,0,https://x.com/dismakani/status/2015720685100769555,"با تمامِ شرمندگی..اگه زیورآلات دستساز نقره و برنج خواستین من براتون میسازم.. rood_jewellery
instagram.com/rood_jewellery
…","With all the shame.. if you want handmade silver and brass jewelry, I will make it for you.. rood_jewellery
instagram.com/rood_jewellery
…"
2015355244524265704,adameaval,2026-01-25 09:25:08.441000+00:00,"اگر لباس بچه نیاز داشتین سایت من فعاله
میتونین ازش خرید کنین",0,0,0,https://x.com/Zhikalkidsshop/status/2015355244524265704,"اگر لباس بچه نیاز داشتین سایت من فعاله
میتونین ازش خرید کنین","If you need baby clothes, my site is active
You can buy from him"
2015748321843831089,adameaval,2026-01-26 11:27:05.377000+00:00," هشدار
سلام عزیزانم
این روزها اگر کسی ازتون رزومه برای کار خواست، تنها در صورتی که با اسم واقعی خودش فعالیت می‌کنه براش رزومه بفرستید. اطلاعات‌تون رو برای هر کسی ارسال نکنید.",0,0,0,https://x.com/saharfamo/status/2015748321843831089," هشدار
سلام عزیزانم
این روزها اگر کسی ازتون رزومه برای کار خواست، تنها در صورتی که با اسم واقعی خودش فعالیت می‌کنه براش رزومه بفرستید. اطلاعات‌تون رو برای هر کسی ارسال نکنید.","warning
Hello my dears
These days, if someone asks you for a resume for a job, send them only if they are working under their real name. Do not send your information to anyone."
2015680083722191056,adameaval,2026-01-26 06:55:56.141000+00:00,"من کارم این مدل هاست توی هر سایز و رنگی که شما بخواید 
اینستاگرام هستیم پیج arghavan_brand",0,0,0,https://x.com/arghavan_987/status/2015680083722191056,"من کارم این مدل هاست توی هر سایز و رنگی که شما بخواید 
اینستاگرام هستیم پیج arghavan_brand","My work is these models in any size and color you want 
We are Instagram page arghavan_brand"
2015749482466464154,adameaval,2026-01-26 11:31:42.091000+00:00,"من خیلی شرمنده ام که حالا دارم این رو مینویسم من حتی موتورمو رو برای پرداخت اقساطم فروختم اما کافی نبود اگر از بین محصولات من چیزی نیاز داشتید با عشق این روزها خدمت رسانی میکنیم ( اگر حمایت کنید هم دست بوستونم ⚘)
bonbooks.ir",0,0,0,https://x.com/pariar__/status/2015749482466464154,"من خیلی شرمنده ام که حالا دارم این رو مینویسم من حتی موتورمو رو برای پرداخت اقساطم فروختم اما کافی نبود اگر از بین محصولات من چیزی نیاز داشتید با عشق این روزها خدمت رسانی میکنیم ( اگر حمایت کنید هم دست بوستونم ⚘)
bonbooks.ir","I am very ashamed that I am writing this now. I even sold my motorcycle to pay my installments, but it was not enough. If you need anything from my products, we will serve you with love these days (if you support me, I am also in Boston ⚘)
bonbooks.ir"
2015481743898189829,adameaval,2026-01-25 17:47:48.242000+00:00,"الان اتفاقا وقت اینه که از کسب و کارهایی که کاملا اینترنتی بودن حمایت بیشتری بکنیم. 
هرکی هرچی لازم داره درصدیشو [ با رعایت امنیت ] از همین کسب و کارها بخره.",0,0,0,https://x.com/hossein_net/status/2015481743898189829,"الان اتفاقا وقت اینه که از کسب و کارهایی که کاملا اینترنتی بودن حمایت بیشتری بکنیم. 
هرکی هرچی لازم داره درصدیشو [ با رعایت امنیت ] از همین کسب و کارها بخره.","By the way, now is the time to give more support to businesses that are completely online. 
Anyone can buy a percentage of whatever they need from these businesses."
2015734439129571772,adameaval,2026-01-26 10:31:55.480000+00:00,بوکمارکها شروع شد..,0,0,0,https://x.com/adameaval/status/2015734439129571772,بوکمارکها شروع شد..,Bookmarks started..
2015718555195498977,adameaval,2026-01-26 09:28:48.455000+00:00,بچه ها اگه این روزا برای ماشین هاتون و سرویسهاشون نیاز به کمک دارید،تعمیرات و هرچیزی مربوط به ماشین،بهم خبر بدید،من همچنان کنارتون هستم,0,0,0,https://x.com/imsamsara/status/2015718555195498977,بچه ها اگه این روزا برای ماشین هاتون و سرویسهاشون نیاز به کمک دارید،تعمیرات و هرچیزی مربوط به ماشین،بهم خبر بدید،من همچنان کنارتون هستم,"Guys, if you need help these days for your cars and their services, repairs and anything related to the car, let me know, I'm still by your side."
2015716662180270178,adameaval,2026-01-26 09:21:17.125000+00:00,"حرف زدن از رژ، عطر و ریمل
تو این شرایط حس خیانت بهم می‌ده
خیانت به اینهمه پارهٔ تن که رفتن
به روح بابام که تازه رفته
اما من بدون کار زنده نمی‌مونم
 منو ببخشین
اگر کادویی می‌خواین تهیه کنین یا از پیج من چیزی لازمتونه این آدرسمه و بدونین همه اورجیناله
Mayagirls_gallery",0,0,0,https://x.com/MahyaEsh/status/2015716662180270178,"حرف زدن از رژ، عطر و ریمل
تو این شرایط حس خیانت بهم می‌ده
خیانت به اینهمه پارهٔ تن که رفتن
به روح بابام که تازه رفته
اما من بدون کار زنده نمی‌مونم
 منو ببخشین
اگر کادویی می‌خواین تهیه کنین یا از پیج من چیزی لازمتونه این آدرسمه و بدونین همه اورجیناله
Mayagirls_gallery","Talking about lipstick, perfume and mascara
In this situation, I feel betrayed
Betrayal of so many broken bodies
To the soul of my father who has just left
But I don't survive without work
 forgive me
If you want to buy a gift or need something from my page, this is the address and know that everything is original
Mayagirls_gallery"
2015432209587376253,adameaval,2026-01-25 14:30:58.342000+00:00,"بیایید یه قرار با هم بزاریم، دوتا مفهوم داریم:
۱- اینترنت
۲- اینترانت
بقیه مفاهیم و کلمات کاملا غلط است و اشتباه:
اینترنت داخلی، اینترنت بین الملل، اینترنت جهانی، اینترنت ملی و ...
@kooroshication
 ",0,0,0,https://x.com/hrzolfaghar/status/2015432209587376253,"بیایید یه قرار با هم بزاریم، دوتا مفهوم داریم:
۱- اینترنت
۲- اینترانت
بقیه مفاهیم و کلمات کاملا غلط است و اشتباه:
اینترنت داخلی، اینترنت بین الملل، اینترنت جهانی، اینترنت ملی و ...
@kooroshication
 ","Let's make a date together, we have two meanings:
1- Internet
2- Intranet
The rest of the concepts and words are completely wrong and wrong:
Domestic internet, international internet, global internet, national internet and...
@kooroshication"
2009165427776147912,adameaval,2026-01-08 07:29:01.127000+00:00,"بچه ها ممنون میشم درک کنید و به پیچ من سر برنید. اینجا تنها منبع درامد منه و روزهای سختیه 
اینستاگرام @silita_dream  سیلیتا دریم
اینستاگرام @lindaladyshop  لیندا لیدی شاپ",0,0,0,https://x.com/IFolood/status/2009165427776147912,"بچه ها ممنون میشم درک کنید و به پیچ من سر برنید. اینجا تنها منبع درامد منه و روزهای سختیه 
اینستاگرام @silita_dream  سیلیتا دریم
اینستاگرام @lindaladyshop  لیندا لیدی شاپ","Guys, thank you for understanding and don't go to my screw. This is my only source of income and these are hard times 
Instagram @silita_dream Silita Dream
Instagram @lindaladyshop Linda Lady Shop"
2015399920899956844,adameaval,2026-01-25 12:22:40.119000+00:00,"راستش من براتون بگ کادو هم آماده می‌کنم 
ترکیب اکسسوری و لوازم آرایشی بهداشتی 
لینک تو بایوم هست",0,0,0,https://x.com/MahyaEsh/status/2015399920899956844,"راستش من براتون بگ کادو هم آماده می‌کنم 
ترکیب اکسسوری و لوازم آرایشی بهداشتی 
لینک تو بایوم هست","Honestly, I will also prepare a gift bag for you 
Combination of accessories and cosmetics 
The link is in my bio"
2015461187031294324,adameaval,2026-01-25 16:26:07.103000+00:00,"خط کشی‌های احمقانه( فتوا):
۱- هر کی با ما نیست با آخونده
۲- هر کی گفت/ نگفت فلان با آخونده
۳- هر کی تو این اوضاع نابسامان اقتصادی کارش رو شروع کرد، بی‌شرفه، یا با آخونده یا رو خون مردم داره فولان
۴- هر کی نقد کرد با آخونده یا دنبال تداوم آخونده
۵- هر کی … با آخونده
۶- هر کی گفت",0,0,0,https://x.com/Mehrnooshsh/status/2015461187031294324,"خط کشی‌های احمقانه( فتوا):
۱- هر کی با ما نیست با آخونده
۲- هر کی گفت/ نگفت فلان با آخونده
۳- هر کی تو این اوضاع نابسامان اقتصادی کارش رو شروع کرد، بی‌شرفه، یا با آخونده یا رو خون مردم داره فولان
۴- هر کی نقد کرد با آخونده یا دنبال تداوم آخونده
۵- هر کی … با آخونده
۶- هر کی گفت","Stupid lines (fatwa):
1- Anyone who is not with us is with the reader
2- Whoever said/did not say so and so with the reader
3- Whoever started his work in this chaotic economic situation, is dishonorable, or has blood on the people.
4- Whoever criticizes with the reader or seeks the continuity of the reader
5- Anyone... with the reader
6- Whoever said"
2015540441731449302,adameaval,2026-01-25 21:41:02.896000+00:00,"آقای آمالفی هست؟
کسی ازش خبر داره؟",0,0,0,https://x.com/adameaval/status/2015540441731449302,"آقای آمالفی هست؟
کسی ازش خبر داره؟","Is there Mr. Amalfi?
Does anyone know about it?"
2015386384907805069,adameaval,2026-01-25 11:28:52.887000+00:00,دفتر ما بلوار فردوس غرب هست و دنبال جذب کارشناس فروش هستیم، اگر کسی رو سراغ دارید معرفی کنید,0,0,0,https://x.com/mhashemi85/status/2015386384907805069,دفتر ما بلوار فردوس غرب هست و دنبال جذب کارشناس فروش هستیم، اگر کسی رو سراغ دارید معرفی کنید,"Our office is on Ferdous Gharb Blvd. and we are looking for a sales expert. If you know someone, let us know"
2015449674040381947,adameaval,2026-01-25 15:40:22.192000+00:00,"دوستان عنایت بفرمائید
اگر هم #ریتوئیت کنید که ممنون خواهم شد",0,0,0,https://x.com/kazimoto3501/status/2015449674040381947,"دوستان عنایت بفرمائید
اگر هم #ریتوئیت کنید که ممنون خواهم شد","Take care friends
I will be grateful if you retweet"
2015389597023314054,adameaval,2026-01-25 11:41:38.715000+00:00,آفتاب نیوز هم بد نبود.,0,0,0,https://x.com/adameaval/status/2015389597023314054,آفتاب نیوز هم بد نبود.,Aftab News was not bad either.
2015381653049250092,adameaval,2026-01-25 11:10:04.724000+00:00,"از گیس بریدن زنان تا عزاداری به شیوه مراسم عروسی
اینا کهن‌ترین رسوم اعتراضی این سرزمین دیرینه‌اند هنگام عزا..
پیشینیان ما حتی در عزادارترین وقت‌ها هم پیامهایی بلندتر و رساتر از سوگ داشتند.",0,0,0,https://x.com/adameaval/status/2015381653049250092,"از گیس بریدن زنان تا عزاداری به شیوه مراسم عروسی
اینا کهن‌ترین رسوم اعتراضی این سرزمین دیرینه‌اند هنگام عزا..
پیشینیان ما حتی در عزادارترین وقت‌ها هم پیامهایی بلندتر و رساتر از سوگ داشتند.","From cutting women's wigs to mourning in the style of a wedding ceremony
These are the oldest protest customs of this ancient land during mourning.
Even in the most mournful times, our predecessors had louder and more expressive messages of mourning."
2015128785142624569,adameaval,2026-01-24 18:25:16.317000+00:00,"قطعی اینترنت تحقیر خیلی سنگینی داره. انگار بهت میگن هر موقع که شکایت داشته باشین ابزار کار و سرگرمی و خبر و ارتباط و ... رو ازتون میگیریم، حسابی تنبیهتون میکنیم و شما هم هیچ کاری نمیتونین بکنین.
درست عین تحقیرهای تنبیه‌های کودکی، حسش هیچ وقت از ذهنت پاک نمیشه.",0,0,0,https://x.com/anoushehlotfi/status/2015128785142624569,"قطعی اینترنت تحقیر خیلی سنگینی داره. انگار بهت میگن هر موقع که شکایت داشته باشین ابزار کار و سرگرمی و خبر و ارتباط و ... رو ازتون میگیریم، حسابی تنبیهتون میکنیم و شما هم هیچ کاری نمیتونین بکنین.
درست عین تحقیرهای تنبیه‌های کودکی، حسش هیچ وقت از ذهنت پاک نمیشه.","Internet outage is a very heavy humiliation. It is as if they are telling you that whenever you have a complaint, we will take away your work tools, entertainment, news, communication, etc., we will punish you and you cannot do anything.
Just like the humiliation of childhood punishments, the feeling will never be erased from your mind."
2014790022801805413,adameaval,2026-01-23 19:59:09.081000+00:00,"چرا نباید به اکانتهای عرزشی ری اکشن داد؟ 
الگوریتم X بیشتر از فالور براساس ایمپرشن و تعامله. هر جواب، دعوا، یا حتی کلیک یعنی کمک به اون اکانت برای ایمپرشن بیشتر و بالا رفتن اکانت در تایملاین وکمک به دیده‌شدن. سکوت شما سوخت الگوریتم رو قطع می‌کنه،بلاک کنید و رد شید.
#R2PforIran

‌",0,0,0,https://x.com/Yakhbandane/status/2014790022801805413,"چرا نباید به اکانتهای عرزشی ری اکشن داد؟ 
الگوریتم X بیشتر از فالور براساس ایمپرشن و تعامله. هر جواب، دعوا، یا حتی کلیک یعنی کمک به اون اکانت برای ایمپرشن بیشتر و بالا رفتن اکانت در تایملاین وکمک به دیده‌شدن. سکوت شما سوخت الگوریتم رو قطع می‌کنه،بلاک کنید و رد شید.
#R2PforIran

‌","Why should not react to valuable accounts? 
Algorithm X is more based on impression and interaction than Follower. Every answer, fight, or even click means helping that account to get more impressions and increase the account in the timeline and help to be seen. Your silence cuts off the fuel of the algorithm, block and reject.
#R2PforIran

The"
2014828442949173520,adameaval,2026-01-23 22:31:49.158000+00:00,"من دیگه در این حد دچار فروپاشی روانیم که کسی که داره به اکانت‌های عرزشی و ماله به دست ریپلای میده رو هم دارم بلاک و میوت می‌کنم.
چون به نظرم میاد خیلی ساده است که بفهمیم به هیچ‌وجه نباید هیچ کردیتی به این اکانتها بدیم.
اونا عاشق دیده شدنند.",0,0,0,https://x.com/adameaval/status/2014828442949173520,"من دیگه در این حد دچار فروپاشی روانیم که کسی که داره به اکانت‌های عرزشی و ماله به دست ریپلای میده رو هم دارم بلاک و میوت می‌کنم.
چون به نظرم میاد خیلی ساده است که بفهمیم به هیچ‌وجه نباید هیچ کردیتی به این اکانتها بدیم.
اونا عاشق دیده شدنند.","I'm in such a state of mental breakdown that I'm going to block and mute anyone who is replying to valuable and trowel accounts.
Because it seems to me that it is very easy to understand that we should never give any credit to these accounts.
They love to be seen."
2013954015285883356,adameaval,2026-01-21 12:37:09.357000+00:00,دو دقیقه وصل میشی و اسکرول میکنی، حالت از خودت بهم می‌خوره که زنده‌ موندی.,0,0,0,https://x.com/SepVibez/status/2013954015285883356,دو دقیقه وصل میشی و اسکرول میکنی، حالت از خودت بهم می‌خوره که زنده‌ موندی.,"You connect and scroll for two minutes, you are shocked that you survived."
2014775013325373872,adameaval,2026-01-23 18:59:30.543000+00:00,"نگران تک‌تک‌تون بودم..
دلم برای همه‌تون تنگ شده بود..
الان دلم می‌خواد سر بذارم روی شونه تک‌تک‌تون با هم گریه کنیم.",0,0,0,https://x.com/adameaval/status/2014775013325373872,"نگران تک‌تک‌تون بودم..
دلم برای همه‌تون تنگ شده بود..
الان دلم می‌خواد سر بذارم روی شونه تک‌تک‌تون با هم گریه کنیم.","I was worried about each and every one of you..
I missed you all..
Now I want to lay my head on each of your shoulders and cry together."
