tweet_id,username,created_at,text,replies,retweets,likes,url,Text_original,Text_en
1177960131075739648,afarouk92,2019-09-28 14:55:55.346000+00:00,"""نسيان الأهداف خلال الرحلة غالبًا ما يُنسي الهدف. كل مهنة يختارها الإنسان لتحقيق هدف ما، ثم تصير هي الهدف في حد ذاته. إن نسياننا أهدافنا هو الأكثر تكرارًا بين جميع أفعالنا الغبية"".
#فريدريك_نيشته",0,0,0,https://x.com/afarouk92/status/1177960131075739648,"""نسيان الأهداف خلال الرحلة غالبًا ما يُنسي الهدف. كل مهنة يختارها الإنسان لتحقيق هدف ما، ثم تصير هي الهدف في حد ذاته. إن نسياننا أهدافنا هو الأكثر تكرارًا بين جميع أفعالنا الغبية"".
#فريدريك_نيشته","“Forgetting goals During a journey, we often forget the goal. Every profession that a person chooses to achieve a goal then becomes the goal in itself. Forgetting our goals is the most frequent of all our stupid actions.”
#FriedrichNietzte"
2023060540722237827,afarouk92,2026-02-15 15:43:14.212000+00:00,"الخارجية الإيرانية:
عباس عراقتشي يتوجه إلى سويسرا على رأس وفد دبلوماسي لإجراء الجولة الثانية من المحادثات النووية

المحادثات النووية غير المباشرة مع واشنطن تعقد الثلاثاء بوساطة وجهود عمان

عراقتشي سيلتقي بجنيف نظيريه السويسري والعماني ومدير عام 
@iaeaorg",0,0,0,https://x.com/afarouk92/status/2023060540722237827,"الخارجية الإيرانية:
عباس عراقتشي يتوجه إلى سويسرا على رأس وفد دبلوماسي لإجراء الجولة الثانية من المحادثات النووية

المحادثات النووية غير المباشرة مع واشنطن تعقد الثلاثاء بوساطة وجهود عمان

عراقتشي سيلتقي بجنيف نظيريه السويسري والعماني ومدير عام 
@iaeaorg","Iranian Foreign Ministry:
Abbas Araqchi heads to Switzerland at the head of a diplomatic delegation to hold the second round of nuclear talks

Indirect nuclear talks with Washington will be held on Tuesday through the mediation and efforts of Oman

Araqchi will meet in Geneva with his Swiss and Omani counterparts and the Director-General 
@iaeaorg"
2022570972881019360,afarouk92,2026-02-14 07:17:52.143000+00:00,"مقال | ما لم يُقل عن المفاوضات الإيرانية الأميركية | حازم كلاس

يفاوض الإيرانيون حول رفع العقوبات مقابل تطمينات بشأن البرنامج النووي الإيراني. وفي هذا تفاصيل كثيرة؛ فالعقوبات متعدّدة ومتشابكة وعلى مستويات مختلفة، ونسب التخصيب وأعداد أجهزة الطرد، وكل ما يرتبط بتقنيات إيران النووية",0,0,0,https://x.com/Hazem_Kallass/status/2022570972881019360,"مقال | ما لم يُقل عن المفاوضات الإيرانية الأميركية | حازم كلاس

يفاوض الإيرانيون حول رفع العقوبات مقابل تطمينات بشأن البرنامج النووي الإيراني. وفي هذا تفاصيل كثيرة؛ فالعقوبات متعدّدة ومتشابكة وعلى مستويات مختلفة، ونسب التخصيب وأعداد أجهزة الطرد، وكل ما يرتبط بتقنيات إيران النووية","Article | What was not said about the Iranian-American negotiations Hazem Klass

The Iranians are negotiating the lifting of sanctions in exchange for reassurances about the Iranian nuclear program. There are many details in this; The sanctions are multiple and intertwined at different levels, enrichment rates, numbers of centrifuges, and everything related to Iran’s nuclear technologies."
2022381061905559798,afarouk92,2026-02-13 18:43:13.838000+00:00,عقدت البعثات الدائمة للصين وإيران وروسيا في المنظمات الدولية في فيينا جولة أخرى من المشاورات الثلاثية حول القضايا المتعلقة بالبرنامج النووي الإيراني.,0,0,0,https://x.com/afarouk92/status/2022381061905559798,عقدت البعثات الدائمة للصين وإيران وروسيا في المنظمات الدولية في فيينا جولة أخرى من المشاورات الثلاثية حول القضايا المتعلقة بالبرنامج النووي الإيراني.,"The permanent missions of China, Iran and Russia to international organizations held another round of trilateral consultations on issues related to Iran's nuclear program in Vienna."
2021930245541011627,afarouk92,2026-02-12 12:51:50.841000+00:00,"إيران بين تيارين.. واجهة انتخابية إصلاحية والحسم للمحافظين

على الجزيرة نت
 
aja.ws/wtk1vi via 
@AJArabicnet",0,0,0,https://x.com/ghazal_aryahi/status/2021930245541011627,"إيران بين تيارين.. واجهة انتخابية إصلاحية والحسم للمحافظين

على الجزيرة نت
 
aja.ws/wtk1vi via 
@AJArabicnet","Iran is between two trends: a reformist electoral front and the decision is for the conservatives

On Al Jazeera Net
 
aja.ws/wtk1vi via 
@AJArabicnet"
2021598563449376840,afarouk92,2026-02-11 14:53:51.668000+00:00,أمين المجلس الأعلى للأمن القومي الإيراني علي لاريجاني، يلتقي في الدوحة رئيس المجلس القيادي لحركة المقاومة حماس محمد درويش، ووفد من قيادة الحركة,0,0,0,https://x.com/afarouk92/status/2021598563449376840,أمين المجلس الأعلى للأمن القومي الإيراني علي لاريجاني، يلتقي في الدوحة رئيس المجلس القيادي لحركة المقاومة حماس محمد درويش، ووفد من قيادة الحركة,"Secretary of the Iranian Supreme National Security Council, Ali Larijani, meets in Doha with the head of the Leadership Council of the Hamas Resistance Movement, Muhammad Darwish, and a delegation from the movement’s leadership."
2021322084681445782,afarouk92,2026-02-10 20:35:13.993000+00:00,"وزير الخارجية اللبناني يوسف رجي، يستقبل سفير  إيران لدى بلاده مجتبى أماني ، في زيارة بروتوكولية بمناسبة الانتهاء من مهامه الدبلوماسية في لبنان.

جدير بالذكر أن السفير محمد رضا رؤوف شيباني سيخلف أماني سفيرا لإيران في بيروت",0,0,0,https://x.com/afarouk92/status/2021322084681445782,"وزير الخارجية اللبناني يوسف رجي، يستقبل سفير  إيران لدى بلاده مجتبى أماني ، في زيارة بروتوكولية بمناسبة الانتهاء من مهامه الدبلوماسية في لبنان.

جدير بالذكر أن السفير محمد رضا رؤوف شيباني سيخلف أماني سفيرا لإيران في بيروت","Lebanese Foreign Minister Youssef Raji receives Iran's ambassador to his country, Mojtaba Amani, on a protocol visit on the occasion of the completion of his diplomatic duties in Lebanon.

It is worth noting that Ambassador Muhammad Reda Raouf Shaibani will succeed Amani as Iranian ambassador to Beirut"
2021298139378893234,afarouk92,2026-02-10 19:00:04.988000+00:00,"أمين المجلس الأعلى للأمن القومي الإيراني: 

-المفاوضات مع واشنطن حول الملف النووي و طرح قضايا أخرى سيفشل المفاوضات 

-يجب عدم رفع التوقعات من المفاوضات 

-الرئيس الامريكي تحدث عن ""الاسلحة النووي"" و في هذا المجال يمكن التوصل لاتفاق",0,0,0,https://x.com/afarouk92/status/2021298139378893234,"أمين المجلس الأعلى للأمن القومي الإيراني: 

-المفاوضات مع واشنطن حول الملف النووي و طرح قضايا أخرى سيفشل المفاوضات 

-يجب عدم رفع التوقعات من المفاوضات 

-الرئيس الامريكي تحدث عن ""الاسلحة النووي"" و في هذا المجال يمكن التوصل لاتفاق","Secretary of the Iranian Supreme National Security Council: 

Negotiations with Washington on the nuclear file and raising other issues will fail the negotiations 

-You should not raise expectations from negotiations 

-The American President spoke about “nuclear weapons,” and in this area an agreement can be reached"
2021298149852057815,afarouk92,2026-02-10 19:00:07.485000+00:00,"-دول المنطقة كان لها دور كبير في تسهيل و دعم مسار المفاوضات

-إيران كانت دائما داعية للحوار لكن هناك من اراد اعتماد "" لغة القوة"" وعرف النتائج

-ربما نشهد في المرحلة المقبلة تغيرا في المواقف السياسية",0,0,0,https://x.com/afarouk92/status/2021298149852057815,"-دول المنطقة كان لها دور كبير في تسهيل و دعم مسار المفاوضات

-إيران كانت دائما داعية للحوار لكن هناك من اراد اعتماد "" لغة القوة"" وعرف النتائج

-ربما نشهد في المرحلة المقبلة تغيرا في المواقف السياسية","The countries of the region played a major role in facilitating and supporting the course of the negotiations

-Iran has always been an advocate of dialogue, but there are those who wanted to adopt the “language of force” and knew the results

-We may witness a change in political positions in the next stage"
2021298156432945600,afarouk92,2026-02-10 19:00:09.054000+00:00,"-المفاوضات مع أمريكا كانت جيدة إلى حد ما، ويبدو أنهم يريدون التقدم في هذه المحادثات نحو حل، لكن لا يمكن الحكم الكامل بعد على اجتماع واحد، ويجب أن نتابع استمرارها 

-يجري حاليا التشاور بشأن موعد الجولة القادمة من المفاوضات، وسيتم الإعلان عنه في المستقبل",0,0,0,https://x.com/afarouk92/status/2021298156432945600,"-المفاوضات مع أمريكا كانت جيدة إلى حد ما، ويبدو أنهم يريدون التقدم في هذه المحادثات نحو حل، لكن لا يمكن الحكم الكامل بعد على اجتماع واحد، ويجب أن نتابع استمرارها 

-يجري حاليا التشاور بشأن موعد الجولة القادمة من المفاوضات، وسيتم الإعلان عنه في المستقبل","The negotiations with America were fairly good, and it seems that they want to advance these talks towards a solution, but a complete judgment cannot yet be made on one meeting, and we must follow their continuation. 

The date of the next round of negotiations is currently being consulted and will be announced in the future"
2021258803769966815,afarouk92,2026-02-10 16:23:46.648000+00:00,"رئيس لجنة الأمن القومي والسياسة الخارجية البرلمانية الإيراني إبراهيم عزيزي، يستقبل السفير السعودي لدى بلاده عبد الله بن سعود العنزي
عزيزي:
ينبغي للبلدين أن يضطلعا بدور محوري في التطورات الإقليمية وأن تضمنا الأمن المستدام من دون وجود قوى أجنبية",0,0,0,https://x.com/afarouk92/status/2021258803769966815,"رئيس لجنة الأمن القومي والسياسة الخارجية البرلمانية الإيراني إبراهيم عزيزي، يستقبل السفير السعودي لدى بلاده عبد الله بن سعود العنزي
عزيزي:
ينبغي للبلدين أن يضطلعا بدور محوري في التطورات الإقليمية وأن تضمنا الأمن المستدام من دون وجود قوى أجنبية","Chairman of the Iranian Parliamentary National Security and Foreign Policy Committee, Ibrahim Azizi, receives the Saudi ambassador to his country, Abdullah bin Saud Al-Anzi.
Dear:
The two countries should play a pivotal role in regional developments and ensure sustainable security without the presence of foreign powers"
2021258806039085556,afarouk92,2026-02-10 16:23:47.189000+00:00,"وجود القوى من خارج المنطقة لا يجلب الأمن بل يؤدي إلى مزيد من عدم الاستقرار

الكيان الصهيوني والولايات المتحدة يسعيان إلى إضعاف أمن إيران والمنطقة إلا أنهما فشلا في بلوغ أهدافهما",0,0,0,https://x.com/afarouk92/status/2021258806039085556,"وجود القوى من خارج المنطقة لا يجلب الأمن بل يؤدي إلى مزيد من عدم الاستقرار

الكيان الصهيوني والولايات المتحدة يسعيان إلى إضعاف أمن إيران والمنطقة إلا أنهما فشلا في بلوغ أهدافهما","The presence of forces from outside the region does not bring security, but rather leads to greater instability

The Zionist entity and the United States seek to weaken the security of Iran and the region, but they failed to achieve their goals"
2021258810011091450,afarouk92,2026-02-10 16:23:48.136000+00:00,"وكالة الإذاعة والتلفزيون نقلا عن السفير السعودي:
التنسيق بين إيران والسعودية هو أفضل رد على ممارسات الكيان الإسرائيلي

تعزيز العلاقات الثنائية يبعث برسالة واضحة إلى الأطراف المخربة في المنطقة

السعودية ترى أن حل القضايا الإقليمية لا يمر عبر الحرب",0,0,0,https://x.com/afarouk92/status/2021258810011091450,"وكالة الإذاعة والتلفزيون نقلا عن السفير السعودي:
التنسيق بين إيران والسعودية هو أفضل رد على ممارسات الكيان الإسرائيلي

تعزيز العلاقات الثنائية يبعث برسالة واضحة إلى الأطراف المخربة في المنطقة

السعودية ترى أن حل القضايا الإقليمية لا يمر عبر الحرب","Radio and Television Agency, quoting the Saudi ambassador:
Coordination between Iran and Saudi Arabia is the best response to the practices of the Israeli entity

Strengthening bilateral relations sends a clear message to the subversive parties in the region

Saudi Arabia believes that the solution to regional issues does not pass through war"
2021224712311828840,afarouk92,2026-02-10 14:08:18.611000+00:00,أمين المجلس الأعلى للأمن القومي الإيراني علي لاريجاني، يلتقي المتحدث باسم حكومة صنعاء محمد عبد السلام في العاصمة مسقط,0,0,0,https://x.com/afarouk92/status/2021224712311828840,أمين المجلس الأعلى للأمن القومي الإيراني علي لاريجاني، يلتقي المتحدث باسم حكومة صنعاء محمد عبد السلام في العاصمة مسقط,"Secretary of the Iranian Supreme National Security Council, Ali Larijani, meets with Sanaa government spokesman Muhammad Abdel Salam in the capital, Muscat"
2021224777264886144,afarouk92,2026-02-10 14:08:34.097000+00:00,وخلال زيارته مسقط، التقى لاريجاني كلا من السلطان هيثم بن طارق، ووزير الخارجية بدر البوسعيدي، ووزير المكتب السلطاني الفريق أول سلطان بن محمد النعماني، الذي استقبل لاريجاني في المطار.,0,0,0,https://x.com/afarouk92/status/2021224777264886144,وخلال زيارته مسقط، التقى لاريجاني كلا من السلطان هيثم بن طارق، ووزير الخارجية بدر البوسعيدي، ووزير المكتب السلطاني الفريق أول سلطان بن محمد النعماني، الذي استقبل لاريجاني في المطار.,"During his visit to Muscat, Larijani met with Sultan Haitham bin Tariq, Foreign Minister Badr al-Busaidi, and Minister of the Royal Office, Lieutenant General Sultan bin Muhammad al-Numani, who received Larijani at the airport."
2020948455963631916,afarouk92,2026-02-09 19:50:33.965000+00:00,من المقرر أن يلتقي أمين المجلس الأعلى للأمن القومي في إيران علي لاريجاني، خلال زيارته مسقط غدا الثلاثاء السلطان العماني هيثم بن طارق، ووزير الخارجية العماني بدر البوسعيدي.,0,0,0,https://x.com/afarouk92/status/2020948455963631916,من المقرر أن يلتقي أمين المجلس الأعلى للأمن القومي في إيران علي لاريجاني، خلال زيارته مسقط غدا الثلاثاء السلطان العماني هيثم بن طارق، ووزير الخارجية العماني بدر البوسعيدي.,"During his visit to Muscat tomorrow, Tuesday, Ali Larijani, Secretary of the Supreme National Security Council in Iran, is scheduled to meet with Omani Sultan Haitham bin Tariq and Omani Foreign Minister Badr al-Busaidi."
2020932954629996892,afarouk92,2026-02-09 18:48:58.159000+00:00,"أجرى وزير الخارجية الإيراني مكالمات هاتفية منفصلة مع وزراء خارجية تركيا ومصر والسعودية. ووصف المحادثات مع أميركا بأنها ""بداية جيدة"" لكنه شدد على ضرورة إزالة عدم الثقة فيما يتعلق بنوايا الولايات المتحدة. ورحب وزراء الخارجية بالمحادثات باعتبارها حيوية للاستقرار الإقليمي.",0,0,0,https://x.com/afarouk92/status/2020932954629996892,"أجرى وزير الخارجية الإيراني مكالمات هاتفية منفصلة مع وزراء خارجية تركيا ومصر والسعودية. ووصف المحادثات مع أميركا بأنها ""بداية جيدة"" لكنه شدد على ضرورة إزالة عدم الثقة فيما يتعلق بنوايا الولايات المتحدة. ورحب وزراء الخارجية بالمحادثات باعتبارها حيوية للاستقرار الإقليمي.","The Iranian Foreign Minister held separate phone calls with the foreign ministers of Türkiye, Egypt and Saudi Arabia. He described the talks with America as a ""good start"" but stressed the need to remove mistrust regarding the intentions of the United States. Foreign ministers welcomed the talks as vital to regional stability."
2020841786047176981,afarouk92,2026-02-09 12:46:41.875000+00:00,الاعتقالات الأخيرة في إيران تأتي على خلفية ما يوصف بأنه محاولة انقلاب ناعم، ويتردد من ضمن المنخرطين فيها أسماء شخصيات كبيرة من بينها مسؤول واظب مؤخرا على الحديث عن ضرورة تغيير البرادايم السياسي والاقتصادي لإيران.,0,0,0,https://x.com/AlsmadiFatima/status/2020841786047176981,الاعتقالات الأخيرة في إيران تأتي على خلفية ما يوصف بأنه محاولة انقلاب ناعم، ويتردد من ضمن المنخرطين فيها أسماء شخصيات كبيرة من بينها مسؤول واظب مؤخرا على الحديث عن ضرورة تغيير البرادايم السياسي والاقتصادي لإيران.,"The recent arrests in Iran come against the backdrop of what is described as an attempted soft coup, and among those involved are the names of senior figures, including an official who has recently continued to talk about the necessity of changing Iran’s political and economic paradigm."
2020584088114262168,afarouk92,2026-02-08 19:42:41.900000+00:00,"موقع جماران المقرب من حسن الخمینی:

زيارة مرتقبة لأحد كبار المسؤولين الإيرانيين عُمان

وفقا لأحاديث، ستجرى زيارة مهمة خلال الأيام القادمة على مستوى رفيع بالنظام

تشير التكهنات إلى تسارع وتيرة العملية الدبلوماسية في الدولة المضيفة للمحادثات الإيرانية الأمريكية",0,0,0,https://x.com/afarouk92/status/2020584088114262168,"موقع جماران المقرب من حسن الخمینی:

زيارة مرتقبة لأحد كبار المسؤولين الإيرانيين عُمان

وفقا لأحاديث، ستجرى زيارة مهمة خلال الأيام القادمة على مستوى رفيع بالنظام

تشير التكهنات إلى تسارع وتيرة العملية الدبلوماسية في الدولة المضيفة للمحادثات الإيرانية الأمريكية","Jamaran website, which is close to Hassan Khomeini:

An upcoming visit by a senior Iranian official to Oman

According to conversations, an important visit will take place in the coming days at a high level in the regime

Speculation indicates an acceleration of the diplomatic process in the host country of the Iran-US talks"
2020549015285141735,afarouk92,2026-02-08 17:23:19.886000+00:00,مصادر إيرانية إصلاحية تتحدث عن اعتقال الاستخبارات الحرس الثوري رئيسة جبهة الاصلاح آذر منصوري,0,0,0,https://x.com/afarouk92/status/2020549015285141735,مصادر إيرانية إصلاحية تتحدث عن اعتقال الاستخبارات الحرس الثوري رئيسة جبهة الاصلاح آذر منصوري,"Iranian reformist sources talk about the arrest of the head of the Reform Front, Azar Mansouri, by the Revolutionary Guard intelligence"
2020563993123795308,afarouk92,2026-02-08 18:22:50.881000+00:00,"وكالة فارس الإيرانية:

اعتقال (القيادات الإصلاحية) آذر منصوري، وإبراهيم أصغر زاده، ومحسن أمين‌ زاده من قبل الجهات الأمنية والقضائية.

التهم الموجهة إليهم تشمل استهداف التماسك الوطني، واتخاذ مواقف ضد الدستور، والتنسيق مع دعاية العدو، والترويج لنهج الاستسلام.",0,0,0,https://x.com/afarouk92/status/2020563993123795308,"وكالة فارس الإيرانية:

اعتقال (القيادات الإصلاحية) آذر منصوري، وإبراهيم أصغر زاده، ومحسن أمين‌ زاده من قبل الجهات الأمنية والقضائية.

التهم الموجهة إليهم تشمل استهداف التماسك الوطني، واتخاذ مواقف ضد الدستور، والتنسيق مع دعاية العدو، والترويج لنهج الاستسلام.","Iranian Fars Agency:

(Reformist leaders) Azar Mansouri, Ibrahim Asgharzadeh, and Mohsen Aminzadeh were arrested by the security and judicial authorities.

The charges against them include targeting national cohesion, taking positions against the constitution, coordinating with enemy propaganda, and promoting a surrender approach."
2020563996525342850,afarouk92,2026-02-08 18:22:51.692000+00:00,"تشمل التهم أيضًا السعي إلى حرف التيارات السياسية، وإنشاء آليات سرّية ذات طابع تخريبي داعي لاسقاط النظام.

مصدر مطلع لـ ""فارس"":

 على الرغم من تحمّل مواقفهم الانتقادية السابقة، إلا أنه وبسبب استمرار أنشطتهم المضادة للأمن، جرى التعامل معهم وفقًا للقانون.",0,0,0,https://x.com/afarouk92/status/2020563996525342850,"تشمل التهم أيضًا السعي إلى حرف التيارات السياسية، وإنشاء آليات سرّية ذات طابع تخريبي داعي لاسقاط النظام.

مصدر مطلع لـ ""فارس"":

 على الرغم من تحمّل مواقفهم الانتقادية السابقة، إلا أنه وبسبب استمرار أنشطتهم المضادة للأمن، جرى التعامل معهم وفقًا للقانون.","The charges also include seeking to distort political trends, and creating secret mechanisms of a sabotage nature that call for the overthrow of the regime.

An informed source for “Fares”:

 Despite their previous critical stances, due to their continued anti-security activities, they were dealt with in accordance with the law."
2020545965233434884,afarouk92,2026-02-08 17:11:12.697000+00:00,"إيران تنتقد ذاتها وتفتح ملف ""الأخطاء"" تجاه دول الجوار

على الجزيرة نت
 
aja.ws/5j1iva via 
@AJArabicnet",0,0,0,https://x.com/ghazal_aryahi/status/2020545965233434884,"إيران تنتقد ذاتها وتفتح ملف ""الأخطاء"" تجاه دول الجوار

على الجزيرة نت
 
aja.ws/5j1iva via 
@AJArabicnet","Iran criticizes itself and opens the file of “mistakes” towards neighboring countries

On Al Jazeera Net
 
aja.ws/5j1iva via 
@AJArabicnet"
2020163880853319873,afarouk92,2026-02-07 15:52:56.682000+00:00,"الملف النووي الإيراني يرجع للواجهة من جديد…
مفاوضات، ضغوط، وتساؤلات كثيرة.

هل نحن أمام اتفاق قريب؟
وهل تملك إيران فعلاً ما يُثار حوله الجدل؟

انتظروا الحلقة القادمة  .
@Alihashem",0,0,0,https://x.com/bymahfoof/status/2020163880853319873,"الملف النووي الإيراني يرجع للواجهة من جديد…
مفاوضات، ضغوط، وتساؤلات كثيرة.

هل نحن أمام اتفاق قريب؟
وهل تملك إيران فعلاً ما يُثار حوله الجدل؟

انتظروا الحلقة القادمة  .
@Alihashem","The Iranian nuclear file returns to the forefront again...
Negotiations, pressure, and many questions.

Are we facing an agreement soon?
Does Iran really have something to be controversial about?

Wait for the next episode.
@Alihashem"
2020068111878066176,afarouk92,2026-02-07 09:32:23.579000+00:00,"ملاحظات اليوم التالي…
هناك فرق شاسع بين الفرص الدبلوماسية وبين التفاؤل. وما نتج عن لقاءات مسقط أقرب إلى الاحتمال الأول منه إلى الثاني… نعم، القنوات فتحت، لكن هذا لا يعني بالضرورة أن خط نهاية واضح. 
لقد رأينا هذا المشهد من قبل العام الماضي، كانت المفاوضات قريبة من التوصل إلى",0,0,0,https://x.com/Alihashem/status/2020068111878066176,"ملاحظات اليوم التالي…
هناك فرق شاسع بين الفرص الدبلوماسية وبين التفاؤل. وما نتج عن لقاءات مسقط أقرب إلى الاحتمال الأول منه إلى الثاني… نعم، القنوات فتحت، لكن هذا لا يعني بالضرورة أن خط نهاية واضح. 
لقد رأينا هذا المشهد من قبل العام الماضي، كانت المفاوضات قريبة من التوصل إلى","Next day's notes...
There is a huge difference between diplomatic opportunities and optimism. What resulted from the Muscat meetings is closer to the first possibility than the second... Yes, channels have been opened, but this does not necessarily mean that there is a clear finish line. 
We've seen this scene before. Last year, the negotiations were close to reaching a conclusion"
2020055652702531999,afarouk92,2026-02-07 08:42:53.080000+00:00,وزير الخارجية الإيراني عباس عراقتشي، يلتقي نظيره القطري محمد بن عبد الرحمن آل ثاني، في #الدوحة,0,0,0,https://x.com/afarouk92/status/2020055652702531999,وزير الخارجية الإيراني عباس عراقتشي، يلتقي نظيره القطري محمد بن عبد الرحمن آل ثاني، في #الدوحة,"Iranian Foreign Minister Abbas Araqchi meets his Qatari counterpart, Mohammed bin Abdul Rahman Al Thani, in #Doha"
2019819766161318276,afarouk92,2026-02-06 17:05:33.346000+00:00,"العاشرة بتوقيت مسقط.. ما الذي جرى في المفاوضات الإيرانية الأمريكية؟ 

مادتي على الجزيرة نت
aja.ws/ybsbaz via 
@AJArabicnet",0,0,0,https://x.com/ghazal_aryahi/status/2019819766161318276,"العاشرة بتوقيت مسقط.. ما الذي جرى في المفاوضات الإيرانية الأمريكية؟ 

مادتي على الجزيرة نت
aja.ws/ybsbaz via 
@AJArabicnet","Ten o’clock Muscat time.. What happened in the Iranian-American negotiations? 

My article is on Al Jazeera Net
aja.ws/ybsbaz via 
@AJArabicnet"
2019855675484962907,afarouk92,2026-02-06 19:28:14.796000+00:00,"مصدران إيرانيان ومصدر عماني لـ 
@IranNuances
 : كان التواصل القصير بين وزير الخارجية الإيراني والمبعوث الرئاسي الأمريكي وجاريد كوشنر في مسقط تحية بسيطة كممارسة دبلوماسية معتادة تم إجراؤها خلال الجولات السابقة أيضا.",0,0,0,https://x.com/afarouk92/status/2019855675484962907,"مصدران إيرانيان ومصدر عماني لـ 
@IranNuances
 : كان التواصل القصير بين وزير الخارجية الإيراني والمبعوث الرئاسي الأمريكي وجاريد كوشنر في مسقط تحية بسيطة كممارسة دبلوماسية معتادة تم إجراؤها خلال الجولات السابقة أيضا.","Two Iranian sources and an Omani source for 
@IranNuances
 : The short communication between the Iranian Foreign Minister, the US Presidential Envoy and Jared Kushner in Muscat was a simple greeting as a usual diplomatic practice that was conducted during previous rounds as well."
2019840997786808368,afarouk92,2026-02-06 18:29:55.360000+00:00,"مصادر لـ أكسيوس:

ويتكوف وكوشنر التقيا مباشرة مع وزير الخارجية الإيراني خلال محادثات مسقط",0,0,0,https://x.com/afarouk92/status/2019840997786808368,"مصادر لـ أكسيوس:

ويتكوف وكوشنر التقيا مباشرة مع وزير الخارجية الإيراني خلال محادثات مسقط","Sources for Axios:

Witkoff and Kushner met directly with the Iranian Foreign Minister during the Muscat talks"
2019808482262937810,afarouk92,2026-02-06 16:20:43.055000+00:00,"وزير الخارجية الإيراني عباس عراقتشي، يتوجه إلى الدوحة للمشاركة في أعمال الدورة الـ 17 لمنتدى الدوحة بوصفه ضيفًا خاصًا على المنتدى.

من المقرر أن يلتقي عراقتشي نظيره القطري محمد بن عبد الرحمن، بالإضافة إلى إلقاءه كلمة في أعمال المنتدى.",0,0,0,https://x.com/afarouk92/status/2019808482262937810,"وزير الخارجية الإيراني عباس عراقتشي، يتوجه إلى الدوحة للمشاركة في أعمال الدورة الـ 17 لمنتدى الدوحة بوصفه ضيفًا خاصًا على المنتدى.

من المقرر أن يلتقي عراقتشي نظيره القطري محمد بن عبد الرحمن، بالإضافة إلى إلقاءه كلمة في أعمال المنتدى.","Iranian Foreign Minister Abbas Araqchi heads to Doha to participate in the 17th session of the Doha Forum as a special guest of the forum.

Iraqi is scheduled to meet his Qatari counterpart, Mohammed bin Abdul Rahman, in addition to delivering a speech at the forum."
2019773692834631812,afarouk92,2026-02-06 14:02:28.609000+00:00,"وزير الخارجية الإيراني عباس عراقتشي:

 أجرينا محادثات مطولة، والبداية كانت جيدة

 خلال محادثات مسقط تمت الإشارة إلى مصالحنا وحقوق الشعب الإيراني والأجواء كانت إيجابية

هناك اتفاق على استمرارية التفاوض بشكل عام",0,0,0,https://x.com/afarouk92/status/2019773692834631812,"وزير الخارجية الإيراني عباس عراقتشي:

 أجرينا محادثات مطولة، والبداية كانت جيدة

 خلال محادثات مسقط تمت الإشارة إلى مصالحنا وحقوق الشعب الإيراني والأجواء كانت إيجابية

هناك اتفاق على استمرارية التفاوض بشكل عام","Iranian Foreign Minister Abbas Araqchi:

 We had long conversations, and the beginning was good

 During the Muscat talks, our interests and the rights of the Iranian people were mentioned, and the atmosphere was positive

There is agreement on the continuity of negotiations in general"
2019779815906083207,afarouk92,2026-02-06 14:26:48.463000+00:00,"وردًا على سؤال إن طرحت قضايا المنطقة في المفاوضات:

لا نناقش إلا الملف النووي و لكن ذكرنا أن المحادثات النووية وحل القضايا الرئيسية يجب أن يتم  في جو هادئ، دون توتر أو تهديدات.",0,0,0,https://x.com/afarouk92/status/2019779815906083207,"وردًا على سؤال إن طرحت قضايا المنطقة في المفاوضات:

لا نناقش إلا الملف النووي و لكن ذكرنا أن المحادثات النووية وحل القضايا الرئيسية يجب أن يتم  في جو هادئ، دون توتر أو تهديدات.","In response to a question whether regional issues were raised in the negotiations:

We only discuss the nuclear file, but we mentioned that nuclear talks and resolving the main issues must take place in a calm atmosphere, without tension or threats."
2019769385162879130,afarouk92,2026-02-06 13:45:21.580000+00:00,"التلفزيون الإيراني:

وزير الخارجية عباس عراقتشي سيتحدث عن نتائج المفاوضات النووية على التلفزيون الإيراني بعد دقائق",0,0,0,https://x.com/afarouk92/status/2019769385162879130,"التلفزيون الإيراني:

وزير الخارجية عباس عراقتشي سيتحدث عن نتائج المفاوضات النووية على التلفزيون الإيراني بعد دقائق","Iranian TV:

Foreign Minister Abbas Araqchi will speak about the results of the nuclear negotiations on Iranian television in minutes"
2019763809225769430,afarouk92,2026-02-06 13:23:12.173000+00:00,التلفزيون الإيراني: انتهاء المحادثات بين الإيرانيين والأميركيين وعودة فريق التفاوض الإيراني إلى مقر إقامته,0,0,0,https://x.com/afarouk92/status/2019763809225769430,التلفزيون الإيراني: انتهاء المحادثات بين الإيرانيين والأميركيين وعودة فريق التفاوض الإيراني إلى مقر إقامته,Iranian TV: The end of the talks between the Iranians and the Americans and the Iranian negotiating team returns to its residence
2019646873531711546,afarouk92,2026-02-06 05:38:32.531000+00:00,صرّح المتحدث باسم وزارة الخارجية الإيرانية، ردًّا على سؤال مراسل «إيران‌ویو۲۴» في مسقط، بأن استمرار المباحثات يتوقف على نهج وإرادة الجانب الأمريكي، مضيفًا أنه إذا أبدى الفريق الأمريكي الجدية اللازمة، فمن الممكن طرح آليات مقترحة لدفع المفاوضات إلى الأمام.,0,0,0,https://x.com/IranView24_Ar/status/2019646873531711546,صرّح المتحدث باسم وزارة الخارجية الإيرانية، ردًّا على سؤال مراسل «إيران‌ویو۲۴» في مسقط، بأن استمرار المباحثات يتوقف على نهج وإرادة الجانب الأمريكي، مضيفًا أنه إذا أبدى الفريق الأمريكي الجدية اللازمة، فمن الممكن طرح آليات مقترحة لدفع المفاوضات إلى الأمام.,"The Iranian Foreign Ministry spokesman stated, in response to a question by the “Iran24” correspondent in Muscat, that the continuation of the discussions depends on the approach and will of the American side, adding that if the American team shows the necessary seriousness, it is possible to present proposed mechanisms to move the negotiations forward."
2019746951969865844,afarouk92,2026-02-06 12:16:13.090000+00:00,"مراسل «إيران فيو 24» من مسقط:
انتهت الجولة الثانية من المحادثات، وتقوم الوفدان الإيراني والأمريكي حاليًا بإجراء مشاورات مع عاصمتيهما أو داخل كل وفد. ولا يزال الصحفيون بانتظار المواقف والتصريحات الرسمية.",0,0,0,https://x.com/IranView24_Ar/status/2019746951969865844,"مراسل «إيران فيو 24» من مسقط:
انتهت الجولة الثانية من المحادثات، وتقوم الوفدان الإيراني والأمريكي حاليًا بإجراء مشاورات مع عاصمتيهما أو داخل كل وفد. ولا يزال الصحفيون بانتظار المواقف والتصريحات الرسمية.","Iran View 24 correspondent from Muscat:
The second round of talks has ended, and the Iranian and American delegations are currently holding consultations in their capitals or within each delegation. Journalists are still waiting for official positions and statements."
2019720334333894884,afarouk92,2026-02-06 10:30:26.951000+00:00,مباحثات لوزير الدفاع الإيراني مع رئيس أذربيجان في العاصمة باكو,0,0,0,https://x.com/afarouk92/status/2019720334333894884,مباحثات لوزير الدفاع الإيراني مع رئيس أذربيجان في العاصمة باكو,"Discussions between the Iranian Defense Minister and the President of Azerbaijan in the capital, Baku"
2019757551290597576,afarouk92,2026-02-06 12:58:20.165000+00:00,"وكالات إيرانية نقلا عن الرئيس الأذربيجاني:

نضع دائمًا تعزيز أمن واستقرار إيران في صدارة اهتماماتنا.

في إطار العلاقات الودية والأخوية، لن نسمح بأن يتعرض أي تهديد للجمهورية الإسلامية الإيرانية.",0,0,0,https://x.com/afarouk92/status/2019757551290597576,"وكالات إيرانية نقلا عن الرئيس الأذربيجاني:

نضع دائمًا تعزيز أمن واستقرار إيران في صدارة اهتماماتنا.

في إطار العلاقات الودية والأخوية، لن نسمح بأن يتعرض أي تهديد للجمهورية الإسلامية الإيرانية.","Iranian agencies quoted the Azerbaijani President:

We always put enhancing Iran's security and stability at the top of our concerns.

Within the framework of friendly and fraternal relations, we will not allow any threat to the Islamic Republic of Iran."
2019728868329083128,afarouk92,2026-02-06 11:04:21.614000+00:00,وكالة تسنيم الإيرانية: الجولة الثانية من المحادثات بين عراقجي ووزير الخارجية العماني اختتمت قبل قليل,0,0,0,https://x.com/afarouk92/status/2019728868329083128,وكالة تسنيم الإيرانية: الجولة الثانية من المحادثات بين عراقجي ووزير الخارجية العماني اختتمت قبل قليل,Iranian Tasnim Agency: The second round of talks between Araghchi and the Omani Foreign Minister concluded a short while ago
2019667940766020073,afarouk92,2026-02-06 07:02:15.351000+00:00,وزير الخارجية الإيراني عباس عراقتشي، يلتقي نظيره العماني بدر البوسعيدي، قبيل انطلاق المفاوضات مع المبعوث الأميركي ستيف ويتكوف,0,0,0,https://x.com/afarouk92/status/2019667940766020073,وزير الخارجية الإيراني عباس عراقتشي، يلتقي نظيره العماني بدر البوسعيدي، قبيل انطلاق المفاوضات مع المبعوث الأميركي ستيف ويتكوف,"Iranian Foreign Minister Abbas Araqchi meets with his Omani counterpart, Badr al-Busaidi, before the start of negotiations with US envoy Steve Witkoff."
2019667992502833616,afarouk92,2026-02-06 07:02:27.686000+00:00,يجب احترام التعهدات. فالمساواة في المكانة، والاحترام المتبادل، والمصالح المشتركة ليست مجرد شعارات، بل تمثل ضرورة لا مفرّ منها، وتشكل ركائز أساسية لأي اتفاق مستدام.,0,0,0,https://x.com/afarouk92/status/2019667992502833616,يجب احترام التعهدات. فالمساواة في المكانة، والاحترام المتبادل، والمصالح المشتركة ليست مجرد شعارات، بل تمثل ضرورة لا مفرّ منها، وتشكل ركائز أساسية لأي اتفاق مستدام.,"Pledges must be respected. Equality in status, mutual respect, and common interests are not just slogans. Rather, they represent an inevitable necessity and constitute basic pillars of any sustainable agreement."
2019677545676054540,afarouk92,2026-02-06 07:40:25.340000+00:00,"الخارجية الإيرانية:

بدأت في مسقط الجولة الأولى من المفاوضات النووية، إذ التقى وزير الخارجية الإيراني عباس عراقتشي، نظيره العُماني بدر البوسعيدي، لبحث آلية التقدم في مفاوضات إيران–أميركا.",0,0,0,https://x.com/afarouk92/status/2019677545676054540,"الخارجية الإيرانية:

بدأت في مسقط الجولة الأولى من المفاوضات النووية، إذ التقى وزير الخارجية الإيراني عباس عراقتشي، نظيره العُماني بدر البوسعيدي، لبحث آلية التقدم في مفاوضات إيران–أميركا.","Iranian Foreign Ministry:

The first round of nuclear negotiations began in Muscat, as Iranian Foreign Minister Abbas Araqchi met his Omani counterpart, Badr al-Busaidi, to discuss the mechanism of progress in the Iran-American negotiations."
2019666846962643121,afarouk92,2026-02-06 06:57:54.568000+00:00,"I’ve been covering this story for years. This, however, is the strangest because of what I feel from people; mixed feelings.
They don’t know whether to fear a war or to have hopes over these negotiations.
It’s not clear to anyone whether these negotiations are going to get them",0,0,0,https://x.com/Alihashem/status/2019666846962643121,"I’ve been covering this story for years. This, however, is the strangest because of what I feel from people; mixed feelings.
They don’t know whether to fear a war or to have hopes over these negotiations.
It’s not clear to anyone whether these negotiations are going to get them","I’ve been covering this story for years. This, however, is the strangest because of what I feel from people; mixed feelings.
They don’t know whether to fear a war or to have hopes over these negotiations.
It’s not clear to anyone whether these negotiations are going to get them"
2019517115980820694,afarouk92,2026-02-05 21:02:55.920000+00:00,"وزير الخارجية الإيراني عباس عراقتشي، يصل مسقط استعدادا للمفاوضات مع أميركا غدا الجمعة 

يتشكل الوفد الإيراني من: عراقتشي وعضوية نوابه للشؤون السياسية مجيد تحت روانتشي، وللشؤون الدولية والقانونية كاظم غريب أبادي، ولشؤون الدبلوماسية الاقتصادية حميد قنبري، فضلا عن إسماعيل بقائي",0,0,0,https://x.com/afarouk92/status/2019517115980820694,"وزير الخارجية الإيراني عباس عراقتشي، يصل مسقط استعدادا للمفاوضات مع أميركا غدا الجمعة 

يتشكل الوفد الإيراني من: عراقتشي وعضوية نوابه للشؤون السياسية مجيد تحت روانتشي، وللشؤون الدولية والقانونية كاظم غريب أبادي، ولشؤون الدبلوماسية الاقتصادية حميد قنبري، فضلا عن إسماعيل بقائي","Iranian Foreign Minister Abbas Araqchi arrives in Muscat in preparation for negotiations with America tomorrow, Friday 

The Iranian delegation consists of: Araqchi and the membership of his deputies for political affairs, Majid Tahrevanchi, for international and legal affairs, Kazem Gharibabadi, and for economic diplomacy, Hamid Ghanbari, as well as Ismail Baghaei."
2019450972259438777,afarouk92,2026-02-05 16:40:06.028000+00:00,تعيين علي شمخاني أمينًا لمجلس الدفاع التابع للمجلس الأعلى للأمن القومي الإيراني,0,0,0,https://x.com/afarouk92/status/2019450972259438777,تعيين علي شمخاني أمينًا لمجلس الدفاع التابع للمجلس الأعلى للأمن القومي الإيراني,Ali Shamkhani was appointed Secretary of the Defense Council of the Supreme National Security Council of Iran
2019399236950061179,afarouk92,2026-02-05 13:14:31.369000+00:00,"هيكل المنظومة العسكرية الإيرانية

على الجزيرة نت
 
aja.ws/0c4pak via 
@AJArabicnet",0,0,0,https://x.com/ghazal_aryahi/status/2019399236950061179,"هيكل المنظومة العسكرية الإيرانية

على الجزيرة نت
 
aja.ws/0c4pak via 
@AJArabicnet","Structure of the Iranian military system

On Al Jazeera Net
 
aja.ws/0c4pak via 
@AJArabicnet"
2019411876086706228,afarouk92,2026-02-05 14:04:44.774000+00:00,"حساب صابرين نيوز المقرب من جهات أمنية إيرانية يدعوا إلى مفاوضات مباشرة بين إيران وأميركا في مسقط تحت دعوة ""لا تُضيّعوا وقت الناس بمفاوضات غير مباشرة""

وقال ""ألم يتفاوض النبي مع قريش، وهم الكفار وألد أعداء دين الله، ويكتب عقدًا صريحًا؟ ماذا حدث؟""",0,0,0,https://x.com/afarouk92/status/2019411876086706228,"حساب صابرين نيوز المقرب من جهات أمنية إيرانية يدعوا إلى مفاوضات مباشرة بين إيران وأميركا في مسقط تحت دعوة ""لا تُضيّعوا وقت الناس بمفاوضات غير مباشرة""

وقال ""ألم يتفاوض النبي مع قريش، وهم الكفار وألد أعداء دين الله، ويكتب عقدًا صريحًا؟ ماذا حدث؟""","The Sabreen News account, which is close to Iranian security authorities, calls for direct negotiations between Iran and America in Muscat under the call, “Do not waste people’s time with indirect negotiations.”

He said, ""Didn't the Prophet negotiate with the Quraysh, who are infidels and the worst enemies of God's religion, and write an explicit contract? What happened?"""
2019354269170954567,afarouk92,2026-02-05 10:15:50.215000+00:00,"الرئيس التركي رجب طيب أردوغان:

-المحادثات بين أميركا وإيران على مستوى القادة ستكون مفيدة بعد المفاوضات على مستوى أدنى 

-أميركا وإيران ترغبان في إفساح المجال أمام الدبلوماسية وهو أمر إيجابي 

-نبذل قصارى جهدنا لتهدئة التوتر بين إيران وأمريكا دون جر المنطقة إلى نزاع وفوضى جديدين",0,0,0,https://x.com/afarouk92/status/2019354269170954567,"الرئيس التركي رجب طيب أردوغان:

-المحادثات بين أميركا وإيران على مستوى القادة ستكون مفيدة بعد المفاوضات على مستوى أدنى 

-أميركا وإيران ترغبان في إفساح المجال أمام الدبلوماسية وهو أمر إيجابي 

-نبذل قصارى جهدنا لتهدئة التوتر بين إيران وأمريكا دون جر المنطقة إلى نزاع وفوضى جديدين","Turkish President Recep Tayyip Erdogan:

-Talks between America and Iran at the leadership level will be useful after negotiations at a lower level 

-America and Iran want to make room for diplomacy, which is a positive thing 

We are doing our best to calm the tension between Iran and America without dragging the region into new conflict and chaos"
2019354272266358974,afarouk92,2026-02-05 10:15:50.953000+00:00,-نعارض التدخل العسكري ضد إيران وطاولة المفاوضات مهمة في خفض التوتر بين إيران وأمريكا,0,0,0,https://x.com/afarouk92/status/2019354272266358974,-نعارض التدخل العسكري ضد إيران وطاولة المفاوضات مهمة في خفض التوتر بين إيران وأمريكا,"We oppose military intervention against Iran, and the negotiating table is important in reducing tension between Iran and America"
2019288505797734465,afarouk92,2026-02-05 05:54:31.005000+00:00,"نائب الرئيس الأميركي حول طموحات إيران النووية: 

لا يمكن لإيران الحصول على سلاح نووي. هذا هو هدف السياسة المعلن للرئيس

نحن نعرف التاريخ. ليس لدى الرئيس أي اهتمام بتكرار تاريخ العراق، لكنك لا تسمح للمجانين بالحصول على أسلحة نووية.",0,0,0,https://x.com/afarouk92/status/2019288505797734465,"نائب الرئيس الأميركي حول طموحات إيران النووية: 

لا يمكن لإيران الحصول على سلاح نووي. هذا هو هدف السياسة المعلن للرئيس

نحن نعرف التاريخ. ليس لدى الرئيس أي اهتمام بتكرار تاريخ العراق، لكنك لا تسمح للمجانين بالحصول على أسلحة نووية.","نائب الرئيس الأميركي حول طموحات إيران النووية: 

لا يمكن لإيران الحصول على سلاح نووي. هذا هو هدف السياسة المعلن للرئيس

We know the history. The President has no interest in repeating Iraq's history, but you don't allow lunatics to get nuclear weapons."
2019160990135513131,afarouk92,2026-02-04 21:27:48.902000+00:00,محادثات هاتفية أجراها وزير خارجية إيران عباس عراقتشي، مع نظرائه من مصر وعمان وقطر حول آخر التطورات الاقليمية والدولية,0,0,0,https://x.com/afarouk92/status/2019160990135513131,محادثات هاتفية أجراها وزير خارجية إيران عباس عراقتشي، مع نظرائه من مصر وعمان وقطر حول آخر التطورات الاقليمية والدولية,"Telephone conversations conducted by Iranian Foreign Minister Abbas Araqchi, with his counterparts from Egypt, Oman and Qatar, about the latest regional and international developments."
2019161554382647544,afarouk92,2026-02-04 21:30:03.429000+00:00,"دبلوماسي عربي مقيم في طهران لموقع ""إيران نوانسز"":

لم يكن من الحكمة أن يلجأ الأمريكيون إلى ""حملة إلقاء اللوم الاستباقية""؛ فقد عزز ذلك الشكوك العميقة الموجودة بالفعل في المنطقة بأنهم عرضة للتلاعب بسهولة من قبل جماعات الضغط المؤيدة لإسرائيل والعناصر المتشددة داخل أميركا",0,0,0,https://x.com/afarouk92/status/2019161554382647544,"دبلوماسي عربي مقيم في طهران لموقع ""إيران نوانسز"":

لم يكن من الحكمة أن يلجأ الأمريكيون إلى ""حملة إلقاء اللوم الاستباقية""؛ فقد عزز ذلك الشكوك العميقة الموجودة بالفعل في المنطقة بأنهم عرضة للتلاعب بسهولة من قبل جماعات الضغط المؤيدة لإسرائيل والعناصر المتشددة داخل أميركا","An Arab diplomat residing in Tehran for “Iran Nuances” website:

It was unwise for the Americans to resort to a “preemptive blame campaign”; This reinforced already deep suspicions in the region that they were easily manipulated by pro-Israel lobbyists and hard-line elements within America."
2019149696485454037,afarouk92,2026-02-04 20:42:56.286000+00:00,"مصدر دبلوماسي عربي لـ 
@AljadahMedia
 

جرت محاولات ضغط عبر الإعلام لافشال المفاوضات لكن واقعيا لم يبلغ المستضيف بأي تدابير لوقف الترتيبات لعقد اجتماع الجمعة بين إيران وأميركا

دور إسرائيلي جلي في التحريض على وقف المفاوضات لاسيما التسريبات الصحفية غير المسؤولةالمزعجة لدول المنطقة",0,0,0,https://x.com/afarouk92/status/2019149696485454037,"مصدر دبلوماسي عربي لـ 
@AljadahMedia
 

جرت محاولات ضغط عبر الإعلام لافشال المفاوضات لكن واقعيا لم يبلغ المستضيف بأي تدابير لوقف الترتيبات لعقد اجتماع الجمعة بين إيران وأميركا

دور إسرائيلي جلي في التحريض على وقف المفاوضات لاسيما التسريبات الصحفية غير المسؤولةالمزعجة لدول المنطقة","An Arab diplomatic source for 
@AljadahMedia
 

Pressure attempts were made through the media to thwart the negotiations, but in reality the host was not informed of any measures to stop the arrangements for holding a meeting on Friday between Iran and America.

A clear Israeli role in inciting the cessation of negotiations, especially the irresponsible press leaks that disturb the countries of the region."
2019149701279543419,afarouk92,2026-02-04 20:42:57.429000+00:00,المفاوضات تعكس رغبة إيرانية جدية بالتوصل إلى حلول منطقية للقضية النووية دون التنازل عن حقوق الشعب الإيراني في التكنلوجيا النووية السلمية,0,0,0,https://x.com/afarouk92/status/2019149701279543419,المفاوضات تعكس رغبة إيرانية جدية بالتوصل إلى حلول منطقية للقضية النووية دون التنازل عن حقوق الشعب الإيراني في التكنلوجيا النووية السلمية,The negotiations reflect a serious Iranian desire to reach logical solutions to the nuclear issue without compromising the rights of the Iranian people to peaceful nuclear technology.
2019150318534340898,afarouk92,2026-02-04 20:45:24.594000+00:00,"مصدر دبلوماسي إيراني لـ ""
@AljadahMedia
 "":

لن تشمل المحادثات في هذه المرحلة أي مشاركة إقليمية.

القرار مقصود وليس إقصائي، بل ترحب إيران بمشاركة جيرانها في المنطقة.

توسيع الإطار الآن سيكون ذا نتائج عكسية، وقد يحوّل المسار إلى استعراض سياسي بدل مفاوضات مركّزة",0,0,0,https://x.com/afarouk92/status/2019150318534340898,"مصدر دبلوماسي إيراني لـ ""
@AljadahMedia
 "":

لن تشمل المحادثات في هذه المرحلة أي مشاركة إقليمية.

القرار مقصود وليس إقصائي، بل ترحب إيران بمشاركة جيرانها في المنطقة.

توسيع الإطار الآن سيكون ذا نتائج عكسية، وقد يحوّل المسار إلى استعراض سياسي بدل مفاوضات مركّزة","An Iranian diplomatic source told
@AljadahMedia
 "":

The talks at this stage will not include any regional participation.

The decision is intentional and not exclusionary. Rather, Iran welcomes the participation of its neighbors in the region.

Expanding the framework now would be counterproductive, and could turn the path into a political show rather than focused negotiations"
2019122762493870105,afarouk92,2026-02-04 18:55:54.722000+00:00,"مصدر مطلع لوكالة ""تسنيم"":

الحديث لا يدور حول تغيير مكان المفاوضات، أن الولايات المتحدة تغيّر مواقفها وتصريحاتها في كلّ مرة.

الدبلوماسية والتفاوض يتطلّبان ثبات الموقف والجدّية، لا التقلّب المستمر في المواقف تحت تأثير التيارات الداعية إلى الحرب والمرتبطة بإسرائيل.",0,0,0,https://x.com/afarouk92/status/2019122762493870105,"مصدر مطلع لوكالة ""تسنيم"":

الحديث لا يدور حول تغيير مكان المفاوضات، أن الولايات المتحدة تغيّر مواقفها وتصريحاتها في كلّ مرة.

الدبلوماسية والتفاوض يتطلّبان ثبات الموقف والجدّية، لا التقلّب المستمر في المواقف تحت تأثير التيارات الداعية إلى الحرب والمرتبطة بإسرائيل.","An informed source told Tasnim Agency:

The talk is not about changing the location of the negotiations. The United States changes its positions and statements every time.

Diplomacy and negotiation require stability and seriousness, not constant fluctuation in positions under the influence of warmongering trends linked to Israel."
2019071885217034694,afarouk92,2026-02-04 15:33:44.634000+00:00,"الخارجية الإيرانية:

ناقش وزيرا خارجية إيران والسعودية آخر التطورات الإقليمية.

أكد وزير الخارجية السعودي على نهج الرياض في دعم الاستقرار الإقليمي، مشددا على دعم بلاده لأي حلول سياسية ودبلوماسية لتجاوز التحديات القائمة.",0,0,0,https://x.com/afarouk92/status/2019071885217034694,"الخارجية الإيرانية:

ناقش وزيرا خارجية إيران والسعودية آخر التطورات الإقليمية.

أكد وزير الخارجية السعودي على نهج الرياض في دعم الاستقرار الإقليمي، مشددا على دعم بلاده لأي حلول سياسية ودبلوماسية لتجاوز التحديات القائمة.","Iranian Foreign Ministry:

The foreign ministers of Iran and Saudi Arabia discussed the latest regional developments.

The Saudi Foreign Minister stressed Riyadh's approach to supporting regional stability, stressing his country's support for any political and diplomatic solutions to overcome the existing challenges."
2019071888647966990,afarouk92,2026-02-04 15:33:45.452000+00:00,كما أكد وزيرا خارجية إيران والسعودية على ضرورة مواصلة المشاورات الوثيقة للحفاظ على الاستقرار الإقليمي وحماية مصالح جميع دول المنطقة.,0,0,0,https://x.com/afarouk92/status/2019071888647966990,كما أكد وزيرا خارجية إيران والسعودية على ضرورة مواصلة المشاورات الوثيقة للحفاظ على الاستقرار الإقليمي وحماية مصالح جميع دول المنطقة.,The Iranian and Saudi Foreign Ministers also stressed the need to continue close consultations to maintain regional stability and protect the interests of all countries in the region.
2019059382600843622,afarouk92,2026-02-04 14:44:03.778000+00:00,نائب وزير الخارجية الإيراني للشؤون الدولية والقانونية كاظم غريب أبادي، يتوجه إلى الصين، مبعوثا من الرئيس الإيراني وحاملا رسالة منه إلى نظيره الصيني تشي جين بينغ.,0,0,0,https://x.com/afarouk92/status/2019059382600843622,نائب وزير الخارجية الإيراني للشؤون الدولية والقانونية كاظم غريب أبادي، يتوجه إلى الصين، مبعوثا من الرئيس الإيراني وحاملا رسالة منه إلى نظيره الصيني تشي جين بينغ.,"Iranian Deputy Foreign Minister for International and Legal Affairs, Kazem Gharibabadi, heads to China, as an envoy from the Iranian President, carrying a message from him to his Chinese counterpart, Xi Jinping."
2019055020558242094,afarouk92,2026-02-04 14:26:43.786000+00:00,"مصدر دبلوماسي إقليمي لـ المونيتور:

المحادثات إيرانية أميركية تبدأ ببيان لخفض التصعيد وأنهما ملتزمان بمواصلة العمل الدبلوماسي باعتباره المسار الأمثل للمضي قدما.

لا اتفاق على القضايا الخلافية في المرحلة الأولى",0,0,0,https://x.com/afarouk92/status/2019055020558242094,"مصدر دبلوماسي إقليمي لـ المونيتور:

المحادثات إيرانية أميركية تبدأ ببيان لخفض التصعيد وأنهما ملتزمان بمواصلة العمل الدبلوماسي باعتباره المسار الأمثل للمضي قدما.

لا اتفاق على القضايا الخلافية في المرحلة الأولى","A regional diplomatic source told Al-Monitor:

The Iranian-American talks begin with a statement to reduce the escalation and that they are committed to continuing diplomatic work as the best path forward.

No agreement on controversial issues in the first stage"
2019051128512532885,afarouk92,2026-02-04 14:11:15.850000+00:00,"أهم نقاط 
@Alihashem
 في مقالته على الجزيرة الإنجليزية:

-تأكيد عمان مكان للجولة التالية من المحادثات الإيرانية الأمريكية، المقرر عقدها الجمعة

- تخشى إيران من أن توسيع المشاركة يمكن أن يحول المفاوضات إلى استعراض سياسي بدلا من عملية مركزة.",0,0,0,https://x.com/afarouk92/status/2019051128512532885,"أهم نقاط 
@Alihashem
 في مقالته على الجزيرة الإنجليزية:

-تأكيد عمان مكان للجولة التالية من المحادثات الإيرانية الأمريكية، المقرر عقدها الجمعة

- تخشى إيران من أن توسيع المشاركة يمكن أن يحول المفاوضات إلى استعراض سياسي بدلا من عملية مركزة.","Most important points 
@Alihashem
 In his article on Al Jazeera English:

- Amman confirmed as a location for the next round of Iranian-American talks, scheduled to be held on Friday

- Iran fears that expanding participation could turn negotiations into a political show rather than a focused process."
2019051132358664414,afarouk92,2026-02-04 14:11:16.767000+00:00,"- تريد طهران أن يستقر شكل المحادثات مع أميركا أولا قبل توسيع المشاركة

- تقول مصادر متعددة إن الاستعدادات جارية لخارطة طريق نحو اتفاق شامل، وليس صفقة مؤقتة.

- لم يختف خطر الحرب، ولكنه انحسر في الوقت الحالي.",0,0,0,https://x.com/afarouk92/status/2019051132358664414,"- تريد طهران أن يستقر شكل المحادثات مع أميركا أولا قبل توسيع المشاركة

- تقول مصادر متعددة إن الاستعدادات جارية لخارطة طريق نحو اتفاق شامل، وليس صفقة مؤقتة.

- لم يختف خطر الحرب، ولكنه انحسر في الوقت الحالي.","- Tehran wants the format of the talks with America to stabilize first before expanding participation

Multiple sources say that preparations are underway for a road map towards a comprehensive agreement, not a temporary deal.

- The threat of war has not disappeared, but it has receded for the time being."
2019051136582385856,afarouk92,2026-02-04 14:11:17.774000+00:00,- تشمل القضايا الرئيسية التي لم يتم حلها برنامج الصواريخ الباليستية الإيراني ووضع الردع الإقليمي.,0,0,0,https://x.com/afarouk92/status/2019051136582385856,- تشمل القضايا الرئيسية التي لم يتم حلها برنامج الصواريخ الباليستية الإيراني ووضع الردع الإقليمي.,- Key unresolved issues include Iran's ballistic missile program and regional deterrence status.
2019050409868808584,afarouk92,2026-02-04 14:08:24.512000+00:00,"وکالة تسنيم الإيرانية:

المفاوضات غير المباشرة بين إيران وأميركا ستُعقد يوم الجمعة في مسقط.

ستنحصر محاور المفاوضات في الملف النووي ورفع العقوبات على إيران.

 من المقرر أن يشارك في هذه المفاوضات كلٌّ من وزير الخارجية الإيراني عباس عراقتشي، والمندوب الخاص الأميركي ويتكوف.",0,0,0,https://x.com/afarouk92/status/2019050409868808584,"وکالة تسنيم الإيرانية:

المفاوضات غير المباشرة بين إيران وأميركا ستُعقد يوم الجمعة في مسقط.

ستنحصر محاور المفاوضات في الملف النووي ورفع العقوبات على إيران.

 من المقرر أن يشارك في هذه المفاوضات كلٌّ من وزير الخارجية الإيراني عباس عراقتشي، والمندوب الخاص الأميركي ويتكوف.","Iranian Tasnim Agency:

Indirect negotiations between Iran and America will be held on Friday in Muscat.

The focus of the negotiations will be limited to the nuclear file and lifting sanctions on Iran.

 Iranian Foreign Minister Abbas Araqchi and US Special Representative Witkoff are scheduled to participate in these negotiations."
2019015096186310996,afarouk92,2026-02-04 11:48:05.074000+00:00,"“Iran’s reluctance to involve regional countries in talks for now stems not from a desire to be exclusionary, but a worry that more players in the room could “risk turning the process into a political display instead of a focused negotiation”, the official said.”
My piece for",0,0,0,https://x.com/Alihashem/status/2019015096186310996,"“Iran’s reluctance to involve regional countries in talks for now stems not from a desire to be exclusionary, but a worry that more players in the room could “risk turning the process into a political display instead of a focused negotiation”, the official said.”
My piece for","“Iran’s reluctance to involve regional countries in talks for now stems not from a desire to be exclusionary, but a worry that more players in the room could “risk turning the process into a political display instead of a focused negotiation”, the official said.”
My piece for"
2018956230589296940,afarouk92,2026-02-04 07:54:10.422000+00:00,"يبدو أن #إيران قررت أن تعود إلى الوساطة العمانية معتذرة إلى الوسيط التركي. 
وهناك أسباب من بينها أن تركيا تسعى لدور أكبر من مجرد المستضيف، وتؤيد ادخال جزئيات أخرى غير الملف النووي اضافة إلى الحديث عن أطراف أخرى.
الأسلوب التفاوضي الإيراني ما زال مصرا على تفكيك الملفات. سيفاوض بسأن",0,0,0,https://x.com/AlsmadiFatima/status/2018956230589296940,"يبدو أن #إيران قررت أن تعود إلى الوساطة العمانية معتذرة إلى الوسيط التركي. 
وهناك أسباب من بينها أن تركيا تسعى لدور أكبر من مجرد المستضيف، وتؤيد ادخال جزئيات أخرى غير الملف النووي اضافة إلى الحديث عن أطراف أخرى.
الأسلوب التفاوضي الإيراني ما زال مصرا على تفكيك الملفات. سيفاوض بسأن","It seems that #Iran has decided to return to the Omani mediation, apologizing to the Turkish mediator. 
There are reasons, including that Turkey seeks a greater role than just the host, and supports the inclusion of details other than the nuclear file, in addition to talking about other parties.
The Iranian negotiating method is still insisting on dismantling the files. He will negotiate"
2018772605885394986,afarouk92,2026-02-03 19:44:30.881000+00:00,"مصدر مطلع لوكالة تسنيم الإيرانية:

المسيّرة «شاهد 129» كانت تنفذ مهمتها القانونية والمعتادة في المياه الدولية للاستطلاع والرصد والتصوير، وهذا إجراء طبيعي وقانوني

المسيّرة ارسلت صورها وبياناتها إلى المركز، لكنها انقطع معها الاتصال",0,0,0,https://x.com/afarouk92/status/2018772605885394986,"مصدر مطلع لوكالة تسنيم الإيرانية:

المسيّرة «شاهد 129» كانت تنفذ مهمتها القانونية والمعتادة في المياه الدولية للاستطلاع والرصد والتصوير، وهذا إجراء طبيعي وقانوني

المسيّرة ارسلت صورها وبياناتها إلى المركز، لكنها انقطع معها الاتصال","An informed source from the Iranian Tasnim Agency:

The “Shahed 129” drone was carrying out its legal and usual mission in international waters for reconnaissance, monitoring and photography, and this is a normal and legal procedure.

The drone sent its pictures and data to the center, but communication with it was lost"
2018771960642113601,afarouk92,2026-02-03 19:41:57.043000+00:00,"المتحدث باسم الخارجية الإيرانية إسماعيل بقائي:

التخطيط لإجراء مفاوضات بين إيران وأميركا خلال الأيام المقبلة تم وفق توجيهات الرئيس، و المشاورات جارية لتحديد مكان انعقادها وسيُعلن عنه فور حسمه.

مكان وزمان المحادثات ليسا مسألة معقدة ولا ينبغي استغلالهما إعلاميًا.",0,0,0,https://x.com/afarouk92/status/2018771960642113601,"المتحدث باسم الخارجية الإيرانية إسماعيل بقائي:

التخطيط لإجراء مفاوضات بين إيران وأميركا خلال الأيام المقبلة تم وفق توجيهات الرئيس، و المشاورات جارية لتحديد مكان انعقادها وسيُعلن عنه فور حسمه.

مكان وزمان المحادثات ليسا مسألة معقدة ولا ينبغي استغلالهما إعلاميًا.","Iranian Foreign Ministry spokesman Ismail Baghaei:

Planning to hold negotiations between Iran and America in the coming days has been carried out according to the President’s directives, and consultations are underway to determine the location of their holding and will be announced as soon as it is decided.

The place and time of the talks is not a complex issue and should not be exploited by the media."
2018771979998724100,afarouk92,2026-02-03 19:42:01.658000+00:00,"نعرب عن تقديرنا للدول الصديقة التي تحركت بحسن نية لتوفير أرضية لمسار دبلوماسي، وبالطبع هذا التعاون محل تقدير طهران.

تركيا وعُمان ودولًا إقليمية أخرى أعلنت استعدادها لاستضافة الحوار.",0,0,0,https://x.com/afarouk92/status/2018771979998724100,"نعرب عن تقديرنا للدول الصديقة التي تحركت بحسن نية لتوفير أرضية لمسار دبلوماسي، وبالطبع هذا التعاون محل تقدير طهران.

تركيا وعُمان ودولًا إقليمية أخرى أعلنت استعدادها لاستضافة الحوار.","We express our appreciation to the friendly countries that moved in good faith to provide a platform for a diplomatic path, and of course this cooperation is appreciated by Tehran.

Türkiye, Oman and other regional countries announced their readiness to host the dialogue."
2018733631217561945,afarouk92,2026-02-03 17:09:38.596000+00:00,"مصدران لموقع أكسيوس:

إيران طالبت بتغيير مكان وشكل المفاوضات مع الولايات المتحدة المقررة يوم الجمعة لتكون في عُمان و بشكل ثنائي، بحضور الولايات المتحدة فقط، بدلًا من حضور عدة دول عربية وإسلامية بصفة مراقبين.",0,0,0,https://x.com/afarouk92/status/2018733631217561945,"مصدران لموقع أكسيوس:

إيران طالبت بتغيير مكان وشكل المفاوضات مع الولايات المتحدة المقررة يوم الجمعة لتكون في عُمان و بشكل ثنائي، بحضور الولايات المتحدة فقط، بدلًا من حضور عدة دول عربية وإسلامية بصفة مراقبين.","Two sources for Axios:

Iran demanded that the location and format of the negotiations with the United States scheduled for Friday be changed to be held in Oman bilaterally, with only the United States in attendance, instead of several Arab and Islamic countries attending as observers."
2018733298969649573,afarouk92,2026-02-03 17:08:19.382000+00:00,أجرى وزيرا خارجية إيران والكويت محادثة هاتفية لمناقشة التطورات الإقليمية والعلاقات الثنائية.,0,0,0,https://x.com/afarouk92/status/2018733298969649573,أجرى وزيرا خارجية إيران والكويت محادثة هاتفية لمناقشة التطورات الإقليمية والعلاقات الثنائية.,The Foreign Ministers of Iran and Kuwait held a telephone conversation to discuss regional developments and bilateral relations.
2018733169470550337,afarouk92,2026-02-03 17:07:48.507000+00:00,وزير خارجية إيران عباس عراقتشي، يبحث هاتفيا مع نظيره العماني بدر البوسعيدي، العلاقات الثنائية والتطورات الإقليمية,0,0,0,https://x.com/afarouk92/status/2018733169470550337,وزير خارجية إيران عباس عراقتشي، يبحث هاتفيا مع نظيره العماني بدر البوسعيدي، العلاقات الثنائية والتطورات الإقليمية,Iranian Foreign Minister Abbas Araqchi discusses bilateral relations and regional developments by phone with his Omani counterpart Badr al-Busaidi.
2018733171131679141,afarouk92,2026-02-03 17:07:48.903000+00:00,"خارجية إيران:
وزير خارجية إيران يشيد في اتصال هاتفي مع نظيره العماني بجهود عُمان في سبيل الحفاظ على السلام والأمن في المنطقة، ويؤكد  أهمية التعاون والتنسيق الوثيق بين الدول الصديقة لضمان المصالح المشتركة والجماعية لشعوب المنطقة.",0,0,0,https://x.com/afarouk92/status/2018733171131679141,"خارجية إيران:
وزير خارجية إيران يشيد في اتصال هاتفي مع نظيره العماني بجهود عُمان في سبيل الحفاظ على السلام والأمن في المنطقة، ويؤكد  أهمية التعاون والتنسيق الوثيق بين الدول الصديقة لضمان المصالح المشتركة والجماعية لشعوب المنطقة.","Iran's Foreign Ministry:
In a phone call with his Omani counterpart, the Iranian Foreign Minister praised Oman’s efforts to maintain peace and security in the region, and stressed the importance of close cooperation and coordination between friendly countries to ensure the common and collective interests of the peoples of the region."
2018681690697117712,afarouk92,2026-02-03 13:43:15.011000+00:00,"حضور عربي وإقليمي في المفاوضات الأمريكية الإيرانية المرتقبة في تركيا

مادتي على الجزيرة نت
 
aja.ws/idfoav via 
@AJArabicnet",0,0,0,https://x.com/ghazal_aryahi/status/2018681690697117712,"حضور عربي وإقليمي في المفاوضات الأمريكية الإيرانية المرتقبة في تركيا

مادتي على الجزيرة نت
 
aja.ws/idfoav via 
@AJArabicnet","An Arab and regional presence in the upcoming US-Iranian negotiations in Turkey

My article is on Al Jazeera Net
 
aja.ws/idfoav via 
@AJArabicnet"
2018613347554361507,afarouk92,2026-02-03 09:11:40.736000+00:00,"إيران على حافة الحرب على أبواب الدبلوماسية | حازم كلاس | مقال | التلفزيون العربي

ليس الإيرانيون وحدهم من يحبسون أنفاسهم هذه الأيام، بل شعوب المنطقة بأسرها تقريبًا، الجميع ينتظر قرارًا لا يعرف متى ومن أين سيصدر.
 المقال كاملاً ",0,0,0,https://x.com/Hazem_Kallass/status/2018613347554361507,"إيران على حافة الحرب على أبواب الدبلوماسية | حازم كلاس | مقال | التلفزيون العربي

ليس الإيرانيون وحدهم من يحبسون أنفاسهم هذه الأيام، بل شعوب المنطقة بأسرها تقريبًا، الجميع ينتظر قرارًا لا يعرف متى ومن أين سيصدر.
 المقال كاملاً ","Iran is on the brink of war at the gates of diplomacy Hazem Kallas | Article | Arab TV

It is not only the Iranians who are holding their breath these days, but rather the peoples of almost the entire region. Everyone is waiting for a decision that does not know when or from where it will be issued.
 Full article"
2018022214017417678,afarouk92,2026-02-01 18:02:43.518000+00:00,"مسؤول أمريكي لـ أكسيوس:

إدارة ترمب أبلغت إيران عبر قنوات متعددة استعدادها لعقد لقاء للتفاوض على اتفاق

ترمب لا يزال منفتحا على حل دبلوماسي مع إيران

تصريحات ترمب الأخيرة بشأن إيران ليست مناورة",0,0,0,https://x.com/afarouk92/status/2018022214017417678,"مسؤول أمريكي لـ أكسيوس:

إدارة ترمب أبلغت إيران عبر قنوات متعددة استعدادها لعقد لقاء للتفاوض على اتفاق

ترمب لا يزال منفتحا على حل دبلوماسي مع إيران

تصريحات ترمب الأخيرة بشأن إيران ليست مناورة","An American official told Axios:

The Trump administration informed Iran through multiple channels of its readiness to hold a meeting to negotiate an agreement

Trump is still open to a diplomatic solution with Iran

Trump's recent statements regarding Iran are not a maneuver"
2017876101255544868,afarouk92,2026-02-01 08:22:07.521000+00:00,"القائد الأعلى في إيران علي خامنئي، خلال لقاء جماهيري:

على الأميركيين أن يعوا أنهم إذا أطلقوا حربا، فستكون هذه المرة حربا اقليمية",0,0,0,https://x.com/afarouk92/status/2017876101255544868,"القائد الأعلى في إيران علي خامنئي، خلال لقاء جماهيري:

على الأميركيين أن يعوا أنهم إذا أطلقوا حربا، فستكون هذه المرة حربا اقليمية","Iran's Supreme Leader Ali Khamenei, during a public meeting:

The Americans must realize that if they launch a war, this time it will be a regional war"
2017688274228367673,afarouk92,2026-01-31 19:55:46.068000+00:00,"التلفزیون الإيراني: 

وزير الخارجية القطري محمد بن عبد الرحمن آل ثاني، نقل رسال إلى طهران، وغادر العاصمة بعد ذلك مباشرة.",0,0,0,https://x.com/afarouk92/status/2017688274228367673,"التلفزیون الإيراني: 

وزير الخارجية القطري محمد بن عبد الرحمن آل ثاني، نقل رسال إلى طهران، وغادر العاصمة بعد ذلك مباشرة.","Iranian TV: 

Qatari Foreign Minister Mohammed bin Abdul Rahman Al Thani conveyed a message to Tehran, and left the capital immediately afterwards."
2017704549180727320,afarouk92,2026-01-31 21:00:26.319000+00:00,"الخارجية القطرية:

رئيس الوزراء وزير الخارجية بحث في طهران مع علي لاريجاني جهود خفض التصعيد في المنطقة

رئيس الوزراء وزير الخارجية أكد للاريجاني دعم قطر للحلول السلمية تعزيزا لأمن واستقرار المنطقة",0,0,0,https://x.com/afarouk92/status/2017704549180727320,"الخارجية القطرية:

رئيس الوزراء وزير الخارجية بحث في طهران مع علي لاريجاني جهود خفض التصعيد في المنطقة

رئيس الوزراء وزير الخارجية أكد للاريجاني دعم قطر للحلول السلمية تعزيزا لأمن واستقرار المنطقة","Qatari Foreign Ministry:

The Prime Minister and Minister of Foreign Affairs discussed in Tehran with Ali Larijani efforts to reduce the escalation in the region

The Prime Minister and Minister of Foreign Affairs assured Larijani of Qatar's support for peaceful solutions to enhance the security and stability of the region"
2017686307619942441,afarouk92,2026-01-31 19:47:57.192000+00:00,"بين موسكو وإسطنبول والدوحة وواشنطن وطهران سباق مع الوقت لابعاد شبح الحرب. زيارة علي لاريجاني إلى موسكو وعباس عراقجي إلى إسطنبول ساهمت في بلورة مجموعة أفكار، لتكتمل الصورة بزيارة رئيس الوزراء القطري محمد بن عبد الرحمن آل ثاني الذي يبدو أنه حمل الرسالة الأخيرة المهمة. 
اعقبها",0,0,0,https://x.com/Alihashem/status/2017686307619942441,"بين موسكو وإسطنبول والدوحة وواشنطن وطهران سباق مع الوقت لابعاد شبح الحرب. زيارة علي لاريجاني إلى موسكو وعباس عراقجي إلى إسطنبول ساهمت في بلورة مجموعة أفكار، لتكتمل الصورة بزيارة رئيس الوزراء القطري محمد بن عبد الرحمن آل ثاني الذي يبدو أنه حمل الرسالة الأخيرة المهمة. 
اعقبها","Between Moscow, Istanbul, Doha, Washington and Tehran, there is a race against time to banish the specter of war. The visit of Ali Larijani to Moscow and Abbas Araqchi to Istanbul contributed to the crystallization of a set of ideas, and the picture was completed by the visit of Qatari Prime Minister Mohammed bin Abdul Rahman Al Thani, who seems to have carried the last important message. 
Follow it"
2017663773973057963,afarouk92,2026-01-31 18:18:24.752000+00:00,"ترامب لشبكة فوكس نيوز: ""الإيرانيون يتحدثون إلينا - دعونا نرى ما إذا كان بإمكاننا تحقيق شيء ما"".",0,0,0,https://x.com/afarouk92/status/2017663773973057963,"ترامب لشبكة فوكس نيوز: ""الإيرانيون يتحدثون إلينا - دعونا نرى ما إذا كان بإمكاننا تحقيق شيء ما"".","Trump to Fox News: ""The Iranians are talking to us — let's see if we can get something done."""
2017659291461705905,afarouk92,2026-01-31 18:00:36.038000+00:00,"أمين المجلس الأعلى للأمن القومي الإيراني علي لاريجاني:
خلافا لأجواء الحرب الإعلامية المصطنعة، يتقدم العمل على تشكيل إطار للمفاوضات.",0,0,0,https://x.com/afarouk92/status/2017659291461705905,"أمين المجلس الأعلى للأمن القومي الإيراني علي لاريجاني:
خلافا لأجواء الحرب الإعلامية المصطنعة، يتقدم العمل على تشكيل إطار للمفاوضات.","Secretary of the Iranian Supreme National Security Council, Ali Larijani:
In contrast to the atmosphere of artificial media war, work is progressing on forming a framework for negotiations."
2017559116546252936,afarouk92,2026-01-31 11:22:32.477000+00:00,"من البازار بدأت الاحتجاجات الأخيرة في إيران وتطورت الأمور بشكل دراماتيكي وصولا إلى التوتر المتصاعد بين طهران وواشنطن 
فما قصة  البازار في طهران وما دوره في السياسة؟
@Hazem_Kallass",0,0,0,https://x.com/AlarabyTV/status/2017559116546252936,"من البازار بدأت الاحتجاجات الأخيرة في إيران وتطورت الأمور بشكل دراماتيكي وصولا إلى التوتر المتصاعد بين طهران وواشنطن 
فما قصة  البازار في طهران وما دوره في السياسة؟
@Hazem_Kallass","From the bazaar, the recent protests began in Iran, and things developed dramatically, leading to escalating tension between Tehran and Washington. 
What is the story of the bazaar in Tehran and what is its role in politics?
@Hazem_Kallass"
2017619454381699212,afarouk92,2026-01-31 15:22:18.138000+00:00,"مواقع إيرانية:

وزير الخارجية القطري محمد بن عبد الرحمن، يصل طهران",0,0,0,https://x.com/afarouk92/status/2017619454381699212,"مواقع إيرانية:

وزير الخارجية القطري محمد بن عبد الرحمن، يصل طهران","Iranian websites:

Qatari Foreign Minister Mohammed bin Abdul Rahman arrives in Tehran"
2017528940777377877,afarouk92,2026-01-31 09:22:38.013000+00:00,"عناصر صفقة ترامب وسيناريوهات قبولها أو رفضها

تقرير مشترك مع الزميل المراسل في واشنطن
 
aja.ws/spnkm0 via 
@AJArabicnet",0,0,0,https://x.com/ghazal_aryahi/status/2017528940777377877,"عناصر صفقة ترامب وسيناريوهات قبولها أو رفضها

تقرير مشترك مع الزميل المراسل في واشنطن
 
aja.ws/spnkm0 via 
@AJArabicnet","Elements of the Trump deal and scenarios for accepting or rejecting it

Joint report with fellow correspondent in Washington
 
aja.ws/spnkm0 via 
@AJArabicnet"
2017354606464893289,afarouk92,2026-01-30 21:49:53.474000+00:00,"Decisive hours in Tehran. Trump leaked a potential timing for a strike, Iranian envoys back from Istanbul and Moscow with offers for deescalation, not clear whether the offers are enough to diffuse the crisis. Even if the 400 kg of enriched uranium are handed over to a trusted",0,0,0,https://x.com/Alihashem/status/2017354606464893289,"Decisive hours in Tehran. Trump leaked a potential timing for a strike, Iranian envoys back from Istanbul and Moscow with offers for deescalation, not clear whether the offers are enough to diffuse the crisis. Even if the 400 kg of enriched uranium are handed over to a trusted","Decisive hours in Tehran. Trump leaked a potential timing for a strike, Iranian envoys back from Istanbul and Moscow with offers for deescalation, not clear whether the offers are enough to diffuse the crisis. Even if the 400 kg of enriched uranium are handed over to a trusted"
2017303225750143179,afarouk92,2026-01-30 18:25:43.357000+00:00,"مخاوف خليجية من تداعيات أي مواجهة محتملة بين واشنطن وطهران.. فهل هناك خطة احتواء واضحة؟
حلقة #من_واشنطن على شاشة #الجزيرة ومنصاتها الرقمية
#شاهد | 
aja.me/vzngog",0,0,0,https://x.com/AJMinWash/status/2017303225750143179,"مخاوف خليجية من تداعيات أي مواجهة محتملة بين واشنطن وطهران.. فهل هناك خطة احتواء واضحة؟
حلقة #من_واشنطن على شاشة #الجزيرة ومنصاتها الرقمية
#شاهد | 
aja.me/vzngog","Gulf fears about the repercussions of any potential confrontation between Washington and Tehran.. Is there a clear containment plan?
An episode of #From_Washington on #Al Jazeera’s screen and digital platforms
#Watch | 
aja.me/vzngog"
2017296838169108579,afarouk92,2026-01-30 18:00:20.439000+00:00,"سفير إيران لدى روسيا كاظم جلالي:

أمين المجلس الأعلى للأمن القومي الإيراني علي لاريجاني، تباحث عصر الجمعة مع رئيس روسيا فلاديمير بوتين،في الكرملين.

ركزت المحادثات على توسيع العلاقات الثنائية، ولاسيما العلاقات الاقتصادية بين البلدين، كما تشاورا حول قضايا إقليمية ودولية هامة",0,0,0,https://x.com/afarouk92/status/2017296838169108579,"سفير إيران لدى روسيا كاظم جلالي:

أمين المجلس الأعلى للأمن القومي الإيراني علي لاريجاني، تباحث عصر الجمعة مع رئيس روسيا فلاديمير بوتين،في الكرملين.

ركزت المحادثات على توسيع العلاقات الثنائية، ولاسيما العلاقات الاقتصادية بين البلدين، كما تشاورا حول قضايا إقليمية ودولية هامة","Iranian Ambassador to Russia Kazem Jalali:

Secretary of the Iranian Supreme National Security Council, Ali Larijani, discussed Friday afternoon with Russian President Vladimir Putin, in the Kremlin.

The talks focused on expanding bilateral relations, especially economic relations between the two countries. They also consulted on important regional and international issues."
2016980364414116306,afarouk92,2026-01-29 21:02:47.216000+00:00,"وبينما يحاول أردوغان إقناع الإيرانيين بالتحدث إلى ترامب عبر الهاتف، يتم تسريب بعض الأفكار الإبداعية إلى وسائل الإعلام التركية حول كيفية المضي قدما.

يبدو أن أنقرة تريد من إيران تقديم صفقة نفطية لترامب، مما يسمح للشركات الأمريكية بالعمل في إيران.",0,0,0,https://x.com/afarouk92/status/2016980364414116306,"وبينما يحاول أردوغان إقناع الإيرانيين بالتحدث إلى ترامب عبر الهاتف، يتم تسريب بعض الأفكار الإبداعية إلى وسائل الإعلام التركية حول كيفية المضي قدما.

يبدو أن أنقرة تريد من إيران تقديم صفقة نفطية لترامب، مما يسمح للشركات الأمريكية بالعمل في إيران.","As Erdogan tries to convince the Iranians to talk to Trump on the phone, some creative ideas are being leaked to Turkish media on how to proceed.

Ankara appears to want Iran to offer Trump an oil deal, allowing US companies to operate in Iran."
2016916296563126323,afarouk92,2026-01-29 16:48:12.250000+00:00,"ميدل إيست آي:

أردوغان اقترح عقد فيديو كونفرنس بين دونالد ترامب ومسعود بزشكيان لخفض التوترات",0,0,0,https://x.com/afarouk92/status/2016916296563126323,"ميدل إيست آي:

أردوغان اقترح عقد فيديو كونفرنس بين دونالد ترامب ومسعود بزشكيان لخفض التوترات","Middle East Eye:

Erdogan suggested holding a video conference between Donald Trump and Masoud Pezeshkian to reduce tensions"
2016915918425588069,afarouk92,2026-01-29 16:46:42.095000+00:00,"تحدث الرئيس الإيراني مع أمير قطر ورئيس وزراء باكستان قائلا ""إذا سعت الولايات المتحدة إلى دبلوماسية حقيقية فعليها إنهاء أعمالها الاستفزازية"". وأضاف أنه ""بينما تختار إيران طريق الحوار الكريم، فإنها لن تتردد في الدفاع عن نفسها"".",0,0,0,https://x.com/afarouk92/status/2016915918425588069,"تحدث الرئيس الإيراني مع أمير قطر ورئيس وزراء باكستان قائلا ""إذا سعت الولايات المتحدة إلى دبلوماسية حقيقية فعليها إنهاء أعمالها الاستفزازية"". وأضاف أنه ""بينما تختار إيران طريق الحوار الكريم، فإنها لن تتردد في الدفاع عن نفسها"".","The Iranian president spoke with the Emir of Qatar and the Prime Minister of Pakistan, saying, “If the United States seeks real diplomacy, it must end its provocative actions.” He added, ""While Iran chooses the path of decent dialogue, it will not hesitate to defend itself."""
2016893112652571006,afarouk92,2026-01-29 15:16:04.775000+00:00,مباحثات هاتفية لوزير الخارجية الإيراني مع وزراء خارجية قطر ومصر وعمان وتركيا والإمارات وباكستان منذ مساء أمس لمناقشة الوضع الإقليمي. من المقرر أيضا أن يزور تركيا غدا الجمعة.,0,0,0,https://x.com/afarouk92/status/2016893112652571006,مباحثات هاتفية لوزير الخارجية الإيراني مع وزراء خارجية قطر ومصر وعمان وتركيا والإمارات وباكستان منذ مساء أمس لمناقشة الوضع الإقليمي. من المقرر أيضا أن يزور تركيا غدا الجمعة.,"The Iranian Foreign Minister held telephone discussions with the foreign ministers of Qatar, Egypt, Oman, Turkey, the UAE and Pakistan since yesterday evening to discuss the regional situation. He is also scheduled to visit Türkiye tomorrow, Friday."
2016573773026123937,afarouk92,2026-01-28 18:07:08.275000+00:00,"وزبر الخارجية الإيراني عباس عراقتشي، ردا على ترامب:

قواتنا المسلحة الشجاعة جاهزة وأصابعها على الزناد للرد فوراً وبقوة على أي عدوان ضد البلاد

الدروس القيمة المستفادة من حرب الـ12 يوما مكنتنا من الرد بقوة وسرعة وعمق أكبر",0,0,0,https://x.com/afarouk92/status/2016573773026123937,"وزبر الخارجية الإيراني عباس عراقتشي، ردا على ترامب:

قواتنا المسلحة الشجاعة جاهزة وأصابعها على الزناد للرد فوراً وبقوة على أي عدوان ضد البلاد

الدروس القيمة المستفادة من حرب الـ12 يوما مكنتنا من الرد بقوة وسرعة وعمق أكبر","Iranian Foreign Minister Abbas Araqchi, in response to Trump:

Our brave armed forces are ready with their fingers on the trigger to respond immediately and forcefully to any aggression against the country

The valuable lessons learned from the 12-day war enabled us to respond with greater force, speed, and depth"
2016573784296157694,afarouk92,2026-01-28 18:07:10.962000+00:00,"طهران رحبت مرارا باتفاق نووي عادل يضمن حقوقها ويكفل عدم امتلاكها أسلحة نووية

لا مكان للأسلحة النووية في حساباتنا الأمنية ولم نسع قط إلى امتلاكها

إيران لا تزال ترحب باتفاق نووي عادل يضمن حقوق إيران في التقنية النووية السلمية ويضمن عدم امتلاك أسلحة نووية",0,0,0,https://x.com/afarouk92/status/2016573784296157694,"طهران رحبت مرارا باتفاق نووي عادل يضمن حقوقها ويكفل عدم امتلاكها أسلحة نووية

لا مكان للأسلحة النووية في حساباتنا الأمنية ولم نسع قط إلى امتلاكها

إيران لا تزال ترحب باتفاق نووي عادل يضمن حقوق إيران في التقنية النووية السلمية ويضمن عدم امتلاك أسلحة نووية","Tehran has repeatedly welcomed a fair nuclear agreement that guarantees its rights and ensures that it does not possess nuclear weapons

There is no place for nuclear weapons in our security calculations, and we have never sought to possess them

Iran still welcomes a fair nuclear agreement that guarantees Iran's rights to peaceful nuclear technology and ensures that it does not possess nuclear weapons"
2016573692096991598,afarouk92,2026-01-28 18:06:48.980000+00:00,"المستشار السياسي للقائد الأعلى عضو مجلس الدفاع في إيران علي شمخاني:

 الحديث عن ضربة محدودة على إيران وهم

أي عمل عسكري أميركي من أي منطلق وبأي مستوى يُعدّ بدءاً للحرب وسيكون الرد عليه فورياً

ردنا على العدوان سيكون فورياً وغير مسبوق يستهدف المعتدي وجميع مؤيديه وقلب تل أبيب",0,0,0,https://x.com/afarouk92/status/2016573692096991598,"المستشار السياسي للقائد الأعلى عضو مجلس الدفاع في إيران علي شمخاني:

 الحديث عن ضربة محدودة على إيران وهم

أي عمل عسكري أميركي من أي منطلق وبأي مستوى يُعدّ بدءاً للحرب وسيكون الرد عليه فورياً

ردنا على العدوان سيكون فورياً وغير مسبوق يستهدف المعتدي وجميع مؤيديه وقلب تل أبيب","Political Advisor to the Supreme Leader and Member of the Defense Council of Iran Ali Shamkhani:

 Talk of a limited strike on Iran is an illusion

Any American military action, from any beginning and at any level, is considered the beginning of a war, and the response to it will be immediate

Our response to the aggression will be immediate and unprecedented, targeting the aggressor, all his supporters, and the heart of Tel Aviv"
2016225450847047998,afarouk92,2026-01-27 19:03:01.796000+00:00,"تنش فزاینده میان ایران و آمریکا
شروط دولت ترامپ چیست و چقدر ممکن است رهبر جمهوری اسلامی برای جلوگیری از جنگ به آنها تن دهد؟

علی واعظ، مدیر پروژه ایران در گروه بین‌المللی بحران",0,0,0,https://x.com/bbcpersian/status/2016225450847047998,"تنش فزاینده میان ایران و آمریکا
شروط دولت ترامپ چیست و چقدر ممکن است رهبر جمهوری اسلامی برای جلوگیری از جنگ به آنها تن دهد؟

علی واعظ، مدیر پروژه ایران در گروه بین‌المللی بحران","The growing tension between Iran and America
What are the conditions of the Trump administration and how much might the leader of the Islamic Republic agree to them to prevent war?

Ali Vaez, Iran Project Manager at the International Crisis Group"
2016228204114071829,afarouk92,2026-01-27 19:13:58.226000+00:00,مباحثات هاتفية لوزير الخارجية الإيراني ورئيس وزراء قطر وزير الخارجية حول الوضع في المنطقة بما في ذلك الجهود الدبلوماسية لوقف التصعيد والاستقرار في المنطقة.,0,0,0,https://x.com/afarouk92/status/2016228204114071829,مباحثات هاتفية لوزير الخارجية الإيراني ورئيس وزراء قطر وزير الخارجية حول الوضع في المنطقة بما في ذلك الجهود الدبلوماسية لوقف التصعيد والاستقرار في المنطقة.,"Telephone discussions between the Iranian Foreign Minister and the Qatari Prime Minister and Foreign Minister about the situation in the region, including diplomatic efforts to stop escalation and stability in the region."
2016151943484260585,afarouk92,2026-01-27 14:10:56.275000+00:00,مع تصاعد التوتر بين #طهران و #واشنطن بعد الاحتجاجات الأخيرة في #إيران، وتزامنا مع التحشيد العسكري الأميركي في المنطقة وتحذير القادة العسكريين الإيرانيين بالرد على أي هجوم أو ضربات أميركية.. يبرز اسم العسكر في إيران، فما هو دورهم، وكيف هي علاقتهم بالسلطة، وما الفرق بين الجيش و,0,0,0,https://x.com/AlarabyTV/status/2016151943484260585,مع تصاعد التوتر بين #طهران و #واشنطن بعد الاحتجاجات الأخيرة في #إيران، وتزامنا مع التحشيد العسكري الأميركي في المنطقة وتحذير القادة العسكريين الإيرانيين بالرد على أي هجوم أو ضربات أميركية.. يبرز اسم العسكر في إيران، فما هو دورهم، وكيف هي علاقتهم بالسلطة، وما الفرق بين الجيش و,"With the escalation of tension between #Tehran and #Washington after the recent protests in #Iran, and coinciding with the American military buildup in the region and the warning of Iranian military commanders to respond to any American attack or strikes... the name of the military in Iran stands out. What is their role, what is their relationship with power, and what is the difference between the army and"
2016079805893243368,afarouk92,2026-01-27 09:24:17.333000+00:00,"واشنطن وطهران بين التحشيد والتهديد.. هل ستندلع الحرب؟ 

تقرير مشترك من طهران وواشنطن.. على الجزيرة نت
aja.ws/jez4f2 via 
@AJArabicnet",0,0,0,https://x.com/ghazal_aryahi/status/2016079805893243368,"واشنطن وطهران بين التحشيد والتهديد.. هل ستندلع الحرب؟ 

تقرير مشترك من طهران وواشنطن.. على الجزيرة نت
aja.ws/jez4f2 via 
@AJArabicnet","Washington and Tehran between mobilization and threats... Will war break out? 

A joint report from Tehran and Washington... on Al Jazeera Net
aja.ws/jez4f2 via 
@AJArabicnet"
2016176614413893847,afarouk92,2026-01-27 15:48:58.283000+00:00," رئيس إيران مسعود بزشكيان، خلال اتصال هاتفي مع ولي عهد #السعودية:

أشار إلى تصعيد أميركا والكيان الصهيوني للعداء ضد الشعب الإيراني منذ بداية ولايته، بما في ذلك ممارسة الضغوط الاقتصادية، وفرض الحرب، والتدخل المباشر في تحريض ودعم مثيري الشغب والمحرضين في الأحداث الأخيرة",0,0,0,https://x.com/afarouk92/status/2016176614413893847," رئيس إيران مسعود بزشكيان، خلال اتصال هاتفي مع ولي عهد #السعودية:

أشار إلى تصعيد أميركا والكيان الصهيوني للعداء ضد الشعب الإيراني منذ بداية ولايته، بما في ذلك ممارسة الضغوط الاقتصادية، وفرض الحرب، والتدخل المباشر في تحريض ودعم مثيري الشغب والمحرضين في الأحداث الأخيرة","Iranian President Masoud Pezeshkian, during a phone call with the Crown Prince of #Saudi Arabia:

He pointed out that America and the Zionist entity have escalated hostility against the Iranian people since the beginning of his term, including exerting economic pressure, imposing war, and direct interference in inciting and supporting rioters and instigators in recent events."
2016176633548353739,afarouk92,2026-01-27 15:49:02.845000+00:00,إيران كانت ولا تزال مستعدة للترحيب، في إطار القانون الدولي ومع الحفاظ الكامل على حقوق الأمة والبلاد واحترامها، بأي عملية تؤدي إلى السلام والهدوء ومنع الصراع والحرب، لأن رغبتنا هي تحقيق الحقوق والعدالة حتى يتمكن جميع الناس في العالم من العيش معًا في سلام وهدوء.,0,0,0,https://x.com/afarouk92/status/2016176633548353739,إيران كانت ولا تزال مستعدة للترحيب، في إطار القانون الدولي ومع الحفاظ الكامل على حقوق الأمة والبلاد واحترامها، بأي عملية تؤدي إلى السلام والهدوء ومنع الصراع والحرب، لأن رغبتنا هي تحقيق الحقوق والعدالة حتى يتمكن جميع الناس في العالم من العيش معًا في سلام وهدوء.,"Iran was and remains ready to welcome, within the framework of international law and with full preservation and respect for the rights of the nation and the country, any process that leads to peace and tranquility and the prevention of conflict and war, because our desire is to achieve rights and justice so that all people in the world can live together in peace and tranquility."
2016176640326311957,afarouk92,2026-01-27 15:49:04.461000+00:00,"الرئاسة الإيرانية نقلا عن ولي عهد السعودية الأمير محمد بن سلمان:
السعودية تعتبر أي تهديد أو توتر ضد إيران غير مقبول

نحن على استعداد للتعاون مع إيران ودول المنطقة لإرساء سلام وأمن دائمين",0,0,0,https://x.com/afarouk92/status/2016176640326311957,"الرئاسة الإيرانية نقلا عن ولي عهد السعودية الأمير محمد بن سلمان:
السعودية تعتبر أي تهديد أو توتر ضد إيران غير مقبول

نحن على استعداد للتعاون مع إيران ودول المنطقة لإرساء سلام وأمن دائمين","The Iranian presidency, citing Saudi Crown Prince Mohammed bin Salman:
Saudi Arabia considers any threat or tension against Iran unacceptable

We are ready to cooperate with Iran and countries in the region to establish lasting peace and security"
2015890518446670078,afarouk92,2026-01-26 20:52:07.689000+00:00,"أصدر عدد من""الديمقراطيين والقوميين""الإيرانيين بيان تحدثوا فيه عن ميثاق يجمع القوى الديمقراطية ودعاة الجمهورية في إيران ضمن الجهود الحثيثة لصياغة بدائل للنظام الحالي.ويؤكد على الوحدة الكاملة للجمهوريين وتشكيل مجلس استراتيجي،ينص على وحدة الجمهوريين هي الطريق الوحيد لإنقاذ إيران",0,0,0,https://x.com/afarouk92/status/2015890518446670078,"أصدر عدد من""الديمقراطيين والقوميين""الإيرانيين بيان تحدثوا فيه عن ميثاق يجمع القوى الديمقراطية ودعاة الجمهورية في إيران ضمن الجهود الحثيثة لصياغة بدائل للنظام الحالي.ويؤكد على الوحدة الكاملة للجمهوريين وتشكيل مجلس استراتيجي،ينص على وحدة الجمهوريين هي الطريق الوحيد لإنقاذ إيران","A number of Iranian “democrats and nationalists” issued a statement in which they talked about a charter that brings together democratic forces and advocates of the republic in Iran as part of the tireless efforts to formulate alternatives to the current regime. It emphasizes the complete unity of the Republicans and the formation of a strategic council, which stipulates that the unity of the Republicans is the only way to save Iran."
2015890530236793299,afarouk92,2026-01-26 20:52:10.500000+00:00,"ويعتبر البيان في الختام ""التشكيل الفوري للمجلس الاستراتيجي للجمهوريين الإيرانيين أولوية خاصة"".

ومن بين مؤيدي البيان حسن شريعتمداري، ونرجس محمدي، ومحمد نوري زاد، والمؤتمر المشترك للجمهوريين الديمقراطيين والديمقراطيين الفيدراليين.",0,0,0,https://x.com/afarouk92/status/2015890530236793299,"ويعتبر البيان في الختام ""التشكيل الفوري للمجلس الاستراتيجي للجمهوريين الإيرانيين أولوية خاصة"".

ومن بين مؤيدي البيان حسن شريعتمداري، ونرجس محمدي، ومحمد نوري زاد، والمؤتمر المشترك للجمهوريين الديمقراطيين والديمقراطيين الفيدراليين.","In conclusion, the statement considers ""the immediate formation of the Strategic Council of the Iranian Republicans a special priority.""

Supporters of the statement include Hassan Shariatmadari, Narges Mohammadi, Mohammad Nourizad, and the Joint Conference of Democratic Republicans and Federal Democrats."
2015890533877436454,afarouk92,2026-01-26 20:52:11.368000+00:00,وفي الوقت ذاته، وفي رسالة تعترف بالأمير رضا بهلوي كممثل شرعي للشعب  الإيراني وزعيم المعارضة الديمقراطية المتحدة لإيران، دعت 260 شخصية أكاديمية وثقافية وسياسية إلى إنهاء تفاعل العالم مع الجمهورية الإسلامية، وتصنيف الحرس الثوري منظمة إرهابية، واتخاذ تدابير دبلوماسية حاسمة ضد النظام,0,0,0,https://x.com/afarouk92/status/2015890533877436454,وفي الوقت ذاته، وفي رسالة تعترف بالأمير رضا بهلوي كممثل شرعي للشعب  الإيراني وزعيم المعارضة الديمقراطية المتحدة لإيران، دعت 260 شخصية أكاديمية وثقافية وسياسية إلى إنهاء تفاعل العالم مع الجمهورية الإسلامية، وتصنيف الحرس الثوري منظمة إرهابية، واتخاذ تدابير دبلوماسية حاسمة ضد النظام,"At the same time, in a letter recognizing Prince Reza Pahlavi as the legitimate representative of the Iranian people and the leader of the United Democratic Opposition of Iran, 260 academic, cultural and political figures called for an end to the world’s interaction with the Islamic Republic, to designate the Revolutionary Guard as a terrorist organization, and to take decisive diplomatic measures against the regime."
2015873217596891585,afarouk92,2026-01-26 19:43:22.845000+00:00,"إيران.. إجراءات أمنية مشددة وتضخم قياسي وانقطاع مستمر للإنترنت

على الجزيرة نت
 
aja.ws/wv9x4s via 
@AJArabicnet",0,0,0,https://x.com/ghazal_aryahi/status/2015873217596891585,"إيران.. إجراءات أمنية مشددة وتضخم قياسي وانقطاع مستمر للإنترنت

على الجزيرة نت
 
aja.ws/wv9x4s via 
@AJArabicnet","Iran: strict security measures, record inflation, and continuous Internet outages

On Al Jazeera Net
 
aja.ws/wv9x4s via 
@AJArabicnet"
2015602314292150511,afarouk92,2026-01-26 01:46:54.464000+00:00,"An update on U.S. THAAD deployment in Israel

Since late 2024, the United States has deployed a THAAD anti-ballistic missile system battery in Israel’s Negev Desert, consisting of six launchers and AN/TPY-2 X-band radar. However, several changes have been made recently. (1/)",0,0,0,https://x.com/EGYOSINT/status/2015602314292150511,"An update on U.S. THAAD deployment in Israel

Since late 2024, the United States has deployed a THAAD anti-ballistic missile system battery in Israel’s Negev Desert, consisting of six launchers and AN/TPY-2 X-band radar. However, several changes have been made recently. (1/)","An update on U.S. THAAD deployment in Israel

Since late 2024, the United States has deployed a THAAD anti-ballistic missile system battery in Israel’s Negev Desert, consisting of six launchers and AN/TPY-2 X-band radar. However, several changes have been made recently. (1/)"
2013137416039604402,afarouk92,2026-01-19 06:32:16.925000+00:00,"بين الغموض الأميركي والصمود الإيراني.. هل تتدحرج كرة النار؟
-------------------------
في مثل هذا المناخ، لا تبدو ""سياسة إدارة الأزمات"" قادرة على الاستمرار إلى ما لا نهاية. فاللحظة التاريخية هذه المرة أكثر تعقيدًا:
داخل ملتهب لا يهدأ فعليًا، وخارج متأهب يرفع السقوف. وبينهما منطقة",0,0,0,https://x.com/Hazem_Kallass/status/2013137416039604402,"بين الغموض الأميركي والصمود الإيراني.. هل تتدحرج كرة النار؟
-------------------------
في مثل هذا المناخ، لا تبدو ""سياسة إدارة الأزمات"" قادرة على الاستمرار إلى ما لا نهاية. فاللحظة التاريخية هذه المرة أكثر تعقيدًا:
داخل ملتهب لا يهدأ فعليًا، وخارج متأهب يرفع السقوف. وبينهما منطقة","Between American ambiguity and Iranian steadfastness... Is the ball of fire rolling?
-------------------------
In such a climate, “crisis management policy” does not seem able to continue indefinitely. The historical moment this time is more complex:
Inside is fiery and virtually unstoppable, and outside is alert and raising the bar. There is an area between them"
2012987424096276982,afarouk92,2026-01-18 20:36:16.059000+00:00,حديث عن اختراق جميع القنوات التابعة لهيئة الإذاعة والتلفزيون في إيران(IRIB) في تمام الساعة 9:30 م بتوقيت طهران. وبثت لقطات من المظاهرات الأخيرة في إيران ورسائل من رضا بهلوي في جميع أنحاء البلاد لمدة 10 دقائق.,0,0,0,https://x.com/afarouk92/status/2012987424096276982,حديث عن اختراق جميع القنوات التابعة لهيئة الإذاعة والتلفزيون في إيران(IRIB) في تمام الساعة 9:30 م بتوقيت طهران. وبثت لقطات من المظاهرات الأخيرة في إيران ورسائل من رضا بهلوي في جميع أنحاء البلاد لمدة 10 دقائق.,Talk about the hacking of all channels affiliated with the Iranian Broadcasting Corporation (IRIB) at 9:30 PM Tehran time. Footage of recent demonstrations in Iran and messages from Reza Pahlavi were broadcast across the country for 10 minutes.
2012919926281929180,afarouk92,2026-01-18 16:08:03.326000+00:00,"تظاهرة أمام القنصلية الإيرانية في اسطنبول دعماً لإيران في وجه التهديدات الإسرائيلية الأميركية

الدعوة للتظاهرة الداعمة لإيران في اسطنبول دعت إليها ""جمعية التضامن الدولية"" في تركيا",0,0,0,https://x.com/afarouk92/status/2012919926281929180,"تظاهرة أمام القنصلية الإيرانية في اسطنبول دعماً لإيران في وجه التهديدات الإسرائيلية الأميركية

الدعوة للتظاهرة الداعمة لإيران في اسطنبول دعت إليها ""جمعية التضامن الدولية"" في تركيا","A demonstration in front of the Iranian Consulate in Istanbul in support of Iran in the face of Israeli-American threats

The call for a demonstration in support of Iran in Istanbul was called by the International Solidarity Society in Türkiye"
2012919402304348585,afarouk92,2026-01-18 16:05:58.400000+00:00,"رئيس إيران مسعود بزشكيان، ردا على ترامب:

إذا كان هناك معاناة وشقاء في حياة شعب إيران، فإن أحد أهم أسبابها هو العداء القديم والعقوبات غير الإنسانية لحكومة الولايات المتحدة وحلفاؤها.

أي هجوم على القائد الأعلى لبلادنا هو بمثابة حرب شاملة على الشعب الإيراني.",0,0,0,https://x.com/afarouk92/status/2012919402304348585,"رئيس إيران مسعود بزشكيان، ردا على ترامب:

إذا كان هناك معاناة وشقاء في حياة شعب إيران، فإن أحد أهم أسبابها هو العداء القديم والعقوبات غير الإنسانية لحكومة الولايات المتحدة وحلفاؤها.

أي هجوم على القائد الأعلى لبلادنا هو بمثابة حرب شاملة على الشعب الإيراني.","Iranian President Masoud Pezeshkian, in response to Trump:

If there is suffering and misery in the lives of the people of Iran, one of the main reasons for it is the long-standing hostility and inhumane sanctions of the US government and its allies.

Any attack on our country's Supreme Leader is tantamount to an all-out war on the Iranian people."
2012912519606653142,afarouk92,2026-01-18 15:38:37.437000+00:00,"أفادت ""نت ‌بلوكس""، يوم الأحد، بأن بيانات حرکة مرور الشبكة تشير إلى عودة جزئية لبعض الخدمات عبر الإنترنت، ومن بينها ""جوجل""، وذلك بعد مرور ""238 ساعة من الانقطاع الواسع في شبكة الإنترنت في إيران"".",0,0,0,https://x.com/afarouk92/status/2012912519606653142,"أفادت ""نت ‌بلوكس""، يوم الأحد، بأن بيانات حرکة مرور الشبكة تشير إلى عودة جزئية لبعض الخدمات عبر الإنترنت، ومن بينها ""جوجل""، وذلك بعد مرور ""238 ساعة من الانقطاع الواسع في شبكة الإنترنت في إيران"".","NetBlocks reported on Sunday that network traffic data indicates a partial return of some online services, including Google, after “238 hours of widespread internet outage in Iran.”"
2012806124378968437,afarouk92,2026-01-18 08:35:50.838000+00:00,"هكذا تُدار إيران سياسيا في زمن ""لا صلح ولا حرب""

تقريري على الجزيرة نت
 
aja.ws/qiv9xd via 
@AJArabicnet",0,0,0,https://x.com/ghazal_aryahi/status/2012806124378968437,"هكذا تُدار إيران سياسيا في زمن ""لا صلح ولا حرب""

تقريري على الجزيرة نت
 
aja.ws/qiv9xd via 
@AJArabicnet","This is how Iran is managed politically in a time of “neither peace nor war”

My report on Al Jazeera Net
 
aja.ws/qiv9xd via 
@AJArabicnet"
2012495035359539352,afarouk92,2026-01-17 11:59:41.436000+00:00,إيران تعيد الاتصال بشبكة الإنترنت الدولية بعد ١٠ أيام من الانقطاع,0,0,0,https://x.com/afarouk92/status/2012495035359539352,إيران تعيد الاتصال بشبكة الإنترنت الدولية بعد ١٠ أيام من الانقطاع,Iran restores connection to the international Internet after 10 days of outage
2012355141492425182,afarouk92,2026-01-17 02:43:48.139000+00:00," Update: Metrics show a very slight rise in internet connectivity in #Iran this morning after the 200 hour mark. However, overall connectivity remains at ~2% of ordinary levels and there is no indication of a significant return.",0,0,0,https://x.com/netblocks/status/2012355141492425182," Update: Metrics show a very slight rise in internet connectivity in #Iran this morning after the 200 hour mark. However, overall connectivity remains at ~2% of ordinary levels and there is no indication of a significant return.","Update: Metrics show a very slight rise in internet connectivity in #Iran this morning after the 200 hour mark. However, overall connectivity remains at ~2% of ordinary levels and there is no indication of a significant return."
2012124792485523531,afarouk92,2026-01-16 11:28:28.656000+00:00,"بيان من الرئيس الإيراني محمد خاتمي، بشأن الأحداث الأخيرة:
 أدى انزلاق الأحداث إلى عنف مباشر إلى تغيير سريع في مشهد الإقرار الرسمي بحق الشعب في الاحتجاج
التصريحات الواضحة للمسؤولين الإسرائيليين ودعم أميركا العلني لا تدع مجالا للشك في وجود مؤامرة كبيرة ومخططة ضد وحدة إيران",0,0,0,https://x.com/afarouk92/status/2012124792485523531,"بيان من الرئيس الإيراني محمد خاتمي، بشأن الأحداث الأخيرة:
 أدى انزلاق الأحداث إلى عنف مباشر إلى تغيير سريع في مشهد الإقرار الرسمي بحق الشعب في الاحتجاج
التصريحات الواضحة للمسؤولين الإسرائيليين ودعم أميركا العلني لا تدع مجالا للشك في وجود مؤامرة كبيرة ومخططة ضد وحدة إيران","Statement from Iranian President Mohammad Khatami regarding recent events:
 The slide of events into direct violence led to a rapid change in the scene of official recognition of the people's right to protest
The clear statements of Israeli officials and America's public support leave no doubt about the existence of a large and planned conspiracy against the unity of Iran."
2012124794368729569,afarouk92,2026-01-16 11:28:29.105000+00:00,"من الظلم تجاهل سلوك الحكومة السلمي في أيام الاحتجاجات الشعبية الأولى
بالإضافة إلى العقوبات والضغوط الخارجية،ساهمت العديد من السياسات الحالية والمشاكل الهيكلية في تفاقم الاحتجاجات
لا ينبغي السماح بالاستقطاب في المجتمع بما يتيح للأعداء استغلال ذلك ودفع إيران نحو مواجهات مدمرة",0,0,0,https://x.com/afarouk92/status/2012124794368729569,"من الظلم تجاهل سلوك الحكومة السلمي في أيام الاحتجاجات الشعبية الأولى
بالإضافة إلى العقوبات والضغوط الخارجية،ساهمت العديد من السياسات الحالية والمشاكل الهيكلية في تفاقم الاحتجاجات
لا ينبغي السماح بالاستقطاب في المجتمع بما يتيح للأعداء استغلال ذلك ودفع إيران نحو مواجهات مدمرة","It is unfair to ignore the government's peaceful behavior in the early days of popular protests
In addition to sanctions and external pressures, several existing policies and structural problems have contributed to the exacerbation of the protests
Polarization in society should not be allowed to allow enemies to exploit this and push Iran towards destructive confrontations"
2012124798214877637,afarouk92,2026-01-16 11:28:30.022000+00:00,"العودة إلى الجمهورية المنسية، وإلى إسلامية تقبل الجمهورية، هي أقل الطرق تكلفةً وأكثرها فائدةً للخروج من الوضع الراهن

إيران تقف اليوم في قلب أزمة خطيرة ومتشابكة الأبعاد تشمل الجوانب الاقتصادية والاجتماعية والسياسية والثقافية والدولية والأمنية",0,0,0,https://x.com/afarouk92/status/2012124798214877637,"العودة إلى الجمهورية المنسية، وإلى إسلامية تقبل الجمهورية، هي أقل الطرق تكلفةً وأكثرها فائدةً للخروج من الوضع الراهن

إيران تقف اليوم في قلب أزمة خطيرة ومتشابكة الأبعاد تشمل الجوانب الاقتصادية والاجتماعية والسياسية والثقافية والدولية والأمنية","Returning to the forgotten republic, and to an Islamic republic that accepts the republic, is the least expensive and most beneficial way out of the current situation.

Iran today stands at the heart of a serious and complex crisis that includes economic, social, political, cultural, international and security aspects"
2012068386432565653,afarouk92,2026-01-16 07:44:20.405000+00:00,"جون ميرشايمر:

«أعتقد أن ما قد يردع [ترامب] هو حقيقة أن الإيرانيين قد يُقدمون على إغلاق مضيق هرمز.»

«ثانيًا، إن الإسرائيليين والأمريكيين لا يمتلكون القدرة على منع الصواريخ الباليستية الإيرانية من قصف إسرائيل.»",0,0,0,https://x.com/afarouk92/status/2012068386432565653,"جون ميرشايمر:

«أعتقد أن ما قد يردع [ترامب] هو حقيقة أن الإيرانيين قد يُقدمون على إغلاق مضيق هرمز.»

«ثانيًا، إن الإسرائيليين والأمريكيين لا يمتلكون القدرة على منع الصواريخ الباليستية الإيرانية من قصف إسرائيل.»","John Mearsheimer:

“I think what might deter [Trump] is the fact that the Iranians might close the Strait of Hormuz.”

“Second, the Israelis and Americans do not have the ability to prevent Iranian ballistic missiles from bombing Israel.”"
2012068389045289421,afarouk92,2026-01-16 07:44:21.028000+00:00,«وثالثًا، وهذا بالغ الأهمية، ما الغاية من القيام بذلك؟ ماذا سنحقق؟ إذا استخدمنا القوة العسكرية، فما هي النهاية السعيدة التي ننتظرها؟ والجواب هو: لا توجد نهاية سعيدة لنا.»,0,0,0,https://x.com/afarouk92/status/2012068389045289421,«وثالثًا، وهذا بالغ الأهمية، ما الغاية من القيام بذلك؟ ماذا سنحقق؟ إذا استخدمنا القوة العسكرية، فما هي النهاية السعيدة التي ننتظرها؟ والجواب هو: لا توجد نهاية سعيدة لنا.»,"“And thirdly, and this is very important, what is the purpose of doing this? What will we achieve? If we use military force, what happy ending do we expect? The answer is: There is no happy ending for us.”"
2011331708055166993,afarouk92,2026-01-14 06:57:02.593000+00:00,"الرئيس الصربي ألكسندر فوتشيتش:يتدخل جهاز المخابرات الإسرائيلي (الموساد) ووكالة المخابرات المركزية الأمريكية (CIA) في الاحتجاجات الإيرانية، ويسعيان لتكرار سيناريو العملية الغربية في إيران عام ١٩٥٣ ... ادعو قراءة كتابي ""عملية اجاكس"" و""رجال الشاه"". جرت هذه العملية عام ١٩٥٣، عندما",0,0,0,https://x.com/Hazem_Kallass/status/2011331708055166993,"الرئيس الصربي ألكسندر فوتشيتش:يتدخل جهاز المخابرات الإسرائيلي (الموساد) ووكالة المخابرات المركزية الأمريكية (CIA) في الاحتجاجات الإيرانية، ويسعيان لتكرار سيناريو العملية الغربية في إيران عام ١٩٥٣ ... ادعو قراءة كتابي ""عملية اجاكس"" و""رجال الشاه"". جرت هذه العملية عام ١٩٥٣، عندما","Serbian President Aleksandar Vucic: The Israeli intelligence service (Mossad) and the American Central Intelligence Agency (CIA) are interfering in the Iranian protests, and are seeking to repeat the scenario of the Western operation in Iran in 1953... I invite you to read my books “Operation Ajax” and “The Shah’s Men.” This process took place in 1953, when"
2010741408169406752,afarouk92,2026-01-12 15:51:24.133000+00:00,"موقع أكسيوس:

وزير الخارجية الإيراني عباس عراقتشي، تواصل مع المبعوث الأميركي ويتكوف خلال نهاية الأسبوع",0,0,0,https://x.com/afarouk92/status/2010741408169406752,"موقع أكسيوس:

وزير الخارجية الإيراني عباس عراقتشي، تواصل مع المبعوث الأميركي ويتكوف خلال نهاية الأسبوع","Axios website:

Iranian Foreign Minister Abbas Araqchi communicated with US envoy Witkoff over the weekend"
2010741412237881812,afarouk92,2026-01-12 15:51:25.103000+00:00,"المتحدث باسم الخارجية الإيرانية إسماعيل بقائي، صرح اليوم: 

قناة الاتصال بين عراقتشي والمبعوث الخاص لرئيس أميركا مفتوحة ويتم تبادل الرسائل اللازمة من خلالها عند الضرورة.

لطالما التزمنا بمبدأ الدبلوماسية والتفاوض، وهو تفاوض ثنائي الاتجاه.",0,0,0,https://x.com/afarouk92/status/2010741412237881812,"المتحدث باسم الخارجية الإيرانية إسماعيل بقائي، صرح اليوم: 

قناة الاتصال بين عراقتشي والمبعوث الخاص لرئيس أميركا مفتوحة ويتم تبادل الرسائل اللازمة من خلالها عند الضرورة.

لطالما التزمنا بمبدأ الدبلوماسية والتفاوض، وهو تفاوض ثنائي الاتجاه.","Iranian Foreign Ministry spokesman Ismail Baghaei said today: 

The communication channel between Iraqi and the Special Envoy of the President of America is open, and the necessary messages are exchanged through it when necessary.

We have always adhered to the principle of diplomacy and negotiation, which is two-way negotiation."
2010040194817503309,afarouk92,2026-01-10 17:25:01.842000+00:00,"الرئيس الإيراني مسعود بزشكيان، خلال لقائه وزير الخارجية العماني بدر البوسعيدي:
كل جهود أميركا والكيان الصهيوني تهدف إلى استمرار الحرب

أميركا تمارس التحريض لإثارة الفوضى والاضطرابات

الشعب الإيراني أكثر تماسكا من أي وقت مضى وسيبقى داعماً لوطنه ونظامه",0,0,0,https://x.com/afarouk92/status/2010040194817503309,"الرئيس الإيراني مسعود بزشكيان، خلال لقائه وزير الخارجية العماني بدر البوسعيدي:
كل جهود أميركا والكيان الصهيوني تهدف إلى استمرار الحرب

أميركا تمارس التحريض لإثارة الفوضى والاضطرابات

الشعب الإيراني أكثر تماسكا من أي وقت مضى وسيبقى داعماً لوطنه ونظامه","Iranian President Masoud Pezeshkian, during his meeting with Omani Foreign Minister Badr al-Busaidi:
All efforts of America and the Zionist entity aim to continue the war

America practices incitement to create chaos and unrest

The Iranian people are more united than ever and will remain supportive of their country and regime"
2010040198126809199,afarouk92,2026-01-10 17:25:02.631000+00:00,"كل جهود أميركا والكيان الصهيوني تهدف إلى انعدام الأمن في المنطقة ومنع توحّد الدول الإسلامية

العالم شهد كيف هاجمت أميركا الدبلوماسية وارتكبت جرائم ضد الإنسانية بينما تصرفت إيران بجدية على طاولة المفاوضات",0,0,0,https://x.com/afarouk92/status/2010040198126809199,"كل جهود أميركا والكيان الصهيوني تهدف إلى انعدام الأمن في المنطقة ومنع توحّد الدول الإسلامية

العالم شهد كيف هاجمت أميركا الدبلوماسية وارتكبت جرائم ضد الإنسانية بينما تصرفت إيران بجدية على طاولة المفاوضات","All the efforts of America and the Zionist entity aim to create insecurity in the region and prevent the unification of Islamic countries

The world witnessed how America attacked diplomacy and committed crimes against humanity while Iran acted seriously at the negotiating table"
2010040202681823424,afarouk92,2026-01-10 17:25:03.717000+00:00,"الرئاسة الإيرانية نقلا عن البوسعيدي:

  إيران  شريك استراتيجي لعُمان ومحور أساسي في إرساء السلام والاستقرار والأمن في المنطقة.

 عُمان ملتزمة بوعدها وصداقتها مع #إيران.",0,0,0,https://x.com/afarouk92/status/2010040202681823424,"الرئاسة الإيرانية نقلا عن البوسعيدي:

  إيران  شريك استراتيجي لعُمان ومحور أساسي في إرساء السلام والاستقرار والأمن في المنطقة.

 عُمان ملتزمة بوعدها وصداقتها مع #إيران.","The Iranian Presidency, citing Al Busaidi:

  Iran is a strategic partner of Oman and an essential axis in establishing peace, stability and security in the region.

 Oman is committed to its promise and friendship with #Iran."
2010013636664938642,afarouk92,2026-01-10 15:39:29.885000+00:00,"التلفزيون الإيراني:

بيان مشترك من عائلات ""شهداء"" حرب الـ 12 يوم طالب السلطات الإيرانية بتلبية المطالب الاقتصادية للشعب، وفي الوقت نفسه، التعامل بحزم ودون تساهل مع أعمال التخريب الإرهابية التي يرتكبها مثيرو الشغب.",0,0,0,https://x.com/afarouk92/status/2010013636664938642,"التلفزيون الإيراني:

بيان مشترك من عائلات ""شهداء"" حرب الـ 12 يوم طالب السلطات الإيرانية بتلبية المطالب الاقتصادية للشعب، وفي الوقت نفسه، التعامل بحزم ودون تساهل مع أعمال التخريب الإرهابية التي يرتكبها مثيرو الشغب.","Iranian TV:

A joint statement from the families of the “martyrs” of the 12-Day War called on the Iranian authorities to meet the economic demands of the people and, at the same time, deal firmly and without leniency with the acts of terrorist sabotage committed by the rioters."
2010013643350606154,afarouk92,2026-01-10 15:39:31.479000+00:00,"ما يسمى جبهة ""مجلس تنسيق أحزاب أذربيجان"" تطلب من أهالي المدن الأذربيجانية (في إيران) بالتظاهر اليوم السبت في الميادين والشوارع الرئيسية في هذه المدن

دعمت الجبهة اضراب البازار في تبريز وزنجان والمدن الأخرى، مؤكدا على الاحتجاج السلمي على الوضع الاقتصادي الراهن وسياسات ج ا",0,0,0,https://x.com/afarouk92/status/2010013643350606154,"ما يسمى جبهة ""مجلس تنسيق أحزاب أذربيجان"" تطلب من أهالي المدن الأذربيجانية (في إيران) بالتظاهر اليوم السبت في الميادين والشوارع الرئيسية في هذه المدن

دعمت الجبهة اضراب البازار في تبريز وزنجان والمدن الأخرى، مؤكدا على الاحتجاج السلمي على الوضع الاقتصادي الراهن وسياسات ج ا","The so-called “Azerbaijan Parties Coordination Council” front asks the people of Azerbaijani cities (in Iran) to demonstrate today, Saturday, in the main squares and streets of these cities.

The Front supported the bazaar strike in Tabriz, Zanjan and other cities, emphasizing peaceful protest against the current economic situation and the policies of..."
2010013647842734419,afarouk92,2026-01-10 15:39:32.550000+00:00,"وسائل إعلام إيرانية رسمية: 

أدان 12400 أستاذ جامعي ""الجرائم الوحشية"" التي ارتكبتها ""الجماعات الإرهابية""",0,0,0,https://x.com/afarouk92/status/2010013647842734419,"وسائل إعلام إيرانية رسمية: 

أدان 12400 أستاذ جامعي ""الجرائم الوحشية"" التي ارتكبتها ""الجماعات الإرهابية""","Official Iranian media: 

12,400 university professors condemned “brutal crimes” committed by “terrorist groups”"
2009628902595977594,afarouk92,2026-01-09 14:10:42.135000+00:00,"تغريدات حول احداث إيران 
١- هناك أزمة بنيوية في النظام، هناك حالة أزمة مستمرة وحلولها مفقودة، نعم، لكن تظاهرات هذه الموجة لا أرى فيها ما هو مختلف عما سبق. بعبارة أخرى، الشارع غير قادر بعد على انتاج بعد جديد في حراكه يجعل منه مهددا للنظام، لكن هذا لا يعني أن الضرر لا يتضاعف بعد كل",0,0,0,https://x.com/Alihashem/status/2009628902595977594,"تغريدات حول احداث إيران 
١- هناك أزمة بنيوية في النظام، هناك حالة أزمة مستمرة وحلولها مفقودة، نعم، لكن تظاهرات هذه الموجة لا أرى فيها ما هو مختلف عما سبق. بعبارة أخرى، الشارع غير قادر بعد على انتاج بعد جديد في حراكه يجعل منه مهددا للنظام، لكن هذا لا يعني أن الضرر لا يتضاعف بعد كل","Tweets about events in Iran 
1- There is a structural crisis in the system. There is an ongoing state of crisis and its solutions are missing. Yes, but in the demonstrations of this wave I do not see anything different from what came before. In other words, the street is not yet able to produce a new dimension in its movement that makes it a threat to the regime, but this does not mean that the damage is not multiplied after all."
2009623667861569795,afarouk92,2026-01-09 13:49:54.077000+00:00,"وزارة الاستخبارات الإيرانية:

 نناشد عموم الشعب المساعدة في تحديد هوية المخربين والإرهابيين الذين استأجرتهم الولايات المتحدة والكيان الصهيوني، والذين نفذوا عمليات إطلاق نار متعددة الليلة الماضية بهدف قتل الناس بالتواصل مع وزارة الاستخبارات او استخبارات الحرس الثوري",0,0,0,https://x.com/afarouk92/status/2009623667861569795,"وزارة الاستخبارات الإيرانية:

 نناشد عموم الشعب المساعدة في تحديد هوية المخربين والإرهابيين الذين استأجرتهم الولايات المتحدة والكيان الصهيوني، والذين نفذوا عمليات إطلاق نار متعددة الليلة الماضية بهدف قتل الناس بالتواصل مع وزارة الاستخبارات او استخبارات الحرس الثوري","Iranian Ministry of Intelligence:

 We appeal to the general public to help identify the saboteurs and terrorists hired by the United States and the Zionist entity, who carried out multiple shooting operations last night with the aim of killing people, by communicating with the Ministry of Intelligence or Revolutionary Guard Intelligence."
2009585878595940827,afarouk92,2026-01-09 11:19:44.414000+00:00,"أسباب ومآلات الاحتجاجات التي تشهدها إيران

تقريري على الجزيرة نت
aja.ws/kudh33 via 
@AJArabicnet",0,0,0,https://x.com/ghazal_aryahi/status/2009585878595940827,"أسباب ومآلات الاحتجاجات التي تشهدها إيران

تقريري على الجزيرة نت
aja.ws/kudh33 via 
@AJArabicnet","The causes and consequences of the protests taking place in Iran

My report on Al Jazeera Net
aja.ws/kudh33 via 
@AJArabicnet"
2009611410351820948,afarouk92,2026-01-09 13:01:11.659000+00:00,"وزير الخارجية الإيراني: 

لا أعلم إن كان وزير خارجية عمان سيحمل رسالة غدا أم لا في زيارته طهران وعلينا الانتظار حتى الغد.

نستبعد احتمال شنّ أميركا وإسرائيل هجوما جديدا
في حال وقوع هجوم آخر، ستُلحق بهم هزيمة أخرى

أميركا وإسرائيل تقفان وراء الاضطرابات الحالية في إيران",0,0,0,https://x.com/afarouk92/status/2009611410351820948,"وزير الخارجية الإيراني: 

لا أعلم إن كان وزير خارجية عمان سيحمل رسالة غدا أم لا في زيارته طهران وعلينا الانتظار حتى الغد.

نستبعد احتمال شنّ أميركا وإسرائيل هجوما جديدا
في حال وقوع هجوم آخر، ستُلحق بهم هزيمة أخرى

أميركا وإسرائيل تقفان وراء الاضطرابات الحالية في إيران","Iranian Foreign Minister: 

I do not know whether the Foreign Minister of Oman will carry a message tomorrow or not during his visit to Tehran, and we will have to wait until tomorrow.

We rule out the possibility of America and Israel launching a new attack
If there is another attack, they will be defeated again

America and Israel are behind the current unrest in Iran"
2009570198316261655,afarouk92,2026-01-09 10:17:25.944000+00:00,"الإذاعة والتلفزيون الإيرانية تنشر صورا لممتلكات مخربة وسيارات محترقة من تظاهرات مساء أمس وتنسبها إلى ""مثيري الشغب""",0,0,0,https://x.com/afarouk92/status/2009570198316261655,"الإذاعة والتلفزيون الإيرانية تنشر صورا لممتلكات مخربة وسيارات محترقة من تظاهرات مساء أمس وتنسبها إلى ""مثيري الشغب""","Iranian Radio and Television publishes pictures of vandalized property and burned cars from yesterday evening's demonstrations and attributes them to ""rioters."""
2009464016545190051,afarouk92,2026-01-09 03:15:30.237000+00:00,"كيف تبدو أسواق طهران بعد 10 أيام على انطلاق شرارة الاحتجاجات منها؟.. مراسل الجزيرة عمر هواش ينقل لكم المشهد
#مراسلو_الجزيرة",0,0,0,https://x.com/AJArabic/status/2009464016545190051,"كيف تبدو أسواق طهران بعد 10 أيام على انطلاق شرارة الاحتجاجات منها؟.. مراسل الجزيرة عمر هواش ينقل لكم المشهد
#مراسلو_الجزيرة","What do Tehran’s markets look like 10 days after the outbreak of protests? Al Jazeera correspondent Omar Hawash brings you the scene.
#Aljazeera_correspondents"
2009437468920078355,afarouk92,2026-01-09 01:30:00.790000+00:00,"من ""البازار"" إلى الجامعات.. خريطة القوى الاجتماعية المشاركة في احتجاجات إيران | #تقرير: فرح الزمان شوقي
#الأخبار",0,0,0,https://x.com/AJArabic/status/2009437468920078355,"من ""البازار"" إلى الجامعات.. خريطة القوى الاجتماعية المشاركة في احتجاجات إيران | #تقرير: فرح الزمان شوقي
#الأخبار","From the ""bazaar"" to the universities.. A map of the social forces participating in the Iranian protests | #Report: Farah Al-Zaman Shawqi
#News"
2009261928187621559,afarouk92,2026-01-08 13:52:28.618000+00:00,"In my latest piece on #IranProtests, I argue that the country is locked in a state of political paralysis—marked by recurring protest cycles, escalating repression, and no clear path to transition. What happens when neither bottom-up forces nor top-down power holders can",0,0,0,https://x.com/rezahakbari/status/2009261928187621559,"In my latest piece on #IranProtests, I argue that the country is locked in a state of political paralysis—marked by recurring protest cycles, escalating repression, and no clear path to transition. What happens when neither bottom-up forces nor top-down power holders can","In my latest piece on #IranProtests, I argue that the country is locked in a state of political paralysis—marked by recurring protest cycles, escalating repression, and no clear path to transition. What happens when neither bottom-up forces nor top-down power holders can"
2009322827166699581,afarouk92,2026-01-08 17:54:28.066000+00:00,الرئیس الإیراني مسعود بزشكيان: لا بد من ضبط النفس مع المحتجين والامتناع عن أي سلوك عنيف ضدهم ويجب الاستماع إلى مطالب الشعب,0,0,0,https://x.com/afarouk92/status/2009322827166699581,الرئیس الإیراني مسعود بزشكيان: لا بد من ضبط النفس مع المحتجين والامتناع عن أي سلوك عنيف ضدهم ويجب الاستماع إلى مطالب الشعب,"Iranian President Masoud Pezeshkian: It is necessary to exercise restraint with the protesters and refrain from any violent behavior against them, and the demands of the people must be listened to."
2009313236970295499,afarouk92,2026-01-08 17:16:21.585000+00:00,"Footage from #Iran shows protests spread across the country. In Tehran, groups of demonstrators are chanting in a number of neighborhoods. There does not seem to be any single mass protest a la 2009. Khamenei may not smell it, but some kind of change seems to be in the air.",0,0,0,https://x.com/mashabani/status/2009313236970295499,"Footage from #Iran shows protests spread across the country. In Tehran, groups of demonstrators are chanting in a number of neighborhoods. There does not seem to be any single mass protest a la 2009. Khamenei may not smell it, but some kind of change seems to be in the air.","Footage from #Iran shows protests spread across the country. In Tehran, groups of demonstrators are chanting in a number of neighborhoods. There does not seem to be any single mass protest a la 2009. Khamenei may not smell it, but some kind of change seems to be in the air."
2009234236839219433,afarouk92,2026-01-08 12:02:26.486000+00:00,"Amid domestic unrest and continued external pressure, #Iran’s defense council has threatened preemptive measures against potential threats.

Is #Iran changing its defense doctrine?

My take for 
@ME_Council
‘s Afkar:",0,0,0,https://x.com/HamidRezaAz/status/2009234236839219433,"Amid domestic unrest and continued external pressure, #Iran’s defense council has threatened preemptive measures against potential threats.

Is #Iran changing its defense doctrine?

My take for 
@ME_Council
‘s Afkar:","Amid domestic unrest and continued external pressure, #Iran’s defense council has threatened preemptive measures against potential threats.

Is #Iran changing its defense doctrine?

My take for 
@ME_Council
‘s Afkar:"
2009317716637962713,afarouk92,2026-01-08 17:34:09.621000+00:00,نائب وزير الخارجية الإيراني مجيد تخت روانتشي، يلتقي في يريفان، بكل من وزير الخارجية الأرميني ومستشار الأمن القومي الأرميني,0,0,0,https://x.com/afarouk92/status/2009317716637962713,نائب وزير الخارجية الإيراني مجيد تخت روانتشي، يلتقي في يريفان، بكل من وزير الخارجية الأرميني ومستشار الأمن القومي الأرميني,Iranian Deputy Foreign Minister Majid Takht-Ravanchi meets in Yerevan with the Armenian Foreign Minister and the Armenian National Security Advisor.
2009317270192079325,afarouk92,2026-01-08 17:32:23.180000+00:00,نت بلوكس: تظهر المقاييس المباشرة أن إيران تشهد الآن انقطاعًا تامًا للإنترنت على مستوى البلاد.,0,0,0,https://x.com/afarouk92/status/2009317270192079325,نت بلوكس: تظهر المقاييس المباشرة أن إيران تشهد الآن انقطاعًا تامًا للإنترنت على مستوى البلاد.,NetBlocks: Live metrics show that Iran is now experiencing a nationwide internet blackout.
2009256935179042904,afarouk92,2026-01-08 13:32:38.192000+00:00,وزير الخارجية الإيراني عباس عراقتشي، يلتقي في بيروت نائب رئيس المجلس الإسلامي الشيعي الأعلى الشيخ علي الخطيب,0,0,0,https://x.com/afarouk92/status/2009256935179042904,وزير الخارجية الإيراني عباس عراقتشي، يلتقي في بيروت نائب رئيس المجلس الإسلامي الشيعي الأعلى الشيخ علي الخطيب,"Iranian Foreign Minister Abbas Araqchi meets in Beirut with the Vice President of the Supreme Islamic Shiite Council, Sheikh Ali Al-Khatib"
2008893467519520883,afarouk92,2026-01-07 13:28:20.749000+00:00,"#واشنطن | سمو وزير الخارجية الأمير #فيصل_بن_فرحان 
@FaisalbinFarhan
 يصل إلى الولايات المتحدة الأمريكية، وذلك في زيارة رسمية.",0,0,0,https://x.com/KSAMOFA/status/2008893467519520883,"#واشنطن | سمو وزير الخارجية الأمير #فيصل_بن_فرحان 
@FaisalbinFarhan
 يصل إلى الولايات المتحدة الأمريكية، وذلك في زيارة رسمية.","#Washington | His Highness the Minister of Foreign Affairs, Prince #Faisal_bin_Farhan 
@FaisalbinFarhan
 He arrives in the United States of America on an official visit."
2008583784770535427,afarouk92,2026-01-06 16:57:46.628000+00:00,"إيران ورسائل الطمأنة الإسرائيلية.. صمت رسمي وترقب مستمر

تقريري على الجزيرة نت
aja.ws/ite55k via 
@AJArabicnet",0,0,0,https://x.com/ghazal_aryahi/status/2008583784770535427,"إيران ورسائل الطمأنة الإسرائيلية.. صمت رسمي وترقب مستمر

تقريري على الجزيرة نت
aja.ws/ite55k via 
@AJArabicnet","Iran and Israeli messages of reassurance... official silence and constant anticipation

My report on Al Jazeera Net
aja.ws/ite55k via 
@AJArabicnet"
2008497164323070395,afarouk92,2026-01-06 11:13:34.704000+00:00,"أمانة مجلس الدفاع التابع للمجلس الأعلى للأمن القومي في إيران:

في إطار الدفاع المشروع، لا تعتبر إيران نفسها مقيدة برد الفعل بعد وقوع العمل فحسب، بل تعتبر المؤشرات الملموسة للتهديد جزءاً من المعادل",0,0,0,https://x.com/afarouk92/status/2008497164323070395,"أمانة مجلس الدفاع التابع للمجلس الأعلى للأمن القومي في إيران:

في إطار الدفاع المشروع، لا تعتبر إيران نفسها مقيدة برد الفعل بعد وقوع العمل فحسب، بل تعتبر المؤشرات الملموسة للتهديد جزءاً من المعادل","Secretariat of the Defense Council of the Supreme National Security Council of Iran:

Within the framework of legitimate defense, Iran not only considers itself constrained to react after the fact, but also considers tangible indicators of the threat as part of the equation."
2008497168383201313,afarouk92,2026-01-06 11:13:35.672000+00:00,"نؤكد على أن أمن إيران واستقلالها ووحدة أراضيها خط أحمر لا يمكن تجاوزه، وأي اعتداء أو استمرار للسلوكيات العدائية سيقابل برد متناسب، قاطع 
وحاسم.",0,0,0,https://x.com/afarouk92/status/2008497168383201313,"نؤكد على أن أمن إيران واستقلالها ووحدة أراضيها خط أحمر لا يمكن تجاوزه، وأي اعتداء أو استمرار للسلوكيات العدائية سيقابل برد متناسب، قاطع 
وحاسم.","We stress that Iran's security, independence, and territorial integrity are a red line that cannot be crossed, and any aggression or continuation of hostile behavior will be met with a proportionate, unequivocal response. 
And decisive."
2008011659332194735,afarouk92,2026-01-05 03:04:21.294000+00:00,"Protests in Iran: Dec. 29, 2025 - Jan. 4, 2026",0,0,0,https://x.com/TheStudyofWar/status/2008011659332194735,"Protests in Iran: Dec. 29, 2025 - Jan. 4, 2026","Protests in Iran: Dec. 29, 2025 - Jan. 4, 2026"
2008318988053266688,afarouk92,2026-01-05 23:25:34.171000+00:00,"A thread on Iran protests 
1/ Iran’s new wave of protests should not be read as an imminent Islamic Republic toppling moment. The street lacks the organisational depth, unity, and leadership required for that.",0,0,0,https://x.com/Alihashem/status/2008318988053266688,"A thread on Iran protests 
1/ Iran’s new wave of protests should not be read as an imminent Islamic Republic toppling moment. The street lacks the organisational depth, unity, and leadership required for that.","A thread on Iran protests 
1/ Iran’s new wave of protests should not be read as an imminent Islamic Republic toppling moment. The street lacks the organisational depth, unity, and leadership required for that."
2007775572748026365,afarouk92,2026-01-04 11:26:13.866000+00:00," إيران من عام المواجهة المباشرة  إلى عام التغيير 

من دون التخلي عن سردية الثورة.. إيران بين شبح الحرب والاحتجاجات تبحث عن ""بارادايم"" جديد يضمن البقاء",0,0,0,https://x.com/Hazem_Kallass/status/2007775572748026365," إيران من عام المواجهة المباشرة  إلى عام التغيير 

من دون التخلي عن سردية الثورة.. إيران بين شبح الحرب والاحتجاجات تبحث عن ""بارادايم"" جديد يضمن البقاء","Iran from the year of direct confrontation to the year of change 

Without abandoning the narrative of revolution, Iran is between the specter of war and protests, searching for a new “paradigm” that guarantees survival"
