tweet_id,username,created_at,text,replies,retweets,likes,url,year,month,date,Text_original,Text_en
2022728401011044735,afshin_46,2026-02-14 19:43:25.934,"من تجزیه طلب، منافق یا اصلاح طلب نیستم. من یکی از آن کسانی هستم که هنوز صدایشان را در کمپین شما نمی شنوند.
#از_دموکراسی_بگو",0,0,0,https://x.com/Afshin_46/status/2022728401011044735,2026,2,2026-02-14,"من تجزیه طلب، منافق یا اصلاح طلب نیستم. من یکی از آن کسانی هستم که هنوز صدایشان را در کمپین شما نمی شنوند.
#از_دموکراسی_بگو","I am not a separatist, a hypocrite or a reformist. I am one of those people who are still not heard in your campaign.
#Tell about_democracy"
2022647564299116795,afshin_46,2026-02-14 14:22:12.960,واکنش دیشب اقای پهلوی به دهان دریدگی هایی که بوی خشونت و سرکوب از انها برمی خیزد خوب ولی ناکافی است. دوستان معقول پادشاهی پارلمانی خواه یا حامیان ج.خواه اقای پهلوی باید در راستای همین رهنمود رهبرشان، به گفتگوی معقول روی بیاورند. بجای عربده کشیدن سر بقیه به فکر برقراری تعامل باشید,0,0,0,https://x.com/Afshin_46/status/2022647564299116795,2026,2,2026-02-14,واکنش دیشب اقای پهلوی به دهان دریدگی هایی که بوی خشونت و سرکوب از انها برمی خیزد خوب ولی ناکافی است. دوستان معقول پادشاهی پارلمانی خواه یا حامیان ج.خواه اقای پهلوی باید در راستای همین رهنمود رهبرشان، به گفتگوی معقول روی بیاورند. بجای عربده کشیدن سر بقیه به فکر برقراری تعامل باشید,"Mr. Pahlavi's reaction last night to the cracks that smell of violence and repression is good but insufficient. The reasonable friends of the parliamentary monarchy or the supporters of Mr. Pahlavi should start a reasonable conversation in line with their leader's instructions. Instead of blaming others, think about interaction"
2022345231061200901,afshin_46,2026-02-13 18:20:51.099,تجمع فردا  آزمایش انسجام و اتحاد ایرانیان داخل و دیاسپوراست. این تجمع فارغ از، جبهه گیری های جناحی و عقیدتی، برای آزادی ایران پژواک صدای معترضان خیابان خواهد بود. فردا دوستان و هموطنان ما در دیاسپورا نمایندگان مردمی هستند که در اختناق و سرکوب بالاترین هزینه ها را برای آزادی دادند,0,0,0,https://x.com/Afshin_46/status/2022345231061200901,2026,2,2026-02-13,تجمع فردا  آزمایش انسجام و اتحاد ایرانیان داخل و دیاسپوراست. این تجمع فارغ از، جبهه گیری های جناحی و عقیدتی، برای آزادی ایران پژواک صدای معترضان خیابان خواهد بود. فردا دوستان و هموطنان ما در دیاسپورا نمایندگان مردمی هستند که در اختناق و سرکوب بالاترین هزینه ها را برای آزادی دادند,"Tomorrow's gathering is a test of the unity and unity of Iranians inside and in the diaspora. This gathering will be the echo of the voices of the street protesters for the freedom of Iran, regardless of factional and ideological fronts. Tomorrow, our friends and compatriots in the diaspora will be the representatives of the people who paid the highest price for freedom in suppression and oppression."
2022336454958231916,afshin_46,2026-02-13 17:45:58.713,با خوانش مضمحل و سرتاپا کج پندار چپ فارسی جمله سازی می کنید و جامعه را تمام قد به بهانه نفهمی خر گرفتید و می نالید که چرا افسار این گله خر را دست شما نمی دهند، نباید هم انتظار اقبال عمومی داشته باشید.,0,0,0,https://x.com/Afshin_46/status/2022336454958231916,2026,2,2026-02-13,با خوانش مضمحل و سرتاپا کج پندار چپ فارسی جمله سازی می کنید و جامعه را تمام قد به بهانه نفهمی خر گرفتید و می نالید که چرا افسار این گله خر را دست شما نمی دهند، نباید هم انتظار اقبال عمومی داشته باشید.,"By reading the confused and perverted opinion of the Farsi leftist, you make up sentences and take the whole society under the pretext of not understanding and complain why they don't give you the reins of this herd of donkeys, you shouldn't expect public success either."
2022336457873265151,afshin_46,2026-02-13 17:45:59.408,تفاوتی بین شما و راست های افسارپاره کرده نیست. بدیل هم هست. اما لااقل اسم چپ را از روی خودتان بردارید. دقیق تر مشخص کنید کدام سویه چپ، مثلا بفرمائید که به نام لنین به استالین ارادت دارید. همانطور که بدیل راستگرایتان به اسم اقتدار له له حکومت رضاخانی را می زند.,0,0,0,https://x.com/Afshin_46/status/2022336457873265151,2026,2,2026-02-13,تفاوتی بین شما و راست های افسارپاره کرده نیست. بدیل هم هست. اما لااقل اسم چپ را از روی خودتان بردارید. دقیق تر مشخص کنید کدام سویه چپ، مثلا بفرمائید که به نام لنین به استالین ارادت دارید. همانطور که بدیل راستگرایتان به اسم اقتدار له له حکومت رضاخانی را می زند.,"There is no difference between you and the rightists. There is also an alternative. But at least remove the left name from yourself. Specify more precisely which left wing, for example, say that you are loyal to Stalin in the name of Lenin. Just as your right-wing alternative attacks the Reza Khani government in the name of authority."
2022333404847767807,afshin_46,2026-02-13 17:33:51.510,"آن بخش از ملت مد نظر شما ۴۷ سال فرصت حکمرانی داشتند و کشور را به کثافت کشیدند. حالا که به غلط کردن افتادند لابد از ساختار بعدی سهم می خواهند. با این حال قبول. یک نفر، تنها یک نفر در این ساختار بیابید که  در کثافت و خون مردم شنا نکرده باشد و او را در قدرت سهیم کنید
#عدالت_انتقالی",0,0,0,https://x.com/Afshin_46/status/2022333404847767807,2026,2,2026-02-13,"آن بخش از ملت مد نظر شما ۴۷ سال فرصت حکمرانی داشتند و کشور را به کثافت کشیدند. حالا که به غلط کردن افتادند لابد از ساختار بعدی سهم می خواهند. با این حال قبول. یک نفر، تنها یک نفر در این ساختار بیابید که  در کثافت و خون مردم شنا نکرده باشد و او را در قدرت سهیم کنید
#عدالت_انتقالی","That part of the nation you are referring to had a chance to rule for 47 years and ruined the country. Now that they have made a mistake, they must want a share of the next structure. However, accept. Find one person, only one person in this structure, who has not bathed in the filth and blood of people, and let him share the power.
#transitional justice"
2021956515029205197,afshin_46,2026-02-12 16:36:13.975,دانشگاه پیوسته و همیشه محل تضارب آرا بوده و هست و خواهد بود. در دانشگاه پادشاهی خواهان جمهوری خواهان، چپ ها، راست ها و بلاتکلیف ها حضور دارند و باید داشته باشند. درست همانگونه که در خود جامعه هم چنین است. تلاش برای مرزبندی و یارکشی نباید با نفی طرف مقابل همراه باشد.,0,0,0,https://x.com/Afshin_46/status/2021956515029205197,2026,2,2026-02-12,دانشگاه پیوسته و همیشه محل تضارب آرا بوده و هست و خواهد بود. در دانشگاه پادشاهی خواهان جمهوری خواهان، چپ ها، راست ها و بلاتکلیف ها حضور دارند و باید داشته باشند. درست همانگونه که در خود جامعه هم چنین است. تلاش برای مرزبندی و یارکشی نباید با نفی طرف مقابل همراه باشد.,"The university has always been and always will be a place of conflicting opinions. Republicans, leftists, rightists, and undecideds are present and should be present in the King's University. Just as it is in the society itself. Attempts at demarcation and reconciliation should not be accompanied by negation of the other party."
2021956519076429989,afshin_46,2026-02-12 16:36:14.940,دموکراسی  یعنی پذیرش و تحمل دیگری. فارغ از این، اجزای این بستر متکثر  بدون هم به جایی نمی رسند. باید بتوانیم یکدیگر را تحمل کنیم وگرنه هر شکلی از حکومت با هر عنوانی راه به جایی جز بازتولید استبداد نخواهد برد. دانشگاه باید از استقلال و تکثرش در برابر مصادره گری ها دفاع کند.,0,0,0,https://x.com/Afshin_46/status/2021956519076429989,2026,2,2026-02-12,دموکراسی  یعنی پذیرش و تحمل دیگری. فارغ از این، اجزای این بستر متکثر  بدون هم به جایی نمی رسند. باید بتوانیم یکدیگر را تحمل کنیم وگرنه هر شکلی از حکومت با هر عنوانی راه به جایی جز بازتولید استبداد نخواهد برد. دانشگاه باید از استقلال و تکثرش در برابر مصادره گری ها دفاع کند.,"Democracy means acceptance and tolerance of others. Apart from this, the components of this multifaceted platform do not reach anywhere without each other. We must be able to tolerate each other, otherwise any form of government with any title will lead nowhere but reproduction of tyranny. The university must defend its independence and pluralism against confiscations."
2021880632339837140,afshin_46,2026-02-12 11:34:42.132,امیدی نیست اما شاید وقتش شده اشارت ها را دریابیم,0,0,0,https://x.com/Afshin_46/status/2021880632339837140,2026,2,2026-02-12,امیدی نیست اما شاید وقتش شده اشارت ها را دریابیم,"There is no hope, but maybe it's time to find out the clues"
2021879368612819087,afshin_46,2026-02-12 11:29:40.836,دهانتان را که برای تمسخر و تحقیر هموطنتان باز می کنید، از یاد نبرید که همه ما با هر عقیده ای یک فصل مشترک داریم:  ایرانی هستیم. تنهاترین ملت دنیا. ما هیچکس جز خودمان را نداریم. دشمن همه ما یکی است، بفهمید. لااقل در این بزرگترین  بحران  تاریخ ایران کمی شعور داشته باشید.,0,0,0,https://x.com/Afshin_46/status/2021879368612819087,2026,2,2026-02-12,دهانتان را که برای تمسخر و تحقیر هموطنتان باز می کنید، از یاد نبرید که همه ما با هر عقیده ای یک فصل مشترک داریم:  ایرانی هستیم. تنهاترین ملت دنیا. ما هیچکس جز خودمان را نداریم. دشمن همه ما یکی است، بفهمید. لااقل در این بزرگترین  بحران  تاریخ ایران کمی شعور داشته باشید.,"When you open your mouth to mock and humiliate your fellow countryman, don't forget that we all have one common denominator: we are Iranians. The loneliest nation in the world. We have no one but ourselves. We all have the same enemy, understand. At least have some common sense in this biggest crisis in Iran's history."
2021673313425403968,afshin_46,2026-02-11 21:50:53.451,و ما کماکان در حال جلوی چشم جهان در حال سلاخی شدن هستیم. همه می دانند اما سرشان را برمی گردانند. اگر روزی ایران آزاد شود، جهان به سختی بتواند اعتماد این مردم را دوباره به دست بیاورد.,0,0,0,https://x.com/Afshin_46/status/2021673313425403968,2026,2,2026-02-11,و ما کماکان در حال جلوی چشم جهان در حال سلاخی شدن هستیم. همه می دانند اما سرشان را برمی گردانند. اگر روزی ایران آزاد شود، جهان به سختی بتواند اعتماد این مردم را دوباره به دست بیاورد.,"And we are still being slaughtered before the eyes of the world. Everyone knows but they turn their heads. If one day Iran is freed, the world will hardly be able to regain the trust of these people."
2021672856959275081,afshin_46,2026-02-11 21:49:04.621,آنها که نتوانستند با جنبش سبز و اصلاحات کنار بیایند، حالا در تلاشند تا معامله بین پایداری و پهلوی را جوش بدهند. از اوباش پایداری که انتظار خاصی نمی رود اما امیدوارم آنقدر عقلانیت در کمپین پهلوی مانده باشد که برای حفظ پایگاه خودش هم که شده این افاضات خطرناک را پاسخ بدهد.,0,0,0,https://x.com/Afshin_46/status/2021672856959275081,2026,2,2026-02-11,آنها که نتوانستند با جنبش سبز و اصلاحات کنار بیایند، حالا در تلاشند تا معامله بین پایداری و پهلوی را جوش بدهند. از اوباش پایداری که انتظار خاصی نمی رود اما امیدوارم آنقدر عقلانیت در کمپین پهلوی مانده باشد که برای حفظ پایگاه خودش هم که شده این افاضات خطرناک را پاسخ بدهد.,"They, who could not cope with the green movement and reforms, are now trying to weld a deal between sustainability and Pahlavi. We don't expect much stability from the mob, but I hope that there is enough rationality left in the Pahlavi campaign to respond to these dangerous blunders in order to protect its own base."
2021651875112923451,afshin_46,2026-02-11 20:25:42.159,اسم بازداشت شدگان را پنهان نکنید. آنها در دستان یک نهاد قانونی نیستند. آنها گروگان گرفته شدند، پنهان نکنید اسامی را. نگذارید بازداشت شدگان گمنام بمیرند.,0,0,0,https://x.com/Afshin_46/status/2021651875112923451,2026,2,2026-02-11,اسم بازداشت شدگان را پنهان نکنید. آنها در دستان یک نهاد قانونی نیستند. آنها گروگان گرفته شدند، پنهان نکنید اسامی را. نگذارید بازداشت شدگان گمنام بمیرند.,"Do not hide the names of the detainees. They are not in the hands of a legal entity. They were taken hostage, don't hide the names. Do not let the anonymous detainees die."
2021290180099871213,afshin_46,2026-02-10 20:28:27.348,از آن مناظره ها که هر دو طرف حرف دهانشان را بخوبی می فهمند. شنیدنی بود. فارغ از ارادتم به جناب مالجو، استدلال های آقای اتفاق هم قابل تامل بودند. بحثی محترمانه و معنادار,0,0,0,https://x.com/Afshin_46/status/2021290180099871213,2026,2,2026-02-10,از آن مناظره ها که هر دو طرف حرف دهانشان را بخوبی می فهمند. شنیدنی بود. فارغ از ارادتم به جناب مالجو، استدلال های آقای اتفاق هم قابل تامل بودند. بحثی محترمانه و معنادار,"From those debates where both sides understand what they are saying. It was audible. Regardless of my devotion to Mr. Maljo, the arguments of Mr. Ajak were also worth considering. A respectful and meaningful discussion"
2021287817838502319,afshin_46,2026-02-10 20:19:04.141,«نیروهای خودسر»«آتش به اختیار» یا هر عنوان دیگری از هوا نمی آیند. یک کمپین سیاسی در قدرت یا اپوزوسیون باید به نقد خود بپردازد که چرا چنین اشخاصی توانسته اند به درون  راه یابند.  بهره برداری از پوپولیسم در مواجهات سیاسی تهدید بزرگی برای هر کمپینی است و می تواند بنیان برافکن باشد.,0,0,0,https://x.com/Afshin_46/status/2021287817838502319,2026,2,2026-02-10,«نیروهای خودسر»«آتش به اختیار» یا هر عنوان دیگری از هوا نمی آیند. یک کمپین سیاسی در قدرت یا اپوزوسیون باید به نقد خود بپردازد که چرا چنین اشخاصی توانسته اند به درون  راه یابند.  بهره برداری از پوپولیسم در مواجهات سیاسی تهدید بزرگی برای هر کمپینی است و می تواند بنیان برافکن باشد.,"""Arbitrary forces"", ""fire at will"" or any other title do not come out of thin air. A political campaign in power or in the opposition must criticize why such persons were able to get in.  Exploitation of populism in political confrontations is a great threat to any campaign and can be ground breaking."
2020935328207601981,afshin_46,2026-02-09 20:58:24.064,اعدام بدون محاکمه عادلانه، آخرین مرزهای شرافت و انسانیت را هم پشت سر گذاشتید. دیگر با ملت ندار شدید. حالا بوضوح مشخص است که ماهیت آنچه در 57 به پیروزی رسید چه بوده. برگشتید به تنظیمات کارخانه.,0,0,0,https://x.com/Afshin_46/status/2020935328207601981,2026,2,2026-02-09,اعدام بدون محاکمه عادلانه، آخرین مرزهای شرافت و انسانیت را هم پشت سر گذاشتید. دیگر با ملت ندار شدید. حالا بوضوح مشخص است که ماهیت آنچه در 57 به پیروزی رسید چه بوده. برگشتید به تنظیمات کارخانه.,"Execution without a fair trial, you passed the last limits of honor and humanity. You are no longer with the nation. Now it is clear what was the nature of what was won in 1957. Return to factory settings."
2020866546956959745,afshin_46,2026-02-09 16:25:05.336,گویا تمام اجزای داخل و خارج این به اصطلاح اپوزوسیون بر سر انکار کارگران و اعتراضات طبقاتی با هم توافق دارند. رنج کارگران و نقش پررنگ آنها در اعتراضات طوری  انکار می شود ک هانگار بخشی از این جامعه نیستند. انتظار پرداختن به مفاهیم متعالی مثل دموکراسی یا عدالت اجتماعی نداربم.,0,0,0,https://x.com/Afshin_46/status/2020866546956959745,2026,2,2026-02-09,گویا تمام اجزای داخل و خارج این به اصطلاح اپوزوسیون بر سر انکار کارگران و اعتراضات طبقاتی با هم توافق دارند. رنج کارگران و نقش پررنگ آنها در اعتراضات طوری  انکار می شود ک هانگار بخشی از این جامعه نیستند. انتظار پرداختن به مفاهیم متعالی مثل دموکراسی یا عدالت اجتماعی نداربم.,It seems that all the internal and external components of this so-called opposition agree on the denial of workers and class protests. The suffering of the workers and their prominent role in the protests are denied as they are not part of this society. I don't expect to deal with lofty concepts like democracy or social justice.
2020866549637087471,afshin_46,2026-02-09 16:25:05.975,"اما لااقل از کسانی که دارند پا به پای شما و حتی بیشتر از شما اعتراض می کنند، در ظاهر هم شده حمایت کنید. 
پ.ن: رونوشت به رسانه های جریان اصلی. اینها هم مردم هستند. 
#کارگران_معترض
#اعتصابات_و_اعتراضات_سراسری",0,0,0,https://x.com/Afshin_46/status/2020866549637087471,2026,2,2026-02-09,"اما لااقل از کسانی که دارند پا به پای شما و حتی بیشتر از شما اعتراض می کنند، در ظاهر هم شده حمایت کنید. 
پ.ن: رونوشت به رسانه های جریان اصلی. اینها هم مردم هستند. 
#کارگران_معترض
#اعتصابات_و_اعتراضات_سراسری","But at least support those who are protesting against you and even more than you. 
PN: Copy to mainstream media. These are people too. 
#protesting_workers
# Nationwide strikes and protests"
2020864203905487019,afshin_46,2026-02-09 16:15:46.709,"«اگر اپوزیسیونِ کنونی که عمدتاً کمپین‌محور است نتواند به یک اپوزیسیون سازمان‌یافته و دولت در سایه تبدیل شود، خلاء قدرت را جناحی از خود حاکمیت پر می‌کند، چون آن‌ها شبکه‌ی سازمانی داخل کشور، پول و لجستیک، و توان تحمیل حداقل نظم را دارند.»
این هشدار را جدی بگیرید",0,0,0,https://x.com/Afshin_46/status/2020864203905487019,2026,2,2026-02-09,"«اگر اپوزیسیونِ کنونی که عمدتاً کمپین‌محور است نتواند به یک اپوزیسیون سازمان‌یافته و دولت در سایه تبدیل شود، خلاء قدرت را جناحی از خود حاکمیت پر می‌کند، چون آن‌ها شبکه‌ی سازمانی داخل کشور، پول و لجستیک، و توان تحمیل حداقل نظم را دارند.»
این هشدار را جدی بگیرید","""If the current opposition, which is mostly campaign-oriented, cannot be transformed into an organized opposition and shadow government, the power vacuum will be filled by a faction of the government itself, because they have the internal organizational network, money and logistics, and the ability to impose a minimum of order.""
Take this warning seriously"
2020857730592841731,afshin_46,2026-02-09 15:50:03.351,ما به هیچ فاشیسمی رای نخواهیم داد. نهراسید، جامعه ایرانی فاشیسم را زیسته است. ما زخم خوردگان مفاهیم انتزاعی مثل «اقتدار و فاشیسم» هستیم. جامعه ایرانی تنها و تنها به زندگی می اندیشد و برای ازادی و زندگی می جنگد.,0,0,0,https://x.com/Afshin_46/status/2020857730592841731,2026,2,2026-02-09,ما به هیچ فاشیسمی رای نخواهیم داد. نهراسید، جامعه ایرانی فاشیسم را زیسته است. ما زخم خوردگان مفاهیم انتزاعی مثل «اقتدار و فاشیسم» هستیم. جامعه ایرانی تنها و تنها به زندگی می اندیشد و برای ازادی و زندگی می جنگد.,"We will not vote for any fascism. Nehrasid, Iranian society has experienced fascism. We are victims of abstract concepts like ""authority and fascism"". Iranian society only thinks about life and fights for freedom and life."
2020849429532618851,afshin_46,2026-02-09 15:17:04.224,بازداشت هایی که از حلقه بیرونی نیروهای اپوزوسیون قدرت در داخل کشور مانند #بیژن_جانفشان اغاز شد اینک به نزدیک ترین حلقه اپوزوسیون به قدرت رسیده است. انها که با استبداد و اقتدار جمله سازی می کنند حالا به جان #آذر_منصوری و دیگر بزرگان اصلاحات افتاده اند.,0,0,0,https://x.com/Afshin_46/status/2020849429532618851,2026,2,2026-02-09,بازداشت هایی که از حلقه بیرونی نیروهای اپوزوسیون قدرت در داخل کشور مانند #بیژن_جانفشان اغاز شد اینک به نزدیک ترین حلقه اپوزوسیون به قدرت رسیده است. انها که با استبداد و اقتدار جمله سازی می کنند حالا به جان #آذر_منصوری و دیگر بزرگان اصلاحات افتاده اند.,"Arrests that started from the outer circle of the opposition forces inside the country, such as #Bijan_Janfashan, have now reached the closest circle of the opposition to power. Those who make sentences with tyranny and authority have now fallen on the lives of #Azer_Mansouri and other reformers."
2020849432175030400,afshin_46,2026-02-09 15:17:04.854,کسانی که بر خلاف رویه مدعیان اصلاحات حاضر نشدند معترضان را تروریست بخوانند و پای عقایدشان درست یا غلط ایستادند. افسوس که در بزنگاه انتخابات هشدارهای ما را نشنیدند و  ماری مثل پزشکیان را در آستینشان پرورش دادند.,0,0,0,https://x.com/Afshin_46/status/2020849432175030400,2026,2,2026-02-09,کسانی که بر خلاف رویه مدعیان اصلاحات حاضر نشدند معترضان را تروریست بخوانند و پای عقایدشان درست یا غلط ایستادند. افسوس که در بزنگاه انتخابات هشدارهای ما را نشنیدند و  ماری مثل پزشکیان را در آستینشان پرورش دادند.,"Those who, contrary to the practice of reformers, refused to call the protesters terrorists and stood by their beliefs, right or wrong. Alas, they didn't listen to our warnings during the elections and grew snakes up their sleeves like doctors."
2020849437023556024,afshin_46,2026-02-09 15:17:06.010,باید در حمایت از موج جدید بازداشتی ها فارغ از سویه سیاسی شان صراحت لهجه داشت. آنچه بازداشت شده آزادی بیان و دموکراسی خواهی است. هر استبدادطلبی که آمر این بازداشت هاست باید بداند که ما، مردم برای آزادی و دموکراسی خون داده ایم و پای جانهای نازنینی که از دست رفتند خواهیم ایستاد.,0,0,0,https://x.com/Afshin_46/status/2020849437023556024,2026,2,2026-02-09,باید در حمایت از موج جدید بازداشتی ها فارغ از سویه سیاسی شان صراحت لهجه داشت. آنچه بازداشت شده آزادی بیان و دموکراسی خواهی است. هر استبدادطلبی که آمر این بازداشت هاست باید بداند که ما، مردم برای آزادی و دموکراسی خون داده ایم و پای جانهای نازنینی که از دست رفتند خواهیم ایستاد.,"One should be frank in supporting the new wave of detainees, regardless of their political affiliation. What has been arrested is freedom of speech and democracy. Any dictator who is in charge of these arrests should know that we, the people, have given blood for freedom and democracy and will stand by the precious lives that were lost."
2020847545002438782,afshin_46,2026-02-09 15:09:34.917,"در این بزنگاه دو گرایش سیاسی بیشتر وجود نداره له یا علیه ج.اسلامی
#IranMassacare",0,0,0,https://x.com/Afshin_46/status/2020847545002438782,2026,2,2026-02-09,"در این بزنگاه دو گرایش سیاسی بیشتر وجود نداره له یا علیه ج.اسلامی
#IranMassacare","In this situation, there are no more two political trends for or against J. Islami
#IranMassacare"
2020551423667171588,afshin_46,2026-02-08 19:32:54.089,حلقه خودی ها تنگ تر و تنگ تر می شود، آنقدر تنگ که در نهایت خرخره خودکامه را خواهد فشرد. بازداشت خانم منصوری بوضوح نشان دهنده تسلط تندروها بر حکومت و نهادهای نظامی و امنیتی است.,0,0,0,https://x.com/Afshin_46/status/2020551423667171588,2026,2,2026-02-08,حلقه خودی ها تنگ تر و تنگ تر می شود، آنقدر تنگ که در نهایت خرخره خودکامه را خواهد فشرد. بازداشت خانم منصوری بوضوح نشان دهنده تسلط تندروها بر حکومت و نهادهای نظامی و امنیتی است.,"The circle of insiders gets tighter and tighter, so tight that it will finally squeeze the autocrat's snort. The arrest of Ms. Mansouri clearly shows the extremists' control over the government and military and security institutions."
2020535018888581537,afshin_46,2026-02-08 18:27:42.885,"آنچنان به مردن مشتاقم که مرگ از من می هراسد آنچنان از زندگی ناامیدم که خون در رگ هایم مردد از حرکت ایستاده.
نه یارای پایان دادن این رنج مدام را دارم و نه توانی برای ادامه دادن به آن.
چونان سنگی ترک خورده در  چشم طوفان، افتاده ام و در سکون  میان هیاهوی پیرامون فرسوده می شوم",0,0,0,https://x.com/Afshin_46/status/2020535018888581537,2026,2,2026-02-08,"آنچنان به مردن مشتاقم که مرگ از من می هراسد آنچنان از زندگی ناامیدم که خون در رگ هایم مردد از حرکت ایستاده.
نه یارای پایان دادن این رنج مدام را دارم و نه توانی برای ادامه دادن به آن.
چونان سنگی ترک خورده در  چشم طوفان، افتاده ام و در سکون  میان هیاهوی پیرامون فرسوده می شوم","I am so eager to die that death is afraid of me, I am so desperate for life that the blood in my veins hesitates to move.
I have neither the ability to end this constant suffering nor the ability to continue it.
Like a cracked stone in the eye of the storm, I have fallen and am worn out in the stillness of the noise around"
2020529239347319216,afshin_46,2026-02-08 18:04:44.935,اما زمانی که با «مردم» واقعی روبرو می‌شوند، مسئله تغییر می‌کند. آنها با مطالباتی روبرو هستند که آگاهی نسبت به آنها ندارند. قواعدی که حکم ساروج ساختار سیاسی آنها را دارد زیر سوال می‌روند. هرچقدر این رویارویی امتداد بیابد و شدید‌تر باشد نظم عمومی بیشتر به چالش کشیده می‌شود.,0,0,0,https://x.com/Afshin_46/status/2020529239347319216,2026,2,2026-02-08,اما زمانی که با «مردم» واقعی روبرو می‌شوند، مسئله تغییر می‌کند. آنها با مطالباتی روبرو هستند که آگاهی نسبت به آنها ندارند. قواعدی که حکم ساروج ساختار سیاسی آنها را دارد زیر سوال می‌روند. هرچقدر این رویارویی امتداد بیابد و شدید‌تر باشد نظم عمومی بیشتر به چالش کشیده می‌شود.,"But things change when they meet real ""people"". They face demands that they are not aware of. The rules that govern their political structure are being questioned. The more this confrontation continues and the more intense it is, the more public order will be challenged."
2020529244686762309,afshin_46,2026-02-08 18:04:46.208,اما زمانی که با «مردم» واقعی روبرو می‌شوند، مسئله تغییر می‌کند. آنها با مطالباتی روبرو هستند که آگاهی نسبت به آنها ندارند. قواعدی که حکم ساروج ساختار سیاسی آنها را دارد زیر سوال می‌روند. هرچقدر این رویارویی تداوم بیابد و شدید‌تر باشد نظم عمومی بیشتر به چالش کشیده می‌شود.,0,0,0,https://x.com/Afshin_46/status/2020529244686762309,2026,2,2026-02-08,اما زمانی که با «مردم» واقعی روبرو می‌شوند، مسئله تغییر می‌کند. آنها با مطالباتی روبرو هستند که آگاهی نسبت به آنها ندارند. قواعدی که حکم ساروج ساختار سیاسی آنها را دارد زیر سوال می‌روند. هرچقدر این رویارویی تداوم بیابد و شدید‌تر باشد نظم عمومی بیشتر به چالش کشیده می‌شود.,"But things change when they meet real ""people"". They face demands that they are not aware of. The rules that govern their political structure are being questioned. The more this confrontation continues and the more intense it is, the more the public order will be challenged."
2020529248407031938,afshin_46,2026-02-08 18:04:47.095,اما این مردم واقعی که در تعریف سیاستمداران نگنجیده‌اند کیست؟ چه انگاره‌هایی دارد؟ مطالباتش چیست؟ به چه ارزش‌هایی پایبند است؟ از کجا با تعریف حاکمیتی به چالش برخورده است؟ و مهم‌تر از همه چگونه خود را بازتعریف می‌کند؟,0,0,0,https://x.com/Afshin_46/status/2020529248407031938,2026,2,2026-02-08,اما این مردم واقعی که در تعریف سیاستمداران نگنجیده‌اند کیست؟ چه انگاره‌هایی دارد؟ مطالباتش چیست؟ به چه ارزش‌هایی پایبند است؟ از کجا با تعریف حاکمیتی به چالش برخورده است؟ و مهم‌تر از همه چگونه خود را بازتعریف می‌کند؟,"But who are these real people who are not included in the definition of politicians? What ideas does it have? What are his demands? What values ​​does it adhere to? Where is the definition of sovereignty challenged? And most importantly, how does it redefine itself?"
2020529229213925448,afshin_46,2026-02-08 18:04:42.519,این متن را پس از جنبش مهسا/ژینا نوشتم و هنوز باور دارم این خطای شناختی باعث شده تا سیاسیون از شناخت مردم عاجز باشند. در انتهای این متن پرسش هایی را طرح کردم که متاسفانه هنوز مسئله اصلی هستند که به آن پرداخته نمی شود.,0,0,0,https://x.com/Afshin_46/status/2020529229213925448,2026,2,2026-02-08,این متن را پس از جنبش مهسا/ژینا نوشتم و هنوز باور دارم این خطای شناختی باعث شده تا سیاسیون از شناخت مردم عاجز باشند. در انتهای این متن پرسش هایی را طرح کردم که متاسفانه هنوز مسئله اصلی هستند که به آن پرداخته نمی شود.,"I wrote this text after the Mehsa/Gina movement and I still believe that this cognitive error has caused politicians to be unable to recognize the people. At the end of this text, I raised some questions that unfortunately are still the main issue that is not addressed."
2020529235660599452,afshin_46,2026-02-08 18:04:44.056,مفهومی که ماده اولیه ساختار حکمرانی است. این مفهوم قابل حکمرانی به مرزهای ملی، قومی یا مذهبی محدود می‌شود. پیش‌فرض‌های حاکمیتی که به سیاستمداران کمک می‌کنند تا با تحمیل قواعد و انگاره‌های خود بعنوان ارزش‌های جامعه، «مردم» را حکمرانی‌پذیر نگه‌دارند.,0,0,0,https://x.com/Afshin_46/status/2020529235660599452,2026,2,2026-02-08,مفهومی که ماده اولیه ساختار حکمرانی است. این مفهوم قابل حکمرانی به مرزهای ملی، قومی یا مذهبی محدود می‌شود. پیش‌فرض‌های حاکمیتی که به سیاستمداران کمک می‌کنند تا با تحمیل قواعد و انگاره‌های خود بعنوان ارزش‌های جامعه، «مردم» را حکمرانی‌پذیر نگه‌دارند.,"A concept that is the basic material of governance structure. This governable concept is limited to national, ethnic or religious boundaries. Presuppositions of governance that help politicians to keep the ""people"" governable by imposing their rules and ideas as society's values."
2020529231252410645,afshin_46,2026-02-08 18:04:43.005,از منظر سیاست‌مداران کلاسیک مردم یک مفهوم واحد مقید به عناصری بیرونی (ارزش‌های مشترک) است که می‌توان از آن برای شکل دادن به یک کمیت سیاسی حکمرانی‌پذیر بهره برد. در واقع آن‌ها مردم را به عنوان یک مفهوم کلی و عام بکار می‌برند (عوام، رعیت،مردم شریف و …),0,0,0,https://x.com/Afshin_46/status/2020529231252410645,2026,2,2026-02-08,از منظر سیاست‌مداران کلاسیک مردم یک مفهوم واحد مقید به عناصری بیرونی (ارزش‌های مشترک) است که می‌توان از آن برای شکل دادن به یک کمیت سیاسی حکمرانی‌پذیر بهره برد. در واقع آن‌ها مردم را به عنوان یک مفهوم کلی و عام بکار می‌برند (عوام، رعیت،مردم شریف و …),"From the point of view of classical politicians, the people is a single concept bound to external elements (common values) that can be used to form a governable political quantity. In fact, they use people as a general concept (commoners, subjects, honorable people, etc.)"
2020520589518159999,afshin_46,2026-02-08 17:30:22.655,"in the eye of the storm
In the heart of a dust storm, the world disappears behind a wall of swirling particles—so thick and opaque it resembles solid concrete. From the outside, passing through seems unthinkable, impossible.",0,0,0,https://x.com/Afshin_46/status/2020520589518159999,2026,2,2026-02-08,"in the eye of the storm
In the heart of a dust storm, the world disappears behind a wall of swirling particles—so thick and opaque it resembles solid concrete. From the outside, passing through seems unthinkable, impossible.","in the eye of the storm
In the heart of a dust storm, the world disappears behind a wall of swirling particles—so thick and opaque it resembles solid concrete. From the outside, passing through seems unthinkable, impossible."
2020520607238996054,afshin_46,2026-02-08 17:30:26.880,"worn thin by fear, inflation, and grief. And yet, strangely, in the eye of the storm everything can still appear deceptively calm: streets function, shops open when there is anything to sell, screens glow, routines limp along.
But beneath that surface stillness lies paralysis.",0,0,0,https://x.com/Afshin_46/status/2020520607238996054,2026,2,2026-02-08,"worn thin by fear, inflation, and grief. And yet, strangely, in the eye of the storm everything can still appear deceptively calm: streets function, shops open when there is anything to sell, screens glow, routines limp along.
But beneath that surface stillness lies paralysis.","worn thin by fear, inflation, and grief. And yet, strangely, in the eye of the storm everything can still appear deceptively calm: streets function, shops open when there is anything to sell, screens glow, routines limp along.
But beneath that surface stillness lies paralysis."
2020520612049936604,afshin_46,2026-02-08 17:30:28.027,"Between the wall that blocks return and the wall that hides tomorrow, we stand, forced to choose—even when both directions feel equally futile.
The dust keeps swirling. The choice remains ours.
#IranMassacre",0,0,0,https://x.com/Afshin_46/status/2020520612049936604,2026,2,2026-02-08,"Between the wall that blocks return and the wall that hides tomorrow, we stand, forced to choose—even when both directions feel equally futile.
The dust keeps swirling. The choice remains ours.
#IranMassacre","Between the wall that blocks return and the wall that hides tomorrow, we stand, forced to choose—even when both directions feel equally futile.
The dust keeps swirling. The choice remains ours.
#IranMassacre"
2020492416977969153,afshin_46,2026-02-08 15:38:25.798,بازداشت صدها کارگر به بهانه اعتراض و نگهداری انها در سوله فصل نوینی از برده داری در جهان ج.اسلامی است و شوربختانه  رسانه های جریان اصلی نیز تمایلی به پخش این اخبار نشان نمی دهند. اعتصابات و اعتراضات کارگری  تداوم دارند اما حمایت نمی شوند.,0,0,0,https://x.com/Afshin_46/status/2020492416977969153,2026,2,2026-02-08,بازداشت صدها کارگر به بهانه اعتراض و نگهداری انها در سوله فصل نوینی از برده داری در جهان ج.اسلامی است و شوربختانه  رسانه های جریان اصلی نیز تمایلی به پخش این اخبار نشان نمی دهند. اعتصابات و اعتراضات کارگری  تداوم دارند اما حمایت نمی شوند.,"Arresting hundreds of workers under the pretext of protesting and keeping them in a shed is a new chapter of slavery in the Islamic world, and unfortunately the mainstream media are not willing to broadcast this news. Labor strikes and protests continue but are not supported."
2020194721952379360,afshin_46,2026-02-07 19:55:29.773,مملکت  سال ۵۷ ویران شد. آن چه از ویران شدنش می هراسید ساختار در هم پیچیده رانتی است که جایتان را گرم نگه داشته بود. مملکت یک ماه پیش  ویران شد. اگر آن انسانها حق حیات نداشتند، دیگر چه اهمیتی دارد که ایران نابود شود. در قبرستانی که درست کردید کسی زنده نیست که نگران ویرانی اش باشید,0,0,0,https://x.com/Afshin_46/status/2020194721952379360,2026,2,2026-02-07,مملکت  سال ۵۷ ویران شد. آن چه از ویران شدنش می هراسید ساختار در هم پیچیده رانتی است که جایتان را گرم نگه داشته بود. مملکت یک ماه پیش  ویران شد. اگر آن انسانها حق حیات نداشتند، دیگر چه اهمیتی دارد که ایران نابود شود. در قبرستانی که درست کردید کسی زنده نیست که نگران ویرانی اش باشید,"The country was destroyed in 1957. What you are afraid of destroying is the tangled structure of the rental that kept you warm. The country was destroyed a month ago. If those people did not have the right to live, what does it matter if Iran is destroyed? In the cemetery you made, there is no one alive to worry about destroying"
2020146904215036277,afshin_46,2026-02-07 16:45:29.136,"این حیوانات آینه تمام نمای رهبرانشان هستند. موهای کنده شده ویدا سبد می شود و گسوانش دوباره رشد می کند، اما  لکه های ننگ هرگز از دامان ج.اسلامی پاک نخواهند شد.  با ملتی روبرو هستید که خونشان روی دست شماست. از ترس ویدا و ویداها به دریوزگی توافق در خانه ارباب رفته اید.
#ویدا_ربانی",0,0,0,https://x.com/Afshin_46/status/2020146904215036277,2026,2,2026-02-07,"این حیوانات آینه تمام نمای رهبرانشان هستند. موهای کنده شده ویدا سبد می شود و گسوانش دوباره رشد می کند، اما  لکه های ننگ هرگز از دامان ج.اسلامی پاک نخواهند شد.  با ملتی روبرو هستید که خونشان روی دست شماست. از ترس ویدا و ویداها به دریوزگی توافق در خانه ارباب رفته اید.
#ویدا_ربانی","These animals are the mirror of their leaders. Vida's plucked hair will be a basket and her hair will grow again, but the stains of shame will never be removed from J. Islami's lap.  You are facing a nation whose blood is on your hands. Out of fear of Vida and Vida, you have gone to the agreement in the master's house.
#Vida_Rabbani"
2020145533503918291,afshin_46,2026-02-07 16:40:02.333,یک توصیه دوستانه به جبهه پراکنده چپ میانه رو و لیبرال پیشرو: از هیاهوی افراطیون چپ و راست نهراسید، غبار حادثه  بخوابد دست بالاتر از آن ماست. جامعه ایران تن به افراط نخواهد داد. جیغ و داد و همهمه جماعت افراطی هم به همین خاطر است. با آرامش همدیگر را بیابیم و منسجم بشویم.,0,0,0,https://x.com/Afshin_46/status/2020145533503918291,2026,2,2026-02-07,یک توصیه دوستانه به جبهه پراکنده چپ میانه رو و لیبرال پیشرو: از هیاهوی افراطیون چپ و راست نهراسید، غبار حادثه  بخوابد دست بالاتر از آن ماست. جامعه ایران تن به افراط نخواهد داد. جیغ و داد و همهمه جماعت افراطی هم به همین خاطر است. با آرامش همدیگر را بیابیم و منسجم بشویم.,"A friendly advice to the dispersed front of the moderate left and progressive liberals: don't be afraid of the uproar of the left and right extremists, let the dust of the incident sleep, our hands are higher than that. Iranian society will not give in to excesses. This is the reason for the screams of the extremist group. Let's find each other calmly and become coherent."
2020140193395757395,afshin_46,2026-02-07 16:18:49.152,کاش یاد می گرفتید از سر ظن و تردید و بدون مدرک مستدل اتهام نزنید. گویا مطالعات و دانش شما چندان در خدمت اصول اخلاقی و شرافت برخورد با کسی که با او مخالفید تاثیر نگذاشته. یادتان باشد که ما با اندیشه های شما مخالف بودیم وقتی در مقابل آن جانور شهبازی از شما دفاع کردیم.,0,0,0,https://x.com/Afshin_46/status/2020140193395757395,2026,2,2026-02-07,کاش یاد می گرفتید از سر ظن و تردید و بدون مدرک مستدل اتهام نزنید. گویا مطالعات و دانش شما چندان در خدمت اصول اخلاقی و شرافت برخورد با کسی که با او مخالفید تاثیر نگذاشته. یادتان باشد که ما با اندیشه های شما مخالف بودیم وقتی در مقابل آن جانور شهبازی از شما دفاع کردیم.,I wish you would learn not to make accusations based on suspicion and without evidence. It seems that your studies and knowledge did not affect the moral principles and honor of dealing with someone you disagree with. Remember that we were against your thoughts when we defended you against that Shahbazi beast.
2020136372762227083,afshin_46,2026-02-07 16:03:38.242,سر مواضعتون بایستید، تن به تفرقه و نامسئله ها ندید. خواب غرب رو آشفته کنید و نگذارید به مذاکره تن بدن. شما امتداد ما هستید. حتی یک نفس هم از ما جدا نیستید. ما همه با هم ایرانیم. دنیا باید این رو ببینه.,0,0,0,https://x.com/Afshin_46/status/2020136372762227083,2026,2,2026-02-07,سر مواضعتون بایستید، تن به تفرقه و نامسئله ها ندید. خواب غرب رو آشفته کنید و نگذارید به مذاکره تن بدن. شما امتداد ما هستید. حتی یک نفس هم از ما جدا نیستید. ما همه با هم ایرانیم. دنیا باید این رو ببینه.,"Stand by your positions, don't give in to division and non-issues. Disrupt the sleep of the West and don't let them engage in negotiations. You are an extension of us. You are not even a breath away from us. We are all Iranians together. The world must see this."
2019824075770851464,afshin_46,2026-02-06 19:22:40.837,جماعتی که  (از هر دسته و مرامی) تا حد هیولاهایی نزول کردند که برای نازلی کاموری آرزوی مرگ می کنند، با آن اراذلی که در خیابان به بچه های مردم شلیک کردند تفاوتی ندارند. زنده باشی نازلی جان. تا آخرین نفس بجنگ دوست نادیده عزیز. زیستن تو خود مبارزه برای آزادی است.,0,0,0,https://x.com/Afshin_46/status/2019824075770851464,2026,2,2026-02-06,جماعتی که  (از هر دسته و مرامی) تا حد هیولاهایی نزول کردند که برای نازلی کاموری آرزوی مرگ می کنند، با آن اراذلی که در خیابان به بچه های مردم شلیک کردند تفاوتی ندارند. زنده باشی نازلی جان. تا آخرین نفس بجنگ دوست نادیده عزیز. زیستن تو خود مبارزه برای آزادی است.,"The people who (from every category and creed) descended to the level of monsters who wish death for Nazli Kamori, are no different from those thugs who shot people's children in the street. Long live Nazli, Jan. Fight until the last breath, dear unseen friend. Living in yourself is a struggle for freedom."
2019824078631399899,afshin_46,2026-02-06 19:22:41.519,@inazkam,0,0,0,https://x.com/Afshin_46/status/2019824078631399899,2026,2,2026-02-06,@inazkam,@inazkam
2019779933799653529,afshin_46,2026-02-06 16:27:16.571,به این نکته اساسی دقت کنید: با توافق یا بی توافق ما باید به خیابان بازگردیم. زمان بندی این بازگشت را اراده جمعی تعیین می کند (آقای پهلوی، آقای موسوی یا هر کنشگر سیاسی دیگری  بخشی از این اراده جمعی هستند) به چرندیات اصحاب قدرت گوش نکنید.  ما   باید منافع ما را نمایندگی کنیم.,0,0,0,https://x.com/Afshin_46/status/2019779933799653529,2026,2,2026-02-06,به این نکته اساسی دقت کنید: با توافق یا بی توافق ما باید به خیابان بازگردیم. زمان بندی این بازگشت را اراده جمعی تعیین می کند (آقای پهلوی، آقای موسوی یا هر کنشگر سیاسی دیگری  بخشی از این اراده جمعی هستند) به چرندیات اصحاب قدرت گوش نکنید.  ما   باید منافع ما را نمایندگی کنیم.,"Pay attention to this basic point: with or without agreement, we must return to the street. The timing of this return is determined by the collective will (Mr. Pahlavi, Mr. Mousavi, or any other political activist is part of this collective will). Do not listen to the nonsense of those in power.  We must represent our interests."
2019730030335860997,afshin_46,2026-02-06 13:08:58.658,نیاز به شرح ندارد,0,0,0,https://x.com/Afshin_46/status/2019730030335860997,2026,2,2026-02-06,نیاز به شرح ندارد,It does not need to be explained
2019722555528253785,afshin_46,2026-02-06 12:39:16.525,هشتگ این روزهای جامعه کنشگر سیاسی ایران باید چنین چیزی می بود اما متاسفانه دوستان به تاسی از سنت وهم سوبژکتیو گذشتگانشان ترجیح می دهند، سر نامسئله هایی گیس و گیس کشی کنند که کوچکترین عاملیتی درباره اش ندارند.,0,0,0,https://x.com/Afshin_46/status/2019722555528253785,2026,2,2026-02-06,هشتگ این روزهای جامعه کنشگر سیاسی ایران باید چنین چیزی می بود اما متاسفانه دوستان به تاسی از سنت وهم سوبژکتیو گذشتگانشان ترجیح می دهند، سر نامسئله هایی گیس و گیس کشی کنند که کوچکترین عاملیتی درباره اش ندارند.,"The hashtag of Iran's political activist community these days should have been something like this, but unfortunately, the friends of the tradition and the subjective illusion of their past prefer to make jokes about trivial issues that they have no control over."
2019722565103874109,afshin_46,2026-02-06 12:39:18.808,فهمی که  ریشه در تاریخ استبدادزده ایران دارد.  آنها که به بهانه اقتدار ملی بدنبال نفی هرگونه تکثری هستند  و آنها که تکثر را تا مرز فروپاشی هر نظام سیاسی پیش می برند، در یک چیز اشتراک دارند: کج فهمی نظریه و مدل و ریشه این کج فهمی ها بیگانگی با واقعیت موجود است.,0,0,0,https://x.com/Afshin_46/status/2019722565103874109,2026,2,2026-02-06,فهمی که  ریشه در تاریخ استبدادزده ایران دارد.  آنها که به بهانه اقتدار ملی بدنبال نفی هرگونه تکثری هستند  و آنها که تکثر را تا مرز فروپاشی هر نظام سیاسی پیش می برند، در یک چیز اشتراک دارند: کج فهمی نظریه و مدل و ریشه این کج فهمی ها بیگانگی با واقعیت موجود است.,"An understanding that is rooted in Iran's tyrannical history.  Those who seek to negate any pluralism under the pretext of national authority, and those who push pluralism to the point of the collapse of any political system, have one thing in common: a misunderstanding of the theory and model, and the root of these misunderstandings is alienation from the existing reality."
2019722569080058024,afshin_46,2026-02-06 12:39:19.756,"#از_دموکراسی_بگو 
#از_بازداشتیها_بگو 
#از_کشتار_بگو
#از_ایران_بگو",0,0,0,https://x.com/Afshin_46/status/2019722569080058024,2026,2,2026-02-06,"#از_دموکراسی_بگو 
#از_بازداشتیها_بگو 
#از_کشتار_بگو
#از_ایران_بگو","#Tell about_democracy 
#Tell about the detainees 
#Tell about the killing
#say_from_Iran_"
2019715575459815582,afshin_46,2026-02-06 12:11:32.347,این مسئله مهمی است که باید در مرکز توجه قرار بگیرد. این اتفاق از کولی بازی ها و بحث های بی سروته در این فضا مهمتر است. موافق پهلوی هستید یا مخالفش چشمانتان را باز کنید، از چنین رخدادهای بوی تعفن رویکرد فاشیستی می آید. هوشیار باشید، لااقل در این بزنگاه مهم کمی دقیق تر نگاه کنید.,0,0,0,https://x.com/Afshin_46/status/2019715575459815582,2026,2,2026-02-06,این مسئله مهمی است که باید در مرکز توجه قرار بگیرد. این اتفاق از کولی بازی ها و بحث های بی سروته در این فضا مهمتر است. موافق پهلوی هستید یا مخالفش چشمانتان را باز کنید، از چنین رخدادهای بوی تعفن رویکرد فاشیستی می آید. هوشیار باشید، لااقل در این بزنگاه مهم کمی دقیق تر نگاه کنید.,"This is an important issue that should be in the center of attention. This incident is more important than idle games and discussions in this space. Open your eyes whether you support Pahlavi or against him, such incidents reek of fascist approach. Be alert, at least look a little more closely at this important point."
2019707351239209297,afshin_46,2026-02-06 11:38:51.540,من در سمت مردمم خواهم ایستاد حتی اگر باور داشته باشم که اشتباه می کنند. اینجا، امروز همه چیز رنگ و بوی خون دارد. در میان پیکر کشتگان و هزاران اسیری که جانشان در خطر است جایی برای دیالوگ نیست. فارغ از آن چه فردا رخ دهد، امروز روز انقلاب است.,0,0,0,https://x.com/Afshin_46/status/2019707351239209297,2026,2,2026-02-06,من در سمت مردمم خواهم ایستاد حتی اگر باور داشته باشم که اشتباه می کنند. اینجا، امروز همه چیز رنگ و بوی خون دارد. در میان پیکر کشتگان و هزاران اسیری که جانشان در خطر است جایی برای دیالوگ نیست. فارغ از آن چه فردا رخ دهد، امروز روز انقلاب است.,"I will stand by my people even if I believe they are wrong. Here, today, everything has the color and smell of blood. There is no room for dialogue among the bodies of the dead and thousands of prisoners whose lives are in danger. Regardless of what happens tomorrow, today is the day of revolution."
2019707354250653775,afshin_46,2026-02-06 11:38:52.258,فردا، فارغ از این که چه رخ بدهد، با تمام توانم در دفاع از دموکراسی مقابل هر کس که به بهانه اقتدار، ناسیونالیسم، مذهب، قومگرایی یا هر وهم انتزاعی دیگری  حق و حقوق مردمانم را نفی کند،  خواهم ایستاد. اما امروز مسئله سرنگونی  حکومتی است که حق زیستن را از ما دریغ کرده است و لاغیر.,0,0,0,https://x.com/Afshin_46/status/2019707354250653775,2026,2,2026-02-06,فردا، فارغ از این که چه رخ بدهد، با تمام توانم در دفاع از دموکراسی مقابل هر کس که به بهانه اقتدار، ناسیونالیسم، مذهب، قومگرایی یا هر وهم انتزاعی دیگری  حق و حقوق مردمانم را نفی کند،  خواهم ایستاد. اما امروز مسئله سرنگونی  حکومتی است که حق زیستن را از ما دریغ کرده است و لاغیر.,"Tomorrow, no matter what happens, I will stand with all my might in defense of democracy against anyone who denies the rights of my people under the pretext of authority, nationalism, religion, ethnocentrism or any other abstract illusion. But today, the issue is the overthrow of the government that denied us the right to live, and nothing else."
2019690392363704351,afshin_46,2026-02-06 10:31:28.229,"Bella Ciao,Bella Ciao, Bella Ciao
#رها_بهلولی‌_پور",0,0,0,https://x.com/Afshin_46/status/2019690392363704351,2026,2,2026-02-06,"Bella Ciao,Bella Ciao, Bella Ciao
#رها_بهلولی‌_پور","Bella Ciao, Bella Ciao, Bella Ciao
#Reha_Bahloli_Pour"
2019584268591374361,afshin_46,2026-02-06 03:29:46.350,من یک شهروند ایرانی به شرافت خود سوگند یاد می‌کنم، تا همه توانم را برای #دادخواهی خون جانباختگان #کشتار_دی‌ماه و احقاق حق آنها تا کشف حقیقت و اجرای عدالت درباره عاملان و آمران، به کار بگیرم.,0,0,0,https://x.com/Afshin_46/status/2019584268591374361,2026,2,2026-02-06,من یک شهروند ایرانی به شرافت خود سوگند یاد می‌کنم، تا همه توانم را برای #دادخواهی خون جانباختگان #کشتار_دی‌ماه و احقاق حق آنها تا کشف حقیقت و اجرای عدالت درباره عاملان و آمران، به کار بگیرم.,"I, an Iranian citizen, swear on my honor to use all my power to claim the blood of the victims of the Dimah massacre and to claim their rights to discover the truth and execute justice for the perpetrators and perpetrators."
2019391400387969340,afshin_46,2026-02-05 14:43:22.987,"درست وقتی که دارید از زمین و زمان تهدید می بارد، یقه کسانی را می گیرید که تلاش کردند از رسیدن وضعیت به این نقطه جلوگیری کنند. اگر عقلانیتی در نظام بود الان به جای هر چیز دیگری به مسئله نفوذ می پرداخت. کدام مغرضی در این وضعیت برای یک کنشگر شریف حکم زندان می دهد.
#مصطفی_مهرآیین",0,0,0,https://x.com/Afshin_46/status/2019391400387969340,2026,2,2026-02-05,"درست وقتی که دارید از زمین و زمان تهدید می بارد، یقه کسانی را می گیرید که تلاش کردند از رسیدن وضعیت به این نقطه جلوگیری کنند. اگر عقلانیتی در نظام بود الان به جای هر چیز دیگری به مسئله نفوذ می پرداخت. کدام مغرضی در این وضعیت برای یک کنشگر شریف حکم زندان می دهد.
#مصطفی_مهرآیین","Just when you are raining threats from earth and time, you grab the collar of those who tried to prevent the situation from reaching this point. If there was any rationality in the system, it would now deal with the issue of influence instead of anything else. In this situation, what kind of bias gives a prison sentence for a noble activist.
#Mustafa_MehrAyin"
2019388064259334283,afshin_46,2026-02-05 14:30:07.592,با #مسعود_مسجودی هرگز میانه خوبی نداشتم اما الان نگران حالش هستم. اگر گزندی به جان نازنینش رسیده باشد باید گفت که وارد مرحله هول انگیزی از این فرایند جابجایی قدرت شده ایم. دوستان کانادانشین نگذارید شایعات میدان دار شوند. پیگیر شوید تا واقعیت پشت پرده نماند یا مشمول مرور زمان نشود,0,0,0,https://x.com/Afshin_46/status/2019388064259334283,2026,2,2026-02-05,با #مسعود_مسجودی هرگز میانه خوبی نداشتم اما الان نگران حالش هستم. اگر گزندی به جان نازنینش رسیده باشد باید گفت که وارد مرحله هول انگیزی از این فرایند جابجایی قدرت شده ایم. دوستان کانادانشین نگذارید شایعات میدان دار شوند. پیگیر شوید تا واقعیت پشت پرده نماند یا مشمول مرور زمان نشود,"I never had a good relationship with #Masoud_Masjoudi, but now I'm worried about him. If a sting has reached his sweet life, it must be said that we have entered a terrifying stage of this power transfer process. Canadian friends, don't let rumors spread. Follow up so that the reality does not remain behind the curtain or is not subject to the passage of time"
2019020484122223047,afshin_46,2026-02-04 14:09:29.658,گفتن از شکل حکومت در وضعیتی که جامعه بطور آشکار در یک دوگانه (و خرده گانه های دیگر) قرار دارد، بیش از آن که نشانه بلوغ سیاسی باشد، نشانه هیجان زدگی و آشفتگی ذهنی است. اما از دموکراسی گفتن، از سرکوب و کشتگان و اسیران گفتن، تصور کردن ایرانی  که در آن همگان حق انتخاب داشته باشند،,0,0,0,https://x.com/Afshin_46/status/2019020484122223047,2026,2,2026-02-04,گفتن از شکل حکومت در وضعیتی که جامعه بطور آشکار در یک دوگانه (و خرده گانه های دیگر) قرار دارد، بیش از آن که نشانه بلوغ سیاسی باشد، نشانه هیجان زدگی و آشفتگی ذهنی است. اما از دموکراسی گفتن، از سرکوب و کشتگان و اسیران گفتن، تصور کردن ایرانی  که در آن همگان حق انتخاب داشته باشند،,"Talking about the form of government in a situation where the society is clearly in a duality (and other subtypes) is more a sign of excitement and mental confusion than it is a sign of political maturity. But talking about democracy, talking about repression and the dead and prisoners, imagining Iran where everyone has the right to choose."
2019020493613924743,afshin_46,2026-02-04 14:09:31.921,سر اصول بدیهی ائتلاف کنید، سر ضرورت گذار به مدرنیته، فضای باز سیاسی، حق تعیین سرنوشت ملی، آغوشتان را روی هم باز کنید تا ج.اسلامی سقوط کند. بفهمید، برای یک بار هم که شده، دهانتان را ببندید و چشمانتان را باز کنید. همدیگر را ببینید. وجوه اشتراک شما فراتر از اختلافتتان است.,0,0,0,https://x.com/Afshin_46/status/2019020493613924743,2026,2,2026-02-04,سر اصول بدیهی ائتلاف کنید، سر ضرورت گذار به مدرنیته، فضای باز سیاسی، حق تعیین سرنوشت ملی، آغوشتان را روی هم باز کنید تا ج.اسلامی سقوط کند. بفهمید، برای یک بار هم که شده، دهانتان را ببندید و چشمانتان را باز کنید. همدیگر را ببینید. وجوه اشتراک شما فراتر از اختلافتتان است.,"Make an alliance on obvious principles, open your arms to the necessity of modernity, open political space, the right to determine the national destiny, so that J. Islami falls. Understand, for once, shut your mouth and open your eyes. see each other Your mutual funds are beyond your differences."
2019020496960950628,afshin_46,2026-02-04 14:09:32.719,"#از_دموکراسی_بگو 
#از_بازداشتیها_بگو 
#از_انتقام_بگو 
#از_قتل_عام_بگو 
#از_ما_بگو",0,0,0,https://x.com/Afshin_46/status/2019020496960950628,2026,2,2026-02-04,"#از_دموکراسی_بگو 
#از_بازداشتیها_بگو 
#از_انتقام_بگو 
#از_قتل_عام_بگو 
#از_ما_بگو","#Tell about_democracy 
#Tell about the detainees 
#Tell about_revenge 
#Tell about the massacre 
#Tell us"
2018640261346418836,afshin_46,2026-02-03 12:58:37.484,ما خواهان گذار به دموکراسی هستیم و برای همین می خواهیم از تمامیت جمهوری اسلامی و هویت ۵۷ عبور کنیم. اما چگونه می توان دموکراسی خواه بود و دیگری را برنتافت؟ چرا باید خواست دموکراسی را بعنوان عامل خلل در اتحاد ما برای گذار از حکومت تصور کرد؟ آیا آقای پهلوی با دموکراسی مخالفند؟,0,0,0,https://x.com/Afshin_46/status/2018640261346418836,2026,2,2026-02-03,ما خواهان گذار به دموکراسی هستیم و برای همین می خواهیم از تمامیت جمهوری اسلامی و هویت ۵۷ عبور کنیم. اما چگونه می توان دموکراسی خواه بود و دیگری را برنتافت؟ چرا باید خواست دموکراسی را بعنوان عامل خلل در اتحاد ما برای گذار از حکومت تصور کرد؟ آیا آقای پهلوی با دموکراسی مخالفند؟,We want to transition to democracy and therefore we want to overcome the integrity of the Islamic Republic and the identity of 57. But how can you be democratic and not find the other? Why should the demand for democracy be considered as a factor in the disruption of our unity for the transition from the government? Is Mr. Pahlavi against democracy?
2018640282921959768,afshin_46,2026-02-03 12:58:42.628,پس از انقلاب ۵۷ وقتی زنان در اعتراض به حکم حجاب روانپریش های جنسی حاکم به خیابان آمدند، انقلابیون و هیجان زده های چپ فارسی گفتند «الان وقتش نیست». در سال ۸۸ وقتی  در خیابان از دموکراسی و گذار گفتیم، اصلاح طلبان نهیب زدند که «وقتش نیست» و دارید از مسیر مد نظر ما منحرف می شوید.,0,0,0,https://x.com/Afshin_46/status/2018640282921959768,2026,2,2026-02-03,پس از انقلاب ۵۷ وقتی زنان در اعتراض به حکم حجاب روانپریش های جنسی حاکم به خیابان آمدند، انقلابیون و هیجان زده های چپ فارسی گفتند «الان وقتش نیست». در سال ۸۸ وقتی  در خیابان از دموکراسی و گذار گفتیم، اصلاح طلبان نهیب زدند که «وقتش نیست» و دارید از مسیر مد نظر ما منحرف می شوید.,"After the revolution of 1957, when women came to the streets to protest against the hijab decree of the ruling sexual psychopaths, the revolutionaries and excited Persian leftists said, ""Now is not the time."" In 2008, when we talked about democracy and transition in the street, the reformists shouted that ""it is not the time"" and that you are deviating from our desired path."
2018640286344491112,afshin_46,2026-02-03 12:58:43.444,دوستان پادشاهی خواه و جمهوری خواه حامی اقای پهلوی و گذار به سبک ایشان. از این تشابه گفتمانی بهراسید. اندکی در واکنش بیقرارتان به صداهای دیگر تامل کنید. شاید اضطراب و بحران ناشی از این انتظار کشنده باعث شده تا ناخواسته پا در مسیری بگذارید که به بازتولید استبداد می انجامد.,0,0,0,https://x.com/Afshin_46/status/2018640286344491112,2026,2,2026-02-03,دوستان پادشاهی خواه و جمهوری خواه حامی اقای پهلوی و گذار به سبک ایشان. از این تشابه گفتمانی بهراسید. اندکی در واکنش بیقرارتان به صداهای دیگر تامل کنید. شاید اضطراب و بحران ناشی از این انتظار کشنده باعث شده تا ناخواسته پا در مسیری بگذارید که به بازتولید استبداد می انجامد.,Monarchist and republican friends support Mr. Pahlavi and transition in his style. Be afraid of this discursive similarity. Reflect a little on your restless reaction to other sounds. Perhaps the anxiety and crisis caused by this fatal expectation has caused you to inadvertently step on a path that leads to the reproduction of tyranny.
2018378933159202955,afshin_46,2026-02-02 19:40:11.989,تلاش برای فروکاستن معترضان چه از لحاظ کمی و چه از لحاظ سطح فکری و فرهنگی، تنها بدنبال کمرنگ کردن فاجعه و تقلیل آن به یک شورش کور است. این کالا قرار است به کنارنشستگان داخلی و البته افکار جامعه جهانی فروخته شود و باید علیه آن موضع گرفت.,0,0,0,https://x.com/Afshin_46/status/2018378933159202955,2026,2,2026-02-02,تلاش برای فروکاستن معترضان چه از لحاظ کمی و چه از لحاظ سطح فکری و فرهنگی، تنها بدنبال کمرنگ کردن فاجعه و تقلیل آن به یک شورش کور است. این کالا قرار است به کنارنشستگان داخلی و البته افکار جامعه جهانی فروخته شود و باید علیه آن موضع گرفت.,"Attempting to reduce the protesters, both quantitatively and intellectually and culturally, only seeks to diminish the tragedy and reduce it to a blind rebellion. This product is supposed to be sold to domestic sidekicks and of course the opinions of the international community, and a position should be taken against it."
2018312408859656512,afshin_46,2026-02-02 15:15:51.360,"اینجا تنها یک نفر ایستاده  اما همه همان یک نفرند. یک نفر که از بزرگترین امتحان انسانیت و شرافت سربلند بیرون آمده. یک نفر که با هدف رسیدن به آزادی و دموکراسی از جان گذشته. آرام بخواب پرچمدار جاودانه آزادی. همه مردم ایران در کنارت ایستاده اند.
#از_کشتار_بگو 
#از_دموکراسی_بگو",0,0,0,https://x.com/Afshin_46/status/2018312408859656512,2026,2,2026-02-02,"اینجا تنها یک نفر ایستاده  اما همه همان یک نفرند. یک نفر که از بزرگترین امتحان انسانیت و شرافت سربلند بیرون آمده. یک نفر که با هدف رسیدن به آزادی و دموکراسی از جان گذشته. آرام بخواب پرچمدار جاودانه آزادی. همه مردم ایران در کنارت ایستاده اند.
#از_کشتار_بگو 
#از_دموکراسی_بگو","There is only one person standing here, but everyone is the same person. A person who came out of the greatest test of humanity and honor proud. A person who died with the goal of achieving freedom and democracy. Rest in peace, eternal flag bearer of freedom. All the people of Iran stand by you.
#Tell about the killing 
#Tell about_democracy"
2018311150891360758,afshin_46,2026-02-02 15:10:51.437,دقیق و درست,0,0,0,https://x.com/Afshin_46/status/2018311150891360758,2026,2,2026-02-02,دقیق و درست,Accurate and correct
2018307938541060566,afshin_46,2026-02-02 14:58:05.553,بعنوان یکی از بچه های جنبش سبز با شما موافقم. گفتمان باید به روز و برپایه واقعیت های روی زمین باشه. میرحسین هم مدعای رهبری نداشته و هرگز علیه مطالبات عمومی هم موضع نگرفته. بیانیه را باید یک همراهی با انقلاب ملی مردم در نظر گرفت. بخش مذهبی اما  گذارطلب جامعه به این پرچم نیاز داره.,0,0,0,https://x.com/Afshin_46/status/2018307938541060566,2026,2,2026-02-02,بعنوان یکی از بچه های جنبش سبز با شما موافقم. گفتمان باید به روز و برپایه واقعیت های روی زمین باشه. میرحسین هم مدعای رهبری نداشته و هرگز علیه مطالبات عمومی هم موضع نگرفته. بیانیه را باید یک همراهی با انقلاب ملی مردم در نظر گرفت. بخش مذهبی اما  گذارطلب جامعه به این پرچم نیاز داره.,"As one of the children of the green movement, I agree with you. The discourse should be up-to-date and based on the realities on the ground. Mirhossein did not claim leadership and never took a position against public demands. The statement should be considered as a companion to the people's national revolution. The religious but demanding part of the society needs this flag."
2018299809690534115,afshin_46,2026-02-02 14:25:47.484,"دوره میان بازی گذشته است. اینجا پای دریایی از خون در میان است و آدم ها دو دسته اند آنها که دلشان خون است و آنها که دستشان. هر بهانه ای مردود است. خون ریخته شده و این باید معیار اول و آخر باشد. باید دقت کنیم که کجا می ایستیم. 
#IranMassacre 
#انقلاب_ملی_ایران",0,0,0,https://x.com/Afshin_46/status/2018299809690534115,2026,2,2026-02-02,"دوره میان بازی گذشته است. اینجا پای دریایی از خون در میان است و آدم ها دو دسته اند آنها که دلشان خون است و آنها که دستشان. هر بهانه ای مردود است. خون ریخته شده و این باید معیار اول و آخر باشد. باید دقت کنیم که کجا می ایستیم. 
#IranMassacre 
#انقلاب_ملی_ایران","Halftime is over. There is a sea of ​​blood here and there are two types of people, those whose hearts are blood and those whose hands are blood. Any excuse is rejected. Blood has been spilled and this should be the first and last criterion. We must be careful where we stand. 
#IranMassacre 
#National_Revolution_of_Iran"
2018283673963958516,afshin_46,2026-02-02 13:21:40.427,دموکراسی برای ما از #نه_به_جمهوری_اسلامی  آغاز می شود. این نقطه اشتراک همه با  هر عقیده ای است. #از_دموکراسی_بگو در امتداد  مطالبه قاطع گذار از حکومت استبدادی ج.اسلامی است، نه در تعارض با آن. هر امر سلبی باید با امر ایجابی جایگزین پیگیری شود. گفتن از دموکراسی همان امر ایجابی است.,0,0,0,https://x.com/Afshin_46/status/2018283673963958516,2026,2,2026-02-02,دموکراسی برای ما از #نه_به_جمهوری_اسلامی  آغاز می شود. این نقطه اشتراک همه با  هر عقیده ای است. #از_دموکراسی_بگو در امتداد  مطالبه قاطع گذار از حکومت استبدادی ج.اسلامی است، نه در تعارض با آن. هر امر سلبی باید با امر ایجابی جایگزین پیگیری شود. گفتن از دموکراسی همان امر ایجابی است.,"For us, democracy begins with #no_to_the_Islamic_Republic. This is the common point of everyone with any opinion. #Az_demokrasi_bego is in line with the decisive demand for a transition from the authoritarian rule of Islam, not in conflict with it. Every negative thing should be replaced with a positive thing. Talking about democracy is a positive thing."
2018280038781641198,afshin_46,2026-02-02 13:07:13.732,"دوستان  پادشاهی پارلمانی خواه. به این ضیافت گفتن از دمکراسی دعوتید. این دست ماست که به سوی شما دراز می شود. بیایید همدیگر را به رسمیت بشناسیم.
#از_دموکراسی_بگو",0,0,0,https://x.com/Afshin_46/status/2018280038781641198,2026,2,2026-02-02,"دوستان  پادشاهی پارلمانی خواه. به این ضیافت گفتن از دمکراسی دعوتید. این دست ماست که به سوی شما دراز می شود. بیایید همدیگر را به رسمیت بشناسیم.
#از_دموکراسی_بگو","Friends of parliamentary monarchy. You are invited to this banquet of democracy. This is our hand that reaches out to you. Let's recognize each other.
#Tell about_democracy"
2018279055221477480,afshin_46,2026-02-02 13:03:19.233,"فکر نمی کنم منظور دوستان در بنیاد مردم موافقت با پاکسازی عقیدتی باشد. امروز و این بزنگاه هنگامه مبارزه با سلطه جویی و پاکسازی عیقیدتی است. دموکراسی یعنی رقص شورانگیز عقاید مختلف و مخالف با موسیقی آزادی بیان. ما همه با اندیشه های متفاوت حول محور دموکراسی ائتلاف می کنیم. 
x.com/bonyad_mardom/
…",0,0,0,https://x.com/Afshin_46/status/2018279055221477480,2026,2,2026-02-02,"فکر نمی کنم منظور دوستان در بنیاد مردم موافقت با پاکسازی عقیدتی باشد. امروز و این بزنگاه هنگامه مبارزه با سلطه جویی و پاکسازی عیقیدتی است. دموکراسی یعنی رقص شورانگیز عقاید مختلف و مخالف با موسیقی آزادی بیان. ما همه با اندیشه های متفاوت حول محور دموکراسی ائتلاف می کنیم. 
x.com/bonyad_mardom/
…","I don't think the friends in the People's Foundation mean to agree with ideological cleansing. Today and this time is the time to fight against domination and purify your beliefs. Democracy means the passionate dance of different opinions and against the music of freedom of expression. We all unite with different ideas around the axis of democracy. 
x.com/bonyad_mardom/
…"
2018276982329397652,afshin_46,2026-02-02 12:55:05.017,"دموکراسی یعنی به رسمیت شناختن مخالف. یعنی پذیرش این که همگان حق دارند «حضور» داشته باشند. دموکراسی یعنی «من با تو مخالفم. اما جانم را می دهم تا تو حرفت را بزنی»
#از_دموکراسی_بگو 
#با_هم_نجنگیم",0,0,0,https://x.com/Afshin_46/status/2018276982329397652,2026,2,2026-02-02,"دموکراسی یعنی به رسمیت شناختن مخالف. یعنی پذیرش این که همگان حق دارند «حضور» داشته باشند. دموکراسی یعنی «من با تو مخالفم. اما جانم را می دهم تا تو حرفت را بزنی»
#از_دموکراسی_بگو 
#با_هم_نجنگیم","Democracy means recognizing the opposition. It means accepting that everyone has the right to be ""present"". Democracy means ""I disagree with you."" But I will give my life for you to say your word""
#Tell about_democracy 
#Let's not fight together"
2018255093812822361,afshin_46,2026-02-02 11:28:06.388,"دموکراسی یعنی موازنه و تعادل بین گروه‌ها، اقشار، جنسیت‌ها و بخش‌های مختلف جامعه.
یعنی همه مردم، بدون استثنا، حقوق و آزادی‌های برابر داشته باشند.
دموکراسی یعنی هر فرد در جامعه به یک اندازه به رسمیت شناخته شود و ارزشمند باشد.
#از_دموکراسی_بگو",0,0,0,https://x.com/Afshin_46/status/2018255093812822361,2026,2,2026-02-02,"دموکراسی یعنی موازنه و تعادل بین گروه‌ها، اقشار، جنسیت‌ها و بخش‌های مختلف جامعه.
یعنی همه مردم، بدون استثنا، حقوق و آزادی‌های برابر داشته باشند.
دموکراسی یعنی هر فرد در جامعه به یک اندازه به رسمیت شناخته شود و ارزشمند باشد.
#از_دموکراسی_بگو","Democracy means balance between groups, classes, genders and different parts of society.
It means that all people, without exception, have equal rights and freedoms.
Democracy means that every person in the society is equally recognized and valued.
#Tell about_democracy"
2018006831113605385,afshin_46,2026-02-01 19:01:35.948,جهان در میان انبوه اسناد جنایت های آشویتس و دیگر اردوگاه های مرگ با پدیده حیرت آوری روبرو شد: افسران و زندانبانان نازی با قربانیانی که قرار بود به اتاق گاز بفرستند، یا با جنازه های قربانیان عکس یادگاری می گرفتند. حضرات آن مرحله را هم در شبکه افق باز فرمودند.,0,0,0,https://x.com/Afshin_46/status/2018006831113605385,2026,2,2026-02-01,جهان در میان انبوه اسناد جنایت های آشویتس و دیگر اردوگاه های مرگ با پدیده حیرت آوری روبرو شد: افسران و زندانبانان نازی با قربانیانی که قرار بود به اتاق گاز بفرستند، یا با جنازه های قربانیان عکس یادگاری می گرفتند. حضرات آن مرحله را هم در شبکه افق باز فرمودند.,"Among the mass of documents of the crimes of Auschwitz and other death camps, the world encountered a surprising phenomenon: Nazi officers and prison guards took souvenir photos with the victims who were going to be sent to the gas chamber, or with the corpses of the victims. The gentlemen also opened that stage on the horizon network."
2018006833084940655,afshin_46,2026-02-01 19:01:36.418,به جماعت وابسته که امیدی نیست، روی صحبتم با میانداران و مرددهای نظامی، ورزشی، هنری، تجاری یا تکنوکراتی است که هنوز در نفی این حکومت وحشت  تردید دارند. دقیقا کدام مرز اخلاقی و انسانی باید نفی شود تا دل بکنید؟ چه به روزتان باید بیاید که این آب باریکه خون آلود را رها کنید؟,0,0,0,https://x.com/Afshin_46/status/2018006833084940655,2026,2,2026-02-01,به جماعت وابسته که امیدی نیست، روی صحبتم با میانداران و مرددهای نظامی، ورزشی، هنری، تجاری یا تکنوکراتی است که هنوز در نفی این حکومت وحشت  تردید دارند. دقیقا کدام مرز اخلاقی و انسانی باید نفی شود تا دل بکنید؟ چه به روزتان باید بیاید که این آب باریکه خون آلود را رها کنید؟,"I am talking to the military, sports, artistic, commercial or technocrat moderates and skeptics who are still hesitant to reject this reign of terror. Exactly which moral and human border should be negated in order to have a heart? What should happen to you to let go of this bloody stream?"
2018006836436148686,afshin_46,2026-02-01 19:01:37.217,مسئله این نیست که کدام سمت موضع می گیرید، یا اصلا موضع می گیرید یا نه. اینجا انسانیت و شرافت شما در خطر است.  این باختی است که جبران نخواهد شد. از انسانیت عبور نکنید. ارزشش را ندارد. فردا  که در میان این مردم داغدیده انگشت نما خواهید شد، ثروت عالم هم نجاتتان نمی دهد,0,0,0,https://x.com/Afshin_46/status/2018006836436148686,2026,2,2026-02-01,مسئله این نیست که کدام سمت موضع می گیرید، یا اصلا موضع می گیرید یا نه. اینجا انسانیت و شرافت شما در خطر است.  این باختی است که جبران نخواهد شد. از انسانیت عبور نکنید. ارزشش را ندارد. فردا  که در میان این مردم داغدیده انگشت نما خواهید شد، ثروت عالم هم نجاتتان نمی دهد,"It is not a matter of which side you take a stand, or whether you take a stand at all. Your humanity and honor are at stake here.  This is a loss that will not be compensated. Do not cross humanity. It is not worth it. Tomorrow, when you will be the finger among these bereaved people, even the wealth of the world will not save you"
2017651021816737938,afshin_46,2026-01-31 19:27:44.401,در این زمانه تباه و روزهای پرالتهاب، این توصیه ها را جدی بگیرید، مخصوصا اگر فرزند نوجوان دارید.,0,0,0,https://x.com/Afshin_46/status/2017651021816737938,2026,1,2026-01-31,در این زمانه تباه و روزهای پرالتهاب، این توصیه ها را جدی بگیرید، مخصوصا اگر فرزند نوجوان دارید.,"In these troubled times and inflammatory days, take these recommendations seriously, especially if you have teenage children."
2017637057019957581,afshin_46,2026-01-31 18:32:14.934,"اوج تمهیدات امنیتی شما به بازداشت صداهای مستقلی محدود می شود که هنوز در میان مردم اعتبار دارند. زورتان به کنشگران مستقل می رسد. وگرنه وابسته ها آزادند و صدایشان تا عرش بلند است. 
#عبدالله_مومنی
#مهدی_محمودیان
#ویدا_ربانی",0,0,0,https://x.com/Afshin_46/status/2017637057019957581,2026,1,2026-01-31,"اوج تمهیدات امنیتی شما به بازداشت صداهای مستقلی محدود می شود که هنوز در میان مردم اعتبار دارند. زورتان به کنشگران مستقل می رسد. وگرنه وابسته ها آزادند و صدایشان تا عرش بلند است. 
#عبدالله_مومنی
#مهدی_محمودیان
#ویدا_ربانی","The height of your security measures is limited to arresting independent voices that still have credibility with the public. Your power goes to independent activists. Otherwise, the dependents are free and their voices are loud up to the throne. 
#Abdullah_Momini
#Mahdi_Mahmoudian
#Vida_Rabbani"
2017632855501746244,afshin_46,2026-01-31 18:15:33.214,هراسیده به ویتکاف پیام داده بودند  دیگر اعدام نمی کنیم. به این امید که برای ترامپ دستاورد بسازند، شاید دست از سرشان بردارد. اعدام کردید و می کنید.  شکنجه کردید و می کنید، تجاوز کردید و می کنید. در بند کردید  و می کنید. ماهیت شما چیزی جز این نبود و نخواهد بود,0,0,0,https://x.com/Afshin_46/status/2017632855501746244,2026,1,2026-01-31,هراسیده به ویتکاف پیام داده بودند  دیگر اعدام نمی کنیم. به این امید که برای ترامپ دستاورد بسازند، شاید دست از سرشان بردارد. اعدام کردید و می کنید.  شکنجه کردید و می کنید، تجاوز کردید و می کنید. در بند کردید  و می کنید. ماهیت شما چیزی جز این نبود و نخواهد بود,"They were afraid and sent a message to Witkoff that we will not execute anymore. Hoping that they will make an achievement for Trump, maybe he will give up on them. You have executed and will continue to do so.  You have tortured and are doing it, you have raped and you are doing it. You did it and you are doing it. Your nature was and will never be anything other than this"
2017631791771681109,afshin_46,2026-01-31 18:11:19.601,"برای بهاره هدایت:
دختر جان خشمت را مهار کن. مراقب باش که این همه سال هزینه ای که دادی را در طوفان خشم لکه دار نکنی. نوک پیکان حمله ات را به سمت نادرستی گرفتی. این ادبیات تو نیست. تعارضی وجود ندارد، مراقب باش در ورطه مواجهه های چاله میدانی میان سایبری های مدعی هر دو طرف نیافتی.",0,0,0,https://x.com/Afshin_46/status/2017631791771681109,2026,1,2026-01-31,"برای بهاره هدایت:
دختر جان خشمت را مهار کن. مراقب باش که این همه سال هزینه ای که دادی را در طوفان خشم لکه دار نکنی. نوک پیکان حمله ات را به سمت نادرستی گرفتی. این ادبیات تو نیست. تعارضی وجود ندارد، مراقب باش در ورطه مواجهه های چاله میدانی میان سایبری های مدعی هر دو طرف نیافتی.","For the guide spring:
Girl, control your anger. Be careful not to stain all these years of money you have paid in a storm of anger. You aimed your attack arrow in the wrong direction. This is not your literature. There is no conflict, be careful not to find yourself in the abyss of field pit confrontations between the claimants of both sides."
2017631802211418367,afshin_46,2026-01-31 18:11:22.090,"هدف یکی است. فارغ از این ما دوستت داریم. بگذار کماکان دوستت داشته باشیم. این روزها از دست دادن به خونریزی مداوم همه ما بدل شده. نگذار که تو را هم از دست بدهیم. گاهی ، بخصوص وقتی طاقت از دست می دهی،به مچت نگاه کن تا سایه محوناشدنی آن دستبند سبز را ببینی.
یکی از بچه های جنبش سبز",0,0,0,https://x.com/Afshin_46/status/2017631802211418367,2026,1,2026-01-31,"هدف یکی است. فارغ از این ما دوستت داریم. بگذار کماکان دوستت داشته باشیم. این روزها از دست دادن به خونریزی مداوم همه ما بدل شده. نگذار که تو را هم از دست بدهیم. گاهی ، بخصوص وقتی طاقت از دست می دهی،به مچت نگاه کن تا سایه محوناشدنی آن دستبند سبز را ببینی.
یکی از بچه های جنبش سبز","The goal is the same. Regardless, we love you. Let us continue to love you. These days, loss has become a continuous bleeding for all of us. Don't let us lose you too. Sometimes, especially when you lose patience, look at your wrist to see the indelible shadow of that green bracelet.
One of the children of the green movement"
2016896791040467203,afshin_46,2026-01-29 17:30:41.771,مدعای انتشار نام جان باختگان چیزی مشابه همان طومار صلاحیت و دادگستری است که زمانی ضحاک برای تبرئه خودش نگاشته بود. آماری که شما منتشر کنید مسلما فقط به درد خودتان خواهد خورد که دور هم طعم خون در دهانتان و رنگ خون روی دستانتان را ماله بکشید و رانت بی خجالت بخورید.,0,0,0,https://x.com/Afshin_46/status/2016896791040467203,2026,1,2026-01-29,مدعای انتشار نام جان باختگان چیزی مشابه همان طومار صلاحیت و دادگستری است که زمانی ضحاک برای تبرئه خودش نگاشته بود. آماری که شما منتشر کنید مسلما فقط به درد خودتان خواهد خورد که دور هم طعم خون در دهانتان و رنگ خون روی دستانتان را ماله بکشید و رانت بی خجالت بخورید.,"The claim to publish the names of the dead is something similar to the jurisdiction and justice petition that Dhahak once wrote to acquit himself. The statistics that you publish will certainly only benefit you, as you smear the taste of blood in your mouth and the color of blood on your hands and eat rent shamelessly."
2016874206676345240,afshin_46,2026-01-29 16:00:57.239,به این که با یک عدد طرف نیستیم، با جان‌هایی طرف هستیم که حکومت آنها را کشته. به تعمیق نفرت ما از حکومت مردم‌کش و ارزش‌هایش کمک می‌کند.  روایت است که زندانی بر زخمش نمک می‌پاشید، به او گفتند چرا چنین می‌کنی، گفت تا به دردش خو نکنم و از یاد نبرم آن که مرا زخم زد.,0,0,0,https://x.com/Afshin_46/status/2016874206676345240,2026,1,2026-01-29,به این که با یک عدد طرف نیستیم، با جان‌هایی طرف هستیم که حکومت آنها را کشته. به تعمیق نفرت ما از حکومت مردم‌کش و ارزش‌هایش کمک می‌کند.  روایت است که زندانی بر زخمش نمک می‌پاشید، به او گفتند چرا چنین می‌کنی، گفت تا به دردش خو نکنم و از یاد نبرم آن که مرا زخم زد.,"We are not on the side of a number, we are on the side of lives that the government killed. It helps to deepen our hatred of the genocidal regime and its values.  It is narrated that a prisoner sprinkled salt on his wound, they said to him why are you doing that, he said so that I don't get used to his pain and forget the one who wounded me."
2016864720519663862,afshin_46,2026-01-29 15:23:15.563,شما بی شرمترین موجودات روی کره زمین، پای تریبون ها رفتید و به این مردم تهمت تروریست بودن زدید.  باران گلوله هایتان نور دیده فرزندان ما را خاموش کرد. ما با فرزندانمان آمده بودیم تا اثبات کنیم به دنبال خشونت نیستیم و شما با باران گلوله ها نشان دادید که جز خشونت نمی فهمید.,0,0,0,https://x.com/Afshin_46/status/2016864720519663862,2026,1,2026-01-29,شما بی شرمترین موجودات روی کره زمین، پای تریبون ها رفتید و به این مردم تهمت تروریست بودن زدید.  باران گلوله هایتان نور دیده فرزندان ما را خاموش کرد. ما با فرزندانمان آمده بودیم تا اثبات کنیم به دنبال خشونت نیستیم و شما با باران گلوله ها نشان دادید که جز خشونت نمی فهمید.,"You, the most shameless creatures on the planet, went to the stands and accused these people of being terrorists.  The rain of your bullets extinguished the light of our children. We came with our children to prove that we are not looking for violence, and you showed with the rain of bullets that you know nothing but violence."
2016862318903075303,afshin_46,2026-01-29 15:13:42.973,این همان چیزی است که از سال 88 فریاد زدیم. افسوس که کسی نشنید و پاسخمان گلوله بود. حالا دیگر دیر شده، جان‌های عزیزی که از دست رفتند، تن‌هایی که ناقص شدند و زندگی‌هایی که در حصر و زندان نابود شدند. میرحسین برای کاهش هزینه گذار سخن می‌گوید.,0,0,0,https://x.com/Afshin_46/status/2016862318903075303,2026,1,2026-01-29,این همان چیزی است که از سال 88 فریاد زدیم. افسوس که کسی نشنید و پاسخمان گلوله بود. حالا دیگر دیر شده، جان‌های عزیزی که از دست رفتند، تن‌هایی که ناقص شدند و زندگی‌هایی که در حصر و زندان نابود شدند. میرحسین برای کاهش هزینه گذار سخن می‌گوید.,"This is what we have been shouting since 1988. Alas, no one heard and our answer was bullets. Now it's too late, the dear lives that were lost, the bodies that were mutilated and the lives that were destroyed in confinement and prison. Mirhossein speaks to reduce the expenses."
2016862328436793723,afshin_46,2026-01-29 15:13:45.246,اما قدرت مستقر  به تلاش برای لاس زدن با ترامپ بیشتر گرایش دارد تا بازگشت به مردم و پذیرفتن مطالباتی که با گلوله پاسخ داده شده.پنجره‌ای در سال 88 رو به آفتاب آزادی گشوده بود. اما با توحش و بربریت قدرت مستقر و مطلحت‌طلبی گعده اصلاحات و در سایه انفعال محض اپوزوسیون داخلی و خارجی،,0,0,0,https://x.com/Afshin_46/status/2016862328436793723,2026,1,2026-01-29,اما قدرت مستقر  به تلاش برای لاس زدن با ترامپ بیشتر گرایش دارد تا بازگشت به مردم و پذیرفتن مطالباتی که با گلوله پاسخ داده شده.پنجره‌ای در سال 88 رو به آفتاب آزادی گشوده بود. اما با توحش و بربریت قدرت مستقر و مطلحت‌طلبی گعده اصلاحات و در سایه انفعال محض اپوزوسیون داخلی و خارجی،,"But the established power is more inclined to try to flirt with Trump than to return to the people and accept the demands that were answered with bullets. A window was opened to the sun of freedom in 1988. But with the brutality and barbarism of the established power and the ambition of the reforms and in the shadow of the pure passivity of the domestic and foreign opposition,"
2016862336888263115,afshin_46,2026-01-29 15:13:47.261,اینک تنها روزنه‌ای باقی مانده رو به آینده‌ای تاریک و نامتعین. همین روزنه‌ هم که به قیمت ده‌ها هزار جان نازنین هنوز باز است، به واسطه انفعال جریان‌های طالب قدرت در جامعه و همینطور در سایه رقابت برای منفعت حداکثری قدرت‌های جهانی  خیلی زود بسته خواهد شد و این #پایان تراژدی خواهد بود,0,0,0,https://x.com/Afshin_46/status/2016862336888263115,2026,1,2026-01-29,اینک تنها روزنه‌ای باقی مانده رو به آینده‌ای تاریک و نامتعین. همین روزنه‌ هم که به قیمت ده‌ها هزار جان نازنین هنوز باز است، به واسطه انفعال جریان‌های طالب قدرت در جامعه و همینطور در سایه رقابت برای منفعت حداکثری قدرت‌های جهانی  خیلی زود بسته خواهد شد و این #پایان تراژدی خواهد بود,"Now there is only one remaining opening to a dark and uncertain future. This loophole, which is still open at the cost of tens of thousands of precious lives, will be closed very soon due to the passivity of power-seeking currents in society, as well as in the shadow of competition for the maximum benefit of world powers, and this will be the #end of tragedy."
2016107456212926728,afshin_46,2026-01-27 13:14:09.683,کتابی ارزشمند برای این روزها و دوران طوفانی پیش رو.,0,0,0,https://x.com/Afshin_46/status/2016107456212926728,2026,1,2026-01-27,کتابی ارزشمند برای این روزها و دوران طوفانی پیش رو.,A valuable book for these days and stormy times ahead.
2016106101742174499,afshin_46,2026-01-27 13:08:46.752,«مسئله فقط ایران نیست. مسئله ورشکستگی اخلاقی کسانی است که از حقوق بشر به عنوان یک ارزش جهانی حرف می‌زنند، اما فقط زمانی که با چارچوب فکری و سیاسی‌شان سازگار باشد.» حمایتی که نکردید را پای چیز دیگری نخواهیم گذاشت. میراث شرم  آوری که تا دهه ها نقطه سیاه مدعیان حقوق بشر خواهد بود.,0,0,0,https://x.com/Afshin_46/status/2016106101742174499,2026,1,2026-01-27,«مسئله فقط ایران نیست. مسئله ورشکستگی اخلاقی کسانی است که از حقوق بشر به عنوان یک ارزش جهانی حرف می‌زنند، اما فقط زمانی که با چارچوب فکری و سیاسی‌شان سازگار باشد.» حمایتی که نکردید را پای چیز دیگری نخواهیم گذاشت. میراث شرم  آوری که تا دهه ها نقطه سیاه مدعیان حقوق بشر خواهد بود.,"""The problem is not only Iran. The issue is the moral bankruptcy of those who talk about human rights as a universal value, but only when it is compatible with their intellectual and political framework. We will not leave the support you did to anything else. A shameful legacy that will be a black spot for human rights claimants for decades."
2015791128105177401,afshin_46,2026-01-26 16:17:11.185,دقیقا چه مرگتان است؟ علی اسداللهی در کجای معادلات امنیتی شماست که باید بازداشت شود؟  وجودش را ندارید با تهدید واقعی که بنیان استبدادتان را به لرزه دراورده روبرو شوید، به جان مردم افتادید؟ هنوز هم نفهمیدید در نبود حمایت همین مردم است که این طور به حضیض ذلت افتاده اید,0,0,0,https://x.com/Afshin_46/status/2015791128105177401,2026,1,2026-01-26,دقیقا چه مرگتان است؟ علی اسداللهی در کجای معادلات امنیتی شماست که باید بازداشت شود؟  وجودش را ندارید با تهدید واقعی که بنیان استبدادتان را به لرزه دراورده روبرو شوید، به جان مردم افتادید؟ هنوز هم نفهمیدید در نبود حمایت همین مردم است که این طور به حضیض ذلت افتاده اید,"What exactly is your death? Where is Ali Asadollahi in your security equations that should be arrested?  You don't exist, faced with the real threat that shook the foundation of your tyranny, did you fall for people's lives? You still don't understand that it is because of the lack of support of these people that you have been humiliated like this"
2015713612954776006,afshin_46,2026-01-26 11:09:10.133,ما مردم برمی گزینیم که کجا بایستیم. این همان چیزی است که سیاستمداران ایرانی از مرحوم فروغی تا مصدق، محمدرضا پهلوی و میرحسین موسوی نفهمیدند. این شما نیستید که فرخوان می دهید تا ما به خیابان بیاییم یا نیاییم.  شما درامتداد ما مردم هستید نه ما مردم دنبال شما.,0,0,0,https://x.com/Afshin_46/status/2015713612954776006,2026,1,2026-01-26,ما مردم برمی گزینیم که کجا بایستیم. این همان چیزی است که سیاستمداران ایرانی از مرحوم فروغی تا مصدق، محمدرضا پهلوی و میرحسین موسوی نفهمیدند. این شما نیستید که فرخوان می دهید تا ما به خیابان بیاییم یا نیاییم.  شما درامتداد ما مردم هستید نه ما مردم دنبال شما.,"We the people choose where to stand. This is what Iranian politicians from the late Foroughi to Mossadegh, Mohammad Reza Pahlavi and Mirhossein Mousavi did not understand. It is not you who calls us to come to the street or not.  You are among us people, not us people after you."
2015712625858953513,afshin_46,2026-01-26 11:05:14.791,اینها مصداق بارز همان اوباشی هستند که توی جنگ بچه شانزده ساله رو هل می دادند توی میدون مین. حالا بدیل همان بیشرف ها به سودای قدرت  نان در خون  مردم بی سلاح در برابر اوباش تا دندان مسلح می زنند. مواجهه خیابانی  بدون حمایت  نیروی نظامی واقعی به چیزی جز کشتار سراسری منجر نخواهد شد.,0,0,0,https://x.com/Afshin_46/status/2015712625858953513,2026,1,2026-01-26,اینها مصداق بارز همان اوباشی هستند که توی جنگ بچه شانزده ساله رو هل می دادند توی میدون مین. حالا بدیل همان بیشرف ها به سودای قدرت  نان در خون  مردم بی سلاح در برابر اوباش تا دندان مسلح می زنند. مواجهه خیابانی  بدون حمایت  نیروی نظامی واقعی به چیزی جز کشتار سراسری منجر نخواهد شد.,"These are clear examples of the mobs who pushed sixteen-year-old children in minefields during the war. Now, instead of the same Bishraf, for the sake of the power of the bread in the blood of the unarmed people, they beat the mob armed to the teeth. A street confrontation without the support of real military force will lead to nothing but mass killing."
2015409192253669428,afshin_46,2026-01-25 14:59:30.582,خیلی هم درست. خوب بعد؟ درباره متجاوز جانی که داخل بر قدرت نشسته و مشغول کشتاره نظری ندارید؟ اون با شما هموطنه؟ چون با من و ما نیست.,0,0,0,https://x.com/Afshin_46/status/2015409192253669428,2026,1,2026-01-25,خیلی هم درست. خوب بعد؟ درباره متجاوز جانی که داخل بر قدرت نشسته و مشغول کشتاره نظری ندارید؟ اون با شما هموطنه؟ چون با من و ما نیست.,Very true. ok then Do you have any opinion about the aggressor who is sitting in power and busy killing? Is he your countryman? Because it is not with me and us.
2015119810200260924,afshin_46,2026-01-24 19:49:36.524,بیانیه مشترک بنیاد نرگس محمدی، انجمن قلم امریکا، گزارشگران بدون مرز و فرانت لاین دیفندرز در امتداد نشست ویژه شورای حقوق بشر.,0,0,0,https://x.com/Afshin_46/status/2015119810200260924,2026,1,2026-01-24,بیانیه مشترک بنیاد نرگس محمدی، انجمن قلم امریکا، گزارشگران بدون مرز و فرانت لاین دیفندرز در امتداد نشست ویژه شورای حقوق بشر.,"Joint statement of Narges Mohammadi Foundation, American Pen Association, Reporters Without Borders and Frontline Defenders along with the special meeting of the Human Rights Council."
2014993076562076134,afshin_46,2026-01-24 11:26:00.870,صورت مسئله ساده است. حکومتی که به روی مردمانش در این سطح گسترده آتش گشوده تنها مقصر این جریان است. اگر جز این بگویید، در مسیر تبرئه این حکومت جانی و سفاک قدم بر می دارید. خلط مبحث هایی که پیکان انتقاد و اتهام را از حکومت منحرف می کنند، اگر مغرضانه نباشند ابلهانه هستند.,0,0,0,https://x.com/Afshin_46/status/2014993076562076134,2026,1,2026-01-24,صورت مسئله ساده است. حکومتی که به روی مردمانش در این سطح گسترده آتش گشوده تنها مقصر این جریان است. اگر جز این بگویید، در مسیر تبرئه این حکومت جانی و سفاک قدم بر می دارید. خلط مبحث هایی که پیکان انتقاد و اتهام را از حکومت منحرف می کنند، اگر مغرضانه نباشند ابلهانه هستند.,"The problem is simple. The government that opened fire on its people on such a large scale is the only one to blame for this trend. If you say otherwise, you are walking on the path of acquitting this cruel and brutal government. The confusion of topics that divert the arrow of criticism and accusation from the government, if they are not biased, are stupid."
2009279560081109087,afshin_46,2026-01-08 17:02:32.389,"هستیم بر آن عهد که بستیم.
 امشب با شعار #زن_زندگی_آزادی بیرون می آییم تا همراه با باقی مردم، با هر گرایشی، به «ما» بدل شویم. «مایی» که در برابر  استبداد مستقر می ایستد  و به آنها که رویای تکرار چرخه استبداد را در ذهن می پرورند هشداری کوبنده می دهد.  
#زن_زندگى_آزادى‌_ادامه_دارد",0,0,0,https://x.com/Afshin_46/status/2009279560081109087,2026,1,2026-01-08,"هستیم بر آن عهد که بستیم.
 امشب با شعار #زن_زندگی_آزادی بیرون می آییم تا همراه با باقی مردم، با هر گرایشی، به «ما» بدل شویم. «مایی» که در برابر  استبداد مستقر می ایستد  و به آنها که رویای تکرار چرخه استبداد را در ذهن می پرورند هشداری کوبنده می دهد.  
#زن_زندگى_آزادى‌_ادامه_دارد","We are on the promise we made.
 Tonight, we will come out with the slogan #Zen_Zandagi_Azadi to become ""us"" along with the rest of the people, regardless of their orientation. ""Mai"" who stands against tyranny and gives a crushing warning to those who dream of repeating the cycle of tyranny.  
#woman_life_of_freedom_continues"
2009230215294406672,afshin_46,2026-01-08 13:46:27.675,"خشکیده بر دریچه‌ی خورشید چارتاق
بر تارک سپیده‌ی این روز پابه‌زای
دستان بر هم نهاده‌ام تا آفتاب برآید
یا به تظاهر تزویر می‌کنید؟
از شب هنوز مانده دو دانگی
۰۰۰۰
هر گاوگندچاله‌دهانی
آتشفشان روشن خشم شد:
«این غول‌بین که روشنی آفتاب را
از ما دریغ می‌دارد
کیست؟»
#زن_زندگی_آزادی",0,0,0,https://x.com/Afshin_46/status/2009230215294406672,2026,1,2026-01-08,"خشکیده بر دریچه‌ی خورشید چارتاق
بر تارک سپیده‌ی این روز پابه‌زای
دستان بر هم نهاده‌ام تا آفتاب برآید
یا به تظاهر تزویر می‌کنید؟
از شب هنوز مانده دو دانگی
۰۰۰۰
هر گاوگندچاله‌دهانی
آتشفشان روشن خشم شد:
«این غول‌بین که روشنی آفتاب را
از ما دریغ می‌دارد
کیست؟»
#زن_زندگی_آزادی","Dried on the window of the sun of Chartag
At the dawn of this glorious day
I put my hands together until the sun rises
Or are you pretending?
There are still two days left from the night
00000
Every pit bull
The bright volcano became angry:
""This giant who sees the light of the sun
He spares us
Who is it?""
#woman_life_of_freedom"
2009214849067221334,afshin_46,2026-01-08 12:45:24.081,"من دلم سخت گرفته است
از این میهمان‌خانهٔ مهمان‌کش روزش تاریک
که به جان هم نشناخته انداخته است:
چند تن خواب‌آلود
چند تن ناهموار
چند تن ناهشیار...
شاید وصفی دقیق تر از این نمی شد از حال و روز امروز ما داد. جایگاه رفیعت سبز و جاودانه نیمای شعر فارسی.",0,0,0,https://x.com/Afshin_46/status/2009214849067221334,2026,1,2026-01-08,"من دلم سخت گرفته است
از این میهمان‌خانهٔ مهمان‌کش روزش تاریک
که به جان هم نشناخته انداخته است:
چند تن خواب‌آلود
چند تن ناهموار
چند تن ناهشیار...
شاید وصفی دقیق تر از این نمی شد از حال و روز امروز ما داد. جایگاه رفیعت سبز و جاودانه نیمای شعر فارسی.","I have a hard time
The day is dark from this inn
which has killed an unknown person:
A few sleepy ones
A few uneven tones
A few unconscious people...
Perhaps a more accurate description of our current situation could not be given. The place of the green and eternal nobility of half of Persian poetry."
2009212664296173645,afshin_46,2026-01-08 12:36:43.191,آنچه رخ می دهد باید در مدار #زن_زندگى_آزادى‌_ادامه_دارد باقی بماند. فارغ از این که اعتراضات به چه سرانجامی برسد، حکومت تغییر کند یا نکند، مسیر  #زن_زندگى_آزادى‌_ادامه_دارد,0,0,0,https://x.com/Afshin_46/status/2009212664296173645,2026,1,2026-01-08,آنچه رخ می دهد باید در مدار #زن_زندگى_آزادى‌_ادامه_دارد باقی بماند. فارغ از این که اعتراضات به چه سرانجامی برسد، حکومت تغییر کند یا نکند، مسیر  #زن_زندگى_آزادى‌_ادامه_دارد,"What happens must remain in the circuit of #free_life_of_women. Regardless of the end of the protests, whether the government changes or not, the path of #women_free_life_continues."
2008947709236138430,afshin_46,2026-01-07 19:03:52.982,همه ما مردم هستیم. همدیگر را رها نخواهیم کرد.,0,0,0,https://x.com/Afshin_46/status/2008947709236138430,2026,1,2026-01-07,همه ما مردم هستیم. همدیگر را رها نخواهیم کرد.,We are all people. We will not leave each other.
2008914549374677287,afshin_46,2026-01-07 16:52:07.055,این مردم شاید گرسنه باشند اما گدا و دزد نیستند. آنها با شکم خالی برای آزادی می‌جنگند.,0,0,0,https://x.com/Afshin_46/status/2008914549374677287,2026,1,2026-01-07,این مردم شاید گرسنه باشند اما گدا و دزد نیستند. آنها با شکم خالی برای آزادی می‌جنگند.,"These people may be hungry, but they are not beggars or thieves. They fight for freedom on empty stomachs."
2008832863966560354,afshin_46,2026-01-07 11:27:31.736,فراخوان هایی که نشان از اقبال جریان های اپوزوسیون به اعتراضات عمومی دارد شایسته حمایت است. در چند ماه آینده باید اختلاف نظرها را کنار بگذاریم و در این ائتلاف ناگفته متکثر شریک باشیم. پیوستن اقای پهلوی، احزاب کرد و دیگر جریان ها به ما، مردم هرچند دیر و پرهزینه،  امر مبارکی است.,0,0,0,https://x.com/Afshin_46/status/2008832863966560354,2026,1,2026-01-07,فراخوان هایی که نشان از اقبال جریان های اپوزوسیون به اعتراضات عمومی دارد شایسته حمایت است. در چند ماه آینده باید اختلاف نظرها را کنار بگذاریم و در این ائتلاف ناگفته متکثر شریک باشیم. پیوستن اقای پهلوی، احزاب کرد و دیگر جریان ها به ما، مردم هرچند دیر و پرهزینه،  امر مبارکی است.,"The calls that show the favor of the opposition currents to public protests deserve to be supported. In the next few months, we must put aside our differences and be partners in this unspoken plural coalition. The joining of Mr. Pahlavi, Kurdish parties and other currents to us, the people, although late and expensive, is a blessing."
2008832870161535104,afshin_46,2026-01-07 11:27:33.213,از این نقطه به بعد تفرقه افکنی و کوبیدن بر طبل نامسئله ها معنایی جز خیانت به مردمی که جان بر کف در خیابان تغییر را مطالبه می کنند نخواهد داشت. مشارکت در این امر جمعی نافی اختلافات ما نیست بلکه مهر تائیدی است بر مطالبه تکثر.,0,0,0,https://x.com/Afshin_46/status/2008832870161535104,2026,1,2026-01-07,از این نقطه به بعد تفرقه افکنی و کوبیدن بر طبل نامسئله ها معنایی جز خیانت به مردمی که جان بر کف در خیابان تغییر را مطالبه می کنند نخواهد داشت. مشارکت در این امر جمعی نافی اختلافات ما نیست بلکه مهر تائیدی است بر مطالبه تکثر.,"From this point onward, spreading division and beating the drum of non-issues will have no meaning other than betraying the people who are demanding change on the street. Participating in this collective cause does not negate our differences, but is a seal of approval on the demand for pluralism."
2008832874250997995,afshin_46,2026-01-07 11:27:34.188,آنها که از این حرکت جمعی با هر اندیشه و به هر دلیلی جا بمانند، جایگاهی در ایران آزاد فردا نخواهند داشت.,0,0,0,https://x.com/Afshin_46/status/2008832874250997995,2026,1,2026-01-07,آنها که از این حرکت جمعی با هر اندیشه و به هر دلیلی جا بمانند، جایگاهی در ایران آزاد فردا نخواهند داشت.,"Those who stay away from this collective movement with any idea and for any reason, will not have a place in tomorrow's free Iran."
2008266345033675216,afshin_46,2026-01-05 21:56:23.097,این سوگنامه ماست. این نام‌ها از ما کم شدند. جلادان اشغالگر این نام‌ها را کشتند. شاید اگر سیما ثابت، پویان مکاری، سامان رسولپور و دیگر خبرنگاران مستقل نبودند نام تمام آنها به یک عدد تبدیل می‌شد. در این روزهای فقدان رسانه سالم، مردم ایران فداکاری‌ها و زحمات شما را از یاد نخواهد برد,0,0,0,https://x.com/Afshin_46/status/2008266345033675216,2026,1,2026-01-05,این سوگنامه ماست. این نام‌ها از ما کم شدند. جلادان اشغالگر این نام‌ها را کشتند. شاید اگر سیما ثابت، پویان مکاری، سامان رسولپور و دیگر خبرنگاران مستقل نبودند نام تمام آنها به یک عدد تبدیل می‌شد. در این روزهای فقدان رسانه سالم، مردم ایران فداکاری‌ها و زحمات شما را از یاد نخواهد برد,"This is our obituary. We missed these names. The occupying executioners killed these names. Maybe if they were not Sima Thabit, Pouyan Makari, Saman Rasoolpour and other independent journalists, all their names would have become a number. In these days of lack of healthy media, Iranian people will not forget your sacrifices and efforts"
2008228895602946336,afshin_46,2026-01-05 19:27:34.457,طرف شما هم حاضر نشد یک ریال از بودجه یک مشت مفت خور کلاش کم کند. آن هم در وضعیتی که مردم از کرسنگی در حال جان دادن هستند. جناب وکیل بجای شعار دادن  یک خط درباره ایلام و ملکشاه بنویسید.  خجالت بکشید که کشتار و سرکوب دارد در دوران کسی رخ می دهد که با بوق و کرنای شما به قدرت رسید.,0,0,0,https://x.com/Afshin_46/status/2008228895602946336,2026,1,2026-01-05,طرف شما هم حاضر نشد یک ریال از بودجه یک مشت مفت خور کلاش کم کند. آن هم در وضعیتی که مردم از کرسنگی در حال جان دادن هستند. جناب وکیل بجای شعار دادن  یک خط درباره ایلام و ملکشاه بنویسید.  خجالت بکشید که کشتار و سرکوب دارد در دوران کسی رخ می دهد که با بوق و کرنای شما به قدرت رسید.,"Your side did not agree to reduce one rial from the budget of a free fist of Kalash. In a situation where people are dying of starvation. Mr. Vakil, instead of chanting, write a line about Ilam and Malek Shah.  Shame on you for killing and oppressing in the era of someone who rose to power with your trumpet."
2008225347523756535,afshin_46,2026-01-05 19:13:28.529,دهان گشاد  دریوزگان قدرت دورمانده از سفره ای مانند فرخ نگهدار را  خود نیروهای چپ باید خیلی وقت پیش می‌بستند. این نقص بزرگ چپ هاست که به هر بی سروپایی اجازه دادند از نام و مرامشان سواستفاده کند. نتیجه فقدان سازماندهی معنادار، حذف پیاپی چپ های میانه رو و تن دادن به افراط همین است,0,0,0,https://x.com/Afshin_46/status/2008225347523756535,2026,1,2026-01-05,دهان گشاد  دریوزگان قدرت دورمانده از سفره ای مانند فرخ نگهدار را  خود نیروهای چپ باید خیلی وقت پیش می‌بستند. این نقص بزرگ چپ هاست که به هر بی سروپایی اجازه دادند از نام و مرامشان سواستفاده کند. نتیجه فقدان سازماندهی معنادار، حذف پیاپی چپ های میانه رو و تن دادن به افراط همین است,"The leftist forces should have closed the gaping mouth of Daryuzgan's remaining power from a table like Farrokh Naghadar long ago. This is the great flaw of the left who allowed any scumbag to abuse their name and conscience. This is the result of the lack of meaningful organization, the successive elimination of the moderate left and giving in to extremism"
2007797887040934394,afshin_46,2026-01-04 14:54:54.008,برادرم تو را دیروز به یاد داشتم، امروز دارم و فردا خواهم داشت. تو پاره تن منی. امروز ایران #ملکشاه است. امروز ایران بلوچستان است. امروز ایران یکپارچه در آتش اعتراض و سرکوب می‌سوزد. چانه‌زنی بر سر قدرت به دست نیامده را به فردا که حاصل این خون‌ها را دزدیدند بسپارید.,0,0,0,https://x.com/Afshin_46/status/2007797887040934394,2026,1,2026-01-04,برادرم تو را دیروز به یاد داشتم، امروز دارم و فردا خواهم داشت. تو پاره تن منی. امروز ایران #ملکشاه است. امروز ایران بلوچستان است. امروز ایران یکپارچه در آتش اعتراض و سرکوب می‌سوزد. چانه‌زنی بر سر قدرت به دست نیامده را به فردا که حاصل این خون‌ها را دزدیدند بسپارید.,"My brother, I remembered you yesterday, I remember you today and I will remember you tomorrow. You are my body. Today, Iran is #King Shah. Today Iran is Baluchistan. Today, Iran is burning in the fire of protest and repression. Leave bargaining over unearned power to tomorrow, who stole the result of these bloods."
2007797891658846703,afshin_46,2026-01-04 14:54:55.109,این تنها لحظه نابی است که به ما، مردم تعلق دارد. لحظه‌ای که به قیمت گزاف جانی و مالی به دست می‌آید. با گیس‌وگیس‌کشی پوچ حرامش نکنیم. امروز باید صدای ما، مردم باشیم. با هر عقیده‌ای با هر گرایشی.,0,0,0,https://x.com/Afshin_46/status/2007797891658846703,2026,1,2026-01-04,این تنها لحظه نابی است که به ما، مردم تعلق دارد. لحظه‌ای که به قیمت گزاف جانی و مالی به دست می‌آید. با گیس‌وگیس‌کشی پوچ حرامش نکنیم. امروز باید صدای ما، مردم باشیم. با هر عقیده‌ای با هر گرایشی.,"This is the only pure moment that belongs to us, the people. A moment that comes at a high cost of life and money. Let's not make it haram by making nonsense. Today we must be the voice of us, the people. With any opinion, with any orientation."
2007792454700015952,afshin_46,2026-01-04 14:33:18.837,این شلیک مستقیم به مردم اگر نقض حقوق بشر نیست یا حقوق را باید بازتعریف کرد یا ما، مردم شامل تعریف بشر نمی‌شویم. نبض جنبش اینجاست. جایی که وقتی یک نفر به خاک می‌افتد صدها نفر عزادار می‌شوند. به جای گیس و گیس‌کشی از #ملکشاه و #اعتراضات_سراسری بگوئیم. بدون تبعیض، بدون سوگیری,0,0,0,https://x.com/Afshin_46/status/2007792454700015952,2026,1,2026-01-04,این شلیک مستقیم به مردم اگر نقض حقوق بشر نیست یا حقوق را باید بازتعریف کرد یا ما، مردم شامل تعریف بشر نمی‌شویم. نبض جنبش اینجاست. جایی که وقتی یک نفر به خاک می‌افتد صدها نفر عزادار می‌شوند. به جای گیس و گیس‌کشی از #ملکشاه و #اعتراضات_سراسری بگوئیم. بدون تبعیض، بدون سوگیری,"If this direct shooting at the people is not a violation of human rights, then rights should be redefined or we, the people, are not included in the definition of human. The pulse of the movement is here. Where when one person falls to the ground, hundreds of people mourn. Let's talk about #Molkshah and #protests instead. No discrimination, no bias"
2007756372210073996,afshin_46,2026-01-04 12:09:56.101,"#حسین_ربیعی 
همانطور که نتوانستند نام خدانور را از ذهن  و دل تو بزدایند. همانطور که داغش در دل‌های همه ایرانیان ماند، نام تو نیز هرگز فراموش نخواهد شد. روز انتقام نزدیک است برادرجان، آسوده بخواب شیرمرد.",0,0,0,https://x.com/Afshin_46/status/2007756372210073996,2026,1,2026-01-04,"#حسین_ربیعی 
همانطور که نتوانستند نام خدانور را از ذهن  و دل تو بزدایند. همانطور که داغش در دل‌های همه ایرانیان ماند، نام تو نیز هرگز فراموش نخواهد شد. روز انتقام نزدیک است برادرجان، آسوده بخواب شیرمرد.","#Hossein Rabiei 
Just as they could not remove the name of God from your mind and heart. Just as his name remained in the hearts of all Iranians, your name will never be forgotten. The day of revenge is near, brother, sleep in peace, lion man."
2007748230843711968,afshin_46,2026-01-04 11:37:35.048,"درود به خبرنگاران مستقل. 
از #ملکشاهی بگو.",0,0,0,https://x.com/Afshin_46/status/2007748230843711968,2026,1,2026-01-04,"درود به خبرنگاران مستقل. 
از #ملکشاهی بگو.","Greetings to independent journalists. 
Tell me about #Malkshahi."
2007744200180457949,afshin_46,2026-01-04 11:21:34.063,خبرگزاری‌های رسمی دنبال لقمه‌های  متناسب با اغراضشان می‌گردند. در این میان خبرنگاران مستقل منبعی سودمند برای پخش خبرهایی هستند که برای آنها لطفی ندارد. سیما، سامان و کوروش عزیز به #ایلام، #ملکشاهی بپردازید. از راویان و تحلیل‌گران بلوچ و ترک دعوت کنید تا درباره اخبار صحبت کنند.,0,0,0,https://x.com/Afshin_46/status/2007744200180457949,2026,1,2026-01-04,خبرگزاری‌های رسمی دنبال لقمه‌های  متناسب با اغراضشان می‌گردند. در این میان خبرنگاران مستقل منبعی سودمند برای پخش خبرهایی هستند که برای آنها لطفی ندارد. سیما، سامان و کوروش عزیز به #ایلام، #ملکشاهی بپردازید. از راویان و تحلیل‌گران بلوچ و ترک دعوت کنید تا درباره اخبار صحبت کنند.,"Official news agencies are looking for tidbits that suit their purposes. Meanwhile, independent journalists are a useful source for disseminating news that does not favor them. Dear Sima, Saman and Korosh, go to #Ilam, #Malekshahi. Invite Baloch and Turkish narrators and analysts to talk about the news."
2007744204035002603,afshin_46,2026-01-04 11:21:34.982,"@Sima_Sabet
 
@SamRasoulpour
 
@SehatiKourosh",0,0,0,https://x.com/Afshin_46/status/2007744204035002603,2026,1,2026-01-04,"@Sima_Sabet
 
@SamRasoulpour
 
@SehatiKourosh","@Sima_Sabet
 
@SamRasoulpour
 
@SehatiKourosh"
2007540006823559316,afshin_46,2026-01-03 21:50:10.573,"ما نه در جایگاهی هستیم و نه حق داریم که مردم را بواسطه تلاش برای نجات خودشان تحقیر کنیم. می‌توانیم امید داشته باشیم که حاصل یک گام، تنها یک گام، به سمت دموکراسی باشد و آماده باشیم که برای باقی گام‌ها بجنگیم.
#زن_زندگی_آزادی",0,0,0,https://x.com/Afshin_46/status/2007540006823559316,2026,1,2026-01-03,"ما نه در جایگاهی هستیم و نه حق داریم که مردم را بواسطه تلاش برای نجات خودشان تحقیر کنیم. می‌توانیم امید داشته باشیم که حاصل یک گام، تنها یک گام، به سمت دموکراسی باشد و آماده باشیم که برای باقی گام‌ها بجنگیم.
#زن_زندگی_آزادی","We are neither in a position nor have the right to humiliate people by trying to save themselves. We can hope for one step, just one step, towards democracy and be prepared to fight for the rest.
#woman_life_of_freedom"
2007141773332886018,afshin_46,2026-01-02 19:27:44.310,دقیق و درست. به جای دشمن‌انگاری همدیگر، به یک جهت و رو به دشمن اصلی موضع بگیریم.,0,0,0,https://x.com/Afshin_46/status/2007141773332886018,2026,1,2026-01-02,دقیق و درست. به جای دشمن‌انگاری همدیگر، به یک جهت و رو به دشمن اصلی موضع بگیریم.,"Accurate and correct. Instead of antagonizing each other, let's stand in one direction and face the main enemy."
2007114673187926122,afshin_46,2026-01-02 17:40:03.132,عالی، همین رویه بسیار درست است. ما با هم اختلاف داریم اما امروز و زمانی که مردم در خیابان هستند، حق اعتراضات فصل مشترک ماست.  اختلافاتمان را حفظ می کنیم اما مردم و حق اعتراضات آنها فصل مشترکی خلل ناپذیر است که از من ها یک ما می سازد.,0,0,0,https://x.com/Afshin_46/status/2007114673187926122,2026,1,2026-01-02,عالی، همین رویه بسیار درست است. ما با هم اختلاف داریم اما امروز و زمانی که مردم در خیابان هستند، حق اعتراضات فصل مشترک ماست.  اختلافاتمان را حفظ می کنیم اما مردم و حق اعتراضات آنها فصل مشترکی خلل ناپذیر است که از من ها یک ما می سازد.,"Great, this procedure is very correct. We have differences, but today and when people are on the streets, we have the right to protest.  We keep our differences, but the people and their right to protest is an unbreakable common thread that makes us a us."
2007091912139067659,afshin_46,2026-01-02 16:09:36.475,سطح بی شرفی و رذالت را در این تصویر می توان دید. همین دنائت هر راه نجاتی را روی شما خواهد بست. انگل های بی هویت، سرداران بی افتخار.,0,0,0,https://x.com/Afshin_46/status/2007091912139067659,2026,1,2026-01-02,سطح بی شرفی و رذالت را در این تصویر می توان دید. همین دنائت هر راه نجاتی را روی شما خواهد بست. انگل های بی هویت، سرداران بی افتخار.,"The level of dishonor and vileness can be seen in this picture. This stupidity will close any way of salvation on you. Identityless parasites, dishonorable commanders."
2007088602992521557,afshin_46,2026-01-02 15:56:27.513,دقیق و درست. «حق انتخاب مردم ایران» در تمام شئون حکومتی آینده باید معیار باشد و این به معنای ضرورت عدالت رسانه ای و حق ازادی بیان است. بعنوان یک جمهوری خواه همین رویه را در پیش خواهم گرفت. امروز هدف باید تنها دستیابی به یک بستر رقابت دموکراتیک و عدالت رسانه ای باشد.,0,0,0,https://x.com/Afshin_46/status/2007088602992521557,2026,1,2026-01-02,دقیق و درست. «حق انتخاب مردم ایران» در تمام شئون حکومتی آینده باید معیار باشد و این به معنای ضرورت عدالت رسانه ای و حق ازادی بیان است. بعنوان یک جمهوری خواه همین رویه را در پیش خواهم گرفت. امروز هدف باید تنها دستیابی به یک بستر رقابت دموکراتیک و عدالت رسانه ای باشد.,"Accurate and correct. ""Iranian people's right to choose"" should be the standard in all future government affairs, and this means the necessity of media justice and the right to freedom of expression. As a republican, I will take the same procedure. Today, the goal should be only to achieve a platform of democratic competition and media justice."
2007036779992662522,afshin_46,2026-01-02 12:30:31.947,افزایش اعتماد اجتماعی  یعنی درک این که همه ما در یک کشتی در حال غرق شدن هستیم. یعنی دینامیسم پذیرش تفاوت ها. یعنی درک تعریف «مای انقلابی»: دیگری هایی که بر سر مسئله  گذار از استبداد  موضع مشترک دارند.,0,0,0,https://x.com/Afshin_46/status/2007036779992662522,2026,1,2026-01-02,افزایش اعتماد اجتماعی  یعنی درک این که همه ما در یک کشتی در حال غرق شدن هستیم. یعنی دینامیسم پذیرش تفاوت ها. یعنی درک تعریف «مای انقلابی»: دیگری هایی که بر سر مسئله  گذار از استبداد  موضع مشترک دارند.,"Increasing social trust means understanding that we are all sinking in the same boat. It means the dynamism of accepting differences. That is, understanding the definition of ""revolutionary self"": others who have a common position on the issue of transition from tyranny."
2006861630391669075,afshin_46,2026-01-02 00:54:33.028,نقد غیرمنصفانه به خانم محمدی و واکنش نشان ندادن ادمین ایشان پاسخ خود را گرفت. از ادمین محترم بابت تامل معنادار و واکنش به موقعش سپاسگذارم.,0,0,0,https://x.com/Afshin_46/status/2006861630391669075,2026,1,2026-01-02,نقد غیرمنصفانه به خانم محمدی و واکنش نشان ندادن ادمین ایشان پاسخ خود را گرفت. از ادمین محترم بابت تامل معنادار و واکنش به موقعش سپاسگذارم.,The unfair criticism of Ms. Mohammadi and the non-reaction of her administrator got its answer. I thank the respected admin for his meaningful consideration and timely response.
2006757899880771680,afshin_46,2026-01-01 18:02:21.747,اقای پهلوی اگر خود را در مقام رهبر گذار تعریف می کنید باید مواضع صریح تر و فراگیرتری داشته باشید. نمی توان با کلی گویی و شعار این مسیر را پیش برد.,0,0,0,https://x.com/Afshin_46/status/2006757899880771680,2026,1,2026-01-01,اقای پهلوی اگر خود را در مقام رهبر گذار تعریف می کنید باید مواضع صریح تر و فراگیرتری داشته باشید. نمی توان با کلی گویی و شعار این مسیر را پیش برد.,"Mr. Pahlavi, if you define yourself as a transitional leader, you should have more explicit and comprehensive positions. It is not possible to advance this path with generalizations and slogans."
2006481033458495863,afshin_46,2025-12-31 23:42:11.648,اگر فردوسی امروز زنده بود به این نسل مبارزان ایران افتخار می‌کرد.,0,0,0,https://x.com/Afshin_46/status/2006481033458495863,2025,12,2025-12-31,اگر فردوسی امروز زنده بود به این نسل مبارزان ایران افتخار می‌کرد.,"If Ferdowsi was alive today, he would be proud of this generation of Iranian fighters."
2006480663508382136,afshin_46,2025-12-31 23:40:43.445,این سنت نحسی است که در سال 76 پایه گذاشته شد.  جانیان بابت حمله به کوی دانشگاه دستمزد و مقام گرفتند و حتی به ریاست مجلس فرمایشی رسیدند. تجاوز به حریم دانشگاه جنایت آشکار و نقض تمام ارزش‌های انسانی است. سکوت نکنیم. آنچه امروز رخ می‌دهد، فردای ما را تعیین خواهد کرد.,0,0,0,https://x.com/Afshin_46/status/2006480663508382136,2025,12,2025-12-31,این سنت نحسی است که در سال 76 پایه گذاشته شد.  جانیان بابت حمله به کوی دانشگاه دستمزد و مقام گرفتند و حتی به ریاست مجلس فرمایشی رسیدند. تجاوز به حریم دانشگاه جنایت آشکار و نقض تمام ارزش‌های انسانی است. سکوت نکنیم. آنچه امروز رخ می‌دهد، فردای ما را تعیین خواهد کرد.,This is a traditional tradition that was founded in 1976.  Janyan received a salary and position for attacking the university campus and even became the chairman of the Legislative Assembly. Violating the privacy of the university is a clear crime and a violation of all human values. Let's not be silent. What happens today will determine our tomorrow.
2006479626898649216,afshin_46,2025-12-31 23:36:36.298,بیانیه جمعی از فعالان سیاسی و معترضین دانشگاه اصفهان,0,0,0,https://x.com/Afshin_46/status/2006479626898649216,2025,12,2025-12-31,بیانیه جمعی از فعالان سیاسی و معترضین دانشگاه اصفهان,Collective statement of political activists and protestors of Isfahan University
2006479221250740285,afshin_46,2025-12-31 23:34:59.584,این صدای ایران است. با همه مردمانش.,0,0,0,https://x.com/Afshin_46/status/2006479221250740285,2025,12,2025-12-31,این صدای ایران است. با همه مردمانش.,This is the voice of Iran. with all its people.
2006472632540295592,afshin_46,2025-12-31 23:08:48.713,مشت محکم هیئت تحریریه خبرنامه امیرکبیر در دهان  شایعه‌پراکن‌ها و تفرقه‌افکنی‌ها . نفی دانشگاه با هر زبان و به هر بهانه‌ای تنها از هراس آزادی است. درود بر شرف و غیرت فعالان دانشجویی دانشگاه کردستان. ایران با همه تفاوت‌ها و رنگ‌هایش همیشه ایران است و ایران باقی می‌ماند.,0,0,0,https://x.com/Afshin_46/status/2006472632540295592,2025,12,2025-12-31,مشت محکم هیئت تحریریه خبرنامه امیرکبیر در دهان  شایعه‌پراکن‌ها و تفرقه‌افکنی‌ها . نفی دانشگاه با هر زبان و به هر بهانه‌ای تنها از هراس آزادی است. درود بر شرف و غیرت فعالان دانشجویی دانشگاه کردستان. ایران با همه تفاوت‌ها و رنگ‌هایش همیشه ایران است و ایران باقی می‌ماند.,The strong fist of the editorial board of Amir Kabir news in the mouths of rumormongers and divisives. Denying the university in any language and under any pretext is only due to the fear of freedom. Greetings to the honor and zeal of student activists of Kurdistan University. Iran with all its differences and colors is always Iran and will remain Iran.
2006465471965753779,afshin_46,2025-12-31 22:40:21.499,دانشگاه وجدان بیدار جامعه است. تکثر در صدای دانشگاه طبیعی و مبارک است. با هر گرایشی نباید از حمایت دانشگاه پاپس کشید,0,0,0,https://x.com/Afshin_46/status/2006465471965753779,2025,12,2025-12-31,دانشگاه وجدان بیدار جامعه است. تکثر در صدای دانشگاه طبیعی و مبارک است. با هر گرایشی نباید از حمایت دانشگاه پاپس کشید,"The university is the awakened conscience of society. Pluralism in university voice is natural and blessed. With any inclination, one should not withdraw from the support of Pops University"
2006454163367203234,afshin_46,2025-12-31 21:55:25.319,ضرورت حضور جریان‌های متکثر و حتی متعارض در میدان گذار از همین روست. هرچه صداها متکثرتر باشد استیلای یک جریان و بازتولید استبداد در لباسی نو سخت‌تر می‌شود. امروز و در این میدان نه به اقتدار که به انعطاف فراگیر و دینامیسم پذیرش «دیگری‌ها» نیازمندیم. بگذاریم همه صداها شنیده شوند.,0,0,0,https://x.com/Afshin_46/status/2006454163367203234,2025,12,2025-12-31,ضرورت حضور جریان‌های متکثر و حتی متعارض در میدان گذار از همین روست. هرچه صداها متکثرتر باشد استیلای یک جریان و بازتولید استبداد در لباسی نو سخت‌تر می‌شود. امروز و در این میدان نه به اقتدار که به انعطاف فراگیر و دینامیسم پذیرش «دیگری‌ها» نیازمندیم. بگذاریم همه صداها شنیده شوند.,"This is why it is necessary to have multiple and even conflicting currents in the transition field. The more voices there are, the more difficult it is to dominate a trend and reproduce tyranny in a new outfit. Today and in this field, we do not need authority, but comprehensive flexibility and dynamism of acceptance of ""others"". Let all voices be heard."
2006453143866159431,afshin_46,2025-12-31 21:51:22.251,هرگونه تلاش برای مصادره اعتراضات عمومی به انشقاق و شکاف منجر خواهد. امروز حرف یکی است، عبور از این استبداد ناسیاسی، حفظ وجه دموکراتیک گذار فراتر از هر چیزی دیگری ضامن امکان رقابت سیاسی دموکراتیک در آینده پساجمهوری اسلامی است.,0,0,0,https://x.com/Afshin_46/status/2006453143866159431,2025,12,2025-12-31,هرگونه تلاش برای مصادره اعتراضات عمومی به انشقاق و شکاف منجر خواهد. امروز حرف یکی است، عبور از این استبداد ناسیاسی، حفظ وجه دموکراتیک گذار فراتر از هر چیزی دیگری ضامن امکان رقابت سیاسی دموکراتیک در آینده پساجمهوری اسلامی است.,"Any attempt to confiscate public protests will lead to division. Today, the word is the same, overcoming this non-political tyranny, preserving the democratic aspect of the transition above all else guarantees the possibility of democratic political competition in the post-Islamic Republic."
2006452406331257225,afshin_46,2025-12-31 21:48:26.409,"دانشجویان خط مقدم مبارزه با استبداد هستند. حضور آنها ضامن سلامت و پویایی جنبش است. از آنها حمایت کنیم. 
#دانشگاه_زنده_است",0,0,0,https://x.com/Afshin_46/status/2006452406331257225,2025,12,2025-12-31,"دانشجویان خط مقدم مبارزه با استبداد هستند. حضور آنها ضامن سلامت و پویایی جنبش است. از آنها حمایت کنیم. 
#دانشگاه_زنده_است","Students are the frontline of the fight against tyranny. Their presence guarantees the health and dynamism of the movement. Let's support them. 
#The university is alive"
2006451874317348972,afshin_46,2025-12-31 21:46:19.567,"راه یکی است. از هر مرام و مسلکی که هستیم، راه یکی است و ناگزیریم در این مسیر همراه با هم گام برداریم. رقابت‌ها را با حفظ مواضع کنار بگذاریم و در مسیر گذار از این استبداد ناسیاسی به یک بستر دموکراتیک رقابت‌پذیر همراه شویم.
#همراه_شو_عزیز",0,0,0,https://x.com/Afshin_46/status/2006451874317348972,2025,12,2025-12-31,"راه یکی است. از هر مرام و مسلکی که هستیم، راه یکی است و ناگزیریم در این مسیر همراه با هم گام برداریم. رقابت‌ها را با حفظ مواضع کنار بگذاریم و در مسیر گذار از این استبداد ناسیاسی به یک بستر دموکراتیک رقابت‌پذیر همراه شویم.
#همراه_شو_عزیز","There is only one way. No matter what our faith or profession, the path is the same and we must walk together on this path. Let's put aside the competitions by maintaining the positions and join the path of transition from this non-political dictatorship to a competitive democratic platform.
#come_together dear"
2006431707688481179,afshin_46,2025-12-31 20:26:11.468,"رو به آنها مه در حال جستجوی تئوری توطئه هستند:
اعتراضات عمومی در ایران، فارغ از  نقطه آغازش، همیشه به تکثر خیابان رسیده است. انها که نقطه آغاز را پسند نمی کنند، با پیوستن مردم و بویژه دانشجویان به اعتراضات باید قانع شده باشند که مسئله خیابان و بیان عمومی متکثر است.",0,0,0,https://x.com/Afshin_46/status/2006431707688481179,2025,12,2025-12-31,"رو به آنها مه در حال جستجوی تئوری توطئه هستند:
اعتراضات عمومی در ایران، فارغ از  نقطه آغازش، همیشه به تکثر خیابان رسیده است. انها که نقطه آغاز را پسند نمی کنند، با پیوستن مردم و بویژه دانشجویان به اعتراضات باید قانع شده باشند که مسئله خیابان و بیان عمومی متکثر است.","Facing them, Meh is looking for a conspiracy theory:
Public protests in Iran, regardless of their starting point, have always reached the streets. Those who don't like the starting point, with people and especially students joining the protests, they must have been convinced that the issue of street and public expression is plural."
2006431709642809705,afshin_46,2025-12-31 20:26:11.934,بهانه ای برای عدم حمایت یا نقد این حرکت عمومی وجود ندارد. این حرکت در نهایت مردم را گرد هم خواهد اورد و از بطن آن شعارهای متکثری شنیده خواهد شد، اکر این تکثر سلیقه شما نیست بهتر است به نقد خودتان بپردازید نه شایعه پراکنی درباره رسانه ها یا ترویج تئوری های توطئه,0,0,0,https://x.com/Afshin_46/status/2006431709642809705,2025,12,2025-12-31,بهانه ای برای عدم حمایت یا نقد این حرکت عمومی وجود ندارد. این حرکت در نهایت مردم را گرد هم خواهد اورد و از بطن آن شعارهای متکثری شنیده خواهد شد، اکر این تکثر سلیقه شما نیست بهتر است به نقد خودتان بپردازید نه شایعه پراکنی درباره رسانه ها یا ترویج تئوری های توطئه,"There is no excuse for not supporting or criticizing this public movement. This movement will eventually bring people together and many slogans will be heard from within it, this pluralism is not your taste, it is better to criticize yourself rather than spreading rumors about the media or promoting conspiracy theories."
2005382671329878067,afshin_46,2025-12-28 22:57:41.710,این دهان‌های متعفن جز به تفرقه و تشکیک باز نخواهد شد. فاطمه سپهری یا ترانه علیدوستی، هر دو زنان مبارز و معترض این خاک هستند. هر دو بها داده‌اند و می‌دهند. گیرم که عقایدشان متفاوت باشد اما بر سر یک چیز اشتراک مطلق دارند. همان چیزی که امثال این جنابان فهمش را ندارند: «ایران»,0,0,0,https://x.com/Afshin_46/status/2005382671329878067,2025,12,2025-12-28,این دهان‌های متعفن جز به تفرقه و تشکیک باز نخواهد شد. فاطمه سپهری یا ترانه علیدوستی، هر دو زنان مبارز و معترض این خاک هستند. هر دو بها داده‌اند و می‌دهند. گیرم که عقایدشان متفاوت باشد اما بر سر یک چیز اشتراک مطلق دارند. همان چیزی که امثال این جنابان فهمش را ندارند: «ایران»,"These stinking mouths will only open to division and suspicion. Fatemeh Sepehari or Taraneh Alidousti, both are fighting and protesting women of this land. Both have paid and will pay. I understand that their opinions are different, but they have one thing in common. What these gentlemen do not understand: ""Iran"""
2005381948798345592,afshin_46,2025-12-28 22:54:49.445,در فارسی مثلی داریم بدین مضمون که پیش از بیان فلان نام دهانت را آب بکش. یعنی دهان شمایان آنقدر ناپاک است که نباید آن نام از آن بیرون بیاید و آلوده شود. دست از کاسبی با مفاخر راستین این مردم بردارید. همان‌ها که زیر فشار سانسور و اختناق آنها را کشتید، فراری دادید یا خودکشی کردید.,0,0,0,https://x.com/Afshin_46/status/2005381948798345592,2025,12,2025-12-28,در فارسی مثلی داریم بدین مضمون که پیش از بیان فلان نام دهانت را آب بکش. یعنی دهان شمایان آنقدر ناپاک است که نباید آن نام از آن بیرون بیاید و آلوده شود. دست از کاسبی با مفاخر راستین این مردم بردارید. همان‌ها که زیر فشار سانسور و اختناق آنها را کشتید، فراری دادید یا خودکشی کردید.,"In Farsi, we have a proverb to the effect that you should rinse your mouth before saying such and such a name. It means that the mouth of Shamayan is so impure that that name should not come out and be polluted. Stop doing business with the real pride of these people. Those whom you killed under the pressure of censorship and suffocation, ran away or committed suicide."
2005381952531214596,afshin_46,2025-12-28 22:54:50.335,آخرین چیزی که مرحوم بیضایی می‌خواست این بود که دهان ننگین سرکوبگران و سانسورچیان سابق به مدحش گشوده شود. دهانتان را آب هم بکشید فایده ندارد. شاید استاد امروز نباشد که خاطرات بازجویی‌های پی‌در‌پی در مغاک‌های اطلاعات را بگوید. اما ما هنوز زنده‌ایم و بخاطر داریم که با او چه کردید.,0,0,0,https://x.com/Afshin_46/status/2005381952531214596,2025,12,2025-12-28,آخرین چیزی که مرحوم بیضایی می‌خواست این بود که دهان ننگین سرکوبگران و سانسورچیان سابق به مدحش گشوده شود. دهانتان را آب هم بکشید فایده ندارد. شاید استاد امروز نباشد که خاطرات بازجویی‌های پی‌در‌پی در مغاک‌های اطلاعات را بگوید. اما ما هنوز زنده‌ایم و بخاطر داریم که با او چه کردید.,The last thing that the late Baizai wanted was for the disgraceful mouths of former repressors and censors to be opened to praise him. It is useless to rinse your mouth. Maybe today's teacher is not the one to tell the memories of successive interrogations in the information abyss. But we are still alive and we remember what you did to him.
2005381955869913397,afshin_46,2025-12-28 22:54:51.131,"چطور زیر فشار سانسور و تحریم همه‌جانبه از تدریس و فعالیت هنری او را وادار به جلای وطن کردید. همان بلایی که بر سر بزرگان دیگری همانند ناصر تقوایی فقید آوردید. دهانتان را ببندید از این آتش که بر جان و دل ماست برای شما هیزم‌کشان بدبخت آبی گرم نخواهد شد.
#بهرام_بیضایی",0,0,0,https://x.com/Afshin_46/status/2005381955869913397,2025,12,2025-12-28,"چطور زیر فشار سانسور و تحریم همه‌جانبه از تدریس و فعالیت هنری او را وادار به جلای وطن کردید. همان بلایی که بر سر بزرگان دیگری همانند ناصر تقوایی فقید آوردید. دهانتان را ببندید از این آتش که بر جان و دل ماست برای شما هیزم‌کشان بدبخت آبی گرم نخواهد شد.
#بهرام_بیضایی","How did you force him to exile under the pressure of censorship and all-round ban on teaching and artistic activity? The same calamity that you brought upon other elders such as the late Nasser Taqwai. Shut your mouth from this fire that is on our souls and hearts, it will not be warm for you, unfortunate woodcutter.
#Bahram_Beidaei"
2005377048181919956,afshin_46,2025-12-28 22:35:21.047,ایراد از من است. ایراد از ماست.,0,0,0,https://x.com/Afshin_46/status/2005377048181919956,2025,12,2025-12-28,ایراد از من است. ایراد از ماست.,It's my fault. It is our fault.
2005348006263177663,afshin_46,2025-12-28 20:39:56.914,این که واکنش دوستان راست‌گرا به اعتصابات و اعتراضات کارگری سکوت باشد جای تعجب نیست اما واکنش نشان ندادنشان به اعتصاب‌ها و اعتراضات بازار جای شگفتی و محل تامل است. گویا دوستان چندان هم به اعتراضات علاقه‌ای ندارند و ترجیح می‌دهند صندلی‌ها در پشت پرده و پای میز معامله جابجا شوند.,0,0,0,https://x.com/Afshin_46/status/2005348006263177663,2025,12,2025-12-28,این که واکنش دوستان راست‌گرا به اعتصابات و اعتراضات کارگری سکوت باشد جای تعجب نیست اما واکنش نشان ندادنشان به اعتصاب‌ها و اعتراضات بازار جای شگفتی و محل تامل است. گویا دوستان چندان هم به اعتراضات علاقه‌ای ندارند و ترجیح می‌دهند صندلی‌ها در پشت پرده و پای میز معامله جابجا شوند.,"It is not surprising that right-wing friends' reaction to labor strikes and protests is silence, but their lack of reaction to market strikes and protests is surprising and a place for reflection. It seems that the friends are not very interested in protests and prefer to move the chairs behind the curtain and at the foot of the trading table."
2005348009777963496,afshin_46,2025-12-28 20:39:57.752,"@alirezaglsi
 
@Redroza1917",0,0,0,https://x.com/Afshin_46/status/2005348009777963496,2025,12,2025-12-28,"@alirezaglsi
 
@Redroza1917","@alirezaglsi
 
@Redroza1917"
2005336039339237742,afshin_46,2025-12-28 19:52:23.777,"«این انقلاب اگر فمینیستی نباشد ناقص است و اگر ناقص باشد خطرناک است.» 
نازیلای عزیز عالی نوشتید.",0,0,0,https://x.com/Afshin_46/status/2005336039339237742,2025,12,2025-12-28,"«این انقلاب اگر فمینیستی نباشد ناقص است و اگر ناقص باشد خطرناک است.» 
نازیلای عزیز عالی نوشتید.","""This revolution is incomplete if it is not feminist, and if it is incomplete, it is dangerous."" 
Dear Nazila, you wrote well."
2005231557670477839,afshin_46,2025-12-28 12:57:13.406,مشتی مزخرف سخیف. بودجه چند همتی اوباش ولایی و نهادهای رانتی وابسته به آنها، آمران و عاملان کشتار فرزندان ما، مهساها و کیان‌های ما،  از جیب ما، مردم می‌رود و دولتی هیچ غلطی نمی‌کند. نانی که از این رها می‌خورید به خون ما آلوده است. دروغگو! شیاد! و طبعاً دزد جان و مال مردم.,0,0,0,https://x.com/Afshin_46/status/2005231557670477839,2025,12,2025-12-28,مشتی مزخرف سخیف. بودجه چند همتی اوباش ولایی و نهادهای رانتی وابسته به آنها، آمران و عاملان کشتار فرزندان ما، مهساها و کیان‌های ما،  از جیب ما، مردم می‌رود و دولتی هیچ غلطی نمی‌کند. نانی که از این رها می‌خورید به خون ما آلوده است. دروغگو! شیاد! و طبعاً دزد جان و مال مردم.,"A bunch of silly nonsense. The budgets of the provincial thugs and their affiliated rentier institutions, the leaders and perpetrators of the murders of our children, our mahsas and kians, go from our pockets, the people, and the government does nothing wrong. The bread you eat is contaminated with our blood. Liar! Impostor! And of course, the thief of people's lives and property."
2004655926822011029,afshin_46,2025-12-26 22:49:52.317,احمد محمود یکی از درخشان‌ترین نویسندگان این مرز و بوم سرنوشتی بهتر از همتایانش در استبدادهای دیگر نداشت. سرنوشت او جاودانگی در اذهان عمومی بود. بعنوان راوی رنج‌های مردمش. همانگونه که مستبدین یک سرنوشت بیشتر ندارند، سرنگونی در زباله‌دان تاریخ.,0,0,0,https://x.com/Afshin_46/status/2004655926822011029,2025,12,2025-12-26,احمد محمود یکی از درخشان‌ترین نویسندگان این مرز و بوم سرنوشتی بهتر از همتایانش در استبدادهای دیگر نداشت. سرنوشت او جاودانگی در اذهان عمومی بود. بعنوان راوی رنج‌های مردمش. همانگونه که مستبدین یک سرنوشت بیشتر ندارند، سرنگونی در زباله‌دان تاریخ.,"Ahmad Mahmoud, one of the most brilliant writers of this region, did not have a better fate than his counterparts in other dictatorships. His destiny was immortality in the public mind. As a narrator of the sufferings of his people. As autocrats have no further destiny, to be overthrown in the dustbin of history."
