tweet_id,username,created_at,text,replies,retweets,likes,url,year,month,date,Text_original,Text_en
1428660631566180354,ahangevafa,2021-08-20 13:10:12.453,ما واقعا حیفیم.,0,0,0,https://x.com/ahangevafa/status/1428660631566180354,2021,8,2021-08-20,ما واقعا حیفیم.,We are really sorry.
2022679558546129101,ahangevafa,2026-02-14 16:29:20.983,این جمله اول توییت رو این چند روزه بارها و بارها دیدم، حال جامعه خوب نیست و حال همه خراب است ولی باور کنید حالمون وقتی خرابتر میشه که کسی رو دنبال کار ولی ناامید ببینیم. شما چرا؟ اونی که باید شرمنده باشه و عذرخواهی کنه به کتفش هم نیست.,0,0,0,https://x.com/ahangevafa/status/2022679558546129101,2026,2,2026-02-14,این جمله اول توییت رو این چند روزه بارها و بارها دیدم، حال جامعه خوب نیست و حال همه خراب است ولی باور کنید حالمون وقتی خرابتر میشه که کسی رو دنبال کار ولی ناامید ببینیم. شما چرا؟ اونی که باید شرمنده باشه و عذرخواهی کنه به کتفش هم نیست.,"I have seen this first sentence of the tweet many times in the past few days, the state of society is not good and everyone is in a bad state, but believe me, our state gets worse when we see someone looking for work but in despair. why you The one who should be ashamed and apologize is not on his shoulders."
2022641992874795481,ahangevafa,2026-02-14 14:00:04.629,چپ هم؟ به نظرتون چقدر طول میکشه یه عده که فعلا جاویدشاه از دهنشون نمی‌افته برن زیر پست و توییتهای رضا پهلوی بهش فحش بدن؟,0,0,0,https://x.com/ahangevafa/status/2022641992874795481,2026,2,2026-02-14,چپ هم؟ به نظرتون چقدر طول میکشه یه عده که فعلا جاویدشاه از دهنشون نمی‌افته برن زیر پست و توییتهای رضا پهلوی بهش فحش بدن؟,Left too? How long do you think it will take for some people who are not talking about Javed Shah to go under Reza Pahlavi's posts and tweets to curse him?
2022629755884077182,ahangevafa,2026-02-14 13:11:27.103,"شما روزی ده ساعت هم کار کنید برا ملاقات با هر نفر یه ذره کمتر از یه دقیقه و نیم وقت دارید، تو یه دقیقه ملاقات روزمره چجوری گرایش سیاسی طرف رو درمیارید؟ 
برا این چیزا مشاهدات شخصی قابل اعتماد نیست، نظرسنجی موسسه حرفه‌ای بیطرف لازمه. بیطرف. ببین گفتم بی‌طرف. بی‌طرف ها. بی‌طرف.",0,0,0,https://x.com/ahangevafa/status/2022629755884077182,2026,2,2026-02-14,"شما روزی ده ساعت هم کار کنید برا ملاقات با هر نفر یه ذره کمتر از یه دقیقه و نیم وقت دارید، تو یه دقیقه ملاقات روزمره چجوری گرایش سیاسی طرف رو درمیارید؟ 
برا این چیزا مشاهدات شخصی قابل اعتماد نیست، نظرسنجی موسسه حرفه‌ای بیطرف لازمه. بیطرف. ببین گفتم بی‌طرف. بی‌طرف ها. بی‌طرف.","Even if you work ten hours a day, you have a little less than a minute and a half to meet with each person. 
For these things, personal observations are not reliable, an impartial professional institute survey is necessary. unbiased Look, I said neutral. Neutrals. unbiased"
2022590053117984830,ahangevafa,2026-02-14 10:33:41.226,"همه‌ی موارد تقدیم شد…

#گزارش‌کارخیر",0,0,0,https://x.com/m_bayatzanjani/status/2022590053117984830,2026,2,2026-02-14,"همه‌ی موارد تقدیم شد…

#گزارش‌کارخیر","All items submitted…

#good report"
2022415324126286146,ahangevafa,2026-02-13 22:59:22.588,خودش خوبه اطرافیانش بدن.,0,0,0,https://x.com/ahangevafa/status/2022415324126286146,2026,2,2026-02-13,خودش خوبه اطرافیانش بدن.,"He is good, so are the people around him."
2022364631998546400,ahangevafa,2026-02-13 19:37:56.643,"برای فردا باید به ۱۰۰ نفر کمک معیشتی برسانیم؛ اگر برای هر فرد در هر خانواده ۷۵۰ هزار تومان در نظر بگیریم، ۷۵ میلیون‌تومان برای این کار نیاز خواهد بود.
#کارخیر امشب‌مان تامین این مبلغ خواهد بود…

جا نمانید…

6393461025410958

6037697633640724
karekheir.bayat.info",0,0,0,https://x.com/m_bayatzanjani/status/2022364631998546400,2026,2,2026-02-13,"برای فردا باید به ۱۰۰ نفر کمک معیشتی برسانیم؛ اگر برای هر فرد در هر خانواده ۷۵۰ هزار تومان در نظر بگیریم، ۷۵ میلیون‌تومان برای این کار نیاز خواهد بود.
#کارخیر امشب‌مان تامین این مبلغ خواهد بود…

جا نمانید…

6393461025410958

6037697633640724
karekheir.bayat.info","For tomorrow, we have to provide livelihood assistance to 100 people; If we consider 750 thousand tomans for each person in each family, 75 million tomans will be needed for this work.
#Our charity tonight will be providing this amount...

don't stay…

6393461025410958

6037697633640724
karekheir.bayat.info"
2022252651153351033,ahangevafa,2026-02-13 12:12:58.329,لات کوچه خلوتی که عربده میکشید میرم برمیگردم به نفعته پرچم به دیوار زده باشی در پی یه شکایت یه ورقه گرفت دستش گفت گه خوردم. ولی همینا که تحمل یه دادگاه دول غربی رو ندارن به مردم ایران میگن پس چرا نمیریزید تو خیابونا. وایسا هانی قطره چشمم رو بریزم بعد میرم ساچمه میخورم.,0,0,0,https://x.com/ahangevafa/status/2022252651153351033,2026,2,2026-02-13,لات کوچه خلوتی که عربده میکشید میرم برمیگردم به نفعته پرچم به دیوار زده باشی در پی یه شکایت یه ورقه گرفت دستش گفت گه خوردم. ولی همینا که تحمل یه دادگاه دول غربی رو ندارن به مردم ایران میگن پس چرا نمیریزید تو خیابونا. وایسا هانی قطره چشمم رو بریزم بعد میرم ساچمه میخورم.,"I'm going to go to the lonely alley where you drive, I'll come back, it's good for you to put a flag on the wall. But they say to the people of Iran that they can't stand a western court, so why don't you go to the streets. Vaisa, honey, I'll put my eye drops, then I'll go eat a pill."
2021959409505624417,ahangevafa,2026-02-12 16:47:44.072,دوستان سلطنت‌طلب اینسری نوبت شماست تو مونیخ مجسمه ضحاک درست کنین آتیش بزنین. ببینیم مجسمه کی تمیزتره.,0,0,0,https://x.com/ahangevafa/status/2021959409505624417,2026,2,2026-02-12,دوستان سلطنت‌طلب اینسری نوبت شماست تو مونیخ مجسمه ضحاک درست کنین آتیش بزنین. ببینیم مجسمه کی تمیزتره.,"Royalist friends, it's your turn to make a statue of Laughter in Munich and set it on fire. Let's see whose statue is cleaner."
2021474162695643493,ahangevafa,2026-02-11 08:39:32.217,یکم کمتر بخورید. یکم کمتر بکشید.,0,0,0,https://x.com/ahangevafa/status/2021474162695643493,2026,2,2026-02-11,یکم کمتر بخورید. یکم کمتر بکشید.,Eat less. Draw less.
2021100079218606440,ahangevafa,2026-02-10 07:53:03.766,مزیت من به شما اینه که من اینجام و شما اونجا، مزیت شما به من اینه که شما اونجایید من اینجا. ولی کرانچی با آب خیارشور مزه بهتریه.,0,0,0,https://x.com/ahangevafa/status/2021100079218606440,2026,2,2026-02-10,مزیت من به شما اینه که من اینجام و شما اونجا، مزیت شما به من اینه که شما اونجایید من اینجا. ولی کرانچی با آب خیارشور مزه بهتریه.,"My advantage to you is that I am here and you are there, your advantage to me is that you are there and I am here. But crunchy tastes better with pickled cucumber juice."
2020235753633247653,ahangevafa,2026-02-07 22:38:32.488,بدون شرح,0,0,0,https://x.com/ahangevafa/status/2020235753633247653,2026,2,2026-02-07,بدون شرح,Without explanation
2020039919058710570,ahangevafa,2026-02-07 09:40:21.887,بعد از وصل شدن اینترنت از محسن پرسیدم وضعیت #کارـخیر تو این مدت چطور بوده؟ ورودی‌ها کاهش چشمگیر داشته. برا زمین نیافتادن علم کار خیر امیدوارم دیگه هیچوقت قطعی اینترنت نداشته باشیم. امید خیلی از ناامیدها همین شما مردم نازنین هستید.,0,0,0,https://x.com/ahangevafa/status/2020039919058710570,2026,2,2026-02-07,بعد از وصل شدن اینترنت از محسن پرسیدم وضعیت #کارـخیر تو این مدت چطور بوده؟ ورودی‌ها کاهش چشمگیر داشته. برا زمین نیافتادن علم کار خیر امیدوارم دیگه هیچوقت قطعی اینترنت نداشته باشیم. امید خیلی از ناامیدها همین شما مردم نازنین هستید.,"After the internet was connected, I asked Mohsen how was the status of #Kar-Khir during this time? Inputs have decreased significantly. I hope that we will never have internet outages again. The hope of many disappointed people, you are the sweet people."
2020038648654090718,ahangevafa,2026-02-07 09:35:18.999,اینجوری پیش بره وضعیت اقتصادی بدتر از بد میشه، تا صبح بیداری ببینی میزنه یا نه، صبح یا خواب میموونی نمیری سر کار یا خسته و کوفته میری سر کار.,0,0,0,https://x.com/ahangevafa/status/2020038648654090718,2026,2,2026-02-07,اینجوری پیش بره وضعیت اقتصادی بدتر از بد میشه، تا صبح بیداری ببینی میزنه یا نه، صبح یا خواب میموونی نمیری سر کار یا خسته و کوفته میری سر کار.,"If it continues like this, the economic situation will get worse and worse, until you wake up in the morning, you will see whether it works or not."
2019799507039326567,ahangevafa,2026-02-06 17:45:03.195,علی قلهکی سر پرواز از مبدا طبس دو دور آبش اومد.,0,0,0,https://x.com/ahangevafa/status/2019799507039326567,2026,2,2026-02-06,علی قلهکی سر پرواز از مبدا طبس دو دور آبش اومد.,Ali Qalehaki flew from the source of Tabas two times.
2019799012149231661,ahangevafa,2026-02-06 17:43:05.204,از این به بعد پایتخت صداش میکنیم.,0,0,0,https://x.com/ahangevafa/status/2019799012149231661,2026,2,2026-02-06,از این به بعد پایتخت صداش میکنیم.,From now on we will call it the capital.
2019798099607031984,ahangevafa,2026-02-06 17:39:27.637,هزینه‌های دیت اول با مسقطه.,0,0,0,https://x.com/ahangevafa/status/2019798099607031984,2026,2,2026-02-06,هزینه‌های دیت اول با مسقطه.,First date expenses with Muscat.
2019763375547556231,ahangevafa,2026-02-06 15:21:28.776,برای اجتناب از درگیری مستقیم مذاکرات غیر مستقیم راه انداخته.,0,0,0,https://x.com/ahangevafa/status/2019763375547556231,2026,2,2026-02-06,برای اجتناب از درگیری مستقیم مذاکرات غیر مستقیم راه انداخته.,"In order to avoid direct conflict, indirect negotiations are launched."
2019465979621720444,ahangevafa,2026-02-05 19:39:44.062,"#کارخیرآخرهفته‌ رساندن کمک‌معیشتی به ۱۰۰ خانواده خواهد بود…
هر‌مقداری که تأمین شد، صرف این موارد خواهد شد….
جانمانید…

6393461025410958

6037697633640724
karekheir.bayat.info",0,0,0,https://x.com/m_bayatzanjani/status/2019465979621720444,2026,2,2026-02-05,"#کارخیرآخرهفته‌ رساندن کمک‌معیشتی به ۱۰۰ خانواده خواهد بود…
هر‌مقداری که تأمین شد، صرف این موارد خواهد شد….
جانمانید…

6393461025410958

6037697633640724
karekheir.bayat.info","#KharkhairAkhrehfeteh will be providing livelihood assistance to 100 families...
Any amount provided will be spent on these things...
stay alive…

6393461025410958

6037697633640724
karekheir.bayat.info"
2019260001467134103,ahangevafa,2026-02-05 06:01:15.043,برا اندرویدم آپدیت اومد. یادتون رفته اینجا رو فیلتر کنید.,0,0,0,https://x.com/ahangevafa/status/2019260001467134103,2026,2,2026-02-05,برا اندرویدم آپدیت اومد. یادتون رفته اینجا رو فیلتر کنید.,There was an update for my Android. You forgot to filter here.
2017905055954026748,ahangevafa,2026-02-01 12:17:10.859,به رضا پهلوی نگید ترامپ با اینا معامله کرد، اول بگید بردنش بیمارستان.,0,0,0,https://x.com/ahangevafa/status/2017905055954026748,2026,2,2026-02-01,به رضا پهلوی نگید ترامپ با اینا معامله کرد، اول بگید بردنش بیمارستان.,"Don't tell Reza Pahlavi that Trump made a deal with them, first tell him to take him to the hospital."
2015502773333131719,ahangevafa,2026-01-25 21:11:22.050,"هرکه بپرسد ای فلان
حال دلت چگونه شد، چگونه شد
خون شد و
خون شد و
 دم به دم از مژه میچکانمش
از مژه میچکانمش",0,0,0,https://x.com/ahangevafa/status/2015502773333131719,2026,1,2026-01-25,"هرکه بپرسد ای فلان
حال دلت چگونه شد، چگونه شد
خون شد و
خون شد و
 دم به دم از مژه میچکانمش
از مژه میچکانمش","Whoever asks, so-and-so
How did you feel?
There was blood and
There was blood and
 I shake it from my eyelashes bit by bit
I shake it from my eyelashes"
2015106156620894583,ahangevafa,2026-01-24 18:55:21.257,"با هزار مصیبت متصل شدیم تا #گزارش‌کارخیر در دی‌ماه تلخ ۱۴۰۴ را تقدیم کنیم که اگر نبود تعهد نسبت به ارائه‌ی این گزارش، می‌دانم که چه‌بسا دل و دماغی برای خواندنش هم نباشد….
بیش از ۲ هفته است که درگاه‌پرداخت مستقیم عملا کارایی ندارد چراکه اینترنت قطع شده و طبعا کاربران محترم نمی",0,0,0,https://x.com/m_bayatzanjani/status/2015106156620894583,2026,1,2026-01-24,"با هزار مصیبت متصل شدیم تا #گزارش‌کارخیر در دی‌ماه تلخ ۱۴۰۴ را تقدیم کنیم که اگر نبود تعهد نسبت به ارائه‌ی این گزارش، می‌دانم که چه‌بسا دل و دماغی برای خواندنش هم نباشد….
بیش از ۲ هفته است که درگاه‌پرداخت مستقیم عملا کارایی ندارد چراکه اینترنت قطع شده و طبعا کاربران محترم نمی","We connected with a thousand calamities to present the #good report in the bitter month of January 1404, which if there was no commitment to present this report, I know that I might not have the heart and nose to read it....
It has been more than 2 weeks that the direct payment portal is practically not working because the internet is cut off and of course the users are not respected"
2014486460695535853,ahangevafa,2026-01-23 01:52:54.235,تصحیح میکنم. ما حیف «بودیم». تموم شدیم رفت.,0,0,0,https://x.com/ahangevafa/status/2014486460695535853,2026,1,2026-01-23,تصحیح میکنم. ما حیف «بودیم». تموم شدیم رفت.,"I will correct We are a pity. We finished, he left."
2008157678338502771,ahangevafa,2026-01-05 14:44:34.938,"خاک دو عالم بر سرتان، الان فکر میکنید بقیه رو ترسوندید؟ الان خیلی هنر کردید؟ مگه نمیگید اغتشاشه؟ مگه نمیگید از خارج و با لیدرهای خودفروخته داخلی داره تهییج میشه؟ لیدر و کله‌گنده رو ول کردید یه نوجوون گرفتید افتخار هم میکنید؟ هم عامل احمقه هم آمر احمقه. 

انتشار ویدیو غیر اخلاقیه",0,0,0,https://x.com/ahangevafa/status/2008157678338502771,2026,1,2026-01-05,"خاک دو عالم بر سرتان، الان فکر میکنید بقیه رو ترسوندید؟ الان خیلی هنر کردید؟ مگه نمیگید اغتشاشه؟ مگه نمیگید از خارج و با لیدرهای خودفروخته داخلی داره تهییج میشه؟ لیدر و کله‌گنده رو ول کردید یه نوجوون گرفتید افتخار هم میکنید؟ هم عامل احمقه هم آمر احمقه. 

انتشار ویدیو غیر اخلاقیه","The dust of two worlds on your head, now do you think you scared the others? Did you do a lot of art now? Don't you say it's a disturbance? Don't you say that it is getting excited from the outside and with self-proclaimed internal leaders? You let go of a leader and a bigot, you got a young man, are you proud? Both the agent is stupid and the commander is stupid. 

Publishing the video is unethical"
2008060678326944102,ahangevafa,2026-01-05 08:19:08.333,"به نام خدا 
درس اول از آموزشهای سیاسی:
دوران گذار یعنی یه دوره کوتاه که حکومت قبلی نیست ولی جدیده هم هنوز پا نگرفته، لازم نیست یه سلسله جدید با پیش‌بینی ماندگاری هزارساله برا خودت راه بندازی. 
تا هفته بعد خدا نگهدار",0,0,0,https://x.com/ahangevafa/status/2008060678326944102,2026,1,2026-01-05,"به نام خدا 
درس اول از آموزشهای سیاسی:
دوران گذار یعنی یه دوره کوتاه که حکومت قبلی نیست ولی جدیده هم هنوز پا نگرفته، لازم نیست یه سلسله جدید با پیش‌بینی ماندگاری هزارساله برا خودت راه بندازی. 
تا هفته بعد خدا نگهدار","in the name of god 
The first lesson of political education:
The transition period means a short period that is not the previous government, but the new one has not started yet, you don't need to start a new dynasty for yourself with the prediction of a thousand-year longevity. 
تا هفته بعد خدا نگهدار"
2008059021237031119,ahangevafa,2026-01-05 08:12:33.252,اگه کسی ویدیوی آموزشی برا شیک و تمیز خوردن این کروسانهای گنده رو داره لطفاً لینک بده وگرنه زنگ بزنه اشکان خطیبی. گیر افتادم شدید.,0,0,0,https://x.com/ahangevafa/status/2008059021237031119,2026,1,2026-01-05,اگه کسی ویدیوی آموزشی برا شیک و تمیز خوردن این کروسانهای گنده رو داره لطفاً لینک بده وگرنه زنگ بزنه اشکان خطیبی. گیر افتادم شدید.,"If anyone has an instructional video for eating these gross croissants elegantly and cleanly, please provide a link, otherwise call Ashkan Khatibi. I got stuck."
2008046506276999573,ahangevafa,2026-01-05 07:22:49.453,"شماره تماسهای اضطراری:
پول کم آوردی: هادی حجازی
مریض شدی: اشکان خطیبی 
بدون ویزا بری آمریکا: ترامپ",0,0,0,https://x.com/ahangevafa/status/2008046506276999573,2026,1,2026-01-05,"شماره تماسهای اضطراری:
پول کم آوردی: هادی حجازی
مریض شدی: اشکان خطیبی 
بدون ویزا بری آمریکا: ترامپ","Emergency numbers:
پول کم آوردی: هادی حجازی
You got sick: Ashkan Khatibi 
Go to America without a visa: Trump"
2007908615970226534,ahangevafa,2026-01-04 22:14:53.842,"پیش‌تر نوشته بودم که با پرداخت ۲۵۰ میلیون‌تومان تتمه‌ی وجه‌المصالحه، می‌توانیم یک پدر محکوم به قصاص را بعد از بیست و چند سال از زندان آزاد کرد.
چون این مبلغ تامین‌شد، توییت را برداشتم.
ارادت

#کارخیر",0,0,0,https://x.com/m_bayatzanjani/status/2007908615970226534,2026,1,2026-01-04,"پیش‌تر نوشته بودم که با پرداخت ۲۵۰ میلیون‌تومان تتمه‌ی وجه‌المصالحه، می‌توانیم یک پدر محکوم به قصاص را بعد از بیست و چند سال از زندان آزاد کرد.
چون این مبلغ تامین‌شد، توییت را برداشتم.
ارادت

#کارخیر","I wrote earlier that by paying 250 million tomans as compensation, we can release a father sentenced to revenge after twenty years in prison.
As this amount was provided, I removed the tweet.
devotion

#Good work"
2007709866392203642,ahangevafa,2026-01-04 09:05:08.250,"S300 خونه ما تلویزیونه.
کوت کن s300 خونه ات رو بگو.",0,0,0,https://x.com/ahangevafa/status/2007709866392203642,2026,1,2026-01-04,"S300 خونه ما تلویزیونه.
کوت کن s300 خونه ات رو بگو.","S300 room TV.
Ask for s300 room."
2007482609430081669,ahangevafa,2026-01-03 18:02:05.968,"فعلا از محل واریز همین ۱۳ هزارتومن‌ها، ۳۰ میلیون‌تومان اضافه‌بهای رهن‌منزل یک مادر سرپرست‌خانوار در زنجان پرداخت‌ شد….

#گزارش‌کارخیر",0,0,0,https://x.com/m_bayatzanjani/status/2007482609430081669,2026,1,2026-01-03,"فعلا از محل واریز همین ۱۳ هزارتومن‌ها، ۳۰ میلیون‌تومان اضافه‌بهای رهن‌منزل یک مادر سرپرست‌خانوار در زنجان پرداخت‌ شد….

#گزارش‌کارخیر","Currently, from the deposit of these 13 thousand tomans, an additional 30 million tomans was paid for the mortgage of a mother who heads a household in Zanjan....

#good report"
2007360105000644793,ahangevafa,2026-01-03 09:55:18.636,"برای روز پدر کاش یک چالش‌کارخیر مثلا ۱۳ هزارتومنی برگزار‌ کنیم….

#کارخیر",0,0,0,https://x.com/m_bayatzanjani/status/2007360105000644793,2026,1,2026-01-03,"برای روز پدر کاش یک چالش‌کارخیر مثلا ۱۳ هزارتومنی برگزار‌ کنیم….

#کارخیر","For Father's Day, I wish we could organize a charity challenge, for example, 13 thousand tomans...

#Good work"
2007172625639059479,ahangevafa,2026-01-02 21:30:20.073,"نوشته بودم که امشب به یاری مادری خواهیم رفت که مبتلا به سرطان است و وضعیت خوبی هم ندارد و با این وجود به‌دلیل تامین مخارج درمان، بیش از صد میلیون تومان بدهکار شده و برای بازپرداختش مستأصل…
چون این عدد تامین شد، توییت را برداشتم.
ارادت

#کارخیر",0,0,0,https://x.com/m_bayatzanjani/status/2007172625639059479,2026,1,2026-01-02,"نوشته بودم که امشب به یاری مادری خواهیم رفت که مبتلا به سرطان است و وضعیت خوبی هم ندارد و با این وجود به‌دلیل تامین مخارج درمان، بیش از صد میلیون تومان بدهکار شده و برای بازپرداختش مستأصل…
چون این عدد تامین شد، توییت را برداشتم.
ارادت

#کارخیر","I had written that tonight we will go to the aid of a mother who is suffering from cancer and is not in a good condition, and despite this, she owes more than one hundred million tomans to pay for the treatment and is desperate to repay it...
When this number was provided, I removed the tweet.
devotion

#Good work"
2007032145441886561,ahangevafa,2026-01-02 12:12:06.984,"از این محل، ۷۵ میلیون‌تومان بابت تهیه‌ی بن‌خرید کالا اختصاص یافت و از فردا توزیع خواهد شد…
ارادت

#کارخیر",0,0,0,https://x.com/m_bayatzanjani/status/2007032145441886561,2026,1,2026-01-02,"از این محل، ۷۵ میلیون‌تومان بابت تهیه‌ی بن‌خرید کالا اختصاص یافت و از فردا توزیع خواهد شد…
ارادت

#کارخیر","From this place, 75 million tomans were allocated for the purchase of goods and will be distributed from tomorrow...
devotion

#Good work"
2006782100863857108,ahangevafa,2026-01-01 19:38:31.711,"در این یکی دو روز اخیر، دو دوست مجازی دیگر که در‌ نام نرگس شریک بودند هم از بین ما رفتند و به درخواست دوستان مشترک، #کارخیرآخرهفته به نام و یاد آن‌ها انجام خواهد شد.
 از این محل کمک‌های معیشتی برای جمعی از خانواده‌ها تهیه و توزیع خواهد شد…

#کارخیر",0,0,0,https://x.com/m_bayatzanjani/status/2006782100863857108,2026,1,2026-01-01,"در این یکی دو روز اخیر، دو دوست مجازی دیگر که در‌ نام نرگس شریک بودند هم از بین ما رفتند و به درخواست دوستان مشترک، #کارخیرآخرهفته به نام و یاد آن‌ها انجام خواهد شد.
 از این محل کمک‌های معیشتی برای جمعی از خانواده‌ها تهیه و توزیع خواهد شد…

#کارخیر","In these last one or two days, two other virtual friends who shared the name of Narges also passed away, and at the request of common friends, #KarkhairAkhrehefte will be done in their name and memory.
 From this place, livelihood assistance will be prepared and distributed for a group of families...

#Good work"
2006775611298361618,ahangevafa,2026-01-01 19:12:44.478,مجسمه هارداسان؟,0,0,0,https://x.com/ahangevafa/status/2006775611298361618,2026,1,2026-01-01,مجسمه هارداسان؟,Hardasan statue?
2006646222166056962,ahangevafa,2026-01-01 10:38:35.705,"خوب است بدانید طی روزهای گذشته از محل واریزهای انجام شده به حساب‌های #کارخیر، بین ۳۰۰ خانواده،  کمک معیشتی -در قالب بن‌‌های خرید کالا- توزیع شده است.
#گزارش‌کارخیر",0,0,0,https://x.com/m_bayatzanjani/status/2006646222166056962,2026,1,2026-01-01,"خوب است بدانید طی روزهای گذشته از محل واریزهای انجام شده به حساب‌های #کارخیر، بین ۳۰۰ خانواده،  کمک معیشتی -در قالب بن‌‌های خرید کالا- توزیع شده است.
#گزارش‌کارخیر","It is good to know that during the past few days, livelihood assistance has been distributed to 300 families from the deposits made to the #Karkhair accounts in the form of purchase vouchers.
#good report"
2006350691300986922,ahangevafa,2025-12-31 15:04:15.656,پنجره باز بود یه یاکریم اومد تو خونه، تا به خودم بجنبم مایا رو هوا گرفتش، کثافت پدرسگ تو کی شکارچی شدی برا من آخه، از تو دهنش نجاتش دادم ولی دم یاکریمه کنده شد اومد تو دستم:/ نمیدونم چسبش خوب نبوده، ژن مارمولک تو وجودش بوده، این مایای کثافت شلش کرده بوده، کل خونه پر شد.,0,0,0,https://x.com/ahangevafa/status/2006350691300986922,2025,12,2025-12-31,پنجره باز بود یه یاکریم اومد تو خونه، تا به خودم بجنبم مایا رو هوا گرفتش، کثافت پدرسگ تو کی شکارچی شدی برا من آخه، از تو دهنش نجاتش دادم ولی دم یاکریمه کنده شد اومد تو دستم:/ نمیدونم چسبش خوب نبوده، ژن مارمولک تو وجودش بوده، این مایای کثافت شلش کرده بوده، کل خونه پر شد.,"The window was open, a yakrim came into the house, so that I could move myself, it grabbed Maya, when did you become a hunter for me, you dirty dog, I rescued it from its mouth, but the yakrim's tail was torn off and came into my hand:/ I don't know that the glue was not good, the lizard gene was in you, this dirty Maya had loosened it, the whole house was filled."
2006306296468046092,ahangevafa,2025-12-31 12:07:51.103,نه پادگان نه بنگاه، سریال فقط بزنگاه.,0,0,0,https://x.com/ahangevafa/status/2006306296468046092,2025,12,2025-12-31,نه پادگان نه بنگاه، سریال فقط بزنگاه.,"No barracks, no company, only Bezengah series."
2006227791772041645,ahangevafa,2025-12-31 06:55:54.125,سال ۴۰۱ میگفتن این نسل زد امید ایرانه الان میگن دانشجوها گه نخورن، بابا اینا همونان که الان دانشجو شدن دیگه :-.))),0,0,0,https://x.com/ahangevafa/status/2006227791772041645,2025,12,2025-12-31,سال ۴۰۱ میگفتن این نسل زد امید ایرانه الان میگن دانشجوها گه نخورن، بابا اینا همونان که الان دانشجو شدن دیگه :-.))),"In 401, they said that this generation lost the hope of Iran, now they say that students should not talk, Dad, these are the ones who are becoming students now :-)))"
2005932436190822726,ahangevafa,2025-12-30 11:22:15.867,"برای حساب‌های #کارخیر، دیروز و امروز کم‌واریزترین روزهای سال ۱۴۰۴ بوده‌اند و ما برای پرداخت‌های روزانه‌ی متداول هم دچار مشکل شدیم؛ با این وصف کارها را نمی‌توان انجام‌نشده رها کرد و باید پیش رفت….
تا خدا چه بخواهد….",0,0,0,https://x.com/m_bayatzanjani/status/2005932436190822726,2025,12,2025-12-30,"برای حساب‌های #کارخیر، دیروز و امروز کم‌واریزترین روزهای سال ۱۴۰۴ بوده‌اند و ما برای پرداخت‌های روزانه‌ی متداول هم دچار مشکل شدیم؛ با این وصف کارها را نمی‌توان انجام‌نشده رها کرد و باید پیش رفت….
تا خدا چه بخواهد….","For #Karkhair accounts, yesterday and today were the lowest days of 1404, and we also had problems with regular daily payments; However, things cannot be left undone and must be moved on.
Whatever God wants..."
2005388143642771967,ahangevafa,2025-12-28 23:19:26.411,"یه زمانی توییتر ۱۴۰ کاراکتری بود بعد شد ۲۸۰ کاراکتری، الان نمیدونم چند کارکتریه، البته برا بعضیا که نامحدوده، ولی دیگه حتی حال تایپ اون ۱۴۰ کاراکتر رو هم ندارم. ۱۰ کاراکتر هم کافیه. 
بمیر دیگه چند کاراکتره؟",0,0,0,https://x.com/ahangevafa/status/2005388143642771967,2025,12,2025-12-28,"یه زمانی توییتر ۱۴۰ کاراکتری بود بعد شد ۲۸۰ کاراکتری، الان نمیدونم چند کارکتریه، البته برا بعضیا که نامحدوده، ولی دیگه حتی حال تایپ اون ۱۴۰ کاراکتر رو هم ندارم. ۱۰ کاراکتر هم کافیه. 
بمیر دیگه چند کاراکتره؟","At one time, Twitter had 140 characters, then it became 280 characters, now I don't know how many characters, of course it is unlimited for some, but I don't even have time to type those 140 characters anymore. 10 characters is enough. 
Die, how many more characters?"
2005307942946623713,ahangevafa,2025-12-28 18:00:45.075,"هی دنبال پسر قدبلند میگردین این قدبلندا فکر کردن چیز خاصی‌ان. 
x.com/NikK00li/statu
…",0,0,0,https://x.com/ahangevafa/status/2005307942946623713,2025,12,2025-12-28,"هی دنبال پسر قدبلند میگردین این قدبلندا فکر کردن چیز خاصی‌ان. 
x.com/NikK00li/statu
…","Hey, you are looking for a tall guy, these tall guys think something special. 
x.com/NikK00li/statu
…"
2005202552070275318,ahangevafa,2025-12-28 11:01:57.932,ما فقرا غذای خوب نمیخوریم، ماشین خوب سوار نمیشیم، خونه خوب نداریم، ژیلت خوب و شامپوی خوب استفاده نمیکنیم، گوشی خوب نداریم، ساعت خوب نداریم، لباس خوب نمیپوشیم، بنزین خوب هم روش. یه‌سری فقیرن، یه‌سری ثروتمند، قبلا برا جامعه بی‌طبقه تلاش کردن به جاهای بدی رسیدن، وا بدید دیگه.,0,0,0,https://x.com/ahangevafa/status/2005202552070275318,2025,12,2025-12-28,ما فقرا غذای خوب نمیخوریم، ماشین خوب سوار نمیشیم، خونه خوب نداریم، ژیلت خوب و شامپوی خوب استفاده نمیکنیم، گوشی خوب نداریم، ساعت خوب نداریم، لباس خوب نمیپوشیم، بنزین خوب هم روش. یه‌سری فقیرن، یه‌سری ثروتمند، قبلا برا جامعه بی‌طبقه تلاش کردن به جاهای بدی رسیدن، وا بدید دیگه.,"We poor people don't eat good food, we don't drive a good car, we don't have a good house, we don't use a good razor and a good shampoo, we don't have a good phone, we don't have a good watch, we don't wear good clothes, we don't use good gasoline. Some are poor, some are rich, let the classless society try to reach bad places."
2005175927198941291,ahangevafa,2025-12-28 09:16:10.068,هوا ابری و بارانیه، سرمای قابل تحمل و نازی هم داره، جون میده لبتابت رو ببری پای پنجره چای داغ بریزی برا خودت، کتاب صوتی گوش بدی و کار نکنی.,0,0,0,https://x.com/ahangevafa/status/2005175927198941291,2025,12,2025-12-28,هوا ابری و بارانیه، سرمای قابل تحمل و نازی هم داره، جون میده لبتابت رو ببری پای پنجره چای داغ بریزی برا خودت، کتاب صوتی گوش بدی و کار نکنی.,"The weather is cloudy and rainy, it is bearable and cold, it makes you want to take your laptop, pour yourself hot tea by the window, listen to an audio book and not work."
2003497178543583635,ahangevafa,2025-12-23 18:05:25.199,آنچه تقدیم می‌گردد #گزارش‌کارخیر در آذرماه ۱۴۰۴ است؛ روال #کارخیر این است که در پایان هر ماه #گزارش عملکرد را به محضر کاربران محترم ارائه کند چراکه بخش قابل‌توجهی از مبالغی که در این مسیر به مصرف رسیده از واریزهای کاربران محترم در قالب واریزهای ثابت یا شرکت در فراخوان‌ها تأمین,0,0,0,https://x.com/m_bayatzanjani/status/2003497178543583635,2025,12,2025-12-23,آنچه تقدیم می‌گردد #گزارش‌کارخیر در آذرماه ۱۴۰۴ است؛ روال #کارخیر این است که در پایان هر ماه #گزارش عملکرد را به محضر کاربران محترم ارائه کند چراکه بخش قابل‌توجهی از مبالغی که در این مسیر به مصرف رسیده از واریزهای کاربران محترم در قالب واریزهای ثابت یا شرکت در فراخوان‌ها تأمین,"What is being presented is the report of Karkhair in December 1404; Karkhair's routine is to submit a performance report to respected users at the end of every month, because a significant part of the money spent in this way comes from the deposits of respected users in the form of fixed deposits or participation in fund calls."
2004639884582248480,ahangevafa,2025-12-26 21:46:07.549,"نوشته بودم زانوی پدری که نگهبان یک ساختمان است، نیازمند عملی‌ست که حدود ۱۰۰ میلیون‌تومان هزینه‌ی تجهیزات و جراحی آن است كه چون این عدد تامین شد، توییت را برداشتم.
ارادت

#کارخیر",0,0,0,https://x.com/m_bayatzanjani/status/2004639884582248480,2025,12,2025-12-26,"نوشته بودم زانوی پدری که نگهبان یک ساختمان است، نیازمند عملی‌ست که حدود ۱۰۰ میلیون‌تومان هزینه‌ی تجهیزات و جراحی آن است كه چون این عدد تامین شد، توییت را برداشتم.
ارادت

#کارخیر","I had written that the knee of a father, who is the guard of a building, needs an operation that costs about 100 million tomans for equipment and surgery, and when this number was provided, I removed the tweet.
devotion

#Good work"
2004119075346436388,ahangevafa,2025-12-25 11:16:36.951,ریدم تو اون زندگی که وازلین بخواد از این رو به اون روش بکنه.,0,0,0,https://x.com/ahangevafa/status/2004119075346436388,2025,12,2025-12-25,ریدم تو اون زندگی که وازلین بخواد از این رو به اون روش بکنه.,Ridham in that life that Vaseline wants to do from this to that way.
2003887383713104172,ahangevafa,2025-12-24 19:55:57.361,چه همه‌اشون هم عروسکی کردن آواتارهاشون رو، عروسکی کی بودین کصافطا؟,0,0,0,https://x.com/ahangevafa/status/2003887383713104172,2025,12,2025-12-24,چه همه‌اشون هم عروسکی کردن آواتارهاشون رو، عروسکی کی بودین کصافطا؟,"All of them make their avatars into dolls, who were you?"
2003714869837857051,ahangevafa,2025-12-24 08:30:26.848,"دو درصد مالیات بر ارزش افزوده رو بردن بالا، مالیات بر ارزش افزوده رو نهایتا مصرف‌کننده پرداخت میکنه، یعنی من و تو، یعنی حتی اون کارمند و کارگری که حقوق میگیره. یعنی اکثریت قریب‌ به اتفاق مردم فارغ از هر نوع درآمدی. 
در وضعیت اقتصادی خراب به جای اینه که به داد مردم کم‌درآمد برسید؟",0,0,0,https://x.com/ahangevafa/status/2003714869837857051,2025,12,2025-12-24,"دو درصد مالیات بر ارزش افزوده رو بردن بالا، مالیات بر ارزش افزوده رو نهایتا مصرف‌کننده پرداخت میکنه، یعنی من و تو، یعنی حتی اون کارمند و کارگری که حقوق میگیره. یعنی اکثریت قریب‌ به اتفاق مردم فارغ از هر نوع درآمدی. 
در وضعیت اقتصادی خراب به جای اینه که به داد مردم کم‌درآمد برسید؟","Raising the value-added tax to two percent, the consumer will pay the value-added tax, that is, you and me, that is, even the employee and the worker who receives a salary. It means the vast majority of people regardless of their income. 
In a bad economic situation, instead of reaching out to low-income people?"
2003066641433944561,ahangevafa,2025-12-22 13:34:37.153,یک میلیارد و دویست و یک بار ریدم فرق سر هرکی از جلوی در خونه‌ات رد شد. بکنش یک میلیارد و دویست و دو,0,0,0,https://x.com/Abbas3qr/status/2003066641433944561,2025,12,2025-12-22,یک میلیارد و دویست و یک بار ریدم فرق سر هرکی از جلوی در خونه‌ات رد شد. بکنش یک میلیارد و دویست و دو,"A billion, two hundred and one times, I was different from everyone who passed through your front door. Make one billion two hundred and two"
2002918367309812040,ahangevafa,2025-12-22 03:45:25.847,اوج مرگ و میر روزانه کرونا (تا روزانه ۷۰۰ نفر) چند هفته بعد از این عربده‌کشی‌ها اتفاق افتاد!,0,0,0,https://x.com/Sari_pishik/status/2002918367309812040,2025,12,2025-12-22,اوج مرگ و میر روزانه کرونا (تا روزانه ۷۰۰ نفر) چند هفته بعد از این عربده‌کشی‌ها اتفاق افتاد!,The peak of daily Corona deaths (up to 700 people per day) happened a few weeks after these massacres!
2002751443288371709,ahangevafa,2025-12-21 16:42:08.059,شما شاید ندونید ولی تو توییتر فارسی حتی سوتین هم سیاسیه.‌,0,0,0,https://x.com/ahangevafa/status/2002751443288371709,2025,12,2025-12-21,شما شاید ندونید ولی تو توییتر فارسی حتی سوتین هم سیاسیه.‌,"You may not know, but on Persian Twitter, even bras are political"
2002751001959280972,ahangevafa,2025-12-21 16:40:22.838,تو اینستا دیدم دارن با کافه با تم مجاهدین شوخی میکنن، با اینکه اعتقاد دارم با هرچیزی میشه شوخی کرد ولی این یکی تو کتم نرفت، عادی سازی مجاهدین برا نسلی که جنایات اینا رو ندیدن رو برنمیتابم.,0,0,0,https://x.com/ahangevafa/status/2002751001959280972,2025,12,2025-12-21,تو اینستا دیدم دارن با کافه با تم مجاهدین شوخی میکنن، با اینکه اعتقاد دارم با هرچیزی میشه شوخی کرد ولی این یکی تو کتم نرفت، عادی سازی مجاهدین برا نسلی که جنایات اینا رو ندیدن رو برنمیتابم.,"I saw on this site that they are joking about the Mojahedin theme at the cafe, although I believe that you can joke with anything, but this one did not go down well."
2002737632389013975,ahangevafa,2025-12-21 15:47:15.284,تایملاین عجیب غریبی دارم، هادی که موسی ازش رد شده به هادی که عاشق شده و به درخت تکیه داده منشن میده‌,0,0,0,https://x.com/ahangevafa/status/2002737632389013975,2025,12,2025-12-21,تایملاین عجیب غریبی دارم، هادی که موسی ازش رد شده به هادی که عاشق شده و به درخت تکیه داده منشن میده‌,"I have a strange timeline, Hadi, who was passed by Musa, mentions Hadi who fell in love and leaned against the tree."
2002543534893903897,ahangevafa,2025-12-21 02:55:58.835,اینا رو ولش کن ۵۰ میلیون دوز واکسنت هنوز نپخته؟,0,0,0,https://x.com/ahangevafa/status/2002543534893903897,2025,12,2025-12-21,اینا رو ولش کن ۵۰ میلیون دوز واکسنت هنوز نپخته؟,Leave it alone. Is your 50 million dose of vaccine not ready yet?
2002541066013278592,ahangevafa,2025-12-21 02:46:10.208,یک میلیارد و دویست بار ریدم فرق سر هرکی از جلوی در خونه‌ات رد شد. بکنش یک میلیارد و دویست و یک,0,0,0,https://x.com/ahangevafa/status/2002541066013278592,2025,12,2025-12-21,یک میلیارد و دویست بار ریدم فرق سر هرکی از جلوی در خونه‌ات رد شد. بکنش یک میلیارد و دویست و یک,"I read it a billion and two hundred times, no matter who passed through the front door of your house. Make one billion two hundred and one"
2002244348310601792,ahangevafa,2025-12-20 07:07:07.195,برگ سبزیست تحفه درویش. درویش چرا باید گل بکشه؟,0,0,0,https://x.com/ahangevafa/status/2002244348310601792,2025,12,2025-12-20,برگ سبزیست تحفه درویش. درویش چرا باید گل بکشه؟,Green leaf is a gift of Dervish. Why should a dervish shoot flowers?
2001691361003868314,ahangevafa,2025-12-18 18:29:44.747,یه کارفرما داشتم پول همکارم رو خیلی سال پیش خورده بود، اومده پیش ما برا یه طرح دیگه، همکارم گفت قبول کن پول منم زنده کن، هیچی دیگه پول منم خورد. هشتگ داستانهای شرکت کسخولستان کویر ایرانیان,0,0,0,https://x.com/ahangevafa/status/2001691361003868314,2025,12,2025-12-18,یه کارفرما داشتم پول همکارم رو خیلی سال پیش خورده بود، اومده پیش ما برا یه طرح دیگه، همکارم گفت قبول کن پول منم زنده کن، هیچی دیگه پول منم خورد. هشتگ داستانهای شرکت کسخولستان کویر ایرانیان,"I had an employer who stole my colleague's money many years ago, he came to us for another project, my colleague said to accept my money, nothing else took my money. Hashtag stories of Kaskholistan Kavir Iranian company"
2001689923955654925,ahangevafa,2025-12-18 18:24:02.128,ر یادش رفته بذاره، سلام شما از فردا دیگ نیارین سرکار.,0,0,0,https://x.com/ahangevafa/status/2001689923955654925,2025,12,2025-12-18,ر یادش رفته بذاره، سلام شما از فردا دیگ نیارین سرکار.,"He forgot to leave it. Hi, don't come to work from tomorrow."
2001689204582158612,ahangevafa,2025-12-18 18:21:10.616,باحجاب‌ترین شهر ایران تهرانه، دریغ از یه قطره بارون.‌,0,0,0,https://x.com/ahangevafa/status/2001689204582158612,2025,12,2025-12-18,باحجاب‌ترین شهر ایران تهرانه، دریغ از یه قطره بارون.‌,"Tehran is the most veiled city in Iran, except for a single drop of rain"
2001310456946811003,ahangevafa,2025-12-17 17:16:10.143,بعد سایت دفتر رهبری رو مجبور کردن عکس شهیده بدون حجاب رو برداره. حتی خودشون هم نمیدونن کجا به نفعشونه کجا به نفعشون نیست.,0,0,0,https://x.com/ahangevafa/status/2001310456946811003,2025,12,2025-12-17,بعد سایت دفتر رهبری رو مجبور کردن عکس شهیده بدون حجاب رو برداره. حتی خودشون هم نمیدونن کجا به نفعشونه کجا به نفعشون نیست.,"Then, forcing the website of the leadership office to remove the picture of Shahideh without hijab. Even they themselves do not know where it is in their favor and where it is not in their favor."
2001282279008846090,ahangevafa,2025-12-17 15:24:11.999,از این حسابم پول میزنم به اون حسابم اس‌ام‌اس واریز میاد ذوق میکنم، دوباره...,0,0,0,https://x.com/ahangevafa/status/2001282279008846090,2025,12,2025-12-17,از این حسابم پول میزنم به اون حسابم اس‌ام‌اس واریز میاد ذوق میکنم، دوباره...,"I make money from this account, SMS is deposited into that account, I enjoy it, again..."
2001279551629078562,ahangevafa,2025-12-17 15:13:21.741,ریدم فرق سر ایلام ماسک، توییترش، ایکسش، ایگرگش، دایرکتش، چتش، ریدم فرق سر همه کس و کار و دار و ندارش. مادر صلواتی پدرخیمه‌دار.,0,0,0,https://x.com/ahangevafa/status/2001279551629078562,2025,12,2025-12-17,ریدم فرق سر ایلام ماسک، توییترش، ایکسش، ایگرگش، دایرکتش، چتش، ریدم فرق سر همه کس و کار و دار و ندارش. مادر صلواتی پدرخیمه‌دار.,"Ridham is different from Ilam Mask, his Twitter, his X, his Igrgs, his direct, his chat, his Ridham is different from everyone, regardless of whether he has or has not. Salvati's mother Pedrakhimedar."
2000804962516033771,ahangevafa,2025-12-16 07:47:30.879,تو ایران جایی نیست اسپرم اهدا کنم؟ شاید آیکیوی خاصی نداشته باشم، شاید زیبا نباشم، شاید گه خاصی نباشم ولی پوست کرگدن دارم، اون کسخلی هم که تو ایران به زور میخواد بچه بیاره باید دنبال بچه پوست کلفت باشه.,0,0,0,https://x.com/ahangevafa/status/2000804962516033771,2025,12,2025-12-16,تو ایران جایی نیست اسپرم اهدا کنم؟ شاید آیکیوی خاصی نداشته باشم، شاید زیبا نباشم، شاید گه خاصی نباشم ولی پوست کرگدن دارم، اون کسخلی هم که تو ایران به زور میخواد بچه بیاره باید دنبال بچه پوست کلفت باشه.,"Is there no place to donate sperm in Iran? Maybe I don't have a special IQ, maybe I'm not beautiful, maybe I'm not special, but I have the skin of a rhinoceros, the person who wants to have a child by force in Iran should look for a child with thick skin."
2000799707539612128,ahangevafa,2025-12-16 07:26:37.995,"سیبیل داشتن دلیل بر پدر بودن نیست
عکس تزیینی است",0,0,0,https://x.com/ahangevafa/status/2000799707539612128,2025,12,2025-12-16,"سیبیل داشتن دلیل بر پدر بودن نیست
عکس تزیینی است","Having a sibyl is not a proof of being a father
The photo is decorative"
2000648868959232342,ahangevafa,2025-12-15 21:27:15.275,"محسن بیات‌زنجانی سال‌هاست با شفافیت کامل زندانیان جرایم غیرعمد را آزاد کرده و کانون خانواده‌ها را دوباره گرم می‌کند‌و همه این‌ها با حمایت کاربران فضای مجازی انجام می‌شود.
در همین روزها که عده‌ا ی انواع و اقسام حملات را به آقا محسن و کار خیر می‌کنند، ستاد دیه گزارش داده با حدود",0,0,0,https://x.com/kheyzaran/status/2000648868959232342,2025,12,2025-12-15,"محسن بیات‌زنجانی سال‌هاست با شفافیت کامل زندانیان جرایم غیرعمد را آزاد کرده و کانون خانواده‌ها را دوباره گرم می‌کند‌و همه این‌ها با حمایت کاربران فضای مجازی انجام می‌شود.
در همین روزها که عده‌ا ی انواع و اقسام حملات را به آقا محسن و کار خیر می‌کنند، ستاد دیه گزارش داده با حدود","For many years, Mohsen Bayatzanjani has been releasing the prisoners of non-intentional crimes with full transparency and rewarming the heart of families, and all this is done with the support of cyberspace users.
In these days when some people are carrying out all kinds of attacks on Agha Mohsen and Kar Khair, the headquarters of Dayeh reported with about"
2000482760931360798,ahangevafa,2025-12-15 10:27:12.035,میگن میخوان کشتار یهودیان استرالیا رو بندازن گردن ایران تا بهانه حمله به ایران داشته باشن ترامپ هم بیاد کمکشون تو حمله. مگه سری قبل بهانه داشتن؟ مگه سری قبل ترامپ بدون بهانه نیومد کمکشون؟ مگه سری قبل وسط مذاکره حمله نکردن؟ این دیوثای مادر صلواتی پدر صابون‌کش بهونه لازم دارن؟,0,0,0,https://x.com/ahangevafa/status/2000482760931360798,2025,12,2025-12-15,میگن میخوان کشتار یهودیان استرالیا رو بندازن گردن ایران تا بهانه حمله به ایران داشته باشن ترامپ هم بیاد کمکشون تو حمله. مگه سری قبل بهانه داشتن؟ مگه سری قبل ترامپ بدون بهانه نیومد کمکشون؟ مگه سری قبل وسط مذاکره حمله نکردن؟ این دیوثای مادر صلواتی پدر صابون‌کش بهونه لازم دارن؟,"They say they want to blame the killing of Australian Jews on Iran so that they have an excuse to attack Iran and Trump will help them in the attack. Do they have an excuse before? Didn't Trump come to their aid without an excuse in the previous series? Didn't they attack in the middle of the negotiation? Do these idolaters of the mother of Salvat, the father of the soap dispenser, need an excuse?"
1999248554611618222,ahangevafa,2025-12-12 00:42:54.318,چرا هنوز فیلمها رو با ai دوبله نمیکنن که با صدای خود هنرپیشه اصلی ولی به زبان دیگه ببینیم؟,0,0,0,https://x.com/ahangevafa/status/1999248554611618222,2025,12,2025-12-12,چرا هنوز فیلمها رو با ai دوبله نمیکنن که با صدای خود هنرپیشه اصلی ولی به زبان دیگه ببینیم؟,Why aren't they dubbing the movies with ai so that we can see the main actor's voice but in another language?
1999171834223235455,ahangevafa,2025-12-11 19:38:02.752,"من که ما ما می‌کنم برات
#آب_خارج",0,0,0,https://x.com/AbridgedEdition/status/1999171834223235455,2025,12,2025-12-11,"من که ما ما می‌کنم برات
#آب_خارج","I will do it for you
#water_outside"
1999105828024918296,ahangevafa,2025-12-11 15:15:45.648,خانم طالب دارستانی بیماری زمینه‌ای داشته.,0,0,0,https://x.com/ahangevafa/status/1999105828024918296,2025,12,2025-12-11,خانم طالب دارستانی بیماری زمینه‌ای داشته.,Mrs. Taleb Darestani had an underlying disease.
1998657486732022159,ahangevafa,2025-12-10 09:34:12.754,ریدم فرق سر چین و فیلترینگ چین.,0,0,0,https://x.com/ahangevafa/status/1998657486732022159,2025,12,2025-12-10,ریدم فرق سر چین و فیلترینگ چین.,The difference between China head and China filtering.
1998412791854875029,ahangevafa,2025-12-09 17:21:52.949,آندریاس طالبی دارستانی؛ یا اگر مهری فوتبالیست بود.,0,0,0,https://x.com/AbridgedEdition/status/1998412791854875029,2025,12,2025-12-09,آندریاس طالبی دارستانی؛ یا اگر مهری فوتبالیست بود.,Andreas Talebi Darestani; Or if Mehri was a footballer.
1998336688284725384,ahangevafa,2025-12-09 12:19:28.444,خوبه بازجویی تو قوه قضاییه بوده (بگذریم که دادیار خواستدش و لفظ بازجویی هم زیاده برا این رویه) اگه دعوتش میکردن خونه امن چی؟ اگه شبونه میریختن تو خونه‌اش با چشم‌بند میبردنش چی؟ ده تا سکته همزمان میزد؟ یاد زندان رفتن عباسی افتادم، چرا شماها همه‌چیتون اداس؟,0,0,0,https://x.com/ahangevafa/status/1998336688284725384,2025,12,2025-12-09,خوبه بازجویی تو قوه قضاییه بوده (بگذریم که دادیار خواستدش و لفظ بازجویی هم زیاده برا این رویه) اگه دعوتش میکردن خونه امن چی؟ اگه شبونه میریختن تو خونه‌اش با چشم‌بند میبردنش چی؟ ده تا سکته همزمان میزد؟ یاد زندان رفتن عباسی افتادم، چرا شماها همه‌چیتون اداس؟,"Well, the interrogation was done by the judiciary (let's say that the prosecutor asked for it and the word interrogation is too much for this procedure), what if they invited him to a safe house? What if they take him blindfolded to his house at night? Ten strokes at the same time? I remembered Abbasi going to prison, why are you all sad?"
1998133219368357898,ahangevafa,2025-12-08 22:50:57.674,صدای بارون میاد، بسی جذابه لامصب.,0,0,0,https://x.com/ahangevafa/status/1998133219368357898,2025,12,2025-12-08,صدای بارون میاد، بسی جذابه لامصب.,"The sound of rain is coming, it is very attractive."
1998064165580071330,ahangevafa,2025-12-08 18:16:33.968,"در یک هفته گذشته سیگاری که میکشم ۲۵ تومن گرونتر شده، از ۷۵ رسیده به ۱۰۰، مگه دلار ۳۰ درصد گرون شده؟ 
قبل جنگ همین سیگار ۵۵ تومن بود.",0,0,0,https://x.com/ahangevafa/status/1998064165580071330,2025,12,2025-12-08,"در یک هفته گذشته سیگاری که میکشم ۲۵ تومن گرونتر شده، از ۷۵ رسیده به ۱۰۰، مگه دلار ۳۰ درصد گرون شده؟ 
قبل جنگ همین سیگار ۵۵ تومن بود.","In the past week, the cigarette I smoke has become more expensive by 25 tomans, from 75 to 100. Has the dollar become more expensive by 30%? 
Before the war, the same cigar was 55 tomans."
1998056649236390006,ahangevafa,2025-12-08 17:46:41.932,"بسم‌الله الرحمن الرحیم 
من خودم سگ دارم.
در ادامه باید بگم در جاهایی که مواد غذایی باز عرضه میشه مساله ریزش مو خیلی مهمه، سگهای ما دهها برابر بیشتر از ما مو دارن و ریزش دارن.
از اون گذشته بار روانی مساله است، نمیدونم سگم از آقای قصاب تمیزتره یا نه ولی بار روانی و تصور جامعه مهمه.",0,0,0,https://x.com/ahangevafa/status/1998056649236390006,2025,12,2025-12-08,"بسم‌الله الرحمن الرحیم 
من خودم سگ دارم.
در ادامه باید بگم در جاهایی که مواد غذایی باز عرضه میشه مساله ریزش مو خیلی مهمه، سگهای ما دهها برابر بیشتر از ما مو دارن و ریزش دارن.
از اون گذشته بار روانی مساله است، نمیدونم سگم از آقای قصاب تمیزتره یا نه ولی بار روانی و تصور جامعه مهمه.","In the name of Allah, the Merciful, the Merciful 
I have a dog myself.
Next, I must say that hair loss is very important in places where food is sold, our dogs have dozens of times more hair than us and they fall out.
After that, the psychological burden is the problem, I don't know if my dog ​​is cleaner than Mr. Kasab, but the psychological burden and society's perception are important."
1998060107364454425,ahangevafa,2025-12-08 18:00:26.414,"در ادامه لطفاً قصابهای محترم از دادن غذا به گربه‌ها خودداری کنن، گذشته از اینکه غذا دادن به حیوانات خیابانی اشتباهه گربه‌ها میتونن وارد مغازه بشن و بقیه ماجرا. 

میدونم الان فحشه که میدید، به کتفم.",0,0,0,https://x.com/ahangevafa/status/1998060107364454425,2025,12,2025-12-08,"در ادامه لطفاً قصابهای محترم از دادن غذا به گربه‌ها خودداری کنن، گذشته از اینکه غذا دادن به حیوانات خیابانی اشتباهه گربه‌ها میتونن وارد مغازه بشن و بقیه ماجرا. 

میدونم الان فحشه که میدید، به کتفم.","In the following, please respectable butchers refrain from feeding cats, apart from the fact that feeding street animals is wrong, cats can enter the shop and the rest of the story. 

I know that you are seeing the obscenity now, on my shoulder."
1998061122226995345,ahangevafa,2025-12-08 18:04:28.376,از این گذشته در محیطهای کوچیک برخورد سگ ما با آدما نزدیکت‌تره، اونایی که فوبیا دارن یا از سگ میترسن در محیطهای کوچیکتر مثل مغازه ترسشون بیشتر میشه. حالا هر مغازه‌ای سگمون رو نبریم طوری میشه؟,0,0,0,https://x.com/ahangevafa/status/1998061122226995345,2025,12,2025-12-08,از این گذشته در محیطهای کوچیک برخورد سگ ما با آدما نزدیکت‌تره، اونایی که فوبیا دارن یا از سگ میترسن در محیطهای کوچیکتر مثل مغازه ترسشون بیشتر میشه. حالا هر مغازه‌ای سگمون رو نبریم طوری میشه؟,"After all, in small environments, our dog interacts with people closer to you, those who have phobias or are afraid of dogs are more afraid in smaller environments like shops. Now we don't take our dog to any shop, will it be like that?"
1997908506213556601,ahangevafa,2025-12-08 07:58:01.883,بجز فره و هاتف و احتمالا سعد کی دیگه اینجا دشمن کوه و کوهپیماییه؟,0,0,0,https://x.com/Ha_di_new/status/1997908506213556601,2025,12,2025-12-08,بجز فره و هاتف و احتمالا سعد کی دیگه اینجا دشمن کوه و کوهپیماییه؟,"Besides Farah and Hatef and probably Saad, who else is the enemy of mountains and mountaineering?"
1997607081457733969,ahangevafa,2025-12-07 12:00:16.621,"هی 
@grok
 بدون خندیدن به شاهزاده بگو ۱۶ آذر چه روزیه.",0,0,0,https://x.com/ahangevafa/status/1997607081457733969,2025,12,2025-12-07,"هی 
@grok
 بدون خندیدن به شاهزاده بگو ۱۶ آذر چه روزیه.","hey 
@grok
 Tell the prince what day 16 Azar is without laughing."
1997317910642172217,ahangevafa,2025-12-06 16:51:12.926,شروین مجوز نگیره چیکار کنه؟ بیاد بشه مرزک میرزایی؟,0,0,0,https://x.com/ahangevafa/status/1997317910642172217,2025,12,2025-12-06,شروین مجوز نگیره چیکار کنه؟ بیاد بشه مرزک میرزایی؟,What will Shervin do if he doesn't get permission? Do you remember Mirzak Mirzai?
1996706160981037340,ahangevafa,2025-12-05 00:20:20.441,"میشه خواهش کنم یک شب بیای منزل ما؟
حل کنی تو این مشکل ما؟
ای دلبر خوشگل ما
آخه دردت به جان ما شد لامصب
روح و روان ما شد لامصب 
در ضمن لازمه یادآوری کنم من اگر چه پیرم و ناتوان 
تو ز آستان خودم مران
که گذشت در غمت ای جوان همه روزگار جوانی‌ام. بله دایی. یکم انسان باش.",0,0,0,https://x.com/ahangevafa/status/1996706160981037340,2025,12,2025-12-05,"میشه خواهش کنم یک شب بیای منزل ما؟
حل کنی تو این مشکل ما؟
ای دلبر خوشگل ما
آخه دردت به جان ما شد لامصب
روح و روان ما شد لامصب 
در ضمن لازمه یادآوری کنم من اگر چه پیرم و ناتوان 
تو ز آستان خودم مران
که گذشت در غمت ای جوان همه روزگار جوانی‌ام. بله دایی. یکم انسان باش.","Can you please come to our house for one night?
Can you solve our problem?
O our beautiful sweetheart
Your pain has cost us our lives
Our soul and spirit became Lamsab 
At the same time, I must remind you that I am old and infirm 
You are on my doorstep
that passed in the sadness of my youth, all the days of my youth. yes uncle Be human first."
1996481650864410666,ahangevafa,2025-12-04 09:28:13.058,دیشب تا صبح خواب جنگ با آمریکا میدیدم، با جزییات فراوان. نمیدونم چه گناهی در حق خدا کردیم که این وضعیت روح و روان ماست در شروع ۴۳ سالگی.,0,0,0,https://x.com/ahangevafa/status/1996481650864410666,2025,12,2025-12-04,دیشب تا صبح خواب جنگ با آمریکا میدیدم، با جزییات فراوان. نمیدونم چه گناهی در حق خدا کردیم که این وضعیت روح و روان ماست در شروع ۴۳ سالگی.,"Last night until morning I dreamed of a war with America, with many details. I don't know what sin we have committed against God that this is the state of our soul and spirit at the beginning of 43 years."
1996321402295607589,ahangevafa,2025-12-03 22:51:26.822,تنها ویژگی ما سهراب سپهری ها ,0,0,0,https://x.com/hamed__p/status/1996321402295607589,2025,12,2025-12-03,تنها ویژگی ما سهراب سپهری ها ,Our only feature is Sohrab Sepehri
1996305310676299973,ahangevafa,2025-12-03 21:47:30.281,چه ایده عالی‌ای، اگه داماد خونه نداشته باشه چی؟ پدرش به نام بزنه؟ پدر نداشته باشه چی؟ پدر چهارتا پسر داشته باشه باید دو تا خونه داشته باشه؟ بعد پدر برا دخترا هیچی نذاره؟,0,0,0,https://x.com/ahangevafa/status/1996305310676299973,2025,12,2025-12-03,چه ایده عالی‌ای، اگه داماد خونه نداشته باشه چی؟ پدرش به نام بزنه؟ پدر نداشته باشه چی؟ پدر چهارتا پسر داشته باشه باید دو تا خونه داشته باشه؟ بعد پدر برا دخترا هیچی نذاره؟,"What a great idea, what if the groom doesn't have a home? Call his father? What if he doesn't have a father? If a father has four sons, should he have two houses? Then the father does not leave anything for the girls?"
1996190046123397622,ahangevafa,2025-12-03 14:09:29.070,کی بود اینجا سراغ بهداد ماهی رو از من میگرفت؟,0,0,0,https://x.com/ahangevafa/status/1996190046123397622,2025,12,2025-12-03,کی بود اینجا سراغ بهداد ماهی رو از من میگرفت؟,Who was here to ask for Behdad Mahi from me?
1996188634488455401,ahangevafa,2025-12-03 14:03:52.510,هستن جاهایی که مالیات ارزش‌افزوده ثبت‌نام نکردن ولی میگیرن، هستن جاهایی که کارت به کارت میکنن یا از کارتخوان متفرقه استفاده میکنن ولی مالیات ارزش افزوده میگیرن. ماها هم باهاشون همکاری میکنیم چون این دولت دزده و مالیات ندادن افتخاره و ...,0,0,0,https://x.com/ahangevafa/status/1996188634488455401,2025,12,2025-12-03,هستن جاهایی که مالیات ارزش‌افزوده ثبت‌نام نکردن ولی میگیرن، هستن جاهایی که کارت به کارت میکنن یا از کارتخوان متفرقه استفاده میکنن ولی مالیات ارزش افزوده میگیرن. ماها هم باهاشون همکاری میکنیم چون این دولت دزده و مالیات ندادن افتخاره و ...,"There are places that don't register for value added tax but charge it, there are places that use card to card or use different card readers but charge value added tax. We also cooperate with them because this government is a thief and it is an honor not to pay taxes and..."
1995877873488724047,ahangevafa,2025-12-02 17:29:01.314,"مدتی قبل به دعوت خانه‌ی اندیشوران در یکی از نشست‌ها با عنوان آینده‌ی دین‌داری به گپ‌وگفت نشستیم و در این نشست کمی هم تجربیات #کارخیر با دوستان به اشتراک گذاشته شد.
این صحبت‌ها بخشی از آن جلسه است….",0,0,0,https://x.com/m_bayatzanjani/status/1995877873488724047,2025,12,2025-12-02,"مدتی قبل به دعوت خانه‌ی اندیشوران در یکی از نشست‌ها با عنوان آینده‌ی دین‌داری به گپ‌وگفت نشستیم و در این نشست کمی هم تجربیات #کارخیر با دوستان به اشتراک گذاشته شد.
این صحبت‌ها بخشی از آن جلسه است….","Some time ago, at the invitation of the House of Thinkers, we sat down to chat in one of the meetings titled ""The Future of Religion"" and in this meeting some of the experiences of #Kharkhir were shared with friends.
These talks are part of that meeting."
1995503001637703851,ahangevafa,2025-12-01 16:39:24.900,در مقابل اونایی که میگفتن موشکهای اسراییل آخوندکش و سپاهی‌کشه همین انتشار تصاویر شهدای بیحجاب بود که متاسفانه عقل نداشتید اونم حذف کردید. عقل ندارید ولی وقتی کارتون گیر میافته مردم مردم میکنید، حیف این مردم خیلی نجیبند.,0,0,0,https://x.com/ahangevafa/status/1995503001637703851,2025,12,2025-12-01,در مقابل اونایی که میگفتن موشکهای اسراییل آخوندکش و سپاهی‌کشه همین انتشار تصاویر شهدای بیحجاب بود که متاسفانه عقل نداشتید اونم حذف کردید. عقل ندارید ولی وقتی کارتون گیر میافته مردم مردم میکنید، حیف این مردم خیلی نجیبند.,"In contrast to those who said that Israel's Makhundkash and Sepahikhesh missiles were the same as publishing the pictures of the veiled martyrs, which, unfortunately, you had no sense to delete. You don't have any sense, but when your cartoon gets caught, people will hate you, it's a pity that these people are very noble."
1995058371909816732,ahangevafa,2025-11-30 11:12:36.912,فکر کنم آمار بیکاری به کمترین حد خودش در این ۴۷ سال رسیده باشه، تابستون کلی آدم سر واردات و فروش موتوربرق مشغول به کار شدن الان کلی آدم سر فروش و نصب منبع آب و تصفیه هوا.,0,0,0,https://x.com/ahangevafa/status/1995058371909816732,2025,11,2025-11-30,فکر کنم آمار بیکاری به کمترین حد خودش در این ۴۷ سال رسیده باشه، تابستون کلی آدم سر واردات و فروش موتوربرق مشغول به کار شدن الان کلی آدم سر فروش و نصب منبع آب و تصفیه هوا.,"I think the unemployment rate has reached its lowest level in these 47 years. In the summer, all the people involved in importing and selling electric motors are working now, all the people are working in sales and installing water supply and air purification."
1995057432905867556,ahangevafa,2025-11-30 11:08:53.036,هرچی فکر میکنم پارتی پوشش بوده برا تولید. آخه ۳۸ لیتر؟ مگه چند نفر بودین؟ ۱۲۰ نفر؟,0,0,0,https://x.com/ahangevafa/status/1995057432905867556,2025,11,2025-11-30,هرچی فکر میکنم پارتی پوشش بوده برا تولید. آخه ۳۸ لیتر؟ مگه چند نفر بودین؟ ۱۲۰ نفر؟,"Whatever I think, the party was a cover for the production. 38 liters? How many people were you? 120 people?"
1995049403535769692,ahangevafa,2025-11-30 10:36:58.685,"تو کز مکارم اخلاق عالمی دگری
حرام حق من از خاطرت به در نرود",0,0,0,https://x.com/ahangevafa/status/1995049403535769692,2025,11,2025-11-30,"تو کز مکارم اخلاق عالمی دگری
حرام حق من از خاطرت به در نرود","You have a different worldly attitude
Don't forget my forbidden right"
1995015325969256481,ahangevafa,2025-11-30 08:21:33.960,تمام اینستاگرام دارن کندانسور و دیگ و کشمش می‌فروشن، تولید کننده تا شیلنگ مخصوص برا صاف کردن و دبه مدرج هم تولید کرده میفروشه بعد تو حمله کردی تو یه خونه ۳۸ لیتر عرق گرفتی ذوق کردی؟ پروژه گرفتین حماقتتون رو داد بزنین؟ صدای این ساز فردا در میاد.,0,0,0,https://x.com/ahangevafa/status/1995015325969256481,2025,11,2025-11-30,تمام اینستاگرام دارن کندانسور و دیگ و کشمش می‌فروشن، تولید کننده تا شیلنگ مخصوص برا صاف کردن و دبه مدرج هم تولید کرده میفروشه بعد تو حمله کردی تو یه خونه ۳۸ لیتر عرق گرفتی ذوق کردی؟ پروژه گرفتین حماقتتون رو داد بزنین؟ صدای این ساز فردا در میاد.,"All of Instagram is selling condensers, boilers, and raisins. The manufacturer even produces and sells special hoses for straightening and graduated boilers. Then you attacked, you got 38 liters of sweat in a house, did you like it? Did you get a project to shout your stupidity? The sound of this instrument will be heard tomorrow."
1993697846898409754,ahangevafa,2025-11-26 17:06:22.472,یه اسکرین از سیاه بودن خطتتون داشته باشید این دیوثا یوقت خطمون سفید میکنن زیاد گیر ندیم بهشون.,0,0,0,https://x.com/ahangevafa/status/1993697846898409754,2025,11,2025-11-26,یه اسکرین از سیاه بودن خطتتون داشته باشید این دیوثا یوقت خطمون سفید میکنن زیاد گیر ندیم بهشون.,"Have a screenshot of your line being black, don't get caught by these idiots when they whiten our line."
1993538052463939765,ahangevafa,2025-11-26 06:31:24.510,پنج‌ماه یه بار یه نفر ما رو فالو میکنه، اینسری از شانس تخمی ما یه خط سفید فالو کرد :/,0,0,0,https://x.com/ahangevafa/status/1993538052463939765,2025,11,2025-11-26,پنج‌ماه یه بار یه نفر ما رو فالو میکنه، اینسری از شانس تخمی ما یه خط سفید فالو کرد :/,"Every five months, someone follows us."
1993242221253128686,ahangevafa,2025-11-25 10:55:52.853,"نصیحتی کنمت یادگیر و در عمل آر
که این حدیث ز پیر طریقتم یاد است
مجو سفیدی خط از علی‌اکبر سست‌نهاد
که این عجوزه عروس هزار داماد است",0,0,0,https://x.com/ahangevafa/status/1993242221253128686,2025,11,2025-11-25,"نصیحتی کنمت یادگیر و در عمل آر
که این حدیث ز پیر طریقتم یاد است
مجو سفیدی خط از علی‌اکبر سست‌نهاد
که این عجوزه عروس هزار داماد است","I will give you some advice, learn and practice
This hadith is remembered by Pir Tariqtam
Mojo Sefidi Khat by Ali Akbar Saset Nahad
that this bride is the bride of a thousand grooms"
1993222143774277772,ahangevafa,2025-11-25 09:36:06.009,میدونستی با خط سفید کتگوری مورد علاقه‌ات تو سایتهای سه ایکس لارج رو اونا هم میدونن؟,0,0,0,https://x.com/ahangevafa/status/1993222143774277772,2025,11,2025-11-25,میدونستی با خط سفید کتگوری مورد علاقه‌ات تو سایتهای سه ایکس لارج رو اونا هم میدونن؟,Did you know that they also know your favorite categories in three x large sites with white lines?
1993220928881541437,ahangevafa,2025-11-25 09:31:16.356,بنده تعهد میدم از این به بعد بدون فیلتر شکن مجانی وارد فجازی نشم و در اسرع وقت از مسئولین امر درخواست میکنم این فیلترشکن پولی من را پس بگیرن.,0,0,0,https://x.com/ahangevafa/status/1993220928881541437,2025,11,2025-11-25,بنده تعهد میدم از این به بعد بدون فیلتر شکن مجانی وارد فجازی نشم و در اسرع وقت از مسئولین امر درخواست میکنم این فیلترشکن پولی من را پس بگیرن.,"I pledge not to enter Fajazi without a free filter breaker from now on, and I request the authorities to take back my paid filter breaker as soon as possible."
1993217334409150704,ahangevafa,2025-11-25 09:16:59.367,تو جنگ بهتون خط سفید دادن که برا کی تولید محتوا کنید؟ مردم که اینترنتشون قطع بود. الان میان میگن برا مردم دنیا.,0,0,0,https://x.com/ahangevafa/status/1993217334409150704,2025,11,2025-11-25,تو جنگ بهتون خط سفید دادن که برا کی تولید محتوا کنید؟ مردم که اینترنتشون قطع بود. الان میان میگن برا مردم دنیا.,"In the war, they gave you a white line for whom to produce content? People whose internet was down. Now they say to the people of the world."
1993142446944141696,ahangevafa,2025-11-25 04:19:24.804,توییتری‌ها دو دسته‌ان، یا خط سفید دارن یا خط سفید بهشون تعارف شده و برنداشتن. یه دسته هم ما بدبخت بیچاره های عقب‌مونده امل از همه‌جا بیخبریم که تازه فهمیدیم خط سفید چی هست.,0,0,0,https://x.com/ahangevafa/status/1993142446944141696,2025,11,2025-11-25,توییتری‌ها دو دسته‌ان، یا خط سفید دارن یا خط سفید بهشون تعارف شده و برنداشتن. یه دسته هم ما بدبخت بیچاره های عقب‌مونده امل از همه‌جا بیخبریم که تازه فهمیدیم خط سفید چی هست.,"There are two types of tweeters, either they have a white line or they are offered a white line and don't take it. A bunch of us unfortunate backward Amal people from all over the world just found out what the white line is."
1992855144573345836,ahangevafa,2025-11-24 09:17:46.581,جالبترینش اینه که برا بعضی دایه‌های مهربانتر از مادر میزنه آلبانی. نکشیمون وطن‌پرست.,0,0,0,https://x.com/ahangevafa/status/1992855144573345836,2025,11,2025-11-24,جالبترینش اینه که برا بعضی دایه‌های مهربانتر از مادر میزنه آلبانی. نکشیمون وطن‌پرست.,"The most interesting thing is that for some nannies, Albania is more kind than mother. Nakshimon is a patriot."
1992849674022125784,ahangevafa,2025-11-24 08:56:02.300,که فیلمهای پورن ننه‌اش رو آپلود کنه؟ بله ضرورت شغلی است.,0,0,0,https://x.com/ahangevafa/status/1992849674022125784,2025,11,2025-11-24,که فیلمهای پورن ننه‌اش رو آپلود کنه؟ بله ضرورت شغلی است.,"To upload his grandmother's porn videos? Yes, it is a job requirement."
1992504378859864391,ahangevafa,2025-11-23 10:03:57.518,صبحی لب خیابون یه بنده‌خدایی اومد گفت آقا این شماره رو برام میگیری؟ گرفتم زنگ نخورده قطع شد، دوبار سه بار امتحان کردم همین بود، برگشتم به طرف گفتم آقا بلاکت کرده، گفت گوشی توئه که. دو ساعت داشتم به خودم و حماقتم می‌خندیدم :-.),0,0,0,https://x.com/ahangevafa/status/1992504378859864391,2025,11,2025-11-23,صبحی لب خیابون یه بنده‌خدایی اومد گفت آقا این شماره رو برام میگیری؟ گرفتم زنگ نخورده قطع شد، دوبار سه بار امتحان کردم همین بود، برگشتم به طرف گفتم آقا بلاکت کرده، گفت گوشی توئه که. دو ساعت داشتم به خودم و حماقتم می‌خندیدم :-.),"One morning, a servant came to the street and said, sir, will you take this number for me? I picked up the call and it was disconnected. I tried two or three times. That was it. I went back and said, ""Sir, he has blocked you."" He said it was your phone. I was laughing at myself and my stupidity for two hours :-)"
1992243531285434518,ahangevafa,2025-11-22 16:47:26.610,"آنچه به محضر شریفتان تقدیم می‌گردد، #گزارش‌کارخیر در آبان‌ماه ۱۴۰۴ است جایی که مانند ماه‌های گذشته، واریزهای ۲۰۰ هزارتومان و پایین‌تر، بیش از ۸۳ درصد از مجموع واریزها را به خود اختصاص داده‌اند.
در این ماه مجموعا ۴/۲۶۲/۶۵۵/۷۳۶ تومان در مسیر #کارخیر به مصرف رسیده که از این عدد،",0,0,0,https://x.com/m_bayatzanjani/status/1992243531285434518,2025,11,2025-11-22,"آنچه به محضر شریفتان تقدیم می‌گردد، #گزارش‌کارخیر در آبان‌ماه ۱۴۰۴ است جایی که مانند ماه‌های گذشته، واریزهای ۲۰۰ هزارتومان و پایین‌تر، بیش از ۸۳ درصد از مجموع واریزها را به خود اختصاص داده‌اند.
در این ماه مجموعا ۴/۲۶۲/۶۵۵/۷۳۶ تومان در مسیر #کارخیر به مصرف رسیده که از این عدد،","What is presented to your honor is the #Karkhair report in November 1404, where deposits of 200,000 tomans and below accounted for more than 83% of the total deposits, as in previous months.
In this month, a total of 4,262,655,736 tomans have been spent in the direction of #Karkhir, of which"
1992149525176402341,ahangevafa,2025-11-22 10:33:53.807,الیت مگه ونک به بالا نبود؟ پس چرا آتیش گرفت؟,0,0,0,https://x.com/ahangevafa/status/1992149525176402341,2025,11,2025-11-22,الیت مگه ونک به بالا نبود؟ پس چرا آتیش گرفت؟,Wasn't it elite? So why did it catch fire?
1991165225215701275,ahangevafa,2025-11-19 17:22:38.409,"اون جار زدن نیست، درخواست کمکه.
کسکشا حرف نزنید میگن لالید؟ جاکشا نظر ندید احساس میکنید چیزی کم میاد؟ قرمساقا منشن ندید میمیرید؟ ریدم فرق سر اون عمه‌ننه‌ای که گوشی داد دست تو.",0,0,0,https://x.com/ahangevafa/status/1991165225215701275,2025,11,2025-11-19,"اون جار زدن نیست، درخواست کمکه.
کسکشا حرف نزنید میگن لالید؟ جاکشا نظر ندید احساس میکنید چیزی کم میاد؟ قرمساقا منشن ندید میمیرید؟ ریدم فرق سر اون عمه‌ننه‌ای که گوشی داد دست تو.","It's not yelling, it's a request for help.
Don't talk, they say you are mute? Jaksha No comment Do you feel something is missing? Qramsaqa did not see the mention, are you dying? I felt different from that aunt who gave the phone to you."
1991025569237176331,ahangevafa,2025-11-19 08:07:41.829,برا دیت میرین جنگل؟ نمیگین گم میشه؟ حاج خانیم هارداسان؟ حاج خانیم هارداسان؟,0,0,0,https://x.com/ahangevafa/status/1991025569237176331,2025,11,2025-11-19,برا دیت میرین جنگل؟ نمیگین گم میشه؟ حاج خانیم هارداسان؟ حاج خانیم هارداسان؟,Are you going to see the forest? Don't you say it will get lost? Haj Khanim Hardasan? Haj Khanim Hardasan?
1990722460371591368,ahangevafa,2025-11-18 12:03:15.044,به نظرم حکومت و دولت دارن به تکرار میگن که فرایند غنی‌سازی آسیب دیده ولی اورانیومها هنوز سالمن. ترفندی که از حمله دوباره جلوگیری کنن ولی موضع ضعف هم نگیرن. یعنی تا حدی موفق شدید ولی کاملا نه اما نیازی نیست دوباره تلاش کنید. عاقلانه به نظر میرسه.,0,0,0,https://x.com/ahangevafa/status/1990722460371591368,2025,11,2025-11-18,به نظرم حکومت و دولت دارن به تکرار میگن که فرایند غنی‌سازی آسیب دیده ولی اورانیومها هنوز سالمن. ترفندی که از حمله دوباره جلوگیری کنن ولی موضع ضعف هم نگیرن. یعنی تا حدی موفق شدید ولی کاملا نه اما نیازی نیست دوباره تلاش کنید. عاقلانه به نظر میرسه.,"In my opinion, the government is repeatedly saying that the enrichment process is damaged, but the uranium is still healthy. A trick to prevent another attack but not to take a position of weakness. It means you succeeded to some extent but not completely, but you don't need to try again. It seems wise."
1990321852179464527,ahangevafa,2025-11-17 09:31:22.608,"غیر از این نکته که هاتف ز تو ناخشنود است
در سراپای وجودت هنری نیست که نیست
لوزر بدبخت.",0,0,0,https://x.com/ahangevafa/status/1990321852179464527,2025,11,2025-11-17,"غیر از این نکته که هاتف ز تو ناخشنود است
در سراپای وجودت هنری نیست که نیست
لوزر بدبخت.","Apart from the fact that Hatef is unhappy with you
There is no art in the end of your being
miserable loser"
1990043824681619728,ahangevafa,2025-11-16 15:06:35.687,می‌تپد دل در برم می‌سوزدم جان چون کنم,0,0,0,https://x.com/ahangevafa/status/1990043824681619728,2025,11,2025-11-16,می‌تپد دل در برم می‌سوزدم جان چون کنم,"My heart is pounding, I'm dying to know what to do"
1989676968137085158,ahangevafa,2025-11-15 14:48:50.271,"اسنپ بو دلمه برگ مو میده. وقتی یک زن [از لحاظ معنوی] زیبا راننده اسنپ میشه. 
#مهساطور",0,0,0,https://x.com/ahangevafa/status/1989676968137085158,2025,11,2025-11-15,"اسنپ بو دلمه برگ مو میده. وقتی یک زن [از لحاظ معنوی] زیبا راننده اسنپ میشه. 
#مهساطور","Snape smells like hair. When a [spiritually] beautiful woman becomes a Snap driver. 
#Mahsatour"
1989251359397614030,ahangevafa,2025-11-14 10:37:37.240,تا زمانی که خودتون چیزی رو تجربه نکردین در موردش نظر ندین(البته بعدش هم ندین) احتمالا بیای بگی من خیلی قوی‌ام و افکار خودکشی اصلا سراغم نمیاد و این چیزا تو خونواده ما راه نداره و ... که باید بگم ریدم تو قدرتت و ریدم تو سطح فکرت و شعورت. انگل خان امثال تو نبودن خودکشی کمتر بود.,0,0,0,https://x.com/ahangevafa/status/1989251359397614030,2025,11,2025-11-14,تا زمانی که خودتون چیزی رو تجربه نکردین در موردش نظر ندین(البته بعدش هم ندین) احتمالا بیای بگی من خیلی قوی‌ام و افکار خودکشی اصلا سراغم نمیاد و این چیزا تو خونواده ما راه نداره و ... که باید بگم ریدم تو قدرتت و ریدم تو سطح فکرت و شعورت. انگل خان امثال تو نبودن خودکشی کمتر بود.,"Until you have experienced something yourself, don't comment on it (of course, don't see it afterwards either). You will probably come and say that I am very strong and thoughts of suicide don't occur to me at all, and these things are not allowed in our family, and... I have to say that I admire your strength, and I admire your level of thinking and intelligence. Engel Khan, suicide would have been less if there were not people like you."
1988648810944590068,ahangevafa,2025-11-12 18:43:18.494,"نظرتان در مورد #نذرباران چیست؟
داشتم فکر می‌کردم که یک عددی را به این عنوان در قالب یک #پویش‌کارخیر در نظر بگیریم و واریز کنیم؛ اگر باران بارید که می‌نویسیم به پای #کارخیر! و اگر نبارید، خود همین واریزها در کنار هم، برای زندگی یک یا چند خانواده در حکم باران خواهد بود….
موافقید؟",0,0,0,https://x.com/m_bayatzanjani/status/1988648810944590068,2025,11,2025-11-12,"نظرتان در مورد #نذرباران چیست؟
داشتم فکر می‌کردم که یک عددی را به این عنوان در قالب یک #پویش‌کارخیر در نظر بگیریم و واریز کنیم؛ اگر باران بارید که می‌نویسیم به پای #کارخیر! و اگر نبارید، خود همین واریزها در کنار هم، برای زندگی یک یا چند خانواده در حکم باران خواهد بود….
موافقید؟","What do you think about #nazarbaran?
I was thinking that we should consider and deposit a number like this in the form of a #charitable campaign; If it rains when we write, it's good! And if it doesn't rain, these deposits together will be like rain for the life of one or more families...
do you agree"
1988105198724935740,ahangevafa,2025-11-11 06:43:11.241,"به تو حاصلی ندارد غم روزگار گفتن
که شبی نخفته باشی به درازای سالی",0,0,0,https://x.com/ahangevafa/status/1988105198724935740,2025,11,2025-11-11,"به تو حاصلی ندارد غم روزگار گفتن
که شبی نخفته باشی به درازای سالی","There is no point in telling you the sadness of the times
That you haven't slept a night for a whole year"
1986466709314695419,ahangevafa,2025-11-06 18:12:24.924,بالاخره یه جایزه صلح دادن بهش.,0,0,0,https://x.com/ahangevafa/status/1986466709314695419,2025,11,2025-11-06,بالاخره یه جایزه صلح دادن بهش.,"Finally, give him a peace prize."
1986465740069740707,ahangevafa,2025-11-06 18:08:33.838,"اون روز نقشه‌های لاکر و شاور یه کارخونه رو داشتم بررسی میکردم، معمار محترم دستشویی معلولین دیده بود ولی ورودی چهار تا پله داشت بدون رمپ. هیچی از دنیای معلولین حرکتی نمیدونیم، هیچی.
به امید اون روز که کل شهر و ساختمونها مناسب‌سازی بشه برا معلولین فعلا ویلچر این عزیز رو تهیه کنیم.",0,0,0,https://x.com/ahangevafa/status/1986465740069740707,2025,11,2025-11-06,"اون روز نقشه‌های لاکر و شاور یه کارخونه رو داشتم بررسی میکردم، معمار محترم دستشویی معلولین دیده بود ولی ورودی چهار تا پله داشت بدون رمپ. هیچی از دنیای معلولین حرکتی نمیدونیم، هیچی.
به امید اون روز که کل شهر و ساختمونها مناسب‌سازی بشه برا معلولین فعلا ویلچر این عزیز رو تهیه کنیم.","That day, I was checking the locker and shower plans of a factory. The respected architect had seen a disabled toilet, but the entrance had four steps without a ramp. We know nothing about the world of disabled people, nothing.
In the hope of that day when the whole city and buildings will be adapted for disabled people, we will prepare this dear's wheelchair for now."
1986465029680472228,ahangevafa,2025-11-06 18:05:44.468,"RT 
@m_bayatzanjani
: دختری متولد ۸۸ که از معلولیت شدید رنج می‌برد، برای تردد نیازمند یک ویلچر برقی‌ست که ۵۰ میلیون‌تومان هزینه دارد….
آستین…",0,0,0,https://x.com/ahangevafa/status/1986465029680472228,2025,11,2025-11-06,"RT 
@m_bayatzanjani
: دختری متولد ۸۸ که از معلولیت شدید رنج می‌برد، برای تردد نیازمند یک ویلچر برقی‌ست که ۵۰ میلیون‌تومان هزینه دارد….
آستین…","RT 
@m_bayatzanjani
: A girl born in 1988 who suffers from a severe disability needs an electric wheelchair to move around, which costs 50 million tomans.
Sleeve…"
1986045517743161454,ahangevafa,2025-11-05 14:18:45.028,همین شمشها تو چیزِ ... تو چشم اونی که هکسره رو رعایت نمیکنه.,0,0,0,https://x.com/ahangevafa/status/1986045517743161454,2025,11,2025-11-05,همین شمشها تو چیزِ ... تو چشم اونی که هکسره رو رعایت نمیکنه.,The same ingots are in the eyes of the one who does not follow the rules.
1985007041375613425,ahangevafa,2025-11-02 17:32:12.968,تو فرودگاه متر لیزری رو به هواپیما راه نمیدن. چرا؟,0,0,0,https://x.com/ahangevafa/status/1985007041375613425,2025,11,2025-11-02,تو فرودگاه متر لیزری رو به هواپیما راه نمیدن. چرا؟,"At the airport, they don't let the laser meter face the plane. why"
1985004727424164161,ahangevafa,2025-11-02 17:23:01.279,"انتظارات واقعا زیاد است و توان من و دوستانم محدود و منابع هم طبعا پاسخگوی همه‌ی نیازها و درخواست‌ها نیست….
شاید مناسب باشد که به دلیل تأخیر در پاسخگویی‌ها و معطل ماندن بخشی از مراجعین عذرخواهی کنم گرچه دوستان من شبانه‌‌روزی مشغول پاسخ‌گویی هستند.
ارادت",0,0,0,https://x.com/m_bayatzanjani/status/1985004727424164161,2025,11,2025-11-02,"انتظارات واقعا زیاد است و توان من و دوستانم محدود و منابع هم طبعا پاسخگوی همه‌ی نیازها و درخواست‌ها نیست….
شاید مناسب باشد که به دلیل تأخیر در پاسخگویی‌ها و معطل ماندن بخشی از مراجعین عذرخواهی کنم گرچه دوستان من شبانه‌‌روزی مشغول پاسخ‌گویی هستند.
ارادت","The expectations are really high, and my friends and I have limited power and resources, of course, do not meet all the needs and requests...
It might be appropriate to apologize for the delay in responding and some of the clients being delayed, although my friends are busy responding day and night.
devotion"
1984897374058099187,ahangevafa,2025-11-02 10:16:26.242,ما یه بنکسی محلی داریم.,0,0,0,https://x.com/atefeh_sh/status/1984897374058099187,2025,11,2025-11-02,ما یه بنکسی محلی داریم.,We have a local Banksy.
1984003688973922458,ahangevafa,2025-10-30 23:05:15.114,ریدم فرق سر هادی کسخولت. قرمساق اون پولی که خرج شماها میشه پول ماست، خو الدنگ یه ذره از اون مغز ریدمانت کار بکشی اون پول لامصب رو حلال کنی چشات کج میشه؟,0,0,0,https://x.com/ahangevafa/status/1984003688973922458,2025,10,2025-10-30,ریدم فرق سر هادی کسخولت. قرمساق اون پولی که خرج شماها میشه پول ماست، خو الدنگ یه ذره از اون مغز ریدمانت کار بکشی اون پول لامصب رو حلال کنی چشات کج میشه؟,"Ridham is different from Hadi Kashholt. Qarmsaq, the money that is spent by you is our money, if you use a bit of that Redmant's brain and make that wasteful money legal, will your eyes be crooked?"
1981449850727145773,ahangevafa,2025-10-23 22:57:12.628,"آنچه تقدیم می‌گردد #گزارش‌کارخیر در مهرماه ۱۴۰۴ است. آنچنانکه در این ماه مبلغ ۴/۴۶۴/۵۶۵/۲۰۰ تومان در مسیر #کارخیر به مصرف رسیده که از این مبلغ، ۲/۷۴۳/۳۱۷/۵۸۱ تومان طی ۹۵۷۵ واریز مستقیم و ۱۱۶۸ واریز از طریق درگاه به حساب‌های معرفی‌شده، منتقل شده است.
لازم به توضیح است که طبق روال",0,0,0,https://x.com/m_bayatzanjani/status/1981449850727145773,2025,10,2025-10-23,"آنچه تقدیم می‌گردد #گزارش‌کارخیر در مهرماه ۱۴۰۴ است. آنچنانکه در این ماه مبلغ ۴/۴۶۴/۵۶۵/۲۰۰ تومان در مسیر #کارخیر به مصرف رسیده که از این مبلغ، ۲/۷۴۳/۳۱۷/۵۸۱ تومان طی ۹۵۷۵ واریز مستقیم و ۱۱۶۸ واریز از طریق درگاه به حساب‌های معرفی‌شده، منتقل شده است.
لازم به توضیح است که طبق روال","What is being presented is the report of Karkhair in October 1404. In this month, the amount of 200,464,565,000 Tomans has been used in the way of #Karkhair, of which 2,743,317,581 Tomans have been transferred through 9,575 direct deposits and 1,168 deposits through the portal to the introduced accounts.
It is necessary to explain that according to the procedure"
1980245362238734616,ahangevafa,2025-10-20 15:11:00.194,میدونم این یک ترسه و هرچی هم اطلاعات داشته باشید باز خیالتون راحت نمیشه ولی آسانسور پاراشوت داره، گاورنر داره، قفل(ترمز) گیربکس هم داره، آسانسورهای جدید سنسور موقعیت هم دارن. احتمالا سقوط نزدیک به صفره، سقوط هم کنه تازه کف چاهک بالشتکهای ضربه‌گیر هست.,0,0,0,https://x.com/ahangevafa/status/1980245362238734616,2025,10,2025-10-20,میدونم این یک ترسه و هرچی هم اطلاعات داشته باشید باز خیالتون راحت نمیشه ولی آسانسور پاراشوت داره، گاورنر داره، قفل(ترمز) گیربکس هم داره، آسانسورهای جدید سنسور موقعیت هم دارن. احتمالا سقوط نزدیک به صفره، سقوط هم کنه تازه کف چاهک بالشتکهای ضربه‌گیر هست.,"I know it's scary and no matter how much information you have, you won't feel at ease, but the elevator has a parachute, a governor, a gearbox lock (brake), and the new elevators have a position sensor. Probably, the fall is close to zero, the fall is also the bottom of the well of the shock absorbers."
1980184308716535981,ahangevafa,2025-10-20 11:08:23.900,"امروز باید ۲ دستگاه یخچال بخریم، ۲ مورد کمک‌هزینه‌ی رهن باید بپردازیم، کمک‌های معیشتی ماهانه عموما پرداخت شده ولی بخش کوچکی مانده و برای همه‌ی این موارد تقریبا هیچ پولی نداریم 

#کارخیر",0,0,0,https://x.com/m_bayatzanjani/status/1980184308716535981,2025,10,2025-10-20,"امروز باید ۲ دستگاه یخچال بخریم، ۲ مورد کمک‌هزینه‌ی رهن باید بپردازیم، کمک‌های معیشتی ماهانه عموما پرداخت شده ولی بخش کوچکی مانده و برای همه‌ی این موارد تقریبا هیچ پولی نداریم 

#کارخیر","Today we have to buy 2 refrigerators, we have to pay 2 mortgages, the monthly living allowances have generally been paid, but a small part is left and we have almost no money for all of these things. 

#Good work"
1979579457724924402,ahangevafa,2025-10-18 19:04:56.186,نگرانم، نگرانم شاید غیر از گوسفند حیوان دیگه‌ای هم بوده که دل و جیگر و کله‌پاچه‌اش از گوسفند خوشمزه‌تر بوده نوح سوارش نکرده باشه.,0,0,0,https://x.com/ahangevafa/status/1979579457724924402,2025,10,2025-10-18,نگرانم، نگرانم شاید غیر از گوسفند حیوان دیگه‌ای هم بوده که دل و جیگر و کله‌پاچه‌اش از گوسفند خوشمزه‌تر بوده نوح سوارش نکرده باشه.,"I'm worried, I'm worried, maybe there was another animal besides the sheep whose heart, liver and guts were more delicious than the sheep that Noah didn't ride."
1979578308527587629,ahangevafa,2025-10-18 19:00:22.196,خیلی خیلی شرمنده‌ام، از همه‌اتون عذر میخوام، این یکی دو ساله بیماری تلاشم رو کمتر کرده بود و نتیجه رو هم داریم میبینیم. امیدوارم در آینده بتونم جبران کنم,0,0,0,https://x.com/ahangevafa/status/1979578308527587629,2025,10,2025-10-18,خیلی خیلی شرمنده‌ام، از همه‌اتون عذر میخوام، این یکی دو ساله بیماری تلاشم رو کمتر کرده بود و نتیجه رو هم داریم میبینیم. امیدوارم در آینده بتونم جبران کنم,"I am very, very ashamed, I apologize to all of you, this one or two years of illness reduced my efforts and we are seeing the results. I hope I can make up for it in the future"
1979004205030359140,ahangevafa,2025-10-17 04:59:05.256,برای اسراییل فقط رفع خطر دشمن مهمه، طبیعیه. چیزی که غیر طبیعیه اونایی‌ان که فکر میکنن اسراییل میاد اینا رو آزاد میکنه.‌,0,0,0,https://x.com/ahangevafa/status/1979004205030359140,2025,10,2025-10-17,برای اسراییل فقط رفع خطر دشمن مهمه، طبیعیه. چیزی که غیر طبیعیه اونایی‌ان که فکر میکنن اسراییل میاد اینا رو آزاد میکنه.‌,"For Israel, only removing the threat of the enemy is important, it is natural. What is unnatural is those who think that Israel will come and release them"
1978522355618947565,ahangevafa,2025-10-15 21:04:23.404,دیگه بو نیست، قشنگ ظاهر شده.,0,0,0,https://x.com/ahangevafa/status/1978522355618947565,2025,10,2025-10-15,دیگه بو نیست، قشنگ ظاهر شده.,"There is no smell anymore, it looks beautiful."
1976942924987613346,ahangevafa,2025-10-11 12:28:17.797,راستش یکم میترسم. پلیس مقتدر امروز پیام نداد.,0,0,0,https://x.com/ahangevafa/status/1976942924987613346,2025,10,2025-10-11,راستش یکم میترسم. پلیس مقتدر امروز پیام نداد.,"Honestly, I'm scared. Maqtar police did not send a message today."
1976883542455128077,ahangevafa,2025-10-11 08:32:19.898,«تقدیم» جایزه صلح نوبل از طرف دریافت‌کننده‌اش به ترامپ از فحش خوارمادر هم برا ترامپ بدتره. بابا لامصب مردی جر داد خودش رو که این جایزه رو بگیره بعد تو تقدیمش میکنی که جلو چشش باشه آینه دق بشه؟,0,0,0,https://x.com/ahangevafa/status/1976883542455128077,2025,10,2025-10-11,«تقدیم» جایزه صلح نوبل از طرف دریافت‌کننده‌اش به ترامپ از فحش خوارمادر هم برا ترامپ بدتره. بابا لامصب مردی جر داد خودش رو که این جایزه رو بگیره بعد تو تقدیمش میکنی که جلو چشش باشه آینه دق بشه؟,"""Giving"" the Nobel Peace Prize to Trump by its recipient is worse than swearing at Trump. Baba Lamsab, a man dared himself to get this award, and then you present it to him so that it can be seen in front of him as a mirror?"
1974366035823448511,ahangevafa,2025-10-04 09:48:39.544,الان دیگه وقتشه اسراییل کاری کنه که دیگه حماسی به وجود نیاد. و متاسفانه این قسمت داستان برا ما درد خواهد داشت.,0,0,0,https://x.com/ahangevafa/status/1974366035823448511,2025,10,2025-10-04,الان دیگه وقتشه اسراییل کاری کنه که دیگه حماسی به وجود نیاد. و متاسفانه این قسمت داستان برا ما درد خواهد داشت.,"Now is the time for Israel to do something so that there will be no more epics. And unfortunately, this part of the story will be painful for us."
1974359347145949418,ahangevafa,2025-10-04 09:22:04.839,اون جایزه لعنتی صلح نوبل رو بدید به این هویج بدبخت وگرنه هی جنگ راه میندازه تا هی صلح ایجاد کنه.,0,0,0,https://x.com/ahangevafa/status/1974359347145949418,2025,10,2025-10-04,اون جایزه لعنتی صلح نوبل رو بدید به این هویج بدبخت وگرنه هی جنگ راه میندازه تا هی صلح ایجاد کنه.,Give that damn Nobel Peace Prize to this poor carrot or he will make war to make peace.
1974358197512368307,ahangevafa,2025-10-04 09:17:30.745,"الان عباش رو کشیده رو سرش داره میخونه:
من مانده‌ام تنهای تنها، من مانده‌ام تنها میان سیل غمها",0,0,0,https://x.com/ahangevafa/status/1974358197512368307,2025,10,2025-10-04,"الان عباش رو کشیده رو سرش داره میخونه:
من مانده‌ام تنهای تنها، من مانده‌ام تنها میان سیل غمها","Now he is pulling his scarf over his head and reading:
I am left alone alone, I am left alone in the flood of sorrows"
1973617180915933550,ahangevafa,2025-10-02 08:12:58.621,رضا پهلوی ننه باباش کاخ زندگی میکردن، خودش کاخ بزرگ شد نطفه‌اش هم احتمالا کاخ بسته شد بعد چون زور آخر رو فرح تو یه بیمارستان تو مولوی زده یه گاوی افتاده تو خیابون میگه رضا پهلوی بچه مولویه. مرتیکه گستاخ خر :-.))))),0,0,0,https://x.com/ahangevafa/status/1973617180915933550,2025,10,2025-10-02,رضا پهلوی ننه باباش کاخ زندگی میکردن، خودش کاخ بزرگ شد نطفه‌اش هم احتمالا کاخ بسته شد بعد چون زور آخر رو فرح تو یه بیمارستان تو مولوی زده یه گاوی افتاده تو خیابون میگه رضا پهلوی بچه مولویه. مرتیکه گستاخ خر :-.))))),"Reza Pahlavi's grandparents lived in a palace, he himself grew up in a palace and his offspring probably closed in a palace, then when Farah died in a hospital, a cow fell on the street and said that Reza Pahlavi is the child of Molavi. Martyke the cheeky donkey :-)))))"
1973518772511404418,ahangevafa,2025-10-02 01:41:56.229,"شجریان یه جایی میخونه:
چه ها که بر سر ما رفت و کس نزد آهی
به مردمی، به مردمی که جهان سخت ناجوانمرد است
نمیدونم روز رو با چی باید شروع کرد ولی شب رو با تحریر بعد از این بیت باید تموم کرد. تحریرش دقیقا همون آهیه که کس نزد.",0,0,0,https://x.com/ahangevafa/status/1973518772511404418,2025,10,2025-10-02,"شجریان یه جایی میخونه:
چه ها که بر سر ما رفت و کس نزد آهی
به مردمی، به مردمی که جهان سخت ناجوانمرد است
نمیدونم روز رو با چی باید شروع کرد ولی شب رو با تحریر بعد از این بیت باید تموم کرد. تحریرش دقیقا همون آهیه که کس نزد.","Shajarian reads somewhere:
What happened to us and no one sighed
To the people, to the people that the world is hard and uncouth
I don't know what to start the day with, but the night should end with writing after this verse. His writing is exactly the same verse that no one wrote."
1973516627263242693,ahangevafa,2025-10-02 01:33:24.762,حالا که شوما میخواین به cft بپیوندین دیگه cft نمیخواد شوما بپیوندین.,0,0,0,https://x.com/ahangevafa/status/1973516627263242693,2025,10,2025-10-02,حالا که شوما میخواین به cft بپیوندین دیگه cft نمیخواد شوما بپیوندین.,"Now that you want to join cft, cft doesn't want you to join anymore."
1973515922855104938,ahangevafa,2025-10-02 01:30:36.818,رفیقی دارم که هی از خودش عکس میذاره، استوری میکنه و غیره، همیشه هم از دیدنش کیف میکردم، راستش دیگه نمیکنم، چون میبینم که در مدت خیلی کم پیر شده، میدونم چرا ولی کاری هم از دستم برنمیاد. فقط میتونم لعنت بفرستم به باعث و بانیش. لعنت و هزاران فحش قدیمی و جدید و من‌درآوردی.,0,0,0,https://x.com/ahangevafa/status/1973515922855104938,2025,10,2025-10-02,رفیقی دارم که هی از خودش عکس میذاره، استوری میکنه و غیره، همیشه هم از دیدنش کیف میکردم، راستش دیگه نمیکنم، چون میبینم که در مدت خیلی کم پیر شده، میدونم چرا ولی کاری هم از دستم برنمیاد. فقط میتونم لعنت بفرستم به باعث و بانیش. لعنت و هزاران فحش قدیمی و جدید و من‌درآوردی.,"I have a friend who posts pictures of himself, makes stories, etc., I used to hate seeing him, to be honest, I don't do it anymore, because I see that he has aged in a very short time, I know why, but I can't help it. I can only curse the cause and its founder. Curses and thousands of old and new curses."
1973513476082651617,ahangevafa,2025-10-02 01:20:53.462,"ما را به رندی افسانه کردند
پیران جاهل، شیخان گمراه
به نظرم خود افسانه هم دلش میخواسته.",0,0,0,https://x.com/ahangevafa/status/1973513476082651617,2025,10,2025-10-02,"ما را به رندی افسانه کردند
پیران جاهل، شیخان گمراه
به نظرم خود افسانه هم دلش میخواسته.","They made us legendary
Ignorant elders, misguided sheikhs
I think the legend himself wanted it."
1973287040306520519,ahangevafa,2025-10-01 10:21:06.966,من میگم حمله کنیم به طالبان بگرام رو بگیریم ازشون بدیم به آمریکا. با آمریکا دوست بشیم با چین دشمن. فعلا این فتنه بگذره بعدا از دل چین در میاریم.,0,0,0,https://x.com/ahangevafa/status/1973287040306520519,2025,10,2025-10-01,من میگم حمله کنیم به طالبان بگرام رو بگیریم ازشون بدیم به آمریکا. با آمریکا دوست بشیم با چین دشمن. فعلا این فتنه بگذره بعدا از دل چین در میاریم.,"I say attack the Taliban, take Bagram from them and give it to America. Let us be friends with America and be enemies with China. Let this fitna pass for now, we will get rid of China later."
1973029061862826124,ahangevafa,2025-09-30 17:16:00.112,این طرح صلح در غزه رو چجوری به دست حماس رسوندن؟ کاغذیه؟ پی‌دی‌افه؟ در هر صورت احتمال انفجار طرح تو دستای حماس زیاده. از من گفتن.,0,0,0,https://x.com/ahangevafa/status/1973029061862826124,2025,9,2025-09-30,این طرح صلح در غزه رو چجوری به دست حماس رسوندن؟ کاغذیه؟ پی‌دی‌افه؟ در هر صورت احتمال انفجار طرح تو دستای حماس زیاده. از من گفتن.,"How to deliver this peace plan in Gaza to Hamas? Is it paper? PDF? In any case, there is a high probability of the explosion of the plan in the hands of Hamas. tell me"
1971169450058813560,ahangevafa,2025-09-25 14:06:34.108,تازه دیروز صبح و ظهر بود یه کسخولی توییت زده بود امشب ساعت هشت تو شبکه یک، دنیا پشماش خواهد ریخت. درود به سربازان گمنام و این کسشعرا.,0,0,0,https://x.com/ahangevafa/status/1971169450058813560,2025,9,2025-09-25,تازه دیروز صبح و ظهر بود یه کسخولی توییت زده بود امشب ساعت هشت تو شبکه یک، دنیا پشماش خواهد ریخت. درود به سربازان گمنام و این کسشعرا.,"It was just yesterday morning and noon, someone tweeted that tonight at 8 o'clock on channel 1, the world will lose its wool. Greetings to the unknown soldiers and these poets."
1970764217293603120,ahangevafa,2025-09-24 11:16:19.088,آنچه تقدیم می‌گردد #گزارش‌کارخیر در شهریور ۱۴۰۴ است؛ در ماه گذشته بیش از ۵ میلیارد تومان در این مسیر به مصرف رسیده که رشد قابل توجهی نسبت به مردادماه داشته است چراکه در بحث نوشت‌افزار (لوازم تحریر) و نیز تجهیز و بازسازی یک مدرسه به‌صورت ویژه اقداماتی انجام شده است که هم در طول,0,0,0,https://x.com/m_bayatzanjani/status/1970764217293603120,2025,9,2025-09-24,آنچه تقدیم می‌گردد #گزارش‌کارخیر در شهریور ۱۴۰۴ است؛ در ماه گذشته بیش از ۵ میلیارد تومان در این مسیر به مصرف رسیده که رشد قابل توجهی نسبت به مردادماه داشته است چراکه در بحث نوشت‌افزار (لوازم تحریر) و نیز تجهیز و بازسازی یک مدرسه به‌صورت ویژه اقداماتی انجام شده است که هم در طول,"What is being presented is the report of Karkhair in Shahrivar 1404; In the last month, more than 5 billion Tomans were spent in this direction, which has grown significantly compared to August, because in the matter of stationery and also equipping and renovating a school, special measures have been taken, which both during"
1970755208491016312,ahangevafa,2025-09-24 10:40:31.222,دفتر ما یه بویی میاد. بوی تعدیل نیرو.,0,0,0,https://x.com/ahangevafa/status/1970755208491016312,2025,9,2025-09-24,دفتر ما یه بویی میاد. بوی تعدیل نیرو.,Our office smells. The smell of retrenchment.
1970159695953264650,ahangevafa,2025-09-22 19:14:09.969,"پسر چه پولی پاشیدن تو توییتر. 
تایملاین تر و تمیزی دارم، سر همین نمیفهمم، ییهو یه توییتم از تایملاینم در میره تازه میفهمم پسر چه پولی پاشیدن تو توییتر. سگ رو بزنی میزینه رو سایبری.",0,0,0,https://x.com/ahangevafa/status/1970159695953264650,2025,9,2025-09-22,"پسر چه پولی پاشیدن تو توییتر. 
تایملاین تر و تمیزی دارم، سر همین نمیفهمم، ییهو یه توییتم از تایملاینم در میره تازه میفهمم پسر چه پولی پاشیدن تو توییتر. سگ رو بزنی میزینه رو سایبری.","Boy, what a waste of money on Twitter. 
I have a cleaner timeline, but I don't understand why, my tweet is going from my timeline. If you hit the dog, it will kill the cyber."
1969822736621974006,ahangevafa,2025-09-21 20:55:12.604,من نمیدونم واقعا چرا بابت مدال طلا گرفتن این کشتی‌گیرا اینجور هیجانزده‌اید؟ افزایش تقاضا باعث بالا رفتن قیمت میشه. طلا گرمی نه و پونصد شده و شما خوشحالید؟,0,0,0,https://x.com/ahangevafa/status/1969822736621974006,2025,9,2025-09-21,من نمیدونم واقعا چرا بابت مدال طلا گرفتن این کشتی‌گیرا اینجور هیجانزده‌اید؟ افزایش تقاضا باعث بالا رفتن قیمت میشه. طلا گرمی نه و پونصد شده و شما خوشحالید؟,I don't know why you are so excited about these wrestlers winning gold medals? An increase in demand causes the price to rise. Gold has become warm and you are happy?
1969663230663405784,ahangevafa,2025-09-21 10:21:23.420,کس نگو گالیور، سال ۸۶ پراید بود هفت تومن، حداقل حقوق کارگری بود ۲۵۰ تومن. مسکن مهر متری ۳۵۰ تومن پیمانکار تحویل میداد. دیوث با دسته کورا طرفی یا فکر کردی ما هم مثل خاندانت خریم؟,0,0,0,https://x.com/ahangevafa/status/1969663230663405784,2025,9,2025-09-21,کس نگو گالیور، سال ۸۶ پراید بود هفت تومن، حداقل حقوق کارگری بود ۲۵۰ تومن. مسکن مهر متری ۳۵۰ تومن پیمانکار تحویل میداد. دیوث با دسته کورا طرفی یا فکر کردی ما هم مثل خاندانت خریم؟,"Don't tell Gulliver, in 1986 Pride was seven tomans, the minimum wage was 250 tomans. The contractor delivered the Mehr housing for 350 tomans per meter. Are you a cuckold, or did you think we are like your family?"
1969632023791669461,ahangevafa,2025-09-21 08:17:23.122,آقا این آهنگ باز آمد بوی ماه مدرسه بوی بازیهای راه مدرسه بیت دیگه‌ای نداره؟ یا این مدرسه کناری ما سوزنش رو همین گیر کرده؟,0,0,0,https://x.com/ahangevafa/status/1969632023791669461,2025,9,2025-09-21,آقا این آهنگ باز آمد بوی ماه مدرسه بوی بازیهای راه مدرسه بیت دیگه‌ای نداره؟ یا این مدرسه کناری ما سوزنش رو همین گیر کرده؟,"Sir, this song came back, the smell of the school month, the smell of school games, doesn't it have another beat? Or is this school next to us stuck?"
1969293839836791075,ahangevafa,2025-09-20 09:53:33.784,سخت‌ترین وضعیت برای ما هم زمانیه که ما رو واسطه قرار میدن و ما با هزار شرمندگی باید بگیم آقا از طریق ارتباط تلگرامی درخواست رو مطرح کنید تا به نوبت بررسی شود. چون میدانیم چه حجمی از درخواست در نوبت است.,0,0,0,https://x.com/ahangevafa/status/1969293839836791075,2025,9,2025-09-20,سخت‌ترین وضعیت برای ما هم زمانیه که ما رو واسطه قرار میدن و ما با هزار شرمندگی باید بگیم آقا از طریق ارتباط تلگرامی درخواست رو مطرح کنید تا به نوبت بررسی شود. چون میدانیم چه حجمی از درخواست در نوبت است.,"The most difficult situation for us is when they put us in the middle, and we have to say with a thousand shames, sir, that you submit the request through telegram communication so that it can be reviewed in turn. Because we know the amount of requests in the queue."
1967609766198587805,ahangevafa,2025-09-15 18:21:39.340,کسخل، تو نه ها، هادیت کسخله.,0,0,0,https://x.com/ahangevafa/status/1967609766198587805,2025,9,2025-09-15,کسخل، تو نه ها، هادیت کسخله.,"You are lazy, you are lazy."
1967114320820728269,ahangevafa,2025-09-14 09:32:55.957,اگر به ابزاره ابزارفروش محل ده برابر ابزارش بیشتره به اون میگفتی بیاد.,0,0,0,https://x.com/ahangevafa/status/1967114320820728269,2025,9,2025-09-14,اگر به ابزاره ابزارفروش محل ده برابر ابزارش بیشتره به اون میگفتی بیاد.,"If you told the local tool seller that he had ten times more tools, he would come."
1966732984494543165,ahangevafa,2025-09-13 08:17:38.292,برنامه‌نویسای عزیز روزتون مبارک.,0,0,0,https://x.com/ahangevafa/status/1966732984494543165,2025,9,2025-09-13,برنامه‌نویسای عزیز روزتون مبارک.,Happy day dear programmers.
1966555380500017213,ahangevafa,2025-09-12 20:31:54.200,خدایا خداوندا خودت به دست توانای خودت فضای مجازی رو از لوث جنده‌های توجه، عقده‌‌ای‌های با عقده دیده شدن، بیماران «من کس میگم پس من هستم» و اینا که میگن اینو نخورید توش فلان داره می‌میرید سوسیس نخورید توش گربه داره؛ پاک کن. آمین یا رب العالمین.,0,0,0,https://x.com/ahangevafa/status/1966555380500017213,2025,9,2025-09-12,خدایا خداوندا خودت به دست توانای خودت فضای مجازی رو از لوث جنده‌های توجه، عقده‌‌ای‌های با عقده دیده شدن، بیماران «من کس میگم پس من هستم» و اینا که میگن اینو نخورید توش فلان داره می‌میرید سوسیس نخورید توش گربه داره؛ پاک کن. آمین یا رب العالمین.,"God, God, by your own power, free the virtual space from the filth of attention-grabbers, complications of being seen, patients who say ""I am who I am, so I am"" and those who say don't eat this, you will die, don't eat sausage, there is a cat in it; erase Amen or Lord of the worlds."
1966089418797891948,ahangevafa,2025-09-11 13:40:20.273,سگم از خودم باشعورتره، امکان نداره من خواب باشم اون بیاد کاری کنه که از خواب بیدار بشم ولی هروقت اون خوابه من باید یه سیخونک بهش بزنم. ریدم تو شانست مایا.,0,0,0,https://x.com/ahangevafa/status/1966089418797891948,2025,9,2025-09-11,سگم از خودم باشعورتره، امکان نداره من خواب باشم اون بیاد کاری کنه که از خواب بیدار بشم ولی هروقت اون خوابه من باید یه سیخونک بهش بزنم. ریدم تو شانست مایا.,"My dog ​​is smarter than me, it is not possible for him to wake me up when I am asleep, but whenever he is asleep, I have to poke him. Good luck, Maya."
1966088904689549620,ahangevafa,2025-09-11 13:38:17.700,"ای پیک راستان خبر یار بگو
اون ساندویچ منم بیار گشنمه",0,0,0,https://x.com/ahangevafa/status/1966088904689549620,2025,9,2025-09-11,"ای پیک راستان خبر یار بگو
اون ساندویچ منم بیار گشنمه","Hey courier, tell me good news
Bring me that sandwich too, I'm hungry"
1966083226449154159,ahangevafa,2025-09-11 13:15:43.902,بعد از این سخت‌ترین کار تو دنیا ضد جنگ بودنه. تو دنیایی که مذاکره تله است برا ترور و حمله؛ پایان دادن به جنگ، جلوگیری از جنگ و مخالفت با جنگ سخت‌ترین و شاید مسخره‌ترین کار دنیا است.,0,0,0,https://x.com/ahangevafa/status/1966083226449154159,2025,9,2025-09-11,بعد از این سخت‌ترین کار تو دنیا ضد جنگ بودنه. تو دنیایی که مذاکره تله است برا ترور و حمله؛ پایان دادن به جنگ، جلوگیری از جنگ و مخالفت با جنگ سخت‌ترین و شاید مسخره‌ترین کار دنیا است.,"After this, the hardest thing in the world is to be anti-war. In a world where negotiation is a trap for terror and attack; Ending war, preventing war and opposing war is the most difficult and perhaps the most ridiculous task in the world."
1966047582125224444,ahangevafa,2025-09-11 10:54:05.633,تو تایملاین من چایی کرک رو کشتن.,0,0,0,https://x.com/ahangevafa/status/1966047582125224444,2025,9,2025-09-11,تو تایملاین من چایی کرک رو کشتن.,"In my timeline, they killed crack tea."
1965802768318558574,ahangevafa,2025-09-10 18:41:17.473,یه زمانی آمریکا میخواست به یه کشوری حمله کنه چندتا کشور دیگه رو هم همراه میکرد، هزارتا داستان جور میکرد تا با نظر و اجازه سازمان ملل حمله کنه. الان یه کشوری میره یه کشور دیگه رو میزنه خلبانهاش هم از جلوی ساختمون نمایندگی سازمان ملل رد میشن کونشون از پنجره میدن بیرون.,0,0,0,https://x.com/ahangevafa/status/1965802768318558574,2025,9,2025-09-10,یه زمانی آمریکا میخواست به یه کشوری حمله کنه چندتا کشور دیگه رو هم همراه میکرد، هزارتا داستان جور میکرد تا با نظر و اجازه سازمان ملل حمله کنه. الان یه کشوری میره یه کشور دیگه رو میزنه خلبانهاش هم از جلوی ساختمون نمایندگی سازمان ملل رد میشن کونشون از پنجره میدن بیرون.,"There was a time when the US wanted to attack a country, it brought several other countries along, it made up a thousand stories to attack with the opinion and permission of the United Nations. Now one country is going to hit another country, its pilots are also passing in front of the building of the United Nations agency, and their asses are sticking out of the window."
1965651718240436368,ahangevafa,2025-09-10 08:41:04.328,به نظر میرسه دنیا داره به قبل از هشتاد سال پیش برمیگرده، احتمال زیاد مستعمره و استعمار هم دوباره برگرده، اینسری میشه سریلانکا مستعمره ما بشه؟ فکر کن اونوقت به چای سیلان میگن چای ایرانی.,0,0,0,https://x.com/ahangevafa/status/1965651718240436368,2025,9,2025-09-10,به نظر میرسه دنیا داره به قبل از هشتاد سال پیش برمیگرده، احتمال زیاد مستعمره و استعمار هم دوباره برگرده، اینسری میشه سریلانکا مستعمره ما بشه؟ فکر کن اونوقت به چای سیلان میگن چای ایرانی.,"It seems that the world is going back to the way it was before eighty years ago, it is very likely that colonialism will return again, so will Sri Lanka become our colony? Think that Ceylon tea will be called Iranian tea then."
1965647786768302183,ahangevafa,2025-09-10 08:25:26.992,دیدین ناتو ترس نداره. پوتین لهستان رو زد هیچی نشد فردا اسراییل هم ترکیه رو میزنه و چیزی هم نمیشه.,0,0,0,https://x.com/ahangevafa/status/1965647786768302183,2025,9,2025-09-10,دیدین ناتو ترس نداره. پوتین لهستان رو زد هیچی نشد فردا اسراییل هم ترکیه رو میزنه و چیزی هم نمیشه.,"You see, NATO is not afraid. Putin attacked Poland and nothing happened. Tomorrow Israel will also attack Turkey and nothing will happen."
1964800833796886860,ahangevafa,2025-09-08 00:19:57.668,"شبی که ماه مراد از افق طلوع کند
بود که پرتو نوری به بام ما افتد",0,0,0,https://x.com/ahangevafa/status/1964800833796886860,2025,9,2025-09-08,"شبی که ماه مراد از افق طلوع کند
بود که پرتو نوری به بام ما افتد","The night when the month of Murad rises from the horizon
A ray of light fell on our roof"
1963879533586636945,ahangevafa,2025-09-05 11:19:02.581,یعنی جون مردم بازیچه دست ایناست بیان خودنمایی کنن، به بیمار سرطانی گفته جوش شیرین و ویتامین د بخور، بهش میگن دکتر علفی هستی؟ میگه نه من محققم!!,0,0,0,https://x.com/Bhdblo/status/1963879533586636945,2025,9,2025-09-05,یعنی جون مردم بازیچه دست ایناست بیان خودنمایی کنن، به بیمار سرطانی گفته جوش شیرین و ویتامین د بخور، بهش میگن دکتر علفی هستی؟ میگه نه من محققم!!,"I mean, it's a game for people to show off, they tell a cancer patient to eat baking soda and vitamin D, they tell him you're a herbal doctor? He says no, I am a researcher!!"
1963796427743670507,ahangevafa,2025-09-05 05:48:48.604,معرفی میکنم، وزیر فرهنگ و هنر دوره گذار به ریاست رضا پهلوی.,0,0,0,https://x.com/ahangevafa/status/1963796427743670507,2025,9,2025-09-05,معرفی میکنم، وزیر فرهنگ و هنر دوره گذار به ریاست رضا پهلوی.,I introduce the interim Minister of Culture and Arts headed by Reza Pahlavi.
1962987331658645858,ahangevafa,2025-09-03 00:13:45.065,کز هرچه در خیال من آید نکوتری,0,0,0,https://x.com/ahangevafa/status/1962987331658645858,2025,9,2025-09-03,کز هرچه در خیال من آید نکوتری,"Because whatever comes to my mind, you are not"
1962809229057892431,ahangevafa,2025-09-02 12:26:02.096,"یه لطفی به من میکنید؟
همونجایی که داری کار میکنی لطفاً با ذکر کاربری ساختمان بگو جنس دیوارهای راهروها، اتاقهای کارمندی و راه‌پله چیه. 
اگر جنس قرنیز رو هم بگی لطف مزید است.
در ضمن وضعیت حال حاضر دیوار هم برام مهمه، زخمیه، کثیفه، رد انگشت روشه و ...
ماچ به تک‌تکتون.",0,0,0,https://x.com/ahangevafa/status/1962809229057892431,2025,9,2025-09-02,"یه لطفی به من میکنید؟
همونجایی که داری کار میکنی لطفاً با ذکر کاربری ساختمان بگو جنس دیوارهای راهروها، اتاقهای کارمندی و راه‌پله چیه. 
اگر جنس قرنیز رو هم بگی لطف مزید است.
در ضمن وضعیت حال حاضر دیوار هم برام مهمه، زخمیه، کثیفه، رد انگشت روشه و ...
ماچ به تک‌تکتون.","can you do me a favor
Where you are working, please mention the use of the building and tell me what is the material of the walls of the corridors, staff rooms and stairs. 
If you tell me the type of cornice, it would be nice.
In addition, the current state of the wall is also important to me, it is wounded, dirty, has fingerprints, etc.
Match to each other."
1961823297970000034,ahangevafa,2025-08-30 19:08:17.807,خیار کیلویی ۸۰ هزار تومن. از آب‌دوغ‌خیار فقط آبش رو میتونم تامین کنم.,0,0,0,https://x.com/ahangevafa/status/1961823297970000034,2025,8,2025-08-30,خیار کیلویی ۸۰ هزار تومن. از آب‌دوغ‌خیار فقط آبش رو میتونم تامین کنم.,80 thousand tomans per kilogram of cucumber. I can only supply water from cucumber broth.
1961455541814776129,ahangevafa,2025-08-29 18:46:57.907,"اگه ایرادی نداره یکم تکمیل‌ترش کنیم.
آمریکا از برجام خارج شد، اروپا نتونست به تعهدات اینستکش عمل کنه ایران در مقابل غنی‌سازی ۲۰ درصدی و ۶۰ درصدی رو انجام داد و بقیه ماجرا.",0,0,0,https://x.com/ahangevafa/status/1961455541814776129,2025,8,2025-08-29,"اگه ایرادی نداره یکم تکمیل‌ترش کنیم.
آمریکا از برجام خارج شد، اروپا نتونست به تعهدات اینستکش عمل کنه ایران در مقابل غنی‌سازی ۲۰ درصدی و ۶۰ درصدی رو انجام داد و بقیه ماجرا.","If there is no problem, let's complete it.
The United States withdrew from the JCPOA, Europe could not fulfill its commitments, Iran did 20% and 60% enrichment in return, and the rest of the story."
1961069463341535438,ahangevafa,2025-08-28 17:12:49.626,من نفهمیدم یعنی چی با اسنپ بک باید بگردیم به قبل؟ یعنی باید آژانس تلفنی بگیریم؟,0,0,0,https://x.com/ahangevafa/status/1961069463341535438,2025,8,2025-08-28,من نفهمیدم یعنی چی با اسنپ بک باید بگردیم به قبل؟ یعنی باید آژانس تلفنی بگیریم؟,"I didn't understand, what does it mean to go back with Snapback? Does that mean we have to get a phone agency?"
1960679378851189127,ahangevafa,2025-08-27 15:22:46.236,"دلبر که دل می‌ربود همه عمر
دیدی که چطور دل؛ دلبر ربود؟",0,0,0,https://x.com/ahangevafa/status/1960679378851189127,2025,8,2025-08-27,"دلبر که دل می‌ربود همه عمر
دیدی که چطور دل؛ دلبر ربود؟","A lover who stole hearts all his life
Did you see how the heart Kidnapping sweetheart?"
1960674620362600595,ahangevafa,2025-08-27 15:03:51.724,روز داروساز رو به آقای افضلی تبریک میگم. نباتهات بسیاری از سردردها و دلدردها و سرطانها رو درمان کرده.,0,0,0,https://x.com/ahangevafa/status/1960674620362600595,2025,8,2025-08-27,روز داروساز رو به آقای افضلی تبریک میگم. نباتهات بسیاری از سردردها و دلدردها و سرطانها رو درمان کرده.,I congratulate Mr. Afzali on Pharmacist Day. Your plants have cured many headaches and heartaches and cancers.
1960580561069572353,ahangevafa,2025-08-27 08:50:06.241,خودم بچه نزاییدم که آرامش داشته باشم اونوقت یورتمه‌های بچه یکی دیگه رو تحمل کنم؟ نزایید خو، نسلتون منقرض بشه به تخم هیچ‌کس نیست. نزایید به جای اینکه از ما توقع داشته باشید تو محل آرامشمون شماها رو تحمل کنیم.,0,0,0,https://x.com/ahangevafa/status/1960580561069572353,2025,8,2025-08-27,خودم بچه نزاییدم که آرامش داشته باشم اونوقت یورتمه‌های بچه یکی دیگه رو تحمل کنم؟ نزایید خو، نسلتون منقرض بشه به تخم هیچ‌کس نیست. نزایید به جای اینکه از ما توقع داشته باشید تو محل آرامشمون شماها رو تحمل کنیم.,"I didn't give birth to a child myself so that I could have peace, then should I tolerate the trots of someone else's child? Do not give birth, it is nobody's business if your generation becomes extinct. Don't expect us to tolerate you in our place of peace."
1960010783192121674,ahangevafa,2025-08-25 19:06:00.609,اول بیمارستان رو میزنه، امدادگرا در حال کمک به مصدومان بودن، تو پخش زنده، امدادگرا رو هم زد. چند ساعت بعد هم خبرنگارا رو زد.,0,0,0,https://x.com/ahangevafa/status/1960010783192121674,2025,8,2025-08-25,اول بیمارستان رو میزنه، امدادگرا در حال کمک به مصدومان بودن، تو پخش زنده، امدادگرا رو هم زد. چند ساعت بعد هم خبرنگارا رو زد.,"First, he hit the hospital, the paramedic was helping the injured, in the live broadcast, he hit the paramedic. A few hours later, he also hit the journalists."
1959341529845362806,ahangevafa,2025-08-23 22:46:38.177,"آنچه تقدیم می‌گردد #گزارش‌کارخیر در مردادماه ۱۴۰۴ است؛ در ماه گذشته اعداد زیر ۲۰۰ هزارتومان، بیش از ۸۵٪ واریزها را به خود اختصاص داده‌اند؛ اینکه گزارش را با اشاره بر این موضوع آغاز می‌کنیم، به این جهت است که اثرگذاری این واریزی‌ها را مورد تاکید قرار دهیم.
در این ماه مجموعا",0,0,0,https://x.com/m_bayatzanjani/status/1959341529845362806,2025,8,2025-08-23,"آنچه تقدیم می‌گردد #گزارش‌کارخیر در مردادماه ۱۴۰۴ است؛ در ماه گذشته اعداد زیر ۲۰۰ هزارتومان، بیش از ۸۵٪ واریزها را به خود اختصاص داده‌اند؛ اینکه گزارش را با اشاره بر این موضوع آغاز می‌کنیم، به این جهت است که اثرگذاری این واریزی‌ها را مورد تاکید قرار دهیم.
در این ماه مجموعا","What is being presented is the report of Karkhair in August 1404; Last month, numbers under 200,000 tomans accounted for more than 85% of deposits; The fact that we start the report by referring to this issue is to emphasize the effectiveness of these deposits.
In total this month"
1959222303272702246,ahangevafa,2025-08-23 14:52:52.347,دیوث مگه حساب من چقدره که فحش میدی زن‌عمو خراب.,0,0,0,https://x.com/ahangevafa/status/1959222303272702246,2025,8,2025-08-23,دیوث مگه حساب من چقدره که فحش میدی زن‌عمو خراب.,"Cuckold, how much is my account? You are cursing my wife."
1958988344458641580,ahangevafa,2025-08-22 23:23:12.219,چه اتفاقی در افکار مدیران یه بیمارستان می‌افته که لباس و ملافه رو صورتی انتخاب میکنن؟,0,0,0,https://x.com/ahangevafa/status/1958988344458641580,2025,8,2025-08-22,چه اتفاقی در افکار مدیران یه بیمارستان می‌افته که لباس و ملافه رو صورتی انتخاب میکنن؟,What happens in the minds of hospital administrators who choose pink clothes and bedding?
1957848191979892861,ahangevafa,2025-08-19 19:52:38.685,"اگر اهل تئاتر دیدنید و تهران هستید، #سفید را ببینید؛ این قطعه‌ی کوتاه هم ساخته شده برای این نمایش…
ببینید و به دوستانتان هم بگویید که ببینند ",0,0,0,https://x.com/m_bayatzanjani/status/1957848191979892861,2025,8,2025-08-19,"اگر اهل تئاتر دیدنید و تهران هستید، #سفید را ببینید؛ این قطعه‌ی کوتاه هم ساخته شده برای این نمایش…
ببینید و به دوستانتان هم بگویید که ببینند ","If you are a theater fan and you are in Tehran, see #Safid; This short piece was also made for this show...
See it and tell your friends to see it too"
1957381493258334405,ahangevafa,2025-08-18 12:58:09.039,"یه سری ویدئو تو اینستا دیدم از یه خرس، معروف به خرس ساوالان. انگار ساکن قله سبلانه و الان که فصل صعود به سبلانه کلی فیلم ازش منتشر شده.
اینقدر بهش غذا دادن که از آدما نمیترسه و به راحتی بهشون نزدیک میشه. با هرکدومشون هم صحب کنی میگن ما عاشق طبیعتیم.
شما ریدید به طبیعت.",0,0,0,https://x.com/ahangevafa/status/1957381493258334405,2025,8,2025-08-18,"یه سری ویدئو تو اینستا دیدم از یه خرس، معروف به خرس ساوالان. انگار ساکن قله سبلانه و الان که فصل صعود به سبلانه کلی فیلم ازش منتشر شده.
اینقدر بهش غذا دادن که از آدما نمیترسه و به راحتی بهشون نزدیک میشه. با هرکدومشون هم صحب کنی میگن ما عاشق طبیعتیم.
شما ریدید به طبیعت.","I saw a series of videos on Insta about a bear, known as the Savalan bear. It's like a resident of Sablane peak, and now that the season of climbing to Sablane, a whole movie about him has been released.
Feeding him so much that he is not afraid of people and approaches them easily. If you talk to any of them, they will say that we love nature.
You went back to nature."
1957382255719948674,ahangevafa,2025-08-18 13:01:10.824,"لامصب دو صباح دیگه که جز کوهنورد حرفه‌ای کس نمیتونه بره سبلان این بچه چیکار کنه؟ چجوری غذا پیدا کنه؟ به خاطر دو دقیقه لذت چرا میرینی به محیط‌زیست؟ اصلا این غذا دادن به حیوانات رو کی باب کرد؟ همونو به هفت روش ایرانی.
چه کاریه آخه؟چه سگ و گربه خیابانی چه خرس ساوالان. غذا نده قرمساق",0,0,0,https://x.com/ahangevafa/status/1957382255719948674,2025,8,2025-08-18,"لامصب دو صباح دیگه که جز کوهنورد حرفه‌ای کس نمیتونه بره سبلان این بچه چیکار کنه؟ چجوری غذا پیدا کنه؟ به خاطر دو دقیقه لذت چرا میرینی به محیط‌زیست؟ اصلا این غذا دادن به حیوانات رو کی باب کرد؟ همونو به هفت روش ایرانی.
چه کاریه آخه؟چه سگ و گربه خیابانی چه خرس ساوالان. غذا نده قرمساق","Lamseb, in two more mornings, when no one but a professional mountaineer can go to Sablan, what will this child do? How to find food? Why do you go to the environment for two minutes of fun? Who started this feeding of animals? The same in seven Iranian ways.
What are you doing? What street dogs and cats, what a bear. Do not feed Qormasaq"
1957097024802709682,ahangevafa,2025-08-17 18:07:46.474,تنها شانس رییس‌جمهور شدنش رو هم به فنا داد.,0,0,0,https://x.com/ahangevafa/status/1957097024802709682,2025,8,2025-08-17,تنها شانس رییس‌جمهور شدنش رو هم به فنا داد.,He destroyed his only chance to become president.
1956663393399529661,ahangevafa,2025-08-16 13:24:40.691,تو توییتر اونایی که دراما ندارن در اقلیتن.,0,0,0,https://x.com/ahangevafa/status/1956663393399529661,2025,8,2025-08-16,تو توییتر اونایی که دراما ندارن در اقلیتن.,"On Twitter, those who don't have drama are in the minority."
1954183890177757429,ahangevafa,2025-08-09 17:12:01.056,اینکه به دولت گیر دهید که از بودجه خرج مهاجران غیر قانونی نکند حق شماس ولی اینکه به یه خیر بگید اول کارت شناسایی و ملیت و مذهب چک کن بعد کمک کن دیگه زیر پا گذاشتن انسانیته. اون مهاجر غیر قانونی اگر حکمش برگشت به مبدا است ولی محکوم به مرگ نیست. اول انسان است بعد افغانی بعد مهاجر.,0,0,0,https://x.com/ahangevafa/status/1954183890177757429,2025,8,2025-08-09,اینکه به دولت گیر دهید که از بودجه خرج مهاجران غیر قانونی نکند حق شماس ولی اینکه به یه خیر بگید اول کارت شناسایی و ملیت و مذهب چک کن بعد کمک کن دیگه زیر پا گذاشتن انسانیته. اون مهاجر غیر قانونی اگر حکمش برگشت به مبدا است ولی محکوم به مرگ نیست. اول انسان است بعد افغانی بعد مهاجر.,"It is your right to complain to the government not to spend money on illegal immigrants, but to tell a good man to check his ID card, nationality and religion and then help him is a violation of humanity. The illegal immigrant is sentenced to return to origin, but he is not sentenced to death. First he is a human being, then an Afghan, then a migrant."
1951187784892285186,ahangevafa,2025-08-01 10:46:33.891,"میخوام برم پا ندارم
میخوام نرم غذا ندارم
[وی برای رفتن به خانه خواهرش مردد است]",0,0,0,https://x.com/ahangevafa/status/1951187784892285186,2025,8,2025-08-01,"میخوام برم پا ندارم
میخوام نرم غذا ندارم
[وی برای رفتن به خانه خواهرش مردد است]","I want to go, I have no legs
I don't want soft food
[He hesitates to go to his sister's house]"
1951200398204608818,ahangevafa,2025-08-01 11:36:41.139,وی رفت و ایشان دلمه داشتن، وی نمی‌رفت تا ابد کونش میسوخت.,0,0,0,https://x.com/ahangevafa/status/1951200398204608818,2025,8,2025-08-01,وی رفت و ایشان دلمه داشتن، وی نمی‌رفت تا ابد کونش میسوخت.,"He went and they were sick, he didn't go, his heart would burn forever."
1950089949014835215,ahangevafa,2025-07-29 10:04:09.421,بازم میشه از این عکسا گرفت، فقط کافیه بری غزه.,0,0,0,https://x.com/ahangevafa/status/1950089949014835215,2025,7,2025-07-29,بازم میشه از این عکسا گرفت، فقط کافیه بری غزه.,"You can take these photos again, just go to Gaza."
1949852686586630647,ahangevafa,2025-07-28 18:21:21.650,"چون دلارام میزند شمشیر 
سر ببازیم و رخ نگردانیم
دوستان در هوای صحبت یار
زر فشانند و ما سر افشانیم 
خلاصه پول مول ندارم، پا میدی دلارام جون؟",0,0,0,https://x.com/ahangevafa/status/1949852686586630647,2025,7,2025-07-28,"چون دلارام میزند شمشیر 
سر ببازیم و رخ نگردانیم
دوستان در هوای صحبت یار
زر فشانند و ما سر افشانیم 
خلاصه پول مول ندارم، پا میدی دلارام جون؟","Because the dollar is a sword 
Let's get lost and not face it
Friends in the mood to talk
They will blow gold and we will blow our heads 
In short, I don't have a lot of money, can you give me my dollars?"
1949743935137677501,ahangevafa,2025-07-28 11:09:13.284,"RT 
@m_bayatzanjani
: دوستان عنایت کنید؛
یک زن سرپرست خانوار در حاشیه‌ی یاسوج به دلیل یک بدهی ۳۸ میلیون‌تومانی در آستانه‌ی بازداشت است که اگر…",0,0,0,https://x.com/ahangevafa/status/1949743935137677501,2025,7,2025-07-28,"RT 
@m_bayatzanjani
: دوستان عنایت کنید؛
یک زن سرپرست خانوار در حاشیه‌ی یاسوج به دلیل یک بدهی ۳۸ میلیون‌تومانی در آستانه‌ی بازداشت است که اگر…","RT 
@m_bayatzanjani
: Take care, friends;
A female head of a household in the outskirts of Yasouj is on the verge of being arrested due to a debt of 38 million tomans, which if..."
1949484325818204407,ahangevafa,2025-07-27 17:57:37.599,"دیشب که حالی با لب پیمانه کردم
مستانه گیسوی غزل را شانه کردم

من مست بودم نفهمیدم خود غزل نباس بگه من اصغرم غزل کیمدی؟",0,0,0,https://x.com/ahangevafa/status/1949484325818204407,2025,7,2025-07-27,"دیشب که حالی با لب پیمانه کردم
مستانه گیسوی غزل را شانه کردم

من مست بودم نفهمیدم خود غزل نباس بگه من اصغرم غزل کیمدی؟","Last night, I made a cup with my lips
Drunkenly, I combed Ghazal's hair

I was drunk, I didn't understand Ghazal himself, don't tell me, I'm Asghar Ghazal, where are you?"
1948242925764084176,ahangevafa,2025-07-24 07:44:44.762,هی توله من مراقبتم تو هم مراقب خودت باش.,0,0,0,https://x.com/ahangevafa/status/1948242925764084176,2025,7,2025-07-24,هی توله من مراقبتم تو هم مراقب خودت باش.,"Hey baby, I'm taking care of you, take care of yourself."
1948000206110314516,ahangevafa,2025-07-23 15:40:15.887,"دلم میخواد یه پام رو بذارم اینور یه پام رو بذارم اونور برینم وسط دهنش. کسی که مشکلی نداره؟ آزادی بیان کسی رو که خدشه‌دار نکردم؟ پدوفیلی که حساب نمیشه؟ 
x.com/hehe_mikh/stat
…",0,0,0,https://x.com/ahangevafa/status/1948000206110314516,2025,7,2025-07-23,"دلم میخواد یه پام رو بذارم اینور یه پام رو بذارم اونور برینم وسط دهنش. کسی که مشکلی نداره؟ آزادی بیان کسی رو که خدشه‌دار نکردم؟ پدوفیلی که حساب نمیشه؟ 
x.com/hehe_mikh/stat
…","I want to put one foot this way, one foot that way, and go in the middle of his mouth. Who has no problem? Did I not infringe anyone's freedom of expression? A pedophile that doesn't count? 
x.com/hehe_mikh/stat
…"
1947186920225677528,ahangevafa,2025-07-21 09:48:33.422,وقتی تو دستشویی ریدی و آب قطع شده و نمیدونی چه گهی بخوری یه دقیقه بشین و به این فکر کن که پول گرفتی عکسهای رقص کاوه مدنی رو پخش کنی بگی فلانکاره است. بعد همون گه رو بردار بمال به صورتت.,0,0,0,https://x.com/ahangevafa/status/1947186920225677528,2025,7,2025-07-21,وقتی تو دستشویی ریدی و آب قطع شده و نمیدونی چه گهی بخوری یه دقیقه بشین و به این فکر کن که پول گرفتی عکسهای رقص کاوه مدنی رو پخش کنی بگی فلانکاره است. بعد همون گه رو بردار بمال به صورتت.,"When you go to the bathroom and the water is cut off and you don't know what to eat, sit for a minute and think that you got money to spread the photos of Kaveh Madani's dance and say it's a waste. Then take the same thing and apply it on your face."
1947183274532475042,ahangevafa,2025-07-21 09:34:04.221,تیک آبی هدیه به هم میدید؟ این ماسک یه جوری این تیک آبی رو خز کنه که ملت یه روز با افتخار تو بیوشون مینویسن «این اکانت هیچ وقت تیک آبی نداشته است».,0,0,0,https://x.com/ahangevafa/status/1947183274532475042,2025,7,2025-07-21,تیک آبی هدیه به هم میدید؟ این ماسک یه جوری این تیک آبی رو خز کنه که ملت یه روز با افتخار تو بیوشون مینویسن «این اکانت هیچ وقت تیک آبی نداشته است».,"Do you see the blue tick as a gift? This mask hides this blue tick in a way that people will one day proudly write in their bios, ""This account has never had a blue tick""."
1947176397149016286,ahangevafa,2025-07-21 09:06:44.525,من اگه برنده بشم اول قرض.... ولش کن تنم سالمه کار میکنم قرضامو میدم، طلبکارام خودشون خیرن. همه‌اش یه راست میره خیریه #کارخیر,0,0,0,https://x.com/ahangevafa/status/1947176397149016286,2025,7,2025-07-21,من اگه برنده بشم اول قرض.... ولش کن تنم سالمه کار میکنم قرضامو میدم، طلبکارام خودشون خیرن. همه‌اش یه راست میره خیریه #کارخیر,"If I win, first the loan.... Leave it alone, I'm working, I'll pay my loan, my creditors are not good It's all going right, charity #karkhair"
1946836491423887565,ahangevafa,2025-07-20 10:36:04.685,"به نظرتون این از بینش کمه یا از بیم شکمه؟ 
پ.ن: بعضی از کاربرهای توییتر این روزها...",0,0,0,https://x.com/Fereshtetabani1/status/1946836491423887565,2025,7,2025-07-20,"به نظرتون این از بینش کمه یا از بیم شکمه؟ 
پ.ن: بعضی از کاربرهای توییتر این روزها...","Do you think this is due to lack of insight or fear? 
PN: Some Twitter users these days..."
1946769865722740747,ahangevafa,2025-07-20 06:11:19.880,کسکش به آلمانی چی میشه؟ تا پیداش کنم فعلا به فارسی امیدوارم فعالیت آزادانه کسکشی روزنامه‌نگاران فارسی زبانت مختل نشه.,0,0,0,https://x.com/ahangevafa/status/1946769865722740747,2025,7,2025-07-20,کسکش به آلمانی چی میشه؟ تا پیداش کنم فعلا به فارسی امیدوارم فعالیت آزادانه کسکشی روزنامه‌نگاران فارسی زبانت مختل نشه.,"What does keskesh mean in German? Until I find it, I hope it will not interfere with the free activity of Persian speaking journalists."
1946768263481823370,ahangevafa,2025-07-20 06:04:57.876,"نهنگها از انسانها متمدن‌تر و عاقل‌ترن.
وقتی میبینی ته تمدنت ختم میشه به اینکه جلوی چشم میلیاردها آدم اسراییل نسل‌کشی میکنه بهترین کار اینه با خودکشی دسته‌جمعی برینی تو این تمدن.",0,0,0,https://x.com/ahangevafa/status/1946768263481823370,2025,7,2025-07-20,"نهنگها از انسانها متمدن‌تر و عاقل‌ترن.
وقتی میبینی ته تمدنت ختم میشه به اینکه جلوی چشم میلیاردها آدم اسراییل نسل‌کشی میکنه بهترین کار اینه با خودکشی دسته‌جمعی برینی تو این تمدن.","Whales are more civilized and wiser than humans.
When you see that the bottom of your civilization ends with Israel committing genocide in front of the eyes of billions of people, the best thing is to go to this civilization with mass suicide."
1945719942487191603,ahangevafa,2025-07-17 08:39:18.674,شوما تصور کن فردای ایران آزاد بلوچ‌ها، تورکها، کوردها، عربها و چه میدونم یکی از هرار قوم جدایی‌طلب ایران بخواد یه تیکه رو برداره پرچم بزنه روش، بعد رییس دولت موقت، رضا پهلویتون رو میگم، بعد چند ماه دستور بده ارتش بره برا سرکوب ییهو اسراییل چیزش راست شه بگه نه گه خوردی. قشنگه نه؟,0,0,0,https://x.com/ahangevafa/status/1945719942487191603,2025,7,2025-07-17,شوما تصور کن فردای ایران آزاد بلوچ‌ها، تورکها، کوردها، عربها و چه میدونم یکی از هرار قوم جدایی‌طلب ایران بخواد یه تیکه رو برداره پرچم بزنه روش، بعد رییس دولت موقت، رضا پهلویتون رو میگم، بعد چند ماه دستور بده ارتش بره برا سرکوب ییهو اسراییل چیزش راست شه بگه نه گه خوردی. قشنگه نه؟,"Shuma, imagine the future of free Iran, Balochs, Turks, Kurds, Arabs, and what do I know. One of the separatist people of Harar Iran wants to take a piece and put a flag on it. Then I will tell you the head of the interim government, Reza Pahlavi. After a few months, order the army to go to suppress Israel, let's be honest, say no, you are bullshit. Isn't it beautiful?"
1945720179259765180,ahangevafa,2025-07-17 08:40:15.125,الان یکی پیدا میشه میگه این اتفاق برا ما نمی‌افته چون ما فرق داریم. همین فرق من تو حلقت.,0,0,0,https://x.com/ahangevafa/status/1945720179259765180,2025,7,2025-07-17,الان یکی پیدا میشه میگه این اتفاق برا ما نمی‌افته چون ما فرق داریم. همین فرق من تو حلقت.,Now there is someone who says that this will not happen to us because we are different. That's the difference between me and you.
1944994038240702655,ahangevafa,2025-07-15 08:34:49.615,امروز اولویت #کارخیر تأمین مایحتاج اساسی زندگی برای ۲ خانواده در کهگیلویه و بوبراحمد است که بعد از صحت‌سنجی، دوستان من در توضیحات ارسالی برایم نوشته‌اند: درآمد ندارند و‌ در منزل کاهگلی زندگی‌ می‌کنند….,0,0,0,https://x.com/m_bayatzanjani/status/1944994038240702655,2025,7,2025-07-15,امروز اولویت #کارخیر تأمین مایحتاج اساسی زندگی برای ۲ خانواده در کهگیلویه و بوبراحمد است که بعد از صحت‌سنجی، دوستان من در توضیحات ارسالی برایم نوشته‌اند: درآمد ندارند و‌ در منزل کاهگلی زندگی‌ می‌کنند….,"Today, the priority of #Karkhair is to provide the basic necessities of life for 2 families in Kohgiluyeh and Bubrahmad."
1943599089662185647,ahangevafa,2025-07-11 12:11:47.957,ویرایش جدید آیین‌نامه ۲۸۰۰ اومد، یه پیوست جدید اضافه کردن، پیوست هفتم آیین‌نامه طراحی ساختمانها در برابر انفجار ریزپرنده و گاز.,0,0,0,https://x.com/ahangevafa/status/1943599089662185647,2025,7,2025-07-11,ویرایش جدید آیین‌نامه ۲۸۰۰ اومد، یه پیوست جدید اضافه کردن، پیوست هفتم آیین‌نامه طراحی ساختمانها در برابر انفجار ریزپرنده و گاز.,"The new edition of the 2800 regulations has come, adding a new appendix, the seventh appendix of the regulations for the design of buildings against the explosion of small particles and gas."
1943347987301929115,ahangevafa,2025-07-10 19:34:00.489,هرکی رفت ساچی و از اینا نخرید از ما نیست. دیگه با انگشت نشون ندم.,0,0,0,https://x.com/ahangevafa/status/1943347987301929115,2025,7,2025-07-10,هرکی رفت ساچی و از اینا نخرید از ما نیست. دیگه با انگشت نشون ندم.,Anyone who goes to Sachi and does not buy from these is not from us. I will not point fingers anymore.
1943190488141398025,ahangevafa,2025-07-10 09:08:09.763,"سگ هلال احمر روزی چند
پی وطن گرفت و شهید شد",0,0,0,https://x.com/ahangevafa/status/1943190488141398025,2025,7,2025-07-10,"سگ هلال احمر روزی چند
پی وطن گرفت و شهید شد","How much is a red crescent dog per day?
He sought his homeland and was martyred"
1942259454281675120,ahangevafa,2025-07-07 19:28:33.993,"شما رفیقی که چایی و قهوه پدرمادردار بده دستتون ندارید، شما ده هیچ از زندگی باختین. 
[وی مست و سرخوش از عطر قهوه خودش را چس کرده فخر میفروشد]
@kazimoto3501",0,0,0,https://x.com/ahangevafa/status/1942259454281675120,2025,7,2025-07-07,"شما رفیقی که چایی و قهوه پدرمادردار بده دستتون ندارید، شما ده هیچ از زندگی باختین. 
[وی مست و سرخوش از عطر قهوه خودش را چس کرده فخر میفروشد]
@kazimoto3501","You don't have a friend to give tea and coffee to your parents, you have lost nothing in life. 
[He is drunk and intoxicated by the aroma of his coffee and boasts]
@kazimoto3501"
1940395545002217587,ahangevafa,2025-07-02 16:02:03.391,تعلیق کنیم دیگه گروسی نمیاد ایران؟ پوووووووف,0,0,0,https://x.com/ahangevafa/status/1940395545002217587,2025,7,2025-07-02,تعلیق کنیم دیگه گروسی نمیاد ایران؟ پوووووووف,"Should we suspend, will Grosi not come to Iran? Poooooo"
1939993396447154190,ahangevafa,2025-07-01 13:24:03.704,همراه اول عزیز به جای اینکه هی به من پیامک بدی قبضت رو پرداخت کن به اون بانک بیصاحاب پیام بده پرداخت اینترنتی رو درست کنه، انتظار نداری که برم دم عابربانک صف وایسم ۴۹۰۰۰ ریال قبض پرداخت کنم؟,0,0,0,https://x.com/ahangevafa/status/1939993396447154190,2025,7,2025-07-01,همراه اول عزیز به جای اینکه هی به من پیامک بدی قبضت رو پرداخت کن به اون بانک بیصاحاب پیام بده پرداخت اینترنتی رو درست کنه، انتظار نداری که برم دم عابربانک صف وایسم ۴۹۰۰۰ ریال قبض پرداخت کنم؟,"Dear first friend, instead of texting me to pay your bill, send a message to that unaccompanied bank to fix the online payment, don't you expect me to go to the bank teller line and pay 49,000 rials?"
1939928967865139253,ahangevafa,2025-07-01 09:08:02.733,واقعا کسی که سال ۲۰۲۵ جلوی چشم دوربینها داره نسل‌کشی میکنه از زدن بمب اتم ابایی داره؟,0,0,0,https://x.com/ahangevafa/status/1939928967865139253,2025,7,2025-07-01,واقعا کسی که سال ۲۰۲۵ جلوی چشم دوربینها داره نسل‌کشی میکنه از زدن بمب اتم ابایی داره؟,Is someone who is committing genocide in front of the cameras in 2025 really afraid of dropping an atomic bomb?
1939730277221183756,ahangevafa,2025-06-30 19:58:31.192,واقعاً نمیفهمم این چه عرفیه. کودکان به کنار، ولی اینکه مرگ زنها در جنگ دردناکه ولی مرگ مردها رو نمیفهمم. مردهای غیر نظامی استحقاق خاصی برای مردن در جنگ دارند که جزو آمار کشته‌شده‌های دردناک و ناراحت‌کننده نمیان؟,0,0,0,https://x.com/ahangevafa/status/1939730277221183756,2025,6,2025-06-30,واقعاً نمیفهمم این چه عرفیه. کودکان به کنار، ولی اینکه مرگ زنها در جنگ دردناکه ولی مرگ مردها رو نمیفهمم. مردهای غیر نظامی استحقاق خاصی برای مردن در جنگ دارند که جزو آمار کشته‌شده‌های دردناک و ناراحت‌کننده نمیان؟,"I really don't understand what this custom is. Children aside, but the death of women in war is painful, but I don't understand the death of men. Do civilian men have a special right to die in war, which are not among the painful and sad dead?"
1939724128736739807,ahangevafa,2025-06-30 19:34:05.279,خیلی تاثیرگذار بود الاناس که پادگانا خالی بشن.,0,0,0,https://x.com/ahangevafa/status/1939724128736739807,2025,6,2025-06-30,خیلی تاثیرگذار بود الاناس که پادگانا خالی بشن.,It was very impressive that the barracks were empty.
