tweet_id,username,created_at,text,replies,retweets,likes,url,year,month,date,Text_original,Text_en
2013937719659872663,ahmadabdulsada,2026-01-21 13:32:24.177,"لماذا تزوجت أمريكا ""الإرهاب السني"" مجدداً؟! 

ما نشهده الآن في سوريا هو عودة ""الزواج التقليدي القديم"" بين أمريكا والتنظيمات الإرهابية التكفيرية السنية.

هذا الزواج بدأ في ثمانينيات القرن الماضي، حين دعمت ومولت أمريكا، في عهد إدارة رونالد ريغان، جموع المقاتلين التكفيريين في",0,0,0,https://x.com/ahmadabdulsada/status/2013937719659872663,2026,1,2026-01-21,"لماذا تزوجت أمريكا ""الإرهاب السني"" مجدداً؟! 

ما نشهده الآن في سوريا هو عودة ""الزواج التقليدي القديم"" بين أمريكا والتنظيمات الإرهابية التكفيرية السنية.

هذا الزواج بدأ في ثمانينيات القرن الماضي، حين دعمت ومولت أمريكا، في عهد إدارة رونالد ريغان، جموع المقاتلين التكفيريين في","Why did America marry “Sunni terrorism” again?! 

What we are witnessing now in Syria is the return of the “old traditional marriage” between America and Sunni Takfiri terrorist organizations.

This marriage began in the 1980s, when America, during the Ronald Reagan administration, supported and financed masses of Takfiri fighters in"
2022783863135818149,ahmadabdulsada,2026-02-14 23:23:49.135,"أنا أخوالي من عشيرة ""بني مالك"" الكريمة والعريقة، وفي العشيرة شخصيات مرموقة ومهمة مثل ""ابن عم والدتي"" الشيخ محمد فلك المالكي ""معتمد المرجعية الدينية العليا في البصرة""، وفيها أيضاً رجال أفاضل ولهم معرفة دقيقة بمسائل العشائر والأنساب، وقد سألتهم مؤخراً عن المرتزق ابن البعثي المدعو",0,0,0,https://x.com/ahmadabdulsada/status/2022783863135818149,2026,2,2026-02-14,"أنا أخوالي من عشيرة ""بني مالك"" الكريمة والعريقة، وفي العشيرة شخصيات مرموقة ومهمة مثل ""ابن عم والدتي"" الشيخ محمد فلك المالكي ""معتمد المرجعية الدينية العليا في البصرة""، وفيها أيضاً رجال أفاضل ولهم معرفة دقيقة بمسائل العشائر والأنساب، وقد سألتهم مؤخراً عن المرتزق ابن البعثي المدعو","I am my uncles from the honorable and ancient “Bani Malik” clan, and in the clan there are prominent and important figures such as “my mother’s cousin,” Sheikh Muhammad Falak al-Maliki, “the authorized representative of the Supreme Religious Authority in Basra.” There are also distinguished men who have precise knowledge of clan and lineage issues, and I recently asked them about the so-called mercenary Ibn al-Baathi."
2020070573439676688,ahmadabdulsada,2026-02-07 11:42:10.461,أنا مع انتقاد جميع السياسيين، بلا استثناء، ومن ضمنهم طبعاً السيد نوري المالكي والحاج هادي العامري والسيد عمار الحكيم والشيخ قيس الخزعلي، ولكن بشرط أن يكون الانتقاد موضوعياً أساسه التوضيح وليس التجريح، وهدفه القراءة والإضاءة وليس الإساءة والبذاءة، وغايته التقييم والتحليل وليس,0,0,0,https://x.com/ahmadabdulsada/status/2020070573439676688,2026,2,2026-02-07,أنا مع انتقاد جميع السياسيين، بلا استثناء، ومن ضمنهم طبعاً السيد نوري المالكي والحاج هادي العامري والسيد عمار الحكيم والشيخ قيس الخزعلي، ولكن بشرط أن يكون الانتقاد موضوعياً أساسه التوضيح وليس التجريح، وهدفه القراءة والإضاءة وليس الإساءة والبذاءة، وغايته التقييم والتحليل وليس,"I am in favor of criticizing all politicians, without exception, including, of course, Mr. Nouri al-Maliki, Haj Hadi al-Amiri, Mr. Ammar al-Hakim, and Sheikh Qais al-Khazali, but on the condition that the criticism is objective, its basis is clarification and not defamation, its goal is reading and illumination, not insult and obscenity, and its goal is evaluation and analysis, not insulting."
2022576348221362470,ahmadabdulsada,2026-02-14 09:39:13.724,"يتحدثون بتوجيه، ويصمتون بتوجيه.
هذا هو حال مدوني الجيوش الإلكترونية الذين لا يمتلكون قرار حرية الكلام في الوقت الذي يريدونه، والذين ليس لديهم موقف حر ورأي مستقل، لأنهم بالنهاية ""أدوات"" في معركة ليست معركتهم",0,0,0,https://x.com/ahmadabdulsada/status/2022576348221362470,2026,2,2026-02-14,"يتحدثون بتوجيه، ويصمتون بتوجيه.
هذا هو حال مدوني الجيوش الإلكترونية الذين لا يمتلكون قرار حرية الكلام في الوقت الذي يريدونه، والذين ليس لديهم موقف حر ورأي مستقل، لأنهم بالنهاية ""أدوات"" في معركة ليست معركتهم","They speak with direction, and they remain silent with direction.
This is the case of electronic army bloggers who do not have the freedom to speak at the time they want, and who do not have a free position and independent opinion, because in the end they are “tools” in a battle that is not theirs."
2015811928577167502,ahmadabdulsada,2026-01-26 17:39:50.404,"ما الذي يدفع صدرياً ""تائباً"" يتصدى ""مؤخراً"" لفضح جرائم عصابات الجولاني الإرهابية، إلى مهاجمة المالكي الذي كان وما زال صاحب الخطاب الشيعي السياسي الأقوى والأشرس ضد تلك العصابات، والذي اعتبره الدواعش عدوهم ""الأول"" في العراق في بيانهم المعروف بعد احتلالهم للموصل؟!

لماذا قام المدعو",0,0,0,https://x.com/ahmadabdulsada/status/2015811928577167502,2026,1,2026-01-26,"ما الذي يدفع صدرياً ""تائباً"" يتصدى ""مؤخراً"" لفضح جرائم عصابات الجولاني الإرهابية، إلى مهاجمة المالكي الذي كان وما زال صاحب الخطاب الشيعي السياسي الأقوى والأشرس ضد تلك العصابات، والذي اعتبره الدواعش عدوهم ""الأول"" في العراق في بيانهم المعروف بعد احتلالهم للموصل؟!

لماذا قام المدعو","What prompted a “repentant” Sadrist, who “recently” exposed the crimes of the Jolani terrorist gangs, to attack Al-Maliki, who was and still is the author of the strongest and fiercest Shiite political discourse against those gangs, and whom ISIS considered to be their “number one” enemy in Iraq in their well-known statement after their occupation of Mosul?!

Why did the invitee rise?"
2022058930386743676,ahmadabdulsada,2026-02-12 23:23:11.699,"من المعيب جداً أن يتحول المحلل السياسي أو المدون إلى بيدق بيد لاعب شطرنج سياسي مزاجي ومتقلب، وإلى ببغاء يردد، بدون اعتراض، ""الأوردرات"" والتوجيهات ""المتناقضة"" التي يُكلف به مقابل مبلغ مالي محدد، أو مقابل راتب شهري مقداره 500 ألف دينار، أو مليون دينار في أفضل الأحوال.

لا توجد",0,0,0,https://x.com/ahmadabdulsada/status/2022058930386743676,2026,2,2026-02-12,"من المعيب جداً أن يتحول المحلل السياسي أو المدون إلى بيدق بيد لاعب شطرنج سياسي مزاجي ومتقلب، وإلى ببغاء يردد، بدون اعتراض، ""الأوردرات"" والتوجيهات ""المتناقضة"" التي يُكلف به مقابل مبلغ مالي محدد، أو مقابل راتب شهري مقداره 500 ألف دينار، أو مليون دينار في أفضل الأحوال.

لا توجد","It is very shameful for a political analyst or blogger to turn into a pawn in the hands of a moody and volatile political chess player, and into a parrot who repeats, without objection, the “orders” and “contradictory” directives that are assigned to him in exchange for a specific sum of money, or in exchange for a monthly salary of 500 thousand dinars, or one million dinars at best.

Nothing"
2021328965680390452,ahmadabdulsada,2026-02-10 23:02:34.551,"لقد تمادى وزير الخارجية التركي هاكان فيدان كثيراً بقوله بأن تركيا ""ستنتقل إلى مناقشة الملف العراقي بعد الانتهاء من المسألة السورية، وأن على العراقيين أن يتعلموا الدرس مما جرى في سوريا وأن يتصرفوا بحكمة"".

هذا التصريح مستفز جداً، ليس فقط لأنه يمثل تدخلاً وقحاً في الشأن العراقي",0,0,0,https://x.com/ahmadabdulsada/status/2021328965680390452,2026,2,2026-02-10,"لقد تمادى وزير الخارجية التركي هاكان فيدان كثيراً بقوله بأن تركيا ""ستنتقل إلى مناقشة الملف العراقي بعد الانتهاء من المسألة السورية، وأن على العراقيين أن يتعلموا الدرس مما جرى في سوريا وأن يتصرفوا بحكمة"".

هذا التصريح مستفز جداً، ليس فقط لأنه يمثل تدخلاً وقحاً في الشأن العراقي","Turkish Foreign Minister Hakan Fidan went too far by saying that Turkey ""will move to discussing the Iraqi file after the Syrian issue is completed, and that the Iraqis must learn the lesson from what happened in Syria and act wisely.""

This statement is very provocative, not only because it represents a shameless interference in Iraqi affairs"
2021495733656969383,ahmadabdulsada,2026-02-11 10:05:15.135,في المسيرات المليونية الشعبية في ذكرى انتصار الثورة الإسلامية الإيرانية، تم عرض مجسمات لنعوش رمزية للقادة العسكريين الأمريكيين، في رسالة واضحة لتحدي التهديدات الأمريكية لإيران، وفي خطوة مهمة تعبر عن وفاء الشعب الإيراني لثوابت ثورته ومبادئها العظيمة في تحقيق السيادة والاستقلال,0,0,0,https://x.com/ahmadabdulsada/status/2021495733656969383,2026,2,2026-02-11,في المسيرات المليونية الشعبية في ذكرى انتصار الثورة الإسلامية الإيرانية، تم عرض مجسمات لنعوش رمزية للقادة العسكريين الأمريكيين، في رسالة واضحة لتحدي التهديدات الأمريكية لإيران، وفي خطوة مهمة تعبر عن وفاء الشعب الإيراني لثوابت ثورته ومبادئها العظيمة في تحقيق السيادة والاستقلال,"In the million popular marches commemorating the victory of the Iranian Islamic Revolution, models of symbolic coffins of American military leaders were displayed, in a clear message to challenge the American threats to Iran, and in an important step that expresses the Iranian people’s loyalty to the constants of their revolution and its great principles in achieving sovereignty and independence."
2021321661564215661,ahmadabdulsada,2026-02-10 22:33:33.114,"القيادي في ""أنصار الله"" محمد البخيتي يشخص بدقة نقاط ضعف أمريكا في حال قيامها بشن حرب عدوانية ضد إيران ودول محور المقاومة، وبمقدمة نقاط الضعف هذه هي المضائق البحرية مثل مضيق هرمز الذي تسيطر عليه إيران، ومضيق باب المندب الذي يسيطر عليه اليمن، وذلك فضلاً عن قدرة إيران واليمن وباقي",0,0,0,https://x.com/ahmadabdulsada/status/2021321661564215661,2026,2,2026-02-10,"القيادي في ""أنصار الله"" محمد البخيتي يشخص بدقة نقاط ضعف أمريكا في حال قيامها بشن حرب عدوانية ضد إيران ودول محور المقاومة، وبمقدمة نقاط الضعف هذه هي المضائق البحرية مثل مضيق هرمز الذي تسيطر عليه إيران، ومضيق باب المندب الذي يسيطر عليه اليمن، وذلك فضلاً عن قدرة إيران واليمن وباقي","The leader of Ansar Allah, Muhammad Al-Bukhaiti, accurately diagnoses America’s weaknesses in the event that it launches an aggressive war against Iran and the countries of the axis of resistance. The first of these weaknesses are the sea straits such as the Strait of Hormuz, which is controlled by Iran, and the Strait of Bab al-Mandab, which is controlled by Yemen, in addition to the ability of Iran, Yemen, and the rest of the world."
2021265572760056143,ahmadabdulsada,2026-02-10 18:50:40.501,"قاعدة الموفق العسكرية الأمريكية في الأردن هي قاعدة استخدمها العدو الأمريكي في محاولة اعتراض وصد الصواريخ الإيرانية المتجهة صوب الكيان الصهيوني، وهي قاعدة ستكون هدفاً رئيسياً للصواريخ الإيرانية في حال غامر الأمريكان بشن عدوان على إيران مستقبلاً.
على النظام الأردني أن يعرف بأن",0,0,0,https://x.com/ahmadabdulsada/status/2021265572760056143,2026,2,2026-02-10,"قاعدة الموفق العسكرية الأمريكية في الأردن هي قاعدة استخدمها العدو الأمريكي في محاولة اعتراض وصد الصواريخ الإيرانية المتجهة صوب الكيان الصهيوني، وهي قاعدة ستكون هدفاً رئيسياً للصواريخ الإيرانية في حال غامر الأمريكان بشن عدوان على إيران مستقبلاً.
على النظام الأردني أن يعرف بأن","The American military base Al-Muwafaq in Jordan is a base used by the American enemy in an attempt to intercept and repel Iranian missiles heading towards the Zionist entity. It is a base that will be a major target for Iranian missiles if the Americans venture to launch an aggression against Iran in the future.
The Jordanian regime must know that"
2020525288237441188,ahmadabdulsada,2026-02-08 17:49:02.917,"ابن ""كيفية"" الشيعية الطيبة

يذكر الكاتب حسن العلوي في كتابه ""عبد الكريم قاسم.. رؤية بعد العشرين"" تفاصيل عدة عن ""كيفية حسن يعقوب"" والدة عبد الكريم قاسم، من منطلق علاقة الجيرة التي كانت تربط بيت العلوي ببيت ""أم حامد"" والدة عبد الكريم في منطقة ""كرادة مريم""، ومن ضمن ما ذكره العلوي هو",0,0,0,https://x.com/ahmadabdulsada/status/2020525288237441188,2026,2,2026-02-08,"ابن ""كيفية"" الشيعية الطيبة

يذكر الكاتب حسن العلوي في كتابه ""عبد الكريم قاسم.. رؤية بعد العشرين"" تفاصيل عدة عن ""كيفية حسن يعقوب"" والدة عبد الكريم قاسم، من منطلق علاقة الجيرة التي كانت تربط بيت العلوي ببيت ""أم حامد"" والدة عبد الكريم في منطقة ""كرادة مريم""، ومن ضمن ما ذكره العلوي هو","Ibn Kifiya, the good Shiite

The writer Hassan Al-Alawi mentions in his book “Abdul Karim Qasim...a vision after twenty” several details about “how Hassan Yaqoub”, the mother of Abdul Karim Qasim, was based on the neighborly relationship that linked Al-Alawi’s house to the house of “Umm Hamid”, Abdul Karim’s mother, in the “Karada Maryam” area. Among what Al-Alawi mentioned is:"
2020510173886877807,ahmadabdulsada,2026-02-08 16:48:59.375,"موقفي هو مع إضراب التجار. لماذا؟
 لأن الضرائب التي تُفرض على التاجر هي في الحقيقة تُفرض على المواطن، ولا شك أن التاجر لا توجد لديه مشكلة في الموضوع، لأنه بكل بساطة سيرفع الأسعار، وحين يعترض عليه المواطن سيجيبه ببساطة بأن الذنب ليس ذنبه وإنما ذنب الحكومة التي رفعت الضرائب على",0,0,0,https://x.com/ahmadabdulsada/status/2020510173886877807,2026,2,2026-02-08,"موقفي هو مع إضراب التجار. لماذا؟
 لأن الضرائب التي تُفرض على التاجر هي في الحقيقة تُفرض على المواطن، ولا شك أن التاجر لا توجد لديه مشكلة في الموضوع، لأنه بكل بساطة سيرفع الأسعار، وحين يعترض عليه المواطن سيجيبه ببساطة بأن الذنب ليس ذنبه وإنما ذنب الحكومة التي رفعت الضرائب على","My position is with the traders strike. Why?
 Because the taxes that are imposed on the merchant are in fact imposed on the citizen, and there is no doubt that the merchant has no problem with the matter, because he will simply raise prices, and when the citizen objects to him, he will simply answer that the fault is not his fault, but rather the fault of the government that raised the taxes on"
2020413287825866979,ahmadabdulsada,2026-02-08 10:23:59.938,"يبدو أنه في الأيام المقبلة سينبثق مصطلح سياسي عراقي جديد هو ""شيعة الحلبوسي""، بمقابل مصطلح قديم ومتداول هو ""سنة المالكي""!!",0,0,0,https://x.com/ahmadabdulsada/status/2020413287825866979,2026,2,2026-02-08,"يبدو أنه في الأيام المقبلة سينبثق مصطلح سياسي عراقي جديد هو ""شيعة الحلبوسي""، بمقابل مصطلح قديم ومتداول هو ""سنة المالكي""!!","It seems that in the coming days a new Iraqi political term will emerge, “Halbousi Shiites,” in contrast to an old and widely used term, “Maliki’s Sunnis”!!"
2020249731654643749,ahmadabdulsada,2026-02-07 23:34:05.108,"التفاهم السياسي بين المالكي والعامري من جهة، وبين البرزاني من جهة أخرى، هو تفاهم ضروري جداً في هذه المرحلة، لسببين:

السبب الأول يتعلق بتداعيات ما حصل في سوريا ضد الأكراد على أيدي الجماعات التكفيرية الحاكمة لدمشق، الأمر الذي يستدعي وجود ضرورة قصوى لتقوية التحالف بين الشيعة",0,0,0,https://x.com/ahmadabdulsada/status/2020249731654643749,2026,2,2026-02-07,"التفاهم السياسي بين المالكي والعامري من جهة، وبين البرزاني من جهة أخرى، هو تفاهم ضروري جداً في هذه المرحلة، لسببين:

السبب الأول يتعلق بتداعيات ما حصل في سوريا ضد الأكراد على أيدي الجماعات التكفيرية الحاكمة لدمشق، الأمر الذي يستدعي وجود ضرورة قصوى لتقوية التحالف بين الشيعة","The political understanding between Al-Maliki and Al-Amiri on the one hand, and between Barzani on the other hand, is a very necessary understanding at this stage, for two reasons:

The first reason relates to the repercussions of what happened in Syria against the Kurds at the hands of the Takfiri groups ruling Damascus, which calls for the utmost necessity to strengthen the alliance between the Shiites."
2019864056224522562,ahmadabdulsada,2026-02-06 22:01:32.920,"المؤسسون المقهورون.. 
عن مظلومية الشيعة في باكستان. 

التفجير التكفيري الإرهابي الذي استهدف مسجداً للشيعة في العاصمة الباكستانية إسلام آباد، والذى أدى لاستشهاد أكثر من 30 وجرح أكثر من 170 من المصلين الشيعة، هو تفجير يعيد للواجهة المظلومية الشيعية الكبرى في باكستان.

من المعروف أن",0,0,0,https://x.com/ahmadabdulsada/status/2019864056224522562,2026,2,2026-02-06,"المؤسسون المقهورون.. 
عن مظلومية الشيعة في باكستان. 

التفجير التكفيري الإرهابي الذي استهدف مسجداً للشيعة في العاصمة الباكستانية إسلام آباد، والذى أدى لاستشهاد أكثر من 30 وجرح أكثر من 170 من المصلين الشيعة، هو تفجير يعيد للواجهة المظلومية الشيعية الكبرى في باكستان.

من المعروف أن","The oppressed founders... 
About the oppression of Shiites in Pakistan. 

The Takfiri terrorist bombing that targeted a Shiite mosque in the Pakistani capital, Islamabad, which led to the martyrdom of more than 30 and the wounding of more than 170 Shiite worshipers, is a bombing that restores the great face of Shiite oppression in Pakistan.

It is known that"
2020130979323498534,ahmadabdulsada,2026-02-07 15:42:12.346,"في الذكرى الثانية لاستشهاد صديقي القائد الكبير أبو باقر الساعدي، لا بد أن نستذكر شجاعته التي أوجعت الأمريكان ودفعتهم للقول بأنه ""هدف عالي القيمة"" بعد استهدافهم له بقصف غادر، وهي شجاعة جعلته رمزاً وبطلاً ملهماً وعظيم القيمة في ضمير المقاومين الشجعان
#كما_اراد",0,0,0,https://x.com/ahmadabdulsada/status/2020130979323498534,2026,2,2026-02-07,"في الذكرى الثانية لاستشهاد صديقي القائد الكبير أبو باقر الساعدي، لا بد أن نستذكر شجاعته التي أوجعت الأمريكان ودفعتهم للقول بأنه ""هدف عالي القيمة"" بعد استهدافهم له بقصف غادر، وهي شجاعة جعلته رمزاً وبطلاً ملهماً وعظيم القيمة في ضمير المقاومين الشجعان
#كما_اراد","On the second anniversary of the martyrdom of my friend, the great leader Abu Baqir al-Saadi, we must remember his courage, which hurt the Americans and prompted them to say that he was a “high-value target” after they targeted him with treacherous bombing. It is a courage that made him an inspiring symbol and hero of great value in the conscience of the brave resistance fighters.
#As_he_wanted"
2019884250368012381,ahmadabdulsada,2026-02-06 23:21:47.579,معرض دمشق الدولي للإرهاب,0,0,0,https://x.com/ahmadabdulsada/status/2019884250368012381,2026,2,2026-02-06,معرض دمشق الدولي للإرهاب,Damascus International Terrorism Exhibition
2019795893457695190,ahmadabdulsada,2026-02-06 17:30:41.650,"اليوم قام إرهابيان ""عراقيان سنيان"" بتفجير نفسيهما حين حاولت قوة أمنية اعتقالهما في مدينة القائم.

وقبل فترة قصيرة تم إلقاء القبض على إرهابي ""عراقي سني"" يرتدي حزاماً ناسفاً حاول تفجير نفسه في مطعم ""هيوا الكردي"" في مدينة الرمادي.

هل هي مصادفة أن تستيقظ خلايا الإرهاب النائمة في",0,0,0,https://x.com/ahmadabdulsada/status/2019795893457695190,2026,2,2026-02-06,"اليوم قام إرهابيان ""عراقيان سنيان"" بتفجير نفسيهما حين حاولت قوة أمنية اعتقالهما في مدينة القائم.

وقبل فترة قصيرة تم إلقاء القبض على إرهابي ""عراقي سني"" يرتدي حزاماً ناسفاً حاول تفجير نفسه في مطعم ""هيوا الكردي"" في مدينة الرمادي.

هل هي مصادفة أن تستيقظ خلايا الإرهاب النائمة في","Today, two Iraqi Sunni terrorists blew themselves up when a security force tried to arrest them in the city of Al-Qaim.

A short while ago, an ""Iraqi Sunni"" terrorist wearing an explosive belt was arrested and tried to blow himself up in the ""Hiwa Kurdi"" restaurant in the city of Ramadi.

Is it a coincidence that sleeping terrorist cells in..."
2019161264031662347,ahmadabdulsada,2026-02-04 23:28:54.204,"قرار الإيرانيين باختيار العاصمة العمانية مسقط بدلاً من إسطنبول التركية كمكان للمفاوضات بينهم وبين الأمريكان يوم الجمعة المقبل، مع رفض حضور ممثلين عن دول عربية وإسلامية بصفة مراقبين، هو قرار يرسل عدة رسائل هي:

أولاً: إن إيران ترى أن تركيا غير مؤهلة لرعاية واحتضان مفاوضات من هذا",0,0,0,https://x.com/ahmadabdulsada/status/2019161264031662347,2026,2,2026-02-04,"قرار الإيرانيين باختيار العاصمة العمانية مسقط بدلاً من إسطنبول التركية كمكان للمفاوضات بينهم وبين الأمريكان يوم الجمعة المقبل، مع رفض حضور ممثلين عن دول عربية وإسلامية بصفة مراقبين، هو قرار يرسل عدة رسائل هي:

أولاً: إن إيران ترى أن تركيا غير مؤهلة لرعاية واحتضان مفاوضات من هذا","The Iranians’ decision to choose the Omani capital, Muscat, instead of Istanbul, Turkey, as a place for negotiations between them and the Americans next Friday, while refusing to have representatives of Arab and Islamic countries attend as observers, is a decision that sends several messages:

First: Iran believes that Türkiye is not qualified to sponsor and embrace such negotiations"
2019083347788521632,ahmadabdulsada,2026-02-04 18:19:17.524,"أستغرب من الذين ما زالوا حتى الآن يصدقون بادعاءات المدعو ستيڤن نبيل ويثقون بمصادره ""المضروبة المثقوبة المعطوبة"" بعد أن ادعى ستيڤن سابقاً بأن مارك ساڤايا عطل حسابه في منصة إكس بصورة مؤقتة لأن ""لديه إجراءات إدارية تتعلق بالصفة الرسمية وإكمال الإجراءات اللازمة للمنصب"" بحسب قوله.

ثم",0,0,0,https://x.com/ahmadabdulsada/status/2019083347788521632,2026,2,2026-02-04,"أستغرب من الذين ما زالوا حتى الآن يصدقون بادعاءات المدعو ستيڤن نبيل ويثقون بمصادره ""المضروبة المثقوبة المعطوبة"" بعد أن ادعى ستيڤن سابقاً بأن مارك ساڤايا عطل حسابه في منصة إكس بصورة مؤقتة لأن ""لديه إجراءات إدارية تتعلق بالصفة الرسمية وإكمال الإجراءات اللازمة للمنصب"" بحسب قوله.

ثم","I am surprised by those who still believe the claims of the so-called Stephen Nabil and trust his “battered, perforated, and defective” sources after Stephen previously claimed that Mark Savaya temporarily disabled his account on the

then"
2019468196601032825,ahmadabdulsada,2026-02-05 19:48:32.631,"إعلان إيران عن دخول صاروخ ""خرمشهر4"" الباليستي الفرط صوتي إلى الخدمة في المدن الصاروخية الإيرانية قبل يوم واحد من المفاوضات بينها وبين الجانب الأمريكي في سلطنة عمان، يمثل رسالة حازمة وحاسمة للأمريكان بأن ""الملف الصاروخي الإيراني"" غير خاضع للنقاش على طاولة المفاوضات، كما يمثل رسالة",0,0,0,https://x.com/ahmadabdulsada/status/2019468196601032825,2026,2,2026-02-05,"إعلان إيران عن دخول صاروخ ""خرمشهر4"" الباليستي الفرط صوتي إلى الخدمة في المدن الصاروخية الإيرانية قبل يوم واحد من المفاوضات بينها وبين الجانب الأمريكي في سلطنة عمان، يمثل رسالة حازمة وحاسمة للأمريكان بأن ""الملف الصاروخي الإيراني"" غير خاضع للنقاش على طاولة المفاوضات، كما يمثل رسالة","Iran's announcement that the ""Khorramshahr 4"" hypersonic ballistic missile has entered service in Iranian missile cities, one day before the negotiations between it and the American side in the Sultanate of Oman, represents a firm and decisive message to the Americans that the ""Iranian missile file"" is not subject to discussion at the negotiating table. It also represents a message"
2019123103977107760,ahmadabdulsada,2026-02-04 20:57:16.138,"انهارت المفاوضات بين إيران وأمريكا قبل أن تبدأ!!
سبب الانهيار المعلن هو رفض أمريكا لطلب إيران بتغيير مكان المفاوضات من إسطنبول التركية إلى العاصمة العمانية مسقط.

السبب الحقيقي هو أن إيران تريد أن تقتصر المفاوضات على ""الملف النووي"" حصراً، في حين تريد أمريكا مناقشة ""الملف",0,0,0,https://x.com/ahmadabdulsada/status/2019123103977107760,2026,2,2026-02-04,"انهارت المفاوضات بين إيران وأمريكا قبل أن تبدأ!!
سبب الانهيار المعلن هو رفض أمريكا لطلب إيران بتغيير مكان المفاوضات من إسطنبول التركية إلى العاصمة العمانية مسقط.

السبب الحقيقي هو أن إيران تريد أن تقتصر المفاوضات على ""الملف النووي"" حصراً، في حين تريد أمريكا مناقشة ""الملف","Negotiations between Iran and America collapsed before they began!!
The reason for the declared collapse is America's rejection of Iran's request to change the location of the negotiations from Istanbul, Turkey, to the Omani capital, Muscat.

The real reason is that Iran wants to limit the negotiations exclusively to the “nuclear file,” while America wants to discuss the “file.”"
2019034823441154427,ahmadabdulsada,2026-02-04 15:06:28.418,"خطاب المقاومة يختلف، بالتأكيد، عن خطاب السياسة.
وخطاب المعارضة يختلف، قطعاً، عن خطاب السلطة.
وخطاب السياسة يختلف، حتماً، عن خطاب المبادئ.

إذا تغير خطابك، تبعاً لموقعك، فإنك ستتحول إلى ""سياسي"" فقط.
وإذا لم يتغير خطابك، رغم الضغوط، فإنك ستتحول إلى ""رمز"".",0,0,0,https://x.com/ahmadabdulsada/status/2019034823441154427,2026,2,2026-02-04,"خطاب المقاومة يختلف، بالتأكيد، عن خطاب السياسة.
وخطاب المعارضة يختلف، قطعاً، عن خطاب السلطة.
وخطاب السياسة يختلف، حتماً، عن خطاب المبادئ.

إذا تغير خطابك، تبعاً لموقعك، فإنك ستتحول إلى ""سياسي"" فقط.
وإذا لم يتغير خطابك، رغم الضغوط، فإنك ستتحول إلى ""رمز"".","The discourse of resistance is certainly different from the discourse of politics.
The opposition's discourse is definitely different from the authority's discourse.
The discourse of politics inevitably differs from the discourse of principles.

If your speech changes, depending on your location, you will just become “political”.
If your speech does not change, despite the pressure, you will turn into a ""symbol."""
2018359630015967542,ahmadabdulsada,2026-02-02 18:23:29.761,"كلام القائد الشهيد أبو مهدي المهندس في الفيديو أدناه يجب أن يسمعه جيداً الذين استغلوا عناوين ""الجهاد والمقاومة"" لتكوين إمبراطوريات اقتصادية عائلية من نهب أموال الدولة والناس، ومن نهب أموال المجاهدين والمقاومين أيضاً!!

هذا النهج الذي تحدث به شهيدنا المهندس هو النهج السليم العادل",0,0,0,https://x.com/ahmadabdulsada/status/2018359630015967542,2026,2,2026-02-02,"كلام القائد الشهيد أبو مهدي المهندس في الفيديو أدناه يجب أن يسمعه جيداً الذين استغلوا عناوين ""الجهاد والمقاومة"" لتكوين إمبراطوريات اقتصادية عائلية من نهب أموال الدولة والناس، ومن نهب أموال المجاهدين والمقاومين أيضاً!!

هذا النهج الذي تحدث به شهيدنا المهندس هو النهج السليم العادل","The words of the martyr leader Abu Mahdi Al-Muhandis in the video below should be heard carefully by those who exploited the headlines of “Jihad and Resistance” to form family economic empires by plundering the money of the state and the people, and by plundering the money of the Mujahideen and the resistance as well!!

This approach that our martyr engineer spoke about is the correct and just approach"
2018251670791021045,ahmadabdulsada,2026-02-02 11:14:30.276,"بهذا التعامل الحازم الذي يشفي الغليل كان المالكي يتعامل مع قناة ""الجزيرة"" التي كانت وما زالت تروج للإرهاب والتي يتم تمويلها من الخزينة القطرية ""الإخوانية"" التي مولت دlعش وجبهة النصرة وأشباههما من التنظيمات الإرهابية التكفيرية.

هذا الحزم العراقي ""الشيعي"" بالتعامل مع الإرهاب",0,0,0,https://x.com/ahmadabdulsada/status/2018251670791021045,2026,2,2026-02-02,"بهذا التعامل الحازم الذي يشفي الغليل كان المالكي يتعامل مع قناة ""الجزيرة"" التي كانت وما زالت تروج للإرهاب والتي يتم تمويلها من الخزينة القطرية ""الإخوانية"" التي مولت دlعش وجبهة النصرة وأشباههما من التنظيمات الإرهابية التكفيرية.

هذا الحزم العراقي ""الشيعي"" بالتعامل مع الإرهاب","With this firm treatment that heals the wound, Al-Maliki was dealing with the Al-Jazeera channel, which was and still is promoting terrorism and which is funded by the Qatari “Brotherhood” treasury, which financed ISIS, the Al-Nusra Front, and similar Takfiri terrorist organizations.

This Iraqi “Shiite” firmness in dealing with terrorism"
2018081200590422337,ahmadabdulsada,2026-02-01 23:57:07.013,"تكليف توم باراك بمهام ""مبعوث ترامب للعراق"" بدلاً عن مارك ساڤايا يعني أن ترامب يسعى لأن يكون العراق جزءاً من ""الخلطة الأمريكية التركية"" التي رأينا إفرازاتها الرديئة في سوريا عبر تأهيل وبرمجة التنظيمات الإرهابية الجولانية وتمكينها مقابل تطبيع تلك التنظيمات ""المبرمجة"" مع إسرائيل.",0,0,0,https://x.com/ahmadabdulsada/status/2018081200590422337,2026,2,2026-02-01,"تكليف توم باراك بمهام ""مبعوث ترامب للعراق"" بدلاً عن مارك ساڤايا يعني أن ترامب يسعى لأن يكون العراق جزءاً من ""الخلطة الأمريكية التركية"" التي رأينا إفرازاتها الرديئة في سوريا عبر تأهيل وبرمجة التنظيمات الإرهابية الجولانية وتمكينها مقابل تطبيع تلك التنظيمات ""المبرمجة"" مع إسرائيل.","Assigning Tom Barrack the duties of ""Trump's envoy to Iraq"" instead of Mark Savaya means that Trump seeks for Iraq to be part of the ""American-Turkish mixture"" whose bad results we saw in Syria through the rehabilitation and programming of the Golan terrorist organizations and their empowerment in exchange for normalizing those ""programmed"" organizations with Israel."
2017524442532848030,ahmadabdulsada,2026-01-31 11:04:45.548,"السعودية تحرض الأمريكان لشن عدوان على إيران.

موقع ""أكسيوس"" الأمريكي كشف، اليوم، بأن وزير الدفاع السعودي خالد بن سلمان حرض الأمريكان على القيام بـ""عمل عسكري"" ضد إيران، وذلك في اجتماع مغلق مع الجانب الأمريكي، يوم أمس الجمعة، في واشنطن، مبيناً بأن التراجع عن هذا العمل العسكري ""قد",0,0,0,https://x.com/ahmadabdulsada/status/2017524442532848030,2026,1,2026-01-31,"السعودية تحرض الأمريكان لشن عدوان على إيران.

موقع ""أكسيوس"" الأمريكي كشف، اليوم، بأن وزير الدفاع السعودي خالد بن سلمان حرض الأمريكان على القيام بـ""عمل عسكري"" ضد إيران، وذلك في اجتماع مغلق مع الجانب الأمريكي، يوم أمس الجمعة، في واشنطن، مبيناً بأن التراجع عن هذا العمل العسكري ""قد","Saudi Arabia incites the Americans to launch an aggression against Iran.

The American website ""Axios"" revealed today that Saudi Defense Minister Khalid bin Salman incited the Americans to take ""military action"" against Iran, in a closed meeting with the American side, yesterday, Friday, in Washington, indicating that retracting this military action ""may"
2018037628944232782,ahmadabdulsada,2026-02-01 21:03:58.723,"أعرب الأمين العام الحاج أبو حسين الحميداوي عن شكره لتلبية ندائه في تطوّع الرجال للعمليات الاستشهادية دفاعًا عن بيضة الإسلام ومقدساته، كما حيّا اللجان المنظمة والقائمين على استقبال المتطوعين في مراكز التطوّع وتنظيم استماراتهم.

وفي لقاء مع ثلّة من الاستشهاديين، أوضح الحميداوي أن",0,0,0,https://x.com/ahmadabdulsada/status/2018037628944232782,2026,2,2026-02-01,"أعرب الأمين العام الحاج أبو حسين الحميداوي عن شكره لتلبية ندائه في تطوّع الرجال للعمليات الاستشهادية دفاعًا عن بيضة الإسلام ومقدساته، كما حيّا اللجان المنظمة والقائمين على استقبال المتطوعين في مراكز التطوّع وتنظيم استماراتهم.

وفي لقاء مع ثلّة من الاستشهاديين، أوضح الحميداوي أن","The Secretary-General, Hajj Abu Hussein Al-Hamidawi, expressed his thanks for responding to his call for men to volunteer for martyrdom operations in defense of Islam and its sanctities. He also saluted the organizing committees and those responsible for receiving volunteers in the volunteer centers and organizing their forms.

In a meeting with a group of martyrs, Al-Hamidawi explained that:"
2016788902305021965,ahmadabdulsada,2026-01-29 10:21:59.092,"""كعب أخيل"" العراقي

كان ""أخيل"" أعظم أبطال ومحاربي الإغريق، لكن كانت عنده نقطة ضعف قاتلة هي ""كعب قدمه""، وذلك لأن أمه ""ثيتس""، حسب الأسطورة الإغريقية، حين غطسته في نهر ""ستيكس"" حين كان طفلاً، لكي يصبح محارباً لا يُقهر، أمسكته من كعب قدمه فلم يمس الماء السحري للنهر كعبه الذي أصبح",0,0,0,https://x.com/ahmadabdulsada/status/2016788902305021965,2026,1,2026-01-29,"""كعب أخيل"" العراقي

كان ""أخيل"" أعظم أبطال ومحاربي الإغريق، لكن كانت عنده نقطة ضعف قاتلة هي ""كعب قدمه""، وذلك لأن أمه ""ثيتس""، حسب الأسطورة الإغريقية، حين غطسته في نهر ""ستيكس"" حين كان طفلاً، لكي يصبح محارباً لا يُقهر، أمسكته من كعب قدمه فلم يمس الماء السحري للنهر كعبه الذي أصبح","Iraq's Achilles' heel

Achilles was the greatest Greek hero and warrior, but he had a fatal weakness, which was his heel. This is because his mother, Thetis, according to Greek legend, when she dipped him in the River Styx when he was a child, in order to become an invincible warrior, held him by the heel of his foot, so the magical water of the river did not touch his heel, which he had become."
2016894472051695826,ahmadabdulsada,2026-01-29 17:21:28.881,"البعض يتساءل عن الشخصيات العراقية التي تواصلت مع حكام قطر والسعودية وتركيا ومبعوث ترامب للعراق مارك سافايا، لحثهم على إقناع ترامب بكتابة تغريدة يهاجم بها المالكي ويرفض ترشيحه.

لكل الذين يتساءلون أقول: لا تتعبوا أنفسكم بالتساؤل والبحث والتقصي والتوقع والاستنتاج، لأن ترامب نفسه",0,0,0,https://x.com/ahmadabdulsada/status/2016894472051695826,2026,1,2026-01-29,"البعض يتساءل عن الشخصيات العراقية التي تواصلت مع حكام قطر والسعودية وتركيا ومبعوث ترامب للعراق مارك سافايا، لحثهم على إقناع ترامب بكتابة تغريدة يهاجم بها المالكي ويرفض ترشيحه.

لكل الذين يتساءلون أقول: لا تتعبوا أنفسكم بالتساؤل والبحث والتقصي والتوقع والاستنتاج، لأن ترامب نفسه","Some wonder about the Iraqi figures who contacted the rulers of Qatar, Saudi Arabia, Turkey, and Trump’s envoy to Iraq, Mark Savaya, to urge them to persuade Trump to write a tweet attacking al-Maliki and rejecting his nomination.

To all those who wonder, I say: Do not bother yourselves with questions, research, investigation, predictions, and conclusions, because Trump is the same"
2016839782819586053,ahmadabdulsada,2026-01-29 13:44:09.952,"المالكي خسر ولايته الثالثة في سنة 2014 بسبب موقفه الرافض للإرهاب التكفيري الذي كان يحاول آنذاك إسقاط سوريا ثم العراق، وبسبب موقفه المتصادم مع حكام قطر والسعودية وتركيا الذين كانوا يرعون ويدعمون هذا الإرهاب.

والآن، في كانون الثاني 2026 يتم أيضاً تهديد استحقاق المالكي بالحصول على",0,0,0,https://x.com/ahmadabdulsada/status/2016839782819586053,2026,1,2026-01-29,"المالكي خسر ولايته الثالثة في سنة 2014 بسبب موقفه الرافض للإرهاب التكفيري الذي كان يحاول آنذاك إسقاط سوريا ثم العراق، وبسبب موقفه المتصادم مع حكام قطر والسعودية وتركيا الذين كانوا يرعون ويدعمون هذا الإرهاب.

والآن، في كانون الثاني 2026 يتم أيضاً تهديد استحقاق المالكي بالحصول على","Al-Maliki lost his third term in 2014 because of his position rejecting Takfiri terrorism, which was then trying to overthrow Syria and then Iraq, and because of his clashing position with the rulers of Qatar, Saudi Arabia, and Turkey, who were sponsoring and supporting this terrorism.

And now, in January 2026, Al-Maliki's eligibility to receive a salary is also threatened"
2016194222357979554,ahmadabdulsada,2026-01-27 18:58:56.344,"تهديد ترامب باغتيال السيد الخامنئي يعني إعلانه الحرب على أكثر من 400 مليون شيعي حول العالم، ولهذا فإن أي محاولة لتنفيذ هذا التهديد تعني بأن هناك حرباً دينية طاحنة ""لا تبقي ولا تذر"" ستندلع في العالم، وستأخذ تسمية وطابع ""الحرب العالمية"" التي سيتم فيها إمطار وإغراق الكيان الإسرائيلي",0,0,0,https://x.com/ahmadabdulsada/status/2016194222357979554,2026,1,2026-01-27,"تهديد ترامب باغتيال السيد الخامنئي يعني إعلانه الحرب على أكثر من 400 مليون شيعي حول العالم، ولهذا فإن أي محاولة لتنفيذ هذا التهديد تعني بأن هناك حرباً دينية طاحنة ""لا تبقي ولا تذر"" ستندلع في العالم، وستأخذ تسمية وطابع ""الحرب العالمية"" التي سيتم فيها إمطار وإغراق الكيان الإسرائيلي","Trump's threat to assassinate Mr. Khamenei means declaring war on more than 400 million Shiites around the world, and therefore any attempt to implement this threat means that there is a fierce religious war that will break out in the world, and will take on the name and character of a ""world war"" in which it will rain and drown the Israeli entity."
2016267026428236099,ahmadabdulsada,2026-01-27 23:48:14.187,"قيام ترامب ""قاتل قادة النصر"" برفض ترشيح المالكي لرئاسة الوزراء، هو وسام شرف إضافي يزين صدر المالكي، وهو دليل جديد على أن المالكي يقلق ويؤرق داعمي الإرهاب التكفيري وأمراء التطبيع والذل (حكام السعودية وقطر والإمارات) الذين اتصلوا بترامب وتعهدوا بدفع الأموال له لكسر إرادة العراقيين",0,0,0,https://x.com/ahmadabdulsada/status/2016267026428236099,2026,1,2026-01-27,"قيام ترامب ""قاتل قادة النصر"" برفض ترشيح المالكي لرئاسة الوزراء، هو وسام شرف إضافي يزين صدر المالكي، وهو دليل جديد على أن المالكي يقلق ويؤرق داعمي الإرهاب التكفيري وأمراء التطبيع والذل (حكام السعودية وقطر والإمارات) الذين اتصلوا بترامب وتعهدوا بدفع الأموال له لكسر إرادة العراقيين","Trump, “the killer of the leaders of victory,” rejecting al-Maliki’s nomination for prime minister is an additional badge of honor that adorns al-Maliki’s chest, and it is new evidence that al-Maliki is worrying and worrying the supporters of Takfiri terrorism and the princes of normalization and humiliation (the rulers of Saudi Arabia, Qatar, and the Emirates) who contacted Trump and pledged to pay him money to break the will of the Iraqis."
2015510547358232753,ahmadabdulsada,2026-01-25 21:42:15.522,"مصدر موثوق في الإطار التنسيقي أكد لي أن محمد الحلبوسي حاول التوسط لدى أطراف معينة بهدف التواصل مع المالكي لتصحيح موقفه السلبي، لكن جميع الأبواب أغلقت بوجهه.
وبالمقابل تم إيصال رسالة حازمة له بأنه انقلب على التفاهمات والتوافقات والأعراف السياسية المتبعة حين رفض ترشيح المالكي،",0,0,0,https://x.com/ahmadabdulsada/status/2015510547358232753,2026,1,2026-01-25,"مصدر موثوق في الإطار التنسيقي أكد لي أن محمد الحلبوسي حاول التوسط لدى أطراف معينة بهدف التواصل مع المالكي لتصحيح موقفه السلبي، لكن جميع الأبواب أغلقت بوجهه.
وبالمقابل تم إيصال رسالة حازمة له بأنه انقلب على التفاهمات والتوافقات والأعراف السياسية المتبعة حين رفض ترشيح المالكي،","A reliable source in the coordination framework confirmed to me that Muhammad al-Halbousi tried to mediate with certain parties with the aim of communicating with al-Maliki to correct his negative position, but all doors were closed in his face.
On the other hand, a firm message was conveyed to him that he had turned against the political understandings, consensuses, and norms followed when he rejected Al-Maliki’s nomination."
2015354833222480099,ahmadabdulsada,2026-01-25 11:23:30.379,"بترشيح المالكي لمنصب رئيس الوزراء، في ظل تفاهمات قوية بينه وبين مسعود البرزاني، تبدأ مرحلة عودة ""الآباء المؤسسين"" لرسم المشهد السياسي العراقي بعد أن بقيت ""كرة السياسة"" لسنوات طويلة في ملعب ""التجريب"" تتقاذفها أرجل الهواة والناشئين والمبتدئين والصاعدين الطامحين.

بعد هذا التفاهم",0,0,0,https://x.com/ahmadabdulsada/status/2015354833222480099,2026,1,2026-01-25,"بترشيح المالكي لمنصب رئيس الوزراء، في ظل تفاهمات قوية بينه وبين مسعود البرزاني، تبدأ مرحلة عودة ""الآباء المؤسسين"" لرسم المشهد السياسي العراقي بعد أن بقيت ""كرة السياسة"" لسنوات طويلة في ملعب ""التجريب"" تتقاذفها أرجل الهواة والناشئين والمبتدئين والصاعدين الطامحين.

بعد هذا التفاهم","With Al-Maliki’s nomination for the position of Prime Minister, in light of strong understandings between him and Masoud Barzani, the stage of the return of the “founding fathers” to shaping the Iraqi political scene begins after the “ball of politics” remained for many years in the “experimentation” court, being tossed around by the feet of amateurs, young people, novices, and aspiring up-and-comers.

After this understanding"
2015513343436763548,ahmadabdulsada,2026-01-25 21:53:22.159,"بسم الله الرحمن الرحيم 
(وَقَاتِلُوا الْمُشْرِكِينَ كَافَّةً كَمَا يُقَاتِلُونَكُمْ كَافَّةً ۚ وَاعْلَمُوا أَنَّ اللَّهَ مَعَ الْمُتَّقِينَ)

  نتوجّه بندائنا إلى الإخوة المجاهدين في مشارق الأرض ومغاربها، وإلى كلّ من يملأ الإيمان قلبه ويحبّ الله ورسوله، ويوقن أنّ العزّة لله",0,0,0,https://x.com/ahmadabdulsada/status/2015513343436763548,2026,1,2026-01-25,"بسم الله الرحمن الرحيم 
(وَقَاتِلُوا الْمُشْرِكِينَ كَافَّةً كَمَا يُقَاتِلُونَكُمْ كَافَّةً ۚ وَاعْلَمُوا أَنَّ اللَّهَ مَعَ الْمُتَّقِينَ)

  نتوجّه بندائنا إلى الإخوة المجاهدين في مشارق الأرض ومغاربها، وإلى كلّ من يملأ الإيمان قلبه ويحبّ الله ورسوله، ويوقن أنّ العزّة لله","In the name of God, the Most Gracious, the Most Merciful 
(And fight the polytheists all together, just as they fight you all together. And know that God is with the righteous.)

  We address our call to the Mujahideen brothers in the east and west of the earth, and to everyone whose heart is filled with faith, who loves God and His Messenger, and is certain that glory belongs to God."
2015140447211966957,ahmadabdulsada,2026-01-24 21:11:36.771,"قيام الإطار التنسيقي الشيعي، بوصفه الكتلة النيابية الأكثر عدداً، بترشيح المالكي لمنصب رئيس الوزراء، هو أكبر رد على محاولات ""المخلوع"" محمد الحلبوسي، والإخونچي الداعشي خميس الخنجر الفاشلة لعرقلة هذا الترشيح وهذا الاستحقاق.

هذه المرحلة الصعبة والخطيرة والحساسة تتطلب قائداً شجاعاً",0,0,0,https://x.com/ahmadabdulsada/status/2015140447211966957,2026,1,2026-01-24,"قيام الإطار التنسيقي الشيعي، بوصفه الكتلة النيابية الأكثر عدداً، بترشيح المالكي لمنصب رئيس الوزراء، هو أكبر رد على محاولات ""المخلوع"" محمد الحلبوسي، والإخونچي الداعشي خميس الخنجر الفاشلة لعرقلة هذا الترشيح وهذا الاستحقاق.

هذه المرحلة الصعبة والخطيرة والحساسة تتطلب قائداً شجاعاً","The fact that the Shiite coordinating framework, as the largest parliamentary bloc, nominated Al-Maliki for the position of Prime Minister, is the greatest response to the failed attempts of the “deposed” Muhammad Al-Halbousi and the ISIS Brotherhood leader Khamis Al-Khanjar to obstruct this nomination and this entitlement.

This difficult, dangerous and sensitive stage requires a courageous leader"
1603491927843823635,ahmadabdulsada,2022-12-15 22:47:21.694,"حين قابلته اليوم قال لي وهو يبتسم: بعدك عدل؟ شعجب ما حبسوك؟ هههههههه
مع الشجاع الثابت والداعم الدائم للحشد والمقاومة، والرجل الصامد الذي لم تهزه مؤامرات أعداء الشيعة وتسقيطات أدعياء التشيع
#مع_المالكي
#يمضون_ونبقى",0,0,0,https://x.com/ahmadabdulsada/status/1603491927843823635,2022,12,2022-12-15,"حين قابلته اليوم قال لي وهو يبتسم: بعدك عدل؟ شعجب ما حبسوك؟ هههههههه
مع الشجاع الثابت والداعم الدائم للحشد والمقاومة، والرجل الصامد الذي لم تهزه مؤامرات أعداء الشيعة وتسقيطات أدعياء التشيع
#مع_المالكي
#يمضون_ونبقى","When I met him today, he said to me while smiling: Is there justice after you? I wonder why they imprisoned you? Hahahaha
With the brave, steadfast and permanent supporter of the mobilization and resistance, and the steadfast man who was not shaken by the conspiracies of the enemies of the Shiites and the fallacies of the pretenders of Shiism.
#With_Al-Maliki
#They_go_and_we_stay"
1886168541457744077,ahmadabdulsada,2025-02-02 23:43:18.257,"كالعادة.. يسبق المالكي جميع السياسيين العراقيين الشيعة باتخاذ مواقف جريئة وذات تشخيص دقيق لما حدث في سوريا من زلزال تكفيري مدمر سيلقي ظلاله السلبية الكارثية على العراق وعموم المنطقة.
موقف المالكي هذا، كسائر مواقفه السابقة، يعبر عن رؤية شيعة العراق بشأن ملابسات وتداعيات الوضع",0,0,0,https://x.com/ahmadabdulsada/status/1886168541457744077,2025,2,2025-02-02,"كالعادة.. يسبق المالكي جميع السياسيين العراقيين الشيعة باتخاذ مواقف جريئة وذات تشخيص دقيق لما حدث في سوريا من زلزال تكفيري مدمر سيلقي ظلاله السلبية الكارثية على العراق وعموم المنطقة.
موقف المالكي هذا، كسائر مواقفه السابقة، يعبر عن رؤية شيعة العراق بشأن ملابسات وتداعيات الوضع","As usual, Al-Maliki precedes all Iraqi Shiite politicians by taking bold positions and accurately diagnosing the devastating Takfiri earthquake that occurred in Syria, which will cast a disastrous negative shadow on Iraq and the entire region.
This position of Al-Maliki, like all of his previous positions, expresses the view of the Iraqi Shiites regarding the circumstances and repercussions of the situation"
1549310406979715075,ahmadabdulsada,2022-07-19 11:29:20.476,#مع_المالكي,0,0,0,https://x.com/ahmadabdulsada/status/1549310406979715075,2022,7,2022-07-19,#مع_المالكي,#With_Al-Maliki
2015071753228124606,ahmadabdulsada,2026-01-24 16:38:38.849,"رداً على محاولات ""المخلوع"" محمد الحلبوسي الفاشلة بالحصول على إجماع سني داخل ""المجلس السياسي السني"" لرفض ترشيح المالكي لرئاسة الوزراء، أقترح على قادة الإطار التنسيقي الشيعي القيام بجمع تواقيع لإقالة هيبت الحلبوسي من رئاسة البرلمان وتعيين مثنى السامرائي بدلاً عنه",0,0,0,https://x.com/ahmadabdulsada/status/2015071753228124606,2026,1,2026-01-24,"رداً على محاولات ""المخلوع"" محمد الحلبوسي الفاشلة بالحصول على إجماع سني داخل ""المجلس السياسي السني"" لرفض ترشيح المالكي لرئاسة الوزراء، أقترح على قادة الإطار التنسيقي الشيعي القيام بجمع تواقيع لإقالة هيبت الحلبوسي من رئاسة البرلمان وتعيين مثنى السامرائي بدلاً عنه","In response to the failed attempts of the “deposed” Muhammad Al-Halbousi to obtain a Sunni consensus within the “Sunni Political Council” to reject Al-Maliki’s nomination for prime minister, I propose to the leaders of the Shiite coordination framework to collect signatures to remove Haibat Al-Halbousi from the presidency of Parliament and appoint Muthanna Al-Samarrai in his place."
2015055776012779929,ahmadabdulsada,2026-01-24 15:35:09.584,"القائد الشهيد أبو مهدي المهندس يتحدث في الفيديو أدناه عن نصيحته للقيادات الكردية في ""قسد"" بعدم الاعتماد على الأمريكان لأنهم سيتخلون عن الأكراد كما حصل سابقاً وكما يحصل الآن، كما نصحهم بضرورة الاعتماد على أنفسهم وعلى ""أصدقائهم"" في المنطقة.
وهو هنا بلا شك يقصد ""الشيعة"" بكلمة",0,0,0,https://x.com/ahmadabdulsada/status/2015055776012779929,2026,1,2026-01-24,"القائد الشهيد أبو مهدي المهندس يتحدث في الفيديو أدناه عن نصيحته للقيادات الكردية في ""قسد"" بعدم الاعتماد على الأمريكان لأنهم سيتخلون عن الأكراد كما حصل سابقاً وكما يحصل الآن، كما نصحهم بضرورة الاعتماد على أنفسهم وعلى ""أصدقائهم"" في المنطقة.
وهو هنا بلا شك يقصد ""الشيعة"" بكلمة","Martyr leader Abu Mahdi Al-Muhandis speaks in the video below about his advice to the Kurdish leaders in the SDF not to rely on the Americans because they will abandon the Kurds, as happened previously and as is happening now. He also advised them of the need to rely on themselves and their “friends” in the region.
Here he undoubtedly means “Shiites”."
2015018578676957523,ahmadabdulsada,2026-01-24 13:07:21.048,التحالف الشيعي الكردي السياسي والعسكري والاجتماعي أيضاً مهم جداً في هذه المرحلة، ليس فقط لمواجهة الخطر التكفيري السني القادم من سوريا، ذلك الخطر الذي يستهدف الشيعة والأكراد معاً، وإنما أيضاً لإيقاف الابتزاز السياسي السني للشيعة، ذلك الابتزاز الذي يرتكز، باستمرار، على مطالبة,0,0,0,https://x.com/ahmadabdulsada/status/2015018578676957523,2026,1,2026-01-24,التحالف الشيعي الكردي السياسي والعسكري والاجتماعي أيضاً مهم جداً في هذه المرحلة، ليس فقط لمواجهة الخطر التكفيري السني القادم من سوريا، ذلك الخطر الذي يستهدف الشيعة والأكراد معاً، وإنما أيضاً لإيقاف الابتزاز السياسي السني للشيعة، ذلك الابتزاز الذي يرتكز، باستمرار، على مطالبة,"The Shiite-Kurdish political, military and social alliance is also very important at this stage, not only to confront the Sunni Takfiri threat coming from Syria, a danger that targets both Shiites and Kurds, but also to stop Sunni political blackmail of Shiites, that blackmail that is constantly based on the demand"
2014010319677382926,ahmadabdulsada,2026-01-21 18:20:53.370,"أخطأ العديد من الشيعة ولاحقاً الأكراد في العراق وسوريا، حين ظنوا أن ""سنة العراق وسوريا"" كانوا فعلاً يريدون الخلاص من دlعش، وحين ظنوا أن السنة سيقدرون دمهم ""الغالي"" الذي دفعوه من أجل ""تحريرهم من دlعش""!!

دlعش هو خيار السنة في العراق وسوريا، وهو ممثلهم الأمثل، وهو سبيلهم لنيل",0,0,0,https://x.com/ahmadabdulsada/status/2014010319677382926,2026,1,2026-01-21,"أخطأ العديد من الشيعة ولاحقاً الأكراد في العراق وسوريا، حين ظنوا أن ""سنة العراق وسوريا"" كانوا فعلاً يريدون الخلاص من دlعش، وحين ظنوا أن السنة سيقدرون دمهم ""الغالي"" الذي دفعوه من أجل ""تحريرهم من دlعش""!!

دlعش هو خيار السنة في العراق وسوريا، وهو ممثلهم الأمثل، وهو سبيلهم لنيل","Many Shiites and later Kurds in Iraq and Syria made a mistake when they thought that the “Sunnis of Iraq and Syria” really wanted to be freed from ISIS, and when they thought that the Sunnis would appreciate the “precious” blood they paid to “liberate them from ISIS”!!

ISIS is the choice of the Sunnis in Iraq and Syria, and it is their best representative, and it is their way to victory"
2014083768110264663,ahmadabdulsada,2026-01-21 23:12:44.841,"أحد دواعش الجولاني وأردوغان يتفاخر بقص ضفيرة امرأة كردية ويقول ""هي رايحة رايحة""، في إشارة واضحة لقتلها.

دواعش الجولاني يريدون رد الاعتبار لإخوانهم دواعش البغدادي والثأر لهم، من خلال التنكيل بالمقاتلات الكرديات البطلات اللواتي قاتلن الدواعش الإرهابيين ببسالة وسحقن ببساطيلهن على",0,0,0,https://x.com/ahmadabdulsada/status/2014083768110264663,2026,1,2026-01-21,"أحد دواعش الجولاني وأردوغان يتفاخر بقص ضفيرة امرأة كردية ويقول ""هي رايحة رايحة""، في إشارة واضحة لقتلها.

دواعش الجولاني يريدون رد الاعتبار لإخوانهم دواعش البغدادي والثأر لهم، من خلال التنكيل بالمقاتلات الكرديات البطلات اللواتي قاتلن الدواعش الإرهابيين ببسالة وسحقن ببساطيلهن على","One of Al-Julani and Erdogan's ISIS members brags about cutting a Kurdish woman's braid and says, ""She is going, going,"" in a clear reference to killing her.

ISIS al-Julani wants to restore dignity to their brothers ISIS al-Baghdadi and avenge them, by abusing the heroic Kurdish female fighters who valiantly fought ISIS terrorists and crushed them with their rugs."
2014697385394348227,ahmadabdulsada,2026-01-23 15:51:02.602,"موضوع اختيار رئيس الوزراء هو موضوع يتم التناقش والتشاور فيه وحسمه داخل البيت الشيعي حصراً، لأنه استحقاق شيعي محض، ولا يحق لأي سياسي سني التدخل فيه أو إبداء وجهة نظر بشأنه أو الاعتراض على مقرراته.

الساسة الشيعة لم يعترضوا على خيار البيت السني باختيار هيبت الحلبوسي لمنصب رئيس مجلس",0,0,0,https://x.com/ahmadabdulsada/status/2014697385394348227,2026,1,2026-01-23,"موضوع اختيار رئيس الوزراء هو موضوع يتم التناقش والتشاور فيه وحسمه داخل البيت الشيعي حصراً، لأنه استحقاق شيعي محض، ولا يحق لأي سياسي سني التدخل فيه أو إبداء وجهة نظر بشأنه أو الاعتراض على مقرراته.

الساسة الشيعة لم يعترضوا على خيار البيت السني باختيار هيبت الحلبوسي لمنصب رئيس مجلس","The issue of choosing the prime minister is a topic that is discussed, consulted, and decided exclusively within the Shiite house, because it is a purely Shiite entitlement, and no Sunni politician has the right to interfere in it, express a point of view on it, or object to its decisions.

Shiite politicians did not object to the Sunni House's choice to choose Haibat Al-Halbousi for the position of Speaker of the Council"
2014675212596400633,ahmadabdulsada,2026-01-23 14:22:56.195,"حين تستلم الدواعش من سجون ""قسد"" لاحتجازهم في سجون العراق لمنعهم من الهرب، يقولون: انظروا إليهم. إنهم يستقبلون الدواعش الإرهابيين!!

وحين لا تقوم باستلامهم، يقولون: انظروا إليهم. إنهم يريدون هروب الدواعش الإرهابيين من سجون سوريا ضمن خطة لإعادة تفعيل دlعش.

وحين تريد إعدام الدواعش،",0,0,0,https://x.com/ahmadabdulsada/status/2014675212596400633,2026,1,2026-01-23,"حين تستلم الدواعش من سجون ""قسد"" لاحتجازهم في سجون العراق لمنعهم من الهرب، يقولون: انظروا إليهم. إنهم يستقبلون الدواعش الإرهابيين!!

وحين لا تقوم باستلامهم، يقولون: انظروا إليهم. إنهم يريدون هروب الدواعش الإرهابيين من سجون سوريا ضمن خطة لإعادة تفعيل دlعش.

وحين تريد إعدام الدواعش،","When ISIS receives from SDF prisons to detain them in Iraqi prisons to prevent them from escaping, they say: Look at them. They receive ISIS terrorists!!

And when you don't pick them up, they say: Look at them. They want ISIS terrorists to escape from Syrian prisons as part of a plan to reactivate ISIS.

And when you want to execute ISIS,"
2014626976678449351,ahmadabdulsada,2026-01-23 11:11:15.856,"مقترحات لتصفية الدواعش في السجون

في حال عدم القدرة على إعدام عشرات الآلاف من الدواعش في السجون بسبب الضغوطات الدولية، أقترح للتخلص منهم ما يلي:

أولاً: تسميم عدد كبير منهم بسم قاتل يوضع في وجبات الطعام الخاصة بهم، ثم الادعاء بأن هذا الطعام الفاسد تم شراؤه من السوق بشكل عابر ولا",0,0,0,https://x.com/ahmadabdulsada/status/2014626976678449351,2026,1,2026-01-23,"مقترحات لتصفية الدواعش في السجون

في حال عدم القدرة على إعدام عشرات الآلاف من الدواعش في السجون بسبب الضغوطات الدولية، أقترح للتخلص منهم ما يلي:

أولاً: تسميم عدد كبير منهم بسم قاتل يوضع في وجبات الطعام الخاصة بهم، ثم الادعاء بأن هذا الطعام الفاسد تم شراؤه من السوق بشكل عابر ولا","Proposals to liquidate ISIS in prisons

In the event that it is not possible to execute tens of thousands of ISIS members in prisons due to international pressure, I propose to get rid of them as follows:

First: poisoning a large number of them with a deadly poison placed in their meals, then claiming that this spoiled food was purchased from the market in passing and was not"
2014439370779189601,ahmadabdulsada,2026-01-22 22:45:47.124,"برأيي أن قرار نقل الدواعش من سجون ""قسد"" إلى سجون العراق، هو قرار إيجابي، على الرغم من الحسابات الأمريكية الخاصة بهذا الملف الذي يُراد منه أن يكون ""ورقة أمريكية"" يتم استخدامها عند الحاجة بعد إخضاع هؤلاء الدواعش لنظام برمجة أمريكي خاص يرسم دوراً مستقبلياً محدداً لهم يخدم المصالح",0,0,0,https://x.com/ahmadabdulsada/status/2014439370779189601,2026,1,2026-01-22,"برأيي أن قرار نقل الدواعش من سجون ""قسد"" إلى سجون العراق، هو قرار إيجابي، على الرغم من الحسابات الأمريكية الخاصة بهذا الملف الذي يُراد منه أن يكون ""ورقة أمريكية"" يتم استخدامها عند الحاجة بعد إخضاع هؤلاء الدواعش لنظام برمجة أمريكي خاص يرسم دوراً مستقبلياً محدداً لهم يخدم المصالح","In my opinion, the decision to transfer ISIS from SDF prisons to Iraqi prisons is a positive decision, despite the American calculations regarding this file, which is intended to be an “American card” to be used when needed after subjecting these ISIS members to a special American programming system that outlines a specific future role for them that serves interests."
2014403266021621834,ahmadabdulsada,2026-01-22 20:22:19.079,"قناة العربية السعودية، كشقيقتها قناة الجزيرة القطرية، تعود لسيرتها ""الداعشية"" الأولى، وتبدي اهتماماً استثنائياً ملحوظاً بمشاعر الدواعش ولحظاتهم ""الإنسانية"" المؤثرة!!

محاولات إعلامية تسويقية مضحكة لإضافة ""بهارات إنسانية"" على ملامح الوحوش والمسوخ ومصاصي الدماء وقاطعي الرقاب،",0,0,0,https://x.com/ahmadabdulsada/status/2014403266021621834,2026,1,2026-01-22,"قناة العربية السعودية، كشقيقتها قناة الجزيرة القطرية، تعود لسيرتها ""الداعشية"" الأولى، وتبدي اهتماماً استثنائياً ملحوظاً بمشاعر الدواعش ولحظاتهم ""الإنسانية"" المؤثرة!!

محاولات إعلامية تسويقية مضحكة لإضافة ""بهارات إنسانية"" على ملامح الوحوش والمسوخ ومصاصي الدماء وقاطعي الرقاب،","The Saudi Al-Arabiya channel, like its sister channel Al-Jazeera in Qatar, returns to its first “ISIS” history, and shows an exceptional and notable interest in the feelings of the ISIS members and their poignant “human” moments!!

Funny marketing media attempts to add “human spices” to the features of monsters, mutants, vampires, and beheaders,"
2014074736070832455,ahmadabdulsada,2026-01-21 22:36:51.435,"المسؤول الأمني لكتائب حزب الله الحاج أبو علي العسكري يصدر بياناً بشأن الأحداث في سوريا، وأدناه نص البيان:

باسمه تعالى
من لم يحمل السلاح، ولم يدعُ إلى حمله يوماً ما، من أجل حماية العراق وأهله ومقدساته، عليه أن يتوقف عن الصياح، فإن كان صياحه من أجل إسماع العدو الصهيوأمريكي، فقد",0,0,0,https://x.com/ahmadabdulsada/status/2014074736070832455,2026,1,2026-01-21,"المسؤول الأمني لكتائب حزب الله الحاج أبو علي العسكري يصدر بياناً بشأن الأحداث في سوريا، وأدناه نص البيان:

باسمه تعالى
من لم يحمل السلاح، ولم يدعُ إلى حمله يوماً ما، من أجل حماية العراق وأهله ومقدساته، عليه أن يتوقف عن الصياح، فإن كان صياحه من أجل إسماع العدو الصهيوأمريكي، فقد","The security official of Kata’ib Hezbollah, Hajj Abu Ali Al-Askari, issues a statement regarding the events in Syria. Below is the text of the statement:

In His name Almighty
Whoever does not carry a weapon, and has not been called to carry it one day, in order to protect Iraq, its people, and its sanctities, must stop shouting. If his shouting is for the sake of making the Zionist-American enemy heard, then he has"
2013530582584570028,ahmadabdulsada,2026-01-20 10:34:35.134,"ما حدث من غدر بأكراد سوريا من قبل ""الجار السوري السني""، وحتى ""الشريك العربي السني في قسد""، يذكّرنا بالغدر الذي تعرض له الأيزيديون على يد جيرانهم ""العرب السنة""، كما يذكّرنا بالغدر الذي تعرض له ""التركمان الشيعة"" في تلعفر على يد جيرانهم ""التركمان السنة"" الذين انضموا للدواعش وأصبحوا",0,0,0,https://x.com/ahmadabdulsada/status/2013530582584570028,2026,1,2026-01-20,"ما حدث من غدر بأكراد سوريا من قبل ""الجار السوري السني""، وحتى ""الشريك العربي السني في قسد""، يذكّرنا بالغدر الذي تعرض له الأيزيديون على يد جيرانهم ""العرب السنة""، كما يذكّرنا بالغدر الذي تعرض له ""التركمان الشيعة"" في تلعفر على يد جيرانهم ""التركمان السنة"" الذين انضموا للدواعش وأصبحوا","The treachery that happened to the Syrian Kurds by the “Syrian Sunni neighbor,” and even the “Sunni Arab partner in the SDF,” reminds us of the treachery to which the Yazidis were exposed at the hands of their “Sunni Arab” neighbors. It also reminds us of the treachery to which the “Shiite Turkmen” in Tal Afar were exposed at the hands of their “Sunni Turkmen” neighbors who joined ISIS and became"
2013979780442394799,ahmadabdulsada,2026-01-21 16:19:32.249,"أمريكا دعمت سابقاً ""الإرهاب السني التكفيري"" في أفغانستان لمواجهة ""المد الشيوعي السوفيتي"".

والآن تدعم هذا الإرهاب نفسه في سوريا لمواجهة ""المحور الشيعي"" الرافض للتطبيع.

""الإرهاب السني"" ورقة أمريكا الدائمة لمواجهة خصومها",0,0,0,https://x.com/ahmadabdulsada/status/2013979780442394799,2026,1,2026-01-21,"أمريكا دعمت سابقاً ""الإرهاب السني التكفيري"" في أفغانستان لمواجهة ""المد الشيوعي السوفيتي"".

والآن تدعم هذا الإرهاب نفسه في سوريا لمواجهة ""المحور الشيعي"" الرافض للتطبيع.

""الإرهاب السني"" ورقة أمريكا الدائمة لمواجهة خصومها","America previously supported “Sunni Takfiri terrorism” in Afghanistan to confront the “Soviet communist tide.”

Now it supports this same terrorism in Syria to confront the “Shiite axis” that rejects normalization.

""Sunni terrorism"" is America's permanent card to confront its opponents"
2013672829246476420,ahmadabdulsada,2026-01-20 19:59:49.381,تتفق مع بشار الأسد أو تختلف معه، هو أمر لا يمنعك من أن تقر بحقيقة راسخة مفادها أن الأسد وحلفاءه من المقاومين الشيعة الإيرانيين واللبنانيين والعراقيين، طوال المؤامرة الإرهابية التي استهدفت الدولة السورية لمدة 14 سنة، لم يطلقوا رصاصة واحدة ضد سوري مدني كردي أو درزي أو علوي أو شيعي,0,0,0,https://x.com/ahmadabdulsada/status/2013672829246476420,2026,1,2026-01-20,تتفق مع بشار الأسد أو تختلف معه، هو أمر لا يمنعك من أن تقر بحقيقة راسخة مفادها أن الأسد وحلفاءه من المقاومين الشيعة الإيرانيين واللبنانيين والعراقيين، طوال المؤامرة الإرهابية التي استهدفت الدولة السورية لمدة 14 سنة، لم يطلقوا رصاصة واحدة ضد سوري مدني كردي أو درزي أو علوي أو شيعي,"Whether you agree with Bashar al-Assad or disagree with him, this does not prevent you from acknowledging the established fact that al-Assad and his allies among the Iranian, Lebanese and Iraqi Shiite resistance fighters, throughout the terrorist plot that targeted the Syrian state for 14 years, did not fire a single bullet against a Syrian civilian, Kurdish, Druze, Alawite or Shiite."
2013580508555358515,ahmadabdulsada,2026-01-20 13:52:58.413,بعد احتلال تنظيم دlعش الإرهابي لثلث العراق في حزيران 2014، عرف الإخوة الأيزيديون والمسيحيون بأن شركاءهم الحقيقيين وحلفاءهم الموثوقين هم الشيعة في مواجهة الإرهاب التكفيري المدعوم بحاضنة اجتماعية سنية كبيرة، وهي حقيقة وصل صداها لكل العالم، وعبّر عنها بابا الفاتيكان الراحل فرنسيس,0,0,0,https://x.com/ahmadabdulsada/status/2013580508555358515,2026,1,2026-01-20,بعد احتلال تنظيم دlعش الإرهابي لثلث العراق في حزيران 2014، عرف الإخوة الأيزيديون والمسيحيون بأن شركاءهم الحقيقيين وحلفاءهم الموثوقين هم الشيعة في مواجهة الإرهاب التكفيري المدعوم بحاضنة اجتماعية سنية كبيرة، وهي حقيقة وصل صداها لكل العالم، وعبّر عنها بابا الفاتيكان الراحل فرنسيس,"After the terrorist organization ISIS occupied a third of Iraq in June 2014, the Yazidi and Christian brothers knew that their true partners and trusted allies were the Shiites in the face of Takfiri terrorism supported by a large Sunni social incubator, a fact that resonated throughout the world, and was expressed by the late Pope of the Vatican, Francis."
2009368072075833682,ahmadabdulsada,2026-01-08 22:54:15.293,"كثير من ""السنة العراقيين"" الذين يقيمون في ""كردستان العراق""، والذين يؤيدون العصابات الإرهابية الحاكمة في دمشق ودعموا جرائمها ومجازرها بحق العلويين والشيعة والدروز السوريين، نراهم اليوم يبتلعون ألسنتهم خوفاً من مسعود البرزاني وأجهزته الأمنية ويتجنبون الإعلان عن موقفهم المساند لتلك",0,0,0,https://x.com/ahmadabdulsada/status/2009368072075833682,2026,1,2026-01-08,"كثير من ""السنة العراقيين"" الذين يقيمون في ""كردستان العراق""، والذين يؤيدون العصابات الإرهابية الحاكمة في دمشق ودعموا جرائمها ومجازرها بحق العلويين والشيعة والدروز السوريين، نراهم اليوم يبتلعون ألسنتهم خوفاً من مسعود البرزاني وأجهزته الأمنية ويتجنبون الإعلان عن موقفهم المساند لتلك","Many of the ""Iraqi Sunnis"" who reside in ""Iraqi Kurdistan"" and who support the terrorist gangs ruling in Damascus and supported their crimes and massacres against the Syrian Alawites, Shiites and Druze, we see them today swallowing their tongues for fear of Masoud Barzani and his security services and avoiding declaring their position in support of those groups."
2013556506973663677,ahmadabdulsada,2026-01-20 12:17:35.990,"تقرير مهم ومنصف أنتجته وبثته قناة ""العراقية الإخبارية"" في شبكة الإعلام العراقي، بهدف إدانة التنظيمات الإرهابية الحاكمة في سوريا، وإدانة جرائم القتل واختطاف النساء التي ارتكبتها بحق العلويين والشيعة والدروز ومؤخراً الأكراد في سوريا.

أما بعض ""الدواعش المتخفين"" المنزعجين من هذا",0,0,0,https://x.com/ahmadabdulsada/status/2013556506973663677,2026,1,2026-01-20,"تقرير مهم ومنصف أنتجته وبثته قناة ""العراقية الإخبارية"" في شبكة الإعلام العراقي، بهدف إدانة التنظيمات الإرهابية الحاكمة في سوريا، وإدانة جرائم القتل واختطاف النساء التي ارتكبتها بحق العلويين والشيعة والدروز ومؤخراً الأكراد في سوريا.

أما بعض ""الدواعش المتخفين"" المنزعجين من هذا","An important and fair report produced and broadcast by the Iraqi News Channel in the Iraqi Media Network, with the aim of condemning the terrorist organizations ruling in Syria, and condemning the murders and kidnappings of women they committed against Alawites, Shiites, Druze, and recently the Kurds in Syria.

As for some of the “hidden ISIS” members who are disturbed by this"
2013548927753060822,ahmadabdulsada,2026-01-20 11:47:28.963,خيبة أمل الأكراد بأمريكا تشبه تماماً خيبة أمل الشيعة بروسيا,0,0,0,https://x.com/ahmadabdulsada/status/2013548927753060822,2026,1,2026-01-20,خيبة أمل الأكراد بأمريكا تشبه تماماً خيبة أمل الشيعة بروسيا,The Kurds' disappointment in America is exactly similar to the Shiites' disappointment in Russia
1940151822456377720,ahmadabdulsada,2025-07-01 23:53:35.408,"في الأيام المقبلة سيتم تفعيل الخلايا الإرهابية في محافظتين: الأولى طرابلس اللبنانية، والثانية الأنبار العراقية، وستكون هناك محاولات لربط هذه الخلايا الإرهابية بجسر بري مع إرهابيي الجولاني المحتشدين في الحدود العراقية السورية من جهة ""البوكمال"" وفي الحدود اللبنانية السورية من جهة",0,0,0,https://x.com/ahmadabdulsada/status/1940151822456377720,2025,7,2025-07-01,"في الأيام المقبلة سيتم تفعيل الخلايا الإرهابية في محافظتين: الأولى طرابلس اللبنانية، والثانية الأنبار العراقية، وستكون هناك محاولات لربط هذه الخلايا الإرهابية بجسر بري مع إرهابيي الجولاني المحتشدين في الحدود العراقية السورية من جهة ""البوكمال"" وفي الحدود اللبنانية السورية من جهة","In the coming days, terrorist cells will be activated in two governorates: the first is Tripoli in Lebanon, and the second is Anbar in Iraq. There will be attempts to connect these terrorist cells with a land bridge with the Al-Julani terrorists gathered on the Iraqi-Syrian border on the “Albukamal” side and on the Lebanese-Syrian border on the other."
2010637663569584189,ahmadabdulsada,2026-01-12 10:59:09.493,"مع الأكراد، طبعاً، ضد التنظيمات السنية التكفيرية الإرهابية الإخوانية الأردوغانية.

وقبلها، قطعاً، مع الشيعة والعلويين والدروز والأيزيديين والمسيحيين ضد هذه التنظيمات.

وإذا حصل صراع، مثلاً، بين الهندوس والبوذيين وبين هذه التنظيمات، فسأكون، حتماً، مع الهندوس والبوذيين ضد هذه",0,0,0,https://x.com/ahmadabdulsada/status/2010637663569584189,2026,1,2026-01-12,"مع الأكراد، طبعاً، ضد التنظيمات السنية التكفيرية الإرهابية الإخوانية الأردوغانية.

وقبلها، قطعاً، مع الشيعة والعلويين والدروز والأيزيديين والمسيحيين ضد هذه التنظيمات.

وإذا حصل صراع، مثلاً، بين الهندوس والبوذيين وبين هذه التنظيمات، فسأكون، حتماً، مع الهندوس والبوذيين ضد هذه","With the Kurds, of course, against the Sunni Takfiri terrorist organizations of the Erdogan Brotherhood.

And before that, of course, with the Shiites, Alawites, Druze, Yazidis, and Christians against these organizations.

If a conflict occurs, for example, between Hindus and Buddhists and between these organizations, I will definitely be with the Hindus and Buddhists against these organizations."
2013360782340231595,ahmadabdulsada,2026-01-19 23:19:51.601,الدليل على وجود يد أمريكية واضحة في المؤامرة الخطيرة التي استهدفت إيران، هو التخطيط المنظم لعمليات التخريب والعنف والفوضى التي ترافقت مع مساندة ترامب للمخربين، وهو أمر يكشف عن إدارة أمريكية لمشهد العنف والقتل والتخريب عبر توفير الدعم المالي للمخربين، وعبر الدعم السياسي والإعلامي,0,0,0,https://x.com/ahmadabdulsada/status/2013360782340231595,2026,1,2026-01-19,الدليل على وجود يد أمريكية واضحة في المؤامرة الخطيرة التي استهدفت إيران، هو التخطيط المنظم لعمليات التخريب والعنف والفوضى التي ترافقت مع مساندة ترامب للمخربين، وهو أمر يكشف عن إدارة أمريكية لمشهد العنف والقتل والتخريب عبر توفير الدعم المالي للمخربين، وعبر الدعم السياسي والإعلامي,"The evidence of a clear American hand in the dangerous conspiracy that targeted Iran is the organized planning of sabotage, violence, and chaos that accompanied Trump’s support for the saboteurs, which reveals American management of the scene of violence, murder, and sabotage by providing financial support to the saboteurs, and through political and media support."
2013295133303714091,ahmadabdulsada,2026-01-19 18:58:59.651,"هجوم دواعش الجولاني على سجن ""الأقطان"" في محافظة الرقة هدفه إطلاق سراح زملائهم ""دواعش البغدادي"" الذين يقبع الكثير منهم في هذا السجن.

ما حدث وما يحدث من عمليات لإخراج الدواعش من السجون في سوريا هو مخطط مدروس لإعادة إنتاج دlعش في سوريا، بعد التحام الهاربين من السجون، ومعظمهم قيادات",0,0,0,https://x.com/ahmadabdulsada/status/2013295133303714091,2026,1,2026-01-19,"هجوم دواعش الجولاني على سجن ""الأقطان"" في محافظة الرقة هدفه إطلاق سراح زملائهم ""دواعش البغدادي"" الذين يقبع الكثير منهم في هذا السجن.

ما حدث وما يحدث من عمليات لإخراج الدواعش من السجون في سوريا هو مخطط مدروس لإعادة إنتاج دlعش في سوريا، بعد التحام الهاربين من السجون، ومعظمهم قيادات","ISIS al-Julani’s attack on “Al-Aqtan” prison in Raqqa Governorate aimed to release their colleagues, “ISIS al-Baghdadi,” many of whom are imprisoned in this prison.

What happened and what is happening in terms of the operations to remove ISIS from prisons in Syria is a deliberate plan to reproduce ISIS in Syria, after the merging of those escaping from prisons, most of whom are leaders."
2013276426573603308,ahmadabdulsada,2026-01-19 17:44:39.619,"ما هي علاقة المطالب المتعلقة بخفض مستوى الغلاء في إيران بعمليات حرق وتخريب ممتلكات الناس، فضلاً عن حرق وتخريب الممتلكات العامة كحافلات نقل الركاب؟!

الفيديو أدناه، كمئات الفيديوهات، يوثق تلك العمليات التخريبية التي لا علاقة بها بعناوين التظاهرات المطلبية، والتي ارتكبها مخربون",0,0,0,https://x.com/ahmadabdulsada/status/2013276426573603308,2026,1,2026-01-19,"ما هي علاقة المطالب المتعلقة بخفض مستوى الغلاء في إيران بعمليات حرق وتخريب ممتلكات الناس، فضلاً عن حرق وتخريب الممتلكات العامة كحافلات نقل الركاب؟!

الفيديو أدناه، كمئات الفيديوهات، يوثق تلك العمليات التخريبية التي لا علاقة بها بعناوين التظاهرات المطلبية، والتي ارتكبها مخربون","What is the relationship between the demands related to reducing the level of high prices in Iran and the burning and vandalism of people’s property, in addition to the burning and vandalism of public property such as passenger buses?!

The video below, like hundreds of videos, documents these sabotage operations that have nothing to do with the titles of the demanding demonstrations, and were committed by saboteurs."
2013239039067914434,ahmadabdulsada,2026-01-19 15:16:05.743,"من الواضح جداً أن توم باراك (سفير أمريكا في تركيا ومبعوث ترامب لسوريا ولبنان) يقوم دوره في سوريا على تقسيم النفوذ بين تركيا وإسرائيل بالشكل التالي: الشمال السوري لتركيا، والجنوب السوري لإسرائيل، مع ترسيخ السلطة في دمشق بيد سلطة سنية متشددة ذات خلفية ""تكفيرية"" تدين بالولاء لتركيا",0,0,0,https://x.com/ahmadabdulsada/status/2013239039067914434,2026,1,2026-01-19,"من الواضح جداً أن توم باراك (سفير أمريكا في تركيا ومبعوث ترامب لسوريا ولبنان) يقوم دوره في سوريا على تقسيم النفوذ بين تركيا وإسرائيل بالشكل التالي: الشمال السوري لتركيا، والجنوب السوري لإسرائيل، مع ترسيخ السلطة في دمشق بيد سلطة سنية متشددة ذات خلفية ""تكفيرية"" تدين بالولاء لتركيا","It is very clear that Tom Barrack (America's ambassador to Turkey and Trump's envoy to Syria and Lebanon) is based on dividing influence between Turkey and Israel in the following manner: northern Syria is for Turkey, and southern Syria is for Israel, with the consolidation of power in Damascus in the hands of an extremist Sunni authority with a ""takfiri"" background that owes allegiance to Turkey."
2013073817967484956,ahmadabdulsada,2026-01-19 04:19:33.963,الفيديو أدناه يؤكد رفض المجتمع الإيراني القاطع لعمليات التخريب والحرق التي طالت حتى المساجد، كما يؤكد بأن المخربين المدعومين من أمريكا والكيان الصهيوني هدفهم، بالدرجة الأساس، هو استهداف الهوية الشيعية الثورية المقاوِمة للشعب الإيراني عبر استهداف رمزية تلك الهوية المتمثلة بالمسجد,0,0,0,https://x.com/ahmadabdulsada/status/2013073817967484956,2026,1,2026-01-19,الفيديو أدناه يؤكد رفض المجتمع الإيراني القاطع لعمليات التخريب والحرق التي طالت حتى المساجد، كما يؤكد بأن المخربين المدعومين من أمريكا والكيان الصهيوني هدفهم، بالدرجة الأساس، هو استهداف الهوية الشيعية الثورية المقاوِمة للشعب الإيراني عبر استهداف رمزية تلك الهوية المتمثلة بالمسجد,The video below confirms Iranian society's categorical rejection of the sabotage and burning operations that even affected mosques. It also confirms that the saboteurs supported by America and the Zionist entity primarily aim to target the revolutionary Shiite identity that is resistant to the Iranian people by targeting the symbolism of that identity represented by the mosque.
2012999461081952518,ahmadabdulsada,2026-01-18 23:24:05.900,"قوات سوريا الديمقراطية ""قسد"" التي تشكلت في 11 تشرين الأول 2015 برعاية أمريكية، كانت تحمل بذور انقسامها وانشقاقها منذ لحظة تأسيسها، لأن هذه القوات ذات الرأس الكردي المتمثل بـ""وحدات حماية الشعب الكردية""، وبقيادة مظلوم عبدي، تضم، ضمن جسمها العسكري، جزءاً عربياً سنياً يتمثل بالعديد",0,0,0,https://x.com/ahmadabdulsada/status/2012999461081952518,2026,1,2026-01-18,"قوات سوريا الديمقراطية ""قسد"" التي تشكلت في 11 تشرين الأول 2015 برعاية أمريكية، كانت تحمل بذور انقسامها وانشقاقها منذ لحظة تأسيسها، لأن هذه القوات ذات الرأس الكردي المتمثل بـ""وحدات حماية الشعب الكردية""، وبقيادة مظلوم عبدي، تضم، ضمن جسمها العسكري، جزءاً عربياً سنياً يتمثل بالعديد","The Syrian Democratic Forces (SDF), which was formed on October 11, 2015 under American sponsorship, carried the seeds of its division and dissent from the moment of its founding, because these forces with a Kurdish head, represented by the “Kurdish People’s Protection Units”, and led by Mazloum Abdi, include, within their military body, a Sunni Arab part represented by many"
2012071783000650143,ahmadabdulsada,2026-01-16 09:57:50.210,"تساؤلات بشأن الخلاف بين المالكي وبعض شركائه في الإطار

بسبب التجارب السياسية الرديئة، وبسبب التقلبات السياسية السريعة المفاجئة التي تقدم المصالح الشخصية على المصلحة العامة وتهين ""مهنة السياسة"" وتغدر بالمبادئ بسهولة كما تشرب الماء، آليت على نفسي أن لا أكون جزءاً من أي خلاف أو صراع",0,0,0,https://x.com/ahmadabdulsada/status/2012071783000650143,2026,1,2026-01-16,"تساؤلات بشأن الخلاف بين المالكي وبعض شركائه في الإطار

بسبب التجارب السياسية الرديئة، وبسبب التقلبات السياسية السريعة المفاجئة التي تقدم المصالح الشخصية على المصلحة العامة وتهين ""مهنة السياسة"" وتغدر بالمبادئ بسهولة كما تشرب الماء، آليت على نفسي أن لا أكون جزءاً من أي خلاف أو صراع","Questions regarding the dispute between Al-Maliki and some of his partners in the framework

Because of bad political experiences, and because of the sudden rapid political fluctuations that put personal interests before the public interest, insult the “political profession,” and betray principles as easily as drinking water, I vowed to myself that I would not be part of any disagreement or conflict."
1763136989509849454,ahmadabdulsada,2024-02-29 11:39:50.457,"بين فترة وأخرى نرى حملة تسقيط ضد المالكي تشنها إما شخصيات مأزومة ومستأجرة، أو جيوش إلكترونية لجهات سياسية لا ترى في السياسة سوى بوابة للسرقة والاستئثار والاستحواذ.
بموضوعية تامة ومجردة وبدون انحياز نقول: لم تنتج الطبقة السياسية الشيعية بعد عام 2003 زعيماً سياسياً بوزن المالكي،",0,0,0,https://x.com/ahmadabdulsada/status/1763136989509849454,2024,2,2024-02-29,"بين فترة وأخرى نرى حملة تسقيط ضد المالكي تشنها إما شخصيات مأزومة ومستأجرة، أو جيوش إلكترونية لجهات سياسية لا ترى في السياسة سوى بوابة للسرقة والاستئثار والاستحواذ.
بموضوعية تامة ومجردة وبدون انحياز نقول: لم تنتج الطبقة السياسية الشيعية بعد عام 2003 زعيماً سياسياً بوزن المالكي،","From time to time, we see a campaign of attack against Al-Maliki launched by either crisis-ridden and hired personalities, or electronic armies of political parties that see politics as nothing more than a gateway to theft, monopolization, and acquisition.
With complete objectivity, impartiality, and without bias, we say: After 2003, the Shiite political class did not produce a political leader of Maliki’s weight."
2012161503718195344,ahmadabdulsada,2026-01-16 15:54:21.296,"جوانب من وقفة التضامن مع جارتنا وحليفتنا الوفية الجمهورية الإسلامية الإيرانية.
التضامن مع إيران تضامن مع قلعة الكرامة وخندق الشرف ومعسكر الحق
#نحن_معكم",0,0,0,https://x.com/ahmadabdulsada/status/2012161503718195344,2026,1,2026-01-16,"جوانب من وقفة التضامن مع جارتنا وحليفتنا الوفية الجمهورية الإسلامية الإيرانية.
التضامن مع إيران تضامن مع قلعة الكرامة وخندق الشرف ومعسكر الحق
#نحن_معكم","Aspects of a stance of solidarity with our neighbor and loyal ally, the Islamic Republic of Iran.
Solidarity with Iran, solidarity with the Castle of Dignity, the Trench of Honor, and the Camp of Truth
#We_are_with_you"
2005341181589221705,ahmadabdulsada,2025-12-28 20:12:49.785,"ازدادت مؤخراً توقعات بعض المحللين السياسيين بشأن استعداد الكيان الصهيوني لشن عدوان جديد على إيران من جهة وعلى حزب الله وجنوب لبنان من جهة أخرى.

تحليلي هو أن إيران، في حرب الـ12 يوماً بينها وبين الكيان، استطاعت أن ترسخ معادلة ردع حاسمة لا يمكن أن يفكر بعدها الكيان بتجاوزها",0,0,0,https://x.com/ahmadabdulsada/status/2005341181589221705,2025,12,2025-12-28,"ازدادت مؤخراً توقعات بعض المحللين السياسيين بشأن استعداد الكيان الصهيوني لشن عدوان جديد على إيران من جهة وعلى حزب الله وجنوب لبنان من جهة أخرى.

تحليلي هو أن إيران، في حرب الـ12 يوماً بينها وبين الكيان، استطاعت أن ترسخ معادلة ردع حاسمة لا يمكن أن يفكر بعدها الكيان بتجاوزها","The expectations of some political analysts have increased recently regarding the readiness of the Zionist entity to launch a new aggression against Iran on the one hand, and against Hezbollah and southern Lebanon on the other hand.

My analysis is that Iran, in the 12-day war between it and the entity, was able to establish a decisive deterrence equation that the entity could no longer think of bypassing."
2011549378922889374,ahmadabdulsada,2026-01-14 23:21:59.372,#ابو_علي_العسكري,0,0,0,https://x.com/ahmadabdulsada/status/2011549378922889374,2026,1,2026-01-14,#ابو_علي_العسكري,#Abu_Ali_Al-Askari
2011431960674009311,ahmadabdulsada,2026-01-14 15:35:24.680,"منذ أن قامت المرجعية الدينية العليا (مرجعية السيد السيستاني) بدورها التاريخي العظيم بتمكين الشيعة من حقهم السياسي الطبيعي بالحكم وإدارة الدولة بعد نيسان 2003، وضعت ""خارطة طريق"" نظيفة وسليمة للشيعة المتصدين للعمل السياسي، وخارطة الطريق هذه تستند، بالدرجة الأساس، إلى النزاهة",0,0,0,https://x.com/ahmadabdulsada/status/2011431960674009311,2026,1,2026-01-14,"منذ أن قامت المرجعية الدينية العليا (مرجعية السيد السيستاني) بدورها التاريخي العظيم بتمكين الشيعة من حقهم السياسي الطبيعي بالحكم وإدارة الدولة بعد نيسان 2003، وضعت ""خارطة طريق"" نظيفة وسليمة للشيعة المتصدين للعمل السياسي، وخارطة الطريق هذه تستند، بالدرجة الأساس، إلى النزاهة","Since the supreme religious authority (the authority of Sayyed al-Sistani) played its great historical role in empowering the Shiites with their natural political right to rule and manage the state after April 2003, it has developed a clean and sound “road map” for the Shiites who are engaged in political action, and this road map is based primarily on integrity."
2010780563901132998,ahmadabdulsada,2026-01-12 20:26:59.587,"تجربة حكم صدام ""السني"" في العراق، وتجربة حكم الجولاني ""السني"" في سوريا، فضلاً عن تجربة حكم تنظيم دlعش ""السني"" المحدودة في البلدين، هي تجارب أثبتت، بالأدلة القاطعة، بأن من الخطأ، والخطر أيضاً، السماح للسنة بأن يحكموا حكماً شمولياً مطلقاً في أي دولة أو بقعة جغرافية يوجد فيها تنوع",0,0,0,https://x.com/ahmadabdulsada/status/2010780563901132998,2026,1,2026-01-12,"تجربة حكم صدام ""السني"" في العراق، وتجربة حكم الجولاني ""السني"" في سوريا، فضلاً عن تجربة حكم تنظيم دlعش ""السني"" المحدودة في البلدين، هي تجارب أثبتت، بالأدلة القاطعة، بأن من الخطأ، والخطر أيضاً، السماح للسنة بأن يحكموا حكماً شمولياً مطلقاً في أي دولة أو بقعة جغرافية يوجد فيها تنوع","The experience of the rule of the “Sunni” Saddam Saddam in Iraq, and the experience of the rule of the “Sunni” Al-Julani in Syria, as well as the limited experience of the rule of the “Sunni” ISIS organization in the two countries, are experiences that have proven, with conclusive evidence, that it is wrong, and also dangerous, to allow the Sunnis to rule with an absolute totalitarian rule in any country or geographical area in which there is diversity."
2010852275250422236,ahmadabdulsada,2026-01-13 01:11:56.905,سوريون سنة يؤيدون وحشية إرهابيين تكفيريين مثّلوا بجثة رجل كردي واقتلعوا قلبه بعد قتله، ورموا بجثة امرأة كردية من أحد المباني في حلب بعد قتلها، ثم نراهم يعترضون على ردة فعل سلمية لمواطنين وتجار عراقيين أكراد في كردستان العراق رفضوا الاستمرار بتشغيل عمال سوريين سنة مؤيدين للإرهاب،,0,0,0,https://x.com/ahmadabdulsada/status/2010852275250422236,2026,1,2026-01-13,سوريون سنة يؤيدون وحشية إرهابيين تكفيريين مثّلوا بجثة رجل كردي واقتلعوا قلبه بعد قتله، ورموا بجثة امرأة كردية من أحد المباني في حلب بعد قتلها، ثم نراهم يعترضون على ردة فعل سلمية لمواطنين وتجار عراقيين أكراد في كردستان العراق رفضوا الاستمرار بتشغيل عمال سوريين سنة مؤيدين للإرهاب،,"Syrian Sunnis support the brutality of Takfiri terrorists who mutilated the body of a Kurdish man and tore out his heart after killing him, and threw the body of a Kurdish woman from a building in Aleppo after killing her. Then we see them objecting to the peaceful reaction of Iraqi Kurdish citizens and merchants in Iraqi Kurdistan who refused to continue employing Syrian Sunni workers who support terrorism."
2010811134711074836,ahmadabdulsada,2026-01-12 22:28:28.236,"كل أتباع الأديان والطوائف والقوميات مجرد ""خنازير"" بنظر السوري السني المؤيد للجولاني ولمجازر عصاباته التكفيرية، لأنه يتوهم في نفسه الكمال والرفعة والعلو على الآخرين، في حين أنه في الحقيقة مجرد مسخ يمثل أقذر تركيبة نفسية في العالم، فهو في لحظة القوة والتسلط إرهابي ""ذبّاح""، وفي لحظة",0,0,0,https://x.com/ahmadabdulsada/status/2010811134711074836,2026,1,2026-01-12,"كل أتباع الأديان والطوائف والقوميات مجرد ""خنازير"" بنظر السوري السني المؤيد للجولاني ولمجازر عصاباته التكفيرية، لأنه يتوهم في نفسه الكمال والرفعة والعلو على الآخرين، في حين أنه في الحقيقة مجرد مسخ يمثل أقذر تركيبة نفسية في العالم، فهو في لحظة القوة والتسلط إرهابي ""ذبّاح""، وفي لحظة","All followers of religions, sects and nationalities are just “pigs” in the eyes of the Syrian Sunni who supports Al-Julani and the massacres of his Takfiri gangs, because he imagines in himself perfection, exaltation, and superiority over others, while in reality he is just a monster representing the dirtiest psychological structure in the world. In a moment of power and domination, he is a “slaughter” terrorist, and in a moment"
2010784250480439346,ahmadabdulsada,2026-01-12 20:41:38.536,"بسم الله الرحمن الرحيم 
الحمد لله رب العالمين، والصلاة والسلام على قائدنا ونبينا محمد الأمين، وأهل بيته الطيبين الطاهرين، ورضيَ الله على صحبه الأخيار المنتجبين، وعباده الصالحين والشهداء والمجاهدين.

نشهد اليوم صفحة جديدة من الصراع بين جبهتي الحق والباطل، فجبهة الحق واضحة المعالم،",0,0,0,https://x.com/ahmadabdulsada/status/2010784250480439346,2026,1,2026-01-12,"بسم الله الرحمن الرحيم 
الحمد لله رب العالمين، والصلاة والسلام على قائدنا ونبينا محمد الأمين، وأهل بيته الطيبين الطاهرين، ورضيَ الله على صحبه الأخيار المنتجبين، وعباده الصالحين والشهداء والمجاهدين.

نشهد اليوم صفحة جديدة من الصراع بين جبهتي الحق والباطل، فجبهة الحق واضحة المعالم،","In the name of God, the Most Gracious, the Most Merciful 
Praise be to God, Lord of the Worlds, and may blessings and peace be upon our leader and Prophet Muhammad the Trustworthy, and his good and pure family, and may God be pleased with his chosen, good companions, and his righteous servants, martyrs, and mujahideen.

Today we are witnessing a new page of conflict between the fronts of truth and falsehood. The front of truth is clearly defined."
2010656024651337740,ahmadabdulsada,2026-01-12 12:12:07.116,"التظاهرات المليونية اليوم في طهران وباقي المحافظات الإيرانية هي ليست فقط مبايعة شعبية مدوية لنظام ""الجمهورية الإسلامية في إيران"" ولقائد هذا النظام السيد الخامنئي، بل هي أيضاً الخطوة الميدانية الكبرى لإحباط المؤامرة التي خطط لها عملاء أمريكا وإسرائيل في الداخل الإيراني، عبر قيامهم",0,0,0,https://x.com/ahmadabdulsada/status/2010656024651337740,2026,1,2026-01-12,"التظاهرات المليونية اليوم في طهران وباقي المحافظات الإيرانية هي ليست فقط مبايعة شعبية مدوية لنظام ""الجمهورية الإسلامية في إيران"" ولقائد هذا النظام السيد الخامنئي، بل هي أيضاً الخطوة الميدانية الكبرى لإحباط المؤامرة التي خطط لها عملاء أمريكا وإسرائيل في الداخل الإيراني، عبر قيامهم","The million-man demonstrations today in Tehran and the rest of the Iranian provinces are not only a resounding popular pledge of allegiance to the regime of the “Islamic Republic of Iran” and to the leader of this regime, Mr. Khamenei, but it is also a major field step to thwart the conspiracy planned by the agents of America and Israel inside Iran, through their"
2010434434135417143,ahmadabdulsada,2026-01-11 21:31:35.820,"سنة العراق يقفون مع الأكراد حين يكون هناك خلاف سياسي بين الشيعة والأكراد.

لكنهم، كما شاهدنا، يقفون، بالطبع، مع التنظيمات التكفيرية الإرهابية حين يكون هناك صراع مسلح بين الأكراد وتلك التنظيمات، كما حصل في منطقتي الشيخ مقصود والأشرفية في حلب.

هذا الموقف يؤكد حقيقتين:
الأولى هي أن",0,0,0,https://x.com/ahmadabdulsada/status/2010434434135417143,2026,1,2026-01-11,"سنة العراق يقفون مع الأكراد حين يكون هناك خلاف سياسي بين الشيعة والأكراد.

لكنهم، كما شاهدنا، يقفون، بالطبع، مع التنظيمات التكفيرية الإرهابية حين يكون هناك صراع مسلح بين الأكراد وتلك التنظيمات، كما حصل في منطقتي الشيخ مقصود والأشرفية في حلب.

هذا الموقف يؤكد حقيقتين:
الأولى هي أن","The Sunnis of Iraq stand with the Kurds when there is a political dispute between the Shiites and the Kurds.

But, as we have seen, they side, of course, with the Takfiri terrorist organizations when there is an armed conflict between the Kurds and those organizations, as happened in the Sheikh Maqsoud and Achrafieh areas in Aleppo.

This position confirms two facts:
The first is that"
2009744472117023055,ahmadabdulsada,2026-01-09 23:49:56.056,"كل الطروحات ""التهويلية"" التي يروجها أعداء إيران، ضمن الحملة الموجهة الممنهجة ضد إيران، هي في حقيقتها ""تخيلات"" و""أمنيات"" تحاول أن ترتدي عنوةً ثوب المعطيات والتحليلات، بهدف رسم سيناريوهات خيالية للوصول إلى نتيجة تترجم حلمهم ""المستحيل"" بإسقاط النظام في إيران.

الذين ينسجون هذه",0,0,0,https://x.com/ahmadabdulsada/status/2009744472117023055,2026,1,2026-01-09,"كل الطروحات ""التهويلية"" التي يروجها أعداء إيران، ضمن الحملة الموجهة الممنهجة ضد إيران، هي في حقيقتها ""تخيلات"" و""أمنيات"" تحاول أن ترتدي عنوةً ثوب المعطيات والتحليلات، بهدف رسم سيناريوهات خيالية للوصول إلى نتيجة تترجم حلمهم ""المستحيل"" بإسقاط النظام في إيران.

الذين ينسجون هذه","All the ""threatening"" proposals promoted by Iran's enemies, within the systematic directed campaign against Iran, are in reality ""imaginations"" and ""wishes"" that are trying to forcefully dress up as data and analysis, with the aim of drawing imaginary scenarios to reach a result that translates their ""impossible"" dream of overthrowing the regime in Iran.

Who weave these"
2009018355219394969,ahmadabdulsada,2026-01-07 23:44:36.297,"بعد كل خطوة ""تطبيعية"" وتنسيقية مع إسرائيل، تقوم سلطة الإرهاب الحاكمة في دمشق بعمليات تصعيدية عدوانية ضد مكون من مكونات المجتمع السوري، كما يحصل الآن من عمليات ضد الأكراد السوريين في منطقتي الشيخ مقصود والأشرفية في حلب، تلك العمليات التي ترافقت مع إبرام سلطة دمشق لاتفاق ""تطبيع",0,0,0,https://x.com/ahmadabdulsada/status/2009018355219394969,2026,1,2026-01-07,"بعد كل خطوة ""تطبيعية"" وتنسيقية مع إسرائيل، تقوم سلطة الإرهاب الحاكمة في دمشق بعمليات تصعيدية عدوانية ضد مكون من مكونات المجتمع السوري، كما يحصل الآن من عمليات ضد الأكراد السوريين في منطقتي الشيخ مقصود والأشرفية في حلب، تلك العمليات التي ترافقت مع إبرام سلطة دمشق لاتفاق ""تطبيع","After every “normalization” and coordination step with Israel, the ruling terrorist authority in Damascus carries out aggressive escalation operations against a component of Syrian society, as is happening now with operations against the Syrian Kurds in the Sheikh Maqsoud and Achrafieh areas in Aleppo, those operations that accompanied the Damascus authority’s conclusion of a “normalization” agreement."
2009234013001568667,ahmadabdulsada,2026-01-08 14:01:33.119,"بسبب احتقانات طائفية وصلت ذروتها أثناء احتلال تنظيم دlعش الإرهابي لثلث العراق مع تأييد قطاع كبير من المجتمع السني العراقي لدlعش، شعر الكثير من الشيعة الذين تتم استضافتهم في القنوات الفضائية بصفة ""محللين سياسيين"" بأن المعركة الإعلامية امتداد للمعركة العسكرية والأمنية ضد دlعش",0,0,0,https://x.com/ahmadabdulsada/status/2009234013001568667,2026,1,2026-01-08,"بسبب احتقانات طائفية وصلت ذروتها أثناء احتلال تنظيم دlعش الإرهابي لثلث العراق مع تأييد قطاع كبير من المجتمع السني العراقي لدlعش، شعر الكثير من الشيعة الذين تتم استضافتهم في القنوات الفضائية بصفة ""محللين سياسيين"" بأن المعركة الإعلامية امتداد للمعركة العسكرية والأمنية ضد دlعش","Due to sectarian tensions that reached their peak during the ISIS terrorist organization’s occupation of a third of Iraq, with a large segment of the Iraqi Sunni community supporting ISIS, many Shiites who are hosted on satellite channels as “political analysts” felt that the media battle was an extension of the military and security battle against ISIS."
2008997622535577690,ahmadabdulsada,2026-01-07 22:22:13.240,"في أيلول من عام 2015 حين أقنع الشهيد سليماني الرئيس الروسي بوتين بضرورة المساهمة بحماية سوريا من الوقوع بيد التنظيمات الإرهابية التكفيرية الموالية لتركيا وقطر، فإنه بذلك قدم لبوتين ""وصفة عظيمة"" لكي تستعيد روسيا مكانتها ""الدولية"" ولكي تصبح مرة أخرى ""قوة عظمى""، ولهذا حين ضحى بوتين",0,0,0,https://x.com/ahmadabdulsada/status/2008997622535577690,2026,1,2026-01-07,"في أيلول من عام 2015 حين أقنع الشهيد سليماني الرئيس الروسي بوتين بضرورة المساهمة بحماية سوريا من الوقوع بيد التنظيمات الإرهابية التكفيرية الموالية لتركيا وقطر، فإنه بذلك قدم لبوتين ""وصفة عظيمة"" لكي تستعيد روسيا مكانتها ""الدولية"" ولكي تصبح مرة أخرى ""قوة عظمى""، ولهذا حين ضحى بوتين","In September of 2015, when Martyr Soleimani convinced Russian President Putin of the necessity of contributing to protecting Syria from falling into the hands of Takfiri terrorist organizations loyal to Turkey and Qatar, he thus presented to Putin a “great recipe” for Russia to regain its “international” status and to once again become a “superpower.” This is why when Putin sacrificed..."
2008673638766018564,ahmadabdulsada,2026-01-07 00:54:49.490,"من الخطأ الحديث عن ""الجيش العراقي"" بوصفه كتلة واحدة لم تتغير منذ 1921 حتى 2026، وذلك لأن جيشنا البطل المضحي الذي حارب الإرهاب بعد 2003 وساهم، برفقة الحشد الشعبي، بالانتصار على دlعش، يختلف تماماً عن جيش العهد الملكي، وهو يختلف كذلك عن جيش الجمهورية الأولى، كما يختلف بالطبع عن جيش",0,0,0,https://x.com/ahmadabdulsada/status/2008673638766018564,2026,1,2026-01-07,"من الخطأ الحديث عن ""الجيش العراقي"" بوصفه كتلة واحدة لم تتغير منذ 1921 حتى 2026، وذلك لأن جيشنا البطل المضحي الذي حارب الإرهاب بعد 2003 وساهم، برفقة الحشد الشعبي، بالانتصار على دlعش، يختلف تماماً عن جيش العهد الملكي، وهو يختلف كذلك عن جيش الجمهورية الأولى، كما يختلف بالطبع عن جيش","It is wrong to talk about the “Iraqi Army” as a single bloc that has not changed from 1921 to 2026, because our heroic, self-sacrificing army that fought terrorism after 2003 and contributed, along with the Popular Mobilization Forces, to the victory over ISIS, is completely different from the army of the monarchy, and it is also different from the army of the First Republic, as it is of course different from the army of"
2008303498845118492,ahmadabdulsada,2026-01-06 00:24:01.256,"بسم الله الرحمن الرحيم 

الحمد لله رب العالمين، والصلاة والسلام على قائدنا ونبينا محمد الأمين، وأهل بيته الطيبين الطاهرين، ورضيَ الله على صحبه الأخيار المنتجبين، وعباده الصالحين والشهداء والمجاهدين.
نعيش هذه الأيام ذكرى الدم الذي خط أبهى فصول العزة والكرامة، وما الرصاصة الأمريكية",0,0,0,https://x.com/ahmadabdulsada/status/2008303498845118492,2026,1,2026-01-06,"بسم الله الرحمن الرحيم 

الحمد لله رب العالمين، والصلاة والسلام على قائدنا ونبينا محمد الأمين، وأهل بيته الطيبين الطاهرين، ورضيَ الله على صحبه الأخيار المنتجبين، وعباده الصالحين والشهداء والمجاهدين.
نعيش هذه الأيام ذكرى الدم الذي خط أبهى فصول العزة والكرامة، وما الرصاصة الأمريكية","In the name of God, the Most Gracious, the Most Merciful 

Praise be to God, Lord of the Worlds, and may blessings and peace be upon our leader and Prophet Muhammad the Trustworthy, and his good and pure family, and may God be pleased with his chosen, good companions, and his righteous servants, martyrs, and mujahideen.
These days we live in memory of the blood that marked the most glorious chapters of pride and dignity, and what an American bullet is"
2007916454750851165,ahmadabdulsada,2026-01-04 22:46:02.753,"بيان صادر عن تنسيقية المقاومة العراقية المتمثلة بـ: 
كتائب سيد الشهداء، كتائب كربلاء، أنصار الله الأوفياء، حركة النجباء، عصائب أهل الحق، كتائب حزب الله.

بسم الله الرحمن الرحيم
(وَخُذُوا حِذْرَكُمْ  إِنَّ اللَّهَ أَعَدَّ لِلْكَافِرِينَ عَذَابًا مُّهِينًا)
في أيام ذكرى شهادة",0,0,0,https://x.com/ahmadabdulsada/status/2007916454750851165,2026,1,2026-01-04,"بيان صادر عن تنسيقية المقاومة العراقية المتمثلة بـ: 
كتائب سيد الشهداء، كتائب كربلاء، أنصار الله الأوفياء، حركة النجباء، عصائب أهل الحق، كتائب حزب الله.

بسم الله الرحمن الرحيم
(وَخُذُوا حِذْرَكُمْ  إِنَّ اللَّهَ أَعَدَّ لِلْكَافِرِينَ عَذَابًا مُّهِينًا)
في أيام ذكرى شهادة","A statement issued by the Iraqi Resistance Coordination: 
Sayyid al-Shuhada Brigades, Karbala Brigades, Loyal Ansar Allah, Harakat al-Nujaba, Asaib Ahl al-Haq, and Hezbollah Brigades.

In the name of God, the Most Gracious, the Most Merciful
(And take heed. Indeed, God has prepared for the disbelievers a humiliating punishment.)
On days of remembrance of testimony"
2007880044366938141,ahmadabdulsada,2026-01-04 20:21:21.841,"بيان وزير الدفاع الفنزويلي الذي أدان اختطاف مادورو وزوجته وأعلن ""الجاهزية"" لمواجهة ""العدوان الأمريكي""، يؤكد بأن عملية الاختطاف التي نفذتها قوة كوماندوز أمريكية لم ترسم مشهد النهاية للحكاية الفنزويلية كما يريد المخرج الأمريكي، بل من الواضح أنها قد أنتجت فصلاً جديداً من المواجهة",0,0,0,https://x.com/ahmadabdulsada/status/2007880044366938141,2026,1,2026-01-04,"بيان وزير الدفاع الفنزويلي الذي أدان اختطاف مادورو وزوجته وأعلن ""الجاهزية"" لمواجهة ""العدوان الأمريكي""، يؤكد بأن عملية الاختطاف التي نفذتها قوة كوماندوز أمريكية لم ترسم مشهد النهاية للحكاية الفنزويلية كما يريد المخرج الأمريكي، بل من الواضح أنها قد أنتجت فصلاً جديداً من المواجهة","The statement of the Venezuelan Minister of Defense, which condemned the kidnapping of Maduro and his wife and declared “readiness” to confront “American aggression,” confirms that the kidnapping carried out by an American commando force did not mark the end scene for the Venezuelan story as the American director wanted. Rather, it is clear that it has produced a new chapter of the confrontation."
2007420324774650036,ahmadabdulsada,2026-01-03 13:54:36.149,اختطاف الرئيس الفنزويلي مادورو وزوجته من قبل قوة عسكرية أمريكية، هو، بلا شك، دليل جديد على أن أمريكا تؤمن فقط بذهنية العصابات والمافيات التي تريد إخضاع الجميع لها بالقوة والابتزاز، وبالتالي فإن المواثيق الدولية والشعارات الديمقراطية والسياقات الدبلوماسية التي تتبجح بها ليست سوى,0,0,0,https://x.com/ahmadabdulsada/status/2007420324774650036,2026,1,2026-01-03,اختطاف الرئيس الفنزويلي مادورو وزوجته من قبل قوة عسكرية أمريكية، هو، بلا شك، دليل جديد على أن أمريكا تؤمن فقط بذهنية العصابات والمافيات التي تريد إخضاع الجميع لها بالقوة والابتزاز، وبالتالي فإن المواثيق الدولية والشعارات الديمقراطية والسياقات الدبلوماسية التي تتبجح بها ليست سوى,"The kidnapping of Venezuelan President Maduro and his wife by an American military force is, without a doubt, new evidence that America only believes in the mentality of gangs and mafias that want to subjugate everyone to it by force and blackmail, and therefore the international conventions, democratic slogans, and diplomatic contexts that it boasts are nothing but"
2007348559922762209,ahmadabdulsada,2026-01-03 09:09:26.075,"كل أكاذيب العالم لن تحجب شمس الحقيقة الساطعة التي صنعت من القائدين الشهيدين سليماني والمهندس رمزين خالدين لقيم الكرامة والبطولة والمروءة والتضحية.
للتاريخ صوت لا يُخفى وحبر لا يُمحى، وهذا التاريخ يقف احتراماً لهما في ذكرى استشهادهما من كل عام ليتوشح بضوئهما الباسل ويتغنى بمجدهما",0,0,0,https://x.com/ahmadabdulsada/status/2007348559922762209,2026,1,2026-01-03,"كل أكاذيب العالم لن تحجب شمس الحقيقة الساطعة التي صنعت من القائدين الشهيدين سليماني والمهندس رمزين خالدين لقيم الكرامة والبطولة والمروءة والتضحية.
للتاريخ صوت لا يُخفى وحبر لا يُمحى، وهذا التاريخ يقف احتراماً لهما في ذكرى استشهادهما من كل عام ليتوشح بضوئهما الباسل ويتغنى بمجدهما","All the world's lies will not obscure the bright sun of truth that made the martyred leaders Soleimani and Al-Muhandis eternal symbols of the values ​​of dignity, heroism, chivalry, and sacrifice.
History has an indelible voice and indelible ink, and this history stands out of respect for them on the anniversary of their martyrdom every year, to be clothed in their valiant light and to sing of their glory."
2006684340118249745,ahmadabdulsada,2026-01-01 13:10:03.733,"تسريبات قناة الجزيرة القطرية الصوتية التي لم يتم حتى الآن التأكد من صحتها، والتي تزعم تواصل سهيل الحسن مع ""ضابط إسرائيلي"" في عهد حكم بشار الأسد، هي تسريبات هدفها التغطية على تصريح ترامب الذي قال بأن ""أردوغان يستحق ثناءً كبيراً على مساعدته إسرائيل في التخلص من نظام كان يعمل ضدها",0,0,0,https://x.com/ahmadabdulsada/status/2006684340118249745,2026,1,2026-01-01,"تسريبات قناة الجزيرة القطرية الصوتية التي لم يتم حتى الآن التأكد من صحتها، والتي تزعم تواصل سهيل الحسن مع ""ضابط إسرائيلي"" في عهد حكم بشار الأسد، هي تسريبات هدفها التغطية على تصريح ترامب الذي قال بأن ""أردوغان يستحق ثناءً كبيراً على مساعدته إسرائيل في التخلص من نظام كان يعمل ضدها","The leaks of the Qatari Al Jazeera audio channel, whose authenticity has not yet been confirmed, and which claim that Suhail Al-Hassan communicated with an “Israeli officer” during the era of Bashar al-Assad’s rule, are leaks aimed at covering up Trump’s statement, which said that “Erdogan deserves great praise for helping Israel get rid of a regime that was working against it.”"
1742569728923644202,ahmadabdulsada,2024-01-03 17:32:53.412,"حين وصل دlعش إلى حدود بغداد لم نجد سنداً لنا سوى حليفتنا الوفية إيران المتمثلة بالعظيم سليماني، بعد أن فتحت أمريكا أبواب العراق لدlعش وبعد أن تحولت تركيا إلى ممر وفندق للدوlعش وبعد أن فتحت قطر والسعودية خزائنهما لدعم دlعش
#مشكور_حجي_قاسم
#ابوا_هذه_المقاومة
#الشهادة_والسيادة",0,0,0,https://x.com/ahmadabdulsada/status/1742569728923644202,2024,1,2024-01-03,"حين وصل دlعش إلى حدود بغداد لم نجد سنداً لنا سوى حليفتنا الوفية إيران المتمثلة بالعظيم سليماني، بعد أن فتحت أمريكا أبواب العراق لدlعش وبعد أن تحولت تركيا إلى ممر وفندق للدوlعش وبعد أن فتحت قطر والسعودية خزائنهما لدعم دlعش
#مشكور_حجي_قاسم
#ابوا_هذه_المقاومة
#الشهادة_والسيادة","When ISIS reached the borders of Baghdad, we found no support for us except our loyal ally, Iran, represented by the great Soleimani, after America opened the gates of Iraq to ISIS, after Turkey turned into a corridor and hotel for ISIS, and after Qatar and Saudi Arabia opened their treasuries to support ISIS.
#Thank you_Haji_Qasim
#Above_this_resistance
#martyrdomandsovereignty"
2006760325211619747,ahmadabdulsada,2026-01-01 18:11:59.991,"بالنسبة للعمالة للكيان الإسرائيلي، لا توجد مفاضلة بين قطر والإمارات، أي بمعنى أنه لا يمكن لأي واحدة من الدولتين (قطر والإمارات) أن تدعي شرفاً لا تمتلكه، فكلا الدولتين تخدمان الأجندة الإسرائيلية بالشكل التالي:

قطر تخدم إسرائيل عبر دعم التنظيمات الإرهابية التكفيرية التي تحارب محور",0,0,0,https://x.com/ahmadabdulsada/status/2006760325211619747,2026,1,2026-01-01,"بالنسبة للعمالة للكيان الإسرائيلي، لا توجد مفاضلة بين قطر والإمارات، أي بمعنى أنه لا يمكن لأي واحدة من الدولتين (قطر والإمارات) أن تدعي شرفاً لا تمتلكه، فكلا الدولتين تخدمان الأجندة الإسرائيلية بالشكل التالي:

قطر تخدم إسرائيل عبر دعم التنظيمات الإرهابية التكفيرية التي تحارب محور","Regarding employment for the Israeli entity, there is no trade-off between Qatar and the Emirates, meaning that neither of the two countries (Qatar and the Emirates) can claim an honor that it does not possess, as both countries serve the Israeli agenda in the following way:

Qatar serves Israel by supporting Takfiri terrorist organizations fighting the axis"
2006049649749361146,ahmadabdulsada,2025-12-30 19:08:01.757,"الصراع السعودي الإماراتي الخفي في اليمن خرج إلى العلن، بشكل صارخ، بعد قيام السعودية بقصف شحنة من الأسلحة في ميناء المكلا بمحافظة حضرموت بعد أن تم إفراغها من قبل سفينتين إماراتيتين قدمتا من ميناء الفجيرة بهدف إيصالها لقوات ""المجلس الانتقالي الجنوبي"" المدعوم من الإمارات.

هذا القصف",0,0,0,https://x.com/ahmadabdulsada/status/2006049649749361146,2025,12,2025-12-30,"الصراع السعودي الإماراتي الخفي في اليمن خرج إلى العلن، بشكل صارخ، بعد قيام السعودية بقصف شحنة من الأسلحة في ميناء المكلا بمحافظة حضرموت بعد أن تم إفراغها من قبل سفينتين إماراتيتين قدمتا من ميناء الفجيرة بهدف إيصالها لقوات ""المجلس الانتقالي الجنوبي"" المدعوم من الإمارات.

هذا القصف","The hidden Saudi-Emirati conflict in Yemen came out into the open, blatantly, after Saudi Arabia bombed a shipment of weapons in the port of Mukalla in Hadramaut Governorate after it had been unloaded by two Emirati ships that came from the port of Fujairah with the aim of delivering it to the forces of the “Southern Transitional Council” supported by the UAE.

This bombing"
2005276595364278716,ahmadabdulsada,2025-12-28 15:56:11.229,تعددت أساليب سلطة الإرهاب الحاكمة في دمشق باستهداف أبناء الطائفة العلوية، فبعد موجة الاستنكار الإعلامية التي رافقت وأعقبت مجازر الساحل السوري التي ارتكبتها، في آذار الماضي، سلطة دمشق بحق العلويين، بدأت هذه السلطة بالقيام بعمليات قتل واختطاف وتهجير متفرقة لكنها منظمة، ضد العلويين،,0,0,0,https://x.com/ahmadabdulsada/status/2005276595364278716,2025,12,2025-12-28,تعددت أساليب سلطة الإرهاب الحاكمة في دمشق باستهداف أبناء الطائفة العلوية، فبعد موجة الاستنكار الإعلامية التي رافقت وأعقبت مجازر الساحل السوري التي ارتكبتها، في آذار الماضي، سلطة دمشق بحق العلويين، بدأت هذه السلطة بالقيام بعمليات قتل واختطاف وتهجير متفرقة لكنها منظمة، ضد العلويين،,"The ruling terrorist authority in Damascus has varied in its methods of targeting members of the Alawite sect. After the wave of media denunciation that accompanied and followed the massacres on the Syrian coast committed last March by the Damascus authority against the Alawites, this authority began carrying out sporadic but organized killing, kidnapping, and displacement operations against the Alawites."
2004575287149789609,ahmadabdulsada,2025-12-26 17:29:26.321,"للأمانة، الكاردينال ساكو لم يقم بالدعوة للتطبيع مع الكيان الصهيوني بشكل صريح، بل هو قال بالحرف الواحد بأنه يريد أن يطبع العالم ""مع العراق في العراق""، مع إشارة إلى أن ""التلمود اليهودي"" كُتب في بابل، أي أن ساكو يريد أن يكون العراق ""ملتقى"" أتباع الديانات ""الإبراهيمية""، ومن ضمنهم",0,0,0,https://x.com/ahmadabdulsada/status/2004575287149789609,2025,12,2025-12-26,"للأمانة، الكاردينال ساكو لم يقم بالدعوة للتطبيع مع الكيان الصهيوني بشكل صريح، بل هو قال بالحرف الواحد بأنه يريد أن يطبع العالم ""مع العراق في العراق""، مع إشارة إلى أن ""التلمود اليهودي"" كُتب في بابل، أي أن ساكو يريد أن يكون العراق ""ملتقى"" أتباع الديانات ""الإبراهيمية""، ومن ضمنهم","To be honest, Cardinal Sako did not explicitly call for normalization with the Zionist entity. Rather, he literally said that he wanted the world to “endorsement with Iraq in Iraq,” noting that the “Jewish Talmud” was written in Babylon, meaning that Sako wanted Iraq to be a “meeting place” for followers of the “Abrahamic” religions, including them."
2003013214167040167,ahmadabdulsada,2025-12-22 10:02:19.100,"لنتكلم بصراحة، لأن الصراحة ""راحة""!!

حين تبني سرديتك السياسية والانتخابية مثلاً على ""المقاومة"" وإخراج ""قوات الاحتلال الأمريكي والتركي"" وتكون ""سردية المقاومة"" هي الرافعة التي تحملك للسلطة، فإنك، هنا، يجب أن تكون ملزماً بالوفاء لسرديتك، حين وصولك للسلطة، ليس من منطلق احترام نفسك",0,0,0,https://x.com/ahmadabdulsada/status/2003013214167040167,2025,12,2025-12-22,"لنتكلم بصراحة، لأن الصراحة ""راحة""!!

حين تبني سرديتك السياسية والانتخابية مثلاً على ""المقاومة"" وإخراج ""قوات الاحتلال الأمريكي والتركي"" وتكون ""سردية المقاومة"" هي الرافعة التي تحملك للسلطة، فإنك، هنا، يجب أن تكون ملزماً بالوفاء لسرديتك، حين وصولك للسلطة، ليس من منطلق احترام نفسك","Let's talk frankly, because honesty is ""comfort""!!

When you base your political and electoral narrative, for example, on “resistance” and the removal of “the American and Turkish occupation forces,” and the “resistance narrative” is the lever that carries you to power, then, here, you must be obligated to fulfill your narrative, when you reach power, not out of respect for yourself."
2002845445580562786,ahmadabdulsada,2025-12-21 22:55:39.952,"""الدولة"" التي يُراد لها أن تحصر سلاح المقاومة بيدها، هل ستضمن لنا إخراج قوات الاحتلال الأمريكي من العراق؟ وهل ستطلق رصاصة واحدة ضد قواعد الاحتلال التركي في شمال العراق؟
بالتأكيد: لا.

لقد جربنا هذه ""الدولة"" سابقاً في حزيران 2014 حين احتل تنظيم دlعش الإرهابي ثلث العراق ووصل إلى",0,0,0,https://x.com/ahmadabdulsada/status/2002845445580562786,2025,12,2025-12-21,"""الدولة"" التي يُراد لها أن تحصر سلاح المقاومة بيدها، هل ستضمن لنا إخراج قوات الاحتلال الأمريكي من العراق؟ وهل ستطلق رصاصة واحدة ضد قواعد الاحتلال التركي في شمال العراق؟
بالتأكيد: لا.

لقد جربنا هذه ""الدولة"" سابقاً في حزيران 2014 حين احتل تنظيم دlعش الإرهابي ثلث العراق ووصل إلى","Will the ""state"" that is intended to control the weapons of resistance in its hands guarantee the expulsion of the American occupation forces from Iraq? Will a single bullet be fired against the Turkish occupation bases in northern Iraq?
Absolutely: No.

We tried this ""state"" previously in June 2014, when the terrorist organization ISIS occupied a third of Iraq and reached"
2002809715089383768,ahmadabdulsada,2025-12-21 20:33:41.139,"أدناه مقالة مهمة للأخ الحبيب الشيخ حسن النحوي يكشف فيها بأن ""الهزيمة النفسية"" ستؤدي حتماً لهزيمة سياسية وعسكرية، في تشخيص لاذع للمشهد السياسي الشيعي الحالي في العراق.

نص المقالة:

الواقعية السياسية 
(قراءة جريئة في النزاع بين المصلحة والمبادئ)

بقلم :| حسن النحوي |.",0,0,0,https://x.com/ahmadabdulsada/status/2002809715089383768,2025,12,2025-12-21,"أدناه مقالة مهمة للأخ الحبيب الشيخ حسن النحوي يكشف فيها بأن ""الهزيمة النفسية"" ستؤدي حتماً لهزيمة سياسية وعسكرية، في تشخيص لاذع للمشهد السياسي الشيعي الحالي في العراق.

نص المقالة:

الواقعية السياسية 
(قراءة جريئة في النزاع بين المصلحة والمبادئ)

بقلم :| حسن النحوي |.","Below is an important article by our beloved brother Sheikh Hassan Al-Nahwi, in which he reveals that “psychological defeat” will inevitably lead to political and military defeat, in a scathing diagnosis of the current Shiite political scene in Iraq.

Article text:

Political realism 
(A bold reading into the conflict between interest and principles)

Written by :| Hassan Al-Nahwi |."
2002426587891810511,ahmadabdulsada,2025-12-20 19:11:16.497,"بسم الله الرحمن الرحيم
(إِلَّا تَنفِرُوا يُعَذِّبْكُمْ عَذَابًا أَلِيمًا وَيَسْتَبْدِلْ قَوْمًا غَيْرَكُمْ وَلَا تَضُرُّوهُ شَيْئًا ۗ وَاللَّهُ عَلَىٰ كُلِّ شَيْءٍ قَدِير)

عن أمير المؤمنين ومولى الموحدين وإمام المجاهدين علي بن أبي طالب (عليه السلام) أنه قال: فَإِنَّ الْجِهَادَ",0,0,0,https://x.com/ahmadabdulsada/status/2002426587891810511,2025,12,2025-12-20,"بسم الله الرحمن الرحيم
(إِلَّا تَنفِرُوا يُعَذِّبْكُمْ عَذَابًا أَلِيمًا وَيَسْتَبْدِلْ قَوْمًا غَيْرَكُمْ وَلَا تَضُرُّوهُ شَيْئًا ۗ وَاللَّهُ عَلَىٰ كُلِّ شَيْءٍ قَدِير)

عن أمير المؤمنين ومولى الموحدين وإمام المجاهدين علي بن أبي طالب (عليه السلام) أنه قال: فَإِنَّ الْجِهَادَ","In the name of God, the Most Gracious, the Most Merciful
(Unless you go forth, He will punish you with a painful punishment and replace you with a people other than you, and you will not harm Him at all. And God has power over all things.)

On the authority of the Commander of the Faithful, the master of the monotheists, and the imam of the mujahideen, Ali bin Abi Talib (peace be upon him), that he said: Jihad"
2002377919075922195,ahmadabdulsada,2025-12-20 15:57:52.947,"بعض قادة الحشد والفصائل الذين طالبوا مؤخراً بحصر السلاح بيد الدولة، هل يقصدون حصر سلاح الحشد الشعبي بيد وزارة الدفاع ووزارة الداخلية؟ أم يقصدون حصر سلاح فصائل المقاومة بيد الحشد الشعبي، باعتبار أن الحشد يعتبر ""مؤسسة دولة"" مثبتة بقانون، وسلاحه ""سلاح الدولة""؟!

بصراحة، نحتاج إلى",0,0,0,https://x.com/ahmadabdulsada/status/2002377919075922195,2025,12,2025-12-20,"بعض قادة الحشد والفصائل الذين طالبوا مؤخراً بحصر السلاح بيد الدولة، هل يقصدون حصر سلاح الحشد الشعبي بيد وزارة الدفاع ووزارة الداخلية؟ أم يقصدون حصر سلاح فصائل المقاومة بيد الحشد الشعبي، باعتبار أن الحشد يعتبر ""مؤسسة دولة"" مثبتة بقانون، وسلاحه ""سلاح الدولة""؟!

بصراحة، نحتاج إلى","Some of the leaders of the Popular Mobilization Forces and factions who recently called for weapons to be restricted to the hands of the state, do they mean restricting the weapons of the Popular Mobilization Forces to the hands of the Ministry of Defense and the Ministry of Interior? Or do they mean restricting the weapons of the resistance factions to the hands of the Popular Mobilization Forces, considering that the Mobilization Forces are considered a “state institution” established by law, and their weapons are “state weapons”?!

Honestly, we need to"
2002073314911805937,ahmadabdulsada,2025-12-19 19:47:29.655,اعتقال المدعو واثق البطاط من قبل أمن الحشد الشعبي خطوة مهمة ليس فقط لأن البطاط تجاوز بتصريحاته المسيئة المشينة الحدود القانونية، بل أيضاً لمنع استغلال البطاط من قبل القنوات الفضائية المعادية للحشد ومن قبل الإعلاميين الذين يكنون العداء للحشد وفصائل المقاومة، والذين حولوا البطاط,0,0,0,https://x.com/ahmadabdulsada/status/2002073314911805937,2025,12,2025-12-19,اعتقال المدعو واثق البطاط من قبل أمن الحشد الشعبي خطوة مهمة ليس فقط لأن البطاط تجاوز بتصريحاته المسيئة المشينة الحدود القانونية، بل أيضاً لمنع استغلال البطاط من قبل القنوات الفضائية المعادية للحشد ومن قبل الإعلاميين الذين يكنون العداء للحشد وفصائل المقاومة، والذين حولوا البطاط,"The arrest of the so-called Wathiq al-Battat by the security of the Popular Mobilization Forces is an important step, not only because al-Battat crossed legal limits with his insulting and disgraceful statements, but also to prevent the exploitation of al-Battat by satellite channels hostile to the PMF and by media professionals who are hostile to the PMF and the resistance factions, and who turned al-Battat into"
2001318116685385902,ahmadabdulsada,2025-12-17 17:46:36.367,"محافظ البصرة أسعد العيداني بدلاً من التحرك الفوري لاعتقال أفراد من ""تنظيم سرايا السلام"" اعتدوا على موظف حكومي في بلدية البصرة، نراه يقوم بالتوجيه بمعاقبة وإعفاء هذا الموظف من منصبه، ثم يقوم ببث تسجيل صوتي يشكر فيه مقتدى الصدر على قرار التجميد ""الوهمي"" الذي، بكل الأحوال، لا يمكن",0,0,0,https://x.com/ahmadabdulsada/status/2001318116685385902,2025,12,2025-12-17,"محافظ البصرة أسعد العيداني بدلاً من التحرك الفوري لاعتقال أفراد من ""تنظيم سرايا السلام"" اعتدوا على موظف حكومي في بلدية البصرة، نراه يقوم بالتوجيه بمعاقبة وإعفاء هذا الموظف من منصبه، ثم يقوم ببث تسجيل صوتي يشكر فيه مقتدى الصدر على قرار التجميد ""الوهمي"" الذي، بكل الأحوال، لا يمكن","The Governor of Basra, Asaad Al-Eidani, instead of taking immediate action to arrest members of the “Saraya Al-Salam Organization” who attacked a government employee in the Basra Municipality, we see him directing the punishment and dismissal of this employee from his position, and then broadcasting an audio recording in which he thanks Muqtada Al-Sadr for the “fake” freeze decision, which, in any case, cannot be"
2001780256152150084,ahmadabdulsada,2025-12-19 00:22:59.002,بعد التخلي المخزي عن الموظف في بلدية البصرة أثير العبيدي في أعقاب حادثة الاعتداء عليه، وبعد موقف محافظ البصرة والحكومة الاتحادية المعيب والمتمثل بعدم معاقبة المعتدين، يجب على السلطات التنفيذية في بغداد وباقي المحافظات أن لا تلوم ولا تعاقب ولا تحاسب ولا تسائل أي موظف إذا رفض تنفيذ,0,0,0,https://x.com/ahmadabdulsada/status/2001780256152150084,2025,12,2025-12-19,بعد التخلي المخزي عن الموظف في بلدية البصرة أثير العبيدي في أعقاب حادثة الاعتداء عليه، وبعد موقف محافظ البصرة والحكومة الاتحادية المعيب والمتمثل بعدم معاقبة المعتدين، يجب على السلطات التنفيذية في بغداد وباقي المحافظات أن لا تلوم ولا تعاقب ولا تحاسب ولا تسائل أي موظف إذا رفض تنفيذ,"After the shameful abandonment of the employee in the municipality of Basra, Atheer Al-Obaidi, in the wake of the incident of assault on him, and after the flawed position of the Governor of Basra and the federal government of not punishing the attackers, the executive authorities in Baghdad and the rest of the governorates must not blame, punish, hold accountable, or question any employee if he refuses to implement..."
2001564113701605739,ahmadabdulsada,2025-12-18 10:04:06.626,تغريدة في مثل هذا اليوم قبل 3 سنوات,0,0,0,https://x.com/ahmadabdulsada/status/2001564113701605739,2025,12,2025-12-18,تغريدة في مثل هذا اليوم قبل 3 سنوات,A tweet on this day 3 years ago
2001062993572896797,ahmadabdulsada,2025-12-17 00:52:50.277,"أفراد تابعون لتنظيم ""سرايا السلام"" يعتدون على أثير العبيدي مسؤول شعبة المعقل في بلدية البصرة، لأنه قام، حسب القانون، بتنفيذ الواجب المكلف به، وإمعاناً في الاستهتار قاموا بتصوير هذا الاعتداء وتحدوا الدولة وقوانينها وأجهزتها الأمنية بشكل علني وبوجوههم المكشوفة.

هؤلاء الأوباش",0,0,0,https://x.com/ahmadabdulsada/status/2001062993572896797,2025,12,2025-12-17,"أفراد تابعون لتنظيم ""سرايا السلام"" يعتدون على أثير العبيدي مسؤول شعبة المعقل في بلدية البصرة، لأنه قام، حسب القانون، بتنفيذ الواجب المكلف به، وإمعاناً في الاستهتار قاموا بتصوير هذا الاعتداء وتحدوا الدولة وقوانينها وأجهزتها الأمنية بشكل علني وبوجوههم المكشوفة.

هؤلاء الأوباش","Individuals affiliated with the ""Saraya Al-Salam"" organization attacked Atheer Al-Obaidi, head of the Al-Maqal Division in the Basra Municipality, because he carried out, according to the law, the duty assigned to him, and in further recklessness they filmed this attack and challenged the state, its laws, and its security services openly and with their exposed faces.

These bastards"
1961698730177970374,ahmadabdulsada,2025-08-30 10:53:18.531,"كلمة حق أمام مسؤولٍ فاسد

الشرفاء والنزيهون والحالمون بتحقيق العدالة الاجتماعية التي هي الركيزة الأساسية في نهج الإمام علي (ع) وكل القادة والثوار الزاهدين النبلاء، لا يملكون إلا الإعجاب بصوت الشيخ مصطفى الأنصاري الشجاع الجريء الذي لا يخشى في الحق لومة لائم، والذي انتصر لفقراء",0,0,0,https://x.com/ahmadabdulsada/status/1961698730177970374,2025,8,2025-08-30,"كلمة حق أمام مسؤولٍ فاسد

الشرفاء والنزيهون والحالمون بتحقيق العدالة الاجتماعية التي هي الركيزة الأساسية في نهج الإمام علي (ع) وكل القادة والثوار الزاهدين النبلاء، لا يملكون إلا الإعجاب بصوت الشيخ مصطفى الأنصاري الشجاع الجريء الذي لا يخشى في الحق لومة لائم، والذي انتصر لفقراء","A word of truth before a corrupt official

The honorable, the honest, and those who dream of achieving social justice, which is the basic pillar of the approach of Imam Ali (peace be upon him), and all the noble ascetic leaders and revolutionaries, cannot help but admire the courageous and bold voice of Sheikh Mustafa Al-Ansari, who in truth does not fear the blame of a critic, and who triumphed for the poor."
2000903664412832199,ahmadabdulsada,2025-12-16 14:19:43.245,خطة التقشف الحكومية تعني، باختصار، أن على الناس البسطاء والفقراء أن يدفعوا ضريبة سرقات اللصوص الكبار الذين قاموا بتصفير خزينة الدولة,0,0,0,https://x.com/ahmadabdulsada/status/2000903664412832199,2025,12,2025-12-16,خطة التقشف الحكومية تعني، باختصار، أن على الناس البسطاء والفقراء أن يدفعوا ضريبة سرقات اللصوص الكبار الذين قاموا بتصفير خزينة الدولة,"The government's austerity plan means, in short, that simple and poor people must pay a tax on the thefts of the big thieves who have drained the state treasury."
2000885139853725795,ahmadabdulsada,2025-12-16 13:06:06.646,"بعد اللقاء الأخير للمدعو واثق البطاط في قناة السومرية طالبت باعتقاله وإيداعه في السجن.

ولكن بعد أن سمعتُ وقرأتُ تصريحات سابقة له، ومن ضمنها التصريح أدناه، شعرتُ بأنني كنتُ على خطأ وبأن مطالبتي بسجنه ليست في محلها، بل أن الإجراء الصحيح هو إيداعه في مستشفى ""الشماعية"" للأمراض",0,0,0,https://x.com/ahmadabdulsada/status/2000885139853725795,2025,12,2025-12-16,"بعد اللقاء الأخير للمدعو واثق البطاط في قناة السومرية طالبت باعتقاله وإيداعه في السجن.

ولكن بعد أن سمعتُ وقرأتُ تصريحات سابقة له، ومن ضمنها التصريح أدناه، شعرتُ بأنني كنتُ على خطأ وبأن مطالبتي بسجنه ليست في محلها، بل أن الإجراء الصحيح هو إيداعه في مستشفى ""الشماعية"" للأمراض","After the last meeting with the so-called Watheq Al-Battat on Al-Sumaria TV, I demanded that he be arrested and put in prison.

But after I heard and read his previous statements, including the statement below, I felt that I was wrong and that my demand for his imprisonment was not appropriate. Rather, the correct procedure was to place him in the “Al-Shamaiya” Hospital for Diseases."
2000550466367746472,ahmadabdulsada,2025-12-15 14:56:14.269,"في لقاء بقناة السومرية، ظهر المدعو واثق البطاط مجدداً وتحدث، بشكل مسيء، عن الحشد وأمن الحشد وفصائل المقاومة، معترضاً على اعتقال بعض معاونيه وأتباعه، ومهدداً بكشف ملفات ""خطيرة""، ثم طالب، بشكل يدعو للسخرية، بتدخل دولي وتوفير ""حماية دولية له""!!
وللرد على كلامه المتخبط والمتهافت",0,0,0,https://x.com/ahmadabdulsada/status/2000550466367746472,2025,12,2025-12-15,"في لقاء بقناة السومرية، ظهر المدعو واثق البطاط مجدداً وتحدث، بشكل مسيء، عن الحشد وأمن الحشد وفصائل المقاومة، معترضاً على اعتقال بعض معاونيه وأتباعه، ومهدداً بكشف ملفات ""خطيرة""، ثم طالب، بشكل يدعو للسخرية، بتدخل دولي وتوفير ""حماية دولية له""!!
وللرد على كلامه المتخبط والمتهافت","In an interview with Al-Sumaria TV, the so-called Watheq Al-Battat appeared again and spoke, in an offensive manner, about the PMF, the security of the PMF, and the resistance factions, objecting to the arrest of some of his aides and followers, and threatening to reveal “dangerous” files. Then, in a ridiculous manner, he demanded international intervention and the provision of “international protection for him”!!
And to respond to his confused and inconsistent words"
1999876248391106941,ahmadabdulsada,2025-12-13 18:17:08.177,"استضافة عبد الوهاب الساعدي من قبل التشريني علي وجيه هي محاولة ""مدفوعة الثمن"" لإحياء السردية التشرينية ""المزيفة"" التي كانت مجرد صدى للتسويق الإعلامي الأمريكي الذي كان يسعى، في مرحلة الحرب على دlعش، لصناعة قائد عسكري عراقي مقرب من الأمريكان وبعيد عن منظومة الحشد الشعبي، لإسباغ عليه",0,0,0,https://x.com/ahmadabdulsada/status/1999876248391106941,2025,12,2025-12-13,"استضافة عبد الوهاب الساعدي من قبل التشريني علي وجيه هي محاولة ""مدفوعة الثمن"" لإحياء السردية التشرينية ""المزيفة"" التي كانت مجرد صدى للتسويق الإعلامي الأمريكي الذي كان يسعى، في مرحلة الحرب على دlعش، لصناعة قائد عسكري عراقي مقرب من الأمريكان وبعيد عن منظومة الحشد الشعبي، لإسباغ عليه","Hosting Abdul Wahab Al-Saadi by Al-Tishrini Ali Wajih is a “paid-for” attempt to revive the “fake” Tishrini narrative, which was merely an echo of the American media marketing that was seeking, during the war on ISIS, to create an Iraqi military leader close to the Americans and far from the Popular Mobilization Forces system, to gain favor over him."
2000164449416532019,ahmadabdulsada,2025-12-14 13:22:20.656,"مشهد الهجوم الداعشي على الجنود الأمريكان في تدمر يبدو ساخراً وعابثاً إلى حد كبير.

منبع السخرية والعبث في المشهد يعود إلى أن الجانب الأمريكي كان يعقد اجتماعاً في تدمر مع ما يسمى مسؤول منطقة البادية في حكومة الجولاني المدعو سفيان محمد الشيخ قاسم ""أبو جابر الشامي"" وبعض معاونيه",0,0,0,https://x.com/ahmadabdulsada/status/2000164449416532019,2025,12,2025-12-14,"مشهد الهجوم الداعشي على الجنود الأمريكان في تدمر يبدو ساخراً وعابثاً إلى حد كبير.

منبع السخرية والعبث في المشهد يعود إلى أن الجانب الأمريكي كان يعقد اجتماعاً في تدمر مع ما يسمى مسؤول منطقة البادية في حكومة الجولاني المدعو سفيان محمد الشيخ قاسم ""أبو جابر الشامي"" وبعض معاونيه","The scene of the ISIS attack on American soldiers in Palmyra seems very cynical and absurd.

The source of the sarcasm and absurdity in the scene is that the American side was holding a meeting in Palmyra with the so-called official of the Badia region in the Al-Julani government, called Sufyan Muhammad Al-Sheikh Qasim “Abu Jaber Al-Shami” and some of his aides."
1999854785735131416,ahmadabdulsada,2025-12-13 16:51:51.081,#ابو_علي_العسكري,0,0,0,https://x.com/ahmadabdulsada/status/1999854785735131416,2025,12,2025-12-13,#ابو_علي_العسكري,#Abu_Ali_Al-Askari
1873681571808448518,ahmadabdulsada,2024-12-30 12:44:32.696,كل قادة محور المقاومة الذين كان لهم دور بحماية سوريا من المشروع الإرهابي التكفيري، منذ بداية الأزمة السورية في آذار 2011 وحتى سقوط نظام الأسد، كانوا يعرفون جيداً صفات بشار الأسد السلبية، وبمقدمتها العناد وتوهم القوة وتجاهل القيام بإصلاحات ضرورية عاجلة والبطء باتخاذ القرارات,0,0,0,https://x.com/ahmadabdulsada/status/1873681571808448518,2024,12,2024-12-30,كل قادة محور المقاومة الذين كان لهم دور بحماية سوريا من المشروع الإرهابي التكفيري، منذ بداية الأزمة السورية في آذار 2011 وحتى سقوط نظام الأسد، كانوا يعرفون جيداً صفات بشار الأسد السلبية، وبمقدمتها العناد وتوهم القوة وتجاهل القيام بإصلاحات ضرورية عاجلة والبطء باتخاذ القرارات,"All the leaders of the resistance axis who had a role in protecting Syria from the Takfiri terrorist project, from the beginning of the Syrian crisis in March 2011 until the fall of the Assad regime, knew well Bashar al-Assad’s negative qualities, most notably stubbornness, the illusion of power, ignoring urgent necessary reforms, and being slow in making decisions."
1998509401330852270,ahmadabdulsada,2025-12-09 23:45:46.443,"مع تقديرنا لكل الدماء التي سالت لتحقيق النصر على داعش، إلّا أن الحقيقة تقتضي القول بأن النصر هو نصر الشيعة على جيش الوحوش الأممي السني المسمى ""داعش"" الذي تم تجميعه من كل أصقاع الأمة السنية بدعم أمريكي إسرائيلي قطري تركي سعودي بهدف إنهاء الوجود الشيعي في المنطقة
#يوم_النصر",0,0,0,https://x.com/ahmadabdulsada/status/1998509401330852270,2025,12,2025-12-09,"مع تقديرنا لكل الدماء التي سالت لتحقيق النصر على داعش، إلّا أن الحقيقة تقتضي القول بأن النصر هو نصر الشيعة على جيش الوحوش الأممي السني المسمى ""داعش"" الذي تم تجميعه من كل أصقاع الأمة السنية بدعم أمريكي إسرائيلي قطري تركي سعودي بهدف إنهاء الوجود الشيعي في المنطقة
#يوم_النصر","While we appreciate all the blood that was shed to achieve victory over ISIS, the truth requires saying that the victory is the victory of the Shiites over the Sunni international monster army called “ISIS,” which was gathered from all corners of the Sunni nation with American, Israeli, Qatari, Turkish, and Saudi support, with the aim of ending the Shiite presence in the region.
#VictoryDay"
1998450985081909306,ahmadabdulsada,2025-12-09 19:53:38.924,"في لقائه بقناة ""الرابعة"" قال السوداني بأن الإعلاميين والمدونين الذين ينتقدونه ينتمون لجهات خارجية.

السوداني يتجاهل وينكر هنا حقيقة ساطعة هي أن كل الإعلاميين والمدونين الذين ينتمون فعلاً لجهات خارجية تم استقطابهم من قبل مكتبه الإعلامي وهم يطبلون له منذ 3 سنوات وحتى الآن.

أما",0,0,0,https://x.com/ahmadabdulsada/status/1998450985081909306,2025,12,2025-12-09,"في لقائه بقناة ""الرابعة"" قال السوداني بأن الإعلاميين والمدونين الذين ينتقدونه ينتمون لجهات خارجية.

السوداني يتجاهل وينكر هنا حقيقة ساطعة هي أن كل الإعلاميين والمدونين الذين ينتمون فعلاً لجهات خارجية تم استقطابهم من قبل مكتبه الإعلامي وهم يطبلون له منذ 3 سنوات وحتى الآن.

أما","In his interview with Al-Rabaa TV, Al-Sudani said that the media figures and bloggers who criticize him belong to external parties.

Al-Sudani ignores and denies here the glaring fact that all media figures and bloggers who actually belong to foreign parties have been recruited by his media office and have been praising him for 3 years now.

As for"
1997657092082057513,ahmadabdulsada,2025-12-07 15:19:00.083,"قضية تقديم سير المرشحين لتولي منصب رئيس الوزراء ليست ""بدعة سياسية"" فقط، بل هي أيضاً مسرحية سخيفة وهزلية، ليس فقط بسبب أن هذه السير سيكون مصيرها سلة النفايات، بل أيضاً لأن الأمر برمته يمثل إهانة كبرى للاستحقاق السياسي الشيعي الأكبر وللموقع التنفيذي الأول لشيعة العراق.

رئاسة",0,0,0,https://x.com/ahmadabdulsada/status/1997657092082057513,2025,12,2025-12-07,"قضية تقديم سير المرشحين لتولي منصب رئيس الوزراء ليست ""بدعة سياسية"" فقط، بل هي أيضاً مسرحية سخيفة وهزلية، ليس فقط بسبب أن هذه السير سيكون مصيرها سلة النفايات، بل أيضاً لأن الأمر برمته يمثل إهانة كبرى للاستحقاق السياسي الشيعي الأكبر وللموقع التنفيذي الأول لشيعة العراق.

رئاسة","The issue of presenting the biographies of candidates for the position of prime minister is not only a “political heresy,” but it is also a ridiculous and farcical theatrics, not only because these biographies will end up in the trash, but also because the whole matter represents a major insult to the greater Shiite political entitlement and to the first executive position for the Shiites of Iraq.

presidency"
1996524443674251517,ahmadabdulsada,2025-12-04 12:18:15.659,"بالأمس يرشح المجرم ترامب قاتل ""قادة النصر"" لجائزة نوبل للسلام.
واليوم يدرج ""تاج المقاومة وشرف الأمة"" حزب الله وأنصار الله ضمن قوائم الإرهاب.

إلى أي مراحل مؤسفة ومخجلة سيصل تقديم التنازلات والتفريط بكرامة العراق وتمريغ سمعة العراق بالوحل من أجل كرسي السلطة؟

المفارقة أن الإطار",0,0,0,https://x.com/ahmadabdulsada/status/1996524443674251517,2025,12,2025-12-04,"بالأمس يرشح المجرم ترامب قاتل ""قادة النصر"" لجائزة نوبل للسلام.
واليوم يدرج ""تاج المقاومة وشرف الأمة"" حزب الله وأنصار الله ضمن قوائم الإرهاب.

إلى أي مراحل مؤسفة ومخجلة سيصل تقديم التنازلات والتفريط بكرامة العراق وتمريغ سمعة العراق بالوحل من أجل كرسي السلطة؟

المفارقة أن الإطار","Yesterday, the criminal Trump nominated the killer of the “Victory Leaders” for the Nobel Peace Prize.
Today, the “crown of resistance and honor of the nation” includes Hezbollah and Ansar Allah on terrorist lists.

To what unfortunate and shameful stages will making concessions, neglecting Iraq's dignity, and dragging Iraq's reputation in the mud for the sake of the seat of power?

The irony is that the frame"
1997032833328804219,ahmadabdulsada,2025-12-05 21:58:25.198,"إلى قصي ""صفيق"" بلا تحية..
تعال خليني أحچي وياك باللهجة الشعبية وطگ بطگ بلكت تفتهم شوية وتتزن وتبطل سوالف الشاخطين والمرضى النفسيين.

يعني هسه إنت تگول بأن إنت معارض للسوداني. عادي ماكو مشكلة. بالعكس هذا شي إيجابي، ويمكن هذا الشي الإيجابي الوحيد عندك، رغم أن معارضتك هوسة وجعجعة",0,0,0,https://x.com/ahmadabdulsada/status/1997032833328804219,2025,12,2025-12-05,"إلى قصي ""صفيق"" بلا تحية..
تعال خليني أحچي وياك باللهجة الشعبية وطگ بطگ بلكت تفتهم شوية وتتزن وتبطل سوالف الشاخطين والمرضى النفسيين.

يعني هسه إنت تگول بأن إنت معارض للسوداني. عادي ماكو مشكلة. بالعكس هذا شي إيجابي، ويمكن هذا الشي الإيجابي الوحيد عندك، رغم أن معارضتك هوسة وجعجعة","To Qusay “Cheeky” without greeting..
Come, let me talk to you in the popular dialect, so that you can understand a little, become balanced, and stop talking about the dissatisfied and the mentally ill.

I mean, now you are saying that you are opposed to the Sudanese. It's okay, no problem. On the contrary, this is a positive thing, and perhaps this is the only positive thing you have, even though your opposition is obsessive and fussy"
1996892880846102743,ahmadabdulsada,2025-12-05 12:42:17.926,"القرار الصحيح ليس إخراجه من گروبات ""الواتساب"" الخاصة بالإطار، وإنما إخراجه من الإطار ببيان رسمي، وحرمانه من المشاركة في الحكومة المقبلة، ومنعه من تسلم أي منصب، وهذا أبسط رد ""سياسي"" على خطيئة قيامه بترشيح ترامب لجائزة نوبل للسلام، وعلى الخطيئة الأكبر المتمثلة بإدراج إخوتنا",0,0,0,https://x.com/ahmadabdulsada/status/1996892880846102743,2025,12,2025-12-05,"القرار الصحيح ليس إخراجه من گروبات ""الواتساب"" الخاصة بالإطار، وإنما إخراجه من الإطار ببيان رسمي، وحرمانه من المشاركة في الحكومة المقبلة، ومنعه من تسلم أي منصب، وهذا أبسط رد ""سياسي"" على خطيئة قيامه بترشيح ترامب لجائزة نوبل للسلام، وعلى الخطيئة الأكبر المتمثلة بإدراج إخوتنا","The correct decision is not to remove him from the framework’s “WhatsApp” groups, but rather to remove him from the framework with an official statement, deprive him of participating in the next government, and prevent him from holding any position. This is the simplest “political” response to the sin of nominating Trump for the Nobel Peace Prize, and to the greater sin of including our brothers."
1996728846582694370,ahmadabdulsada,2025-12-05 01:50:29.110,"قلناها بعد شهرين ونصف فقط من توليه منصب رئيس الوزراء، ولكن لم يصدقنا الكثيرون حينها!!
كان كل شيء واضحاً لدينا في الوقت الذي كانت فيه الأغلبية مخدوعة!!",0,0,0,https://x.com/ahmadabdulsada/status/1996728846582694370,2025,12,2025-12-05,"قلناها بعد شهرين ونصف فقط من توليه منصب رئيس الوزراء، ولكن لم يصدقنا الكثيرون حينها!!
كان كل شيء واضحاً لدينا في الوقت الذي كانت فيه الأغلبية مخدوعة!!","We said it only two and a half months after he assumed the position of Prime Minister, but many did not believe us at the time!!
Everything was clear to us at a time when the majority was deceived!!"
1996567599929344110,ahmadabdulsada,2025-12-04 15:09:44.912,"هذا الكتاب أدناه لا قيمة حقيقية له، وهو مناورة للانحناء أمام العاصفة، ومحاولة لذر الرماد في العيون، وإسكات الأصوات الغاضبة والمعترضة على القرار المشين والمرفوض بإدراج حزب الله وأنصار الله على قوائم الإرهاب في العراق.

كل العراقيين يعرفون بأن خطوة نشر القرار في جريدة ""الوقائع",0,0,0,https://x.com/ahmadabdulsada/status/1996567599929344110,2025,12,2025-12-04,"هذا الكتاب أدناه لا قيمة حقيقية له، وهو مناورة للانحناء أمام العاصفة، ومحاولة لذر الرماد في العيون، وإسكات الأصوات الغاضبة والمعترضة على القرار المشين والمرفوض بإدراج حزب الله وأنصار الله على قوائم الإرهاب في العراق.

كل العراقيين يعرفون بأن خطوة نشر القرار في جريدة ""الوقائع","This book below has no real value, and it is a maneuver to bow before the storm, and an attempt to throw ashes in the eyes, and to silence the angry voices that object to the disgraceful and rejected decision to include Hezbollah and Ansar Allah on the terrorist lists in Iraq.

All Iraqis know that the step of publishing the decision in the Al-Waqa’i newspaper"
1995941000884216069,ahmadabdulsada,2025-12-02 21:39:52.058,"وقفنا بقوة مع الإطار التنسيقي، في عام 2022، حين كان ضعيفاً ومستضعفاً، وحين كان، مع الاتحاد الوطني الكردستاني وبعض الحلفاء السنة، لا يمثل سوى ""ثلث معطل"" في البرلمان، لأننا كنا نخشى من ""دكتاتورية صدرية"" يمكن أن تبتلع البلد وتصادر الحريات وتسفك دماء المعارضين تحت عنوان ""التحالف",0,0,0,https://x.com/ahmadabdulsada/status/1995941000884216069,2025,12,2025-12-02,"وقفنا بقوة مع الإطار التنسيقي، في عام 2022، حين كان ضعيفاً ومستضعفاً، وحين كان، مع الاتحاد الوطني الكردستاني وبعض الحلفاء السنة، لا يمثل سوى ""ثلث معطل"" في البرلمان، لأننا كنا نخشى من ""دكتاتورية صدرية"" يمكن أن تبتلع البلد وتصادر الحريات وتسفك دماء المعارضين تحت عنوان ""التحالف","We stood strongly with the coordination framework, in 2022, when it was weak and oppressed, and when it, along with the Patriotic Union of Kurdistan and some Sunni allies, represented only an “obstructive third” in Parliament, because we feared a “Sadrist dictatorship” that could swallow the country, confiscate freedoms, and shed the blood of opponents under the title of “alliance.”"
1995597624720687351,ahmadabdulsada,2025-12-01 22:55:24.801,"الاحتجاجات الشعبية التي تقودها عشيرة الهركي الكردية في قضاء خبات بمحافظة أربيل ضد سلطة آل البرزاني، على خلفية قيام هذه السلطة بتهجير سكان قرية لاجان الذين ينتمون لعشيرة الهركي، هي احتجاجات تكشف عن مشكلتين جوهريتين في أربيل ودهوك هما:

المشكلة الأولى هي احتكار آل البرزاني للسلطة",0,0,0,https://x.com/ahmadabdulsada/status/1995597624720687351,2025,12,2025-12-01,"الاحتجاجات الشعبية التي تقودها عشيرة الهركي الكردية في قضاء خبات بمحافظة أربيل ضد سلطة آل البرزاني، على خلفية قيام هذه السلطة بتهجير سكان قرية لاجان الذين ينتمون لعشيرة الهركي، هي احتجاجات تكشف عن مشكلتين جوهريتين في أربيل ودهوك هما:

المشكلة الأولى هي احتكار آل البرزاني للسلطة","The popular protests led by the Kurdish Harki clan in Khabat district in Erbil Governorate against the authority of the Barzani family, against the backdrop of this authority displacing the residents of the village of Lagan who belong to the Harki clan, are protests that reveal two fundamental problems in Erbil and Dohuk:

The first problem is the Barzani family’s monopoly on power"
1995545674361045209,ahmadabdulsada,2025-12-01 19:28:58.870,"صورة هذا الطفل اللبناني ""الشيعي"" الذي يقف مع أقرانه في ""كشافة الإمام المهدي"" لاستقبال بابا الفاتيكان لاوون الرابع عشر وإلقاء التحية عليه عند مروره في الضاحية الجنوبية أثناء زيارته للبنان، تختصر تاريخ التعايش المشرق بين الشيعة والمسيحيين ليس في لبنان فقط وإنما في العراق وسوريا",0,0,0,https://x.com/ahmadabdulsada/status/1995545674361045209,2025,12,2025-12-01,"صورة هذا الطفل اللبناني ""الشيعي"" الذي يقف مع أقرانه في ""كشافة الإمام المهدي"" لاستقبال بابا الفاتيكان لاوون الرابع عشر وإلقاء التحية عليه عند مروره في الضاحية الجنوبية أثناء زيارته للبنان، تختصر تاريخ التعايش المشرق بين الشيعة والمسيحيين ليس في لبنان فقط وإنما في العراق وسوريا",The picture of this Lebanese “Shiite” child standing with his peers in the “Imam Mahdi Scouts” to receive Pope Leo
1995042375903727788,ahmadabdulsada,2025-11-30 10:09:03.167,"منى سامي بلا أجنحة!!

في كتابه ""غادة السمّان بلا أجنحة"" يذكر الكاتب المصري غالي شكري العبارة التالية: ""إنها خبيرة حياة وليست خبيرة صحافة""، وذلك في سياق دفاعه عن الأديبة والصحفية السورية غادة السمّان حين تعرضت لانتقادات من إدارة مجلة ""الأسبوع العربي"" اللبنانية بسبب كتابتها",0,0,0,https://x.com/ahmadabdulsada/status/1995042375903727788,2025,11,2025-11-30,"منى سامي بلا أجنحة!!

في كتابه ""غادة السمّان بلا أجنحة"" يذكر الكاتب المصري غالي شكري العبارة التالية: ""إنها خبيرة حياة وليست خبيرة صحافة""، وذلك في سياق دفاعه عن الأديبة والصحفية السورية غادة السمّان حين تعرضت لانتقادات من إدارة مجلة ""الأسبوع العربي"" اللبنانية بسبب كتابتها","Mona Sami without wings!!

In his book “Ghada Al-Samman Without Wings,” the Egyptian writer Ghali Shukri mentions the following phrase: “She is a life expert, not a journalism expert,” in the context of his defense of the Syrian writer and journalist Ghada Al-Samman when she was criticized by the management of the Lebanese “Arab Week” magazine because of her writing."
1994418616070992367,ahmadabdulsada,2025-11-28 16:50:27.234,"سؤال غير بريء:
الإرهابي التكفيري السوري الذي قتل الطفل العلوي والشيخ العلوي والمرأة العلوية واختطف الشاب العلوي ثم قتله وشق صدره واقتلع قلبه بوحشية صادمة، هذا الإرهابي هل يمكن اعتباره ""مقاوماً"" إذا قرر مواجهة قوات الاحتلال الإسرائيلي المتوغلة في سوريا ليس دفاعاً عن أرضه، بالطبع،",0,0,0,https://x.com/ahmadabdulsada/status/1994418616070992367,2025,11,2025-11-28,"سؤال غير بريء:
الإرهابي التكفيري السوري الذي قتل الطفل العلوي والشيخ العلوي والمرأة العلوية واختطف الشاب العلوي ثم قتله وشق صدره واقتلع قلبه بوحشية صادمة، هذا الإرهابي هل يمكن اعتباره ""مقاوماً"" إذا قرر مواجهة قوات الاحتلال الإسرائيلي المتوغلة في سوريا ليس دفاعاً عن أرضه، بالطبع،","Not an innocent question:
The Syrian Takfiri terrorist who killed the Alawite child, the Alawite sheikh, and the Alawite woman, and kidnapped the Alawite young man, then killed him, split his chest, and ripped out his heart with shocking brutality. Can this terrorist be considered a “resistance” if he decided to confront the Israeli occupation forces penetrating into Syria, not in defense of his land, of course?"
1994144883515228302,ahmadabdulsada,2025-11-27 22:42:44.307,"من الواضح جداً أن الجهة التي قصفت حقل كورمور الغازي في السليمانية بطائرة مسيّرة هدفها إلصاق عملية القصف بفصائل المقاومة العراقية الشيعية، بهدف تهيئة أرضية لاستهدافها من قبل الجانب الأمريكي الذي يستثمر 500 مليون دولار في الحقل.

وهنا نتساءل: من هي الجهة المستفيدة من تحقيق هذا",0,0,0,https://x.com/ahmadabdulsada/status/1994144883515228302,2025,11,2025-11-27,"من الواضح جداً أن الجهة التي قصفت حقل كورمور الغازي في السليمانية بطائرة مسيّرة هدفها إلصاق عملية القصف بفصائل المقاومة العراقية الشيعية، بهدف تهيئة أرضية لاستهدافها من قبل الجانب الأمريكي الذي يستثمر 500 مليون دولار في الحقل.

وهنا نتساءل: من هي الجهة المستفيدة من تحقيق هذا","It is very clear that the party that bombed the Kormor gas field in Sulaymaniyah with a drone aimed to link the bombing operation to the Iraqi Shiite resistance factions, with the aim of preparing the ground for targeting it by the American side, which is investing 500 million dollars in the field.

Here we ask: Who is the party that benefits from achieving this?"
1994365269012025734,ahmadabdulsada,2025-11-28 13:18:28.304,"كانت هناك ردود فعل مختلفة بشأن ما يسمى ""الغرفة الزجاجية"" في ساحة التحرير، تلك الغرفة التي أنشأتها وأدارتها جوقة من الذين يسمون أنفسهم ""صناع المحتوى""، والتي تدعي بأن إنشاءها جاء لأسباب إنسانية لجمع تبرعات لمساعدة مرضى السرطان، ولشراء ألف كرسي متحرك لذوي الاحتياجات الخاصة.

وهنا",0,0,0,https://x.com/ahmadabdulsada/status/1994365269012025734,2025,11,2025-11-28,"كانت هناك ردود فعل مختلفة بشأن ما يسمى ""الغرفة الزجاجية"" في ساحة التحرير، تلك الغرفة التي أنشأتها وأدارتها جوقة من الذين يسمون أنفسهم ""صناع المحتوى""، والتي تدعي بأن إنشاءها جاء لأسباب إنسانية لجمع تبرعات لمساعدة مرضى السرطان، ولشراء ألف كرسي متحرك لذوي الاحتياجات الخاصة.

وهنا","There were different reactions to the so-called “Glass Room” in Tahrir Square, which was created and managed by a choir of self-styled “content creators”, which claims that its creation was for humanitarian reasons to collect donations to help cancer patients, and to purchase a thousand wheelchairs for people with special needs.

And here"
1992951877797806138,ahmadabdulsada,2025-11-24 15:42:09.579,تصريح وزير العمل والشؤون الاجتماعية أحمد الأسدي بشأن اختفاء 2 تريليون ونصف التريليون دينار من صندوق الرعاية الاجتماعية، هو تصريح صادم من المفترض أن يهز أركان الدولة ويقيم الدنيا ولا يقعدها ويفتح السجون والمحاكمات العلنية للمتسببين بتبخر هذه الأموال الهائلة، ولكن، للأسف، في العراق,0,0,0,https://x.com/ahmadabdulsada/status/1992951877797806138,2025,11,2025-11-24,تصريح وزير العمل والشؤون الاجتماعية أحمد الأسدي بشأن اختفاء 2 تريليون ونصف التريليون دينار من صندوق الرعاية الاجتماعية، هو تصريح صادم من المفترض أن يهز أركان الدولة ويقيم الدنيا ولا يقعدها ويفتح السجون والمحاكمات العلنية للمتسببين بتبخر هذه الأموال الهائلة، ولكن، للأسف، في العراق,"The statement of the Minister of Labor and Social Affairs, Ahmed Al-Assadi, regarding the disappearance of two and a half trillion dinars from the Social Welfare Fund, is a shocking statement that is supposed to shake the foundations of the state, raise the world, not paralyze it, and open prisons and public trials for those responsible for the evaporation of this enormous money, but, unfortunately, in Iraq."
1993270858404487582,ahmadabdulsada,2025-11-25 12:49:40.482,قرار استبعاد المرشح الفائز مهند الخزرجي يعتبر من القرارات المهمة لمفوضية الانتخابات، ليس فقط لأن الخزرجي قام بعملية خداع واحتيال راح ضحيتها العديد من الشباب الشيعة المساكين الذين أوهمهم بالتعيين في الحشد الشعبي مقابل التصويت له ثم تنكّر لهم وخان وعوده لهم بعد فوزه، بل أيضاً لأن,0,0,0,https://x.com/ahmadabdulsada/status/1993270858404487582,2025,11,2025-11-25,قرار استبعاد المرشح الفائز مهند الخزرجي يعتبر من القرارات المهمة لمفوضية الانتخابات، ليس فقط لأن الخزرجي قام بعملية خداع واحتيال راح ضحيتها العديد من الشباب الشيعة المساكين الذين أوهمهم بالتعيين في الحشد الشعبي مقابل التصويت له ثم تنكّر لهم وخان وعوده لهم بعد فوزه، بل أيضاً لأن,"The decision to exclude the winning candidate, Muhannad Al-Khazraji, is considered one of the important decisions of the Election Commission, not only because Al-Khazraji carried out a deception and fraud operation that claimed the lives of many poor Shiite youth who he tricked them into being appointed to the Popular Mobilization Forces in exchange for voting for him, then he disavowed them and betrayed his promises to them after his victory, but also because"
1993029769722564730,ahmadabdulsada,2025-11-24 20:51:40.461,"للوهلة الأولى قد يتصور البعض بأن غاية هذه التغريدة أدناه هي مصلحة الشيعة وليس مصلحة ""تيار الحكمة""!!

ولكن المطلع على كواليس المشهد السياسي يعرف جيداً بأن هذه التغريدة ""مدفوعة الثمن""، وكتبها المرتزق الأشهر علي وجيه ""ابن البعثي"" بتوجيه من فادي الشمري الذي يقود تياراً داخل ""تيار",0,0,0,https://x.com/ahmadabdulsada/status/1993029769722564730,2025,11,2025-11-24,"للوهلة الأولى قد يتصور البعض بأن غاية هذه التغريدة أدناه هي مصلحة الشيعة وليس مصلحة ""تيار الحكمة""!!

ولكن المطلع على كواليس المشهد السياسي يعرف جيداً بأن هذه التغريدة ""مدفوعة الثمن""، وكتبها المرتزق الأشهر علي وجيه ""ابن البعثي"" بتوجيه من فادي الشمري الذي يقود تياراً داخل ""تيار","At first glance, some may think that the purpose of this tweet below is the interest of the Shiites and not the interest of the “Hikmah Movement”!!

But those familiar with the scenes of the political scene know very well that this tweet was “paid for,” and was written by the most famous mercenary, Ali Wajih, “Ibn al-Baathi,” under the guidance of Fadi al-Shammari, who leads a movement within the “current.”"
1993090939967971487,ahmadabdulsada,2025-11-25 00:54:44.584,منشور آخر للمرتزق الرخيص علي وجيه يسيء فيه لسيد شهداء المقاومة والأمة السيد حسن نصر الله,0,0,0,https://x.com/ahmadabdulsada/status/1993090939967971487,2025,11,2025-11-25,منشور آخر للمرتزق الرخيص علي وجيه يسيء فيه لسيد شهداء المقاومة والأمة السيد حسن نصر الله,"Another post by the cheap mercenary Ali Wajih insulting the master of the martyrs of the resistance and the nation, Mr. Hassan Nasrallah"
