tweet_id,username,created_at,text,replies,retweets,likes,url,Text_original,Text_en
2022783676379955494,ahmadsamadi1974,2026-02-14 21:23:04.609000+00:00,"// ۲۵۰ هزار ایرانی در مونیخ صدای مردم ایران شدند. 
پلیس بفارسی نوشت : عصر خوشی را برای شما آرزو می‌کنیم. 
امشب خواب خیلی‌ها آشفته شد.",0,0,0,https://x.com/AhmadSamadi1974/status/2022783676379955494,"// ۲۵۰ هزار ایرانی در مونیخ صدای مردم ایران شدند. 
پلیس بفارسی نوشت : عصر خوشی را برای شما آرزو می‌کنیم. 
امشب خواب خیلی‌ها آشفته شد.","// 250 thousand Iranians became the voice of Iranian people in Munich. 
Befarsi police wrote: We wish you a nice evening. 
Many people's sleep was disturbed tonight."
2022776488005616040,ahmadsamadi1974,2026-02-14 20:54:30.767000+00:00,"۲۵۰ هزار نفر در مونیخ.
با هوش مصنوعی نبوده فرزانه جان.",0,0,0,https://x.com/Alighazizade/status/2022776488005616040,"۲۵۰ هزار نفر در مونیخ.
با هوش مصنوعی نبوده فرزانه جان.","250 thousand people in Munich.
Not with artificial intelligence, Farzaneh."
2022350056037261314,ahmadsamadi1974,2026-02-13 16:40:01.463000+00:00,"مهم// شاهزاده رضا پهلوی و ولودیمیر زلنسکی رییس جمهور اوکراین در حاشیه کنفرانس امنیتی #مونیخ دیدار کردند 
این دیدار حدود ۴۵ دقیقه به طول انجامید و دو طرف درباره مسائل مهم جهانی، از جمله تحولات امنیتی منطقه و اوضاع ایران، تبادل نظر کردند.
در گفت‌وگوی شاهزاده #رضا_پهلوی و رییس",0,0,0,https://x.com/AhmadSamadi1974/status/2022350056037261314,"مهم// شاهزاده رضا پهلوی و ولودیمیر زلنسکی رییس جمهور اوکراین در حاشیه کنفرانس امنیتی #مونیخ دیدار کردند 
این دیدار حدود ۴۵ دقیقه به طول انجامید و دو طرف درباره مسائل مهم جهانی، از جمله تحولات امنیتی منطقه و اوضاع ایران، تبادل نظر کردند.
در گفت‌وگوی شاهزاده #رضا_پهلوی و رییس","Important// Prince Reza Pahlavi and Ukrainian President Volodymyr Zelensky met on the sidelines of the #Munich security conference. 
The meeting lasted about 45 minutes and the two sides exchanged views on important global issues, including security developments in the region and the situation in Iran.
In the conversation between Prince Reza Pahlavi and Rais"
2022274717046935848,ahmadsamadi1974,2026-02-13 11:40:39.248000+00:00,"شاهزاده رضا پهلوی در کنفرانس امنیتی مونیخ دیدارهای مهمی با سیاستمداران جهان خواهد داشت. 
گفتگوی کوتاه من با ایشان در مونیخ و‌ پیام به ایرانیان پیش از برگزاری همایش بزرگ مونیخ 
@PahlaviReza
 
@PahlaviComms",0,0,0,https://x.com/AhmadSamadi1974/status/2022274717046935848,"شاهزاده رضا پهلوی در کنفرانس امنیتی مونیخ دیدارهای مهمی با سیاستمداران جهان خواهد داشت. 
گفتگوی کوتاه من با ایشان در مونیخ و‌ پیام به ایرانیان پیش از برگزاری همایش بزرگ مونیخ 
@PahlaviReza
 
@PahlaviComms","Prince Reza Pahlavi will have important meetings with world politicians at the Munich Security Conference. 
My short conversation with him in Munich and a message to Iranians before the Munich conference 
@PahlaviReza
 
@PahlaviComms"
2021878956329193709,ahmadsamadi1974,2026-02-12 09:28:02.540000+00:00,"روزگاری جنگ‌ پرچم‌ها، صحنه تکراری هر تجمعی بود که در خارج از ایران برگزار می‌شد.
روزگاری ایرانیان خارج از کشور، تکه‌تکه، مشغول ساقط کردن یکدیگر بودند و ج.ا. به ریش همه می‌خندید.

حالا یکصدا و یک پرچم و یک خواسته به خیابان‌های فرنگ آمده. حالا یک رهبر وجود دارد که مردم ایران را",0,0,0,https://x.com/Alighazizade/status/2021878956329193709,"روزگاری جنگ‌ پرچم‌ها، صحنه تکراری هر تجمعی بود که در خارج از ایران برگزار می‌شد.
روزگاری ایرانیان خارج از کشور، تکه‌تکه، مشغول ساقط کردن یکدیگر بودند و ج.ا. به ریش همه می‌خندید.

حالا یکصدا و یک پرچم و یک خواسته به خیابان‌های فرنگ آمده. حالا یک رهبر وجود دارد که مردم ایران را","Once upon a time, the war of flags was a recurring scene of every rally held outside Iran.
Once upon a time, Iranians abroad were busy shooting each other down, piece by piece, and J.A. He laughs at everyone's beards.

Now one voice, one flag and one demand has come to the streets of Farang. Now there is a leader who the people of Iran"
2021291889828180434,ahmadsamadi1974,2026-02-10 18:35:14.979000+00:00,"ترامپ: توافق با جمهوری اسلامی شامل برنامه موشک‌های بالیستیک نیز می‌شود. 
رییس جمهور آمریکا در آستانه سفر بنیامین نتانیاهو به واشینگتن به خبرنگار آکسیوس و کانال ۱۲ اسراییل گفته: در حال بررسی اعزام یک گروه ضربتی ناو هواپیمابر دوم به خاورمیانه است تا در صورت شکست مذاکرات با",0,0,0,https://x.com/AhmadSamadi1974/status/2021291889828180434,"ترامپ: توافق با جمهوری اسلامی شامل برنامه موشک‌های بالیستیک نیز می‌شود. 
رییس جمهور آمریکا در آستانه سفر بنیامین نتانیاهو به واشینگتن به خبرنگار آکسیوس و کانال ۱۲ اسراییل گفته: در حال بررسی اعزام یک گروه ضربتی ناو هواپیمابر دوم به خاورمیانه است تا در صورت شکست مذاکرات با","Trump: The agreement with the Islamic Republic includes the ballistic missile program. 
On the eve of Benjamin Netanyahu's visit to Washington, the US President told Axios and Channel 12 Israel reporter: He is considering sending a second aircraft carrier task force to the Middle East in case of failure of negotiations with"
2021252535265165526,ahmadsamadi1974,2026-02-10 15:58:52.120000+00:00,"Iran is none of your business.
Just as Palestine, Hamas, and Fatah are none of Iran’s business.
So mind your own affairs.
Iranians are far smarter than you think—they know exactly whom to choose as the leader of their revolution, and who will lead Iran in the future.",0,0,0,https://x.com/AhmadSamadi1974/status/2021252535265165526,"Iran is none of your business.
Just as Palestine, Hamas, and Fatah are none of Iran’s business.
So mind your own affairs.
Iranians are far smarter than you think—they know exactly whom to choose as the leader of their revolution, and who will lead Iran in the future.","Iran is none of your business.
Just as Palestine, Hamas, and Fatah are none of Iran’s business.
So mind your own affairs.
Iranians are far smarter than you think—they know exactly whom to choose as the leader of their revolution, and who will lead Iran in the future."
2020961404681961800,ahmadsamadi1974,2026-02-09 20:42:01.180000+00:00,"// چرا حمله به جمهوری اسلامی حتمی خواهد بود. 
۱- هاکان فیدان وزیر خارجه ترکیه می‌گوید در جنگ دوازده روزه،از مارکو روبیو تماسی دریافت کرده که طی آن وزیر امور خارجه ایالات متحده به او گفته: به ایرانی‌ها بگویید که در چند ساعت آینده ممکن است هر اتفاقی بیفتد. فیدان همان شب با",0,0,0,https://x.com/AhmadSamadi1974/status/2020961404681961800,"// چرا حمله به جمهوری اسلامی حتمی خواهد بود. 
۱- هاکان فیدان وزیر خارجه ترکیه می‌گوید در جنگ دوازده روزه،از مارکو روبیو تماسی دریافت کرده که طی آن وزیر امور خارجه ایالات متحده به او گفته: به ایرانی‌ها بگویید که در چند ساعت آینده ممکن است هر اتفاقی بیفتد. فیدان همان شب با","// Why the attack on the Islamic Republic will be inevitable. 
1- Turkish Foreign Minister Hakan Fidan says that during the 12-day war, he received a call from Marco Rubio, during which the US Secretary of State told him: Tell the Iranians that anything can happen in the next few hours. Fidan the same night with"
2020436965120995771,ahmadsamadi1974,2026-02-08 09:58:05.045000+00:00,"مهمترین پلاکاردها در این تجمعات باید این باشد که ج.ا. نماینده مردم ایران نیست و مذاکره با این حکومت وجاهتی ندارد.
جهان باید با نمایندگان واقعی مردم ایران گفتگو کند نه ج.ا.
مردم ایران باید شاهزاده رضا پهلوی را به جهان تحمیل کنند.",0,0,0,https://x.com/Alighazizade/status/2020436965120995771,"مهمترین پلاکاردها در این تجمعات باید این باشد که ج.ا. نماینده مردم ایران نیست و مذاکره با این حکومت وجاهتی ندارد.
جهان باید با نمایندگان واقعی مردم ایران گفتگو کند نه ج.ا.
مردم ایران باید شاهزاده رضا پهلوی را به جهان تحمیل کنند.","The most important placards in these gatherings should be that J.A. He does not represent the people of Iran and there is no point in negotiating with this government.
The world should talk to the real representatives of the Iranian people, not J.A.
Iranian people must impose Prince Reza Pahlavi on the world."
2019695933554892883,ahmadsamadi1974,2026-02-06 08:53:29.352000+00:00," // Why did CENTCOM commander Brad Cooper join the Oman talks?

Military commanders rarely—and only in exceptional cases—join political negotiations. That happens when a military threat is real and imminent. Cooper’s presence sends a clear message: if diplomacy fails, I will",0,0,0,https://x.com/AhmadSamadi1974/status/2019695933554892883," // Why did CENTCOM commander Brad Cooper join the Oman talks?

Military commanders rarely—and only in exceptional cases—join political negotiations. That happens when a military threat is real and imminent. Cooper’s presence sends a clear message: if diplomacy fails, I will","// Why did CENTCOM commander Brad Cooper join the Oman talks?

Military commanders rarely—and only in exceptional cases—join political negotiations. That happens when a military threat is real and imminent. Cooper’s presence sends a clear message: if diplomacy fails, I will"
2019694817945571658,ahmadsamadi1974,2026-02-06 08:49:03.370000+00:00,"// چرا برد کوپر فرمانده سنتکام به مذاکرات در عمان پیوست؟ 
فرماندهان نظامی به ندرت و‌ در موارد خاص به مذاکرات سیاسی می‌پیوندند. یعنی زمانی که تهدید نظامی «واقعی و نزدیک» است. پیام حضور کوپر روشن است: اگر مذاکرات شکست بخورد سناریوی بعدی را من اجرا خواهم کرد. 
حضور فرمانده",0,0,0,https://x.com/AhmadSamadi1974/status/2019694817945571658,"// چرا برد کوپر فرمانده سنتکام به مذاکرات در عمان پیوست؟ 
فرماندهان نظامی به ندرت و‌ در موارد خاص به مذاکرات سیاسی می‌پیوندند. یعنی زمانی که تهدید نظامی «واقعی و نزدیک» است. پیام حضور کوپر روشن است: اگر مذاکرات شکست بخورد سناریوی بعدی را من اجرا خواهم کرد. 
حضور فرمانده","// Why did Centcom commander Brad Cooper join the talks in Oman? 
Military commanders rarely and in special cases join political negotiations. That is, when the military threat is ""real and imminent"". The message of Cooper's presence is clear: if the negotiations fail, I will implement the next scenario. 
The presence of the commander"
2019138542975480089,ahmadsamadi1974,2026-02-04 19:58:37.082000+00:00,"Gewalt bei linker Iran-Demo:
Junge Frau soll attackiert und beleidigt worden sein – wegen der alten iranischen Flagge.
Veranstalter schweigend. 
یک زن فقط به‌ خاطر پرچم شیر و خورشید هدف حمله فیزیکی  و‌ توهین قرار گرفت
@vida_violax
 #Berlin 
#IranMassacre #IranianRevolution2026",0,0,0,https://x.com/ISefati/status/2019138542975480089,"Gewalt bei linker Iran-Demo:
Junge Frau soll attackiert und beleidigt worden sein – wegen der alten iranischen Flagge.
Veranstalter schweigend. 
یک زن فقط به‌ خاطر پرچم شیر و خورشید هدف حمله فیزیکی  و‌ توهین قرار گرفت
@vida_violax
 #Berlin 
#IranMassacre #IranianRevolution2026","Gewalt bei linker Iran-Demo:
Junge Frau soll attackiert und beleidigt worden sein - wegen der alten iranischen flagge.
Veranstalter schweigend. 
A woman was physically attacked and insulted just because of the lion and sun flag
@vida_violax
 #Berlin 
#IranMassacre #IranianRevolution2026"
2018834423794258037,ahmadsamadi1974,2026-02-03 23:50:09.419000+00:00,"هردقیقه تصویر دیگری از جنایت حکومت در آن شبهای شوم منتشر می‌شود.
هر لحظه که گمان می‌کنی انتهای سیاهی را دیده‌ای، چیز دیگری می‌رسد که به ما می‌گوید که قدرت این حکومت در ارتکاب جنایت، بی‌نهایت است.

در این روزها که خفاشان بر جنازه عزیزان‌مان می‌رقصند و فاتحانه به پای میز مذاکره می",0,0,0,https://x.com/Alighazizade/status/2018834423794258037,"هردقیقه تصویر دیگری از جنایت حکومت در آن شبهای شوم منتشر می‌شود.
هر لحظه که گمان می‌کنی انتهای سیاهی را دیده‌ای، چیز دیگری می‌رسد که به ما می‌گوید که قدرت این حکومت در ارتکاب جنایت، بی‌نهایت است.

در این روزها که خفاشان بر جنازه عزیزان‌مان می‌رقصند و فاتحانه به پای میز مذاکره می","Every minute another picture of the government's crime in those sinister nights is published.
Every moment when you think you have seen the end of darkness, something else arrives that tells us that the power of this government to commit crimes is infinite.

In these days when bats dance on the corpses of our loved ones and triumphantly come to the negotiation table"
2018804393072587170,ahmadsamadi1974,2026-02-03 21:50:49.537000+00:00,"تمارض علی خامنه‌ای صدای قطری‌ها را درآورد. آیا حملات مهیب آمریکا برای پایان جمهوری اسلامی نزدیک است؟ 
 تعلل جمهوری اسلامی برای گفتگو با ایالات متحده با تاکید بر مذاکره محدود برسر برنامه غنی‌سازی ، رد گفتگو درباره مسائل منطقه‌ای و برنامه موشکی و حتی مطرح کردن تغییر مکان گفتگوها",0,0,0,https://x.com/AhmadSamadi1974/status/2018804393072587170,"تمارض علی خامنه‌ای صدای قطری‌ها را درآورد. آیا حملات مهیب آمریکا برای پایان جمهوری اسلامی نزدیک است؟ 
 تعلل جمهوری اسلامی برای گفتگو با ایالات متحده با تاکید بر مذاکره محدود برسر برنامه غنی‌سازی ، رد گفتگو درباره مسائل منطقه‌ای و برنامه موشکی و حتی مطرح کردن تغییر مکان گفتگوها","Tamaraz Ali Khamenei raised the voice of the Qataris. Are the terrible attacks of the United States near the end of the Islamic Republic? 
 The Islamic Republic's procrastination to talk with the United States, emphasizing the limited negotiation on the enrichment program, rejecting the discussion on regional issues and the missile program, and even proposing to change the location of the talks."
2018822871964152013,ahmadsamadi1974,2026-02-03 23:04:15.248000+00:00,"Advisor to Prime Minister, Official Spokesperson of Ministry of Foreign Affairs @majedalansari: Qatar Continues Diplomatic Efforts to Reduce Tensions in the Region

Doha | February 3, 2026

Advisor to the Prime Minister and Official Spokesperson of the Ministry of Foreign Affairs",0,0,0,https://x.com/AhmadSamadi1974/status/2018822871964152013,"Advisor to Prime Minister, Official Spokesperson of Ministry of Foreign Affairs @majedalansari: Qatar Continues Diplomatic Efforts to Reduce Tensions in the Region

Doha | February 3, 2026

Advisor to the Prime Minister and Official Spokesperson of the Ministry of Foreign Affairs","Advisor to Prime Minister, Official Spokesperson of Ministry of Foreign Affairs @majedalansari: Qatar Continues Diplomatic Efforts to Reduce Tensions in the Region

Doha | February 3, 2026

Advisor to the Prime Minister and Official Spokesperson of the Ministry of Foreign Affairs"
2018472879449321922,ahmadsamadi1974,2026-02-02 23:53:30.530000+00:00,"مذاکرات استانبول برای کاهش تب پهلوی خواهی در ایران
اگر در روزهای آینده اتفاق غیرمنتظره‌ای نیفتد و مذاکرات جمهوری اسلامی و آمریکا با فشار اردوغان، السیسی و شیخ تمیم جمعه در استانبول برگزار شود، جلسه طولانی نخواهد بود.
اهداف آمریکا و علی‌خامنه‌ای فرسنگ‌ها با هم فاصله دارد. خامنه",0,0,0,https://x.com/AhmadSamadi1974/status/2018472879449321922,"مذاکرات استانبول برای کاهش تب پهلوی خواهی در ایران
اگر در روزهای آینده اتفاق غیرمنتظره‌ای نیفتد و مذاکرات جمهوری اسلامی و آمریکا با فشار اردوغان، السیسی و شیخ تمیم جمعه در استانبول برگزار شود، جلسه طولانی نخواهد بود.
اهداف آمریکا و علی‌خامنه‌ای فرسنگ‌ها با هم فاصله دارد. خامنه","Istanbul negotiations to reduce the fever of Pahlaviism in Iran
If nothing unexpected happens in the coming days and the talks between the Islamic Republic and the United States are held in Istanbul under the pressure of Erdogan, El-Sisi and Sheikh Tamim Juma, the meeting will not be long.
The goals of America and Ali Khamenei are far apart. Khamenei"
2018470362762379483,ahmadsamadi1974,2026-02-02 23:43:30.505000+00:00," Unless something unexpected happens in the coming days, and if Iran–US talks are held in Istanbul on Friday under pressure from Erdoğan, Sisi, and Sheikh Tamim, the meeting will not be long.
The objectives of the United States and IR regim leader,Khamenei, are miles apart.",0,0,0,https://x.com/AhmadSamadi1974/status/2018470362762379483," Unless something unexpected happens in the coming days, and if Iran–US talks are held in Istanbul on Friday under pressure from Erdoğan, Sisi, and Sheikh Tamim, the meeting will not be long.
The objectives of the United States and IR regim leader,Khamenei, are miles apart.","Unless something unexpected happens in the coming days, and if Iran–US talks are held in Istanbul on Friday under pressure from Erdoğan, Sisi, and Sheikh Tamim, the meeting will not be long.
The objectives of the United States and IR regim leader,Khamenei, are miles apart."
2017910085507223905,ahmadsamadi1974,2026-02-01 10:37:09.998000+00:00,"// بچه شیعه چطور آدم می‌کشد؟ صحبت‌های این جنایتکار را گوش کنید!
اینها مثل آب خوردن جان هزاران ایرانی را با همین اراجیف گرفته‌اند. عدالت برای جنایتکاران مذهبی مسلح در ایران اجرا خواهد شد. 
پ‌ن: همه اعضای رژیم نازی هیتلر بازداشت ، محاکمه یا «شکار» شدند؛ مگر آنهایی که در خفا",0,0,0,https://x.com/AhmadSamadi1974/status/2017910085507223905,"// بچه شیعه چطور آدم می‌کشد؟ صحبت‌های این جنایتکار را گوش کنید!
اینها مثل آب خوردن جان هزاران ایرانی را با همین اراجیف گرفته‌اند. عدالت برای جنایتکاران مذهبی مسلح در ایران اجرا خواهد شد. 
پ‌ن: همه اعضای رژیم نازی هیتلر بازداشت ، محاکمه یا «شکار» شدند؛ مگر آنهایی که در خفا","// How does a Shia kid kill? Listen to the words of this criminal!
They have taken the lives of thousands of Iranians like drinking water. Justice will be implemented for armed religious criminals in Iran. 
PN: All members of Hitler's Nazi regime were arrested, tried or ""hunted""; Except those in secret"
2017701617244479734,ahmadsamadi1974,2026-01-31 20:48:47.291000+00:00,That ship has sailed!,0,0,0,https://x.com/AhmadSamadi1974/status/2017701617244479734,That ship has sailed!,That ship has sailed!
2017694498025799748,ahmadsamadi1974,2026-01-31 20:20:29.937000+00:00,"//این بازی برد-برد نخواهد بود
ترامپ برای حمله نکردن چهار شرط پیش پای علی خامنه‌ای گذاشته که هرچهار مورد را یکجا می‌خواهد. 
۱- غنی‌سازی صفر ‌، تحویل ۴۰۰ کیلوگرم اورانیوم ۶۰درصد غنی شده و باز کردن پیچ مهره همه تاسیسات هسته‌ای
۲- کاهش برد موشک‌های بالیستیک به زیر ۵۰۰ کیلومتر.
۳-",0,0,0,https://x.com/AhmadSamadi1974/status/2017694498025799748,"//این بازی برد-برد نخواهد بود
ترامپ برای حمله نکردن چهار شرط پیش پای علی خامنه‌ای گذاشته که هرچهار مورد را یکجا می‌خواهد. 
۱- غنی‌سازی صفر ‌، تحویل ۴۰۰ کیلوگرم اورانیوم ۶۰درصد غنی شده و باز کردن پیچ مهره همه تاسیسات هسته‌ای
۲- کاهش برد موشک‌های بالیستیک به زیر ۵۰۰ کیلومتر.
۳-","//This game will not be win-win
In order not to attack, Trump has placed four conditions at the feet of Ali Khamenei, who wants all four at once. 
1- Zero enrichment, delivery of 400 kg of 60% enriched uranium and opening of all nuclear facilities
2- Reducing the range of ballistic missiles below 500 km.
3-"
2017676653766344749,ahmadsamadi1974,2026-01-31 19:09:35.534000+00:00,"//خواستم بنویسم لاربجانی بلوف زده پشیمان شدم. به نظرم زر مفت زده. 
پایان جمهوری اسلامی بزودی رقم خواهد خورد. جهان بدون آخوند و پاسدار جایی امن خواهد شد. 
#جمهوری_اسلامی_باید_برود",0,0,0,https://x.com/AhmadSamadi1974/status/2017676653766344749,"//خواستم بنویسم لاربجانی بلوف زده پشیمان شدم. به نظرم زر مفت زده. 
پایان جمهوری اسلامی بزودی رقم خواهد خورد. جهان بدون آخوند و پاسدار جایی امن خواهد شد. 
#جمهوری_اسلامی_باید_برود","//I wanted to write Larbjani's bluff, I regretted it. I think it's a waste of money. 
The end of the Islamic Republic will come soon. The world will be safe without mullahs and guardians. 
#Islamic_Republic_must_go"
2016889958150091049,ahmadsamadi1974,2026-01-29 15:03:32.683000+00:00,"فوری
اتحادیه اروپا رسماً سپاه پاسداران انقلاب اسلامی را در فهرست گروه‌های تروریستی قرار داد.

 این تصمیم، بازی را عوض می‌کند: از این لحظه به بعد، سپاه نه «بازیگر منطقه‌ای»، بلکه در نگاه اروپا یک سازمان تروریستی تمام‌عیار است؛ پیام روشن است، جمهوری اسلامی و تمامیت آن باید",0,0,0,https://x.com/AhmadSamadi1974/status/2016889958150091049,"فوری
اتحادیه اروپا رسماً سپاه پاسداران انقلاب اسلامی را در فهرست گروه‌های تروریستی قرار داد.

 این تصمیم، بازی را عوض می‌کند: از این لحظه به بعد، سپاه نه «بازیگر منطقه‌ای»، بلکه در نگاه اروپا یک سازمان تروریستی تمام‌عیار است؛ پیام روشن است، جمهوری اسلامی و تمامیت آن باید","urgent
The European Union officially included the Islamic Revolutionary Guard Corps in the list of terrorist groups.

 This decision changes the game: from this moment on, the IRGC is not a ""regional actor"", but a full-fledged terrorist organization in the eyes of Europe; The message is clear, the Islamic Republic and its integrity must"
2016619923154358769,ahmadsamadi1974,2026-01-28 21:10:31.323000+00:00,"هموطنان خارج از کشور!
تجمعات غرورانگیزتان در خارج از کشور را همچنان ادامه دهید.
از تغییر مواضع اروپایی‌ها تشکر کنید. مراسم را باشکوه‌تر و‌خلاقانه‌تر برگزار کنید.
اثر این تجمعات بر رسانه‌ها و سیاستمداران غرب، بسیار عظیم‌تر از چیزی است که تصور می‌کنید.

مسیری که از کانادا و آمریکا",0,0,0,https://x.com/Alighazizade/status/2016619923154358769,"هموطنان خارج از کشور!
تجمعات غرورانگیزتان در خارج از کشور را همچنان ادامه دهید.
از تغییر مواضع اروپایی‌ها تشکر کنید. مراسم را باشکوه‌تر و‌خلاقانه‌تر برگزار کنید.
اثر این تجمعات بر رسانه‌ها و سیاستمداران غرب، بسیار عظیم‌تر از چیزی است که تصور می‌کنید.

مسیری که از کانادا و آمریکا","Compatriots abroad!
Continue your proud gatherings abroad.
Thank the Europeans for changing their positions. Make the ceremony more magnificent and creative.
The effect of these gatherings on the media and politicians of the West is much greater than you imagine.

The route from Canada and America"
2016570311542481083,ahmadsamadi1974,2026-01-28 17:53:22.993000+00:00,"فوری// فرانسه هم سپاه پاسداران را تروریستی می‌داند.
یک‌منبع در کاخ الیزه اعلام کرد فرانسه از قرار گرفتن سپاه پاسداران در فهرست گروههای تروریستی اتحادیه اروپا حمایت می‌کند. 

#IranianRevolution2026 
#IranProtests",0,0,0,https://x.com/AhmadSamadi1974/status/2016570311542481083,"فوری// فرانسه هم سپاه پاسداران را تروریستی می‌داند.
یک‌منبع در کاخ الیزه اعلام کرد فرانسه از قرار گرفتن سپاه پاسداران در فهرست گروههای تروریستی اتحادیه اروپا حمایت می‌کند. 

#IranianRevolution2026 
#IranProtests","Urgent// France also considers the Revolutionary Guards as terrorists.
A source in the Elysee Palace announced that France supports the inclusion of the IRGC in the list of terrorist groups of the European Union. 

#IranianRevolution2026 
#IranProtests"
2016542312537407667,ahmadsamadi1974,2026-01-28 16:02:07.510000+00:00,"فوری // دولت اسپانیا اعلام کرد موافق تروریستی اعلام شدن سپاه پاسداران است.
پس از ایتالیا دولت اسپانیا هم اعلام کرد : پس از سرکوب خشونت‌آمیز اعتراض‌ها علیه رژیم آیت‌الله‌ها در هفته‌های اخیر، آمادگی دارد از بسته جدیدی از تحریم‌ها علیه #ایران حمایت کند. از جمله اقداماتی که",0,0,0,https://x.com/AhmadSamadi1974/status/2016542312537407667,"فوری // دولت اسپانیا اعلام کرد موافق تروریستی اعلام شدن سپاه پاسداران است.
پس از ایتالیا دولت اسپانیا هم اعلام کرد : پس از سرکوب خشونت‌آمیز اعتراض‌ها علیه رژیم آیت‌الله‌ها در هفته‌های اخیر، آمادگی دارد از بسته جدیدی از تحریم‌ها علیه #ایران حمایت کند. از جمله اقداماتی که","Urgent // The Spanish government announced that it supports the designation of the IRGC as a terrorist.
After Italy, the Spanish government also announced: After the violent suppression of protests against the Ayatollahs' regime in recent weeks, it is ready to support a new package of sanctions against #Iran. including actions that"
2016536435944247682,ahmadsamadi1974,2026-01-28 15:38:46.421000+00:00,"//فریدریش مرتس صدراعظم آلمان:روزهای رژیم ایران به شماره افتاده است. 
پ‌ن: عجب بهمن ماه‌ی بشود امسال! 
#IranMassacre #IranianRevolution2026",0,0,0,https://x.com/AhmadSamadi1974/status/2016536435944247682,"//فریدریش مرتس صدراعظم آلمان:روزهای رژیم ایران به شماره افتاده است. 
پ‌ن: عجب بهمن ماه‌ی بشود امسال! 
#IranMassacre #IranianRevolution2026","German Chancellor Friedrich Mertes: The days of the Iranian regime are numbered. 
P.N.: I wonder if it will be the month of February this year! 
#IranMassacre #IranianRevolution2026"
2016061445213942101,ahmadsamadi1974,2026-01-27 08:11:19.806000+00:00,"//مهم : آلمان به ایرانیان منتقد رژیم جمهوری اسلامی هشدار داد در معرض خطر انتقام جویی جمهوری اسلامی هستند. 
وزارت کشور آلمان گفته است: فعالیت دستگاههای اطلاعاتی رژیم #ایران در این کشور جدی است و آنرا به ویژه در قبال تهدید افراد پناهجو تحمل نخواهد کرد. 
وزارت کشور #آلمان از",0,0,0,https://x.com/AhmadSamadi1974/status/2016061445213942101,"//مهم : آلمان به ایرانیان منتقد رژیم جمهوری اسلامی هشدار داد در معرض خطر انتقام جویی جمهوری اسلامی هستند. 
وزارت کشور آلمان گفته است: فعالیت دستگاههای اطلاعاتی رژیم #ایران در این کشور جدی است و آنرا به ویژه در قبال تهدید افراد پناهجو تحمل نخواهد کرد. 
وزارت کشور #آلمان از","//Important: Germany warned Iranians critical of the regime of the Islamic Republic that they are at risk of revenge from the Islamic Republic. 
The Ministry of the Interior of Germany has said: The activity of the intelligence services of the #Iranian regime in this country is serious and it will not tolerate it, especially in the face of threats to asylum seekers. 
Ministry of Interior #Germany from"
2015871589095792786,ahmadsamadi1974,2026-01-26 19:36:54.580000+00:00,"سپاه پاسداران منتظر حمله «محدود سریع و پاک» آمریکا است. 
در بخشی از بیانیه قرارگاه خاتم‌الانبیا آمده است: 
ایده اجرای آنچه «عملیات محدود، سریع و پاک» علیه ایران نامیده می‌شود، حاصل برآوردهای نادرست و شناخت ناقص از توانمندی‌های دفاعی و تهاجمی جمهوری اسلامی است.
هر سناریویی",0,0,0,https://x.com/AhmadSamadi1974/status/2015871589095792786,"سپاه پاسداران منتظر حمله «محدود سریع و پاک» آمریکا است. 
در بخشی از بیانیه قرارگاه خاتم‌الانبیا آمده است: 
ایده اجرای آنچه «عملیات محدود، سریع و پاک» علیه ایران نامیده می‌شود، حاصل برآوردهای نادرست و شناخت ناقص از توانمندی‌های دفاعی و تهاجمی جمهوری اسلامی است.
هر سناریویی","The IRGC is waiting for a ""quick and clean limited"" attack by the US. 
In part of the statement of the Khatam-ul-Anbiya headquarters, it is stated: 
The idea of implementing what is called ""limited, quick and clean operations"" against Iran is the result of incorrect estimates and incomplete knowledge of the defensive and offensive capabilities of the Islamic Republic.
Any scenario"
2015781597702742126,ahmadsamadi1974,2026-01-26 13:39:18.960000+00:00,"// France and Spain opposing the designation of the IRGC as a terrorist organization is the very definition of double standards.
So the question is simple: what interests do France and Spain have in the killing of thousands of innocent Iranians by the mullahs’ regime that",0,0,0,https://x.com/AhmadSamadi1974/status/2015781597702742126,"// France and Spain opposing the designation of the IRGC as a terrorist organization is the very definition of double standards.
So the question is simple: what interests do France and Spain have in the killing of thousands of innocent Iranians by the mullahs’ regime that","// France and Spain opposing the designation of the IRGC as a terrorist organization is the very definition of double standards.
So the question is simple: what interests do France and Spain have in the killing of thousands of innocent Iranians by the mullahs’ regime that"
2015499671079399709,ahmadsamadi1974,2026-01-25 18:59:02.415000+00:00,"مهم// آمادگی اسراییل و آمریکا برای حمله به ایران و تغییر رژیم . 
 کانال ۱۴ اسراییل خلاصه نشست برد کوپر فرمانده سنت‌کام ‌و فرماندهان ارشد ارتش اسراییل به شرح زیر اعلام کرده است: 
هنوز تاریخی برای حمله به ایران تعیین نشده است.
آمریکایی‌ها برای ایجاد یک نیروی قابل‌توجه به",0,0,0,https://x.com/AhmadSamadi1974/status/2015499671079399709,"مهم// آمادگی اسراییل و آمریکا برای حمله به ایران و تغییر رژیم . 
 کانال ۱۴ اسراییل خلاصه نشست برد کوپر فرمانده سنت‌کام ‌و فرماندهان ارشد ارتش اسراییل به شرح زیر اعلام کرده است: 
هنوز تاریخی برای حمله به ایران تعیین نشده است.
آمریکایی‌ها برای ایجاد یک نیروی قابل‌توجه به","Important // Israel and America are ready to attack Iran and change the regime. 
 Israel's Channel 14 has announced the summary of the meeting between Centcom commander Brad Cooper and the senior commanders of the Israeli army as follows: 
A date has not yet been set for the attack on Iran.
Americans to create a significant force to"
2014760184837505424,ahmadsamadi1974,2026-01-23 18:00:35.156000+00:00,"// توییت قبلی‌ام را با این توضیح اصلاح میکنم که عکس را  هنگام رای گیری در شورای حقوق بشر در پخش زنده از صفحه نمایش گرفتم. این اخرین تصویر بود و بعد از آن جلسه نمایش داده شد بنابراین امکان دیدن رای نهایی نبود. 
برای کشورهای عضو شورا این امکان وجود دارد آرای خود را اصلاح",0,0,0,https://x.com/AhmadSamadi1974/status/2014760184837505424,"// توییت قبلی‌ام را با این توضیح اصلاح میکنم که عکس را  هنگام رای گیری در شورای حقوق بشر در پخش زنده از صفحه نمایش گرفتم. این اخرین تصویر بود و بعد از آن جلسه نمایش داده شد بنابراین امکان دیدن رای نهایی نبود. 
برای کشورهای عضو شورا این امکان وجود دارد آرای خود را اصلاح","// I am correcting my previous tweet with the explanation that I captured the photo during the voting in the Human Rights Council during the live broadcast. This was the last picture and it was shown after that meeting, so it was not possible to see the final vote. 
It is possible for member states of the Council to modify their votes"
2014737280062124514,ahmadsamadi1974,2026-01-23 16:29:34.232000+00:00,"//قطعنامه شورای حقوق بشر سازمان ملل در محکومیت نقض حقوق بشر در ایران با ۲۲ رای مثبت ۱۹ رای ممتنع و چهار رای منفی ( عراق، کنیا، جمهوری چک و بروندی ) تصویب شد . 

#IranMassacre #IranRevolution2026",0,0,0,https://x.com/AhmadSamadi1974/status/2014737280062124514,"//قطعنامه شورای حقوق بشر سازمان ملل در محکومیت نقض حقوق بشر در ایران با ۲۲ رای مثبت ۱۹ رای ممتنع و چهار رای منفی ( عراق، کنیا، جمهوری چک و بروندی ) تصویب شد . 

#IranMassacre #IranRevolution2026","The UN Human Rights Council resolution condemning human rights violations in Iran was approved with 22 positive votes, 19 abstentions and four negative votes (Iraq, Kenya, Czech Republic and Burundi). 

#IranMassacre #IranRevolution2026"
2014653942760690054,ahmadsamadi1974,2026-01-23 10:58:25.071000+00:00,"Iran’s Prosecutor General has stated that President Trump’s claim about halting 800 executions is completely false.
This is the voice of a murderous cleric, exposing a simple truth: the Iranian regime always lies and will never reform.
Political figures and regional governments",0,0,0,https://x.com/AhmadSamadi1974/status/2014653942760690054,"Iran’s Prosecutor General has stated that President Trump’s claim about halting 800 executions is completely false.
This is the voice of a murderous cleric, exposing a simple truth: the Iranian regime always lies and will never reform.
Political figures and regional governments","Iran’s Prosecutor General has stated that President Trump’s claim about halting 800 executions is completely false.
This is the voice of a murderous cleric, exposing a simple truth: the Iranian regime always lies and will never reform.
Political figures and regional governments"
2014633520488915050,ahmadsamadi1974,2026-01-23 09:37:16.022000+00:00,"President Trump has demonstrated that he loathes being antagonized by other world leaders, and he often goes to great lengths to demonstrate his resolve in the face of heated rhetoric and direct threats against him or the United States.
@realDonaldTrump
 @POTUS
 #IranMassacre",0,0,0,https://x.com/AhmadSamadi1974/status/2014633520488915050,"President Trump has demonstrated that he loathes being antagonized by other world leaders, and he often goes to great lengths to demonstrate his resolve in the face of heated rhetoric and direct threats against him or the United States.
@realDonaldTrump
 @POTUS
 #IranMassacre","President Trump has demonstrated that he loathes being antagonized by other world leaders, and he often goes to great lengths to demonstrate his resolve in the face of heated rhetoric and direct threats against him or the United States.
@realDonaldTrump
 @POTUS
 #IranMassacre"
2014042873444901370,ahmadsamadi1974,2026-01-21 18:30:14.793000+00:00,در فرهنگ ایرانی «مجلس ختم» یعنی لحظه‌ای که بازماندگان، در پایانِ یک زندگی، به تسلایی هرچند تلخ می‌رسند. روان‌شناسی برایش یک واژه دارد: closure؛ همان «ختم» یا لحظه‌ بسته‌شدنِ پرونده. زمانی که ذهن، فاجعه را قاب می‌گیرد، واقعیتِ مرگ را می‌پذیرد، با پایان کنار می‌آید و تسلیم تقدیر می,0,0,0,https://x.com/Parpanchi/status/2014042873444901370,در فرهنگ ایرانی «مجلس ختم» یعنی لحظه‌ای که بازماندگان، در پایانِ یک زندگی، به تسلایی هرچند تلخ می‌رسند. روان‌شناسی برایش یک واژه دارد: closure؛ همان «ختم» یا لحظه‌ بسته‌شدنِ پرونده. زمانی که ذهن، فاجعه را قاب می‌گیرد، واقعیتِ مرگ را می‌پذیرد، با پایان کنار می‌آید و تسلیم تقدیر می,"In Iranian culture, ""Majlis Khatm"" means the moment when the survivors, at the end of a life, reach consolation, albeit bitter. Psychology has a word for it: closure; The same ""end"" or the moment of closing the case. When the mind frames the disaster, accepts the reality of death, comes to terms with the end, and surrenders to destiny."
2013484437388845397,ahmadsamadi1974,2026-01-20 05:31:13.262000+00:00,خطر کشتار دوم و بزرگتر از کشتار خیابان، در درون زندان‌ها جدی است. باید جهان را آگاه کرد و از دخالت سریع بین‌المللی در جهت جلوگیری از کشتار بیشتر مردم حمایت کرد.,0,0,0,https://x.com/RezaVaisi/status/2013484437388845397,خطر کشتار دوم و بزرگتر از کشتار خیابان، در درون زندان‌ها جدی است. باید جهان را آگاه کرد و از دخالت سریع بین‌المللی در جهت جلوگیری از کشتار بیشتر مردم حمایت کرد.,The risk of second and bigger killing than street killing is serious inside prisons. The world must be informed and support for rapid international intervention to prevent further killings.
2013283213464961060,ahmadsamadi1974,2026-01-19 16:11:37.740000+00:00," Sehr geehrter Bundeskanzler Merz,
in diesen Tagen haben Sie und Außenminister Johann Wadephul mit mutigen und besonnenen Positionen an der Seite des iranischen Volkes sowie der Protestierenden gestanden, die einen hohen Preis für die Freiheit zahlen. Sie hatten recht, als",0,0,0,https://x.com/AhmadSamadi1974/status/2013283213464961060," Sehr geehrter Bundeskanzler Merz,
in diesen Tagen haben Sie und Außenminister Johann Wadephul mit mutigen und besonnenen Positionen an der Seite des iranischen Volkes sowie der Protestierenden gestanden, die einen hohen Preis für die Freiheit zahlen. Sie hatten recht, als","Dear Chancellor Merz,
In these days, you and Foreign Minister Johann Wadephul have stood with courageous and prudent positions on the side of the Iranian people and the protesters who are paying a high price for freedom. You were right, as"
2013280934682853653,ahmadsamadi1974,2026-01-19 16:02:34.436000+00:00,"Dear Chancellor Merz,  
In these days, you and Foreign Minister Johann Wadephul have stood with the people of Iran and with protesters who are paying a heavy price for freedom, through courageous and rational positions. You were right to say that the Islamic regime in Iran is",0,0,0,https://x.com/AhmadSamadi1974/status/2013280934682853653,"Dear Chancellor Merz,  
In these days, you and Foreign Minister Johann Wadephul have stood with the people of Iran and with protesters who are paying a heavy price for freedom, through courageous and rational positions. You were right to say that the Islamic regime in Iran is","Dear Chancellor Merz,  
In these days, you and Foreign Minister Johann Wadephul have stood with the people of Iran and with protesters who are paying a heavy price for freedom, through courageous and rational positions. You were right to say that the Islamic regime in Iran is"
2013249573465031020,ahmadsamadi1974,2026-01-19 13:57:57.339000+00:00,"// قدم بعدی را محکم‌تر برداریم.
حالا نوبت شناسایی و اخراج بازوهای تأمین مالی #تروریسم_سپاه_پاسداران و آدمکُش‌های جمهوری اسلامی در اروپاست.

راه ندادن #عباس_عراقچی به کنفرانس امنیتی مونیخ و مجمع جهانی اقتصاد در داووس و تحقیر جمهوری اسلامی نشان داد فشارها جواب داده است.

اینبار",0,0,0,https://x.com/AhmadSamadi1974/status/2013249573465031020,"// قدم بعدی را محکم‌تر برداریم.
حالا نوبت شناسایی و اخراج بازوهای تأمین مالی #تروریسم_سپاه_پاسداران و آدمکُش‌های جمهوری اسلامی در اروپاست.

راه ندادن #عباس_عراقچی به کنفرانس امنیتی مونیخ و مجمع جهانی اقتصاد در داووس و تحقیر جمهوری اسلامی نشان داد فشارها جواب داده است.

اینبار","// Take the next step more firmly.
Now it's time to identify and expel the financing arms of the #terrorism_guards_guards and murderers of the Islamic Republic in Europe.

Not allowing #Abbas_Eraqchi to the Munich Security Conference and the World Economic Forum in Davos and humiliating the Islamic Republic showed that the pressure has worked.

this time"
2013035740179873862,ahmadsamadi1974,2026-01-18 23:48:15.511000+00:00,"آلمان : زمان اعلام تروریستی بودن سپاه پاسداران فرا رسیده است 
یوهان واده‌فول وزیر امور خارجه آلمان تصریح می‌کند: نه‌تنها باید همبستگی خود را با معترضان در ایران نشان داد، بلکه لازم است با تمام قاطعیت، همه اقدامات لازم علیه رژیمی که به مردم خودش ستم می‌کند، به اجرا گذاشته شود.",0,0,0,https://x.com/AhmadSamadi1974/status/2013035740179873862,"آلمان : زمان اعلام تروریستی بودن سپاه پاسداران فرا رسیده است 
یوهان واده‌فول وزیر امور خارجه آلمان تصریح می‌کند: نه‌تنها باید همبستگی خود را با معترضان در ایران نشان داد، بلکه لازم است با تمام قاطعیت، همه اقدامات لازم علیه رژیمی که به مردم خودش ستم می‌کند، به اجرا گذاشته شود.","Germany: The time has come to declare the Revolutionary Guards as terrorists 
German Foreign Minister Johann Wadeful states: not only should we show our solidarity with the protesters in Iran, but we should also take all necessary measures against the regime that oppresses its own people with all determination."
2012997483304034695,ahmadsamadi1974,2026-01-18 21:16:14.361000+00:00,"Indeed//Bill Esterson, UK Labour Party foreign policy spokesperson, says there is internal credible evidence and documentation that IR Iran used Toxic agents against protesters. 

British journalist 
@PatrickChristys
 noted that the delayed onset of symptoms makes it harder to",0,0,0,https://x.com/AhmadSamadi1974/status/2012997483304034695,"Indeed//Bill Esterson, UK Labour Party foreign policy spokesperson, says there is internal credible evidence and documentation that IR Iran used Toxic agents against protesters. 

British journalist 
@PatrickChristys
 noted that the delayed onset of symptoms makes it harder to","Indeed//Bill Esterson, UK Labour Party foreign policy spokesperson, says there is internal credible evidence and documentation that IR Iran used Toxic agents against protesters. 

British journalist 
@PatrickChristys
 noted that the delayed onset of symptoms makes it harder to"
2012985476857176229,ahmadsamadi1974,2026-01-18 20:28:31.801000+00:00,"خیلی مهم// مقامات بریتانیایی می‌گویند اسناد معتبری دارند که نشان می‌دهد سرکوبگران و‌نیروهای امنیتی جمهوری اسلامی از مواد شیمیایی علیه معترضان استفاده کرده‌اند. 
بیل استرسون، سخنگوی سیاست خارجی حزب کارگر بریتانیا، در برنامه تلویزیونی GB News گفته :  این اسناد به استفاده از یک",0,0,0,https://x.com/AhmadSamadi1974/status/2012985476857176229,"خیلی مهم// مقامات بریتانیایی می‌گویند اسناد معتبری دارند که نشان می‌دهد سرکوبگران و‌نیروهای امنیتی جمهوری اسلامی از مواد شیمیایی علیه معترضان استفاده کرده‌اند. 
بیل استرسون، سخنگوی سیاست خارجی حزب کارگر بریتانیا، در برنامه تلویزیونی GB News گفته :  این اسناد به استفاده از یک","Very important// British authorities say they have reliable documents that show that the oppressors and security forces of the Islamic Republic have used chemical substances against the protesters. 
Bill Stresson, the foreign policy spokesman of the British Labor Party, said on the TV program GB News: These documents are based on the use of a"
2012942395185225817,ahmadsamadi1974,2026-01-18 17:37:20.330000+00:00,"Today 
@FoxNews
 reports exclusively on a letter 
@UANI
 sent to 
@WEF
 calling on it to rescind an invitation to #Iran's regime's Foreign Minister Abbas Araghchi to speak in Davos this week after the regime engaged in the largest massacre of Iranians in its contemporary history this",0,0,0,https://x.com/mark_d_wallace/status/2012942395185225817,"Today 
@FoxNews
 reports exclusively on a letter 
@UANI
 sent to 
@WEF
 calling on it to rescind an invitation to #Iran's regime's Foreign Minister Abbas Araghchi to speak in Davos this week after the regime engaged in the largest massacre of Iranians in its contemporary history this","Today 
@FoxNews
 reports exclusively on a letter 
@UANI
 sent to 
@WEF
 calling on it to rescind an invitation to #Iran's regime's Foreign Minister Abbas Araghchi to speak in Davos this week after the regime engaged in the largest massacre of Iranians in its contemporary history this"
2012970286811935113,ahmadsamadi1974,2026-01-18 19:28:10.212000+00:00,"The sudden presence of #Iran at #Davos is an absolute scandal. Davos claims to be a sanctuary of dialogue, yet it offers its platform to a regime that has just massacred 20,000 of its own citizens. If Davos does not cancel this invitation, Davos should be shamed and boycotted.",0,0,0,https://x.com/BHL/status/2012970286811935113,"The sudden presence of #Iran at #Davos is an absolute scandal. Davos claims to be a sanctuary of dialogue, yet it offers its platform to a regime that has just massacred 20,000 of its own citizens. If Davos does not cancel this invitation, Davos should be shamed and boycotted.","The sudden presence of #Iran at #Davos is an absolute scandal. Davos claims to be a sanctuary of dialogue, yet it offers its platform to a regime that has just massacred 20,000 of its own citizens. If Davos does not cancel this invitation, Davos should be shamed and boycotted."
2012950194426384565,ahmadsamadi1974,2026-01-18 18:08:19.814000+00:00,"The head of the MENA department at Switzerland’s Federal Foreign Office admits, in interviews with 
@srfnews
 , that the Iranian regime is killing its own people, yet at the same time expresses satisfaction that a high-level delegation of those responsible for the killings is",0,0,0,https://x.com/AhmadSamadi1974/status/2012950194426384565,"The head of the MENA department at Switzerland’s Federal Foreign Office admits, in interviews with 
@srfnews
 , that the Iranian regime is killing its own people, yet at the same time expresses satisfaction that a high-level delegation of those responsible for the killings is","The head of the MENA department at Switzerland’s Federal Foreign Office admits, in interviews with 
@srfnews
 , that the Iranian regime is killing its own people, yet at the same time expresses satisfaction that a high-level delegation of those responsible for the killings is"
2012646033541488703,ahmadsamadi1974,2026-01-17 21:59:42.208000+00:00,"نیویورک پست نوشته کاخ سفید در حال «بررسی» وضعیت مهاجرتی بستگان حاکمان ایران در آمریکا است .  
کاخ سفید اعلام کرده است که در حال «بررسی» وضعیت مهاجرتی ایرانیانی است که در دوران دولت بایدن از مزایای مهاجرتی برخوردار شده‌اند. به گزارش نیویورک پست همزمان دادخواست‌های اینترنتی",0,0,0,https://x.com/AhmadSamadi1974/status/2012646033541488703,"نیویورک پست نوشته کاخ سفید در حال «بررسی» وضعیت مهاجرتی بستگان حاکمان ایران در آمریکا است .  
کاخ سفید اعلام کرده است که در حال «بررسی» وضعیت مهاجرتی ایرانیانی است که در دوران دولت بایدن از مزایای مهاجرتی برخوردار شده‌اند. به گزارش نیویورک پست همزمان دادخواست‌های اینترنتی","The New York Post writes that the White House is ""reviewing"" the immigration status of Iranian rulers' relatives in America.  
The White House has announced that it is ""reviewing"" the immigration status of Iranians who received immigration benefits during the Biden administration. According to the New York Post, at the same time, Internet petitions"
2012624816835051600,ahmadsamadi1974,2026-01-17 20:35:23.751000+00:00,خیلی مهم// ژنرال چهار ستاره جک کین مدیر موسسه مطالعات جنگ و از چهره‌های بانفوذ نظامی آمریکا: ما به‌وضوح در حال برنامه‌ریزی و آماده‌سازی برای یک حمله احتمالی هستیم. عملاً این را تقریباً به همه گفته‌ایم. داریم از همه‌جا ناو و کشتی می‌آوریم، نیروها را از پایگاه‌ها خارج می‌کنیم.,0,0,0,https://x.com/AhmadSamadi1974/status/2012624816835051600,خیلی مهم// ژنرال چهار ستاره جک کین مدیر موسسه مطالعات جنگ و از چهره‌های بانفوذ نظامی آمریکا: ما به‌وضوح در حال برنامه‌ریزی و آماده‌سازی برای یک حمله احتمالی هستیم. عملاً این را تقریباً به همه گفته‌ایم. داریم از همه‌جا ناو و کشتی می‌آوریم، نیروها را از پایگاه‌ها خارج می‌کنیم.,"Very important// Four-star general Jack Kane, director of the Institute of War Studies and one of the most influential American military figures: We are clearly planning and preparing for a possible attack. We have told almost everyone this. We are bringing ships and ships from everywhere, we are withdrawing the troops from the bases."
2012570023726887405,ahmadsamadi1974,2026-01-17 16:57:40.056000+00:00,"مهم// آرژانتین نیروی قدس سپاه پاسداران را تروریستی اعلام کرد. 
دفتر رئیس‌جمهور آرژانتین با صدور بیانیه‌ای اعلام کرد که نیروی قدس و سیزده فرد مرتبط با این گروه نظامی ایرانی را به‌عنوان سازمان تروریستی اعلام کرده است. 
در بخشی از این بیانیه آمده است : احمد وحیدی، فرمانده نیروی",0,0,0,https://x.com/AhmadSamadi1974/status/2012570023726887405,"مهم// آرژانتین نیروی قدس سپاه پاسداران را تروریستی اعلام کرد. 
دفتر رئیس‌جمهور آرژانتین با صدور بیانیه‌ای اعلام کرد که نیروی قدس و سیزده فرد مرتبط با این گروه نظامی ایرانی را به‌عنوان سازمان تروریستی اعلام کرده است. 
در بخشی از این بیانیه آمده است : احمد وحیدی، فرمانده نیروی","Important// Argentina declared the Quds Force of the Revolutionary Guards as terrorists. 
The office of the President of Argentina issued a statement announcing that it has declared the Quds Force and thirteen people related to this Iranian military group as a terrorist organization. 
In a part of this statement, it is stated: Ahmed Vahidi, commander of the force"
2012541333844394017,ahmadsamadi1974,2026-01-17 15:03:39.855000+00:00,"// برلین تظاهرات حمایت از انقلاب مردم ایران. 
همه خیابانها در غرب باید به تسخیر درآید تا دنیا بفهمد که جمهوری اسلامی باید برود.
شعارها: ملاها باید بروند. مرگ بر خامنه‌ای
این آخرین نبرده، پهلوی برمی‌گرده
اگرچه دوریم از وطن، پشت شماییم هموطن 
دم همه ایرانی‌های باغیرت گرم.",0,0,0,https://x.com/AhmadSamadi1974/status/2012541333844394017,"// برلین تظاهرات حمایت از انقلاب مردم ایران. 
همه خیابانها در غرب باید به تسخیر درآید تا دنیا بفهمد که جمهوری اسلامی باید برود.
شعارها: ملاها باید بروند. مرگ بر خامنه‌ای
این آخرین نبرده، پهلوی برمی‌گرده
اگرچه دوریم از وطن، پشت شماییم هموطن 
دم همه ایرانی‌های باغیرت گرم.","// Berlin demonstration in support of the Iranian people's revolution. 
All the streets in the west must be conquered so that the world understands that the Islamic Republic must go.
Slogans: Mullahs must go. Death to Khamenei
This is not the last battle, Pahlavi is coming back
Although we are far from our homeland, we are behind you, fellow countrymen 
To all Iranians with warm zeal."
2012235493216264549,ahmadsamadi1974,2026-01-16 18:48:21.767000+00:00,"مهم// هند هم پشت علی خامنه‌ای را خالی کرد. 
نماینده پارلمان هند می‌گوید این کشور از بندر چابهار خارج شده است. #دهلی‌نو که با دریافت مجوز از ایالات متحده در بندر #چابهار سرمایه‌گذاری کرده بود حالا با فرمان کاخ سفید به کار در این منطقه پایان داد. 
#جمهوری_اسلامی_باید_برود",0,0,0,https://x.com/AhmadSamadi1974/status/2012235493216264549,"مهم// هند هم پشت علی خامنه‌ای را خالی کرد. 
نماینده پارلمان هند می‌گوید این کشور از بندر چابهار خارج شده است. #دهلی‌نو که با دریافت مجوز از ایالات متحده در بندر #چابهار سرمایه‌گذاری کرده بود حالا با فرمان کاخ سفید به کار در این منطقه پایان داد. 
#جمهوری_اسلامی_باید_برود","Important// India also left behind Ali Khamenei. 
The Indian parliament member says that the country has left Chabahar port. #New Delhi, which had invested in #Chabahar port after receiving a license from the United States, has now stopped working in this area by order of the White House. 
#Islamic_Republic_must_go"
2012144424277377168,ahmadsamadi1974,2026-01-16 12:46:29.240000+00:00," BREAKING: Participation of IR Iran officials in the Munich Security Conference has been canceled.

A spokesperson for the conference told me that although invitations had been sent to some Iranian government representatives weeks ago, “in light of recent developments, these",0,0,0,https://x.com/AhmadSamadi1974/status/2012144424277377168," BREAKING: Participation of IR Iran officials in the Munich Security Conference has been canceled.

A spokesperson for the conference told me that although invitations had been sent to some Iranian government representatives weeks ago, “in light of recent developments, these","BREAKING: Participation of IR Iran officials in the Munich Security Conference has been canceled.

A spokesperson for the conference told me that although invitations had been sent to some Iranian government representatives weeks ago, “in light of recent developments, these"
2012142006110179444,ahmadsamadi1974,2026-01-16 12:36:52.704000+00:00,"فوری// حضور مقامات جمهوری اسلامی در کنفرانس امنیتی مونیخ لغو شد. 

سخنگوی کنفرانس امنیتی مونیخ به ایران اینترنشنال گفت : اگرچه چند هفته پیش دعوت‌نامه‌هایی برای برخی نمایندگان دولتی جمهوری اسلامی ارسال شده بود، اما «با توجه به تحولات اخیر»، این دعوت‌ها دیگر معتبر نیست و ادامه",0,0,0,https://x.com/AhmadSamadi1974/status/2012142006110179444,"فوری// حضور مقامات جمهوری اسلامی در کنفرانس امنیتی مونیخ لغو شد. 

سخنگوی کنفرانس امنیتی مونیخ به ایران اینترنشنال گفت : اگرچه چند هفته پیش دعوت‌نامه‌هایی برای برخی نمایندگان دولتی جمهوری اسلامی ارسال شده بود، اما «با توجه به تحولات اخیر»، این دعوت‌ها دیگر معتبر نیست و ادامه","Urgent// The presence of the officials of the Islamic Republic in the Munich security conference was cancelled. 

The spokesman of the Munich Security Conference told Iran International: Although invitations were sent to some government representatives of the Islamic Republic a few weeks ago, ""according to recent developments"", these invitations are no longer valid and continued."
2012083143910556007,ahmadsamadi1974,2026-01-16 08:42:58.862000+00:00,توجه//در حالی‌ که برخی روزنامه‌نگاران فعالان سیاسی و‌ مدنی ایرانی به‌ جای هم‌افزایی و تقویت فشارها به رژیم ملاها به دنبال تسوبه حساب‌‌های سیاسی و ایدئولوژیک هستند و در نقش ترول ظاهر می‌شوند، شماری از چهره‌های سرشناس، سیاستمداران و سازمان‌های آلمانی به دنبال اخراج سفیر جمهوری,0,0,0,https://x.com/AhmadSamadi1974/status/2012083143910556007,توجه//در حالی‌ که برخی روزنامه‌نگاران فعالان سیاسی و‌ مدنی ایرانی به‌ جای هم‌افزایی و تقویت فشارها به رژیم ملاها به دنبال تسوبه حساب‌‌های سیاسی و ایدئولوژیک هستند و در نقش ترول ظاهر می‌شوند، شماری از چهره‌های سرشناس، سیاستمداران و سازمان‌های آلمانی به دنبال اخراج سفیر جمهوری,"Note//While some Iranian political and civil activists journalists are looking for political and ideological settlement and appearing as trolls instead of adding and strengthening the pressures on the mullahs' regime, a number of famous figures, politicians and German organizations are seeking to expel the ambassador of the republic."
2011578114858762272,ahmadsamadi1974,2026-01-14 23:16:10.553000+00:00," The Islamic Republic will never abandon its blood-soaked nature. Claims that the killings have stopped are a lie.
If the situation is truly “under control,” why are phone lines and the internet still cut across all of Iran?
The mullahs lie—again and again—and believing them",0,0,0,https://x.com/AhmadSamadi1974/status/2011578114858762272," The Islamic Republic will never abandon its blood-soaked nature. Claims that the killings have stopped are a lie.
If the situation is truly “under control,” why are phone lines and the internet still cut across all of Iran?
The mullahs lie—again and again—and believing them","The Islamic Republic will never abandon its blood-soaked nature. Claims that the killings have stopped are a lie.
If the situation is truly “under control,” why are phone lines and the internet still cut across all of Iran?
The mullahs lie—again and again—and believing them"
2011573745304158521,ahmadsamadi1974,2026-01-14 22:58:48.770000+00:00," مهم// خبرنگار Newsnation در کاخ سفید به نقل از منابع آگاه می‌گوید در بحبوحه تنش‌ها با #ایران  ایالات متحده در حال انتقال یک گروه ضربتی ناو هواپیمابر از دریای چین جنوبی به حوزه مسئولیت فرماندهی مرکزی آمریکا (CENTCOM) است. 
#انقلاب_ملی_ایران  #جمهوری_اسلامی_باید_برود",0,0,0,https://x.com/AhmadSamadi1974/status/2011573745304158521," مهم// خبرنگار Newsnation در کاخ سفید به نقل از منابع آگاه می‌گوید در بحبوحه تنش‌ها با #ایران  ایالات متحده در حال انتقال یک گروه ضربتی ناو هواپیمابر از دریای چین جنوبی به حوزه مسئولیت فرماندهی مرکزی آمریکا (CENTCOM) است. 
#انقلاب_ملی_ایران  #جمهوری_اسلامی_باید_برود","Important// The Newsnation correspondent in the White House, quoting knowledgeable sources, says that in the midst of tensions with #Iran, the United States is moving an aircraft carrier strike group from the South China Sea to the area of ​​responsibility of the US Central Command (CENTCOM). 
#Iranian_National_Revolution #Islamic_Republic_must_go"
2011557204474953779,ahmadsamadi1974,2026-01-14 21:53:05.129000+00:00," مهم//رسانه عراقی الجبال، دقایقی پیش به نقل از ساکنان محلی بصره از شنیده شدن صدای چند جنگنده برفراز این شهر و نزدیکی مرزهای #ایران خبر داد. رسانه‌های العهد و‌البغدادیه هم این موضوع را تایید کردند. 
#جمهوری_اسلامی_باید_برود #انقلاب_ملی_ایران",0,0,0,https://x.com/AhmadSamadi1974/status/2011557204474953779," مهم//رسانه عراقی الجبال، دقایقی پیش به نقل از ساکنان محلی بصره از شنیده شدن صدای چند جنگنده برفراز این شهر و نزدیکی مرزهای #ایران خبر داد. رسانه‌های العهد و‌البغدادیه هم این موضوع را تایید کردند. 
#جمهوری_اسلامی_باید_برود #انقلاب_ملی_ایران","Important//Iraqi Al-Jabal media reported a few minutes ago, quoting local residents of Basra, that the sound of several fighters was heard over this city and near the borders of #Iran. Al-Ahed and Al-Baghdadiyeh media also confirmed this issue. 
#Islamic_Republic_must_go #Iranian_National_Revolution"
2011466215022080052,ahmadsamadi1974,2026-01-14 15:51:31.553000+00:00,"مهم // آلمان : جمهوری اسلامی یک ساختار تروریستیِ سازمان‌یافته است و نباید عاملان آن از پاسخگویی بین‌المللی فرار کنند

وزیر امور خارجه آلمان تأکید کرد باید تضمین شود که عاملان سرکوب نه امکان فرار داشته باشند،نه بتوانند از حق پناهندگی سوء استفاده کنند و نه اجازه فعالیت یا جابه",0,0,0,https://x.com/AhmadSamadi1974/status/2011466215022080052,"مهم // آلمان : جمهوری اسلامی یک ساختار تروریستیِ سازمان‌یافته است و نباید عاملان آن از پاسخگویی بین‌المللی فرار کنند

وزیر امور خارجه آلمان تأکید کرد باید تضمین شود که عاملان سرکوب نه امکان فرار داشته باشند،نه بتوانند از حق پناهندگی سوء استفاده کنند و نه اجازه فعالیت یا جابه","Important // Germany: The Islamic Republic is an organized terrorist structure and its perpetrators should not escape international accountability

The Minister of Foreign Affairs of Germany emphasized that it must be guaranteed that the perpetrators of the repression will not be able to escape, nor will they be able to abuse the right to asylum, nor will they be allowed to work or move."
2011200681445601449,ahmadsamadi1974,2026-01-13 22:16:23.415000+00:00,مهم// باراک راوید خبرنگار ارشد نشریه آکسیوس می‌گوید: رئیس‌جمهور ترامپ به خبرنگاران گفته که از گزینه‌های احتمالی واکنش علیه ایران آگاه است، اما تأکید می‌کند که هنوز تصمیمی نگرفته است. به گفته او، قرار است امشب در کاخ سفید گزارشی توجیهی درباره وضعیت ایران و داده‌های دقیق مربوط,0,0,0,https://x.com/AhmadSamadi1974/status/2011200681445601449,مهم// باراک راوید خبرنگار ارشد نشریه آکسیوس می‌گوید: رئیس‌جمهور ترامپ به خبرنگاران گفته که از گزینه‌های احتمالی واکنش علیه ایران آگاه است، اما تأکید می‌کند که هنوز تصمیمی نگرفته است. به گفته او، قرار است امشب در کاخ سفید گزارشی توجیهی درباره وضعیت ایران و داده‌های دقیق مربوط,"Important// Barak Ravid, senior reporter of Axios magazine, says: President Trump told reporters that he is aware of the possible options to react against Iran, but he emphasizes that he has not made a decision yet. According to him, an explanatory report about Iran's situation and related detailed data is supposed to be presented tonight in the White House"
2011168582365852110,ahmadsamadi1974,2026-01-13 20:08:50.398000+00:00,"// آخرین تلاش‌ و‌ التماس‌های جمهوری اسلامی و خامنه‌ای در پایان راه… 
پخش تصاویر زنان بدون حجاب در حساب کاربری صداوسیما 
#دیگه_تمومه_ماجرا #جمهوری_اسلامی_باید_برود",0,0,0,https://x.com/AhmadSamadi1974/status/2011168582365852110,"// آخرین تلاش‌ و‌ التماس‌های جمهوری اسلامی و خامنه‌ای در پایان راه… 
پخش تصاویر زنان بدون حجاب در حساب کاربری صداوسیما 
#دیگه_تمومه_ماجرا #جمهوری_اسلامی_باید_برود","// The last efforts and pleas of the Islamic Republic and Khamenei at the end of the road... 
Broadcast images of women without hijab on Sedavsima's user account 
#The_end_of_the_story #The_Islamic_Republic_must_go"
2011151012703154290,ahmadsamadi1974,2026-01-13 18:59:01.464000+00:00,"مهم// وزارت امور خارجه آلمان از اتباع این کشور خواست ایران را ترک کنند. 
در آخرین به روز رسانی وب سایت وزارت امور خارجه آلمان که امروز سه‌شنبه ۱۳ ژانویه انجام شده آمده است: از سفر به #ایران خودداری شود. خطر بازداشت‌های خودسرانه  وجود دارد. سفارت #آلمان در تهران در حال حاضر فقط",0,0,0,https://x.com/AhmadSamadi1974/status/2011151012703154290,"مهم// وزارت امور خارجه آلمان از اتباع این کشور خواست ایران را ترک کنند. 
در آخرین به روز رسانی وب سایت وزارت امور خارجه آلمان که امروز سه‌شنبه ۱۳ ژانویه انجام شده آمده است: از سفر به #ایران خودداری شود. خطر بازداشت‌های خودسرانه  وجود دارد. سفارت #آلمان در تهران در حال حاضر فقط","Important// The Ministry of Foreign Affairs of Germany asked the citizens of this country to leave Iran. 
In the latest update of the website of the Ministry of Foreign Affairs of Germany, which was done today, Tuesday, January 13, it is stated: Avoid traveling to #Iran. There is a risk of arbitrary arrests. #German Embassy in Tehran at the moment only"
2010999470452781140,ahmadsamadi1974,2026-01-13 08:56:50.976000+00:00,"مهم// چراغ سبز غرب به تغییر رژیم در ایران. 
نشریه اشپیگل به نقل از فریدریش مرتس صدراعظم #آلمان نوشت : برلین و شرکایش در حال حاضر «در نزدیک‌ترین تماس با یکدیگر هستند تا اکنون اطمینان حاصل شود که در #ایران گذار مسالمت‌آمیزی به سوی دولتی با مشروعیت دموکراتیک امکان‌پذیر شود».",0,0,0,https://x.com/AhmadSamadi1974/status/2010999470452781140,"مهم// چراغ سبز غرب به تغییر رژیم در ایران. 
نشریه اشپیگل به نقل از فریدریش مرتس صدراعظم #آلمان نوشت : برلین و شرکایش در حال حاضر «در نزدیک‌ترین تماس با یکدیگر هستند تا اکنون اطمینان حاصل شود که در #ایران گذار مسالمت‌آمیزی به سوی دولتی با مشروعیت دموکراتیک امکان‌پذیر شود».","Important// West's green light for regime change in Iran. 
Der Spiegel quoted German Chancellor Friedrich Mertz as saying: Berlin and its partners are currently ""in the closest contact with each other to ensure that a peaceful transition to a government with democratic legitimacy is possible in #Iran""."
2010842131011707115,ahmadsamadi1974,2026-01-12 22:31:38.330000+00:00,"شهروندان آمریکایی همین حالا ایران را ترک کنند. 
سفارت مجازی ایالات متحده در ایران در اطلاعیه‌ای تصریح کرده اعتراضات در ایران در حال تشدید است و شهروندان آمریکایی باید تدابیری که اعلام شده رعایت کنند. 
در این اطلاعیه آمده است:
همین حالا ایران را ترک کنید. برای خروج از ایران",0,0,0,https://x.com/AhmadSamadi1974/status/2010842131011707115,"شهروندان آمریکایی همین حالا ایران را ترک کنند. 
سفارت مجازی ایالات متحده در ایران در اطلاعیه‌ای تصریح کرده اعتراضات در ایران در حال تشدید است و شهروندان آمریکایی باید تدابیری که اعلام شده رعایت کنند. 
در این اطلاعیه آمده است:
همین حالا ایران را ترک کنید. برای خروج از ایران","American citizens should leave Iran now. 
The virtual embassy of the United States in Iran has stated in an announcement that the protests in Iran are intensifying and American citizens should follow the measures that have been announced. 
This announcement states:
Leave Iran now. To leave Iran"
2010832608196731367,ahmadsamadi1974,2026-01-12 21:53:47.914000+00:00,"مهم// دونالد ترامپ در شبکه اجتماعی Truth Social نوشت:
«از همین لحظه، هر کشوری که با جمهوری اسلامی ایران دادوستد تجاری داشته باشد، مشمول تعرفه ۲۵ درصدی بر هرگونه تجارت با ایالات متحده آمریکا خواهد شد. این دستور نهایی و قطعی است.
#جمهوری_اسلامی_باید_برود 
#انقلاب_ملی_ایران",0,0,0,https://x.com/AhmadSamadi1974/status/2010832608196731367,"مهم// دونالد ترامپ در شبکه اجتماعی Truth Social نوشت:
«از همین لحظه، هر کشوری که با جمهوری اسلامی ایران دادوستد تجاری داشته باشد، مشمول تعرفه ۲۵ درصدی بر هرگونه تجارت با ایالات متحده آمریکا خواهد شد. این دستور نهایی و قطعی است.
#جمهوری_اسلامی_باید_برود 
#انقلاب_ملی_ایران","Important// Donald Trump wrote on the Truth Social social network:
""From now on, any country that trades with the Islamic Republic of Iran will be subject to a 25% tariff on any trade with the United States of America. This order is final and conclusive.
#Islamic_Republic_must_go 
#National_Revolution_of_Iran"
2010812606747996520,ahmadsamadi1974,2026-01-12 20:34:19.197000+00:00,"The silence of the 
@ITU
 , a UN-affiliated body, is shameful.

Do not let this stain be recorded in ITU’s name. Act before it’s too late. #DigitalBlackoutlran #KeepItOn",0,0,0,https://x.com/AhmadSamadi1974/status/2010812606747996520,"The silence of the 
@ITU
 , a UN-affiliated body, is shameful.

Do not let this stain be recorded in ITU’s name. Act before it’s too late. #DigitalBlackoutlran #KeepItOn","The silence of the 
@ITU
 , a UN-affiliated body, is shameful.

Do not let this stain be recorded in ITU’s name. Act before it’s too late. #DigitalBlackoutlran #KeepItOn"
2010810937796678128,ahmadsamadi1974,2026-01-12 20:27:41.288000+00:00," خبرنگار شبکه خبری فرانس۲۴ می‌گوید سفارت فرانسه در تهران بخشی از کارکنان خود را از #ایران خارج کرده است. 
#جمهوری_اسلامی_باید_برود 
#انقلاب_ملی_ایران",0,0,0,https://x.com/AhmadSamadi1974/status/2010810937796678128," خبرنگار شبکه خبری فرانس۲۴ می‌گوید سفارت فرانسه در تهران بخشی از کارکنان خود را از #ایران خارج کرده است. 
#جمهوری_اسلامی_باید_برود 
#انقلاب_ملی_ایران","The reporter of France24 news channel says that the French Embassy in Tehran has withdrawn part of its staff from #Iran. 
#Islamic_Republic_must_go 
#National_Revolution_of_Iran"
2010731638737563902,ahmadsamadi1974,2026-01-12 15:12:34.919000+00:00,"فوری// ورود همه کارکنان دیپلماتیک و نمایندگان جمهوری اسلامی به پارلمان اروپا ممنوع شد
روبرتا مِتسولا رییس پارلمان اروپا  اعلام کرد ورود همه کارکنان دیپلماتیک و هر نماینده‌ای از جمهوری اسلامی #ایران به تمام ساختمان‌ها و اماکن پارلمان اروپا ممنوع شده است.
#جمهوری_اسلامی_باید_برود",0,0,0,https://x.com/AhmadSamadi1974/status/2010731638737563902,"فوری// ورود همه کارکنان دیپلماتیک و نمایندگان جمهوری اسلامی به پارلمان اروپا ممنوع شد
روبرتا مِتسولا رییس پارلمان اروپا  اعلام کرد ورود همه کارکنان دیپلماتیک و هر نماینده‌ای از جمهوری اسلامی #ایران به تمام ساختمان‌ها و اماکن پارلمان اروپا ممنوع شده است.
#جمهوری_اسلامی_باید_برود","Urgent // All diplomatic staff and representatives of the Islamic Republic were banned from entering the European Parliament
Roberta Metsula, President of the European Parliament, announced that the entry of all diplomatic staff and any representatives of the Islamic Republic of #Iran to all buildings and places of the European Parliament is prohibited.
#Islamic_Republic_must_go"
2010423073623707874,ahmadsamadi1974,2026-01-11 18:46:27.263000+00:00,"مهم// در الگوی رفتاری دونالد ترامپ، تکرار تهدید و برجسته‌سازی گزینه نظامی صرفاً جنگ روانی یا بلوف سیاسی نیست. این تکرارها معمولاً بخشی از فرآیند عادی‌سازی و مشروعیت‌بخشی به یک تصمیم بزرگ‌تر در افکار عمومی و ساختار قدرت است. 
منتظر اتفاق بزرگ باشیم. 
#جمهوری_اسلامی_باید_برود",0,0,0,https://x.com/AhmadSamadi1974/status/2010423073623707874,"مهم// در الگوی رفتاری دونالد ترامپ، تکرار تهدید و برجسته‌سازی گزینه نظامی صرفاً جنگ روانی یا بلوف سیاسی نیست. این تکرارها معمولاً بخشی از فرآیند عادی‌سازی و مشروعیت‌بخشی به یک تصمیم بزرگ‌تر در افکار عمومی و ساختار قدرت است. 
منتظر اتفاق بزرگ باشیم. 
#جمهوری_اسلامی_باید_برود","Important// In Donald Trump's behavioral pattern, repeating the threat and highlighting the military option is not just psychological warfare or political bluff. These iterations are usually part of the process of normalizing and legitimizing a larger decision in public opinion and the power structure. 
Let's wait for the big event. 
#Islamic_Republic_must_go"
2010413314409689197,ahmadsamadi1974,2026-01-11 18:07:40.485000+00:00,"مهم// وزیر خارجه آلمان در سفری از پیش اعلام نشده به آمریکا سفر کرد تا درباره اوضاع ایران با مارکو روبیو  همتای آمریکایی‌اش گفتگو کند. 
یوهان واده فول گفت: آنچه در ایران می‌گذرد، یکی از مسائلی است که ذهن بسیاری از شما را به خود مشغول کرده است. مردم علیه این رژیم به پا خاسته‌اند.",0,0,0,https://x.com/AhmadSamadi1974/status/2010413314409689197,"مهم// وزیر خارجه آلمان در سفری از پیش اعلام نشده به آمریکا سفر کرد تا درباره اوضاع ایران با مارکو روبیو  همتای آمریکایی‌اش گفتگو کند. 
یوهان واده فول گفت: آنچه در ایران می‌گذرد، یکی از مسائلی است که ذهن بسیاری از شما را به خود مشغول کرده است. مردم علیه این رژیم به پا خاسته‌اند.","Important// The German Foreign Minister traveled to America on an unannounced trip to discuss the situation in Iran with his American counterpart Marco Rubio. 
Yohan Wade Full said: What is happening in Iran is one of the issues that has occupied the minds of many of you. People have risen against this regime."
2010327004655018303,ahmadsamadi1974,2026-01-11 12:24:42.636000+00:00,"در کنار شاهزاده #رضا_پهلوی، تمام‌قد از انقلاب مردم #ایران حمایت می‌کنیم.
امروز زمان تردید و دوپهلوگویی نیست.
هر حرکت از سوی هر فرد یا گروهی که به این انقلاب خدشه وارد کند و بذر تردید بپاشد، فردا در برابر مردم ایران پاسخگو خواهد بود. 

#انقلاب_ملی_ایران",0,0,0,https://x.com/AhmadSamadi1974/status/2010327004655018303,"در کنار شاهزاده #رضا_پهلوی، تمام‌قد از انقلاب مردم #ایران حمایت می‌کنیم.
امروز زمان تردید و دوپهلوگویی نیست.
هر حرکت از سوی هر فرد یا گروهی که به این انقلاب خدشه وارد کند و بذر تردید بپاشد، فردا در برابر مردم ایران پاسخگو خواهد بود. 

#انقلاب_ملی_ایران","Along with Prince Reza Pahlavi, we fully support the revolution of the Iranian people.
Today is not the time for doubt and ambivalence.
Any move by any person or group that harms this revolution and sows seeds of doubt will be held accountable to the people of Iran tomorrow. 

#National_Revolution_of_Iran"
2010296823903076361,ahmadsamadi1974,2026-01-11 10:24:46.984000+00:00,"ج.ا. بار دیگر اقدام به کشتار بیرحمانه مردم کرد. آمار کشته‌ها بسیار بیشتر از وحشیانه‌تربن کشتار این حکومت در آبان۹۸ است.
وقتی ساده‌ترین شعار مردم با رگبار مسلسل، مواجه می‌شود، چاره‌ای نیست جز یاری طلبیدن از جامعه جهانی.
ج.ا. شرورترین و بی‌رحم‌ترین حکومت تاریخ پس از جنگ جهانی دوم",0,0,0,https://x.com/Alighazizade/status/2010296823903076361,"ج.ا. بار دیگر اقدام به کشتار بیرحمانه مردم کرد. آمار کشته‌ها بسیار بیشتر از وحشیانه‌تربن کشتار این حکومت در آبان۹۸ است.
وقتی ساده‌ترین شعار مردم با رگبار مسلسل، مواجه می‌شود، چاره‌ای نیست جز یاری طلبیدن از جامعه جهانی.
ج.ا. شرورترین و بی‌رحم‌ترین حکومت تاریخ پس از جنگ جهانی دوم","J.A. Once again, he brutally killed people. The death toll is much higher than the most brutal massacre of this government in November 2018.
When people's simplest slogans are met with machine gun fire, there is no other choice but to seek help from the international community.
J.A. The most evil and cruel government in history after World War II"
2010287799337894256,ahmadsamadi1974,2026-01-11 09:48:55.360000+00:00,"For the past two weeks, Iran’s criminal mullah regime has shut down all radio and digital communications while massacring protesters who reject this regime.

The silence of the 
@ITU
 , a UN-affiliated body, is shameful.

Do not let this stain be recorded in ITU’s name. Act before",0,0,0,https://x.com/AhmadSamadi1974/status/2010287799337894256,"For the past two weeks, Iran’s criminal mullah regime has shut down all radio and digital communications while massacring protesters who reject this regime.

The silence of the 
@ITU
 , a UN-affiliated body, is shameful.

Do not let this stain be recorded in ITU’s name. Act before","For the past two weeks, Iran’s criminal mullah regime has shut down all radio and digital communications while massacring protesters who reject this regime.

The silence of the 
@ITU
 , a UN-affiliated body, is shameful.

Do not let this stain be recorded in ITU’s name. Act before"
2010259920780963993,ahmadsamadi1974,2026-01-11 07:58:08.594000+00:00,"مهم// آماده باش کامل اسراییل درباره مداخله آمریکا در ایران .
رویترز به نقل از منابع مطلع اسرائیلی نوشت: « بنیامین نتانیاهو، نخست‌وزیر اسرائیل، و مارکو روبیو، وزیر خارجه آمریکا، روز شنبه در یک تماس تلفنی درباره احتمال مداخله آمریکا در ایران گفت‌وگو کردند.»",0,0,0,https://x.com/AhmadSamadi1974/status/2010259920780963993,"مهم// آماده باش کامل اسراییل درباره مداخله آمریکا در ایران .
رویترز به نقل از منابع مطلع اسرائیلی نوشت: « بنیامین نتانیاهو، نخست‌وزیر اسرائیل، و مارکو روبیو، وزیر خارجه آمریکا، روز شنبه در یک تماس تلفنی درباره احتمال مداخله آمریکا در ایران گفت‌وگو کردند.»","Important// Israel is on full alert regarding US intervention in Iran.
Reuters quoted Israeli sources as saying: ""Israeli Prime Minister Benjamin Netanyahu and US Secretary of State Marco Rubio discussed the possibility of US intervention in Iran in a phone call on Saturday."""
2009644016036450493,ahmadsamadi1974,2026-01-09 15:10:45.460000+00:00,"Mr. President, this is an urgent and immediate call for your attention, support, and action. Last night you saw the millions of brave Iranians in the streets facing down live bullets. Today, they are facing not just bullets but a total communications blackout. No Internet. No",0,0,0,https://x.com/PahlaviReza/status/2009644016036450493,"Mr. President, this is an urgent and immediate call for your attention, support, and action. Last night you saw the millions of brave Iranians in the streets facing down live bullets. Today, they are facing not just bullets but a total communications blackout. No Internet. No","Mr. President, this is an urgent and immediate call for your attention, support, and action. Last night you saw the millions of brave Iranians in the streets facing down live bullets. Today, they are facing not just bullets but a total communications blackout. No Internet. No"
2009623001721975110,ahmadsamadi1974,2026-01-09 13:47:15.257000+00:00,"Lieber Bundeskanzler, 
Seit letzter Nacht sind Millionen Iranerinnen und Iraner auf die Straßen gegangen und haben klar gesagt, dass sie das religiöse Mullah-Regime nicht mehr wollen. Das Regime hat daraufhin im ganzen Land das Internet abgeschaltet. Berichte aus dem Iran",0,0,0,https://x.com/AhmadSamadi1974/status/2009623001721975110,"Lieber Bundeskanzler, 
Seit letzter Nacht sind Millionen Iranerinnen und Iraner auf die Straßen gegangen und haben klar gesagt, dass sie das religiöse Mullah-Regime nicht mehr wollen. Das Regime hat daraufhin im ganzen Land das Internet abgeschaltet. Berichte aus dem Iran","Dear Federal Chancellor, 
Since last night, millions of Iranians have taken to the streets and made it clear that they no longer want the religious mullahs' regime. The regime then shut down the internet across the country. Reports from Iran"
2009570909405720600,ahmadsamadi1974,2026-01-09 10:20:15.481000+00:00,"Mr. 
@realDonaldTrump
 
You said if the Iranian regime dragged people into the streets by force, you would act.
Last night, across Iran, people were in the streets. Many were killed.
The regime has cut the internet, mobile networks, and all communications nationwide.
If you mean to",0,0,0,https://x.com/Alighazizade/status/2009570909405720600,"Mr. 
@realDonaldTrump
 
You said if the Iranian regime dragged people into the streets by force, you would act.
Last night, across Iran, people were in the streets. Many were killed.
The regime has cut the internet, mobile networks, and all communications nationwide.
If you mean to","Mr. 
@realDonaldTrump
 
You said if the Iranian regime dragged people into the streets by force, you would act.
Last night, across Iran, people were in the streets. Many were killed.
The regime has cut the internet, mobile networks, and all communications nationwide.
If you mean to"
2009404828774998032,ahmadsamadi1974,2026-01-08 23:20:18.773000+00:00,"// نخست وزیر #بلژیک درباره اعتراضات #ایران : ایرانیان شجاع پس از سال‌ها سرکوب و سختی‌های اقتصادی، برای آزادی به پا خاسته‌اند. 
بارت دی‌ویور افزود : آن‌ها {معترضان ایرانی} شایسته‌ی حمایت کامل ما هستند. خاموش کردن صدای آنان از طریق خشونت غیرقابل‌قبول است.",0,0,0,https://x.com/AhmadSamadi1974/status/2009404828774998032,"// نخست وزیر #بلژیک درباره اعتراضات #ایران : ایرانیان شجاع پس از سال‌ها سرکوب و سختی‌های اقتصادی، برای آزادی به پا خاسته‌اند. 
بارت دی‌ویور افزود : آن‌ها {معترضان ایرانی} شایسته‌ی حمایت کامل ما هستند. خاموش کردن صدای آنان از طریق خشونت غیرقابل‌قبول است.","// Prime Minister of #Belgium about #Iranian protests: Brave Iranians have stood up for freedom after years of oppression and economic hardship. 
Bart de Weaver added: They {Iranian protesters} deserve our full support. Silencing their voices through violence is unacceptable."
2009236024904306968,ahmadsamadi1974,2026-01-08 12:09:32.794000+00:00,"مهم//شاهزاده رضا پهلوی: رهبران اروپایی از شفافیت اخلاقی ترامپ در قبال #ایران درس بگیرند.
شاهزاده رضا پهلوی درباره نظام آینده در ایران به نشریه آلمانی بیلد گفته چه نظام پادشاهی باشد و چه جمهوری، مردم ایران خود تصمیم خواهند گرفت؛ و او صرفاً گذار به آن انتخاب را همراهی خواهد کرد.",0,0,0,https://x.com/AhmadSamadi1974/status/2009236024904306968,"مهم//شاهزاده رضا پهلوی: رهبران اروپایی از شفافیت اخلاقی ترامپ در قبال #ایران درس بگیرند.
شاهزاده رضا پهلوی درباره نظام آینده در ایران به نشریه آلمانی بیلد گفته چه نظام پادشاهی باشد و چه جمهوری، مردم ایران خود تصمیم خواهند گرفت؛ و او صرفاً گذار به آن انتخاب را همراهی خواهد کرد.","Important//Shahzade Reza Pahlavi: European leaders should learn from Trump's moral clarity towards #Iran.
Prince Reza Pahlavi told the German magazine Bild about the future system in Iran that the people of Iran will decide whether it will be a monarchy or a republic. And he will simply accompany the transition to that choice."
2009368345414652362,ahmadsamadi1974,2026-01-08 20:55:20.462000+00:00,"بازوان رسانه‌ای سپاه که سالها در لابلای مخالفان حکومت خزیده‌اند در ۲۴ ساعت گذشته هر کاری کردند که فراخوان شاهزاده رضا پهلوی با شکست مواجه شود.
اول به تمسخر گرفتند. بعد گفتند که تاثیری در کمیت اعتراضات ندارد. بعد گفتند که سبب سرکوب مردم می‌شود. در آخر گفتند که سبب انشقاق مردم می",0,0,0,https://x.com/Alighazizade/status/2009368345414652362,"بازوان رسانه‌ای سپاه که سالها در لابلای مخالفان حکومت خزیده‌اند در ۲۴ ساعت گذشته هر کاری کردند که فراخوان شاهزاده رضا پهلوی با شکست مواجه شود.
اول به تمسخر گرفتند. بعد گفتند که تاثیری در کمیت اعتراضات ندارد. بعد گفتند که سبب سرکوب مردم می‌شود. در آخر گفتند که سبب انشقاق مردم می","In the last 24 hours, the IRGC's media arms, which have been crawling under the government's opposition for years, did everything to defeat Prince Reza Pahlavi's appeal.
First they mocked. Then they said that it has no effect on the number of protests. Then they said that it will suppress people. In the end, they said that it would cause people to split"
2009370922738671877,ahmadsamadi1974,2026-01-08 21:05:34.944000+00:00,"مهم// جمهوری اسلامی ‌و دستگاه سرکوبش بزودی سورپرایز خواهد شد. #استارلینک آزاد و مجانی برای ایرانیان.
#جمهوری_اسلامی_باید_برود",0,0,0,https://x.com/AhmadSamadi1974/status/2009370922738671877,"مهم// جمهوری اسلامی ‌و دستگاه سرکوبش بزودی سورپرایز خواهد شد. #استارلینک آزاد و مجانی برای ایرانیان.
#جمهوری_اسلامی_باید_برود","Important// The Islamic Republic and its repression apparatus will be surprised soon. Free and free Starlink for Iranians.
#Islamic_Republic_must_go"
2009357778830410184,ahmadsamadi1974,2026-01-08 20:13:21.192000+00:00,"// نوربرت روتگن نماینده پارلمان فدرال آلمان: اروپا سرانجام باید بیدار شود.
«در برابر شجاعت این مردم فقط می‌توان عمیق‌ترین و بزرگ‌ترین احترام را قائل شد. آن‌ها شایسته حمایت ما هستند. وقت آن رسیده که اروپا بالاخره بیدار شود.»",0,0,0,https://x.com/AhmadSamadi1974/status/2009357778830410184,"// نوربرت روتگن نماینده پارلمان فدرال آلمان: اروپا سرانجام باید بیدار شود.
«در برابر شجاعت این مردم فقط می‌توان عمیق‌ترین و بزرگ‌ترین احترام را قائل شد. آن‌ها شایسته حمایت ما هستند. وقت آن رسیده که اروپا بالاخره بیدار شود.»","// Norbert Rötgen, member of the German Federal Parliament: Europe must finally wake up.
""One can only show the deepest and greatest respect for the courage of these people. They deserve our support. It's time for Europe to finally wake up."""
2009255666691481920,ahmadsamadi1974,2026-01-08 13:27:35.761000+00:00,"فوری// آلمان: سرکوب معترضان در 
ایران محکوم است.
یوهان واده‌فول وزیر امور خارجه #آلمان، استفاده «بیش از حد از خشونت» علیه معترضان را در #ایران را محکوم کرد و از جمهوری اسلامی خواست به تعهدات بین‌المللی خود پایبند باشد
#جمهوری_اسلامی_باید_برود 
#اعتراضات۱۴۰۴",0,0,0,https://x.com/AhmadSamadi1974/status/2009255666691481920,"فوری// آلمان: سرکوب معترضان در 
ایران محکوم است.
یوهان واده‌فول وزیر امور خارجه #آلمان، استفاده «بیش از حد از خشونت» علیه معترضان را در #ایران را محکوم کرد و از جمهوری اسلامی خواست به تعهدات بین‌المللی خود پایبند باشد
#جمهوری_اسلامی_باید_برود 
#اعتراضات۱۴۰۴","Urgent// Germany: suppression of protesters in 
Iran is condemned.
The Minister of Foreign Affairs of #Germany, Johann Wadeful, condemned the use of ""excessive violence"" against protesters in #Iran and asked the Islamic Republic to adhere to its international obligations.
#Islamic_Republic_must_go 
#Protests 1404"
2007957990620492261,ahmadsamadi1974,2026-01-04 23:31:05.676000+00:00,"مهم// تایمز لندن: گزارش‌های اطلاعاتی می‌گوید خامنه‌ای احتمالا به روسیه پناهنده خواهد شد. 
گزارش اطلاعاتی‌ای که روزنامه تایمز به آن استناد کرده می‌گوید علی خامنه‌ای رهبر جمهوری اسلامی ، در صورت گسترش ناآرامی‌ها در سراسر کشور و سرپیچی نیروهای امنیتی از اجرای دستورات، یک طرح",0,0,0,https://x.com/AhmadSamadi1974/status/2007957990620492261,"مهم// تایمز لندن: گزارش‌های اطلاعاتی می‌گوید خامنه‌ای احتمالا به روسیه پناهنده خواهد شد. 
گزارش اطلاعاتی‌ای که روزنامه تایمز به آن استناد کرده می‌گوید علی خامنه‌ای رهبر جمهوری اسلامی ، در صورت گسترش ناآرامی‌ها در سراسر کشور و سرپیچی نیروهای امنیتی از اجرای دستورات، یک طرح","Important// Times of London: Intelligence reports say that Khamenei will probably seek refuge in Russia. 
The intelligence report cited by the Times newspaper says that Ali Khamenei, the leader of the Islamic Republic of Iran, has a plan in case of unrest spreading throughout the country and the security forces refusing to carry out the orders."
2007119003798458750,ahmadsamadi1974,2026-01-02 15:57:15.630000+00:00, مدافعان خجالتی دیروز رژیم جمهوری اسلامی با دیدن خیزش انقلابی مردم ایران نقاب انداخته‌اند . بدون هیچ سندی، سناریوی «طرح ترامپ» می‌سازند؛ سناریویی که در آن معترضان یا «عوامل موساد» ماشه را می‌کشند تا راه برای کشتار مردم باز شود. این روایت‌ها عامدانه عاملیت معترضان و واقعیت خشم,0,0,0,https://x.com/AhmadSamadi1974/status/2007119003798458750, مدافعان خجالتی دیروز رژیم جمهوری اسلامی با دیدن خیزش انقلابی مردم ایران نقاب انداخته‌اند . بدون هیچ سندی، سناریوی «طرح ترامپ» می‌سازند؛ سناریویی که در آن معترضان یا «عوامل موساد» ماشه را می‌کشند تا راه برای کشتار مردم باز شود. این روایت‌ها عامدانه عاملیت معترضان و واقعیت خشم,"Yesterday's shy defenders of the Islamic Republic regime have thrown down their masks after seeing the revolutionary uprising of the Iranian people. Without any documents, they create a ""Trump Plan"" scenario; A scenario where protesters or ""Mossad agents"" pull the trigger to open the way for people to be killed. These narratives are intentional about the agency of the protesters and the reality of anger"
2007009653616456018,ahmadsamadi1974,2026-01-02 08:42:44.515000+00:00,"فوری// دونالد ترامپ جمهوری اسلامی را درباره کشتار معترضان، به اقدام نظامی تهدید کرد. 
رییس جمهور #آمریکا در شبکه اجتماعی تروث‌سوشال نوشت: «اگر ایران به معترضان مسالمت‌جو شلیک کند و آن‌ها را به‌طور خشونت‌آمیز بکشد ــ که روال همیشگی آن‌هاست ــ ایالات متحده آمریکا به کمک آن‌ها",0,0,0,https://x.com/AhmadSamadi1974/status/2007009653616456018,"فوری// دونالد ترامپ جمهوری اسلامی را درباره کشتار معترضان، به اقدام نظامی تهدید کرد. 
رییس جمهور #آمریکا در شبکه اجتماعی تروث‌سوشال نوشت: «اگر ایران به معترضان مسالمت‌جو شلیک کند و آن‌ها را به‌طور خشونت‌آمیز بکشد ــ که روال همیشگی آن‌هاست ــ ایالات متحده آمریکا به کمک آن‌ها","Urgent// Donald Trump threatened the Islamic Republic with military action regarding the killing of protesters. 
The US President wrote on the TruthSocial social network: ""If Iran shoots peaceful protesters and kills them violently - which is their usual routine - the United States of America will help them."
2006079121877549195,ahmadsamadi1974,2025-12-30 19:05:08.460000+00:00,"هم‌میهنان آگاه و دلاور،

حضور شما در خیابان‌های سراسر ایران، نوید آتش انقلاب ملی را برافروخته است. تداوم و گسترش این حضور و تسخیر خیابان، امروز، اولویت نخست و حیاتی ماست.

از عموم مردم‌ ایران می‌خواهم که با اعتصابات و اعتراضات سراسری همراهی کنید: کارکنان دولت، کارگران بخش انرژی و",0,0,0,https://x.com/PahlaviReza/status/2006079121877549195,"هم‌میهنان آگاه و دلاور،

حضور شما در خیابان‌های سراسر ایران، نوید آتش انقلاب ملی را برافروخته است. تداوم و گسترش این حضور و تسخیر خیابان، امروز، اولویت نخست و حیاتی ماست.

از عموم مردم‌ ایران می‌خواهم که با اعتصابات و اعتراضات سراسری همراهی کنید: کارکنان دولت، کارگران بخش انرژی و","Informed and brave compatriots,

Your presence in the streets of Iran has ignited the fire of the national revolution. Continuation and expansion of this presence and conquering the street is our first and vital priority today.

I ask the general public of Iran to accompany the nationwide strikes and protests: government employees, energy sector workers and"
2005594923475546587,ahmadsamadi1974,2025-12-29 11:01:06.565000+00:00,"خبرگزاری امنیتی فارس با این مطلب منتسب به وزارت اطلاعات بیش از آن‌که «تحلیل امنیتی» ارائه بدهد، از آماده سازی برای سرکوب شدید اعتراضات بازاریان و مردم ایران خبر می‌دهد.
امنیتی‌سازی اعتراضات صنفی و مفاهیمی مثل «هسته‌های کوچک» و «امنیت‌زدایی» دقیقاً همان الگویی است که پیش از این در",0,0,0,https://x.com/AhmadSamadi1974/status/2005594923475546587,"خبرگزاری امنیتی فارس با این مطلب منتسب به وزارت اطلاعات بیش از آن‌که «تحلیل امنیتی» ارائه بدهد، از آماده سازی برای سرکوب شدید اعتراضات بازاریان و مردم ایران خبر می‌دهد.
امنیتی‌سازی اعتراضات صنفی و مفاهیمی مثل «هسته‌های کوچک» و «امنیت‌زدایی» دقیقاً همان الگویی است که پیش از این در","Fars Security News Agency, with this article attributed to the Ministry of Information, rather than providing a ""security analysis"", informs about the preparation for the severe suppression of the protests of the marketers and the people of Iran.
The securitization of union protests and concepts such as ""small nuclei"" and ""de-securitization"" is exactly the same pattern as before in"
2000984049548931320,ahmadsamadi1974,2025-12-16 17:39:08.555000+00:00,همان‌طور که در پیام ویدئویی اخیر خطاب به هم‌میهنان و مردم شجاع مشهد گفتم، تک‌تک افرادی که در مراسم یادبود زنده‌یاد خسرو علی‌کردی بازداشت شده‌اند باید بدون قید و شرط آزاد شوند. ما همچنان این موضوع را پیگیری می‌کنیم و از همه نهادها و گروه‌های حقوق بشری نیز می‌خواهم با راه‌اندازی,0,0,0,https://x.com/PahlaviReza/status/2000984049548931320,همان‌طور که در پیام ویدئویی اخیر خطاب به هم‌میهنان و مردم شجاع مشهد گفتم، تک‌تک افرادی که در مراسم یادبود زنده‌یاد خسرو علی‌کردی بازداشت شده‌اند باید بدون قید و شرط آزاد شوند. ما همچنان این موضوع را پیگیری می‌کنیم و از همه نهادها و گروه‌های حقوق بشری نیز می‌خواهم با راه‌اندازی,"As I said in a recent video message to the brave people of Mashhad, every single person who was arrested during the commemoration ceremony of Khosrow Ali Kurdi should be released unconditionally. We are still following up on this issue and I ask all human rights institutions and groups to start"
1998735975208378672,ahmadsamadi1974,2025-12-10 12:46:05.865000+00:00,"Jüdischer Abgeordneter im Iran zum Verhör einbestellt. 
Humajun Sameh Jah, der jüdische Vertreter im iranischen Parlament, ist von Sicherheitsbehörden zu einem Verhör vorgeladen worden. Er warnte daraufhin die jüdische Gemeinde eindringlich davor, Inhalte mit Israel-Bezug zu",0,0,0,https://x.com/AhmadSamadi1974/status/1998735975208378672,"Jüdischer Abgeordneter im Iran zum Verhör einbestellt. 
Humajun Sameh Jah, der jüdische Vertreter im iranischen Parlament, ist von Sicherheitsbehörden zu einem Verhör vorgeladen worden. Er warnte daraufhin die jüdische Gemeinde eindringlich davor, Inhalte mit Israel-Bezug zu","Jewish MP in Iran summoned for questioning. 
Humajun Sameh Jah, the Jewish representative in the Iranian parliament, has been summoned for questioning by security authorities. He then urgently warned the Jewish community not to include content related to Israel"
1997445825572802906,ahmadsamadi1974,2025-12-06 23:19:30.222000+00:00,"مهم// وزیر خارجه لبنان : دعوت عراقچی را برای سفر به تهران نخواهم پذیرفت. 
به گفته گزارشگر تلویزیون لبنان: مورگان اورتگاس فرستاده ویژه ایالات متحده از یوسف رَجّی وزیر امور خارجه #لبنان پرسیده که آیا آماده است دعوت عباس عراقچی، وزیر امور خارجه ایران را برای دیدار در تهران بپذیرد",0,0,0,https://x.com/AhmadSamadi1974/status/1997445825572802906,"مهم// وزیر خارجه لبنان : دعوت عراقچی را برای سفر به تهران نخواهم پذیرفت. 
به گفته گزارشگر تلویزیون لبنان: مورگان اورتگاس فرستاده ویژه ایالات متحده از یوسف رَجّی وزیر امور خارجه #لبنان پرسیده که آیا آماده است دعوت عباس عراقچی، وزیر امور خارجه ایران را برای دیدار در تهران بپذیرد","Important// Foreign Minister of Lebanon: I will not accept Araghchi's invitation to visit Tehran. 
According to the Lebanese TV reporter: Morgan Ortegas, the special envoy of the United States, asked Youssef Raji, the Minister of Foreign Affairs of #Lebanon, if he is ready to accept the invitation of Abbas Araghchi, the Minister of Foreign Affairs of Iran, for a meeting in Tehran."
1995849273661956450,ahmadsamadi1974,2025-12-02 13:35:22.584000+00:00,"Mullah-Regime verweigert deutschen Diplomaten das Visum!

Wie 
@AhmadSamadi1974
 berichtet, erklärt das Auswärtige Amt, dass die Islamische Republik Iran deutschen Diplomaten weder Visa noch Arbeitserlaubnisse ausstellt.

Wegen dieser Beschränkungen kann die deutsche Botschaft in",0,0,0,https://x.com/ISefati/status/1995849273661956450,"Mullah-Regime verweigert deutschen Diplomaten das Visum!

Wie 
@AhmadSamadi1974
 berichtet, erklärt das Auswärtige Amt, dass die Islamische Republik Iran deutschen Diplomaten weder Visa noch Arbeitserlaubnisse ausstellt.

Wegen dieser Beschränkungen kann die deutsche Botschaft in","Mullah regime denies visa to German diplomats!

Like 
@AhmadSamadi1974
 reports, the Foreign Office explains that the Islamic Republic of Iran does not issue visas or work permits to German diplomats.

Because of these restrictions, the German embassy in"
1995843919930671141,ahmadsamadi1974,2025-12-02 13:14:06.155000+00:00," فوری// فدریکا موگرینی به اتهام فساد مالی بازداشت شد 
رئیس پیشین دستگاه سیاست خارجی اتحادیه اروپا که ریاست کالج اروپا را برعهده دارد به همراه دو نفر دیگر به اتهام سوء استفاده از بودجه‌های اتحادیه اروپا توسط پلیس بلژیک بازداشت شده است. 
موگرینی در مذاکرات برجام نقش مهمی برعهده",0,0,0,https://x.com/AhmadSamadi1974/status/1995843919930671141," فوری// فدریکا موگرینی به اتهام فساد مالی بازداشت شد 
رئیس پیشین دستگاه سیاست خارجی اتحادیه اروپا که ریاست کالج اروپا را برعهده دارد به همراه دو نفر دیگر به اتهام سوء استفاده از بودجه‌های اتحادیه اروپا توسط پلیس بلژیک بازداشت شده است. 
موگرینی در مذاکرات برجام نقش مهمی برعهده","Urgent// Federica Mogherini was arrested on charges of financial corruption 
The former head of the European Union's foreign policy body, who heads the College of Europe, has been arrested by Belgian police, along with two other people, on charges of misusing EU funds. 
Mogherini plays an important role in JCPOA negotiations"
1991497203509260608,ahmadsamadi1974,2025-11-20 13:21:48.202000+00:00,"BREAKING: Iran Says Cairo Understanding Is Dead — in reaction to the Western-backed resolution at the IAEA Board of Governors.
Iran FM Abbas Araghchi said: This move disrupts the entire Iran–IAEA interaction framework.”
#Iran #IAEA",0,0,0,https://x.com/AhmadSamadi1974/status/1991497203509260608,"BREAKING: Iran Says Cairo Understanding Is Dead — in reaction to the Western-backed resolution at the IAEA Board of Governors.
Iran FM Abbas Araghchi said: This move disrupts the entire Iran–IAEA interaction framework.”
#Iran #IAEA","BREAKING: Iran Says Cairo Understanding Is Dead — in reaction to the Western-backed resolution at the IAEA Board of Governors.
Iran FM Abbas Araghchi said: This move disrupts the entire Iran–IAEA interaction framework.”
#Iran #IAEA"
1991459936895733972,ahmadsamadi1974,2025-11-20 10:53:43.149000+00:00,"فوری/// قعطنامه سه کشور اروپایی آلمان فرانسه ، بریتانیا و ایالات متحده علیه برنامه هسته ای ایران با ۱۹ رای مثبت ۳ رای منفی و‌۱۲ رای ممتنع تصویب شد. 
این قطعنامه از جمهوری اسلامی می‌خواهد فورا با آژانس بین‌المللی انرژی اتمی همکاری و ‌امکان بازرسی فوری از تاسیسات هسته‌ای بمباران",0,0,0,https://x.com/AhmadSamadi1974/status/1991459936895733972,"فوری/// قعطنامه سه کشور اروپایی آلمان فرانسه ، بریتانیا و ایالات متحده علیه برنامه هسته ای ایران با ۱۹ رای مثبت ۳ رای منفی و‌۱۲ رای ممتنع تصویب شد. 
این قطعنامه از جمهوری اسلامی می‌خواهد فورا با آژانس بین‌المللی انرژی اتمی همکاری و ‌امکان بازرسی فوری از تاسیسات هسته‌ای بمباران","Urgent/// The resolution of the three European countries Germany, France, Britain and the United States against Iran's nuclear program was approved with 19 positive votes, 3 negative votes and 12 abstentions. 
This resolution asks the Islamic Republic to immediately cooperate with the International Atomic Energy Agency and the possibility of an immediate inspection of the bombardment nuclear facilities."
1988735640889106698,ahmadsamadi1974,2025-11-12 22:28:20.366000+00:00,"مقاله تحلیلی من: آمادگی بانک‌های اروپایی برای «روز نامعلوم»
هم‌زمانی تحرکات نظامی آمریکا و اسرائیل با احتیاط مالی بانک‌های اروپایی؛ نشانه‌ای از آماده‌سازی دو جبهه برای رویارویی احتمالی مستقیم با ایران است.
 #بانک #آمریکا #اسراییل #ایران",0,0,0,https://x.com/AhmadSamadi1974/status/1988735640889106698,"مقاله تحلیلی من: آمادگی بانک‌های اروپایی برای «روز نامعلوم»
هم‌زمانی تحرکات نظامی آمریکا و اسرائیل با احتیاط مالی بانک‌های اروپایی؛ نشانه‌ای از آماده‌سازی دو جبهه برای رویارویی احتمالی مستقیم با ایران است.
 #بانک #آمریکا #اسراییل #ایران","My analytical article: Preparation of European banks for the ""unknown day""
The simultaneous military movements of America and Israel with the financial prudence of European banks; It is a sign of two fronts preparing for a possible direct confrontation with Iran.
 #Bank of #America #Israel #Iran"
1988178280080409012,ahmadsamadi1974,2025-11-11 09:33:35.194000+00:00,"هشدار امنیتی برای کاربران سامسونگ
پژوهشگران امنیتی از وجود یک آسیب‌پذیری «روز صفر» خبر داده‌اند که از طریق پیام‌های واتس‌اپ برای نصب جاسوس‌افزار LANDFALL روی برخی گوشی‌های Samsung Galaxy استفاده می‌شود. قربانی ممکن است بدون نصب هیچ اپ مشکوکی آلوده شود!

اما چه باید گرد؟
۱/۳",0,0,0,https://x.com/Ammir/status/1988178280080409012,"هشدار امنیتی برای کاربران سامسونگ
پژوهشگران امنیتی از وجود یک آسیب‌پذیری «روز صفر» خبر داده‌اند که از طریق پیام‌های واتس‌اپ برای نصب جاسوس‌افزار LANDFALL روی برخی گوشی‌های Samsung Galaxy استفاده می‌شود. قربانی ممکن است بدون نصب هیچ اپ مشکوکی آلوده شود!

اما چه باید گرد؟
۱/۳","Security warning for Samsung users
Security researchers have reported the existence of a ""zero-day"" vulnerability that is used to install LANDFALL spyware on some Samsung Galaxy phones through WhatsApp messages. The victim may be infected without installing any suspicious app!

But what should round?
1/3"
1981761090036895970,ahmadsamadi1974,2025-10-24 16:33:57.862000+00:00,"BREAKING: The #FATF has updated its public statement on #Iran, reaffirming that Iran remains on the blacklist and urging all jurisdictions to apply effective counter-measures against money laundering and terror financing risks. #FATFBlackList #IranSanctions",0,0,0,https://x.com/AhmadSamadi1974/status/1981761090036895970,"BREAKING: The #FATF has updated its public statement on #Iran, reaffirming that Iran remains on the blacklist and urging all jurisdictions to apply effective counter-measures against money laundering and terror financing risks. #FATFBlackList #IranSanctions","BREAKING: The #FATF has updated its public statement on #Iran, reaffirming that Iran remains on the blacklist and urging all jurisdictions to apply effective counter-measures against money laundering and terror financing risks. #FATFBlackList #IranSanctions"
1981760667066700261,ahmadsamadi1974,2025-10-24 16:32:17.018000+00:00,فوری// ایران‌باز هم در فهرست سیاه گروه اقدام مالی FATF باقی ماند. در بیانیه ریاست  گروه اقدام مالی بار دیگر تأکید شده است #ایران همچنان در فهرست سیاه قرار دارد و از تمام کشورها می‌خواهد اقدامات مقابله‌ای مؤثر علیه این کشور را اجرا کنند . #اف_ای_تی_اف,0,0,0,https://x.com/AhmadSamadi1974/status/1981760667066700261,فوری// ایران‌باز هم در فهرست سیاه گروه اقدام مالی FATF باقی ماند. در بیانیه ریاست  گروه اقدام مالی بار دیگر تأکید شده است #ایران همچنان در فهرست سیاه قرار دارد و از تمام کشورها می‌خواهد اقدامات مقابله‌ای مؤثر علیه این کشور را اجرا کنند . #اف_ای_تی_اف,"Urgent// Iran remained on the blacklist of the FATF Financial Action Task Force. In the statement of the head of the financial action group, it has been emphasized once again that #Iran is still on the black list and calls on all countries to implement effective countermeasures against this country. #FTF"
1981403515982332047,ahmadsamadi1974,2025-10-23 16:53:05.564000+00:00,"گزارش اختصاصی من از بازداشت و زندان دانشمند هسته‌ای ایرانی و کارمند آژانس بین‌المللی انرژی اتمی به اتهام جاسوسی برای بریتانیا. دکتر #امیررضا_جلیلیان مدیر سابق طرح ملی #رادیو_داروها در ایران به ۱۰ سال زندان محکوم شده است.
همسر دکتر جلیلیان می‌گوید او از مرداد پارسال در",0,0,0,https://x.com/AhmadSamadi1974/status/1981403515982332047,"گزارش اختصاصی من از بازداشت و زندان دانشمند هسته‌ای ایرانی و کارمند آژانس بین‌المللی انرژی اتمی به اتهام جاسوسی برای بریتانیا. دکتر #امیررضا_جلیلیان مدیر سابق طرح ملی #رادیو_داروها در ایران به ۱۰ سال زندان محکوم شده است.
همسر دکتر جلیلیان می‌گوید او از مرداد پارسال در","My exclusive report on the arrest and imprisonment of an Iranian nuclear scientist and an employee of the International Atomic Energy Agency on charges of spying for Britain. Dr. Amirreza Jalilian, the former director of the National Radio Medicine Project in Iran, has been sentenced to 10 years in prison.
Dr. Jalilian's wife says that she has been in the hospital since August last year"
1981375976010375545,ahmadsamadi1974,2025-10-23 15:03:39.523000+00:00," My exclusive report: Iran has sentenced a former IAEA scientist to 10 years in prison for allegedly spying for the UK.
While Amir Reza Jalilian has been imprisoned since August last year, neither the IAEA nor Iranian authorities have commented on his case.
@rafaelmgrossi
 ",0,0,0,https://x.com/AhmadSamadi1974/status/1981375976010375545," My exclusive report: Iran has sentenced a former IAEA scientist to 10 years in prison for allegedly spying for the UK.
While Amir Reza Jalilian has been imprisoned since August last year, neither the IAEA nor Iranian authorities have commented on his case.
@rafaelmgrossi
 ","My exclusive report: Iran has sentenced a former IAEA scientist to 10 years in prison for allegedly spying for the UK.
While Amir Reza Jalilian has been imprisoned since August last year, neither the IAEA nor Iranian authorities have commented on his case.
@rafaelmgrossi"
1980358499096768559,ahmadsamadi1974,2025-10-20 19:40:34.123000+00:00," مهم// جمهوری اسلامی ساخت و ساز در  تاسیسات هسته‌ای مرتبط با توسعه تسلیحات هسته‌ای را از سرگرفته است. 
موسسه علوم و امنیت بین الملل با انتشار تصاویر ماهواره‌ای جدید اعلام کرد ساخت و ساز جدیدی در سایت طالقان ۲ که در گذشته بخشی از برنامه آماد( برنامه هسته‌ای نطامی ایران) بود از",0,0,0,https://x.com/AhmadSamadi1974/status/1980358499096768559," مهم// جمهوری اسلامی ساخت و ساز در  تاسیسات هسته‌ای مرتبط با توسعه تسلیحات هسته‌ای را از سرگرفته است. 
موسسه علوم و امنیت بین الملل با انتشار تصاویر ماهواره‌ای جدید اعلام کرد ساخت و ساز جدیدی در سایت طالقان ۲ که در گذشته بخشی از برنامه آماد( برنامه هسته‌ای نطامی ایران) بود از","Important// The Islamic Republic has resumed the construction of nuclear facilities related to the development of nuclear weapons. 
With the release of new satellite images, the Institute of Science and International Security announced a new construction at the Taleghan 2 site, which in the past was part of the Amad program (Iran's nuclear program)."
1976214739576389932,ahmadsamadi1974,2025-10-09 09:14:44.866000+00:00," Cherchez la Femme!! 
An investigative documentary by 
@GKDJournalisten
 , aired on 
@ZDFheute
 , traces the trail of Iran’s sanctioned oil sales to Berlin — revealing hidden networks and alleged links to Tehran’s defense ministry. 
#Iran #ZDF #Sanctions #oil",0,0,0,https://x.com/AhmadSamadi1974/status/1976214739576389932," Cherchez la Femme!! 
An investigative documentary by 
@GKDJournalisten
 , aired on 
@ZDFheute
 , traces the trail of Iran’s sanctioned oil sales to Berlin — revealing hidden networks and alleged links to Tehran’s defense ministry. 
#Iran #ZDF #Sanctions #oil","Cherchez la Femme!! 
An investigative documentary by 
@GKDJournalisten
 , aired on 
@ZDFheute
 , traces the trail of Iran’s sanctioned oil sales to Berlin — revealing hidden networks and alleged links to Tehran’s defense ministry. 
#Iran #ZDF #Sanctions #oil"
1976035327044374713,ahmadsamadi1974,2025-10-08 21:21:49.585000+00:00,"So, are these the same “top-secret” documents IR intelligence minister bragged about stealing from Israel? #blowhard",0,0,0,https://x.com/AhmadSamadi1974/status/1976035327044374713,"So, are these the same “top-secret” documents IR intelligence minister bragged about stealing from Israel? #blowhard","So, are these the same “top-secret” documents IR intelligence minister bragged about stealing from Israel? #blowhard"
1975565290927743065,ahmadsamadi1974,2025-10-07 14:14:04.242000+00:00,"دولت آلمان برای شهروندان ایرانی مصونیت‌های تحریمی در نظر گرفته است .

وزارت امور خارجه #آلمان به #ایران_اینترنشنال گفت:در این مصونیت ها آستانه‌هایی مشخص یا امکان صدور مجوز در نظر گرفته‌ شده تا برخی تراکنش‌ها امکان‌پذیر باشد.بر همین اساس انتقال پول به شهروندان ایرانی در حجم",0,0,0,https://x.com/AhmadSamadi1974/status/1975565290927743065,"دولت آلمان برای شهروندان ایرانی مصونیت‌های تحریمی در نظر گرفته است .

وزارت امور خارجه #آلمان به #ایران_اینترنشنال گفت:در این مصونیت ها آستانه‌هایی مشخص یا امکان صدور مجوز در نظر گرفته‌ شده تا برخی تراکنش‌ها امکان‌پذیر باشد.بر همین اساس انتقال پول به شهروندان ایرانی در حجم","The German government has considered immunity from sanctions for Iranian citizens.

The Ministry of Foreign Affairs of #Germany told #Iran_International: In these immunities, specific thresholds or the possibility of issuing licenses are considered so that some transactions are possible. Based on this, the transfer of money to Iranian citizens in the amount"
1973513527043240300,ahmadsamadi1974,2025-10-01 22:21:05.612000+00:00," Breaking: Erdogan orders asset freeze on Iran. 
Türkiye freezes assets of dozens of Iranian entities tied to uranium enrichment — incl. Atomic Energy Org. & banks — in step with new US sanctions.
A major escalation in pressure on Tehran’s nuclear program.

#Iran #Sanctions",0,0,0,https://x.com/AhmadSamadi1974/status/1973513527043240300," Breaking: Erdogan orders asset freeze on Iran. 
Türkiye freezes assets of dozens of Iranian entities tied to uranium enrichment — incl. Atomic Energy Org. & banks — in step with new US sanctions.
A major escalation in pressure on Tehran’s nuclear program.

#Iran #Sanctions","Breaking: Erdogan orders asset freeze on Iran. 
Türkiye freezes assets of dozens of Iranian entities tied to uranium enrichment — incl. Atomic Energy Org. & banks — in step with new US sanctions.
A major escalation in pressure on Tehran’s nuclear program.

#Iran #Sanctions"
1973512671900344833,ahmadsamadi1974,2025-10-01 22:17:41.730000+00:00," مهم// اردوغان دستور مسدود سازی اموال و‌دارایی‌های ایران را صادر کرد . 
رسانه‌های ترکیه اعلام کردند دولت این کشور در همراهی با تحریم‌های آمریکا ، چهارشنبه دارایی‌های شمار زیادی از افراد و نهادهای مرتبط با فعالیت‌های غنی‌سازی اورانیوم ایران را مسدود کرد؛ اقدامی هماهنگ با تلاش",0,0,0,https://x.com/AhmadSamadi1974/status/1973512671900344833," مهم// اردوغان دستور مسدود سازی اموال و‌دارایی‌های ایران را صادر کرد . 
رسانه‌های ترکیه اعلام کردند دولت این کشور در همراهی با تحریم‌های آمریکا ، چهارشنبه دارایی‌های شمار زیادی از افراد و نهادهای مرتبط با فعالیت‌های غنی‌سازی اورانیوم ایران را مسدود کرد؛ اقدامی هماهنگ با تلاش","Important// Erdoğan ordered the freezing of Iranian assets. 
Turkish media announced that the government of this country, along with the US sanctions, on Wednesday blocked the assets of a large number of individuals and institutions related to Iran's uranium enrichment activities; A concerted action with effort"
1973353707661308259,ahmadsamadi1974,2025-10-01 11:46:01.702000+00:00,مصاحبه من با یک ایرانی دو‌تابعیتی که به #ایران سفر کرد و بازداشت و #شکنجه شد. رضا شهری عطر ساز و‌ شاغل در بخش زیبایی می‌گوید بازجویان وزارت اطلاعات او را مجبور می‌کردند به خط عبری بنویسد … گزارش را در لینک یوتیوب زیر ببینید…,0,0,0,https://x.com/AhmadSamadi1974/status/1973353707661308259,مصاحبه من با یک ایرانی دو‌تابعیتی که به #ایران سفر کرد و بازداشت و #شکنجه شد. رضا شهری عطر ساز و‌ شاغل در بخش زیبایی می‌گوید بازجویان وزارت اطلاعات او را مجبور می‌کردند به خط عبری بنویسد … گزارش را در لینک یوتیوب زیر ببینید…,"My interview with a dual-citizen Iranian who traveled to #Iran and was detained and #tortured. Reza Shahri, a perfume maker and working in the beauty department, says that the interrogators of the Ministry of Information forced him to write in Hebrew... see the report in the YouTube link below..."
1972763488939581593,ahmadsamadi1974,2025-09-29 20:40:42.593000+00:00,"Everyone has accepted the deal. Hamas is the only one left. If they reject the deal, Israel has my full backing to finish off Hamas.",0,0,0,https://x.com/mdubowitz/status/1972763488939581593,"Everyone has accepted the deal. Hamas is the only one left. If they reject the deal, Israel has my full backing to finish off Hamas.","Everyone has accepted the deal. Hamas is the only one left. If they reject the deal, Israel has my full backing to finish off Hamas."
1972586667404837365,ahmadsamadi1974,2025-09-29 08:58:05.054000+00:00," فوری// اتحادیه اروپا: دارایی‌های بانک مرکزی ایران مسدود و پروازهای باری ایرانی به اروپا ممنوع شد.
براساس بیانیه اتحادیه #اروپا: تدابیر بازاعمال‌شده شامل ممنوعیت سفر و مسدود شدن دارایی‌ها برای افراد و نهادهای مرتبط، تحریم‌های اقتصادی و مالی در بخش‌های تجاری، بانکی و حمل‌ونقل",0,0,0,https://x.com/AhmadSamadi1974/status/1972586667404837365," فوری// اتحادیه اروپا: دارایی‌های بانک مرکزی ایران مسدود و پروازهای باری ایرانی به اروپا ممنوع شد.
براساس بیانیه اتحادیه #اروپا: تدابیر بازاعمال‌شده شامل ممنوعیت سفر و مسدود شدن دارایی‌ها برای افراد و نهادهای مرتبط، تحریم‌های اقتصادی و مالی در بخش‌های تجاری، بانکی و حمل‌ونقل","Urgent// European Union: The assets of the Central Bank of Iran were frozen and Iranian cargo flights to Europe were banned.
According to the statement of the #European Union: the re-imposed measures include travel bans and freezing of assets for related individuals and entities, economic and financial sanctions in the commercial, banking and transportation sectors."
1972419324838023469,ahmadsamadi1974,2025-09-28 21:53:07.477000+00:00," UN confirms reactivation of sanctions on Iran

Pursuant to the process set forth in paragraphs 11 and 12 of Security Council resolution 2231 (2015), effective on 27 September at 8 p.m. Eastern Daylight Time, all provisions of resolutions 1696 (2006), 1737 (2006), 1747",0,0,0,https://x.com/AhmadSamadi1974/status/1972419324838023469," UN confirms reactivation of sanctions on Iran

Pursuant to the process set forth in paragraphs 11 and 12 of Security Council resolution 2231 (2015), effective on 27 September at 8 p.m. Eastern Daylight Time, all provisions of resolutions 1696 (2006), 1737 (2006), 1747","UN confirms reactivation of sanctions on Iran

Pursuant to the process set forth in paragraphs 11 and 12 of Security Council resolution 2231 (2015), effective on 27 September at 8 p.m. Eastern Daylight Time, all provisions of resolutions 1696 (2006), 1737 (2006), 1747"
1972418529530884358,ahmadsamadi1974,2025-09-28 21:49:57.861000+00:00," سازمان ملل متحد یکشنبه تأیید کرد که تحریم‌ها علیه #ایران دوباره فعال شده‌اند.
در بیانیه دبیرخانه سازمان ملل آمده است: بر اساس روند مقرر در بندهای ۱۱ و ۱۲ قطعنامه ۲۲۳۱ شورای امنیت (۲۰۱۵)، از تاریخ ۲۷ سپتامبر ساعت ۸ شب به وقت ساحل شرقی ایالات متحده، تمامی مفاد قطعنامه‌های ۱۶۹۶",0,0,0,https://x.com/AhmadSamadi1974/status/1972418529530884358," سازمان ملل متحد یکشنبه تأیید کرد که تحریم‌ها علیه #ایران دوباره فعال شده‌اند.
در بیانیه دبیرخانه سازمان ملل آمده است: بر اساس روند مقرر در بندهای ۱۱ و ۱۲ قطعنامه ۲۲۳۱ شورای امنیت (۲۰۱۵)، از تاریخ ۲۷ سپتامبر ساعت ۸ شب به وقت ساحل شرقی ایالات متحده، تمامی مفاد قطعنامه‌های ۱۶۹۶","The United Nations confirmed on Sunday that sanctions against #Iran have been reactivated.
The statement of the United Nations Secretariat states: Based on the procedure set forth in paragraphs 11 and 12 of the Security Council Resolution 2231 (2015), from September 27 at 8:00 PM East Coast Time of the United States, all the provisions of Resolutions 1696"
1971656882772176925,ahmadsamadi1974,2025-09-26 19:23:27.123000+00:00,"فوری تحریم‌های سازمان ملل علیه ایران بازمی‌گردد
آخرین تلاش‌ها برای جلوگیری از بازگشت تحریم‌ها شکست خورد. از نیمه‌شب شنبه ۵ مهر ۱۴۰۴، شش قطعنامه شورای امنیت دوباره اجرا می‌شود. همه کشورها، حتی روسیه و چین، موظف به اجرای آن هستند

#ایران #تحریم #شورای_امنیت #UN #IranSanctions",0,0,0,https://x.com/AhmadSamadi1974/status/1971656882772176925,"فوری تحریم‌های سازمان ملل علیه ایران بازمی‌گردد
آخرین تلاش‌ها برای جلوگیری از بازگشت تحریم‌ها شکست خورد. از نیمه‌شب شنبه ۵ مهر ۱۴۰۴، شش قطعنامه شورای امنیت دوباره اجرا می‌شود. همه کشورها، حتی روسیه و چین، موظف به اجرای آن هستند

#ایران #تحریم #شورای_امنیت #UN #IranSanctions","UN sanctions against Iran will return immediately
Last efforts to prevent the return of sanctions failed. Six resolutions of the Security Council will be implemented again from midnight on Saturday, October 5, 1404. All countries, even Russia and China, are obliged to implement it

#Iran #Sanctions #Security_Council #UN #IranSanctions"
1971523375764832743,ahmadsamadi1974,2025-09-26 10:32:56.572000+00:00," اروپا طرح دقیقه‌نودی ایران را رد کرد 
روزنامه گاردین نوشت که سه کشور اروپایی پیشنهاد دقیقه نودی جمهوری اسلامی را برای دادن دسترسی محدود به بازرسان آژانس بین‌المللی انرژی اتمی به یکی از سایت‌های هسته‌ای بمباران‌شده رد کردند.
به گزارش این روزنامه، #عباس_عراقچی وعده داده بود",0,0,0,https://x.com/AhmadSamadi1974/status/1971523375764832743," اروپا طرح دقیقه‌نودی ایران را رد کرد 
روزنامه گاردین نوشت که سه کشور اروپایی پیشنهاد دقیقه نودی جمهوری اسلامی را برای دادن دسترسی محدود به بازرسان آژانس بین‌المللی انرژی اتمی به یکی از سایت‌های هسته‌ای بمباران‌شده رد کردند.
به گزارش این روزنامه، #عباس_عراقچی وعده داده بود","Europe rejected Iran's minute plan 
The Guardian newspaper wrote that three European countries rejected the Islamic Republic's 90-minute proposal to give limited access to the inspectors of the International Atomic Energy Agency to one of the bombed nuclear sites.
According to this newspaper, #Abbas_Eraqchi had promised"
1971290535072784802,ahmadsamadi1974,2025-09-25 19:07:43.025000+00:00,"الیزابت هاگ‌دورن خبرنگار المانیتور : یک دیپلمات ارشد اروپایی برای من نوشته که گفتگوها شکست خورد و اسنپ بک (بازگشت تحریمها) رخ خواهد داد. 
پ‌ن: اگر چنین باشد از شنبه همه تحریمهای مندرج در شش قطعنامه شورای امنیت علیه ایران برمی‌گردد.  
#مکانیسم_ماشه #تحریم #ایران",0,0,0,https://x.com/AhmadSamadi1974/status/1971290535072784802,"الیزابت هاگ‌دورن خبرنگار المانیتور : یک دیپلمات ارشد اروپایی برای من نوشته که گفتگوها شکست خورد و اسنپ بک (بازگشت تحریمها) رخ خواهد داد. 
پ‌ن: اگر چنین باشد از شنبه همه تحریمهای مندرج در شش قطعنامه شورای امنیت علیه ایران برمی‌گردد.  
#مکانیسم_ماشه #تحریم #ایران","Al-Monitor reporter Elizabeth Hagedorn: A senior European diplomat wrote to me that the talks have failed and there will be a snap back. 
P.N.: If this is the case, all the sanctions contained in six Security Council resolutions against Iran will return from Saturday.  
#trigger_mechanism #sanction #Iran"
1970480393703838173,ahmadsamadi1974,2025-09-23 13:28:30.271000+00:00," آلمان: شانس دست یابی به راه حل دیپلماتیک درباره موضوع هسته‌ای ایران به طور فوق‌العاده‌ای اندک است. 
یوهان واده‌فول در حاشیه هشتادمین مجمع عمومی سازمان ملل با بیان اینکه به منظور واداشتن تهران به ارائه امتیازهای مورد درخواست برسر برنامه هسته‌ای ایران ، اروپایی‌ها سه‌شنبه نشستی",0,0,0,https://x.com/AhmadSamadi1974/status/1970480393703838173," آلمان: شانس دست یابی به راه حل دیپلماتیک درباره موضوع هسته‌ای ایران به طور فوق‌العاده‌ای اندک است. 
یوهان واده‌فول در حاشیه هشتادمین مجمع عمومی سازمان ملل با بیان اینکه به منظور واداشتن تهران به ارائه امتیازهای مورد درخواست برسر برنامه هسته‌ای ایران ، اروپایی‌ها سه‌شنبه نشستی","Germany: The chances of achieving a diplomatic solution to the Iranian nuclear issue are extremely small. 
Yohan Wadhful, on the sidelines of the 80th United Nations General Assembly, stated that in order to force Tehran to present the requested concessions on Iran's nuclear program, the Europeans sat down on Tuesday."
1969778254840996266,ahmadsamadi1974,2025-09-21 14:58:27.321000+00:00,"Iranian media report that FM Abbas Araghchi is heading to Vienna to meet his counterparts from the E3.

#Iran #Vienna #NuclearTalks #EU",0,0,0,https://x.com/AhmadSamadi1974/status/1969778254840996266,"Iranian media report that FM Abbas Araghchi is heading to Vienna to meet his counterparts from the E3.

#Iran #Vienna #NuclearTalks #EU","Iranian media report that FM Abbas Araghchi is heading to Vienna to meet his counterparts from the E3.

#Iran #Vienna #NuclearTalks #EU"
1969046937778155541,ahmadsamadi1974,2025-09-19 14:32:27.746000+00:00,"فوری// شورای امنیت به فعال سازی مکانیسم ماشه رای داد. 
شورای امنیت سازمان ملل به ادامه تعلیق تحریم‌های #ایران رای نداد و مکانیسم ماشه فعال و همه تحریمهای سازمان ممل طبق شش قطعنانه قبلی که تعلیق شده بودند مجددا اعمال خواهد شد. 
نتایج رای گیری جلسه شورای امنیت 
۴ رای  موافق 
۹",0,0,0,https://x.com/AhmadSamadi1974/status/1969046937778155541,"فوری// شورای امنیت به فعال سازی مکانیسم ماشه رای داد. 
شورای امنیت سازمان ملل به ادامه تعلیق تحریم‌های #ایران رای نداد و مکانیسم ماشه فعال و همه تحریمهای سازمان ممل طبق شش قطعنانه قبلی که تعلیق شده بودند مجددا اعمال خواهد شد. 
نتایج رای گیری جلسه شورای امنیت 
۴ رای  موافق 
۹","Urgent// The Security Council voted to activate the trigger mechanism. 
The UN Security Council did not vote to continue the suspension of #Iran sanctions and the active trigger mechanism and all UN sanctions will be re-applied according to the previous six resolutions that were suspended. 
Voting results of the Security Council meeting 
4 votes in favor 
9"
1969023996055187930,ahmadsamadi1974,2025-09-19 13:01:18.013000+00:00,باراک راوید خبرنگار آکسیوس می‌گوید: مقام‌های اروپایی به من گفتند که پیشنهاد عباس عراقچی کاملاً مردود بود، زیرا خواستار لغو «مکانیسم بازگشت خودکار تحریم‌ها» و تحریم‌های سازمان ملل پیش از آن بود که #ایران هرگونه اقدام واقعی یا عملی در خصوص برنامه هسته‌ای‌اش انجام دهد و تنها یک,0,0,0,https://x.com/AhmadSamadi1974/status/1969023996055187930,باراک راوید خبرنگار آکسیوس می‌گوید: مقام‌های اروپایی به من گفتند که پیشنهاد عباس عراقچی کاملاً مردود بود، زیرا خواستار لغو «مکانیسم بازگشت خودکار تحریم‌ها» و تحریم‌های سازمان ملل پیش از آن بود که #ایران هرگونه اقدام واقعی یا عملی در خصوص برنامه هسته‌ای‌اش انجام دهد و تنها یک,"Axios reporter Barak Ravid says: European officials told me that Abbas Araghchi's proposal was completely rejected, because it demanded the cancellation of the ""automatic return mechanism of sanctions"" and UN sanctions before #Iran takes any real or practical action regarding its nuclear program, and only a"
