tweet_id,username,created_at,text,replies,retweets,likes,url,Text_original,Text_en
1628763728023031814,ailar1000,2023-02-23 14:28:28.384000+00:00,"1/ روش‌های بدست آوردن ذخایر و ارتباط نرخ‌های بهره

در این نوشته ابتدا مروری بر انواع روش‌های بدست آوردن ذخایر (Bank Reserves) توسط بانک‌ها خواهیم داشت و سپس نگاهی به تعدادی از نرخ‌های بهره موجود در اقتصاد و روابط آنها می‌اندازیم.",0,0,0,https://x.com/n_aghpour/status/1628763728023031814,"1/ روش‌های بدست آوردن ذخایر و ارتباط نرخ‌های بهره

در این نوشته ابتدا مروری بر انواع روش‌های بدست آوردن ذخایر (Bank Reserves) توسط بانک‌ها خواهیم داشت و سپس نگاهی به تعدادی از نرخ‌های بهره موجود در اقتصاد و روابط آنها می‌اندازیم.","1/ The methods of obtaining reserves and the relationship of interest rates

In this article, we will first have an overview of the various methods of obtaining reserves (Bank Reserves) by banks, and then we will take a look at some of the interest rates in the economy and their relationships."
1629018531856613376,ailar1000,2023-02-24 07:20:58.352000+00:00,"سایت های زیادی هست که کانفیگ رایگان ارائه میده ولی اینکه اون کانفیگ با اینترنت نیمه ملی ما جواب بده احتمالش خیلی کمه. ولی اگه تمام این مراحل رو انجام بدید یه کانفیگ پرسرعت دارید که یک هفته واقعا کار میکنه
وارد سایت 
mainssh.com بشید و از منوی سایت vpn tunnel و بعد یکی",0,0,0,https://x.com/MSiamak/status/1629018531856613376,"سایت های زیادی هست که کانفیگ رایگان ارائه میده ولی اینکه اون کانفیگ با اینترنت نیمه ملی ما جواب بده احتمالش خیلی کمه. ولی اگه تمام این مراحل رو انجام بدید یه کانفیگ پرسرعت دارید که یک هفته واقعا کار میکنه
وارد سایت 
mainssh.com بشید و از منوی سایت vpn tunnel و بعد یکی","There are many sites that provide free configuration, but it is very unlikely that that configuration will work with our semi-national internet. But if you do all these steps, you have a high-speed configuration that really works for a week
Enter the site 
Go to mainssh.com and select vpn tunnel from the site menu and then one"
1629008347725811712,ailar1000,2023-02-24 06:40:30.266000+00:00,دلم یه تتوی جدید و پول به چخ دادن تو بوتیک می‌می رو می‌خواد، عطرمم داره تموم میشه، اسلیپی جو هم گویا به آخوندا پیغام فارسی فرستاده: «گرچه پیرم تو شبی تنگ در آغوش گیر تا سحرگه ز کنار تو جوان برخیزم» فلذا گور پدر امور زیبا. پولم ندارم ضمنا,0,0,0,https://x.com/sinadadkhah/status/1629008347725811712,دلم یه تتوی جدید و پول به چخ دادن تو بوتیک می‌می رو می‌خواد، عطرمم داره تموم میشه، اسلیپی جو هم گویا به آخوندا پیغام فارسی فرستاده: «گرچه پیرم تو شبی تنگ در آغوش گیر تا سحرگه ز کنار تو جوان برخیزم» فلذا گور پدر امور زیبا. پولم ندارم ضمنا,"I want a new tattoo and money to get pierced at Maymi's boutique, my perfume is running out, Sleepy Joe seems to have sent a Persian message to the mullahs: ""Even though I am old, hold me in your arms in a tight night until we wake up next to you young at dawn."" I have no money by the way"
1628955726952509441,ailar1000,2023-02-24 03:11:24.496000+00:00,"یک خبر خوب برای iOS ای‌ها دارم

برنامه NapsternetV تازه آپدیت شده و X-Ray Core 1.7.5 را اضافه کرده
الان به راحتی میتوانید پروتکل XTLS-VISION را روی iOS استفاده کنید 

#فیلترشکن #فیلترنت",0,0,0,https://x.com/Teeegra/status/1628955726952509441,"یک خبر خوب برای iOS ای‌ها دارم

برنامه NapsternetV تازه آپدیت شده و X-Ray Core 1.7.5 را اضافه کرده
الان به راحتی میتوانید پروتکل XTLS-VISION را روی iOS استفاده کنید 

#فیلترشکن #فیلترنت","I have good news for iOS users

NapsternetV program has just been updated and added X-Ray Core 1.7.5
Now you can easily use XTLS-VISION protocol on iOS 

#filter breaker #filternet"
1628882755286343680,ailar1000,2023-02-23 22:21:26.695000+00:00,صد و یکمین روز پس از وقوع جنایت…,0,0,0,https://x.com/GhazalRanjkesh/status/1628882755286343680,صد و یکمین روز پس از وقوع جنایت…,The hundred and first day after the crime...
1628683211613020160,ailar1000,2023-02-23 09:08:31.776000+00:00,منم شامل «عفو» شدم مثل اینکه (: زمان شمار رو ریست کردم. البته حیفم اومد کاملا ریستش کنم (((: به امید آزادی همه و همه جا.,0,0,0,https://x.com/jadi/status/1628683211613020160,منم شامل «عفو» شدم مثل اینکه (: زمان شمار رو ریست کردم. البته حیفم اومد کاملا ریستش کنم (((: به امید آزادی همه و همه جا.,"I included ""pardon"" as if (: I reset the timer. Of course, I felt sorry to reset it completely (((: in the hope of freedom for everyone and everywhere."
1628368528913977344,ailar1000,2023-02-22 12:18:05.574000+00:00,"الوعده وفا

لیست #ایردراپ زیر ر‌و انجام بدی اخرسال ۲۰۲۳ یا اوایل۲۰۲۴ حداقل ۵۰/۰۰۰دلار شیرین داری؛
@0xMantle
 

@taikoxyz
 

@zksync
 

@Scroll_ZKP
 

@arbitrum
 

@shardeum
 

@5ireChain
 

@SuiNetwork
 

@LayerZero_Labs
 

@0xPolygonZK
 

@fuellabs_
 

لیست اپدیت میشه",0,0,0,https://x.com/0xhossyn/status/1628368528913977344,"الوعده وفا

لیست #ایردراپ زیر ر‌و انجام بدی اخرسال ۲۰۲۳ یا اوایل۲۰۲۴ حداقل ۵۰/۰۰۰دلار شیرین داری؛
@0xMantle
 

@taikoxyz
 

@zksync
 

@Scroll_ZKP
 

@arbitrum
 

@shardeum
 

@5ireChain
 

@SuiNetwork
 

@LayerZero_Labs
 

@0xPolygonZK
 

@fuellabs_
 

لیست اپدیت میشه","The promise of loyalty

Do the #airdrop list below, at the end of 2023 or early 2024, you have at least 50,000 dollars;
@0xMantle
 

@taikoxyz
 

@zksync
 

@Scroll_ZKP
 

@arbitrum
 

@shardeum
 

@5ireChain
 

@SuiNetwork
 

@LayerZero_Labs
 

@0xPolygonZK
 

@fuellabs_
 

The list will be updated"
1603133684676460545,ailar1000,2022-12-14 21:03:49.867000+00:00,"Imesh for Blender is a quick tool that creates a 3d object from any image selected 
#b3d #blendercommunity #Blender3d",0,0,0,https://x.com/luwizart/status/1603133684676460545,"Imesh for Blender is a quick tool that creates a 3d object from any image selected 
#b3d #blendercommunity #Blender3d","Imesh for Blender is a quick tool that creates a 3d object from any image selected 
#b3d #blendercommunity #Blender3d"
1615935651433807874,ailar1000,2023-01-19 04:54:16.591000+00:00,"کریم خان زند خودش را وکیل مردم می دانست.وکیل الرعایا. آدم شریفی بود.اقامحمد خان قاجار درحمله به  شیراز  او را  دستگیرکرد وداد قبل ازتکه تکه شدن سردارانش بهش تجاوز کردند و پسرش را هم اخته کرد و گذاشت تو دربارش...
تاریخ ما پراز قساوت و جنایته.",0,0,0,https://x.com/moniruravanipou/status/1615935651433807874,"کریم خان زند خودش را وکیل مردم می دانست.وکیل الرعایا. آدم شریفی بود.اقامحمد خان قاجار درحمله به  شیراز  او را  دستگیرکرد وداد قبل ازتکه تکه شدن سردارانش بهش تجاوز کردند و پسرش را هم اخته کرد و گذاشت تو دربارش...
تاریخ ما پراز قساوت و جنایته.","Karim Khan Zand considered himself the lawyer of the people. He was a noble man. Agha Mohammad Khan Qajar captured him during the attack on Shiraz, and before his generals were dismembered, they raped him and castrated his son and left him in his court...
Our history is full of atrocities and crimes."
1628244898611879936,ailar1000,2023-02-22 04:06:49.813000+00:00,,0,0,0,https://x.com/moniruravanipou/status/1628244898611879936,,
1616870363366920193,ailar1000,2023-01-21 18:48:29.282000+00:00,"۱/کتاب تحلیل رفتار متقابل اریک برن رو بخون، درک خیلی خوبی از شخصیتها بهت میده که تو زندگی خیلی بهت کمک میکنه که هم خودت رو درک کنی و هم آدمهای اطرافت رو بتونی بهتر بفهمی.

مثلا کسانی که دوران کودکی خوبی نداشتن شخصیت کودکشون خوب شکل نگرفته و آسیب دید",0,0,0,https://x.com/YaarGhadimi/status/1616870363366920193,"۱/کتاب تحلیل رفتار متقابل اریک برن رو بخون، درک خیلی خوبی از شخصیتها بهت میده که تو زندگی خیلی بهت کمک میکنه که هم خودت رو درک کنی و هم آدمهای اطرافت رو بتونی بهتر بفهمی.

مثلا کسانی که دوران کودکی خوبی نداشتن شخصیت کودکشون خوب شکل نگرفته و آسیب دید","1/ Read Eric Burn's book on mutual behavior analysis, it will give you a very good understanding of characters, which will help you understand yourself and the people around you better in life.

For example, those who did not have a good childhood, their child's personality was not well formed and was damaged"
1028221226794344448,ailar1000,2018-08-11 10:06:58.551000+00:00,می خواهم در این رشته توئیت با استفاده از یک داستان در طراحی و ساخت اف-14 تامکت افسانه ای به زبان ساده، چالش آفرینش فناوری جدید را از نیازمندی تا استفاده ی عملیاتی نشان دهم. در 1960 قرار بود مثل F-4 و F-35 یک جنگنده برای هر دو نیروی هوایی و دریایی آمریکا بکارگرفته شود:F-111B,0,0,0,https://x.com/SnakeDocTop/status/1028221226794344448,می خواهم در این رشته توئیت با استفاده از یک داستان در طراحی و ساخت اف-14 تامکت افسانه ای به زبان ساده، چالش آفرینش فناوری جدید را از نیازمندی تا استفاده ی عملیاتی نشان دهم. در 1960 قرار بود مثل F-4 و F-35 یک جنگنده برای هر دو نیروی هوایی و دریایی آمریکا بکارگرفته شود:F-111B,"In this tweet thread, I want to show the challenge of creating new technology from requirement to operational use in simple language by using a story in the design and construction of the legendary F-14 Tomcat. In 1960, like the F-4 and F-35, one fighter was to be used for both the US Air Force and the US Navy: the F-111B."
1580262810088787972,ailar1000,2022-10-12 18:23:08.445000+00:00,پیش نوشت: نمی دانم مخاطب این رشته توییت کیست. قطعا مخاطبش همگانی نیست ولی شاید تکه پاره هایی از آن بکار همه بیاید. شاید تلاش من معطوف به  دادن سرنخ به آن قهرمانان گمنامی در چهارگوشه ایران است که در پی سامان دادن به این جنگ  و کوتاهترکردنش است.,0,0,0,https://x.com/SnakeDocTop/status/1580262810088787972,پیش نوشت: نمی دانم مخاطب این رشته توییت کیست. قطعا مخاطبش همگانی نیست ولی شاید تکه پاره هایی از آن بکار همه بیاید. شاید تلاش من معطوف به  دادن سرنخ به آن قهرمانان گمنامی در چهارگوشه ایران است که در پی سامان دادن به این جنگ  و کوتاهترکردنش است.,"Preface: I don't know who the audience of this tweet is. It is definitely not intended for everyone, but maybe parts of it will be useful for everyone. Maybe my effort is aimed at giving clues to those unknown heroes in Iran's quadrant who are trying to organize this war and make it shorter."
1624275406445502465,ailar1000,2023-02-11 05:13:29.131000+00:00,"اگر در اندروید برای اتصال و یا در سرعت، با کانکشن v2ray خود مشکل دارید، برای در امان ماندن از فیلترینگ و محدودیت فعلی، تغییرات زیر را به ترتیب در کانکشن خود اعمال کنید.
این تغییرات باعث میشه تماما از دید جمهوری اسلامی و سامانه فیلترینگ مخفی بشید.
سعی کردم گام‌به‌گام و تصویری بگم:",0,0,0,https://x.com/AminAnvary/status/1624275406445502465,"اگر در اندروید برای اتصال و یا در سرعت، با کانکشن v2ray خود مشکل دارید، برای در امان ماندن از فیلترینگ و محدودیت فعلی، تغییرات زیر را به ترتیب در کانکشن خود اعمال کنید.
این تغییرات باعث میشه تماما از دید جمهوری اسلامی و سامانه فیلترینگ مخفی بشید.
سعی کردم گام‌به‌گام و تصویری بگم:","If you have problems with your v2ray connection on Android for connection or speed, apply the following changes to your connection in order to avoid filtering and the current limit.
These changes make you completely hidden from the eyes of the Islamic Republic and the filtering system.
I tried to say step by step and visually:"
1621420721472675842,ailar1000,2023-02-03 08:09:59.196000+00:00,"اندرویدی‌هایی که از v2ray استفاده میکنید.
برید داخل اپ v2rayNG کانکشن رو ادیت کنید، اسکرول کنید پایین، گزینه utls رو بذارید روی randomized و تغییرات را سیو کنید.
کاربران آیفون یکم پیچیده‌تره و باید لینک کانکشن‌شون عوض شه. پیام بدید من اینکارو براتون انجام میدم و راهنماییتون میکنم",0,0,0,https://x.com/AminAnvary/status/1621420721472675842,"اندرویدی‌هایی که از v2ray استفاده میکنید.
برید داخل اپ v2rayNG کانکشن رو ادیت کنید، اسکرول کنید پایین، گزینه utls رو بذارید روی randomized و تغییرات را سیو کنید.
کاربران آیفون یکم پیچیده‌تره و باید لینک کانکشن‌شون عوض شه. پیام بدید من اینکارو براتون انجام میدم و راهنماییتون میکنم","Androids that use v2ray.
Go into the v2rayNG app, edit the connection, scroll down, set the utls option to randomized and save the changes.
iPhone users are more complicated and their connection link should be changed. Send me a message, I will do it for you and guide you"
1617087164734636032,ailar1000,2023-01-22 09:09:58.756000+00:00,بچه‌ها من یه مخزن apt برای ubuntu/debian ساختم که ابزارهای پروکسی و فیلترشکن توش هست. من خیلی روش وقت گذاشتم و خوشحال میشم تستش کنید. اطلاعات بیشتر:,0,0,0,https://x.com/markpash/status/1617087164734636032,بچه‌ها من یه مخزن apt برای ubuntu/debian ساختم که ابزارهای پروکسی و فیلترشکن توش هست. من خیلی روش وقت گذاشتم و خوشحال میشم تستش کنید. اطلاعات بیشتر:,"Guys, I made an apt repository for ubuntu/debian that has proxy and filtering tools. I spent a lot of time and I would be happy for you to test it. More information:"
1614185493104832514,ailar1000,2023-01-14 08:59:46.329000+00:00,یکی از مواردی که همیشه بر اون تاکید دارم استفاده از ابزار مدیریت کلمه عبور یا پسورد مَنیجِر هست که اگر نمیخواهید دیر یا زود قربانی هکرها بشید، باید حتما از اون استفاده کنیم. یکی از این پسورد منیجرهای مجانی و معتبرBitwarden هست که در پلتفورمهای مختلف قابل نصب است.۱/۲,0,0,0,https://x.com/5tuxnet/status/1614185493104832514,یکی از مواردی که همیشه بر اون تاکید دارم استفاده از ابزار مدیریت کلمه عبور یا پسورد مَنیجِر هست که اگر نمیخواهید دیر یا زود قربانی هکرها بشید، باید حتما از اون استفاده کنیم. یکی از این پسورد منیجرهای مجانی و معتبرBitwarden هست که در پلتفورمهای مختلف قابل نصب است.۱/۲,"One of the things that I always emphasize is the use of a password management tool or a password manager, which we must definitely use if we do not want to become a victim of hackers sooner or later. One of these free and reliable password managers is Bitwarden, which can be installed on different platforms. 1/2"
1611236776294731777,ailar1000,2023-01-06 05:42:37.457000+00:00,"نحوه راه‌اندازی پروکسی واتس اپ:
ابتدا کلاود مورد نظر خود را انتخاب کنید. در اینجا ما از Digital Ocean استفاده می‌کنیم.
۱- در پنل به قسمت droplets رفته و گزینه create droplet رو از بالای صفحه انتخاب می کنیم. 
۲- مکان سرور مورد نظر رو انتخاب می‌کنیم.

#whatsapp #proxy #واتساب #رشتو",0,0,0,https://x.com/matinzd/status/1611236776294731777,"نحوه راه‌اندازی پروکسی واتس اپ:
ابتدا کلاود مورد نظر خود را انتخاب کنید. در اینجا ما از Digital Ocean استفاده می‌کنیم.
۱- در پنل به قسمت droplets رفته و گزینه create droplet رو از بالای صفحه انتخاب می کنیم. 
۲- مکان سرور مورد نظر رو انتخاب می‌کنیم.

#whatsapp #proxy #واتساب #رشتو","How to set up WhatsApp proxy:
First, choose the cloud you want. Here we use Digital Ocean.
1- In the panel, go to the droplets section and select the create droplet option from the top of the page. 
2- We select the desired server location.

#whatsapp #proxy #whatsapp #Rashtu"
1613196412073771009,ailar1000,2023-01-11 15:29:31.035000+00:00,"‌‌‌‌‌‌‌‌‌‌‌‌‌‌⃟
دموکراسی این نیست که مرد از سیاست بگوید 
و کسی به او اعتراض نکند...
دموکراسی این است که زن از عشق بگوید 
و کسی چپ نگاهش نکند!

#سعاد_الصباح",0,0,0,https://x.com/melina4466/status/1613196412073771009,"‌‌‌‌‌‌‌‌‌‌‌‌‌‌⃟
دموکراسی این نیست که مرد از سیاست بگوید 
و کسی به او اعتراض نکند...
دموکراسی این است که زن از عشق بگوید 
و کسی چپ نگاهش نکند!

#سعاد_الصباح","⃟
Democracy is not about men talking about politics 
And no one should object to him...
Democracy is for women to talk about love 
And no one should look at him!

#Saad_al-Sabah"
1612583513856811008,ailar1000,2023-01-09 22:54:04.713000+00:00,"این روز‌ها من حال جسمی خوبی ندارم و بیماری به سرعت در حال پیشرفته.
اما فعالیت‌هام پا بر جاست",0,0,0,https://x.com/vrajabloo/status/1612583513856811008,"این روز‌ها من حال جسمی خوبی ندارم و بیماری به سرعت در حال پیشرفته.
اما فعالیت‌هام پا بر جاست","These days I am not in good physical condition and the disease is progressing rapidly.
But my activities are standing"
1611894528654327809,ailar1000,2023-01-08 01:16:17.840000+00:00,"این عکس سه ساعت قبل از پرواز #هواپیمای_اوکراینی در فرودگاه تهران توسط من استواری شد و الان سه سال با دیدن این عکس فقط سکوت می‌کنم و اشک میریزم. سه سال گذشت و درد همان درد است.
#نه_به_جمهوری‌_اسلامی #دادخواهی #ps752justice 
@ps752justice",0,0,0,https://x.com/AmirArdalan81/status/1611894528654327809,"این عکس سه ساعت قبل از پرواز #هواپیمای_اوکراینی در فرودگاه تهران توسط من استواری شد و الان سه سال با دیدن این عکس فقط سکوت می‌کنم و اشک میریزم. سه سال گذشت و درد همان درد است.
#نه_به_جمهوری‌_اسلامی #دادخواهی #ps752justice 
@ps752justice","This photo was taken by me three hours before the flight of the #Ukrainian plane at Tehran airport, and now three years after seeing this photo, I just keep silent and cry. Three years have passed and the pain is the same.
#No_to_the_Islamic_Republic #litigation #ps752justice 
@ps752justice"
1610963597701615617,ailar1000,2023-01-05 11:37:06.605000+00:00,نسخه‌ی کرک شده‌ی mem rise رو از کجا میشه دانلود کرد؟,0,0,0,https://x.com/TeacherMuMeshki/status/1610963597701615617,نسخه‌ی کرک شده‌ی mem rise رو از کجا میشه دانلود کرد؟,Where can I download the cracked version of mem rise?
1610808222356586496,ailar1000,2023-01-05 01:19:42.236000+00:00,و حالا تمام خاطراتی رو که بیست و یک سال با دوچشمم ثبت کردم رو با یک چشم به خاطر میارم…,0,0,0,https://x.com/GhazalRanjkesh/status/1610808222356586496,و حالا تمام خاطراتی رو که بیست و یک سال با دوچشمم ثبت کردم رو با یک چشم به خاطر میارم…,And now I remember all the memories that I recorded with my two eyes for twenty one years with one eye...
1609994592492847107,ailar1000,2023-01-02 19:26:37.760000+00:00,از یاد نبریم که 7 تن از 10 عضو بنیان‌گذار «منشور 77» (که نقشی حیاتی در گذار به دموکراسی در چکسلواکی بازی کرد)، «سیاستمدار» نبودند و بعضی از آنها نیز بر سر موضوعاتی مثل سوسیالیسم و مسیحیت، اختلاف‌نظرهای عمیقی با یکدیگر داشتند اما برای رهایی از استبداد به ائتلاف روی آوردند. شرح,0,0,0,https://x.com/ErfanSabeti/status/1609994592492847107,از یاد نبریم که 7 تن از 10 عضو بنیان‌گذار «منشور 77» (که نقشی حیاتی در گذار به دموکراسی در چکسلواکی بازی کرد)، «سیاستمدار» نبودند و بعضی از آنها نیز بر سر موضوعاتی مثل سوسیالیسم و مسیحیت، اختلاف‌نظرهای عمیقی با یکدیگر داشتند اما برای رهایی از استبداد به ائتلاف روی آوردند. شرح,"Let's not forget that 7 of the 10 founding members of ""Charter 77"" (which played a vital role in the transition to democracy in Czechoslovakia) were not ""politicians"" and some of them also had deep disagreements with each other on issues such as socialism and Christianity, but they turned to the coalition to get rid of tyranny. description"
1609991320185208832,ailar1000,2023-01-02 19:13:37.581000+00:00,"من یه اسکریپت نوشتم که بکمکش با 1خط دستور روی سرورتون میتونید همه‌ی کارای لازم برای نصب و راه اندازی فیلترشکن xray (v2ray) و trojan رو انجام بدید.
حتی اگه هیچ آشنایی تکنیکی ندارید با دنبال کردن این رشته توییت میتونید برای دوستانتون توی ایران فیلترشکن قوی و سریع راه بندازید.
/تب",0,0,0,https://x.com/ServerError403/status/1609991320185208832,"من یه اسکریپت نوشتم که بکمکش با 1خط دستور روی سرورتون میتونید همه‌ی کارای لازم برای نصب و راه اندازی فیلترشکن xray (v2ray) و trojan رو انجام بدید.
حتی اگه هیچ آشنایی تکنیکی ندارید با دنبال کردن این رشته توییت میتونید برای دوستانتون توی ایران فیلترشکن قوی و سریع راه بندازید.
/تب","I wrote a script to help you with 1 command line on your server, you can do all the necessary work to install and run the xray (v2ray) and trojan filter breaker.
Even if you don't have any technical knowledge, by following this thread you can start a strong and fast filter breaker for your friends in Iran.
/ Fever"
1609139245331144704,ailar1000,2022-12-31 10:47:47.105000+00:00,پ ن: رنگ کردن مو انتخاب شخصیه، اونایی که رنگ می‌کنن رو قضاوت نمی‌کنم، فقط نظر خودمو در مورد خودم گفتم.,0,0,0,https://x.com/baroon62/status/1609139245331144704,پ ن: رنگ کردن مو انتخاب شخصیه، اونایی که رنگ می‌کنن رو قضاوت نمی‌کنم، فقط نظر خودمو در مورد خودم گفتم.,"PN: Hair dyeing is a personal choice, I don't judge those who dye it, I just said my opinion about myself."
1609291856906686464,ailar1000,2022-12-31 20:54:12.540000+00:00,این توییتای یکسان رو که دیدم تو تایم‌لاین لیترالی نشستم کف زمین به هق‌هق. دو سه نفر دیگه هم نوشته بودن که گریه کردن. فاکینگ فقط با توییت یکسان. آخوند بره فکر کنم سکته کنیم.,0,0,0,https://x.com/NotShelled/status/1609291856906686464,این توییتای یکسان رو که دیدم تو تایم‌لاین لیترالی نشستم کف زمین به هق‌هق. دو سه نفر دیگه هم نوشته بودن که گریه کردن. فاکینگ فقط با توییت یکسان. آخوند بره فکر کنم سکته کنیم.,"When I saw this same tweet in my timeline, I literally sat on the floor sobbing. Two or three other people also wrote that they were crying. Faking only with the same tweet. Mullah Go, I think we will have a stroke."
1609285787291467776,ailar1000,2022-12-31 20:30:05.431000+00:00,"سال ۲۰۲۲ سال شکوه همبستگی ایرانیان با هر باور و زبان و گرایش بود.

با سازماندهی و همبستگی، سال ۲۰۲۳ سال پیروزی ملت ایران خواهد بود؛ سال تحقق آزادی و عدالت در ایران.

#مهسا_امینی
#IranRevolution",0,0,0,https://x.com/esmaeilion/status/1609285787291467776,"سال ۲۰۲۲ سال شکوه همبستگی ایرانیان با هر باور و زبان و گرایش بود.

با سازماندهی و همبستگی، سال ۲۰۲۳ سال پیروزی ملت ایران خواهد بود؛ سال تحقق آزادی و عدالت در ایران.

#مهسا_امینی
#IranRevolution","The year 2022 was the glorious year of solidarity of Iranians with every belief, language and orientation.

With organization and solidarity, 2023 will be the year of victory for the Iranian nation; The year of realization of freedom and justice in Iran.

#Mehsa_Amini
#IranRevolution"
1609285767217520642,ailar1000,2022-12-31 20:30:00.645000+00:00,"سال ۲۰۲۲ سال شکوه همبستگی ایرانیان با هر باور و زبان و گرایش بود.

با سازماندهی و همبستگی، سال ۲۰۲۳ سال پیروزی ملت ایران خواهد بود؛ سال تحقق آزادی و عدالت در ایران.

#مهسا_امینی
#IranRevolution",0,0,0,https://x.com/AlinejadMasih/status/1609285767217520642,"سال ۲۰۲۲ سال شکوه همبستگی ایرانیان با هر باور و زبان و گرایش بود.

با سازماندهی و همبستگی، سال ۲۰۲۳ سال پیروزی ملت ایران خواهد بود؛ سال تحقق آزادی و عدالت در ایران.

#مهسا_امینی
#IranRevolution","The year 2022 was the glorious year of solidarity of Iranians with every belief, language and orientation.

With organization and solidarity, 2023 will be the year of victory for the Iranian nation; The year of realization of freedom and justice in Iran.

#Mehsa_Amini
#IranRevolution"
1609285787346161664,ailar1000,2022-12-31 20:30:05.444000+00:00,"سال ۲۰۲۲ سال شکوه همبستگی ایرانیان با هر باور و زبان و گرایش بود.

با سازماندهی و همبستگی، سال ۲۰۲۳ سال پیروزی ملت ایران خواهد بود؛ سال تحقق آزادی و عدالت در ایران.

#مهسا_امينی 
#IranRevolution",0,0,0,https://x.com/Golshifteh/status/1609285787346161664,"سال ۲۰۲۲ سال شکوه همبستگی ایرانیان با هر باور و زبان و گرایش بود.

با سازماندهی و همبستگی، سال ۲۰۲۳ سال پیروزی ملت ایران خواهد بود؛ سال تحقق آزادی و عدالت در ایران.

#مهسا_امينی 
#IranRevolution","The year 2022 was the glorious year of solidarity of Iranians with every belief, language and orientation.

With organization and solidarity, 2023 will be the year of victory for the Iranian nation; The year of realization of freedom and justice in Iran.

#Mehsa_Amini 
#IranRevolution"
1609285963636932610,ailar1000,2022-12-31 20:30:47.475000+00:00,"سال ۲۰۲۲ سال شکوه همبستگی ایرانیان با هر باور و زبان و گرایش بود.

با سازماندهی و همبستگی، سال ۲۰۲۳ سال پیروزی ملت ایران خواهد بود؛ سال تحقق آزادی و عدالت در ایران.

#مهسا_امینی

#IranRevoIution",0,0,0,https://x.com/NazaninBoniadi/status/1609285963636932610,"سال ۲۰۲۲ سال شکوه همبستگی ایرانیان با هر باور و زبان و گرایش بود.

با سازماندهی و همبستگی، سال ۲۰۲۳ سال پیروزی ملت ایران خواهد بود؛ سال تحقق آزادی و عدالت در ایران.

#مهسا_امینی

#IranRevoIution","The year 2022 was the glorious year of solidarity of Iranians with every belief, language and orientation.

With organization and solidarity, 2023 will be the year of victory for the Iranian nation; The year of realization of freedom and justice in Iran.

#Mehsa_Amini

#IranRevolution"
1609285774586920962,ailar1000,2022-12-31 20:30:02.402000+00:00,"سال ۲۰۲۲ سال شکوه همبستگی ایرانیان با هر باور و زبان و گرایش بود.

با سازماندهی و همبستگی، سال ۲۰۲۳ سال پیروزی ملت ایران خواهد بود؛ سال تحقق آزادی و عدالت در ایران.

#مهسا_امینی 

#IranRevolution",0,0,0,https://x.com/PahlaviReza/status/1609285774586920962,"سال ۲۰۲۲ سال شکوه همبستگی ایرانیان با هر باور و زبان و گرایش بود.

با سازماندهی و همبستگی، سال ۲۰۲۳ سال پیروزی ملت ایران خواهد بود؛ سال تحقق آزادی و عدالت در ایران.

#مهسا_امینی 

#IranRevolution","The year 2022 was the glorious year of solidarity of Iranians with every belief, language and orientation.

With organization and solidarity, 2023 will be the year of victory for the Iranian nation; The year of realization of freedom and justice in Iran.

#Mehsa_Amini 

#IranRevolution"
1609285843604078593,ailar1000,2022-12-31 20:30:18.857000+00:00,"سال ۲۰۲۲ سال شکوه همبستگی ایرانیان با هر باور و زبان و گرایش بود.

با سازماندهی و همبستگی،
سال ۲۰۲۳ :
سال پیروزی ملت ایران خواهد بود؛
سال تحقق آزادی و عدالت در ایران

#مهسا_امینی 
#ایران_را_پس_میگیریم",0,0,0,https://x.com/alikarimi_ak8/status/1609285843604078593,"سال ۲۰۲۲ سال شکوه همبستگی ایرانیان با هر باور و زبان و گرایش بود.

با سازماندهی و همبستگی،
سال ۲۰۲۳ :
سال پیروزی ملت ایران خواهد بود؛
سال تحقق آزادی و عدالت در ایران

#مهسا_امینی 
#ایران_را_پس_میگیریم","The year 2022 was the glorious year of solidarity of Iranians with every belief, language and orientation.

With organization and solidarity,
Year 2023:
It will be the year of the victory of the Iranian nation;
The year of realization of freedom and justice in Iran

#Mehsa_Amini 
We will take back #Iran"
1609202048330768385,ailar1000,2022-12-31 14:57:20.507000+00:00,"این آخرین توییت ۲۰۲۲ منه و به زودی همین توییت رو ریتوییت میکنم و میگم دیدی بالاخره آزاد شدیم
#مهسا_امینی #IRAN",0,0,0,https://x.com/IliaHashemicom/status/1609202048330768385,"این آخرین توییت ۲۰۲۲ منه و به زودی همین توییت رو ریتوییت میکنم و میگم دیدی بالاخره آزاد شدیم
#مهسا_امینی #IRAN","This is my last tweet of 2022 and soon I will retweet this same tweet and say that we are finally free
#Mehsa_Amini #IRAN"
1609137136657387520,ailar1000,2022-12-31 10:39:24.358000+00:00,"محدودیت اینترنت بعد از ۱۰۵ روز وارد فاز جدید‌تری شده.پروتکل‌های مدیریتی مانندSSHوRDP یا پروتکل‌های امنیتیSSLو TLSکه برای نگهداری سرورها ضروری‌اند مسدود یا اختلال عمدی روشون ایجاد شده، این اختلالها برای از کار انداختنVPNها ترافیک عادی رو با مشکل مواجه کرده:
karangweekly.ir/?p=16426",0,0,0,https://x.com/SonitaSarabpour/status/1609137136657387520,"محدودیت اینترنت بعد از ۱۰۵ روز وارد فاز جدید‌تری شده.پروتکل‌های مدیریتی مانندSSHوRDP یا پروتکل‌های امنیتیSSLو TLSکه برای نگهداری سرورها ضروری‌اند مسدود یا اختلال عمدی روشون ایجاد شده، این اختلالها برای از کار انداختنVPNها ترافیک عادی رو با مشکل مواجه کرده:
karangweekly.ir/?p=16426","After 105 days, the Internet restriction has entered a newer phase. Management protocols such as SSH and RDP or SSL and TLS security protocols, which are necessary to maintain servers, have been blocked or intentionally disrupted, these disruptions have caused problems for normal traffic to disable VPNs:
karangweekly.ir/?p=16426"
1608728261412151298,ailar1000,2022-12-30 07:34:40.903000+00:00,"دهه ۸۰ هم به شرکتا اینترنت با سرعت ۱۲۸ مید‌ادن و به کاربرا اینترنت ۶۴، همین تصمیم هم باعث ثبت کلی شرکت خانوادگی شد. در شرایطی که کاربران معمولی دسترسی به اینترنت ندارند، داشتن اینترنت باکیفیت به کسب‌وکار چه کمکی می‌کنه؟ 
#قطعی_اینترنت 
#فیلترنت",0,0,0,https://x.com/SonitaSarabpour/status/1608728261412151298,"دهه ۸۰ هم به شرکتا اینترنت با سرعت ۱۲۸ مید‌ادن و به کاربرا اینترنت ۶۴، همین تصمیم هم باعث ثبت کلی شرکت خانوادگی شد. در شرایطی که کاربران معمولی دسترسی به اینترنت ندارند، داشتن اینترنت باکیفیت به کسب‌وکار چه کمکی می‌کنه؟ 
#قطعی_اینترنت 
#فیلترنت","In the 80s, companies were given 128 speed internet and 64 speed internet to users, this decision also led to the registration of the family company. In a situation where ordinary users do not have access to the Internet, how does having a high-quality Internet help the business? 
#certain_internet 
#filternet"
1604489282454196225,ailar1000,2022-12-18 14:50:29.563000+00:00,"من ترانه پانزده سال دارم.
(اولین فیلم سینمایی ترانه علیدوستی)
وحالا من ترانه طنین آزاده‌خواهی هزار و پانصد سال خفقان زنان ایران در تاریخ سرزمینم هستم، درود به حمید علیدوستی عزیز که تو را این‌چنین تربیت کرد. 
#مهسا_امینی 
#زن_زندگی_آزادی",0,0,0,https://x.com/Taghavi1972/status/1604489282454196225,"من ترانه پانزده سال دارم.
(اولین فیلم سینمایی ترانه علیدوستی)
وحالا من ترانه طنین آزاده‌خواهی هزار و پانصد سال خفقان زنان ایران در تاریخ سرزمینم هستم، درود به حمید علیدوستی عزیز که تو را این‌چنین تربیت کرد. 
#مهسا_امینی 
#زن_زندگی_آزادی","I have a song of fifteen years.
(The first movie of Alidousti's song)
And now I am the echoing song of freedom seeking for 1500 years of suffocation of Iranian women in the history of my land, greetings to dear Hamid Alidousti who raised you like this. 
#Mehsa_Amini 
#woman_life_of_freedom"
1604538169176702977,ailar1000,2022-12-18 18:04:45.066000+00:00,"جام جهانی ۱۹۷۸ قهرمانی آرژانتین = انقلاب در ایران
جام جهانی ۲۰۲۲ قهرمانی آرژانتین = انقلاب در ایران

یعنی میشه؟!
#فراخوان_٢٨_٢٩_٣٠_آذر",0,0,0,https://x.com/chawshin_83/status/1604538169176702977,"جام جهانی ۱۹۷۸ قهرمانی آرژانتین = انقلاب در ایران
جام جهانی ۲۰۲۲ قهرمانی آرژانتین = انقلاب در ایران

یعنی میشه؟!
#فراخوان_٢٨_٢٩_٣٠_آذر","Argentina's 1978 World Cup = revolution in Iran
Argentina's 2022 World Cup = revolution in Iran

Does that mean it's possible?!
#فراخوان_٢٨_٢٨٨_٢٠٢٢٠"
1604165934272630784,ailar1000,2022-12-17 17:25:37.349000+00:00,"٠
ترانه ما را آزاد كنيد تامثل هميشه بخواند با صداى رسا #زن_زندگی_آزادی 
#ترانه_علیدوستی",0,0,0,https://x.com/manijeh_hekmat/status/1604165934272630784,"٠
ترانه ما را آزاد كنيد تامثل هميشه بخواند با صداى رسا #زن_زندگی_آزادی 
#ترانه_علیدوستی","0
Free our song to sing like always with a loud voice #woman_of_free_life 
#alidosti_song"
1603798376692289536,ailar1000,2022-12-16 17:05:04.793000+00:00,"۱/۲۱

چرا در لحظه‌ی مهسا، اینستاگرام به یک‌باره تبدیل به یکی از پلتفرم‌های اصلیِ ابراز و حتی سازمان‌دهی اعتراضات شد؟

در این رشته‌توییت، بخشی از نتایج پژوهشی که برای چهارمین سال متوالی با موضوع روندهای تغییر در #اینستاگرام_ایرانی انجام داده‌ام را منتشر می‌کنم.
#مهسا_امینی",0,0,0,https://x.com/Hajizadegan/status/1603798376692289536,"۱/۲۱

چرا در لحظه‌ی مهسا، اینستاگرام به یک‌باره تبدیل به یکی از پلتفرم‌های اصلیِ ابراز و حتی سازمان‌دهی اعتراضات شد؟

در این رشته‌توییت، بخشی از نتایج پژوهشی که برای چهارمین سال متوالی با موضوع روندهای تغییر در #اینستاگرام_ایرانی انجام داده‌ام را منتشر می‌کنم.
#مهسا_امینی","1/21

Why did Instagram suddenly become one of the main platforms for expressing and even organizing protests at the moment of Mehsa?

In this tweet thread, I am publishing part of the research results that I have conducted for the fourth year in a row on the topic of change trends in #Iranian_Instagram.
#Mehsa_Amini"
1603826312715464704,ailar1000,2022-12-16 18:56:05.260000+00:00,#محمدعلی_شیرازی شاعر و‌ترانه سرای قدیمی درگذشت. ترانه سرایی که با آهنگهای معروفی مانند چرا نمیرقصی ویگن، سلطان قلبها عارف ، شکار ابی و زندونی داریوش در ذهن و خاطره‌ها جاوید ماند. روحش شاد.,0,0,0,https://x.com/Metronomcast/status/1603826312715464704,#محمدعلی_شیرازی شاعر و‌ترانه سرای قدیمی درگذشت. ترانه سرایی که با آهنگهای معروفی مانند چرا نمیرقصی ویگن، سلطان قلبها عارف ، شکار ابی و زندونی داریوش در ذهن و خاطره‌ها جاوید ماند. روحش شاد.,"#Muhammad Ali Shirazi, an old poet and songwriter, passed away. A songwriter who remained immortal in the mind and memories with famous songs such as ""Why don't you dance with Vigan"", ""Sultan Qalbaha Arif"", ""Shekar Abi"" and ""Zandoni Dariush"". His soul is happy."
1602167130090344449,ailar1000,2022-12-12 05:03:05.296000+00:00,"حریم شخصی حلقه‌ها و حساب‌های خصوصی در توییتر 
hamed.blog/twitter-privac
…",0,0,0,https://x.com/Hamed/status/1602167130090344449,"حریم شخصی حلقه‌ها و حساب‌های خصوصی در توییتر 
hamed.blog/twitter-privac
…","Privacy of circles and private accounts on Twitter 
hamed.blog/twitter-privac
…"
1602630285551886336,ailar1000,2022-12-13 11:43:30.163000+00:00,"هشتک رو واسه کی میزنیم؟
جمهوری اسلامی،سازمان‌های حقوق بشری یا شاید کشورهای غربی؟
از کی میخوای اعدام نکنه؟
فراخوان یعنی چی؟مگه باید کسی برات وقت تعیین کنه که بری دنبال خواسته‌ات؟
اگه خواسته‌ای داری،تا رسیدن بهش،
کار،تفریح ،فوتبال و …تعطیل 
فقط متحد توی خیابون
#مهسا_امینی 
#اتحاد",0,0,0,https://x.com/alikarimi_ak8/status/1602630285551886336,"هشتک رو واسه کی میزنیم؟
جمهوری اسلامی،سازمان‌های حقوق بشری یا شاید کشورهای غربی؟
از کی میخوای اعدام نکنه؟
فراخوان یعنی چی؟مگه باید کسی برات وقت تعیین کنه که بری دنبال خواسته‌ات؟
اگه خواسته‌ای داری،تا رسیدن بهش،
کار،تفریح ،فوتبال و …تعطیل 
فقط متحد توی خیابون
#مهسا_امینی 
#اتحاد","Who do we use the hashtag for?
Islamic Republic, human rights organizations or maybe western countries?
Who do you want not to execute?
What does calling mean? Does someone have to set a time for you to go after your desires?
If you have a wish, until you achieve it,
Work, recreation, football and... vacation 
Only united in the street
#Mehsa_Amini 
#Etihad"
1602746298276495361,ailar1000,2022-12-13 19:24:29.752000+00:00,#جادی با قید وثیقه آزاد شد,0,0,0,https://x.com/vrajabloo/status/1602746298276495361,#جادی با قید وثیقه آزاد شد,Jadi was released on bail
1602707875809329153,ailar1000,2022-12-13 16:51:49.122000+00:00,"-مشکل اصلاح طلبان این بود، و هست، که می‌خواهند همزمان با ایجاد یک سری تغییرات کم‌خطر ضرورتاً نظام را هم حفظ و تقویت کنند. 
- میرحسین توسط جنبش جوانان در ٨٨ برکشیده شد و حیات سیاسی جدیدی یافت، ولی به بهای تجدید عهد با امامش، به آن جوانان پشت کرد./۸",0,0,0,https://x.com/farnoosh_a/status/1602707875809329153,"-مشکل اصلاح طلبان این بود، و هست، که می‌خواهند همزمان با ایجاد یک سری تغییرات کم‌خطر ضرورتاً نظام را هم حفظ و تقویت کنند. 
- میرحسین توسط جنبش جوانان در ٨٨ برکشیده شد و حیات سیاسی جدیدی یافت، ولی به بهای تجدید عهد با امامش، به آن جوانان پشت کرد./۸","- The problem of the reformers was, and is, that they want to preserve and strengthen the system at the same time as making a series of low-risk changes. 
- Mir Hossein was removed by the youth movement in 1988 and found a new political life, but at the cost of renewing his covenant with his imam, he turned his back on those youths./8"
1602707774877597696,ailar1000,2022-12-13 16:51:25.058000+00:00,"- نسل ما، نه تنها کشته دادیم، نه تنها کرور کرور زندانی شدیم، نه تنها سرکوب شدیم و به خانه‌ها رانده شدیم ، بلکه ناچار شدیم آخرین ترکش‌های ایده اسلام سیاسی را در درون خودمان بپذیریم.
-جنبش امیدآفرین امروز عاری از ترکش‌های اسلام سیاسی است و این از شعارهایش پیداست./۷",0,0,0,https://x.com/farnoosh_a/status/1602707774877597696,"- نسل ما، نه تنها کشته دادیم، نه تنها کرور کرور زندانی شدیم، نه تنها سرکوب شدیم و به خانه‌ها رانده شدیم ، بلکه ناچار شدیم آخرین ترکش‌های ایده اسلام سیاسی را در درون خودمان بپذیریم.
-جنبش امیدآفرین امروز عاری از ترکش‌های اسلام سیاسی است و این از شعارهایش پیداست./۷","- Our generation, we not only killed, not only we were imprisoned by millions, not only we were oppressed and driven to our homes, but we were forced to accept the last fragments of the idea of ​​political Islam within us.
- Today, the Omidafrin Movement is free from the remnants of political Islam, and this can be seen from its slogans./7"
1602707662755577858,ailar1000,2022-12-13 16:50:58.326000+00:00,-آنچه از گروه‌ها و جریان‌های اپوزیسیون امید می‌رود آنست که بتوانند حول ایده‌های حیاتی همچون دموکراسی،سکولاریسم، عدالت اجتماعی،آزادی،زبان مادری،یکپارچگی سرزمینی و حقوقی همچون حق تشکل‌یابی مؤتلف شوند تا روند براندازی تباهی موجود تا رسیدن به منزلگاه بعدی که تاسیس؛ است تسهیل شود./۶,0,0,0,https://x.com/farnoosh_a/status/1602707662755577858,-آنچه از گروه‌ها و جریان‌های اپوزیسیون امید می‌رود آنست که بتوانند حول ایده‌های حیاتی همچون دموکراسی،سکولاریسم، عدالت اجتماعی،آزادی،زبان مادری،یکپارچگی سرزمینی و حقوقی همچون حق تشکل‌یابی مؤتلف شوند تا روند براندازی تباهی موجود تا رسیدن به منزلگاه بعدی که تاسیس؛ است تسهیل شود./۶,"- What is expected from the opposition groups and currents is that they can unite around vital ideas such as democracy, secularism, social justice, freedom, mother tongue, territorial integrity and rights such as the right to organize in order to subvert the existing corruption process until reaching the next destination that is established; is to be facilitated./6"
1602705088589561856,ailar1000,2022-12-13 16:40:44.597000+00:00,"#بهاره_هدايت، جسورانه، نقادانه و مستدل از زندان چنین نوشته:

-این حکومت سرشت و سرنوشتش تباهی است و باید برود.از بین بردن این حکومت جنایتکار حتما پرهزینه و پرمخاطره خواهد بود، اما از پرداخت این هزینه‌ها و مواجهه با مخاطراتش گریزی نیست…. انقلاب قطعی است/ ۱",0,0,0,https://x.com/farnoosh_a/status/1602705088589561856,"#بهاره_هدايت، جسورانه، نقادانه و مستدل از زندان چنین نوشته:

-این حکومت سرشت و سرنوشتش تباهی است و باید برود.از بین بردن این حکومت جنایتکار حتما پرهزینه و پرمخاطره خواهد بود، اما از پرداخت این هزینه‌ها و مواجهه با مخاطراتش گریزی نیست…. انقلاب قطعی است/ ۱","#Bahareh_Hedayat wrote boldly, critically and well-reasoned from prison:

- This government's nature and destiny is ruin and it must go. Eliminating this criminal government will definitely be expensive and risky, but there is no avoiding paying these costs and facing its dangers... The revolution is certain/ 1"
1599557487698464768,ailar1000,2022-12-05 00:13:18.065000+00:00,"از بات‌های تلگرامی زیر میتوانید کانکشن‌های فیلترشکن ضدقطعی دریافت کنید. این فیلترشکن‌ها در قطعی اینترنت نیز کار میکنند:
vpnmaster1_bot
sansorchi_bezan_gheychi_bot
internet_for_everyone_bot
—-
اگر شما را فالو میکنم و یا میشناسم، میتونید شخصا به من هم برای دریافت فیلترشکن پیام بدید",0,0,0,https://x.com/AminAnvary/status/1599557487698464768,"از بات‌های تلگرامی زیر میتوانید کانکشن‌های فیلترشکن ضدقطعی دریافت کنید. این فیلترشکن‌ها در قطعی اینترنت نیز کار میکنند:
vpnmaster1_bot
sansorchi_bezan_gheychi_bot
internet_for_everyone_bot
—-
اگر شما را فالو میکنم و یا میشناسم، میتونید شخصا به من هم برای دریافت فیلترشکن پیام بدید","From the following Telegram bots, you can get anti-interruption filter connections. These filter breakers also work in internet outages:
vpnmaster1_bot
sansorchi_bezan_gheychi_bot
internet_for_everyone_bot
—-
If I follow you or know you, you can message me personally to receive the filter breaker"
1601541260585861120,ailar1000,2022-12-10 11:36:06.378000+00:00,"#Mahansadrat is an innocent who could be killed by the Mullahs at any moment. The Islamic Republic does not have a judicial system with due process. Don't let the tragedy of Mohsen Shekhari happen again. Be the voice of the innocent
#MahsaAmini
#MohsenShekari",0,0,0,https://x.com/OutFarsi/status/1601541260585861120,"#Mahansadrat is an innocent who could be killed by the Mullahs at any moment. The Islamic Republic does not have a judicial system with due process. Don't let the tragedy of Mohsen Shekhari happen again. Be the voice of the innocent
#MahsaAmini
#MohsenShekari","#Mahansadrat is an innocent who could be killed by the Mullahs at any moment. The Islamic Republic does not have a judicial system with due process. Don't let the tragedy of Mohsen Shekhari happen again. Be the voice of the innocent
#MahsaAmini
#MohsenShekari"
1600891623209979911,ailar1000,2022-12-08 16:34:40.758000+00:00,"تویتر به مسدود کردن اکانت هایمان ادامه میدهد. اگر این اکانتمان هم مسدود شود دیگر به تویتر باز نخواهیم گشت. منتظر حمایت شما در این زمینه هستیم، زمان همبستگی فرا رسیده است
#Anonymous
#OpIran 
#FreeSpeech",0,0,0,https://x.com/Parrattarna/status/1600891623209979911,"تویتر به مسدود کردن اکانت هایمان ادامه میدهد. اگر این اکانتمان هم مسدود شود دیگر به تویتر باز نخواهیم گشت. منتظر حمایت شما در این زمینه هستیم، زمان همبستگی فرا رسیده است
#Anonymous
#OpIran 
#FreeSpeech","Twitter continues to block our accounts. If this account is blocked, we will not return to Twitter. We look forward to your support in this regard, the time for solidarity has come
#Anonymous
#OpIran 
#FreeSpeech"
1601219193319620608,ailar1000,2022-12-09 14:16:19.558000+00:00,"People are being slaughtered in Iran.

STOP tweeting and talking about how to salvage the JCPOA and start talking about how to support the democratic aspirations of the Iranian people who are risking their lives for a free Iran, and hence a more dependable state to engage with.",0,0,0,https://x.com/NazaninBoniadi/status/1601219193319620608,"People are being slaughtered in Iran.

STOP tweeting and talking about how to salvage the JCPOA and start talking about how to support the democratic aspirations of the Iranian people who are risking their lives for a free Iran, and hence a more dependable state to engage with.","People are being slaughtered in Iran.

STOP tweeting and talking about how to salvage the JCPOA and start talking about how to support the democratic aspirations of the Iranian people who are risking their lives for a free Iran, and hence a more dependable state to engage with."
1599869672823746561,ailar1000,2022-12-05 20:53:48.799000+00:00,"#فوری
عرزشیا و سایبریا یه خبر دارم براتون توپ،هشتگ #مهسا_امینی رو که امروز آوردین پایین دوباره ترند شد!

""5 تا هشتگ منشن کنید بالا بمونه""",0,0,0,https://x.com/kotletzadeh/status/1599869672823746561,"#فوری
عرزشیا و سایبریا یه خبر دارم براتون توپ،هشتگ #مهسا_امینی رو که امروز آوردین پایین دوباره ترند شد!

""5 تا هشتگ منشن کنید بالا بمونه""","# Urgent
Arzashia and Siberia, I have news for you, the hashtag #Mehsa_Amini, which you brought down today, has become a trend again!

""Mention 5 hashtags and it will stay up"""
1049360518383849475,ailar1000,2018-10-08 18:06:58.415000+00:00,"من از این بغض می ترسم.
من از تحریم می ترسم.
من آذری ام و از همه مردهای آذری که اشک میریزند، میترسم. آنها فاصله زیادی تا آخر خط ندارند و من از این آخر خط میترسم. 
من از بسته شدن حساب علی آقا میترسم.
من از همه دیر شدن ها می ترسم... 

#ريتوييت_لطفا 
عکس را باز کنید و کامل ببینید",0,0,0,https://x.com/Bahman_Babazade/status/1049360518383849475,"من از این بغض می ترسم.
من از تحریم می ترسم.
من آذری ام و از همه مردهای آذری که اشک میریزند، میترسم. آنها فاصله زیادی تا آخر خط ندارند و من از این آخر خط میترسم. 
من از بسته شدن حساب علی آقا میترسم.
من از همه دیر شدن ها می ترسم... 

#ريتوييت_لطفا 
عکس را باز کنید و کامل ببینید","I am afraid of this hatred.
I am afraid of sanctions.
I am an Azeri and I am afraid of all Azeri men who shed tears. They are not far from the end of the line and I fear this end of the line. 
I am afraid of the closure of Ali Agha's account.
I'm afraid of being late... 

#retweet_please 
Open the photo and see it in full"
1043588138717851648,ailar1000,2018-09-22 19:49:35.857000+00:00,مبارک باشه،پاینده باشید,0,0,0,https://x.com/ailar1000/status/1043588138717851648,مبارک باشه،پاینده باشید,"Congratulations, stay strong"
1041349572252053504,ailar1000,2018-09-16 15:34:20.021000+00:00,"۱۸ فروردین ۱۳۶۵
سفر جرج بوش، معاون رئیس جمهور آمریکا به کشورهای حاشیه خلیج‌فارس.
سخنان تندی علیه ایران گفت، #هاشمی جواب تندتری در نمازجمعه داد؛
اما دو کشور مشغول مذاکراتی محرمانه بودند!
#مک_فارلین
#ایران_گیت",0,0,0,https://x.com/reza__25/status/1041349572252053504,"۱۸ فروردین ۱۳۶۵
سفر جرج بوش، معاون رئیس جمهور آمریکا به کشورهای حاشیه خلیج‌فارس.
سخنان تندی علیه ایران گفت، #هاشمی جواب تندتری در نمازجمعه داد؛
اما دو کشور مشغول مذاکراتی محرمانه بودند!
#مک_فارلین
#ایران_گیت","April 18, 1365
The visit of George Bush, the vice president of the United States, to the Persian Gulf countries.
He spoke harsh words against Iran, #Hashemi gave a sharper answer in the Friday prayer;
But the two countries were engaged in secret negotiations!
#McFarlane
#Iran_Gate"
1036164721181896704,ailar1000,2018-09-02 08:11:35.196000+00:00,به تاکید #مهدی_کروبی، شورای بازنگری قانون اساسی در سال ۶۸ مدت رهبری آقای خامنه ای را ۱۰ سال تعیین کرده بوده اما بعد، هاشمی رفسنجانی گفته برخی مدرسین حوزه خواسته اند رهبری دائمی شود و تصمیم را مجددا به رای گذاشته و بعد از شبهه در صحت رای گیری هم اجازه رای گیری مجدد را نداده است.,0,0,0,https://x.com/hosseinbastani/status/1036164721181896704,به تاکید #مهدی_کروبی، شورای بازنگری قانون اساسی در سال ۶۸ مدت رهبری آقای خامنه ای را ۱۰ سال تعیین کرده بوده اما بعد، هاشمی رفسنجانی گفته برخی مدرسین حوزه خواسته اند رهبری دائمی شود و تصمیم را مجددا به رای گذاشته و بعد از شبهه در صحت رای گیری هم اجازه رای گیری مجدد را نداده است.,"According to Mehdi Karroubi, the Constitutional Revision Council in 1968 set the term of Mr. Khamenei's leadership for 10 years, but later, Hashemi Rafsanjani said that some teachers of the area wanted him to be a permanent leader, and he put the decision to a vote again, and after doubting the validity of the vote, he did not allow a re-vote."
1035842632583454720,ailar1000,2018-09-01 10:51:43.290000+00:00,"""دادگاه ویژه مبارزه با اخلالگران اقتصادی"" ۱۲ نفر را محاکمه کرده که مجموع سود ۸ نفرشان ۱۳ میلیارد تومان اعلام شده (نفر هشتم ۳۲۰ میلیون ت). /برای محاکمه‌هایی در این حد بود که رئیس ق.قضاییه -با آن میزان تبلیغات- از رهبر ""حکم حکومتی"" گرفت؟ پرونده ۳۲۰ میلیونی ""اختیارات ویژه"" می‌خواست؟",0,0,0,https://x.com/hosseinbastani/status/1035842632583454720,"""دادگاه ویژه مبارزه با اخلالگران اقتصادی"" ۱۲ نفر را محاکمه کرده که مجموع سود ۸ نفرشان ۱۳ میلیارد تومان اعلام شده (نفر هشتم ۳۲۰ میلیون ت). /برای محاکمه‌هایی در این حد بود که رئیس ق.قضاییه -با آن میزان تبلیغات- از رهبر ""حکم حکومتی"" گرفت؟ پرونده ۳۲۰ میلیونی ""اختیارات ویژه"" می‌خواست؟","The ""Special Court for Combating Economic Disruptors"" tried 12 people, the total profit of 8 of them was declared to be 13 billion tomans (the eighth person is 320 million tons). / Was it for such trials that the head of the judiciary - with that amount of propaganda - received a ""government order"" from the leader? The 320 million case wanted ""special powers""?"
1035873634601127937,ailar1000,2018-09-01 12:54:54.747000+00:00,"اگر نرخ #ارز در کشورها از سال ۲۰۰۰ ثابت در نظر گرفته شود ثروت افراد در کشورهای مختلف چقدر فرق می‌کند؟
ثروت هر ترک با نرخ سال ۲۰۰۰ بیش از ۴۰۰٪ رشد و با نرخ سال ۲۰۱۴ فقط ۷۰٪ رشد کرده! یعنی کاهش ارزش پول ملی حدود ۸۳٪ رشد ثروت را خورده. با نرخ‌ ۲۰۱۸ به کمتر از نصف هم باید رسیده باشد.",0,0,0,https://x.com/alhosseini/status/1035873634601127937,"اگر نرخ #ارز در کشورها از سال ۲۰۰۰ ثابت در نظر گرفته شود ثروت افراد در کشورهای مختلف چقدر فرق می‌کند؟
ثروت هر ترک با نرخ سال ۲۰۰۰ بیش از ۴۰۰٪ رشد و با نرخ سال ۲۰۱۴ فقط ۷۰٪ رشد کرده! یعنی کاهش ارزش پول ملی حدود ۸۳٪ رشد ثروت را خورده. با نرخ‌ ۲۰۱۸ به کمتر از نصف هم باید رسیده باشد.","If the #currency rate in countries is considered constant since 2000, how much does the wealth of people in different countries differ?
The wealth of every Turk grew by more than 400% at the rate of 2000 and only 70% at the rate of 2014! It means that the devaluation of the national currency ate about 83% of the wealth growth. At the rate of 2018, it should have reached less than half."
1035829214199599104,ailar1000,2018-09-01 09:58:24.098000+00:00,"به کمر خمیده این مادر پیرم هر آن‌که دستش به بهبود وضع #زابل می‌رسد و نمی‌کند رسوای دو عالم و عبرت جهانیان گردد. به همین صراحت! 
#سیستان_هوا_ندارد",0,0,0,https://x.com/kalbalouchi/status/1035829214199599104,"به کمر خمیده این مادر پیرم هر آن‌که دستش به بهبود وضع #زابل می‌رسد و نمی‌کند رسوای دو عالم و عبرت جهانیان گردد. به همین صراحت! 
#سیستان_هوا_ندارد","To the bent back of this old mother, whoever can help to improve the situation of #Zabul and does not make it a disgrace to two worlds and a lesson to the world. That's right! 
#Sistan_has_no_weather"
1036196657866698752,ailar1000,2018-09-02 10:18:29.495000+00:00,"انتقاد تند #کروبی از #خامنه‌ای و مرزبندی با #اصلاح‌طلبان موجود: من به اصلاحات باور دارم اما پالایش و اصلاحاتی که ساختار نظام را در جهت حق تعیین سرنوشت مردم بدون نگاه قیم‌مآبانه فرد یا گروهی اصلاح کند.
m.dw.com/fa-ir/iran/a-4
…",0,0,0,https://x.com/JamshidBarzegar/status/1036196657866698752,"انتقاد تند #کروبی از #خامنه‌ای و مرزبندی با #اصلاح‌طلبان موجود: من به اصلاحات باور دارم اما پالایش و اصلاحاتی که ساختار نظام را در جهت حق تعیین سرنوشت مردم بدون نگاه قیم‌مآبانه فرد یا گروهی اصلاح کند.
m.dw.com/fa-ir/iran/a-4
…","#Karoubi's sharp criticism of #Khamenei and demarcation with the existing #reformers: I believe in reforms, but reforms that reform the structure of the system in the direction of people's right to determine their own destiny, without the patronizing view of an individual or a group.
m.dw.com/fa-ir/iran/a-4
…"
1036239269323583494,ailar1000,2018-09-02 13:07:48.858000+00:00,"ما براي جشن هاي ٥ هزارتوماني كه هر ماه برگزار مي كنيم نياز به طراحي پوستر داريم. در صورت تمايل خوشحال مي شويم به ما ايميل بزنيد و طرح هاي خود را ارسال نماييد. 
#ايران #كرمانشاه #زلزله #اميد #نرگس_کلباسی",0,0,0,https://x.com/NargesKalbasi/status/1036239269323583494,"ما براي جشن هاي ٥ هزارتوماني كه هر ماه برگزار مي كنيم نياز به طراحي پوستر داريم. در صورت تمايل خوشحال مي شويم به ما ايميل بزنيد و طرح هاي خود را ارسال نماييد. 
#ايران #كرمانشاه #زلزله #اميد #نرگس_کلباسی","We need to design a poster for the 5 thousand Toman celebrations that we hold every month. If you wish, we will be happy to send you an email and send your designs. 
#Iran #Kermanshah #Earthquake #Omid #Narges_Kolbasi"
1036315772770050048,ailar1000,2018-09-02 18:11:48.701000+00:00,"بعضی آدم‌ها هرچقدر هم دیر بروند، زود است... خیلی خیلی زود!

دکتر احسان یارشاطر، موسس مرکز مطالعات ایران‌شناسی دانشگاه کلمبیا و بنیان‌گذار دائره‌المعارف عظیم ایرانیکا در سن ۹۹سالگی درگذشت.",0,0,0,https://x.com/hosseindehbashi/status/1036315772770050048,"بعضی آدم‌ها هرچقدر هم دیر بروند، زود است... خیلی خیلی زود!

دکتر احسان یارشاطر، موسس مرکز مطالعات ایران‌شناسی دانشگاه کلمبیا و بنیان‌گذار دائره‌المعارف عظیم ایرانیکا در سن ۹۹سالگی درگذشت.","No matter how late some people go, it is early... very very early!

Dr. Ehsan Yarshater, the founder of the Iranian Studies Center of Columbia University and the founder of the huge encyclopedia Iranica, died at the age of 99."
1035820208710201344,ailar1000,2018-09-01 09:22:37.022000+00:00,چرخ #ویلچرش در رفته  و این مامور داره  براش تعمییر می کنه ای کاش صحنه های این طوری رو هم بین همه خبرهای سیاه  می دیدیم و  منتشر می کردیم. بازنشر  این تصاویر جامعه رو با #معلولان مهربانتر می کند,0,0,0,https://x.com/somayehafshinf5/status/1035820208710201344,چرخ #ویلچرش در رفته  و این مامور داره  براش تعمییر می کنه ای کاش صحنه های این طوری رو هم بین همه خبرهای سیاه  می دیدیم و  منتشر می کردیم. بازنشر  این تصاویر جامعه رو با #معلولان مهربانتر می کند,The wheel of his #wheelchair is broken and this agent is repairing it. I wish we could see and publish scenes like this among all the black news. Republishing these images makes the society kinder to #disabled people
1035836765406420994,ailar1000,2018-09-01 10:28:24.446000+00:00,"دختر ۹ ساله روی کفش ۹ سانتی‌متری 

نیره عابدین‌زاده، معاون دادستان مشهد به ایرنا گفته:
- اگر زودتر خبر میدادند حتی اجازه نمیدادم دختر را به آرایشگاه و تالار ببرند
- دختر ظریف و نحیف ۹ ساله را با کفش پاشنه بلند ۷-۹ سانتی آوردند دفتر ما
- از ازدواج هیچ چیز به جز لباس عروسی نمیدانست",0,0,0,https://x.com/IRNA_1313/status/1035836765406420994,"دختر ۹ ساله روی کفش ۹ سانتی‌متری 

نیره عابدین‌زاده، معاون دادستان مشهد به ایرنا گفته:
- اگر زودتر خبر میدادند حتی اجازه نمیدادم دختر را به آرایشگاه و تالار ببرند
- دختر ظریف و نحیف ۹ ساله را با کفش پاشنه بلند ۷-۹ سانتی آوردند دفتر ما
- از ازدواج هیچ چیز به جز لباس عروسی نمیدانست","9-year-old girl on 9 cm shoes 

Nireh Abedinzadeh, deputy prosecutor of Mashhad, told IRNA:
- If they had informed me earlier, I would not even have allowed the girl to be taken to the salon and salon
- They brought a 9-year-old delicate and thin girl to our office with 7-9 cm high heels
- He knew nothing about marriage except the wedding dress"
1035943924580458496,ailar1000,2018-09-01 17:34:13.184000+00:00,"بهش عمو کتابی هم میگفتیم
سی و یک روز اعتصاب غذا!!
با#فرهاد_میثمی عزیز ما در بند چه میکنند.!
#فرهاد_میثمی
#اعتصاب_غذا",0,0,0,https://x.com/jmcvandi/status/1035943924580458496,"بهش عمو کتابی هم میگفتیم
سی و یک روز اعتصاب غذا!!
با#فرهاد_میثمی عزیز ما در بند چه میکنند.!
#فرهاد_میثمی
#اعتصاب_غذا","We also called him uncle book
Thirty-one days of hunger strike!!
What are they doing with our dear #Farhad_Meythami in prison?!
#Farhad_Maythami
#food_strike"
1035589391740284928,ailar1000,2018-08-31 18:05:25.968000+00:00,"نامش «نیلوفر همافر» هستش، ۲۰ساله. نیلوفر ۱۱مردادماه در جریان اعتراضات مردم در تهران، در چارراه ولیعصر بازداشت شد و الان پس از گذشت حدود یک‌ماه، در زندان قرچک ورامین همراه با ۱۴نفر دیگه بلاتکلیفه...
کاش بشه براشون کاری کرد چون نه ازشون خبری هست نه معلومه که چه وضعیتی دارند...",0,0,0,https://x.com/amirebtehaj/status/1035589391740284928,"نامش «نیلوفر همافر» هستش، ۲۰ساله. نیلوفر ۱۱مردادماه در جریان اعتراضات مردم در تهران، در چارراه ولیعصر بازداشت شد و الان پس از گذشت حدود یک‌ماه، در زندان قرچک ورامین همراه با ۱۴نفر دیگه بلاتکلیفه...
کاش بشه براشون کاری کرد چون نه ازشون خبری هست نه معلومه که چه وضعیتی دارند...","Her name is ""Niloufer Hamafar"", she is 20 years old. Nilofar was arrested on August 11th during the protests of the people in Tehran, at Valiasr intersection, and now, after about a month, he is in Qarchak Varamin prison along with 14 other people, undecided...
I wish something could be done for them, because there is no news about them, nor is it known what their condition is..."
1036148054850719744,ailar1000,2018-09-02 07:05:21.633000+00:00,"نامه شیخ مهدی ⁧#کروبی⁩ به خبرگان؛

در عجبم از سکوت قبرستانی برخی اشخاص در قبال این همه ظلم و تباهی!!! چرا عدالتخانه نظام اسلامی به این روز سیاه نشسته است؟
شما به عنوان ناظر ⁧#رهبری⁩، روزانه شاهد ذبح عدالت بنام حفظ ⁧#قدرت⁩ هستید.",0,0,0,https://x.com/reza__25/status/1036148054850719744,"نامه شیخ مهدی ⁧#کروبی⁩ به خبرگان؛

در عجبم از سکوت قبرستانی برخی اشخاص در قبال این همه ظلم و تباهی!!! چرا عدالتخانه نظام اسلامی به این روز سیاه نشسته است؟
شما به عنوان ناظر ⁧#رهبری⁩، روزانه شاهد ذبح عدالت بنام حفظ ⁧#قدرت⁩ هستید.","Sheikh Mehdi Karroubi's letter to the experts;

I am amazed at the grave silence of some people in front of all this cruelty and destruction!!! Why is the courthouse of the Islamic system sitting on this black day?
As an observer of #leadership, you daily witness the slaughter of justice in the name of maintaining #power."
1034661880755904512,ailar1000,2018-08-29 04:39:50.117000+00:00,در یکی از روستاهای سلماس این همه آدم جمع شدن یک سرسره رو افتتاح کنن!؟ اون سید پیغمبر خدا رو هم فرستادن بره بالا سر بخوره!! نگفتید بیفته لگنش بشکنه؟!,0,0,0,https://x.com/Gavaazn/status/1034661880755904512,در یکی از روستاهای سلماس این همه آدم جمع شدن یک سرسره رو افتتاح کنن!؟ اون سید پیغمبر خدا رو هم فرستادن بره بالا سر بخوره!! نگفتید بیفته لگنش بشکنه؟!,"In one of the villages of Selmas, so many people gather to open a slide!? Send the Prophet of God to go up!! Didn't you say that he will break his hip if he falls?!"
1034512785126944770,ailar1000,2018-08-28 18:47:22.949000+00:00,چقدر خوبه که همچین پدری داری خانم رفیعی.,0,0,0,https://x.com/EmilyAmraee/status/1034512785126944770,چقدر خوبه که همچین پدری داری خانم رفیعی.,"How good that you have such a father, Ms. Rafiei."
1033377281543155712,ailar1000,2018-08-25 15:35:17.798000+00:00,"در #برنامه_مناظره شبکه یک:
مطالبه ملی نصب کارتخوان را کتمان نکنید؛ حرف های دور از واقعیت کمیسیون بهداشت و نظام پزشکی/تعارض منافع با وزیرپزشک و نظام پزشکی چطور با منافع مردم سازگار است؟
طرح دغدغه ای که از #توییتر آغاز شد
#کنش_مدنی_موثر 
 #پزشک_فراری_از_کارتخوان 
ادامه درتوییت بعدی",0,0,0,https://x.com/sabaazarpeik/status/1033377281543155712,"در #برنامه_مناظره شبکه یک:
مطالبه ملی نصب کارتخوان را کتمان نکنید؛ حرف های دور از واقعیت کمیسیون بهداشت و نظام پزشکی/تعارض منافع با وزیرپزشک و نظام پزشکی چطور با منافع مردم سازگار است؟
طرح دغدغه ای که از #توییتر آغاز شد
#کنش_مدنی_موثر 
 #پزشک_فراری_از_کارتخوان 
ادامه درتوییت بعدی","In the #1 debate program:
Do not hide the national demand to install a card reader; How are the untrue words of the health and medical system commission/conflict of interests with the minister of medicine and the medical system compatible with the interests of the people?
The plan of concern that started from #Twitter
#effective_civic_action 
 #The doctor is running away from the card reader 
Continue in the next tweet"
1032993972585680897,ailar1000,2018-08-24 14:12:09.821000+00:00,"بعد از فاجعه ارزی جهانگیری - روحانی که جامعه را افسرده کرده است. شب های خواب به چشم ندارم. 
 تحمل رانت رسانه ای و مقام طلبی اصلاح طلبان را حتی  به قیمت محرومیت خود قبول کردم ،برای نجات ایران.
ولی فلاکت جامعه را به قیمت مقام طلبی برخی از  اصلاح طلبان قبول نمی کنم.
#بازى_درعرض",0,0,0,https://x.com/RahmaniTaghi/status/1032993972585680897,"بعد از فاجعه ارزی جهانگیری - روحانی که جامعه را افسرده کرده است. شب های خواب به چشم ندارم. 
 تحمل رانت رسانه ای و مقام طلبی اصلاح طلبان را حتی  به قیمت محرومیت خود قبول کردم ،برای نجات ایران.
ولی فلاکت جامعه را به قیمت مقام طلبی برخی از  اصلاح طلبان قبول نمی کنم.
#بازى_درعرض","After the tragedy of the currency of Jahangiri - Rouhani, who has depressed the society. I can't sleep at night. 
 I accepted the tolerance of media rent and reformists' desire for authority, even at the cost of my deprivation, to save Iran.
But I don't accept the misery of the society at the cost of seeking authority from some reformers.
#Bazi_Dar"
1033403064135241728,ailar1000,2018-08-25 17:17:44.847000+00:00,"اینکه به خاطر دولت مورد علاقه آقای رحیم مشایی زندانی و محروم از روزنامه نگاری شدم، یک ذره هم از تاسفم به خاطرنقض آشکار حقوق انسانی اش نمی کاهد، دیدن رنج و تحقیر زندانیان با هرنوع تفکر و عقیده ای عذابم می دهد و هرگز نمی گویم:خوب شد همون بلایی که سرمون آوردید سرتون اومد!
#مشایی",0,0,0,https://x.com/jilabani/status/1033403064135241728,"اینکه به خاطر دولت مورد علاقه آقای رحیم مشایی زندانی و محروم از روزنامه نگاری شدم، یک ذره هم از تاسفم به خاطرنقض آشکار حقوق انسانی اش نمی کاهد، دیدن رنج و تحقیر زندانیان با هرنوع تفکر و عقیده ای عذابم می دهد و هرگز نمی گویم:خوب شد همون بلایی که سرمون آوردید سرتون اومد!
#مشایی","The fact that I was imprisoned and deprived of journalism because of Mr. Rahim Mashaei's favorite government does not reduce my regret for the obvious violation of his human rights. Seeing the suffering and humiliation of prisoners torments me with any kind of thought and belief.
# walk"
1033092673534607362,ailar1000,2018-08-24 20:44:21.961000+00:00,"این چه مَرَضیه به جون بعضی بزرگان می‌افته، که انگار قدری که می‌خوان رو نمی‌بینن که باز تقلا می‌کنن!
آقای مدیری!باور کن شما نابغه طنز تلویزیونی ۲۰سال اخیری.رقبای امروزت هم کشفهای دیروز خودتن. ""سوغاتی"" تو برای ما برره ۲ است.بیا وخوانندگی رو برای حموم و همون تیتراژ سریالهات نگه دار!",0,0,0,https://x.com/PanahFB/status/1033092673534607362,"این چه مَرَضیه به جون بعضی بزرگان می‌افته، که انگار قدری که می‌خوان رو نمی‌بینن که باز تقلا می‌کنن!
آقای مدیری!باور کن شما نابغه طنز تلویزیونی ۲۰سال اخیری.رقبای امروزت هم کشفهای دیروز خودتن. ""سوغاتی"" تو برای ما برره ۲ است.بیا وخوانندگی رو برای حموم و همون تیتراژ سریالهات نگه دار!","What kind of pain is it in the lives of some elders, as if they don't see what they want, so they struggle again!
Mr. Moderi! Believe me, you are the genius of television humor of the last 20 years. Your competitors today are your own discoveries of yesterday. Your ""souvenir"" for us is Barre 2. Come and save the singing for the bathroom and the same title of your series!"
1026432018186293249,ailar1000,2018-08-06 11:37:17.977000+00:00,"مشاوران #روحانی اینجا و در سایر رسانه ها خیلی جوسازی نکنند که قرار است #رييس_جمهور اسرار مگویی بگوید و با صراحت از موانع کار خود بگوید. به اندازه کافی ناامیدی تولید کرده اید یک گل به خودی دیگر لازم نیست. 
@hesamodin1",0,0,0,https://x.com/hasanasadiz/status/1026432018186293249,"مشاوران #روحانی اینجا و در سایر رسانه ها خیلی جوسازی نکنند که قرار است #رييس_جمهور اسرار مگویی بگوید و با صراحت از موانع کار خود بگوید. به اندازه کافی ناامیدی تولید کرده اید یک گل به خودی دیگر لازم نیست. 
@hesamodin1","#Spiritual advisers here and in other media should not make too much noise that the #president is supposed to tell secrets and openly talk about the obstacles in his work. You've produced enough frustration that a spontaneous goal is no longer necessary. 
@hesamodin1"
1026395971293532160,ailar1000,2018-08-06 09:14:03.728000+00:00,"نرگس محمدی را  با عجله به زندان برگرداندید با این بهانه که اعزام های بعدی انجام شود. 
امروز قرار بر اعزام به دکتر مغز و اعصاب بوده است .اما  مخالفت می کنید ،چرا؟
بیماری نرگس محمدی نگران کننده است.
روند معلول سازی یک فعال حقوق بشر را متوقف کنید.",0,0,0,https://x.com/RahmaniTaghi/status/1026395971293532160,"نرگس محمدی را  با عجله به زندان برگرداندید با این بهانه که اعزام های بعدی انجام شود. 
امروز قرار بر اعزام به دکتر مغز و اعصاب بوده است .اما  مخالفت می کنید ،چرا؟
بیماری نرگس محمدی نگران کننده است.
روند معلول سازی یک فعال حقوق بشر را متوقف کنید.","You hurriedly sent Narges Mohammadi back to prison under the pretext that further dispatches would be carried out. 
Today, he was supposed to be sent to a neurologist, but you disagree, why?
Narges Mohammadi's illness is worrying.
Stop the process of disabling a human rights activist."
1025804994950430720,ailar1000,2018-08-04 18:05:43.988000+00:00,"امشب خانمه گفت:خانم دکتر! نمیشه یه دارویی ،چیزی بدین لپای بچه م دربیاد!

بخدا که مامانا  توقعاتشون خیلی از دکترا بالاست",0,0,0,https://x.com/sunn_96/status/1025804994950430720,"امشب خانمه گفت:خانم دکتر! نمیشه یه دارویی ،چیزی بدین لپای بچه م دربیاد!

بخدا که مامانا  توقعاتشون خیلی از دکترا بالاست","Tonight, the lady said: Mrs. Doctor! Can't a medicine, something like this get into my child's lap!

It's a shame that moms have very high expectations for a doctorate"
1025844697422614529,ailar1000,2018-08-04 20:43:29.795000+00:00,"""علی ربیعی :دراثراعمال  تحریم‌های تازه یک میلیون شغل در ایران تعطیل می‌شود"".اول مگربعد ازبرجام شما یک میلیون شغل ایجاد کرده اید که حالاازدست میرود.ثانیامخاطب هشدارتان کیست؟شما که ازمردم میخواهید الزامات جنگ اقتصادی را درک کنند با این سخنانتان که از قبل پرچم تسلیم را بالابرده اید",0,0,0,https://x.com/namvarha/status/1025844697422614529,"""علی ربیعی :دراثراعمال  تحریم‌های تازه یک میلیون شغل در ایران تعطیل می‌شود"".اول مگربعد ازبرجام شما یک میلیون شغل ایجاد کرده اید که حالاازدست میرود.ثانیامخاطب هشدارتان کیست؟شما که ازمردم میخواهید الزامات جنگ اقتصادی را درک کنند با این سخنانتان که از قبل پرچم تسلیم را بالابرده اید","""Ali Rabiei: One million jobs will be closed in Iran as a result of new sanctions""."
1026028987003355136,ailar1000,2018-08-05 08:55:47.855000+00:00,"تا وقتی سیدحسن خمینی این مقدار علنی آقازاده‌ست و بودجه رسمی داره به صرف نوه کسی بودن و کاخ می‌سازه و ازش دفاع می‌کنه و اوضاع مدیریتیش غیرشفافه، فعالیت‌های و پیگیری‌های مبارزه با آقازادگی و اشرافیت شوخی و جوک لوس و بی‌مزه‌ای بیش نیست.
حالا هی به ساعت مچی فلانی گیر بده",0,0,0,https://x.com/habil/status/1026028987003355136,"تا وقتی سیدحسن خمینی این مقدار علنی آقازاده‌ست و بودجه رسمی داره به صرف نوه کسی بودن و کاخ می‌سازه و ازش دفاع می‌کنه و اوضاع مدیریتیش غیرشفافه، فعالیت‌های و پیگیری‌های مبارزه با آقازادگی و اشرافیت شوخی و جوک لوس و بی‌مزه‌ای بیش نیست.
حالا هی به ساعت مچی فلانی گیر بده","As long as Seyyed Hasan Khomeini is this much of an aristocracy and has an official budget just because he is someone's grandson, he builds a palace and defends it, and his management situation is opaque, the activities and pursuits of fighting against aristocracy and aristocracy are nothing more than a joke and a dirty and tasteless joke.
Now, hey, stick to such and such a wristwatch"
1026230948634009600,ailar1000,2018-08-05 22:18:19.260000+00:00,در واقع پرسش این است جناب #خاتمی به عنوان کسی که به واسطه محبت و اعتماد اکثریت مردم، باعث ترکیب فعلی #دولت، #مجلس و #شهرداری ها شده، تا چه اخلاقی است که چنین #غیرمسئولانه به جای پاسخگویی فرار به جلو نموده و در جایگاه پرسش‌گری، به مطالبه و تکرار رهنمودهای مبهم و خیالی بنشیند؟,0,0,0,https://x.com/hosseindehbashi/status/1026230948634009600,در واقع پرسش این است جناب #خاتمی به عنوان کسی که به واسطه محبت و اعتماد اکثریت مردم، باعث ترکیب فعلی #دولت، #مجلس و #شهرداری ها شده، تا چه اخلاقی است که چنین #غیرمسئولانه به جای پاسخگویی فرار به جلو نموده و در جایگاه پرسش‌گری، به مطالبه و تکرار رهنمودهای مبهم و خیالی بنشیند؟,"In fact, the question is, Mr. Khatami, as someone who, due to the love and trust of the majority of people, has caused the current composition of the #government, #parliament and #municipalities, what is the morality of such #irresponsibility running forward instead of answering and sitting in the position of questioning, demanding and repeating vague and imaginary guidelines?"
1026231526961360898,ailar1000,2018-08-05 22:20:37.144000+00:00,«تنهایی اندازه‌ی ۱۵ سیگار در روز برای سلامتی زیانبار و دوبرابر مرگبارتر از چاقی مفرط است.»,0,0,0,https://x.com/h0d3r_fa/status/1026231526961360898,«تنهایی اندازه‌ی ۱۵ سیگار در روز برای سلامتی زیانبار و دوبرابر مرگبارتر از چاقی مفرط است.»,"""Alone, 15 cigarettes a day is harmful to health and twice as deadly as obesity."""
1026201559250731011,ailar1000,2018-08-05 20:21:32.285000+00:00,"این سرباز وطنم، امروز به محض شناسایی فرد انتحار کننده، او را در آغوش گرفت تا افراد بیشتری زنده بمانند.
در آغوش گرفت تا ترکش‌های انفجار به کسی نخورد، و با تمام وجود تمام ترکش‌ها را در تنش بلعید

روحت شاد ای مرد بزرگ،
ما کوچک‌تر از آن هستیم که در وصف تو بگوییم
#ننگرهار
#افغانستان",0,0,0,https://x.com/MostafaHazara/status/1026201559250731011,"این سرباز وطنم، امروز به محض شناسایی فرد انتحار کننده، او را در آغوش گرفت تا افراد بیشتری زنده بمانند.
در آغوش گرفت تا ترکش‌های انفجار به کسی نخورد، و با تمام وجود تمام ترکش‌ها را در تنش بلعید

روحت شاد ای مرد بزرگ،
ما کوچک‌تر از آن هستیم که در وصف تو بگوییم
#ننگرهار
#افغانستان","This soldier of my country, as soon as he identified the suicide bomber, hugged him so that more people would survive.
He hugged so that no one would be hit by the shrapnel from the explosion, and swallowed all the shrapnel with all his might.

May your soul be happy, great man.
We are too small to describe you
#Nangarhar
#Afghanistan"
1026114287293612032,ailar1000,2018-08-05 14:34:45.029000+00:00,۱۸ سالم بود، سال ۷۶ بود، از تیر چراغ برق جلوی خونمون رفتم بالا که این پوستر رو بزنم بالا و زدم،برای فردای بهتر،فکر میکردم او یک ناجی است اما در چشم همه ما نگاه کرد و گفت من یک #تدارکاتچی هستم.آقای خاتمی عذرخواهی شما الان به هیچ درد من نمی‌خوره پس لطفاً #سکوت_پیشه_کن !,0,0,0,https://x.com/Gavaazn/status/1026114287293612032,۱۸ سالم بود، سال ۷۶ بود، از تیر چراغ برق جلوی خونمون رفتم بالا که این پوستر رو بزنم بالا و زدم،برای فردای بهتر،فکر میکردم او یک ناجی است اما در چشم همه ما نگاه کرد و گفت من یک #تدارکاتچی هستم.آقای خاتمی عذرخواهی شما الان به هیچ درد من نمی‌خوره پس لطفاً #سکوت_پیشه_کن !,"I was 18 years old, it was 1976, I climbed the lamp post in front of our house to put this poster up and I did it, for a better tomorrow, I thought he was a savior, but he looked in the eyes of all of us and said that I am a #procurer. Mr. Khatami, your apology is of no use to me now, so please #shut up!"
1026124158126710785,ailar1000,2018-08-05 15:13:58.419000+00:00,"سخنان خاتمی را باید از جایی شروع کرد.
خاتمی از خودش شروع کند و همت کند.گام اول را بردارد
شورای عالی سیاست گذاری اصلاح طلبان دایره خودی را بازتر کند،به جامعه مدنی نزدیک شود.
 مثلا شورای سیاست گذاری به جای انجمن های اسلامی از تشکلات مدنی دعوت کند.
 #بازى_درعرض 
x.com/MahmoudianMe/s
…",0,0,0,https://x.com/RahmaniTaghi/status/1026124158126710785,"سخنان خاتمی را باید از جایی شروع کرد.
خاتمی از خودش شروع کند و همت کند.گام اول را بردارد
شورای عالی سیاست گذاری اصلاح طلبان دایره خودی را بازتر کند،به جامعه مدنی نزدیک شود.
 مثلا شورای سیاست گذاری به جای انجمن های اسلامی از تشکلات مدنی دعوت کند.
 #بازى_درعرض 
x.com/MahmoudianMe/s
…","Khatami's words must be started somewhere.
Khatami should start from himself and take the first step
The Supreme Policy Council of the Reformists should open up its circle of insiders and get closer to the civil society.
 For example, the policy-making council should invite civil organizations instead of Islamic associations.
 #Bazi_Dar 
x.com/MahmoudianMe/s
…"
1025685936858902528,ailar1000,2018-08-04 10:12:38.327000+00:00,"خلاقیت یک سردبیر. وقتی نتوانست عکس سید محمد خاتمی را روی مطلبم بگذارد.
@hesam_ghm",0,0,0,https://x.com/shlsedighi1/status/1025685936858902528,"خلاقیت یک سردبیر. وقتی نتوانست عکس سید محمد خاتمی را روی مطلبم بگذارد.
@hesam_ghm","The creativity of an editor. When he could not post the photo of Seyyed Mohammad Khatami on my article.
@hesam_ghm"
1026161633356390400,ailar1000,2018-08-05 17:42:53.210000+00:00,"محمد خاتمی گفته:تا #اصلاحات زنده است جایی برای #براندازی نیست!
-سئوال اینه که: آیا اصلاحات زنده است؟!",0,0,0,https://x.com/ShahramRafizade/status/1026161633356390400,"محمد خاتمی گفته:تا #اصلاحات زنده است جایی برای #براندازی نیست!
-سئوال اینه که: آیا اصلاحات زنده است؟!","Mohammad Khatami said: As long as #reforms are alive, there is no place for #subversion!
- The question is: Are the reforms alive?!"
1026029432283295744,ailar1000,2018-08-05 08:57:34.018000+00:00,"اشتری، فرمانده #نیروی_انتظامی: رییس‌جمهورِ کم‌عقل #آمریکا که مردم #ایران را تهدید می‌کند باید بداند که روزی مانند بقیه کنار می‌رود.
سیستمی که «رئیس‌جمهورِ کم‌عقلش روزی کنار می‌رود» سالم است! فساد و تباهی، سرنوشتِ سیستمی است که رهبر کم‌عقل‌اش مادامُ‌العمر است و هرگز کنار نمی‌رود",0,0,0,https://x.com/MJ_Akbarin/status/1026029432283295744,"اشتری، فرمانده #نیروی_انتظامی: رییس‌جمهورِ کم‌عقل #آمریکا که مردم #ایران را تهدید می‌کند باید بداند که روزی مانند بقیه کنار می‌رود.
سیستمی که «رئیس‌جمهورِ کم‌عقلش روزی کنار می‌رود» سالم است! فساد و تباهی، سرنوشتِ سیستمی است که رهبر کم‌عقل‌اش مادامُ‌العمر است و هرگز کنار نمی‌رود","Ashtari, the commander of the #administrative_force: the demented president of #America who threatens the people of #Iran must know that one day he will leave like everyone else.
The system whose ""inane president will leave one day"" is healthy! Corruption and ruin is the fate of a system whose leader is short-sighted for life and never leaves."
1026152182909947904,ailar1000,2018-08-05 17:05:20.048000+00:00,آقای #خاتمی راه‌حلی ۱۵ بندی برای برون‌رفت از بحران ارائه کرده که اغلب هم‌پوشانی دارند. مثلا؟ عفو عمومی با آزادی زندانیان سیاسی و رفع حصر یا همبستگی ملی با وحدت ملی و... کاملا مشخص است سرسری و وجبی نوشته شده و در عین حال جای موارد مهمی چون پاکدستی، تخصص‌گرایی و... خالی است. چرا؟,0,0,0,https://x.com/hosseindehbashi/status/1026152182909947904,آقای #خاتمی راه‌حلی ۱۵ بندی برای برون‌رفت از بحران ارائه کرده که اغلب هم‌پوشانی دارند. مثلا؟ عفو عمومی با آزادی زندانیان سیاسی و رفع حصر یا همبستگی ملی با وحدت ملی و... کاملا مشخص است سرسری و وجبی نوشته شده و در عین حال جای موارد مهمی چون پاکدستی، تخصص‌گرایی و... خالی است. چرا؟,"Mr. #Khatami offered a 15-point solution to get out of the crisis, which often overlap. For example? General amnesty with the release of political prisoners and the lifting of restrictions or national solidarity with national unity, etc., are clearly written in a cursory and obligatory manner, and at the same time, there is no place for important matters such as cleanliness, specialization, etc. why"
1025893871279071232,ailar1000,2018-08-04 23:58:53.756000+00:00,خود دونالد ترامپ هم از شروع تحریم ایران اون‌قدر خوشحال نیست که بعضی از هموطنانمون که طرفدارش هستند، خوشحالند...,0,0,0,https://x.com/PanahFB/status/1025893871279071232,خود دونالد ترامپ هم از شروع تحریم ایران اون‌قدر خوشحال نیست که بعضی از هموطنانمون که طرفدارش هستند، خوشحالند...,Donald Trump himself is not so happy about the start of sanctions against Iran that some of our compatriots who are his supporters are happy...
1025728825177530369,ailar1000,2018-08-04 13:03:03.699000+00:00,"یک سال و سه روز پیش: 
t.co/YwXVkVJgG6",0,0,0,https://x.com/I6__6__6I/status/1025728825177530369,"یک سال و سه روز پیش: 
t.co/YwXVkVJgG6","One year and three days ago: 
t.co/YwXVkVJgG6"
1025653521205616643,ailar1000,2018-08-04 08:03:49.833000+00:00,"يك بار ديگر و براى آخرين بار مى نويسم. من اگر از جنگ مى نويسم براى ""ترساندن"" نيست. من از جنگ مى نويسم چون در منطقه جنگزده ام.چون حوزه ام مناطق ويران شده در جنگ است.چون قدرت گلوله و بمب را ديدم و ديدم چطور همه چيز و اول از همه واقعيت مى تواند در جنگ گم شود و فراموش.باز هم مى نويسم",0,0,0,https://x.com/nafisehkBBC/status/1025653521205616643,"يك بار ديگر و براى آخرين بار مى نويسم. من اگر از جنگ مى نويسم براى ""ترساندن"" نيست. من از جنگ مى نويسم چون در منطقه جنگزده ام.چون حوزه ام مناطق ويران شده در جنگ است.چون قدرت گلوله و بمب را ديدم و ديدم چطور همه چيز و اول از همه واقعيت مى تواند در جنگ گم شود و فراموش.باز هم مى نويسم","I am writing one more time and for the last time. If I write about war, it is not to ""scare"". I write about war because I am in a war-torn area. Because my area is the war-torn areas. Because I saw the power of bullets and bombs and I saw how everything and first of all reality can be lost and forgotten in war. I am writing again."
1025823405789114368,ailar1000,2018-08-04 19:18:53.474000+00:00,"باشد ...
عبدالفتاح سلطانی و رنجهایش سهم ما مرتضوی و کاریکاتوری که از عدالت ساخت سهم شما",0,0,0,https://x.com/MehdiHajati/status/1025823405789114368,"باشد ...
عبدالفتاح سلطانی و رنجهایش سهم ما مرتضوی و کاریکاتوری که از عدالت ساخت سهم شما","be...
Abdul Fattah Soltani and his sufferings, our share, Mortazavi, and the cartoon that made justice your share"
1025815083061059584,ailar1000,2018-08-04 18:45:49.181000+00:00,"قلمت استوار هادی. اشک را ترجمه کردی و قفس را.#هماسلطانی 
کار هادی حیدری.",0,0,0,https://x.com/BehnoudMasoud/status/1025815083061059584,"قلمت استوار هادی. اشک را ترجمه کردی و قفس را.#هماسلطانی 
کار هادی حیدری.","Your pen is a strong leader. You translated the tears and the cage. #Homasoltani 
The work of Hadi Heydari."
1025790883206242310,ailar1000,2018-08-04 17:09:39.486000+00:00,مهم نیست که تجمع اعتراضی در یافت‌آباده یا هرجای دیگه،مهم نیست چه روزی از چه سال چه قرنیه،مهم فریاد‌های توی فیلمه،صداش رو می‌شه از همه‌جای ایران عزیزمان شنید،این صدا قابل سانسور و سرکوب نیست:همه خسته‌ان،همه بریدن،همه زیر ظلمن،همه خسته شدیم، همه خسته‌ایم،همه آزادی می‌خوایم...,0,0,0,https://x.com/ShahramRafizade/status/1025790883206242310,مهم نیست که تجمع اعتراضی در یافت‌آباده یا هرجای دیگه،مهم نیست چه روزی از چه سال چه قرنیه،مهم فریاد‌های توی فیلمه،صداش رو می‌شه از همه‌جای ایران عزیزمان شنید،این صدا قابل سانسور و سرکوب نیست:همه خسته‌ان،همه بریدن،همه زیر ظلمن،همه خسته شدیم، همه خسته‌ایم،همه آزادی می‌خوایم...,"It doesn't matter if the protest rally is in Yaftabad or anywhere else, it doesn't matter what day, what year, what century, what matters is the screams in the film, its voice can be heard from all over our dear Iran, this voice cannot be censored or suppressed: everyone is tired, everyone is cut, everyone is oppressed, we are all tired, we are all tired, we all want freedom..."
1025807719238918145,ailar1000,2018-08-04 18:16:33.509000+00:00,"متاسفانه هر روز کار کردن برای ما سختتر میشه. فقط تو همین چند روز، وان‌سیگنال ایران رو تحریم کرد و خیل عظیمی از اپلیکیشنهای موبایل که از این سرویس استفاده میکردن به مشکلات بزرگی خوردن.
از این طرف هم گیت‌لب داره منتقل میشه به سرورهای گوگل که تحریم هستیم از طرف گوگل.",0,0,0,https://x.com/mehdi_apr/status/1025807719238918145,"متاسفانه هر روز کار کردن برای ما سختتر میشه. فقط تو همین چند روز، وان‌سیگنال ایران رو تحریم کرد و خیل عظیمی از اپلیکیشنهای موبایل که از این سرویس استفاده میکردن به مشکلات بزرگی خوردن.
از این طرف هم گیت‌لب داره منتقل میشه به سرورهای گوگل که تحریم هستیم از طرف گوگل.","Unfortunately, it is getting harder for us to work every day. In just a few days, OneSignal banned Iran and a huge number of mobile applications that used this service faced great problems.
From this side, Gitlab is being transferred to Google servers, which are sanctioned by Google."
1025490463250423809,ailar1000,2018-08-03 21:15:53.787000+00:00,,0,0,0,https://x.com/BasharResan13/status/1025490463250423809,,
1025684768804020225,ailar1000,2018-08-04 10:07:59.841000+00:00,"از انفرادی که بیرونم آوردند و اولین ملاقات نصیبم شد، اولین خبری که همسر گفت این بود که برای وکالتت اقای عبدالفتاح سلطانی را انتخاب کردیم اما مرتضوی گفت پرونده را خرابتر نکنید و اضافه کرد خود عبدالفتاح را همین روزها میفرستم انفرادی. 
شرم برمن. تسلیت به آبروی عدل و خانواده سلطانی.",0,0,0,https://x.com/BehnoudMasoud/status/1025684768804020225,"از انفرادی که بیرونم آوردند و اولین ملاقات نصیبم شد، اولین خبری که همسر گفت این بود که برای وکالتت اقای عبدالفتاح سلطانی را انتخاب کردیم اما مرتضوی گفت پرونده را خرابتر نکنید و اضافه کرد خود عبدالفتاح را همین روزها میفرستم انفرادی. 
شرم برمن. تسلیت به آبروی عدل و خانواده سلطانی.","When they took me out of solitary confinement and gave me the first meeting, the first news my wife told me was that we chose Mr. Abdul Fattah Soltani as your attorney, but Mortazavi said, ""Don't make the case worse, and I will send Abdul Fattah himself alone these days."" 
shame on me Condolences to Adl and the Soltani family."
1024342160370544641,ailar1000,2018-07-31 17:12:57.046000+00:00,"بدن دوست‌ام که خودش برادرشهید بود، پر از ترکش است. تکه‌ای ازجمجمه‌اش را حتی مصنوعی گذاشتند. بعدا فهمید شیمیایی هم شده و بیماری خونی گرفت. اوایل پزشکان مخالف ازدواج و بعد فرزندآوری‌اش بودند، نمی‌دانی چقدردرد کشید!

امروز دخترش(بدون سهمیه) رتبه اول کنکورشد. نوشتم که شما هم شادشوید!",0,0,0,https://x.com/hosseindehbashi/status/1024342160370544641,"بدن دوست‌ام که خودش برادرشهید بود، پر از ترکش است. تکه‌ای ازجمجمه‌اش را حتی مصنوعی گذاشتند. بعدا فهمید شیمیایی هم شده و بیماری خونی گرفت. اوایل پزشکان مخالف ازدواج و بعد فرزندآوری‌اش بودند، نمی‌دانی چقدردرد کشید!

امروز دخترش(بدون سهمیه) رتبه اول کنکورشد. نوشتم که شما هم شادشوید!","The body of my friend, who was a martyr himself, is full of shrapnel. They even placed a piece of his skull artificially. Later, he found out that he was chemically treated and got a blood disease. In the beginning, the doctors were against her marriage and then having children, you don't know how much it hurt!

Today, his daughter (without quota) took the first place in the entrance exam. I wrote so that you can be happy too!"
1024341259131990017,ailar1000,2018-07-31 17:09:22.174000+00:00,"با تصويب قانون منع بازنشستگی در مجلس، دو گروه فاسد مشغول #لابی هستند.

گروه نخست برای دستكاری در پرونده و گرفتن مجوز ابقای بازنشسته ها

گروه دوم براي جايگزيني #زالوها و #ژن_های_خوب، بجای مديران بازنشسته

مردم از هر دو گروه بيزارند",0,0,0,https://x.com/yasharsoltani/status/1024341259131990017,"با تصويب قانون منع بازنشستگی در مجلس، دو گروه فاسد مشغول #لابی هستند.

گروه نخست برای دستكاری در پرونده و گرفتن مجوز ابقای بازنشسته ها

گروه دوم براي جايگزيني #زالوها و #ژن_های_خوب، بجای مديران بازنشسته

مردم از هر دو گروه بيزارند","With the approval of the pension prohibition law in the parliament, two corrupt groups are busy lobbying.

The first group is for manipulating the file and getting permission to keep pensioners

The second group to replace #leeches and #good_genes, instead of retired managers

People dislike both groups"
1024346136499433472,ailar1000,2018-07-31 17:28:45.029000+00:00,"مديركل انتقال خون سيستان وبلوچستان:
كمبود شديد خون در استان جدي است و نياز شديد به خون داريم وبا توجه به كمبود آن مجبور شديدم از استانهاي ديگر خون وارد كنيم.
شهروندان براي اهداي خون به پايگاههاي انتقال خون مراجعه كنند.",0,0,0,https://x.com/navid_bhz/status/1024346136499433472,"مديركل انتقال خون سيستان وبلوچستان:
كمبود شديد خون در استان جدي است و نياز شديد به خون داريم وبا توجه به كمبود آن مجبور شديدم از استانهاي ديگر خون وارد كنيم.
شهروندان براي اهداي خون به پايگاههاي انتقال خون مراجعه كنند.","Director General of Blood Transfusion in Sistan and Baluchistan:
There is a serious shortage of blood in the province, and we are in dire need of blood, and due to its shortage, we had to import blood from other provinces.
Citizens should go to blood transfusion centers to donate blood."
1023976375063994368,ailar1000,2018-07-30 16:59:27.033000+00:00,"«مشهد به مرکز پولشویی ایران تبدیل شده بود.»
این چند دقیقه صحبت‌های بهمن امویی رو از دست ندید.
youtu.be/9KdRVZQl0as",0,0,0,https://x.com/SamanJYK/status/1023976375063994368,"«مشهد به مرکز پولشویی ایران تبدیل شده بود.»
این چند دقیقه صحبت‌های بهمن امویی رو از دست ندید.
youtu.be/9KdRVZQl0as","""Mashhad had become the center of money laundering in Iran.""
Don't miss these few minutes of Bahman Amoy's talks.
youtu.be/9KdRVZQl0as"
1017800567777832960,ailar1000,2018-07-13 15:58:59.835000+00:00,۲/ جنبش زنان در ایران، بدون هیجانهای مقطعی نیست چندان ریشه دار و جانبخش است که با هیچ مبارزه دیگری مقایسه نمیشود. جنبشی است مدام که تنها با پشتکار و مداومت حاصل میدهد. برخی از اروپایی از صدسال قبل تا سه چهار دهه پیش هزینه میدادند. بهگمانم گاه این جنبش را، خود تقلیل می دهیم.,0,0,0,https://x.com/BehnoudMasoud/status/1017800567777832960,۲/ جنبش زنان در ایران، بدون هیجانهای مقطعی نیست چندان ریشه دار و جانبخش است که با هیچ مبارزه دیگری مقایسه نمیشود. جنبشی است مدام که تنها با پشتکار و مداومت حاصل میدهد. برخی از اروپایی از صدسال قبل تا سه چهار دهه پیش هزینه میدادند. بهگمانم گاه این جنبش را، خود تقلیل می دهیم.,"2/ The women's movement in Iran is not without temporary emotions, it is so deep-rooted and life-giving that it cannot be compared to any other struggle. It is a constant movement that only results with perseverance and persistence. Some Europeans used to pay from a hundred years ago to three or four decades ago. Sometimes we reduce this movement ourselves."
1022327696641196032,ailar1000,2018-07-26 03:48:11.466000+00:00,اول اردیبهشت نوبت سؤالم درباره حسابهای قوه قضاییه بود، بدرخواست رییس مجلس به تعویق افتاد بشرط آنکه ظرف دو هفته گزارش عملکرد حسابها را بدهند. پس ازسه ماه خبری نشد. سؤال در دستور هفته آینده قرار گرفت. بااصرار لاریجانی یک هفته دیگر تعویق افتاد.اگر گزارش ندهند هفته بعد مطرح خواهد شد.,0,0,0,https://x.com/mah_sadeghi/status/1022327696641196032,اول اردیبهشت نوبت سؤالم درباره حسابهای قوه قضاییه بود، بدرخواست رییس مجلس به تعویق افتاد بشرط آنکه ظرف دو هفته گزارش عملکرد حسابها را بدهند. پس ازسه ماه خبری نشد. سؤال در دستور هفته آینده قرار گرفت. بااصرار لاریجانی یک هفته دیگر تعویق افتاد.اگر گزارش ندهند هفته بعد مطرح خواهد شد.,"On May 1st, it was my turn to ask about the accounts of the judicial branch. It was postponed at the request of the Speaker of the Parliament, provided that they report the performance of the accounts within two weeks. There was no news after three months. The question was placed on the agenda for next week. With Larijani's insistence, it was postponed for another week. If they do not report, it will be brought up next week."
1022491732213161984,ailar1000,2018-07-26 14:40:00.594000+00:00,"احمدجنتی ۹۲ساله که همزمان دبیرشورای نگهبان وشورای تبلیغات اسلامی، رئیس خبرگان وستاد امربه معروف وعضو مجمع تشخیص وشورایعالی انقلاب فرهنگی است، امروزگفته""مشکل منابع نداریم،مشکل مدیریت داریم،بایدمدیران جوان وانقلابی روی کارآیند.""
پدرجان شما رضایت بده برو، کور شیم اگه""روی کار""نیاییم!",0,0,0,https://x.com/PanahFB/status/1022491732213161984,"احمدجنتی ۹۲ساله که همزمان دبیرشورای نگهبان وشورای تبلیغات اسلامی، رئیس خبرگان وستاد امربه معروف وعضو مجمع تشخیص وشورایعالی انقلاب فرهنگی است، امروزگفته""مشکل منابع نداریم،مشکل مدیریت داریم،بایدمدیران جوان وانقلابی روی کارآیند.""
پدرجان شما رضایت بده برو، کور شیم اگه""روی کار""نیاییم!","92-year-old Ahmad Janati, who is simultaneously the secretary of the Guardian Council and the Islamic Propaganda Council, the head of experts and the Ambarbeh Ma'rouh headquarters, and a member of the Council for the Recognition and Supreme Council of the Cultural Revolution, said today, ""We don't have a resource problem, we have a management problem, young and revolutionary managers should come to work.""
Please let your father go, we will be blind if we don't come to work!"
1022229368653795328,ailar1000,2018-07-25 21:17:28.247000+00:00,سقوط تاریخی مقام روحانیت را می توان در این واقعیت دید که بیش از قرنی پیش یک ایت الله شیرازی فتوا علیه تنباکو داد و ارکان استعمار و استبداد را در ایران به لرزه انداخت و این روزها کرامت آن آیت الله شیرازی دیگر در این است که سلطان شکر شده و مضحکه جهان.,0,0,0,https://x.com/milaniabbas/status/1022229368653795328,سقوط تاریخی مقام روحانیت را می توان در این واقعیت دید که بیش از قرنی پیش یک ایت الله شیرازی فتوا علیه تنباکو داد و ارکان استعمار و استبداد را در ایران به لرزه انداخت و این روزها کرامت آن آیت الله شیرازی دیگر در این است که سلطان شکر شده و مضحکه جهان.,"The historical downfall of the clerical position can be seen in the fact that more than a century ago, an Ayatollah Shirazi issued a fatwa against tobacco and shook the pillars of colonialism and tyranny in Iran, and these days, the dignity of that other Ayatollah Shirazi is that he is the proud king and the laughingstock of the world."
1022411160799404032,ailar1000,2018-07-26 09:19:50.872000+00:00,"آیت‌الله جنتی:«#قوه_قضائیه عاملان اصلی #گرانی را دادگاهی کند.»
اگر قرار بر دادگاهی کردن #عاملان_اصلی گرانی باشد، #جنتی در صف اول قرار می‌گیرد که با #نظارت_استصوابی، #انتخابات_آزاد را منتفی و ملت را از خدمات شایسته‌ترینها محروم کرده است. فسادپروری نتیجه دیگر عملکرد استصوابی است.",0,0,0,https://x.com/mostafatajzade/status/1022411160799404032,"آیت‌الله جنتی:«#قوه_قضائیه عاملان اصلی #گرانی را دادگاهی کند.»
اگر قرار بر دادگاهی کردن #عاملان_اصلی گرانی باشد، #جنتی در صف اول قرار می‌گیرد که با #نظارت_استصوابی، #انتخابات_آزاد را منتفی و ملت را از خدمات شایسته‌ترینها محروم کرده است. فسادپروری نتیجه دیگر عملکرد استصوابی است.","Ayatollah Jannati: ""#Judiciary should bring the main perpetrators of #Garani to court.""
If it is going to be the case to prosecute the main perpetrators, Janati will be in the first line, who has ruled out free elections and deprived the nation of the services of the most deserving people with arbitrary oversight. Corruption is another result of discretionary activity."
1022165102068416514,ailar1000,2018-07-25 17:02:05.899000+00:00,OFFICIAL: Brighton sign Iranian international Alireza Jahanbakhsh on a five year deal! ,0,0,0,https://x.com/brfootball/status/1022165102068416514,OFFICIAL: Brighton sign Iranian international Alireza Jahanbakhsh on a five year deal! ,OFFICIAL: Brighton sign Iranian international Alireza Jahanbakhsh on a five year deal!
1020551930899132418,ailar1000,2018-07-21 06:11:55.921000+00:00,یک سال از مرگ چستر بنینگتون گذشت.,0,0,0,https://x.com/hooshmandk/status/1020551930899132418,یک سال از مرگ چستر بنینگتون گذشت.,One year has passed since the death of Chester Bennington.
1020675357085597696,ailar1000,2018-07-21 14:22:23.017000+00:00,آقای رشیدپور، به کاووس سیدامامی و خانواده اش در همین #رسانه_ملی کلی اتهام زدید، به خانواده امامی هم وقت می دهید بیایند یکساعت از خودشان در برنامه #حالا_خورشید دفاع کنند؟به دراویش و فعالان محیط زیستی چطور؟,0,0,0,https://x.com/jilabani/status/1020675357085597696,آقای رشیدپور، به کاووس سیدامامی و خانواده اش در همین #رسانه_ملی کلی اتهام زدید، به خانواده امامی هم وقت می دهید بیایند یکساعت از خودشان در برنامه #حالا_خورشید دفاع کنند؟به دراویش و فعالان محیط زیستی چطور؟,"Mr. Rashidpour, you accused Kavos Seyed Emami and his family in the same #national_media. You also give the Emami family time to come and defend themselves for an hour on the #Hala_Khorshid program? What about Dervish and environmental activists?"
1020265132105129984,ailar1000,2018-07-20 11:12:17.760000+00:00,"این روزها که بحث موسسه #ثامن_الحجج داغ است برای این‌که بفهمید چی شد که این‌طور شد، کتاب اقتصاد سیاسی صندوق‌های قرض الحسنه و موسسات اعتباری را بخوانید. نوشته روزنامه‌نگار آگاه بهمن احمدی امویی که به خاطر پیش‌بینی این روزها چند سال هم زندان کشید.
@BahmanAmouee",0,0,0,https://x.com/mimnoon/status/1020265132105129984,"این روزها که بحث موسسه #ثامن_الحجج داغ است برای این‌که بفهمید چی شد که این‌طور شد، کتاب اقتصاد سیاسی صندوق‌های قرض الحسنه و موسسات اعتباری را بخوانید. نوشته روزنامه‌نگار آگاه بهمن احمدی امویی که به خاطر پیش‌بینی این روزها چند سال هم زندان کشید.
@BahmanAmouee","These days, when the issue of #Thaman_al-Hajj Institute is hot, in order to understand what happened, read the book ""Political Economy of Qarz Al-Hasna Funds and Credit Institutions"". Written by the well-known journalist Bahman Ahmadi Amoui, who spent several years in prison for predicting these days.
@BahmanAmouee"
1020661214651838465,ailar1000,2018-07-21 13:26:11.198000+00:00,"جناب 
@rezarashidpour
 
اگه واقعا دنبال یه کار رسانه ای و ژورنالیستی بودی که حقایق روشن بشه باید  نویسنده گزارش،خبرنگار روزنامه شرق 
@a_marzieh
 هم دعوت می‌کردی و اجازه می‌دادی گفت و گو را او انجام بده
اون وقت میشد شاهد یک گفت و گوی واقعی باشیم. با سوالاتی واقعی و صریح",0,0,0,https://x.com/JaziniMahsa/status/1020661214651838465,"جناب 
@rezarashidpour
 
اگه واقعا دنبال یه کار رسانه ای و ژورنالیستی بودی که حقایق روشن بشه باید  نویسنده گزارش،خبرنگار روزنامه شرق 
@a_marzieh
 هم دعوت می‌کردی و اجازه می‌دادی گفت و گو را او انجام بده
اون وقت میشد شاهد یک گفت و گوی واقعی باشیم. با سوالاتی واقعی و صریح","Mr 
@rezarashidpour
 
If you were really looking for a media and journalistic job that would make the facts clear, you should be a report writer, a reporter for Sharq newspaper 
@a_marzieh
 You used to invite and let him do the conversation
Then we could witness a real conversation. With real and honest questions"
1020762447634976770,ailar1000,2018-07-21 20:08:27.022000+00:00,از برنامه‌ حالا خورشید بگیر تا ۲۰:۳۰ همگی بسیج شدند تا روی گندی که #احسان_علیخانی زده خاک بدن،چرا برای #مهران_مديرى اینکارو نکردند؟جواب ساده است،چون علیخانی سالها با سواستفاده از احساسات مردم اشک همه رو درآورده و کارش با مذهب گره خورده.چون دکان فریب باید به هر قیمتی باز بماند.,0,0,0,https://x.com/Gavaazn/status/1020762447634976770,از برنامه‌ حالا خورشید بگیر تا ۲۰:۳۰ همگی بسیج شدند تا روی گندی که #احسان_علیخانی زده خاک بدن،چرا برای #مهران_مديرى اینکارو نکردند؟جواب ساده است،چون علیخانی سالها با سواستفاده از احساسات مردم اشک همه رو درآورده و کارش با مذهب گره خورده.چون دکان فریب باید به هر قیمتی باز بماند.,"From the Now Take the Sun program until 20:30, everyone was mobilized to cover up the mess that #Ehsan_Alikhani made, why didn't they do this for #Mehran_Madiri? The answer is simple, because Alikhani has made everyone cry by abusing people's feelings for years and his work is tied to religion. Because the shop of deception must remain open at any cost."
1011691149864685568,ailar1000,2018-06-26 19:22:21.097000+00:00,"بعد از انتشار نسخه ۳.۸.۹ (نسخه برطرف کننده مشکلات امنیتی کشف شده #جوملا) پشت آن نسخه ۳.۸.۱۰ نیز منتشر شد . مدتی هست جوملا همکاری خودش را با تیم امنیتی جدیدی شروع کرده است
توضیحات :
joomla.org/announcements/
…
joomla.org/announcements/
…",0,0,0,https://x.com/tagargtw/status/1011691149864685568,"بعد از انتشار نسخه ۳.۸.۹ (نسخه برطرف کننده مشکلات امنیتی کشف شده #جوملا) پشت آن نسخه ۳.۸.۱۰ نیز منتشر شد . مدتی هست جوملا همکاری خودش را با تیم امنیتی جدیدی شروع کرده است
توضیحات :
joomla.org/announcements/
…
joomla.org/announcements/
…","After the release of version 3.8.9 (the version that fixes security problems discovered #Joomla), version 3.8.10 was also released behind it. Joomla has been working with a new security team for some time now
Description:
joomla.org/announcements/
…
joomla.org/announcements/
…"
1011346647249547264,ailar1000,2018-06-25 20:33:25.273000+00:00,اشكى كه عادل فردوسى‌پور بعداز بازی سعى در پنهان داشتنش مى‌كرد نماينده اشك شوق ملتى بود كه به تأثر نشست.خداقوت به بازيكنان شايسته #تيم_ملى و مربى كاربلد كه حس مشترك توانایی و سرافرازى را به مردم گرفتار درمشكلات سياسى و اقتصادى امروز ايران ارزانى داشتند.سربلندى حق ملت ماست.بیش باد!,0,0,0,https://x.com/alishakourirad/status/1011346647249547264,اشكى كه عادل فردوسى‌پور بعداز بازی سعى در پنهان داشتنش مى‌كرد نماينده اشك شوق ملتى بود كه به تأثر نشست.خداقوت به بازيكنان شايسته #تيم_ملى و مربى كاربلد كه حس مشترك توانایی و سرافرازى را به مردم گرفتار درمشكلات سياسى و اقتصادى امروز ايران ارزانى داشتند.سربلندى حق ملت ماست.بیش باد!,"The tears that Adel Ferdowsipour was trying to hide after the game were representative of the tears of the nation that was moved. Thank goodness for the worthy players of the #national_team and coach Karbald, who shared a common sense of ability and pride to the people caught in the political and economic problems of Iran today. Pride is the right of our nation. Long winded!"
1010943170996326400,ailar1000,2018-06-24 17:50:09.038000+00:00,"قیمت جهانی گوشی موبایل هوآوی  FIG-LA1 حدود ۲۱۹ دلاره
این گوشی رو شرکت #مدیا_پردازش تامین و گارانتی کرده و تو سایت #دیجی‌کالا حدود ۱.۵ میلیون میفروشه یعنی با دلار ۶۸۰۰ تومنی
همین شرکت مدیا پردازش ۲۶ میلیون یورو ارز دولتی گرفته ولی داره به قیمت ارز آزاد میفروشه!
@azarijahromi",0,0,0,https://x.com/Sari_pishik/status/1010943170996326400,"قیمت جهانی گوشی موبایل هوآوی  FIG-LA1 حدود ۲۱۹ دلاره
این گوشی رو شرکت #مدیا_پردازش تامین و گارانتی کرده و تو سایت #دیجی‌کالا حدود ۱.۵ میلیون میفروشه یعنی با دلار ۶۸۰۰ تومنی
همین شرکت مدیا پردازش ۲۶ میلیون یورو ارز دولتی گرفته ولی داره به قیمت ارز آزاد میفروشه!
@azarijahromi","The global price of Huawei FIG-LA1 mobile phone is about 219 dollars
This phone is provided and guaranteed by the #Media_Processing company and it sells for about 1.5 million on the #Digikala site, that is, 6800 tomans.
The same media processing company has received 26 million euros of government currency, but it is selling at the price of free currency!
@azarijahromi"
1011127156305301504,ailar1000,2018-06-25 06:01:14.554000+00:00,«این یک جنبشه.»,0,0,0,https://x.com/hooshmandk/status/1011127156305301504,«این یک جنبشه.»,"""It's a movement."""
1010949211091693568,ailar1000,2018-06-24 18:14:09.109000+00:00,شما نميدونيد تو چه لجنزاري زندگي ميكنيم ما، اينجا حتي حموم رفتن هم برامون عذاب شده، اب بوي گوه ميده سر صورتم كه اصلاً نميشه شست مردم با دبه هاي ٢٠ ليتري تو گرماي ٥٠ رجه دنبال تانكر اب هستن كه حداقل اب شربشون تامين شه،  از غذا پختن نگم براتون، بابا ما تو جهنم زندگي ميكنيم #آبادان,0,0,0,https://x.com/mkmgh1321/status/1010949211091693568,شما نميدونيد تو چه لجنزاري زندگي ميكنيم ما، اينجا حتي حموم رفتن هم برامون عذاب شده، اب بوي گوه ميده سر صورتم كه اصلاً نميشه شست مردم با دبه هاي ٢٠ ليتري تو گرماي ٥٠ رجه دنبال تانكر اب هستن كه حداقل اب شربشون تامين شه،  از غذا پختن نگم براتون، بابا ما تو جهنم زندگي ميكنيم #آبادان,"You don't know what kind of mud we live in, even going to the bathroom here is a torture for us, the water smells like a wedge on my face that I can't wash it at all, people are looking for water tankers with 20 liter tanks in the heat of 50 degrees, so that they can at least have drinking water, I won't tell you about cooking, Dad, we live in hell #Abadan"
1010812542938243075,ailar1000,2018-06-24 09:11:04.882000+00:00,"شايد باور نكنيد اما اوضاع آب توی خوزستان انقد خراب شده که دارن آب بسته بندی پخش میکنن!
 بحران آب رو جدی بگیریم ،مديريت كه نيست خودمون به فكر باشيم!",0,0,0,https://x.com/hamedniksefat_/status/1010812542938243075,"شايد باور نكنيد اما اوضاع آب توی خوزستان انقد خراب شده که دارن آب بسته بندی پخش میکنن!
 بحران آب رو جدی بگیریم ،مديريت كه نيست خودمون به فكر باشيم!","You may not believe it, but the water situation in Khuzestan is so bad that they are distributing bottled water!
 Let's take the water crisis seriously, it's not up to the management to think for ourselves!"
1011221780365807616,ailar1000,2018-06-25 12:17:14.688000+00:00,جواب انها که تبلیغ میکنند راه حل ایران دست ماست، اینست که همیشه دست شما بود. اما در ویلاهای ده هزارمتری هیچ نقشه سری تهیه نشد، کشور از نظر شما غنیمتی بود که دست سپاهیان اسلام افتاد - اینرا عاقلترینتان، مهدوی کنی گفت -. اینک ۴۰ سال گذشت از غنیمت چیزی نمانده، حتی در عمق زمین، آب.,0,0,0,https://x.com/BehnoudMasoud/status/1011221780365807616,جواب انها که تبلیغ میکنند راه حل ایران دست ماست، اینست که همیشه دست شما بود. اما در ویلاهای ده هزارمتری هیچ نقشه سری تهیه نشد، کشور از نظر شما غنیمتی بود که دست سپاهیان اسلام افتاد - اینرا عاقلترینتان، مهدوی کنی گفت -. اینک ۴۰ سال گذشت از غنیمت چیزی نمانده، حتی در عمق زمین، آب.,"The answer of those who advertise that Iran's solution is in our hands is that it was always in your hands. But no secret plan was prepared in the 10,000-meter villas, according to you, the country was a booty that fell into the hands of the Islamic armies - this was said by the wisest of you, Mahdavi Keni. Now 40 years have passed, there is nothing left of the booty, even in the depth of the earth, water."
1010804034448617472,ailar1000,2018-06-24 08:37:16.300000+00:00,روزانه برای 6نفر از #دستفروشان_خردسال چهارراه ولیعصر میوه و شیر تهیه می‌کنم تا کمتر سراغ فست‌فود برن. اگه شماهم قصد کمک دارین، من درخدمتم,0,0,0,https://x.com/dastforoosh/status/1010804034448617472,روزانه برای 6نفر از #دستفروشان_خردسال چهارراه ولیعصر میوه و شیر تهیه می‌کنم تا کمتر سراغ فست‌فود برن. اگه شماهم قصد کمک دارین، من درخدمتم,"Every day, I prepare fruit and milk for 6 people from the small vendors of Chaharrah Valiasr so that they don't go to fast food. If you want to help, I am at your service"
1011179170372771840,ailar1000,2018-06-25 09:27:55.674000+00:00,نهار امروز با تیم,0,0,0,https://x.com/HosseinMahini/status/1011179170372771840,نهار امروز با تیم,Lunch today with the team
1001824771087224837,ailar1000,2018-05-30 13:56:53.088000+00:00,"به به - چه خبر خوشی 
تبریک فراوان به آقا ضیانبوی و رتبه خوبش (9) در کنکور ارشد امسال 
  
@ZiaNabavi1
 شیرینی یادت نداره استاد :) 
#حق_تحصیل
 #دانشجوی_ستاره‌دار",0,0,0,https://x.com/shirafkan82/status/1001824771087224837,"به به - چه خبر خوشی 
تبریک فراوان به آقا ضیانبوی و رتبه خوبش (9) در کنکور ارشد امسال 
  
@ZiaNabavi1
 شیرینی یادت نداره استاد :) 
#حق_تحصیل
 #دانشجوی_ستاره‌دار","What good news 
Many congratulations to Agha Zianboy and his good rank (9) in this year's senior exam 
  
@ZiaNabavi1
 You don't remember sweets, teacher :) 
#right to education
 #star_student"
997069968696074240,ailar1000,2018-05-17 11:02:59.858000+00:00,پیرو درخواست بعضی از اهالی #کازرون مدتی است درباره علت تغییر تقسیمات کشوری در این شهرستان پرس و جو می‌کنم؛ مردم انتظار دارند قانون ملاک عمل باشد. اعمال خشونت راه درستی برای پاسخ به اعتراضات مردم نیست.,0,0,0,https://x.com/mah_sadeghi/status/997069968696074240,پیرو درخواست بعضی از اهالی #کازرون مدتی است درباره علت تغییر تقسیمات کشوری در این شهرستان پرس و جو می‌کنم؛ مردم انتظار دارند قانون ملاک عمل باشد. اعمال خشونت راه درستی برای پاسخ به اعتراضات مردم نیست.,"Following the request of some residents of #Kazron, I have been inquiring for some time about the reason for the change of country divisions in this city; People expect the law to be the standard of action. Violence is not the right way to respond to people's protests."
996351924143362048,ailar1000,2018-05-15 11:29:44.696000+00:00,زیبا,0,0,0,https://x.com/ailar1000/status/996351924143362048,زیبا,beautiful
996033014269296640,ailar1000,2018-05-14 14:22:30.657000+00:00,"""our software is secure if you use it correctly"" means ""our software is not secure""",0,0,0,https://x.com/SarahJamieLewis/status/996033014269296640,"""our software is secure if you use it correctly"" means ""our software is not secure""","""our software is secure if you use it correctly"" means ""our software is not secure"""
995010332019118080,ailar1000,2018-05-11 18:38:44.208000+00:00,حتما بخرید,0,0,0,https://x.com/ailar1000/status/995010332019118080,حتما بخرید,Be sure to buy
960463209470754816,ailar1000,2018-02-05 10:40:48.338000+00:00,"دختر استالین 
shar.es/1NO1UB",0,0,0,https://x.com/ailar1000/status/960463209470754816,"دختر استالین 
shar.es/1NO1UB","Stalin's daughter 
shar.es/1NO1UB"
948346799705636864,ailar1000,2018-01-03 00:14:31.138000+00:00,اکانت‌های اجاره‌ای دوباره سر و کله‌اشون پیدا شده. همون روشی که برای تبلیغ قالیباف و بعد رئیسی انجام شد توی انتخابات ریاست جمهوری. تا حالا حدود ۵۰ تاشون رو پیدا کردم.,0,0,0,https://x.com/hooshmandk/status/948346799705636864,اکانت‌های اجاره‌ای دوباره سر و کله‌اشون پیدا شده. همون روشی که برای تبلیغ قالیباف و بعد رئیسی انجام شد توی انتخابات ریاست جمهوری. تا حالا حدود ۵۰ تاشون رو پیدا کردم.,Rental accounts have been found again. The same method that was used to promote carpet weavers and later presidents in the presidential election. I have found about 50 of them so far.
948191279548116992,ailar1000,2018-01-02 13:56:32.243000+00:00,تیم لنترن در حال تقویت فیلترشکنش است. میگن ممکنه الان مقداری کند باشد ولی تا چند ساعت آینده بهتر خواهد شد.,0,0,0,https://x.com/Ammir/status/948191279548116992,تیم لنترن در حال تقویت فیلترشکنش است. میگن ممکنه الان مقداری کند باشد ولی تا چند ساعت آینده بهتر خواهد شد.,"The Lantern team is strengthening filtering. They say it might be a bit slow now, but it will get better in the next few hours."
948079769828167680,ailar1000,2018-01-02 06:33:26.254000+00:00,"آیا با #استیضاح_روحانی موافقید؟
#ريتوييت_لطفا",0,0,0,https://x.com/M_R_Tahami/status/948079769828167680,"آیا با #استیضاح_روحانی موافقید؟
#ريتوييت_لطفا","Do you agree with the impeachment of a cleric?
#retweet_please"
933576348374847488,ailar1000,2017-11-23 06:02:01.119000+00:00,"وقتی میگیم ریتم تو خون بوشهریان دقیقا از چی حرف میزنیم
آموزش شپ به مایسا توسط بوا و عامو،مایسا خیلی زرنگ تر از اونان دوربین میبینه 
(از صفحه محسن شریفیان)
@HosseinMahini",0,0,0,https://x.com/hamsanggar/status/933576348374847488,"وقتی میگیم ریتم تو خون بوشهریان دقیقا از چی حرف میزنیم
آموزش شپ به مایسا توسط بوا و عامو،مایسا خیلی زرنگ تر از اونان دوربین میبینه 
(از صفحه محسن شریفیان)
@HosseinMahini","What exactly are we talking about when we say that rhythm is in Bushehrian's blood?
Shep teaches Maysa by Boa and Amo, Maysa sees the camera much smarter than them 
(From Mohsen Sharifian's page)
@HosseinMahini"
933981740720197634,ailar1000,2017-11-24 08:52:54.186000+00:00,پیش بسوی بوشهرجم,0,0,0,https://x.com/HosseinMahini/status/933981740720197634,پیش بسوی بوشهرجم,Forward to Bushehrjom
928398772777791488,ailar1000,2017-11-08 23:08:10.902000+00:00,"LEGO NEXO KNIGHTS Aaron Foxs Aero Striker V2 70320 Building Toys I1716 
rover.ebay.com/rover/1/711-53
…",0,0,0,https://x.com/BuyingToys/status/928398772777791488,"LEGO NEXO KNIGHTS Aaron Foxs Aero Striker V2 70320 Building Toys I1716 
rover.ebay.com/rover/1/711-53
…","LEGO NEXO KNIGHTS Aaron Foxs Aero Striker V2 70320 Building Toys I1716 
rover.ebay.com/rover/1/711-53
…"
928399295270805505,ailar1000,2017-11-08 23:10:15.474000+00:00,"CARVED CABRIOLE Furniture LEG set - 07 
cbr.sh/x38fl
#ZBrush",0,0,0,https://x.com/ailar1000/status/928399295270805505,"CARVED CABRIOLE Furniture LEG set - 07 
cbr.sh/x38fl
#ZBrush","CARVED CABRIOLE Furniture LEG set - 07 
cbr.sh/x38fl
#ZBrush"
928323222025719808,ailar1000,2017-11-08 18:07:58.199000+00:00,"#HorizonZeroDawn 
#TheFrozenWilds",0,0,0,https://x.com/SunhiLegend/status/928323222025719808,"#HorizonZeroDawn 
#TheFrozenWilds","#HorizonZeroDawn 
#TheFrozenWilds"
928323589002203137,ailar1000,2017-11-08 18:09:25.693000+00:00,"Portrait Likeness Study in Zbrush. Thandie Newton.
Character Design Digital Art Sculpting",0,0,0,https://x.com/pompidou_studio/status/928323589002203137,"Portrait Likeness Study in Zbrush. Thandie Newton.
Character Design Digital Art Sculpting","Portrait Likeness Study in Zbrush. Thandie Newton.
Character Design Digital Art Sculpting"
927955401571749889,ailar1000,2017-11-07 17:46:22.969000+00:00,بازیکنان تیم های پایه ای نفت تهران در حاشیه اتوبان ستاری تمرین می کنند و می بینید که از فرط ناراحتی، مدیر آکادمی،پیراهن نفت را آتش زد!,0,0,0,https://x.com/chiafoadi/status/927955401571749889,بازیکنان تیم های پایه ای نفت تهران در حاشیه اتوبان ستاری تمرین می کنند و می بینید که از فرط ناراحتی، مدیر آکادمی،پیراهن نفت را آتش زد!,The players of Tehran Naft basic teams are training on the edge of Sattari highway and you can see that the director of the academy set fire to Naft's shirt out of frustration!
927985990823587846,ailar1000,2017-11-07 19:47:56.015000+00:00,"آدم چقدر میتونه خوش شانس باشه که تو پرسپولیس و تیم ملی همبازی علی کریمی بوده باشه
تولدت مبارک مرد تکرار نشدنی",0,0,0,https://x.com/HosseinMahini/status/927985990823587846,"آدم چقدر میتونه خوش شانس باشه که تو پرسپولیس و تیم ملی همبازی علی کریمی بوده باشه
تولدت مبارک مرد تکرار نشدنی","How lucky can one be to have played with Ali Karimi in Persepolis and the national team
Happy birthday, unique man"
927568165432905728,ailar1000,2017-11-06 16:07:38.679000+00:00,"«مردها، زیر فشار رخت‌خواب» از تاثیر #فمینیسم بر #روابط_جنسی زن و مرد می‌گوید. اینجا بخوانید: 
macholand.net/men-bedstress/",0,0,0,https://x.com/macholand_fa/status/927568165432905728,"«مردها، زیر فشار رخت‌خواب» از تاثیر #فمینیسم بر #روابط_جنسی زن و مرد می‌گوید. اینجا بخوانید: 
macholand.net/men-bedstress/","""Men, under the pressure of the bed"" talks about the impact of #feminism on the #sexual relations between men and women. Read here: 
macholand.net/men-bedstress/"
881301994580787200,ailar1000,2017-07-02 00:02:23.964000+00:00,باید از درخواست آتش بس زاکانی استقبال کرد حتی اگر دلیلش محکومیت او به یک سال حبس با شکایت وزارت نفت بخاطر نشر اکاذیب باشد,0,0,0,https://x.com/ma_ahangaran/status/881301994580787200,باید از درخواست آتش بس زاکانی استقبال کرد حتی اگر دلیلش محکومیت او به یک سال حبس با شکایت وزارت نفت بخاطر نشر اکاذیب باشد,"Zakani's truce request should be welcomed, even if the reason is that he was sentenced to one year in prison with the complaint of the Ministry of Oil for publishing falsehoods."
881593398523723778,ailar1000,2017-07-02 19:20:20.078000+00:00,"امروز نذاشتن بساط کنیم و بعداز مدت ها کتک خوردم. منم در عوض با #دستفروش ها جلسه گذاشتم برای آینده شغلمون:
#صنف #رسمیت_بخشی #دستفروشی
11تیر96",0,0,0,https://x.com/dastforoosh/status/881593398523723778,"امروز نذاشتن بساط کنیم و بعداز مدت ها کتک خوردم. منم در عوض با #دستفروش ها جلسه گذاشتم برای آینده شغلمون:
#صنف #رسمیت_بخشی #دستفروشی
11تیر96","Today, I was not allowed to settle and after a long time I was beaten. Instead, I had a meeting with #peddlers for the future of our work:
#Sanf #Rasimit_Bakhshi #Handshop
July 11, 1996"
