tweet_id,username,created_at,text,replies,retweets,likes,url,year,month,date,Text_original,Text_en
1560481829727109121,ajibzade,2022-08-19 07:20:35.214,شرایط به گونه‌ای است که اگر همین امروز جمهوری اسلامی برود، به جز خاندان پهلوی، همهٔ گزینه‌های دیگر یا جمهوری اسلامی را ساخته‌اند یا جمهوری اسلامی آنها را ساخته است.,0,0,0,https://x.com/ajibzade/status/1560481829727109121,2022,8,2022-08-19,شرایط به گونه‌ای است که اگر همین امروز جمهوری اسلامی برود، به جز خاندان پهلوی، همهٔ گزینه‌های دیگر یا جمهوری اسلامی را ساخته‌اند یا جمهوری اسلامی آنها را ساخته است.,"The situation is such that if the Islamic Republic goes today, except for the Pahlavi family, all the other options have either built the Islamic Republic or the Islamic Republic has built them."
2008174268790505661,ajibzade,2026-01-05 15:50:30.410,"نگون‌بخت‌ها، با دموکراسی بازنده‌اند، با حملهٔ خارجی بازنده‌اند، با قیام مردمی بازنده‌اند، با رهبر یا بدون رهبر بازنده‌اند و...
براندازی، برایشان زیانِ مطلق است و همین است که مانع آنند. بقاء و حیاتشان به بقای جمهوری اسلامی بسته است.
#مرگ_بر_سه_فاسد_ملا_چپی_مجاهد",0,0,0,https://x.com/ajibzade/status/2008174268790505661,2026,1,2026-01-05,"نگون‌بخت‌ها، با دموکراسی بازنده‌اند، با حملهٔ خارجی بازنده‌اند، با قیام مردمی بازنده‌اند، با رهبر یا بدون رهبر بازنده‌اند و...
براندازی، برایشان زیانِ مطلق است و همین است که مانع آنند. بقاء و حیاتشان به بقای جمهوری اسلامی بسته است.
#مرگ_بر_سه_فاسد_ملا_چپی_مجاهد","The unfortunate ones lose with democracy, they lose with foreign attack, they lose with popular uprising, they lose with a leader or without a leader and...
Subversion is an absolute loss for them and that is what prevents them. Their survival depends on the survival of the Islamic Republic.
#Death_to_three_corrupt_Mullah_Chapi_Mujahid"
2022564018116771916,ajibzade,2026-02-14 08:50:13.998,فعلاً #از_دموکراسی_نگو,0,0,0,https://x.com/ajibzade/status/2022564018116771916,2026,2,2026-02-14,فعلاً #از_دموکراسی_نگو,Don't talk about #democracy for now
2022484986499338439,ajibzade,2026-02-14 03:36:11.392,"اینکه خانم بنیادی که هستند که همه جا سر و کله شان پیدا می‌شود سوال بسیار به جایی است که نیاز به پاسخ دارد.
اما علاوه بر آن، پرسش خانم بنیادی از شاهزاده، صرفا دغدغه جمهوری اسلامیست. حتی در اولویت دغدغه های اپوزیسیون مخالف شاهزاده نیست. آیا این سوال از جایی به ایشان «رله» شده بود؟",0,0,0,https://x.com/JalalEhsanirad/status/2022484986499338439,2026,2,2026-02-14,"اینکه خانم بنیادی که هستند که همه جا سر و کله شان پیدا می‌شود سوال بسیار به جایی است که نیاز به پاسخ دارد.
اما علاوه بر آن، پرسش خانم بنیادی از شاهزاده، صرفا دغدغه جمهوری اسلامیست. حتی در اولویت دغدغه های اپوزیسیون مخالف شاهزاده نیست. آیا این سوال از جایی به ایشان «رله» شده بود؟","Who are the fundamental ladies who can be found everywhere is a question that needs to be answered.
But in addition to that, the question of Mrs. Fanadi about the prince is only the concern of the Islamic Republic. It is not even the priority of the concerns of the opposition against the prince. Was this question ""relayed"" to him from somewhere?"
2022377413473128860,ajibzade,2026-02-13 20:28:43.984,صرفا از این جهت که بدونید چه کسی داره در مورد قانون‌مند کردن قدرت صحبت میکنه.,0,0,0,https://x.com/MehdiMMJ/status/2022377413473128860,2026,2,2026-02-13,صرفا از این جهت که بدونید چه کسی داره در مورد قانون‌مند کردن قدرت صحبت میکنه.,Just so you know who is talking about legitimizing power.
2022556855910711404,ajibzade,2026-02-14 08:21:46.395,به نسل بعدی امیدوار باشید. پیشتر هم نوشته‌ام که طول می‌کشد تا این نسل نوباوهٔ سیاسی با ارزش‌ها و باورهای راستین ملی جای خودش را پیدا کند. در فضای خصوصی، ملی‌گرایی موج می‌زند و می‌بینم حتی آدم‌هایی که هرگز اصلاً سیاسی نبوده‌اند، چپ را منبع شرارت و منشأ مشکل می‌دانند. ارزش‌ها عوض,0,0,0,https://x.com/ajibzade/status/2022556855910711404,2026,2,2026-02-14,به نسل بعدی امیدوار باشید. پیشتر هم نوشته‌ام که طول می‌کشد تا این نسل نوباوهٔ سیاسی با ارزش‌ها و باورهای راستین ملی جای خودش را پیدا کند. در فضای خصوصی، ملی‌گرایی موج می‌زند و می‌بینم حتی آدم‌هایی که هرگز اصلاً سیاسی نبوده‌اند، چپ را منبع شرارت و منشأ مشکل می‌دانند. ارزش‌ها عوض,"Hope for the next generation. I have written before that it will take a long time for this new political generation to find its place with true national values ​​and beliefs. In the private space, nationalism is raging and I see that even people who have never been political at all see the left as the source of evil and the source of problems. Values ​​change"
1523702528185348096,ajibzade,2022-05-09 19:32:46.400,"اونجاهایی بود که بهتون می گفتن ""شما از آخوندا بدترید""، همونجا راه رو درست رفتید.",0,0,0,https://x.com/ayatsubzero/status/1523702528185348096,2022,5,2022-05-09,"اونجاهایی بود که بهتون می گفتن ""شما از آخوندا بدترید""، همونجا راه رو درست رفتید.","There were places where they told you, ""You are worse than the mullahs"", then you went the right way."
2022515896174989324,ajibzade,2026-02-14 05:39:00.833,کلمه به کلمه این متن باید با طلا نوشته بشه,0,0,0,https://x.com/DDSBobby/status/2022515896174989324,2026,2,2026-02-14,کلمه به کلمه این متن باید با طلا نوشته بشه,Word by word this text should be written in gold
2022486984854507802,ajibzade,2026-02-14 03:44:07.837,عجب صبری داری تو مرد،پدرت رو با ناسپاسی تمام راهی کردند و خواهر و برادرت رو در غربت کشتند و همین یه ماه پیش حامیانت رو قتل عام کردند، بعد تو باید بشینی و به این سوال جواب بدی که چرا رایان به نرگس محمدی میگه جینده خانم، اووووف، هر کی جای تو بود میکروفن رو میکرد تو حلق کیر ایستین,0,0,0,https://x.com/Rayan9717/status/2022486984854507802,2026,2,2026-02-14,عجب صبری داری تو مرد،پدرت رو با ناسپاسی تمام راهی کردند و خواهر و برادرت رو در غربت کشتند و همین یه ماه پیش حامیانت رو قتل عام کردند، بعد تو باید بشینی و به این سوال جواب بدی که چرا رایان به نرگس محمدی میگه جینده خانم، اووووف، هر کی جای تو بود میکروفن رو میکرد تو حلق کیر ایستین,"Wow, you have patience, man, they killed your father with ungratefulness and killed your siblings in exile, and just a month ago they massacred your supporters, then you have to sit down and answer the question why Ryan calls Narges Mohammadi, ""Jinde Khanum, woof, whoever was in your place would have taken the microphone, you are a fucking asshole."""
2022507388880728516,ajibzade,2026-02-14 05:05:12.536,"روشو می‌کنه به کریم سجادپور پور بهش میگه «تو دیگه کی هستی؟» بعد سرش رو بر می‌گردونه به شاهزاده که اونور نشسته چشمک می‌زنه
حالا ببین سجادپور سر همین چه کینه‌ای به دل بگیره و چقدر علیه پهلوی دسیسه کنه.",0,0,0,https://x.com/Shaheenchevv/status/2022507388880728516,2026,2,2026-02-14,"روشو می‌کنه به کریم سجادپور پور بهش میگه «تو دیگه کی هستی؟» بعد سرش رو بر می‌گردونه به شاهزاده که اونور نشسته چشمک می‌زنه
حالا ببین سجادپور سر همین چه کینه‌ای به دل بگیره و چقدر علیه پهلوی دسیسه کنه.","He makes his way and says to Karim Sajjadpourpour, ""Who are you?"" Then he turns his head and winks at the prince who is sitting there
Now see how much Sajjadpour will hold a grudge and plot against Pahlavi."
2022389182400991303,ajibzade,2026-02-13 21:15:29.915,"نحوه‌ی سوال پرسیدن کریستین امانپور اتفاقا نشانگر این بود که آدم هایی مثل نرگس محمدی دست نشانده‌ی عوامل خارجی هستند تا از پیروزی ملت ایرانی سهمی رو بردارند
مردم ایران امشب دیدند و قضاوت کردند و این دست نشانده ها رو فراموش نخواهند کرد.",0,0,0,https://x.com/Azadlavasani/status/2022389182400991303,2026,2,2026-02-13,"نحوه‌ی سوال پرسیدن کریستین امانپور اتفاقا نشانگر این بود که آدم هایی مثل نرگس محمدی دست نشانده‌ی عوامل خارجی هستند تا از پیروزی ملت ایرانی سهمی رو بردارند
مردم ایران امشب دیدند و قضاوت کردند و این دست نشانده ها رو فراموش نخواهند کرد.","Christian Amanpour's way of asking the question showed that people like Narges Mohammadi are puppets of foreign agents to take a share from the victory of the Iranian nation.
The people of Iran saw and judged tonight and will not forget these puppets."
2022378895283229178,ajibzade,2026-02-13 20:34:37.275,"بله ما دشمن نرگس محمدی هستیم؛ او یک دروغگوی شیاد است؛ یک بدجنس هزارچهره؛ یه کثافت خالص. بله ما به او فحش میدهیم سنگ میزنیم تک تک جاویدنام های وطن هم به او‌فحش میدادند؛ او خود خود جمهوری اسلامی است.
مبارزه ما بر علیه ضحاک شامل نرگس و نسرین و مسیح که بازوان سپاه پاسداران هستند هم",0,0,0,https://x.com/siibiilkoloft/status/2022378895283229178,2026,2,2026-02-13,"بله ما دشمن نرگس محمدی هستیم؛ او یک دروغگوی شیاد است؛ یک بدجنس هزارچهره؛ یه کثافت خالص. بله ما به او فحش میدهیم سنگ میزنیم تک تک جاویدنام های وطن هم به او‌فحش میدادند؛ او خود خود جمهوری اسلامی است.
مبارزه ما بر علیه ضحاک شامل نرگس و نسرین و مسیح که بازوان سپاه پاسداران هستند هم","Yes, we are enemies of Narges Mohammadi; He is a deceitful liar; A villain with a thousand faces; Pure dirt. Yes, we curse him, we throw stones at him, and every single name of the country used to insult him; He is the Islamic Republic itself.
Our fight against Zahhak includes Nargis, Nasreen and Masih, who are the arms of the Revolutionary Guards"
2022467311068696583,ajibzade,2026-02-14 02:25:57.241,"مردم شجاع داخل فقط نام پهلوی را فریاد زدند.
شما در خارج با پهلوی ستیز میکنید.
نتیجه: شما دشمن مردم ایرانید. جان بدربردگان ما به حساب یک یکتان خواهند رسید. #جاويدشاه‌",0,0,0,https://x.com/caljon2025/status/2022467311068696583,2026,2,2026-02-14,"مردم شجاع داخل فقط نام پهلوی را فریاد زدند.
شما در خارج با پهلوی ستیز میکنید.
نتیجه: شما دشمن مردم ایرانید. جان بدربردگان ما به حساب یک یکتان خواهند رسید. #جاويدشاه‌","The brave people inside just shouted Pahlavi's name.
You are fighting with Pahlavi outside.
Result: You are the enemy of Iranian people. The lives of our survivors will be counted one by one. #Javidshah"
1595687925739462656,ajibzade,2022-11-24 09:57:02.601,۱- کار شاهزاده رضاپهلوی بمراتب دشوارتر از رضاشاه است. رضاشاه ارتش داشت. در تهران بود. نخست‌وزیر بود. گذشته نداشت. هدف هر روزه دشمنان پدر و پدر بزرگش نبود. احمدشاه هم خامنه‌ای نبود، نه اینقدر قدرت داشت، نه این چنین جنایتکار بود. ایران امروز هم با ایران ۱۳۰۴ تفاوت‌های فراوانی دارد.,0,0,0,https://x.com/BamdadEtemad/status/1595687925739462656,2022,11,2022-11-24,۱- کار شاهزاده رضاپهلوی بمراتب دشوارتر از رضاشاه است. رضاشاه ارتش داشت. در تهران بود. نخست‌وزیر بود. گذشته نداشت. هدف هر روزه دشمنان پدر و پدر بزرگش نبود. احمدشاه هم خامنه‌ای نبود، نه اینقدر قدرت داشت، نه این چنین جنایتکار بود. ایران امروز هم با ایران ۱۳۰۴ تفاوت‌های فراوانی دارد.,"1- Prince Reza Pahlavi's work is much more difficult than Reza Shah's. Reza Shah had an army. It was in Tehran. He was the prime minister. had no past He was not the target of his father's and grandfather's enemies every day. Ahmad Shah was not a Khamenei either, he was not that powerful, he was not that much of a criminal. Iran today has many differences with Iran in 1304."
2022417179166290321,ajibzade,2026-02-13 23:06:44.864,کسکشا همچین نرگس نرگس میکنن انگار بتمنه یارو. بابا هیچکی هیچ مشکلی با نرگستون نداره، اتفاقا ما خیلی خوشحال می‌شیم که بیاد در انتخابات آزاد شرکت کنه. نه فقط نرگس؛ اسمال، عبدالتجزیه، اره، عوره، شمسی کوره بیان شرکت کنن. چه روزی بشه روز اعلام نتایج. یه ایران می‌رینه تو دهنتون، دیگه‌م,0,0,0,https://x.com/JahanBakhsh133/status/2022417179166290321,2026,2,2026-02-13,کسکشا همچین نرگس نرگس میکنن انگار بتمنه یارو. بابا هیچکی هیچ مشکلی با نرگستون نداره، اتفاقا ما خیلی خوشحال می‌شیم که بیاد در انتخابات آزاد شرکت کنه. نه فقط نرگس؛ اسمال، عبدالتجزیه، اره، عوره، شمسی کوره بیان شرکت کنن. چه روزی بشه روز اعلام نتایج. یه ایران می‌رینه تو دهنتون، دیگه‌م,"Whose narcissists are narcissists like that, it's like they're begging, man. Dad, nobody has any problem with Nargston, by the way, we will be very happy if he comes to participate in the free elections. Not just narcissus; Asmal, Abd al-Tajzieh, Areh, Awrah, Shamsi Kore Bayan participate. What day will the results be announced? Iran is pouring into your mouth, I'm different"
2022414314716696611,ajibzade,2026-02-13 22:55:21.926,"عشقش به ایران از نفرت تمام دشمنان این آب و خاک بیشتره. برای همین هم ایستاده و کم نیاورده.
۴۷سال مدت کمی نیست. از تمام عمر خیلیهامون بیشتره.
این آدم تمام این سالها را بدون چشمداشت و کوچکترین منفعت شخصی ایستاده و ناملایمتی دیده و توهین شنیده و کم نیاورده و ادامه داده.
حقیقتا باورش",0,0,0,https://x.com/patrick_jane77/status/2022414314716696611,2026,2,2026-02-13,"عشقش به ایران از نفرت تمام دشمنان این آب و خاک بیشتره. برای همین هم ایستاده و کم نیاورده.
۴۷سال مدت کمی نیست. از تمام عمر خیلیهامون بیشتره.
این آدم تمام این سالها را بدون چشمداشت و کوچکترین منفعت شخصی ایستاده و ناملایمتی دیده و توهین شنیده و کم نیاورده و ادامه داده.
حقیقتا باورش","His love for Iran is greater than the hatred of all the enemies of this land and water. That's why it stands and does not decrease.
47 years is not a short time. More than most of our lives.
This person has stood for all these years without the smallest personal benefit, he has seen adversity and heard insults, and he has not diminished and continued.
Really believe it"
2022384318849437888,ajibzade,2026-02-13 20:56:10.354,"به جد که کارِ شاهزاده از کار رضاشاه هم سخت‌تر است!
به توقعات و سوالاتِ مغرضانه‌ای که از او پرسیده می‌شود نگاه کنید؛
گاهی با خودم فکر میکنم که این مرد دارای چه انگیزهٔ بزرگی است که رهبریِ این مسیر را برعهده گرفته است.
همهٔ ما میزانِ حمیّت و تلاشِ رضاشاه کبیر در برکشیدنِ ایران از",0,0,0,https://x.com/memar1980/status/2022384318849437888,2026,2,2026-02-13,"به جد که کارِ شاهزاده از کار رضاشاه هم سخت‌تر است!
به توقعات و سوالاتِ مغرضانه‌ای که از او پرسیده می‌شود نگاه کنید؛
گاهی با خودم فکر میکنم که این مرد دارای چه انگیزهٔ بزرگی است که رهبریِ این مسیر را برعهده گرفته است.
همهٔ ما میزانِ حمیّت و تلاشِ رضاشاه کبیر در برکشیدنِ ایران از","Because the work of the prince is more difficult than the work of Reza Shah!
Look at the biased expectations and questions that are being asked of him;
Sometimes I think to myself that this man has a great motivation to lead this path.
All of us, the level of ambition and effort of Reza Shah Kabir in removing Iran from"
2022395863566553516,ajibzade,2026-02-13 21:42:02.829,"کاملا مشخص بود چه طیفی به کریستین امانپور برای پرسش‌‌هایش مشاوره دادند، مخصوصا که او به خودش اجازه داد مهملات این گروه درخصوص «زبان» حامیان در فضای آنلاین را قرقره کرده و چنین بحثی را در این جلسه! پیش بکشد.
موافق فحاشی نیستم اما حقیقتا حقیرید و لیاقت‌تان بیش از این نیست.",0,0,0,https://x.com/HajizadehMoloud/status/2022395863566553516,2026,2,2026-02-13,"کاملا مشخص بود چه طیفی به کریستین امانپور برای پرسش‌‌هایش مشاوره دادند، مخصوصا که او به خودش اجازه داد مهملات این گروه درخصوص «زبان» حامیان در فضای آنلاین را قرقره کرده و چنین بحثی را در این جلسه! پیش بکشد.
موافق فحاشی نیستم اما حقیقتا حقیرید و لیاقت‌تان بیش از این نیست.","It was quite clear what kind of advice was given to Christian Amanpour for his questions, especially since he allowed himself to reel the garbage of this group regarding the ""language"" of supporters in the online space and such a discussion in this meeting! to advance
I don't agree with obscenity, but you are really despicable and you don't deserve more than this."
2022396441415889345,ajibzade,2026-02-13 21:44:20.599,"نه اعلی‌حضرت شما برای ما ""پل"" رسیدن به مقصد دوم نیستی.

پادشاهی پهلوی مقصد ماست و پل رسیدن به اون حتی اگه خون من و خانواده‌ی من باشه با افتخار تقدیم میکنیم.",0,0,0,https://x.com/YaarGhadimi/status/2022396441415889345,2026,2,2026-02-13,"نه اعلی‌حضرت شما برای ما ""پل"" رسیدن به مقصد دوم نیستی.

پادشاهی پهلوی مقصد ماست و پل رسیدن به اون حتی اگه خون من و خانواده‌ی من باشه با افتخار تقدیم میکنیم.","No, Your Highness, you are not a ""bridge"" to our second destination.

Kingdom of Pahlavi is our destination and we proudly present the bridge to reach it even if it is my blood and my family's."
2022403502136602763,ajibzade,2026-02-13 22:12:24.006,"حضور #شاهزاده_رضا_پهلوی در #کنفرانس_امنیتی_مونیخ یعنی صدای مردم ایران وارد معادلات امنیتی جهان شده.
ایران دیگر فقط «پرونده هسته‌ای» نیست؛ آینده‌اش بخشی از نظم جدید منطقه‌ای است.
مونیخ ۲۰۲۶ یک پیام روشن داشت:
جهان میان ملت ایران و رژیمی که سرکوبش می‌کند، خط کشیده. 
#جاويدشاه‌",0,0,0,https://x.com/Faribashirazi23/status/2022403502136602763,2026,2,2026-02-13,"حضور #شاهزاده_رضا_پهلوی در #کنفرانس_امنیتی_مونیخ یعنی صدای مردم ایران وارد معادلات امنیتی جهان شده.
ایران دیگر فقط «پرونده هسته‌ای» نیست؛ آینده‌اش بخشی از نظم جدید منطقه‌ای است.
مونیخ ۲۰۲۶ یک پیام روشن داشت:
جهان میان ملت ایران و رژیمی که سرکوبش می‌کند، خط کشیده. 
#جاويدشاه‌","The presence of #Shahzade_Reza_Pahlavi at the #Munich_Security_Conference means that the voice of the Iranian people has entered the world's security equation.
Iran is no longer just a ""nuclear issue""; Its future is part of the new regional order.
Munich 2026 had a clear message:
The world has drawn a line between the Iranian nation and the regime that suppresses it. 
#Javidshah"
2022285504058720323,ajibzade,2026-02-13 14:23:31.072,مرکز ثقل تظاهرات مونیخ و نقطه اوج خروجی رستاخیز دی‌ماه [و کشته‌شدن ۵۰ هزار جانفدای وطن]، نهایتا در سخنرانی #شاه در کنفرانس امنیتی مونیخ تبلور می‌یابد. صدای امثال ما که به او نمی‌رسد اما نگارنده امیدوار است که #شاه تعارفات دیپلماتیک را کنار گذارد و قلب و مغز اهریمن را هدف قرار,0,0,0,https://x.com/UomoMees/status/2022285504058720323,2026,2,2026-02-13,مرکز ثقل تظاهرات مونیخ و نقطه اوج خروجی رستاخیز دی‌ماه [و کشته‌شدن ۵۰ هزار جانفدای وطن]، نهایتا در سخنرانی #شاه در کنفرانس امنیتی مونیخ تبلور می‌یابد. صدای امثال ما که به او نمی‌رسد اما نگارنده امیدوار است که #شاه تعارفات دیپلماتیک را کنار گذارد و قلب و مغز اهریمن را هدف قرار,"The center of gravity of the Munich demonstrations and the culmination of the resurrection of January [and the killing of 50,000 martyrs of the homeland], is finally crystallized in the #Shah's speech at the Munich Security Conference. The voice of people like us does not reach him, but the author hopes that #Shah will put aside diplomatic compliments and target the heart and brain of Ahriman."
2022387081285394570,ajibzade,2026-02-13 21:07:08.970,لازم نیست اخبار را تمام و کمال دنبال کنید. بیشتر حرف‌های مهم در متن‌ها نیستند، در حاشیه‌هایند. تبادل نگاه‌ها و زبان بدن مطمئن و دوسویهٔ لیندسی گراهام و رضاشاه دوم به من این بشارت را داد که آمریکای کنونی نمی‌تواند گزینهٔ دیگری جز او داشته باشد. خیالتان راحت باشد. یادتان بماند.,0,0,0,https://x.com/ajibzade/status/2022387081285394570,2026,2,2026-02-13,لازم نیست اخبار را تمام و کمال دنبال کنید. بیشتر حرف‌های مهم در متن‌ها نیستند، در حاشیه‌هایند. تبادل نگاه‌ها و زبان بدن مطمئن و دوسویهٔ لیندسی گراهام و رضاشاه دوم به من این بشارت را داد که آمریکای کنونی نمی‌تواند گزینهٔ دیگری جز او داشته باشد. خیالتان راحت باشد. یادتان بماند.,"You don't have to follow the news completely. Most of the important words are not in the texts, they are in the margins. The exchange of glances and the confident and two-way body language of Lindsey Graham and Reza Shah II gave me the good news that America today cannot have another option but him. Rest in peace. remember"
2022066808594083872,ajibzade,2026-02-12 23:54:30.010,قضیه رسوایی شادی امین نوک کوه یخه! تمام بنگاه‌های حقوق بشری وضع شون همینه ! از فاند خواران برومند بگیر تا اون بازرگان و معمار صادقی ! درد و رنج مردم برای این نونه ، پول داره توش برای همینه تمام قد خواهان بقای ج.ا هستن . ج.ا بره اینا دکانشون تخته میشه!,0,0,0,https://x.com/Dadylongleggpv/status/2022066808594083872,2026,2,2026-02-12,قضیه رسوایی شادی امین نوک کوه یخه! تمام بنگاه‌های حقوق بشری وضع شون همینه ! از فاند خواران برومند بگیر تا اون بازرگان و معمار صادقی ! درد و رنج مردم برای این نونه ، پول داره توش برای همینه تمام قد خواهان بقای ج.ا هستن . ج.ا بره اینا دکانشون تخته میشه!,"Shadi Amin's scandal is the tip of the iceberg! This is the situation of all human rights organizations! Take it from the hoarders of funds to those merchants and architects Sadeghi! The pain and suffering of the people is because of this, there is money in it, that's why they want the survival of J.A. J.A. Go, their shop will be boarded up!"
2022058382791000083,ajibzade,2026-02-12 23:21:01.142,به ا‌ون توله مجاهد پانچی که می‌گفت «نه پادگان نه بنگاه، درود بر دانشگاه» بگید که بیشتر دانشگاه‌ها توی بیانیه‌هاشون ریدن به امثال تو و گفتن #جاویدشاه، شعار جدید بساز قزمیت.,0,0,0,https://x.com/Schahrzad_b/status/2022058382791000083,2026,2,2026-02-12,به ا‌ون توله مجاهد پانچی که می‌گفت «نه پادگان نه بنگاه، درود بر دانشگاه» بگید که بیشتر دانشگاه‌ها توی بیانیه‌هاشون ریدن به امثال تو و گفتن #جاویدشاه، شعار جدید بساز قزمیت.,"Tell that Mujahid Panchi's cub who said ""no barracks, no company, peace be upon the university"" that most of the universities will follow the likes of you in their statements and say #Javidshah, build a new slogan, Qazmit."
2022064398731473300,ajibzade,2026-02-12 23:44:55.454,خارکصده تو ایران بلاچو بلاچو کرد و رو برانکارد دلقک بازی اما با پولش اون ور آب ملک املاکی زد ! با چه قحبه‌ای‌هایی ما سر و کله می‌زنیم.,0,0,0,https://x.com/Dadylongleggpv/status/2022064398731473300,2026,2,2026-02-12,خارکصده تو ایران بلاچو بلاچو کرد و رو برانکارد دلقک بازی اما با پولش اون ور آب ملک املاکی زد ! با چه قحبه‌ای‌هایی ما سر و کله می‌زنیم.,"In Iran, Kharksadeh played blacho blacho and played a clown on the stretcher, but with his money he bought real estate! What kind of fools are we dealing with?"
2021196961236517062,ajibzade,2026-02-10 14:18:02.239,"عکس این بچه را که دیدم واقعاً بهم ریخته‌ام. از فکرش خارج نمی‌شوم. وای بر دل بازماندگانش!
چه کنیم با این هجوم محنت! چه کنیم!؟

#طاها_هوشیار",0,0,0,https://x.com/ajibzade/status/2021196961236517062,2026,2,2026-02-10,"عکس این بچه را که دیدم واقعاً بهم ریخته‌ام. از فکرش خارج نمی‌شوم. وای بر دل بازماندگانش!
چه کنیم با این هجوم محنت! چه کنیم!؟

#طاها_هوشیار","When I saw the picture of this child, I was really confused. I can't get out of my mind. Woe to the hearts of its survivors!
What to do with this influx of trouble! What should we do!?

#Taha_Hoshiar"
2020589674608341045,ajibzade,2026-02-08 22:04:53.824,من تورو با یتیمی بزرگ کردم مامان، الان خودم یتیم شدم.. #سجاد_رعدی,0,0,0,https://x.com/Sarah_Kazeemi/status/2020589674608341045,2026,2,2026-02-08,من تورو با یتیمی بزرگ کردم مامان، الان خودم یتیم شدم.. #سجاد_رعدی,"I raised you with an orphan, mom, now I'm an orphan myself.. #Sajad_Raadi"
2020920728644980737,ajibzade,2026-02-09 20:00:23.257,"وقتی این پست رو گذاشت 
من کل بدنم یخ کرد و زنگ زدم کلی عصبانی ک این چیه 
بعد پاک کرد 

ولی ۱۹ دی این واقعی شد و من روحم مرد ولی جسمم هنوز هست 

جان فشان 
#مرتضی_رهنما",0,0,0,https://x.com/marzieh_rahnama/status/2020920728644980737,2026,2,2026-02-09,"وقتی این پست رو گذاشت 
من کل بدنم یخ کرد و زنگ زدم کلی عصبانی ک این چیه 
بعد پاک کرد 

ولی ۱۹ دی این واقعی شد و من روحم مرد ولی جسمم هنوز هست 

جان فشان 
#مرتضی_رهنما","When he posted this 
My whole body froze and I called, very angry, what is this? 
then deleted 

But on the 19th of December, this became real and my soul died, but my body is still there 

John Fashan 
#Morteza_Rahnama"
2020888632031150136,ajibzade,2026-02-09 17:52:50.828,پنجشنبه ۱۸ دی، تا آخر شب ساعت دو منتظر داداشم بودم. هر چقدر زنگ میزدم بهش گوشیش خاموش بود. توی دلم آشوب بود. وقتی دیدم ازش خبری نشد راه افتادم تا دنبالش بگردم. تمام شهر رو گشتم، از کوچه و خیابونها گرفته تا بیمارستانها و کلانتری‌ها. ولی داداش کمیلم نبود که نبود. انگار...,0,0,0,https://x.com/MoeinKomeil/status/2020888632031150136,2026,2,2026-02-09,پنجشنبه ۱۸ دی، تا آخر شب ساعت دو منتظر داداشم بودم. هر چقدر زنگ میزدم بهش گوشیش خاموش بود. توی دلم آشوب بود. وقتی دیدم ازش خبری نشد راه افتادم تا دنبالش بگردم. تمام شهر رو گشتم، از کوچه و خیابونها گرفته تا بیمارستانها و کلانتری‌ها. ولی داداش کمیلم نبود که نبود. انگار...,"On Thursday, January 18, I was waiting for my brother until the end of the night at two o'clock. No matter how many times I called him, his phone was switched off. I was in chaos. When I saw that there was no news about him, I went to look for him. I visited the whole city, from alleys and streets to hospitals and police stations. But my brother was not perfect. as if..."
2020600066755760602,ajibzade,2026-02-08 22:46:11.505,"یک صحبت‌هایی توی تایملاین دیدم با مضمون ابراز نگرانی از سخنران‌های استیج تجمع ۱۴فوریه مونیخ و احتمال تکرار داستان‌های برلین در ۱۴۰۱.
ببینید عزیزان،
اولا شاه اطمینان خاطر داده‌اند که سخنران‌ها با نظر مستقیم خود ایشون انتخاب میشن. پس فکر نمیکنم جای نگرانی باشه.
اما جدای از اون، شما",0,0,0,https://x.com/patrick_jane77/status/2020600066755760602,2026,2,2026-02-08,"یک صحبت‌هایی توی تایملاین دیدم با مضمون ابراز نگرانی از سخنران‌های استیج تجمع ۱۴فوریه مونیخ و احتمال تکرار داستان‌های برلین در ۱۴۰۱.
ببینید عزیزان،
اولا شاه اطمینان خاطر داده‌اند که سخنران‌ها با نظر مستقیم خود ایشون انتخاب میشن. پس فکر نمیکنم جای نگرانی باشه.
اما جدای از اون، شما","I saw a conversation on the timeline with the theme of expressing concern about the speakers on the stage of the February 14 rally in Munich and the possibility of repeating the stories of Berlin in 1401.
Look dear,
First, Shah has assured that the speakers will be chosen with his direct opinion. So I don't think there is anything to worry about.
But apart from that, you"
2021085985824514393,ajibzade,2026-02-10 06:57:03.639,"این یک روش کلاسیک بود و هنوز دارد جواب می‌دهد. مطلبی را به یکی از خبرنگارانِ طبق معمول بی‌شرف ایرانیِ صادراتی به رسانه‌های جریان اصلی، سفارش می‌دادند؛ از آن مقاله می‌نوشت و بعد همه وابستگان آن جریان خاص، استناد می‌کردند به مقالهٔ آن رسانهٔ نامدار.
تا خر هست خرسوار هم هست.",0,0,0,https://x.com/ajibzade/status/2021085985824514393,2026,2,2026-02-10,"این یک روش کلاسیک بود و هنوز دارد جواب می‌دهد. مطلبی را به یکی از خبرنگارانِ طبق معمول بی‌شرف ایرانیِ صادراتی به رسانه‌های جریان اصلی، سفارش می‌دادند؛ از آن مقاله می‌نوشت و بعد همه وابستگان آن جریان خاص، استناد می‌کردند به مقالهٔ آن رسانهٔ نامدار.
تا خر هست خرسوار هم هست.","It was a classic method and it still works. They ordered an article from one of the usually dishonest Iranian journalists exported to the mainstream media; He used to write an article about it, and then all the members of that particular current would refer to the article of that famous media.
As long as there is a donkey, there is also a donkey."
2020609961190183367,ajibzade,2026-02-08 23:25:30.522,به نوکیسه‌هایی که به چندغاز درآمدشان می‌نازند تا به زعم خودشان به بذل تکه‌نانی، ادای سخاوتمندان را در بیاورند، بگویید: آنها که شما می‌خواهید با منت، صدقه‌شان بدهید، ثروتمندترین ساکنان گیتی‌اند. بگویید: آنها چنان کرامت بی‌پایان و عزت نفس بی‌کرانی دارند که جانشان را، این,0,0,0,https://x.com/ajibzade/status/2020609961190183367,2026,2,2026-02-08,به نوکیسه‌هایی که به چندغاز درآمدشان می‌نازند تا به زعم خودشان به بذل تکه‌نانی، ادای سخاوتمندان را در بیاورند، بگویید: آنها که شما می‌خواهید با منت، صدقه‌شان بدهید، ثروتمندترین ساکنان گیتی‌اند. بگویید: آنها چنان کرامت بی‌پایان و عزت نفس بی‌کرانی دارند که جانشان را، این,"Tell the novices who use their earnings to earn the tribute of the generous by their small efforts: Those to whom you want to give alms are the richest residents of Giti. Say: They have such infinite dignity and boundless self-esteem that their lives, this"
2020562013311684912,ajibzade,2026-02-08 20:14:58.857,"چندبار دوستام اومدن در مورد وقایع ایران بپرسن، اولین سوالشون قبل شروع همدردی کسشر این بود که «چطوری هرماه پول می‌فرستی ایران برای خونواده‌ت».

که هر سری گفتم کسی این کارو نمی‌کنه، و مردم مشکلشون حکومته و هزار مشکل که بدون انقلاب غیرقابل حلن، و فقیر و غنی و ابرسرمایه‌دار همه تو",0,0,0,https://x.com/farhadge/status/2020562013311684912,2026,2,2026-02-08,"چندبار دوستام اومدن در مورد وقایع ایران بپرسن، اولین سوالشون قبل شروع همدردی کسشر این بود که «چطوری هرماه پول می‌فرستی ایران برای خونواده‌ت».

که هر سری گفتم کسی این کارو نمی‌کنه، و مردم مشکلشون حکومته و هزار مشکل که بدون انقلاب غیرقابل حلن، و فقیر و غنی و ابرسرمایه‌دار همه تو","How many times my friends came to ask about the events in Iran, their first question before starting to sympathize with Kassher was, ""How do you send money to Iran for your family every month?""

I always said that no one would do this, and the people's problem is the government and a thousand problems that cannot be solved without a revolution, and the poor and the rich and the super capitalists are all you."
2020264039071326630,ajibzade,2026-02-08 00:30:56.262,"در حاشیه تجمع امروز هواداران سازمان مجاهدین خلق در آلمان، که به مناسبت «جشن سالگرد ۲۲ بهمن» برگزار شده بود، صحنه‌ای کم‌سابقه رقم خورد؛ مواجهه‌ای کوتاه، اما افشاگرانه.

ایمان صفتی، روزنامه‌نگار ایرانی–آلمانی روزنامه بیلد و از مخالفان جمهوری اسلامی، تنها با طرح یک پرسش، مقابل مریم",0,0,0,https://x.com/ManotoNews/status/2020264039071326630,2026,2,2026-02-08,"در حاشیه تجمع امروز هواداران سازمان مجاهدین خلق در آلمان، که به مناسبت «جشن سالگرد ۲۲ بهمن» برگزار شده بود، صحنه‌ای کم‌سابقه رقم خورد؛ مواجهه‌ای کوتاه، اما افشاگرانه.

ایمان صفتی، روزنامه‌نگار ایرانی–آلمانی روزنامه بیلد و از مخالفان جمهوری اسلامی، تنها با طرح یک پرسش، مقابل مریم","On the sidelines of today's gathering of supporters of the People's Mojahedin Organization in Germany, which was held on the occasion of the ""anniversary of 22 Bahman"", an unprecedented scene took place. A short but revealing encounter.

Iman Sefati, an Iranian-German journalist of Bild newspaper and an opponent of the Islamic Republic, by asking only one question, against Maryam"
2020397015281123769,ajibzade,2026-02-08 09:19:20.261,با توجه به بیانیهٔ دفتر شاهزاده، من این توییت را حذف می‌کنم ولی محتوای آن کماکان برای شخص خودم کاملا معتبر است.,0,0,0,https://x.com/ajibzade/status/2020397015281123769,2026,2,2026-02-08,با توجه به بیانیهٔ دفتر شاهزاده، من این توییت را حذف می‌کنم ولی محتوای آن کماکان برای شخص خودم کاملا معتبر است.,"According to the statement from the prince's office, I will delete this tweet, but its content is still completely valid for me personally."
1456865525901008897,ajibzade,2021-11-06 08:06:23.284,در تمام سال‌های پس از انقلاب، این حکومت از همین همراهی جهانی رسانه‌های چپ، مؤاخذ آکادمیک و افراد تأثیرگذار با رویکرد پراگرسیو برخوردار بوده است. اینجاست که مشخص می‌کند نقش اصلاح‌طلبان به عنوان جناح چپِ حکومت، برای بقای جمهوری اسلامی بسیار مهمتر از جناح راست و قوهٔ قهریهٔ آن است.,0,0,0,https://x.com/ajibzade/status/1456865525901008897,2021,11,2021-11-06,در تمام سال‌های پس از انقلاب، این حکومت از همین همراهی جهانی رسانه‌های چپ، مؤاخذ آکادمیک و افراد تأثیرگذار با رویکرد پراگرسیو برخوردار بوده است. اینجاست که مشخص می‌کند نقش اصلاح‌طلبان به عنوان جناح چپِ حکومت، برای بقای جمهوری اسلامی بسیار مهمتر از جناح راست و قوهٔ قهریهٔ آن است.,"In all the years after the revolution, this government has enjoyed the global support of the left media, academics and influential people with a progressive approach. This is where it becomes clear that the role of the reformists as the left wing of the government is much more important for the survival of the Islamic Republic than the right wing and its coercive power."
2020195221997514869,ajibzade,2026-02-07 19:57:28.993,"عجب قلمی، عجب شجاعتی، عجب فهمی
ظاهرا دیگه دانشگاه در تسخیر ملا چپی مجاهد نیست

دانشگاه صنعتی ارومیه
دانشگاه ملی ایران
دانشگاه آزاد رشت
دانشگاه پهلوی شیراز",0,0,0,https://x.com/sangtarash_azad/status/2020195221997514869,2026,2,2026-02-07,"عجب قلمی، عجب شجاعتی، عجب فهمی
ظاهرا دیگه دانشگاه در تسخیر ملا چپی مجاهد نیست

دانشگاه صنعتی ارومیه
دانشگاه ملی ایران
دانشگاه آزاد رشت
دانشگاه پهلوی شیراز","Amazing penmanship, amazing courage, amazing understanding
Apparently, the university is no longer under the control of Mujahid's left mullahs

Urmia University of Technology
National University of Iran
Rasht Azad University
Shiraz Pahlavi University"
2020189885353570441,ajibzade,2026-02-07 19:36:16.638,این قصه، قصهٔ نفرت است. بچه‌شیعه نمی‌داند چیزی که دارد می‌کارد قرار است کی و کجا دامن تمام نظام فرهنگی و اعتقادی شیعه را بگیرد. فکر می‌کند داستان همین جا ختم می‌شود. همین روزها در میان آدم‌های تا دیروز معتقد، چنان وهن و تمسخری نسبت به مظلومیت فروخته‌شده در عاشورا دیده‌ام که باور,0,0,0,https://x.com/ajibzade/status/2020189885353570441,2026,2,2026-02-07,این قصه، قصهٔ نفرت است. بچه‌شیعه نمی‌داند چیزی که دارد می‌کارد قرار است کی و کجا دامن تمام نظام فرهنگی و اعتقادی شیعه را بگیرد. فکر می‌کند داستان همین جا ختم می‌شود. همین روزها در میان آدم‌های تا دیروز معتقد، چنان وهن و تمسخری نسبت به مظلومیت فروخته‌شده در عاشورا دیده‌ام که باور,"This story is a story of hatred. The Shia child does not know when and where what he is planting is going to take over the entire cultural and religious system of Shia. He thinks the story ends here. These days, among the people who believed until yesterday, I have seen such contempt and mockery towards the oppression sold in Ashura that I believe"
2020157157119775127,ajibzade,2026-02-07 17:26:13.619,توییت جاویدنام مصیب نظامی و این ساشتی در یک تاریخ منتشر شده. جاویدنام داخل ایران بود و در راه ایران کشته شد، اما ساشتی از خارج کشور علیه کسانی مثل همین جاویدنام چنین حرف‌هایی می‌زد!,0,0,0,https://x.com/M0rtezaaaa/status/2020157157119775127,2026,2,2026-02-07,توییت جاویدنام مصیب نظامی و این ساشتی در یک تاریخ منتشر شده. جاویدنام داخل ایران بود و در راه ایران کشته شد، اما ساشتی از خارج کشور علیه کسانی مثل همین جاویدنام چنین حرف‌هایی می‌زد!,"Javednam's tweet of Moseeb Nizami and this organization was published on the same date. Javednam was inside Iran and was killed on the way to Iran, but an organization from outside the country said such things against people like Javednam!"
2020065805224886773,ajibzade,2026-02-07 11:23:13.630,هنری که آغشته به خون نباشد، تذهیبِ جنایت است.,0,0,0,https://x.com/ajibzade/status/2020065805224886773,2026,2,2026-02-07,هنری که آغشته به خون نباشد، تذهیبِ جنایت است.,Art that is not stained with blood is the gilding of crime.
2019729383972565428,ajibzade,2026-02-06 13:06:24.553,"توماج صالحی یا بقول جاویدنام #وحید_محمدلو ""توله‌مجاهد"" الان چطور روش میشه تو چشمایِ این بچه ها نگاه کنه و دم از شجاعت بزنه ؟!!!

#جاویدنام #انقلاب_شیروخورشید",0,0,0,https://x.com/adam_hesabi2/status/2019729383972565428,2026,2,2026-02-06,"توماج صالحی یا بقول جاویدنام #وحید_محمدلو ""توله‌مجاهد"" الان چطور روش میشه تو چشمایِ این بچه ها نگاه کنه و دم از شجاعت بزنه ؟!!!

#جاویدنام #انقلاب_شیروخورشید","Tomaj Salehi, or according to Javidnam #Vahid_Mohammedlou, ""Tole Mujahid"" now, how can he look into the eyes of these children and be brave?!!!

#Javidnam #Inqlab_Shirokhurshid"
1967325022999240734,ajibzade,2025-09-14 23:30:11.271,"پُر از خونْ دو دیده ... پُر از کینهْ سر

#همكارى_ملى",0,0,0,https://x.com/IraniansWarrior/status/1967325022999240734,2025,9,2025-09-14,"پُر از خونْ دو دیده ... پُر از کینهْ سر

#همكارى_ملى","Full of blood, two eyes... full of hatred

#national_collaboration"
2020047453429322070,ajibzade,2026-02-07 10:10:18.221,چند تا از این بچه‌هایی که رفته‌اند و برنگشته‌اند را که می‌خوانم، اشک در چشمم حدقه می‌زند. چه انسان‌های شریفی، چه جان‌های نازنینی و مادام شعله می‌کشد درون سینه‌ام، نفرت و گداز و خشمِ انتقام!,0,0,0,https://x.com/ajibzade/status/2020047453429322070,2026,2,2026-02-07,چند تا از این بچه‌هایی که رفته‌اند و برنگشته‌اند را که می‌خوانم، اشک در چشمم حدقه می‌زند. چه انسان‌های شریفی، چه جان‌های نازنینی و مادام شعله می‌کشد درون سینه‌ام، نفرت و گداز و خشمِ انتقام!,"When I read some of these children who have gone and never returned, tears well up in my eyes. What honorable people, what lovely souls, and the flame burns inside my chest, hatred and anger and the anger of revenge!"
2020044160284168431,ajibzade,2026-02-07 09:57:13.074,"پیشتر به زبان‌های مختلفی نوشته‌ام که از اقناع بپرهیزید. این مرحله خیلی وقت است که پست سر گذاشته شده است.
در روانشناسی سیاسی مراحل مختلفی وجود دارند که دیدگاه‌های یک فرد از جامعه را تحت تأثیر می‌گذارند. از مقدمات که بگذریم، تبلیغات در مراحل میانی شکل‌گیری هویت می‌تواند مؤثر باشد",0,0,0,https://x.com/ajibzade/status/2020044160284168431,2026,2,2026-02-07,"پیشتر به زبان‌های مختلفی نوشته‌ام که از اقناع بپرهیزید. این مرحله خیلی وقت است که پست سر گذاشته شده است.
در روانشناسی سیاسی مراحل مختلفی وجود دارند که دیدگاه‌های یک فرد از جامعه را تحت تأثیر می‌گذارند. از مقدمات که بگذریم، تبلیغات در مراحل میانی شکل‌گیری هویت می‌تواند مؤثر باشد","I have written before in different languages ​​to avoid persuasion. This stage has been posted for a long time.
In political psychology, there are different stages that influence a person's views of society. Leaving aside the basics, advertising can be effective in the middle stages of identity formation"
1939032095138910615,ajibzade,2025-06-28 21:44:11.612,سواد، آخرین سنگر نفهم‌هاست!,0,0,0,https://x.com/ajibzade/status/1939032095138910615,2025,6,2025-06-28,سواد، آخرین سنگر نفهم‌هاست!,Literacy is the last bastion of ignorance.
1538372844152832001,ajibzade,2022-06-19 07:07:22.288,"سواد، نوعی مستمسک است، بازیچه است. نه تعریف شفافی دارد و نه ارزیابی آن برای همگان میسر است. 
اما، اما، سواد اگر قرار بود جایی در سیاست سودمند باشد نباید می‌گذاشت که مدعیانِ داشتنش، یک روز چون گوسپندی رام در صف رأی دادن به دری نجف‌آبادی و حسن روحانی بایستند و روزی دیگر خون بشویند.",0,0,0,https://x.com/ajibzade/status/1538372844152832001,2022,6,2022-06-19,"سواد، نوعی مستمسک است، بازیچه است. نه تعریف شفافی دارد و نه ارزیابی آن برای همگان میسر است. 
اما، اما، سواد اگر قرار بود جایی در سیاست سودمند باشد نباید می‌گذاشت که مدعیانِ داشتنش، یک روز چون گوسپندی رام در صف رأی دادن به دری نجف‌آبادی و حسن روحانی بایستند و روزی دیگر خون بشویند.","Literacy is a kind of obsession, it is a toy. It does not have a clear definition, nor is it possible to evaluate it for everyone. 
But, but, if literacy was supposed to have a useful place in politics, it should not have allowed its claimants to stand in line to vote for Dari Najafabadi and Hassan Rouhani one day like tame sheep, and wash blood the next day."
1939687863504781647,ajibzade,2025-06-30 17:09:58.974,"پیروزی از آن ملت بزرگ آزادی خواه ایران است.
جمهوری اسلامی رفتنی‌ست.

#همکاری_ملی",0,0,0,https://x.com/IraniansWarrior/status/1939687863504781647,2025,6,2025-06-30,"پیروزی از آن ملت بزرگ آزادی خواه ایران است.
جمهوری اسلامی رفتنی‌ست.

#همکاری_ملی","Victory belongs to that great freedom-loving nation of Iran.
The Islamic Republic is going away.

#national_cooperation"
2018847542050422929,ajibzade,2026-02-04 02:42:17.055,"روزنامه آلمانی بیلد گزارش داد که کنفرانس امنیتی مونیخ از شاهزاده رضا پهلوی به‌عنوان مهمان دعوت کرده است.
یک افسر پلیس به بیلد گفت: «بر اساس اطلاعات فعلی، انتظار داریم که او به‌عنوان سخنران در تظاهرات نیز حضور داشته باشد. توجه افکار عمومی جهان در آن آخرهفته کاملاً به مونیخ معطوف",0,0,0,https://x.com/IranIntl/status/2018847542050422929,2026,2,2026-02-04,"روزنامه آلمانی بیلد گزارش داد که کنفرانس امنیتی مونیخ از شاهزاده رضا پهلوی به‌عنوان مهمان دعوت کرده است.
یک افسر پلیس به بیلد گفت: «بر اساس اطلاعات فعلی، انتظار داریم که او به‌عنوان سخنران در تظاهرات نیز حضور داشته باشد. توجه افکار عمومی جهان در آن آخرهفته کاملاً به مونیخ معطوف","The German Bild newspaper reported that the Munich Security Conference has invited Prince Reza Pahlavi as a guest.
A police officer told Bild: ""Based on current information, we expect him to be a speaker at the rally as well. The attention of the public opinion of the world that weekend was completely focused on Munich"
2018760551028191371,ajibzade,2026-02-03 20:56:36.779,این ۴۰۰کیلو اورانیوم ناموس خامنه‌ای بود! نتیجه ۴۰سال رنج و بدبختی و فلاکتی که به این ملت تحمیل کرد. نتیجه سوزاندن زندگی چند نسل ایرانی و برباد دادن هزاران میلیارد دلار سرمایه ملت. نتیجه سوزاندن جوانی ما و ویران کردن هرآنچه که شاهنشاه آریامهر ساخت و برای ساختنش خون دل خورده بود!,0,0,0,https://x.com/gohardaddy/status/2018760551028191371,2026,2,2026-02-03,این ۴۰۰کیلو اورانیوم ناموس خامنه‌ای بود! نتیجه ۴۰سال رنج و بدبختی و فلاکتی که به این ملت تحمیل کرد. نتیجه سوزاندن زندگی چند نسل ایرانی و برباد دادن هزاران میلیارد دلار سرمایه ملت. نتیجه سوزاندن جوانی ما و ویران کردن هرآنچه که شاهنشاه آریامهر ساخت و برای ساختنش خون دل خورده بود!,This was Khamenei's 400 kilos of uranium! The result of 40 years of suffering and misery that he imposed on this nation. The result of burning the lives of several generations of Iranians and wasting thousands of billions of dollars of the nation's capital. The result of burning our youth and destroying everything that the Aryamhar Shah built and had shed blood to build!
2018747300357796232,ajibzade,2026-02-03 20:03:57.573,"من پیشگو نیستم و علاقه‌ای به پیشگویی یا پیش‌بینی ندارم. حرفی اگر میزنم، با استناد به مشاهداتم از جامعه و شرایط آن است و بس.
چند هفته قبل از اعتراضات اخیر نوشتم که ""در اعتراضات مردمی بعدی، دیوار شهرها از شعار جاویدشاه خواهد لرزید""، که همین هم شد.
امروز هم یک چیز را با اطمینان",0,0,0,https://x.com/patrick_jane77/status/2018747300357796232,2026,2,2026-02-03,"من پیشگو نیستم و علاقه‌ای به پیشگویی یا پیش‌بینی ندارم. حرفی اگر میزنم، با استناد به مشاهداتم از جامعه و شرایط آن است و بس.
چند هفته قبل از اعتراضات اخیر نوشتم که ""در اعتراضات مردمی بعدی، دیوار شهرها از شعار جاویدشاه خواهد لرزید""، که همین هم شد.
امروز هم یک چیز را با اطمینان","I am not a fortune teller and I am not interested in prophesying or predicting. If I say anything, it is based on my observations of the society and its conditions and that's it.
A few weeks before the recent protests, I wrote that ""in the next public protests, the walls of the cities will shake from Javed Shah's slogan"", which is exactly what happened.
One thing for sure today"
2018704536081236433,ajibzade,2026-02-03 17:14:01.775,این بار حتی خود خدا هم می‌آید. قرار است با لباس مبدل بینتان قدم بزنم! #جاویدشاه,0,0,0,https://x.com/RealPersianGod/status/2018704536081236433,2026,2,2026-02-03,این بار حتی خود خدا هم می‌آید. قرار است با لباس مبدل بینتان قدم بزنم! #جاویدشاه,This time even God himself comes. I am going to walk among you in disguise! #javidshah
2018571553231851967,ajibzade,2026-02-03 08:25:36.193,"امروز همان روزی است که بشارتش را می‌دادیم. میز مال ماست. پالودن مبارزه و مقاومت راستین از لودگیِ «زن، زندگی، آزادی»، شد «جاویدشاه» نگاشته به خون بر دیوارهای شهر؛ شد ایستادن در یک قدمی پیروزی!
بر پیمایندگان راه پیروزی تکلیف است که بر این اراده استوار بمانند و کوتاه نیایند.",0,0,0,https://x.com/ajibzade/status/2018571553231851967,2026,2,2026-02-03,"امروز همان روزی است که بشارتش را می‌دادیم. میز مال ماست. پالودن مبارزه و مقاومت راستین از لودگیِ «زن، زندگی، آزادی»، شد «جاویدشاه» نگاشته به خون بر دیوارهای شهر؛ شد ایستادن در یک قدمی پیروزی!
بر پیمایندگان راه پیروزی تکلیف است که بر این اراده استوار بمانند و کوتاه نیایند.","Today is the same day that we gave the good news. The table is ours. The destruction of true struggle and resistance from the pride of ""woman, life, freedom"" became ""Javidshah"" written in blood on the walls of the city; Standing in one step of victory!
It is the duty of those who walk the path of victory to remain firm on this will and not to fall short."
2018558500151156783,ajibzade,2026-02-03 07:33:44.096,لازم بود بیشرفی‌تان را همه ببینند. همه البته دیده بودند، اما برخی هنوز باور نکرده بودند.,0,0,0,https://x.com/ajibzade/status/2018558500151156783,2026,2,2026-02-03,لازم بود بیشرفی‌تان را همه ببینند. همه البته دیده بودند، اما برخی هنوز باور نکرده بودند.,"It was necessary for everyone to see your shamelessness. Everyone had seen it, but some still didn't believe it."
2018557409724334527,ajibzade,2026-02-03 07:29:24.118,"توماج صالحی، ترجمه و بروز واقعی این است که یکی را از سر کوچه برداری و بگذاری رأس هرم.
فرقهٔ جنون اینقدر دستش خالی است.",0,0,0,https://x.com/ajibzade/status/2018557409724334527,2026,2,2026-02-03,"توماج صالحی، ترجمه و بروز واقعی این است که یکی را از سر کوچه برداری و بگذاری رأس هرم.
فرقهٔ جنون اینقدر دستش خالی است.","Tomaj Salehi's translation and true interpretation is to take someone from the street and place him at the top of the pyramid.
The Madness Sect is so empty-handed."
2018314769472561196,ajibzade,2026-02-02 15:25:14.174,"فکت: بزرگترین مانع جمهوری خواهان، دموکراسی ست.

#جاويدشاه‌",0,0,0,https://x.com/hastyarrr/status/2018314769472561196,2026,2,2026-02-02,"فکت: بزرگترین مانع جمهوری خواهان، دموکراسی ست.

#جاويدشاه‌","Fact: Republicans' biggest obstacle is democracy.

#Javidshah"
2018482709337620939,ajibzade,2026-02-03 02:32:34.158,این رذالت رهبران فرقه جنون علیه ملتی که هنوز بدن بسیاری از جاوید نامانش گرم است را فقط با یک مساله می‌‌شود فهم کرد. این اراذل در ذهن خود دارند انتقام غزه را از مردم ایران می‌‌گیرند که چنین بی‌ پروا علیه مظلوم‌ترین مردم عربده کشی‌ می‌‌کنند. بی‌ جهت نیست که آرمان فلسطین منفور‌ترین,0,0,0,https://x.com/alinaghi2018/status/2018482709337620939,2026,2,2026-02-03,این رذالت رهبران فرقه جنون علیه ملتی که هنوز بدن بسیاری از جاوید نامانش گرم است را فقط با یک مساله می‌‌شود فهم کرد. این اراذل در ذهن خود دارند انتقام غزه را از مردم ایران می‌‌گیرند که چنین بی‌ پروا علیه مظلوم‌ترین مردم عربده کشی‌ می‌‌کنند. بی‌ جهت نیست که آرمان فلسطین منفور‌ترین,"This wickedness of the leaders of the Madness Sect against a nation whose many immortals are still warm can be understood with only one problem. In their minds, these thugs are taking revenge for Gaza from the people of Iran, who recklessly commit massacres against the most oppressed people. It is not without reason that the cause of Palestine is the most hated"
2018432843022540882,ajibzade,2026-02-02 23:14:25.102,تازه‌واردهای عزیز، اولین کاری که میکنید بلاک کردن تمام اکانتهایی هست که این هدر سازمانی و ضدایرانی رو دارند.,0,0,0,https://x.com/ahampay/status/2018432843022540882,2026,2,2026-02-02,تازه‌واردهای عزیز، اولین کاری که میکنید بلاک کردن تمام اکانتهایی هست که این هدر سازمانی و ضدایرانی رو دارند.,"Dear newcomers, the first thing you should do is to block all the accounts that have this organizational and anti-Iranian header."
1949933310848704649,ajibzade,2025-07-28 23:41:43.972,"کسانی که آدم کشته‌اند، ترور کرده‌اند، بمب گذاشته‌اند، فریب داده‌اند، سرسپردهٔ بیگانه شده‌اند تا نهایتاً انقلاب کرده‌اند و بعد همه‌پرسی گذاشته‌اند، قانون اساسی ساخته‌اند و در آن حکومت مطلقه را به پیرمردان دخمه‌نشینِ از تاریخ‌بازگشته هبه کرده‌اند، امروز نگران دموکراسی‌اند.

اِی",0,0,0,https://x.com/ajibzade/status/1949933310848704649,2025,7,2025-07-28,"کسانی که آدم کشته‌اند، ترور کرده‌اند، بمب گذاشته‌اند، فریب داده‌اند، سرسپردهٔ بیگانه شده‌اند تا نهایتاً انقلاب کرده‌اند و بعد همه‌پرسی گذاشته‌اند، قانون اساسی ساخته‌اند و در آن حکومت مطلقه را به پیرمردان دخمه‌نشینِ از تاریخ‌بازگشته هبه کرده‌اند، امروز نگران دموکراسی‌اند.

اِی","Those who have killed people, assassinated people, planted bombs, cheated, become hostages of foreigners until finally they made a revolution and then held a referendum, made a constitution and gave absolute rule to the old men who lived in the cave from history, today they are worried about democracy.

A"
2018398955197939759,ajibzade,2026-02-02 20:59:45.615,"می‌خواهند بگویند «فدرالیسم»، ولی هنوز جرأت نمی‌کنند و به جایش هی می‌گویند «دموکراسی»؛ ولی منظورشان همان است.
کسی که حتی فقط نقش دموکراسی را بازی می‌کند نه اهل روایت مونولوگ است و نه اکثریت قاطع را نادیده می‌گیرد.",0,0,0,https://x.com/ajibzade/status/2018398955197939759,2026,2,2026-02-02,"می‌خواهند بگویند «فدرالیسم»، ولی هنوز جرأت نمی‌کنند و به جایش هی می‌گویند «دموکراسی»؛ ولی منظورشان همان است.
کسی که حتی فقط نقش دموکراسی را بازی می‌کند نه اهل روایت مونولوگ است و نه اکثریت قاطع را نادیده می‌گیرد.","They want to say ""federalism"", but they don't dare to say ""democracy"" instead. But they mean the same thing.
Someone who even just plays the role of democracy is neither a monologue nor ignores the overwhelming majority."
2018430334115660279,ajibzade,2026-02-02 23:04:26.932,بیا! این احمق لنگ تریاک هم سوتی داد.,0,0,0,https://x.com/ajibzade/status/2018430334115660279,2026,2,2026-02-02,بیا! این احمق لنگ تریاک هم سوتی داد.,Come on! This lame fool also whistled opium.
2018421969797161298,ajibzade,2026-02-02 22:31:12.723,"حجم جنایات جمهوری‌اسلامی انقدر زیاده که بعد از یه ماه هربار میای توییتر بازم روایت جدیدی از قتل‌عام و کشتار میبینی؛
بعد بعضیا یقهٔ آخوندو ول کردن و گیر دادن به پهلوی و هشتگ ترند می‌کنن که بگن نظامی که هنوز نیومده دموکراتیک نیست!
به خدا که مزدور و دلواپس آخوندید،
توجیه دیگه‌ای",0,0,0,https://x.com/villllllainess/status/2018421969797161298,2026,2,2026-02-02,"حجم جنایات جمهوری‌اسلامی انقدر زیاده که بعد از یه ماه هربار میای توییتر بازم روایت جدیدی از قتل‌عام و کشتار میبینی؛
بعد بعضیا یقهٔ آخوندو ول کردن و گیر دادن به پهلوی و هشتگ ترند می‌کنن که بگن نظامی که هنوز نیومده دموکراتیک نیست!
به خدا که مزدور و دلواپس آخوندید،
توجیه دیگه‌ای","The volume of crimes in the Islamic Republic is so great that every time you come to Twitter after a month, you will see a new account of massacres.
Then some people loosen their necks and stick to Pahlavi and hashtags to say that a system that has not yet arrived is not democratic!
To God, who read mercenaries and worries,
Another justification"
2018412158409654332,ajibzade,2026-02-02 21:52:13.506,بنابر اطلاعات واصله از افرادی که بازداشت و بازجویی شده‌اند، جمهوری تروریست  اسلامی دنبال راهی برای نزدیک شدن به خانواده‌ی پهلوی به قصد ترور ایشان است. این هشداری کاملا جدی و موثق است. مراقب شاه و خاندان پهلوی باشید. #جاويدشاه‌,0,0,0,https://x.com/caljon2025/status/2018412158409654332,2026,2,2026-02-02,بنابر اطلاعات واصله از افرادی که بازداشت و بازجویی شده‌اند، جمهوری تروریست  اسلامی دنبال راهی برای نزدیک شدن به خانواده‌ی پهلوی به قصد ترور ایشان است. این هشداری کاملا جدی و موثق است. مراقب شاه و خاندان پهلوی باشید. #جاويدشاه‌,"According to the information received from the people who were arrested and interrogated, the terrorist Islamic Republic is looking for a way to approach the Pahlavi family with the intention of assassinating them. This is a very serious and reliable warning. Take care of the king and the Pahlavi family. #Javidshah"
2018369851132190952,ajibzade,2026-02-02 19:04:06.665,"هرگونه پرچمی برای ایران، جز شیروخورشید توهین به خون دهها هزار ایرانیه. پرچم فلسطین و کردستان عراق و ززا اگه دیدید از میله بکنید تو کون صاحبانشون و با اردنگی بندازیدشون بیرون. دهها هزار نفر قتل‌عام شدند.

خشمگین و رادیکال باشید. شاه رو فریاد بزنید. خون از ما، صدا از شما
#جاویدشاه",0,0,0,https://x.com/YaarGhadimi/status/2018369851132190952,2026,2,2026-02-02,"هرگونه پرچمی برای ایران، جز شیروخورشید توهین به خون دهها هزار ایرانیه. پرچم فلسطین و کردستان عراق و ززا اگه دیدید از میله بکنید تو کون صاحبانشون و با اردنگی بندازیدشون بیرون. دهها هزار نفر قتل‌عام شدند.

خشمگین و رادیکال باشید. شاه رو فریاد بزنید. خون از ما، صدا از شما
#جاویدشاه","Any flag for Iran, except Shiro Khurshid, is an insult to the blood of tens of thousands of Iranians. If you see the flag of Palestine and Kurdistan of Iraq and Zaza, put it on the pole and throw it out with a Jordanian flag. Tens of thousands of people were massacred.

Be angry and radical. Shout out to the king. Blood from us, voice from you
#javidshah"
2018288674937471046,ajibzade,2026-02-02 13:41:32.752,"آخرین امیدهای خامنه‌ای، سربازای زن زندگی آزادین.

#KingRezaPahlavi
#جاويدشاه‌",0,0,0,https://x.com/hastyarrr/status/2018288674937471046,2026,2,2026-02-02,"آخرین امیدهای خامنه‌ای، سربازای زن زندگی آزادین.

#KingRezaPahlavi
#جاويدشاه‌","Khamenei's last hopes, female soldiers of free life.

#KingRezaPahlavi
#Javidshah"
2018317769926660147,ajibzade,2026-02-02 15:37:09.538,توماج صالحی و حامد کصمادریون امروز این درس را به ما دادن که دریای بی‌شرفی و مادرجندگی چپ جماعت ساحل ندارد.,0,0,0,https://x.com/Iran1Asl/status/2018317769926660147,2026,2,2026-02-02,توماج صالحی و حامد کصمادریون امروز این درس را به ما دادن که دریای بی‌شرفی و مادرجندگی چپ جماعت ساحل ندارد.,"Today, Tomaj Salehi and Hamed Kasmadarion taught us this lesson that the sea of ​​dishonor and the mother of life of the left party has no shore."
2018355575998882029,ajibzade,2026-02-02 18:07:23.208,"۴۶ سال ما داریم طعم دموکراسی که سال ۵۷ برامون آوردین رو میکشیم 
خفه شید لطفا 
#جاويدشاه‌",0,0,0,https://x.com/Ario1401/status/2018355575998882029,2026,2,2026-02-02,"۴۶ سال ما داریم طعم دموکراسی که سال ۵۷ برامون آوردین رو میکشیم 
خفه شید لطفا 
#جاويدشاه‌","For 46 years, we have tasted the democracy that you brought to us in 1957 
shut up please 
#Javidshah"
2018323390491234522,ajibzade,2026-02-02 15:59:29.585,یارو صاحب یه اکانت شده، همه رو بلاک کرده و جلوی کامنت گذاشتن رو بسته، همین قراره فردا صاحب منسب بشه تو کشور و دموکراسی بیاره، بخشکی شانس,0,0,0,https://x.com/BehnamZapata2/status/2018323390491234522,2026,2,2026-02-02,یارو صاحب یه اکانت شده، همه رو بلاک کرده و جلوی کامنت گذاشتن رو بسته، همین قراره فردا صاحب منسب بشه تو کشور و دموکراسی بیاره، بخشکی شانس,"The guy got an account, blocked everyone and blocked comments, he is going to be the owner of Musab tomorrow and bring democracy to the country, good luck."
1946065369417847142,ajibzade,2025-07-18 07:31:54.872,دموکراسی چاه ویل است؛ مراقب باشید «دوباره» توی آن نیفتید!,0,0,0,https://x.com/ajibzade/status/1946065369417847142,2025,7,2025-07-18,دموکراسی چاه ویل است؛ مراقب باشید «دوباره» توی آن نیفتید!,Democracy is a well; Be careful not to fall into it again!
1960371574831517741,ajibzade,2025-08-26 18:59:40.039,"آزادی بیان بالاترین ارزش است. خلاف دموکراسی که ذاتاً حائز هیچ ارزشی نیست، آزادی بیان، ارزش بنیادین و مصدر شکوفایی است.
نگذارید کسانی با چماق آزادی بیان، آزادی بیان شما را محدود کنند. بزنید در دهانشان و اعتراضتان به هر چیزی که دوست ندارید یا توهین می‌شمرید را، بی‌لکنت بر زبان جاری",0,0,0,https://x.com/ajibzade/status/1960371574831517741,2025,8,2025-08-26,"آزادی بیان بالاترین ارزش است. خلاف دموکراسی که ذاتاً حائز هیچ ارزشی نیست، آزادی بیان، ارزش بنیادین و مصدر شکوفایی است.
نگذارید کسانی با چماق آزادی بیان، آزادی بیان شما را محدود کنند. بزنید در دهانشان و اعتراضتان به هر چیزی که دوست ندارید یا توهین می‌شمرید را، بی‌لکنت بر زبان جاری","Freedom of speech is the highest value. Unlike democracy, which has no intrinsic value, freedom of expression is a fundamental value and source of prosperity.
Don't let those with a stick of freedom of speech limit your freedom of speech. Slap in their mouths and express your objections to anything you don't like or find insulting, without any hesitation."
2018374099370684838,ajibzade,2026-02-02 19:20:59.524,"رپر حکومتی حرف از دموکراسی میزنه اما همه رو بلاک کرده 
مادرتو",0,0,0,https://x.com/Dadylongleggpv/status/2018374099370684838,2026,2,2026-02-02,"رپر حکومتی حرف از دموکراسی میزنه اما همه رو بلاک کرده 
مادرتو","The government rapper talks about democracy, but he has blocked everyone 
your mother"
2018300750670033187,ajibzade,2026-02-02 14:29:31.831,از دموکراسی بگو:),0,0,0,https://x.com/ghiblistud76598/status/2018300750670033187,2026,2,2026-02-02,از دموکراسی بگو:),Tell me about democracy :)
2018353778299195843,ajibzade,2026-02-02 18:00:14.603,"چندساعت پیش روزنامه تایمز اسراییل هم یه مقاله نوشته و در مورد خطر جدی امنیت جانی برای شاه هشدار داده و توضیح داده که ملاها و مجاهدین و چپها طبق سنت همیشگیشون الان قطعا دنبال حذف فیزیکی‌ پادشاه و حتی آسیب به خانواده‌ش هستند.

درواقع ج.ا تا الان فکر میکرد میتونه با نوبل نرگس و کولی",0,0,0,https://x.com/YaarGhadimi/status/2018353778299195843,2026,2,2026-02-02,"چندساعت پیش روزنامه تایمز اسراییل هم یه مقاله نوشته و در مورد خطر جدی امنیت جانی برای شاه هشدار داده و توضیح داده که ملاها و مجاهدین و چپها طبق سنت همیشگیشون الان قطعا دنبال حذف فیزیکی‌ پادشاه و حتی آسیب به خانواده‌ش هستند.

درواقع ج.ا تا الان فکر میکرد میتونه با نوبل نرگس و کولی","A few hours ago, The Times of Israel wrote an article and warned about the serious danger to the King's life and explained that the Mullahs, Mujahideen and the leftists, according to their usual tradition, are now definitely looking for the physical removal of the King and even harm to his family.

In fact, until now, JA thought that she could be with Noble Nargis and Koli"
2018080948957433859,ajibzade,2026-02-01 23:56:07.019,"شماها تا ابد فراموش نخواهید شد! این مائیم که فراموش شدیم...
نام و یادت جاودان رفیق!
#علیرضا_موسوی_نور",0,0,0,https://x.com/gohardaddy/status/2018080948957433859,2026,2,2026-02-01,"شماها تا ابد فراموش نخواهید شد! این مائیم که فراموش شدیم...
نام و یادت جاودان رفیق!
#علیرضا_موسوی_نور","You will never be forgotten! We are the ones who have been forgotten...
Your name and memory are eternal friend!
#Alireza_Mousavi_Noor"
2018212463125148114,ajibzade,2026-02-02 08:38:42.440,"ریدن به این مجری حرومزاده بخاطر کم‌هزینه بودن باعث شده گله سلبریتیهای هار خون‌معاش که موقع قتل‌عام خفه‌خون گرفته بودند فرصت کنند با لگد زدن به اون خودشون رو مردمی جا بزنند
و مساله اصلی رو از قتل‌عام به توهین به پیکرها تقلیل بدن.

یعنی ج.ا حق کشتن داره ولی حق توهین به پیکرها رو نه",0,0,0,https://x.com/YaarGhadimi/status/2018212463125148114,2026,2,2026-02-02,"ریدن به این مجری حرومزاده بخاطر کم‌هزینه بودن باعث شده گله سلبریتیهای هار خون‌معاش که موقع قتل‌عام خفه‌خون گرفته بودند فرصت کنند با لگد زدن به اون خودشون رو مردمی جا بزنند
و مساله اصلی رو از قتل‌عام به توهین به پیکرها تقلیل بدن.

یعنی ج.ا حق کشتن داره ولی حق توهین به پیکرها رو نه","Raiden to this bastard performer due to his low cost has caused the herd of bloodthirsty celebrities who were suffocated during the massacre to get a chance to kick him and make themselves popular.
And reduce the main issue from massacre to insulting the corpses.

It means that J.A has the right to kill, but not the right to insult the bodies"
2018075065351332046,ajibzade,2026-02-01 23:32:44.258,"کنار مظلومیت و شجاعت و شرافت این جاویدنام ها؛ دردنده خویی قصابان شیعه، ای کاش یه جای کوچکی هم در تاریخ بمونه که درد بی انتهای ما بازمانده ها هم درش ثبت بشه!
ما چطور میتونیم با این همه درد کنار بیاییم؟ ما چطوری میتونیم به یک صدم همون زندگی کوفتی پیش از نسل کشی برگردیم؟ 

شما رو",0,0,0,https://x.com/aghachurchill/status/2018075065351332046,2026,2,2026-02-01,"کنار مظلومیت و شجاعت و شرافت این جاویدنام ها؛ دردنده خویی قصابان شیعه، ای کاش یه جای کوچکی هم در تاریخ بمونه که درد بی انتهای ما بازمانده ها هم درش ثبت بشه!
ما چطور میتونیم با این همه درد کنار بیاییم؟ ما چطوری میتونیم به یک صدم همون زندگی کوفتی پیش از نسل کشی برگردیم؟ 

شما رو","Beside the oppression, courage and honor of these immortals; The pain of the Shia butchers, I wish there would be a small place in history where the endless pain of us survivors would be recorded!
How can we cope with all this pain? How can we return to one hundredth of the life of Kufti before the genocide? 

you"
2018040556509659425,ajibzade,2026-02-01 21:15:36.709,"تو جاودانه شدی !

 #علیرضا_موسوی‌نور",0,0,0,https://x.com/Dadylongleggpv/status/2018040556509659425,2026,2,2026-02-01,"تو جاودانه شدی !

 #علیرضا_موسوی‌نور","You have become immortal!

 #Alireza_Mosavinoor"
2018039216840835198,ajibzade,2026-02-01 21:10:17.307,میگن چپ هرگز نفهمید. به خدا می‌فهمند. اینها مشکلشون نفهمیدن نیست.‌ مشکلشون رذالت بی‌پایانشونه. مشکلشون نداشتن شرف و بی‌بهرگی از یک جو انسانیته.,0,0,0,https://x.com/fuzakeruna16/status/2018039216840835198,2026,2,2026-02-01,میگن چپ هرگز نفهمید. به خدا می‌فهمند. اینها مشکلشون نفهمیدن نیست.‌ مشکلشون رذالت بی‌پایانشونه. مشکلشون نداشتن شرف و بی‌بهرگی از یک جو انسانیته.,They say the left never understood. God knows. Their problem is not not understanding. Their problem is their endless wickedness. Their problem is their lack of honor and lack of humanity.
2018027503227417050,ajibzade,2026-02-01 20:23:44.564,سازمان‌دهندهٔ تظاهرات پاریس را بیاگاهانید که تجمع بعدی در نزدیکترین فاصله به دفتر فیگارو باشد. هر چند «چپ» خدای بی‌اخلاقی است و برای تحریف واقعیت فرقی ندارد صدای جاوید شاه را مستقیم از شما بشنود یا از خون‌های خشکیده بر خیابان متوجه آن گردد.,0,0,0,https://x.com/ajibzade/status/2018027503227417050,2026,2,2026-02-01,سازمان‌دهندهٔ تظاهرات پاریس را بیاگاهانید که تجمع بعدی در نزدیکترین فاصله به دفتر فیگارو باشد. هر چند «چپ» خدای بی‌اخلاقی است و برای تحریف واقعیت فرقی ندارد صدای جاوید شاه را مستقیم از شما بشنود یا از خون‌های خشکیده بر خیابان متوجه آن گردد.,"Inform the organizer of the Paris demonstration that the next rally is closest to Figaro's office. Although ""Left"" is the god of immorality and it doesn't matter if he hears Javid Shah's voice directly from you or hears it from dried blood on the street."
2017978686448746904,ajibzade,2026-02-01 17:09:45.737,"این دخترک را خاطرتان هست؟ برای من، او تجسم طبقه متوسط است؛ مترف، خودمتشکر، پرافاده، کتاب‌خوان و ادایی.

دموکراسی می‌خواهند و دموکراسی را در صندوق رأی می‌بینند، حال مهم نیست که آن صندوق برای انتخاب رنگ طنابشان باشد یا قاتلشان.

این قشر همیشه در دنیای ایده‌آل خود زندگی می‌کند؛",0,0,0,https://x.com/RealPersianGod/status/2017978686448746904,2026,2,2026-02-01,"این دخترک را خاطرتان هست؟ برای من، او تجسم طبقه متوسط است؛ مترف، خودمتشکر، پرافاده، کتاب‌خوان و ادایی.

دموکراسی می‌خواهند و دموکراسی را در صندوق رأی می‌بینند، حال مهم نیست که آن صندوق برای انتخاب رنگ طنابشان باشد یا قاتلشان.

این قشر همیشه در دنیای ایده‌آل خود زندگی می‌کند؛","Do you remember this girl? To me, he epitomizes the middle class; Satisfied, self-congratulatory, eloquent, book-reading and giving.

They want democracy and they see democracy in the ballot box, it doesn't matter if that box is for choosing the color of their rope or their killer.

This class always lives in its ideal world;"
2017966278325960947,ajibzade,2026-02-01 16:20:27.410,"ایرانیان ارج و ارزش آنچه در زمستان شوم ۵۷ از دست دادند را دریافته‌اند و برای بازگشت و پاسداری از آن، بهای خونین بسیاری سنگینی پرداخته‌اند.
آنکه برای چنین ارزش والایی حاضر به ایثار جان است، عرصه را از هر مور و ملخ کمین‌کرده‌ای خواهد پالود.
این سفره جمع خواهد شد و این دندان طمع",0,0,0,https://x.com/ajibzade/status/2017966278325960947,2026,2,2026-02-01,"ایرانیان ارج و ارزش آنچه در زمستان شوم ۵۷ از دست دادند را دریافته‌اند و برای بازگشت و پاسداری از آن، بهای خونین بسیاری سنگینی پرداخته‌اند.
آنکه برای چنین ارزش والایی حاضر به ایثار جان است، عرصه را از هر مور و ملخ کمین‌کرده‌ای خواهد پالود.
این سفره جمع خواهد شد و این دندان طمع","Iranians have realized the value of what they lost in the fateful winter of 1957 and have paid a heavy bloody price to return and protect it.
He who is willing to sacrifice his life for such a great value will clear the field from every lurking moor and grasshopper.
This table will gather and this greedy tooth"
2017929766704185549,ajibzade,2026-02-01 13:55:22.361,"از دیکتاتور خوندن خامنه‌ای، خصوصاً به زبان انگلیسی خودداری کنید.

دیکتاتور دونستنِ خامنه‌ای، راه رو برای اصلاحات‌چی و ۵۷ی جماعت، برای قاپیدن قدرت باز می‌کنه.

دیکتاتور خوندن این مادون حیوان، یعنی مشکل خامنه‌ایه، نه جمهوری اسلامی.

خامنه‌ای رهبر یک گروه تروریستیه.

#جاویدشاه",0,0,0,https://x.com/HichkasOfficial/status/2017929766704185549,2026,2,2026-02-01,"از دیکتاتور خوندن خامنه‌ای، خصوصاً به زبان انگلیسی خودداری کنید.

دیکتاتور دونستنِ خامنه‌ای، راه رو برای اصلاحات‌چی و ۵۷ی جماعت، برای قاپیدن قدرت باز می‌کنه.

دیکتاتور خوندن این مادون حیوان، یعنی مشکل خامنه‌ایه، نه جمهوری اسلامی.

خامنه‌ای رهبر یک گروه تروریستیه.

#جاویدشاه","Avoid reading Khamenei's Dictator, especially in English.

The dictator Donstan Khamenei opens the way for reformers and 57 Jamaat to seize power.

Dictator calling this sub-animal means Khamenei's problem, not the Islamic Republic.

Khamenei is the leader of a terrorist group.

#javidshah"
2017912898002076121,ajibzade,2026-02-01 12:48:20.549,به زور از تو کون آخوند کشیدیمشون بیرون، الان بهمون میگن شما بدتر از آخوندایین! به نظرم بیاید برشون گردونیم تو کون آخوند! #جاویدشاه,0,0,0,https://x.com/RealPersianGod/status/2017912898002076121,2026,2,2026-02-01,به زور از تو کون آخوند کشیدیمشون بیرون، الان بهمون میگن شما بدتر از آخوندایین! به نظرم بیاید برشون گردونیم تو کون آخوند! #جاویدشاه,"We pulled them out of the mullahs' ass by force, now they tell us that you are worse than the mullahs! In my opinion, let's go back to them, you asshole! #javidshah"
2017875190928031746,ajibzade,2026-02-01 10:18:30.482,اکانت هکسره مشغول انجام کار بزرگیست و بیوقفه در حال انتشار اسامی جانفدایان میهنه. تا میتونید پروموتش کنید این ناشناس باشرف ر #جاويدشاه‌,0,0,0,https://x.com/caljon2025/status/2017875190928031746,2026,2,2026-02-01,اکانت هکسره مشغول انجام کار بزرگیست و بیوقفه در حال انتشار اسامی جانفدایان میهنه. تا میتونید پروموتش کنید این ناشناس باشرف ر #جاويدشاه‌,Hexare's account is doing a great job and is continuously publishing the names of the martyrs of the country. Promote it as much as you can. This anonymous person is proud of #Javidshah
2017875005489508645,ajibzade,2026-02-01 10:17:46.270,اندکی پس از خیزش دی‌ماه ۹۶ که سرآغاز ترجمهٔ مفهوم براندازی به خیابان و تولد براندازی فعال بود، علی زکریایی، یکی از رانتی-عرزشی‌های رسانه‌ای این ویدیو را بیرون داد. هیچ کارگزار میانگین جمهوری اسلامی، تصورش را هم نمی‌کرد، چنین روزی را این قدر زود ببیند که مردم شجاعانه از جان بگذرند,0,0,0,https://x.com/ajibzade/status/2017875005489508645,2026,2,2026-02-01,اندکی پس از خیزش دی‌ماه ۹۶ که سرآغاز ترجمهٔ مفهوم براندازی به خیابان و تولد براندازی فعال بود، علی زکریایی، یکی از رانتی-عرزشی‌های رسانه‌ای این ویدیو را بیرون داد. هیچ کارگزار میانگین جمهوری اسلامی، تصورش را هم نمی‌کرد، چنین روزی را این قدر زود ببیند که مردم شجاعانه از جان بگذرند,"Shortly after the uprising of January 2016, which was the beginning of the translation of the concept of subversion to the street and the birth of active subversion, Ali Zakariai, one of the media rentiers, released this video. No average official of the Islamic Republic would have imagined that such a day would come so soon that people would die bravely."
2017569188215230609,ajibzade,2026-01-31 14:02:33.750," Footage from the city of Darab on January 8, Iranians raised Irans national flag, shouting ""Javid Shah""-- Long live the King

Let the world see what happened! 
Be the voice of Iranians who are risking their lives for this, and the many thousands that already paid the ultimate",0,0,0,https://x.com/Savakzadeh/status/2017569188215230609,2026,1,2026-01-31," Footage from the city of Darab on January 8, Iranians raised Irans national flag, shouting ""Javid Shah""-- Long live the King

Let the world see what happened! 
Be the voice of Iranians who are risking their lives for this, and the many thousands that already paid the ultimate","Footage from the city of Darab on January 8, Iranians raised Irans national flag, shouting ""Javid Shah""-- Long live the King

Let the world see what happened! 
Be the voice of Iranians who are risking their lives for this, and the many thousands that already paid the ultimate"
2017841695405080778,ajibzade,2026-02-01 08:05:24.527,اونی که امتداد صدای ملته ماییم نه اون لکاته. ایشون تیر خورد به گلوش و متأسفانه دیگه نمی‌تونه بیاد برینه دهن مصی و امثالهم، و ما تا زنده‌ایم حرفای این بچه‌ها رو تکرار خواهیم کرد. حالا می‌تونی گریه کنی.,0,0,0,https://x.com/RealPersianGod/status/2017841695405080778,2026,2,2026-02-01,اونی که امتداد صدای ملته ماییم نه اون لکاته. ایشون تیر خورد به گلوش و متأسفانه دیگه نمی‌تونه بیاد برینه دهن مصی و امثالهم، و ما تا زنده‌ایم حرفای این بچه‌ها رو تکرار خواهیم کرد. حالا می‌تونی گریه کنی.,"The one who is the extension of the nation's voice, not the one that is flawed. He was shot in the throat and unfortunately he can't come back to the mouth of Musi and others like him, and we will repeat the words of these children for the rest of our lives. Now you can cry."
2017684420564582793,ajibzade,2026-01-31 21:40:27.283,میدونید این مادرجنده کی منو بلاک کرد؟ سر خایه‌مالیش برای چشمان نافذ سردار سلیمانی,0,0,0,https://x.com/Ali_thehoma/status/2017684420564582793,2026,1,2026-01-31,میدونید این مادرجنده کی منو بلاک کرد؟ سر خایه‌مالیش برای چشمان نافذ سردار سلیمانی,Do you know who blocked me? Sir Khayehmalish for Sardar Soleimani's penetrating eyes
2017857012206346543,ajibzade,2026-02-01 09:06:16.337,"یک ایرانی یا نماد ایرانی در تظاهرات حمایت از رژیم اسلامی دیده نمیشود! رژیم اشغالگر ایران اجنبی و هواداران آن حتی اگر زاده ایران باشن مزدور و خائنن! سزای خائن مشخص است!
#انقلاب_شیروخورشید",0,0,0,https://x.com/2002Kingfox/status/2017857012206346543,2026,2,2026-02-01,"یک ایرانی یا نماد ایرانی در تظاهرات حمایت از رژیم اسلامی دیده نمیشود! رژیم اشغالگر ایران اجنبی و هواداران آن حتی اگر زاده ایران باشن مزدور و خائنن! سزای خائن مشخص است!
#انقلاب_شیروخورشید","An Iranian or an Iranian symbol is not seen in the demonstrations supporting the Islamic regime! The occupying regime of Iran is alien and its supporters are mercenaries and traitors even if they are born in Iran! The punishment of the traitor is clear!
#Shirokhorshid_Revolution"
2017856700586561557,ajibzade,2026-02-01 09:05:02.041,این روزها، در میانه این تباهی بی‌انتها، وقتی می‌بینم که کسی به ناسزا گفتن حساسیت نشان می‌دهد یاد این قسمت از نمایشنامه مرگ یزدگرد بهرام بیضائی می‌افتم که در آن سرکرده خطاب به زن آسیابان می‌گوید: «می‌شنوی زن؟ این سروران خوش ندارند که ناسزا بشنوند.» و زن آسیابان جواب می‌دهد: «آیا,0,0,0,https://x.com/BamdadEtemad/status/2017856700586561557,2026,2,2026-02-01,این روزها، در میانه این تباهی بی‌انتها، وقتی می‌بینم که کسی به ناسزا گفتن حساسیت نشان می‌دهد یاد این قسمت از نمایشنامه مرگ یزدگرد بهرام بیضائی می‌افتم که در آن سرکرده خطاب به زن آسیابان می‌گوید: «می‌شنوی زن؟ این سروران خوش ندارند که ناسزا بشنوند.» و زن آسیابان جواب می‌دهد: «آیا,"These days, in the midst of this endless depravity, when I see someone showing sensitivity to cursing, I am reminded of this part of the play The Death of Yazdgerd Bahram Bayzai, in which the main character says to the miller's wife: ""Do you hear me, woman? These servers do not like to hear insults. And the miller's wife answers: ""Yes"
2017843895359393992,ajibzade,2026-02-01 08:14:09.037,ما هیچوقت نیازی به شماها نداشتیم، لطفاً هیچوقت همراه ما نشید. از این به بعد هم سفت بچسبید به آخوند و تو راهپیمایی‌های حمایتی از آخوند شرکت کنید.,0,0,0,https://x.com/RealPersianGod/status/2017843895359393992,2026,2,2026-02-01,ما هیچوقت نیازی به شماها نداشتیم، لطفاً هیچوقت همراه ما نشید. از این به بعد هم سفت بچسبید به آخوند و تو راهپیمایی‌های حمایتی از آخوند شرکت کنید.,"We never needed you, please never stay with us. From now on, stick to the mullah and participate in the marches in support of the mullah."
2017836184517406993,ajibzade,2026-02-01 07:43:30.629,خانواده                      شاه                       میهن,0,0,0,https://x.com/thetwelfth_Imam/status/2017836184517406993,2026,2,2026-02-01,خانواده                      شاه                       میهن,The family of Shah Mihan
2017773586585411996,ajibzade,2026-02-01 03:34:46.119,"کل حرکت اجتماعی فرقه ززا را می‌توان در این پیامک‌ها دید!

چه خطر بزرگی از سر ملت ایران گذشت! الان می‌توان دید که اداره فرقه ززا را اصلاح‌طلبان بر عهده داشتند!

#جاویدشاه #پهلوی_برمیگرده",0,0,0,https://x.com/mhrzmomeni_fa/status/2017773586585411996,2026,2,2026-02-01,"کل حرکت اجتماعی فرقه ززا را می‌توان در این پیامک‌ها دید!

چه خطر بزرگی از سر ملت ایران گذشت! الان می‌توان دید که اداره فرقه ززا را اصلاح‌طلبان بر عهده داشتند!

#جاویدشاه #پهلوی_برمیگرده","The whole social movement of the Zeza cult can be seen in these text messages!

What a great danger happened to the Iranian nation! Now we can see that the Zeza sect was managed by the reformers!

#Javidshah #Pahlavi_is_back"
2017752021307203671,ajibzade,2026-02-01 02:09:04.556,"شاهزاده نور پهلوی در مصاحبه‌ای که پیش‌تر در روز ۲۴ دی با شبکه فاکس‌نیوز انجام شده بود، گفت پدرم طی ۴۷ سال تبعید، اغلب با حمایت اندک، برای آزادی ایران ایستادگی کرده و بر تعهد خود به مردم ایران پایدار مانده است.
او در این گفتگو تاکید کرد شاهزاده رضا پهلوی در تمام این سال‌ها با",0,0,0,https://x.com/indypersian/status/2017752021307203671,2026,2,2026-02-01,"شاهزاده نور پهلوی در مصاحبه‌ای که پیش‌تر در روز ۲۴ دی با شبکه فاکس‌نیوز انجام شده بود، گفت پدرم طی ۴۷ سال تبعید، اغلب با حمایت اندک، برای آزادی ایران ایستادگی کرده و بر تعهد خود به مردم ایران پایدار مانده است.
او در این گفتگو تاکید کرد شاهزاده رضا پهلوی در تمام این سال‌ها با","Prince Noor Pahlavi, in an interview with Fox News on December 24, said that during 47 years of exile, often with little support, my father stood up for the freedom of Iran and remained steadfast in his commitment to the people of Iran.
In this conversation, he emphasized that Prince Reza Pahlavi has been with all these years"
2017812653343969601,ajibzade,2026-02-01 06:10:00.360,امتداد صدای مردم رو نمی‌دونم، ولی امتداد همان بازی منشور هستید و هرکسی که دوباره از این قماش فریب بخوره، به خون‌هایی که ریخته شده خیانت کرده. صحنه خیلی خیلی روشن‌تر از چیزی است که بشه خطای محاسباتی داشت.,0,0,0,https://x.com/MonfaredAshkan/status/2017812653343969601,2026,2,2026-02-01,امتداد صدای مردم رو نمی‌دونم، ولی امتداد همان بازی منشور هستید و هرکسی که دوباره از این قماش فریب بخوره، به خون‌هایی که ریخته شده خیانت کرده. صحنه خیلی خیلی روشن‌تر از چیزی است که بشه خطای محاسباتی داشت.,"I don't know the extent of people's voices, but you are an extension of the same prism game, and anyone who is deceived by this fabric again has betrayed the blood that has been spilled. The scene is much, much brighter than it could possibly be a computational error."
2017536894398058532,ajibzade,2026-01-31 11:54:14.304,"واقعیت نمیدونم دیگه چی باید گفت به این حر.امزادگان خو.نشور.  
x.com/alefyal/status
…",0,0,0,https://x.com/itssepiiideh/status/2017536894398058532,2026,1,2026-01-31,"واقعیت نمیدونم دیگه چی باید گفت به این حر.امزادگان خو.نشور.  
x.com/alefyal/status
…","Actually, I don't know what else to say to this Har. Amzadgan Kho. Neshur.  
x.com/alefyal/status
…"
2017738628823232530,ajibzade,2026-02-01 01:15:51.539,دیری نخواهد گذشت که با فروافتادن پرچم خرچنگ‌نشان، آرمان فلسطین هم غروب کند. این یک تولد دوباره برای خاور میانه است.,0,0,0,https://x.com/ajibzade/status/2017738628823232530,2026,2,2026-02-01,دیری نخواهد گذشت که با فروافتادن پرچم خرچنگ‌نشان، آرمان فلسطین هم غروب کند. این یک تولد دوباره برای خاور میانه است.,It won't be long until the flag of Palestine falls with the fall of the Palestinian cause. This is a rebirth for the Middle East.
2017672071170380247,ajibzade,2026-01-31 20:51:22.958,به ایرانی بودنم افتخار می‌کنم. صد البته که تاریخ غرورانگیزی داریم. ولی این بار به خاطر همین هم‌میهنان امروزم که رشکِ شرافتند و تجلی شجاعت و بصیرت و فهمیدگی و انسانیت.,0,0,0,https://x.com/rezazadeh1122/status/2017672071170380247,2026,1,2026-01-31,به ایرانی بودنم افتخار می‌کنم. صد البته که تاریخ غرورانگیزی داریم. ولی این بار به خاطر همین هم‌میهنان امروزم که رشکِ شرافتند و تجلی شجاعت و بصیرت و فهمیدگی و انسانیت.,"I am proud to be Iranian. Of course, we have a proud history. But this time because of my compatriots today, who are jealous of honor and the manifestation of courage, insight, understanding and humanity."
2017733185077969357,ajibzade,2026-02-01 00:54:13.649,"رضا شاه بموقع دست به سمت همتون دراز کرد و از همتون حمایت کرد ولی شما پس زدید، همتون در این کشتار کنار خامنه ای بودید، نه شاه و نه مردم، شاید روزی همین شاه شما رو از خشم ما نجات بده ولی آرزوی نشستن دوباره کنار ایشون رو به گور خواهید برد.
#جاوید_شاه",0,0,0,https://x.com/Rayan9717/status/2017733185077969357,2026,2,2026-02-01,"رضا شاه بموقع دست به سمت همتون دراز کرد و از همتون حمایت کرد ولی شما پس زدید، همتون در این کشتار کنار خامنه ای بودید، نه شاه و نه مردم، شاید روزی همین شاه شما رو از خشم ما نجات بده ولی آرزوی نشستن دوباره کنار ایشون رو به گور خواهید برد.
#جاوید_شاه","Reza Shah extended his hand to you at the right time and supported you, but you refused, you were on Khamenei's side in this massacre, neither the king nor the people.
#javid_shah"
2017372156754047253,ajibzade,2026-01-31 00:59:37.789,تلاش چپ‌ برای نفهم باقی ماندن تحسین برانگیز است.,0,0,0,https://x.com/Me_Hamed_Myself/status/2017372156754047253,2026,1,2026-01-31,تلاش چپ‌ برای نفهم باقی ماندن تحسین برانگیز است.,The left's attempt to remain comprehensible is admirable.
2017677405544984802,ajibzade,2026-01-31 21:12:34.772,"تحقیر تاریخی‌تان از سقوط امپراطوری عثمانی و مبدل شدن به بوقلمون ( turkey ) نتیجه بی عرضگی‌تان در کنترل اراضی غربی‌تان بود.
وارث روم شرقی بودید و پاره پاره شدید.
اگر هوس توسعه ارضی دارید به شرق نیایید، اینجا شما را از بوقلمون به کلاغ بدل میکنیم.
@HakanFidan",0,0,0,https://x.com/mahboubeh_mdi/status/2017677405544984802,2026,1,2026-01-31,"تحقیر تاریخی‌تان از سقوط امپراطوری عثمانی و مبدل شدن به بوقلمون ( turkey ) نتیجه بی عرضگی‌تان در کنترل اراضی غربی‌تان بود.
وارث روم شرقی بودید و پاره پاره شدید.
اگر هوس توسعه ارضی دارید به شرق نیایید، اینجا شما را از بوقلمون به کلاغ بدل میکنیم.
@HakanFidan","Your historical humiliation of the fall of the Ottoman Empire and turning into a turkey was the result of your indifference in controlling your western lands.
You were the heir of Eastern Rome and you were torn apart.
If you have a desire for land development, don't come to the East, here we will turn you from a turkey to a crow.
@HakanFidan"
2017700248844702199,ajibzade,2026-01-31 22:43:21.039,"از داخل ایران میگم به عنوان کسی که از زیر رگبار و مسلسل و دوشکا جون سالم به در برده، خودم هم امتداد صدا دارم هم آلترناتیو دوران گذار. لطفا تو گوه منو نخور  
@AlinejadMasih
#جاویدشاه",0,0,0,https://x.com/caljon2025/status/2017700248844702199,2026,1,2026-01-31,"از داخل ایران میگم به عنوان کسی که از زیر رگبار و مسلسل و دوشکا جون سالم به در برده، خودم هم امتداد صدا دارم هم آلترناتیو دوران گذار. لطفا تو گوه منو نخور  
@AlinejadMasih
#جاویدشاه","From inside Iran, I say that as someone who survived under the barrage, machine guns and mattresses, I myself have both an extension of the voice and an alternative of the era. Please don't bite me  
@AlinejadMasih
#javidshah"
2017696615910543844,ajibzade,2026-01-31 22:28:54.880,صحبتهای معصومه علینژاد ر الان شنیدم، شاشیدم تو دهنت زنیکه‌ی قحبه,0,0,0,https://x.com/caljon2025/status/2017696615910543844,2026,1,2026-01-31,صحبتهای معصومه علینژاد ر الان شنیدم، شاشیدم تو دهنت زنیکه‌ی قحبه,"I heard Masoumeh Alinjad's words now, I pissed in your mouth, whore"
2017651556141723921,ajibzade,2026-01-31 19:29:51.794,"تنها اتحاد مهم و سرنوشت‌ساز ""اتحاد شاه و ملت"" است که رقم خورده و درحال تاریخ‌سازی است.
کسی اگر خودش را بخشی از ملت ایران می‌داند، تمام درها به‌رویش باز است که به این اتحاد بپیوندد.
آنهایی که دنبال ساختن ائتلاف و اتحادهای موازی هستند هدفشان تکه‌پاره کردن این اتحاد ایرانساز است.",0,0,0,https://x.com/patrick_jane77/status/2017651556141723921,2026,1,2026-01-31,"تنها اتحاد مهم و سرنوشت‌ساز ""اتحاد شاه و ملت"" است که رقم خورده و درحال تاریخ‌سازی است.
کسی اگر خودش را بخشی از ملت ایران می‌داند، تمام درها به‌رویش باز است که به این اتحاد بپیوندد.
آنهایی که دنبال ساختن ائتلاف و اتحادهای موازی هستند هدفشان تکه‌پاره کردن این اتحاد ایرانساز است.","The only important and decisive alliance is ""the alliance between the king and the nation"" that has been established and is making history.
If someone considers himself a part of the Iranian nation, all doors are open to him to join this alliance.
Those who seek to build a coalition and parallel alliances aim to tear this Iran-making alliance into pieces."
2017663724367065218,ajibzade,2026-01-31 20:18:12.925,"تقابل خیر و شر
#IranRevolution2026",0,0,0,https://x.com/ForEveryBd/status/2017663724367065218,2026,1,2026-01-31,"تقابل خیر و شر
#IranRevolution2026","The conflict between good and evil
#IranRevolution2026"
2017665134106132941,ajibzade,2026-01-31 20:23:49.033,"وطن‌دوستی، عمل‌گرایانه‌ترین و کارآمد‌ترین شیوه انسان‌دوستی‌ست.

#چپ_هرگز_نفهمید
#جاویدشاه",0,0,0,https://x.com/JahangirTaban/status/2017665134106132941,2026,1,2026-01-31,"وطن‌دوستی، عمل‌گرایانه‌ترین و کارآمد‌ترین شیوه انسان‌دوستی‌ست.

#چپ_هرگز_نفهمید
#جاویدشاه","Patriotism is the most practical and efficient way of philanthropy.

#Left_never_understand
#javidshah"
2017627522087666149,ajibzade,2026-01-31 17:54:21.629,انقلاب با رادیکالیسم انجام میشه، رادیکال بمونید دوستان، فحش بدید، حمله کنید و به هیچکدوم از آه و ناله های وسط باز ها هم توجه نکنید. همین رادیکالیسم شما میلیون ها نفر رو به خیابون ها آورد.,0,0,0,https://x.com/Shaheenchevv/status/2017627522087666149,2026,1,2026-01-31,انقلاب با رادیکالیسم انجام میشه، رادیکال بمونید دوستان، فحش بدید، حمله کنید و به هیچکدوم از آه و ناله های وسط باز ها هم توجه نکنید. همین رادیکالیسم شما میلیون ها نفر رو به خیابون ها آورد.,"Revolution is done with radicalism, stay radical my friends, curse, attack and don't pay attention to any of the sighs and moans of the middlemen. Your radicalism brought millions of people to the streets."
2017622407637258662,ajibzade,2026-01-31 17:34:02.249,"برید تجمع خودتون رو با پرچم مجارستان  برگزار کنید و ائتلاف خودتون رو بسازید و شعارهای خودتون رو بدید و اگه کسی تو خیابون شما رو صدا زد امتداد صدای همون عقب‌مونده باشید.

تنها اتحادی که ما بهش نیاز داشتیم ""شاه و ملت"" بود که با دریایی از خون امضا شد و قدم بعدی ما سرنگونی شماست!",0,0,0,https://x.com/YaarGhadimi/status/2017622407637258662,2026,1,2026-01-31,"برید تجمع خودتون رو با پرچم مجارستان  برگزار کنید و ائتلاف خودتون رو بسازید و شعارهای خودتون رو بدید و اگه کسی تو خیابون شما رو صدا زد امتداد صدای همون عقب‌مونده باشید.

تنها اتحادی که ما بهش نیاز داشتیم ""شاه و ملت"" بود که با دریایی از خون امضا شد و قدم بعدی ما سرنگونی شماست!","Go hold your own rally with the Hungarian flag and build your own coalition and give your own slogans and if someone calls you on the street, be the voice behind.

The only alliance we needed was ""King and Nation"" which was signed with a sea of ​​blood and our next step is to overthrow you!"
2017560760881209780,ajibzade,2026-01-31 13:29:04.517,"ما که یادمون نمیره نوچه ی اصلیت عربده می کشید میگفت برای هر کس کنار پهلوی بشینه هزینه درست میکنیم!!!
درتو بذار زنیکه ی دزد شارلاتان!!
#جاویدشاه 
#ننگ_بر_سه_فاسد_ملا_چپی_مجاهد",0,0,0,https://x.com/vianack22/status/2017560760881209780,2026,1,2026-01-31,"ما که یادمون نمیره نوچه ی اصلیت عربده می کشید میگفت برای هر کس کنار پهلوی بشینه هزینه درست میکنیم!!!
درتو بذار زنیکه ی دزد شارلاتان!!
#جاویدشاه 
#ننگ_بر_سه_فاسد_ملا_چپی_مجاهد","Those of us who don't forget the original joke of Arbadeh used to say that we will make a fee for anyone who sits next to Pahlavi!!!
Put your charlatan thief in you!!
#javidshah 
#Shame on three corrupt Mullah Mujahid leftists"
2017627775784403261,ajibzade,2026-01-31 17:55:22.115,آن اتوبوس دیگر مجانی نیست، پایش خون دادیم.,0,0,0,https://x.com/L0mpan/status/2017627775784403261,2026,1,2026-01-31,آن اتوبوس دیگر مجانی نیست، پایش خون دادیم.,"That bus is no longer free, we paid for it."
2017646984690340125,ajibzade,2026-01-31 19:11:41.875,"یک ملت با یک  پرچم و یک شعار ، رهبر خودش را صدا زده است؛ در برابر اراده‌ی ملی/میهنی این ملت داغدیده نمی‌توان ایستاد.
جاویدشاه",0,0,0,https://x.com/shahinnajafi80/status/2017646984690340125,2026,1,2026-01-31,"یک ملت با یک  پرچم و یک شعار ، رهبر خودش را صدا زده است؛ در برابر اراده‌ی ملی/میهنی این ملت داغدیده نمی‌توان ایستاد.
جاویدشاه","A nation has called its leader with a flag and a slogan; We cannot stand against the national/patriotic will of this bereaved nation.
Javed Shah"
2017646714862088362,ajibzade,2026-01-31 19:10:37.543,تو یه روستای کوچیک رهبرشون شاهزاده رضا پهلویه و اسمش رو فریاد میزنن ! این انقلاب رهبر داره رهبرسم شاهزاده است . هرکسی غیر از این گفت عامل ج.ا است.,0,0,0,https://x.com/Dadylongleggpv/status/2017646714862088362,2026,1,2026-01-31,تو یه روستای کوچیک رهبرشون شاهزاده رضا پهلویه و اسمش رو فریاد میزنن ! این انقلاب رهبر داره رهبرسم شاهزاده است . هرکسی غیر از این گفت عامل ج.ا است.,"In a small village, their leader is Prince Reza Pahlavi and they shout his name! This revolution has a leader, my leader is the prince. Anyone who said otherwise is the agent of J.A."
2017652839712014492,ajibzade,2026-01-31 19:34:57.821,"بهاره هدایت با بلدوزر از رو میرحسین موسوی و اصلاح طلبها و سه فاسد رد شد.
درود به شرف که در سمت درست تاریخ وایستادی.",0,0,0,https://x.com/JESIBIKHODA/status/2017652839712014492,2026,1,2026-01-31,"بهاره هدایت با بلدوزر از رو میرحسین موسوی و اصلاح طلبها و سه فاسد رد شد.
درود به شرف که در سمت درست تاریخ وایستادی.","The spring of leadership was rejected by Mirhossein Mousavi and the reformists and three corrupt people with a bulldozer.
Congratulations for standing on the right side of history."
2017629399214899200,ajibzade,2026-01-31 18:01:49.171,"اتحاد بی‌تمایز، انرژی انقلاب را به میانگین بی‌خطر تقلیل می‌دهد
انقلاب نیاز به تضاد و رادیکالیسم دارد، و گرنه جابجایی 
مدیریت است 
انقلاب فرانسه زمانی منحرف شد که «وحدت ملی» جای مرزبندی انقلابی را کرفت
ترمیدور محصول اتحاد بود ،نه افراط خیابان

در روسیه هم ، بلشویک‌ها با اجماع",0,0,0,https://x.com/DNA_shadowx/status/2017629399214899200,2026,1,2026-01-31,"اتحاد بی‌تمایز، انرژی انقلاب را به میانگین بی‌خطر تقلیل می‌دهد
انقلاب نیاز به تضاد و رادیکالیسم دارد، و گرنه جابجایی 
مدیریت است 
انقلاب فرانسه زمانی منحرف شد که «وحدت ملی» جای مرزبندی انقلابی را کرفت
ترمیدور محصول اتحاد بود ،نه افراط خیابان

در روسیه هم ، بلشویک‌ها با اجماع","Undifferentiated unity reduces the energy of revolution to a safe mean
Revolution requires contradiction and radicalism, or displacement 
It is management 
The French Revolution went astray when ""national unity"" replaced revolutionary borders
Thermidor was a product of the alliance, not the extremism of the street

In Russia, the Bolsheviks are unanimous"
2017393022971895948,ajibzade,2026-01-31 02:22:32.683,"دقت کرده‌اید چه التماسی میکنند با شاهزاده «کوئلیشن» کنند در حالی که هیچ‌کدومشون علاقه‌ای ندارند بین خودشون ائتلاف کنند؟
خوب چون خودشون خوب میدونند صفر بعلاوه صفر چند میشه.
#جاویدشاه",0,0,0,https://x.com/DirtPhilosopher/status/2017393022971895948,2026,1,2026-01-31,"دقت کرده‌اید چه التماسی میکنند با شاهزاده «کوئلیشن» کنند در حالی که هیچ‌کدومشون علاقه‌ای ندارند بین خودشون ائتلاف کنند؟
خوب چون خودشون خوب میدونند صفر بعلاوه صفر چند میشه.
#جاویدشاه","Have you noticed how they beg to ""coalition"" with the prince while none of them are interested in forming a coalition among themselves?
Well, because they themselves know how much zero plus zero is.
#javidshah"
2017617063406080039,ajibzade,2026-01-31 17:12:48.085,"پایداری بر شعار #جاويد_شاه‌، در عمل شاه در تبعید را به شاه در قدرت تبدیل خواهد کرد. بازگشت پادشاهی، بازپس‌گیری «زمین» ایران است و بازگرداندن اهورامزدا به جای الله، بازپس‌گیری «آسمان» ایران خواهد. هر تلاشی بر علیه آسمان و زمین ایران بخشی از پروژه دشمنان ایران است.
#پاينده_ایران",0,0,0,https://x.com/MehdiHajati/status/2017617063406080039,2026,1,2026-01-31,"پایداری بر شعار #جاويد_شاه‌، در عمل شاه در تبعید را به شاه در قدرت تبدیل خواهد کرد. بازگشت پادشاهی، بازپس‌گیری «زمین» ایران است و بازگرداندن اهورامزدا به جای الله، بازپس‌گیری «آسمان» ایران خواهد. هر تلاشی بر علیه آسمان و زمین ایران بخشی از پروژه دشمنان ایران است.
#پاينده_ایران","Persistence on the slogan of #Javid_Shah will in practice turn the king in exile into the king in power. The return of the kingdom is the recapture of the ""earth"" of Iran, and the return of Ahura Mazda to the place of Allah is the recapture of the ""sky"" of Iran. Any attempt against Iran's sky and ground is part of the project of Iran's enemies.
#Paindeh_Iran"
2017596794599882766,ajibzade,2026-01-31 15:52:15.625,"شما کی باشین که بخواین در برابرِ اِراده راسخ و پولادینِ اینچنینیِ یه ملت وایستین دوزاریا .

#جاویدشاه #پاینده_ایران",0,0,0,https://x.com/adam_hesabi/status/2017596794599882766,2026,1,2026-01-31,"شما کی باشین که بخواین در برابرِ اِراده راسخ و پولادینِ اینچنینیِ یه ملت وایستین دوزاریا .

#جاویدشاه #پاینده_ایران","Who are you to want to stand against the strong will of such a nation?

#Javidshah #Payandeh_Iran"
2017610317144969564,ajibzade,2026-01-31 16:45:59.651,"از داخل ایران میگم به عنوان کسی که از زیر رگبار و مسلسل و دوشکا جون سالم به در برده، خودم هم امتداد صدا دارم هم آلترناتیو دوران گذار. لطفا تو گوه منو نخور  
@AlinejadMasih
#جاویدشاه",0,0,0,https://x.com/tanhayektiger/status/2017610317144969564,2026,1,2026-01-31,"از داخل ایران میگم به عنوان کسی که از زیر رگبار و مسلسل و دوشکا جون سالم به در برده، خودم هم امتداد صدا دارم هم آلترناتیو دوران گذار. لطفا تو گوه منو نخور  
@AlinejadMasih
#جاویدشاه","From inside Iran, I say that as someone who survived under the barrage, machine guns and mattresses, I myself have both an extension of the voice and an alternative of the era. Please don't bite me  
@AlinejadMasih
#javidshah"
2017555302627868673,ajibzade,2026-01-31 13:07:23.168,ائتلاف این مرد با مردمی‌ست که میلیونی به خیابان ریختند، تن به ترس ندادند، روبه‌روی گلوله ایستادند و با فریاد «جاوید شاه» تاریخ ساختند؛ نه با خائنین و فاندخورهایی که تا آخرین ثانیه، صدای ملت را سانسورکردند، پشت پرده چانه زدند و نانِ خون مردم را خوردند.,0,0,0,https://x.com/JESIBIKHODA/status/2017555302627868673,2026,1,2026-01-31,ائتلاف این مرد با مردمی‌ست که میلیونی به خیابان ریختند، تن به ترس ندادند، روبه‌روی گلوله ایستادند و با فریاد «جاوید شاه» تاریخ ساختند؛ نه با خائنین و فاندخورهایی که تا آخرین ثانیه، صدای ملت را سانسورکردند، پشت پرده چانه زدند و نانِ خون مردم را خوردند.,"This man's alliance is with the people who poured millions into the streets, did not give in to fear, stood in front of bullets and made history by shouting ""Javid Shah""; Not with traitors and fund-eaters who censored the nation's voice until the last second, bargained behind the curtain and ate the people's blood."
2017343206300463435,ajibzade,2026-01-30 23:04:35.463,"فکتِ همیشگی
#مرگ_بر_سه_فاسد_ملا_چپی_مجاهد 
#جاویدشاه",0,0,0,https://x.com/Siavashsheyiran/status/2017343206300463435,2026,1,2026-01-30,"فکتِ همیشگی
#مرگ_بر_سه_فاسد_ملا_چپی_مجاهد 
#جاویدشاه","A permanent fact
#Death_to_three_corrupt_Mullah_Chapi_Mujahid 
#javidshah"
2017604863958348012,ajibzade,2026-01-31 16:24:19.510,از همین الان بگم کص ننه وطن‌پرستای که توی روزهای آینده دلسوزی می‌کنند خفه شید فقط مادرجنده‌های زیر کیر آخوندا,0,0,0,https://x.com/scharllinn/status/2017604863958348012,2026,1,2026-01-31,از همین الان بگم کص ننه وطن‌پرستای که توی روزهای آینده دلسوزی می‌کنند خفه شید فقط مادرجنده‌های زیر کیر آخوندا,"Let me tell you right now, shut up the patriots who sympathize in the coming days, they are just the motherfuckers under the mullahs' ass."
2017586938488754419,ajibzade,2026-01-31 15:13:05.745,"من به عنوان یک ایرانی ساکن تهران
خطاب به ارتش آمریکا اعلام میکنم
خودم و خانوادم و دوستانم هیچ مشکلی با آسیب های جانبی جنگ نداریم حتی اگر کشته بشیم
با تمام قدرت و بی رحمی به نظام ضربه بزنید
سقوط این جنایتکاران از هر چیزی مهم تره
#جاويدشاه‌",0,0,0,https://x.com/Mosolchi/status/2017586938488754419,2026,1,2026-01-31,"من به عنوان یک ایرانی ساکن تهران
خطاب به ارتش آمریکا اعلام میکنم
خودم و خانوادم و دوستانم هیچ مشکلی با آسیب های جانبی جنگ نداریم حتی اگر کشته بشیم
با تمام قدرت و بی رحمی به نظام ضربه بزنید
سقوط این جنایتکاران از هر چیزی مهم تره
#جاويدشاه‌","As an Iranian living in Tehran
I am announcing to the US Army
I and my family and friends have no problem with side effects of war even if we are killed
Hit the system with all your might and brutality
The fall of these criminals is more important than anything else
#Javidshah"
2017594223340536185,ajibzade,2026-01-31 15:42:02.589,اتحادی در کار نیست. بیعت کنید یا حذف شوید!,0,0,0,https://x.com/ajibzade/status/2017594223340536185,2026,1,2026-01-31,اتحادی در کار نیست. بیعت کنید یا حذف شوید!,There is no alliance. Pledge or be removed!
1200879573388402688,ajibzade,2019-11-30 22:49:36.216,"نمی‌دانم تا کنون نام پل پوت را شنیده‌اید یا نه.
او رهبر خمرهای سرخ کامبوج بود و در مدت سه سال و اندی حکومت، یک‌چهارم جمعیت کامبوج را به اشکال فجیع کشت. فاجعه آنجاست که تمام سربازان پل پوت، کامبوجی بودند.
می‌دانید کامبوج را چه کسی نجات داد؟ حملهٔ بیگانه‌ای به نام ویتنام!",0,0,0,https://x.com/ajibzade/status/1200879573388402688,2019,11,2019-11-30,"نمی‌دانم تا کنون نام پل پوت را شنیده‌اید یا نه.
او رهبر خمرهای سرخ کامبوج بود و در مدت سه سال و اندی حکومت، یک‌چهارم جمعیت کامبوج را به اشکال فجیع کشت. فاجعه آنجاست که تمام سربازان پل پوت، کامبوجی بودند.
می‌دانید کامبوج را چه کسی نجات داد؟ حملهٔ بیگانه‌ای به نام ویتنام!","I don't know if you have ever heard of Pol Pot.
He was the leader of the Khmer Rouge in Cambodia and during his three-and-a-half year rule, he killed a quarter of the Cambodian population in gruesome ways. The tragedy is that all Pol Pot's soldiers were Cambodians.
Do you know who saved Cambodia? An alien attack called Vietnam!"
2008103507812057540,ajibzade,2026-01-05 11:09:19.678,"همهٔ سوزش این فلک‌زدگان از اینست که فهمیده‌اند خیزش ملی مردم ایران چنان گسترده و سهمگین شده که برای پیروزی کافی است. #جاویدشاه نه نیازی به اتحاد با فرومایگان دارد و نه نادیده گرفتن نگون‌بختانِ متوهّمِ خارج‌نشین، اثری در نتیجه می‌گذارد.
این ولوله‌ای که در ایشان افتاده از اینروست.",0,0,0,https://x.com/ajibzade/status/2008103507812057540,2026,1,2026-01-05,"همهٔ سوزش این فلک‌زدگان از اینست که فهمیده‌اند خیزش ملی مردم ایران چنان گسترده و سهمگین شده که برای پیروزی کافی است. #جاویدشاه نه نیازی به اتحاد با فرومایگان دارد و نه نادیده گرفتن نگون‌بختانِ متوهّمِ خارج‌نشین، اثری در نتیجه می‌گذارد.
این ولوله‌ای که در ایشان افتاده از اینروست.","All the irritation of these sky-scrapers comes from the fact that they have realized that the national uprising of the Iranian people has become so widespread and powerful that it is enough for victory. #Javidshah does not need to unite with the downtrodden, nor does ignoring the illusory misfortunes of foreigners leave an impact on the results.
This is because of this problem that has fallen in them."
2008112550437859667,ajibzade,2026-01-05 11:45:15.608,"نیازی به اتحاد با هیچ کسی ندارید. اتحاد، انرژی شما را به نفع دیگری هدر می‌دهد. کسی که در صلح با شما متحد نشد، در جنگ از پشت به شما خنجر خواهد زد.
#جاویدشاه",0,0,0,https://x.com/ajibzade/status/2008112550437859667,2026,1,2026-01-05,"نیازی به اتحاد با هیچ کسی ندارید. اتحاد، انرژی شما را به نفع دیگری هدر می‌دهد. کسی که در صلح با شما متحد نشد، در جنگ از پشت به شما خنجر خواهد زد.
#جاویدشاه","You do not need to unite with anyone. A union wastes your energy for the benefit of another. He who did not unite with you in peace will stab you in the back in war.
#javidshah"
2017563340545900572,ajibzade,2026-01-31 13:39:19.557,"ما قوی‌ترین و ناگسستنی‌ترین اتحاد رو داریم، اتحادی که با خونمون در خیابان محکم‌ترش کردیم؛ اتحاد شاه و ملت!
اگر نیاز به ایتیحاد دیگه‌ای پیدا کردیم حتما خبرتون می‌کنیم. قول 
#جاویدشاه",0,0,0,https://x.com/gohardaddy/status/2017563340545900572,2026,1,2026-01-31,"ما قوی‌ترین و ناگسستنی‌ترین اتحاد رو داریم، اتحادی که با خونمون در خیابان محکم‌ترش کردیم؛ اتحاد شاه و ملت!
اگر نیاز به ایتیحاد دیگه‌ای پیدا کردیم حتما خبرتون می‌کنیم. قول 
#جاویدشاه","We have the strongest and most unbreakable union, the union we strengthened with our blood on the street; Unity of the king and the nation!
If we need another Ittihad, we will definitely let you know. promise 
#javidshah"
2017508555041968224,ajibzade,2026-01-31 10:01:37.675,"روزای اول مجری شبکه آلمانی شاهزاده رو رهبر خودخوانده خوند، ما شلوارو از پاش درآوردیم از خشم و عدم بیان حقیقت

حالا بعد از اون همه کشته، جاویدشاه گفتن و ویدیو بیرون اومدن، علینژاد گستاخانه باز از کلمه رهبر خودخوانده استفاده کرد

تو
@AlinejadMasih
 سمت ما نیستی،تو  هنوز مادرجنده‌ایی",0,0,0,https://x.com/kouli2016/status/2017508555041968224,2026,1,2026-01-31,"روزای اول مجری شبکه آلمانی شاهزاده رو رهبر خودخوانده خوند، ما شلوارو از پاش درآوردیم از خشم و عدم بیان حقیقت

حالا بعد از اون همه کشته، جاویدشاه گفتن و ویدیو بیرون اومدن، علینژاد گستاخانه باز از کلمه رهبر خودخوانده استفاده کرد

تو
@AlinejadMasih
 سمت ما نیستی،تو  هنوز مادرجنده‌ایی","On the first day, the host of the German channel called the prince a self-proclaimed leader, we took our pants off because of anger and not telling the truth.

Now after all those killings, saying Javidshah and the video coming out, Alinjad brazenly used the word self-proclaimed leader again.

you
@AlinejadMasih
 You are not on our side, you are still a mother bird"
2017543122364887388,ajibzade,2026-01-31 12:18:59.167,"بدون تعارف و بی اطاله کلام :
هرکس رهبری رضاشاه دوم را به رسمیت نشناسد
در کنار جمهوری اسلامی ایستاده است
#جاويدشاه‌",0,0,0,https://x.com/Mosolchi/status/2017543122364887388,2026,1,2026-01-31,"بدون تعارف و بی اطاله کلام :
هرکس رهبری رضاشاه دوم را به رسمیت نشناسد
در کنار جمهوری اسلامی ایستاده است
#جاويدشاه‌","Without further ado:
Anyone who does not recognize the leadership of Reza Shah II
It stands by the Islamic Republic
#Javidshah"
1767864494909214896,ajibzade,2024-03-13 12:45:15.577,"روان‌پریشی این خانم باعث شده که امر بهش مشتبه بشه، فکر میکنه پهلوی و شاهزاده رضا پهلوی هم مثل خودش محصولات رسانه هستند که با بایکوت رسانه فراموش بشوند. 
حامیان ایشون هم دیر یا زود خواهند فهمید که علینژاد مهره‌ای سوخته و غیرقابل اتکا برای آنهاست.",0,0,0,https://x.com/MehdiMMJ/status/1767864494909214896,2024,3,2024-03-13,"روان‌پریشی این خانم باعث شده که امر بهش مشتبه بشه، فکر میکنه پهلوی و شاهزاده رضا پهلوی هم مثل خودش محصولات رسانه هستند که با بایکوت رسانه فراموش بشوند. 
حامیان ایشون هم دیر یا زود خواهند فهمید که علینژاد مهره‌ای سوخته و غیرقابل اتکا برای آنهاست.","This lady's psychosis has caused her to be suspicious, she thinks Pahlavi and Prince Reza Pahlavi are media products like herself, who should be forgotten by boycotting the media. 
Sooner or later, his supporters will understand that Alinjad is a burnt and unreliable nut for them."
2017503255388213276,ajibzade,2026-01-31 09:40:34.139,"مصی سلیطه نژاد این کاسب خون جنده اصلاحات فعال مکتب قحبگی ززآ و نوچه پرور پهلوی ستیز همبستر نایاکی سابق با اون کلان فاندهای دریافتی توی اون منشور من‌بستگی ما که میدونیم دنبال چی بودی فاسد بیشرف فقط درتو بذار که روز تسویه حساب باتوام میرسه لکاته
#ننگ_بر_سه_فاسد_ملا_چپی_مجاهد",0,0,0,https://x.com/scharllinn/status/2017503255388213276,2026,1,2026-01-31,"مصی سلیطه نژاد این کاسب خون جنده اصلاحات فعال مکتب قحبگی ززآ و نوچه پرور پهلوی ستیز همبستر نایاکی سابق با اون کلان فاندهای دریافتی توی اون منشور من‌بستگی ما که میدونیم دنبال چی بودی فاسد بیشرف فقط درتو بذار که روز تسویه حساب باتوام میرسه لکاته
#ننگ_بر_سه_فاسد_ملا_چپی_مجاهد","Musi Salita Nejad is a bloodthirsty, reformist activist of the school of adultery, Zeza, and a promiscuous Pahlavi fighter, a former nayaki, with those large funds received in that charter, we know what you were looking for.
#Shame on three corrupt Mullah Mujahid leftists"
2017512617254756775,ajibzade,2026-01-31 10:17:46.182,مهم نيس مار چند بار پوست ميندازه! مهم اينه از اول تا اخر همون ماره,0,0,0,https://x.com/JESIBIKHODA/status/2017512617254756775,2026,1,2026-01-31,مهم نيس مار چند بار پوست ميندازه! مهم اينه از اول تا اخر همون ماره,It doesn't matter how many times a snake sheds its skin! The important thing is that it is the same snake from the beginning to the end
2017475902561526022,ajibzade,2026-01-31 07:51:52.717,"خر تروا است، راهش ندهید!
#جاویدشاه",0,0,0,https://x.com/YaarGhadimi/status/2017475902561526022,2026,1,2026-01-31,"خر تروا است، راهش ندهید!
#جاویدشاه","It's a Trojan donkey, don't let it go!
#javidshah"
2017499447698087955,ajibzade,2026-01-31 09:25:26.315,هیچ اتحادی با کسی نداریم. اگر میخواهید با ما متحد شوید مانند مردم ایران پشت شاه جمع شوید و #جاویدشاه سر دهید وگرنه سیکدیر کنید,0,0,0,https://x.com/caljon2025/status/2017499447698087955,2026,1,2026-01-31,هیچ اتحادی با کسی نداریم. اگر میخواهید با ما متحد شوید مانند مردم ایران پشت شاه جمع شوید و #جاویدشاه سر دهید وگرنه سیکدیر کنید,"We have no alliance with anyone. If you want to unite with us, like the people of Iran, gather behind the Shah and bow to #JavidShah, otherwise you will"
2017226156848611360,ajibzade,2026-01-30 15:19:28.699,"هیچی دیگه باید به هزاران کشته بگیم چون شعار و خواستتون گوگولی نبود،
دوست‌های وایت و لوزرِ قحبه‌های ززا نمیتونن مو قیچی کنن و سلبریتی‌های تا دسته فاسد دیگه با لحجه‌ی تخمی نمیگن زان زیندگی اَزَدی.

حقیقتا سگ برینه به نونی که شما قحبه‌ها خوردین

#تا_ابد_جاویدشاه",0,0,0,https://x.com/HHeLLFireeeeee/status/2017226156848611360,2026,1,2026-01-30,"هیچی دیگه باید به هزاران کشته بگیم چون شعار و خواستتون گوگولی نبود،
دوست‌های وایت و لوزرِ قحبه‌های ززا نمیتونن مو قیچی کنن و سلبریتی‌های تا دسته فاسد دیگه با لحجه‌ی تخمی نمیگن زان زیندگی اَزَدی.

حقیقتا سگ برینه به نونی که شما قحبه‌ها خوردین

#تا_ابد_جاویدشاه","We don't have to say anything else to the thousands of dead because your slogan and wish was not Gogoli.
White's friends and losers of zaza's whores can't cut hair, and even the most corrupt celebrities don't say ""Zan Zangdi Azadi"" with an egg accent anymore.

The dog is really like the bread that you prostitutes ate

#To _ forever _ Javidshah"
2017386383917355024,ajibzade,2026-01-31 01:56:09.809,"خانوم علینژاد 
@AlinejadMasih
 شما ۵ سال پیش تبلیغ بایدن را کردید، در ۴۰۱ با «رهبران ما داخل زندان‌هان» باعث تردید و دودلی سران کشورهای خارجی شدید. با «من»بستگی خواستید پهلوی را دور بزنید. #جاویدشاه

شما شخصا براندازی را بارها و بارها عقب انداخته‌اید. امروز هم که می‌بینید ملت نام",0,0,0,https://x.com/RealPersianGod/status/2017386383917355024,2026,1,2026-01-31,"خانوم علینژاد 
@AlinejadMasih
 شما ۵ سال پیش تبلیغ بایدن را کردید، در ۴۰۱ با «رهبران ما داخل زندان‌هان» باعث تردید و دودلی سران کشورهای خارجی شدید. با «من»بستگی خواستید پهلوی را دور بزنید. #جاویدشاه

شما شخصا براندازی را بارها و بارها عقب انداخته‌اید. امروز هم که می‌بینید ملت نام","Ms. Alinjad 
@AlinejadMasih
 You promoted Biden 5 years ago, in 401, you caused doubt and hesitancy among the leaders of foreign countries with ""our leaders are in prison"". You want to bypass Pahlavi depending on ""I"". #javidshah

You have personally delayed the overthrow time and time again. Even today, you see the name Mellat"
2017317431169933705,ajibzade,2026-01-30 21:22:10.193,"مسیح علینژاد نه تنها خودش دشمنی رو کنار نگذاشته و شعارها و تظاهرات مردم رو سانسور کرده بلکه شاهزاده رو متهم به دشمنی یا بقیه اپوزیسیون کرده. در اوج انقلاب و امید مردم به او تاخته که خودش خودش رو رهبر گذار اعلام کرده!
تف به روت زنیکه حسود",0,0,0,https://x.com/goddesofhope/status/2017317431169933705,2026,1,2026-01-30,"مسیح علینژاد نه تنها خودش دشمنی رو کنار نگذاشته و شعارها و تظاهرات مردم رو سانسور کرده بلکه شاهزاده رو متهم به دشمنی یا بقیه اپوزیسیون کرده. در اوج انقلاب و امید مردم به او تاخته که خودش خودش رو رهبر گذار اعلام کرده!
تف به روت زنیکه حسود","Masih Alinjad not only did not put aside enmity and censored people's slogans and demonstrations, but also accused the prince of enmity or the rest of the opposition. At the height of the revolution and people's hopes for him, he declared himself the leader of the transition!
Spit on the face of a jealous woman"
2017402025680556082,ajibzade,2026-01-31 02:58:19.096,"Once a motherfucker, always a motherfucker!",0,0,0,https://x.com/YaarGhadimi/status/2017402025680556082,2026,1,2026-01-31,"Once a motherfucker, always a motherfucker!","Once a motherfucker, always a motherfucker!"
2017169302382678343,ajibzade,2026-01-30 11:33:33.538,"بعضی از عزیزان متوجه قضیه نیستن!
تلاش بسیاری شد که جماعتی که در کلام مدعی‌اند وابستگی ایدئولوژیک به جمهوری اسلامی ندارند، به سمت مردم بیایند تا فرایند گذار کم‌هزینه‌تر و سریع‌تر شود!
کسانی که برای پیوستن به مردم نیاز داشتند قتل عام ده‌ها هزار ایرانی را ببینند، «قابل اعتماد»",0,0,0,https://x.com/JahangirTaban/status/2017169302382678343,2026,1,2026-01-30,"بعضی از عزیزان متوجه قضیه نیستن!
تلاش بسیاری شد که جماعتی که در کلام مدعی‌اند وابستگی ایدئولوژیک به جمهوری اسلامی ندارند، به سمت مردم بیایند تا فرایند گذار کم‌هزینه‌تر و سریع‌تر شود!
کسانی که برای پیوستن به مردم نیاز داشتند قتل عام ده‌ها هزار ایرانی را ببینند، «قابل اعتماد»","Some loved ones do not understand the matter!
A lot of efforts were made to make the congregations who claim that they have no ideological affiliation with the Islamic Republic come to the people so that the transition process becomes cheaper and faster!
Those who needed to see the massacre of tens of thousands of Iranians to join the people, ""reliable"""
2017315652432810040,ajibzade,2026-01-30 21:15:06.109,"علینژاد خودشو داره جر میده که بتونه خودش و اسماعیلیون و جمع کساخیل رو دوباره بشونه کنار شاه،نمیتونی گوساله،نمیذاریم تنها نور امید ایران رو به بازی بگیرید،گور کثیفتونو گم کنید برید با خودتون ائتلاف کنید،ما به خون صدهزار هموطنمون که #جاويدشاه‌ گفتن خیانت نمیکنیم
@AlinejadMasih",0,0,0,https://x.com/Camel6561/status/2017315652432810040,2026,1,2026-01-30,"علینژاد خودشو داره جر میده که بتونه خودش و اسماعیلیون و جمع کساخیل رو دوباره بشونه کنار شاه،نمیتونی گوساله،نمیذاریم تنها نور امید ایران رو به بازی بگیرید،گور کثیفتونو گم کنید برید با خودتون ائتلاف کنید،ما به خون صدهزار هموطنمون که #جاويدشاه‌ گفتن خیانت نمیکنیم
@AlinejadMasih","Alinjad is trying to get himself and the Ismaelites and the people of Kasakhil to be on the side of the king again, you can't be a calf, we won't let Iran's only light of hope be played with, lose your dirty graves, go form an alliance with yourselves, we will not betray the blood of a hundred thousand of our countrymen who said #Javidshah
@AlinejadMasih"
2017356377123864968,ajibzade,2026-01-30 23:56:55.632,یک مشت آدم فاسد تهدید می‌‌کنند که اگر آنها بازی داده نشوند انقلاب شیر و خورشید را نابود می‌‌کنند. سوال این است دیگر چه می‌‌خواهید بکنید که تا به امروز نکردید؟ مردم را فاشیست بخوانید؟ علیه شاهزاده لابی کنید؟  به دنیا بگویید این جنگ زن و مرد و کرد و تک و فارس است؟ به بچه‌های پاک,0,0,0,https://x.com/alinaghi2018/status/2017356377123864968,2026,1,2026-01-30,یک مشت آدم فاسد تهدید می‌‌کنند که اگر آنها بازی داده نشوند انقلاب شیر و خورشید را نابود می‌‌کنند. سوال این است دیگر چه می‌‌خواهید بکنید که تا به امروز نکردید؟ مردم را فاشیست بخوانید؟ علیه شاهزاده لابی کنید؟  به دنیا بگویید این جنگ زن و مرد و کرد و تک و فارس است؟ به بچه‌های پاک,"A handful of corrupt people threaten to destroy the lion and sun revolution if they are not played. The question is, what else do you want to do that you haven't done so far? Call people fascists? lobby against the prince?  Tell the world that this is a war between men and women, Kurds, Turks and Persians? To pure children"
2017352449682460767,ajibzade,2026-01-30 23:41:19.257,برای منی که پنجشنبه ۱۸دی در کرج از یکقدمی مرگ برگشتم و یجورایی نجات یافته اون روزحساب میشم تو هیچ فرقی با بسیجی که گلوله به سمتم شلیک کرد نداری و من آرزومه توبا نوچه هات بعد آزادی بیاین ایران چون  همون کاری که با سگ های خامنه ای کردیم با شماها هم خواهیم کرد.,0,0,0,https://x.com/JESIBIKHODA/status/2017352449682460767,2026,1,2026-01-30,برای منی که پنجشنبه ۱۸دی در کرج از یکقدمی مرگ برگشتم و یجورایی نجات یافته اون روزحساب میشم تو هیچ فرقی با بسیجی که گلوله به سمتم شلیک کرد نداری و من آرزومه توبا نوچه هات بعد آزادی بیاین ایران چون  همون کاری که با سگ های خامنه ای کردیم با شماها هم خواهیم کرد.,"For me, who came back from one step of death in Karaj on Thursday, December 18th, and I will be considered saved that day, you are no different from the Basij that shot at me, and I wish you and your children to come to Iran after freedom, because we will do the same thing to you as we did to Khamenei's dogs."
2017354917640392998,ajibzade,2026-01-30 23:51:07.664,"تجربهٔ ۱۴۰۱ نشان داد همهٔ ائتلاف‌ها و اتحادها در واقع هدفی جز سؤ استفاده از پایگاه مردمی شاهزاده ندارند. آنها که معتقدند در خیابان کسی پهلوی را صدا نزده، ویدیوها صداگذاری بودند و... چرا برای هر اتحادی لنگ شاهزاده‌اند؟
به قول آن شارلاتان کاسب خون: بروید اتحاد خودتان را تأسیس کنید.",0,0,0,https://x.com/ajibzade/status/2017354917640392998,2026,1,2026-01-30,"تجربهٔ ۱۴۰۱ نشان داد همهٔ ائتلاف‌ها و اتحادها در واقع هدفی جز سؤ استفاده از پایگاه مردمی شاهزاده ندارند. آنها که معتقدند در خیابان کسی پهلوی را صدا نزده، ویدیوها صداگذاری بودند و... چرا برای هر اتحادی لنگ شاهزاده‌اند؟
به قول آن شارلاتان کاسب خون: بروید اتحاد خودتان را تأسیس کنید.","The experience of 1401 showed that all coalitions and alliances actually have no purpose but to abuse the prince's popular base. Those who believe that no one called Pahlavi on the street, that the videos were voiceovers, etc. Why are they lame princes for any alliance?
In the words of that bloodthirsty charlatan: Go start your own alliance."
2017310983866245200,ajibzade,2026-01-30 20:56:33.036,ریشه‌ات رو جوری می‌کنیم که عبرت تاریخ بشی، هزارپدر!,0,0,0,https://x.com/ajibzade/status/2017310983866245200,2026,1,2026-01-30,ریشه‌ات رو جوری می‌کنیم که عبرت تاریخ بشی، هزارپدر!,"We will make your roots so that you become a lesson in history, Hazarpader!"
