tweet_id,username,created_at,text,replies,retweets,likes,url,year,month,date,Text_original,Text_en
2022808905835741295,alarabiya_brk,2026-02-15 01:03:19.780,سفير أميركا بالناتو: على الأوروبيين تحمل المزيد من عبء الدفاع عن أنفسهم #العربية_عاجل,0,0,0,https://x.com/AlArabiya_Brk/status/2022808905835741295,2026,2,2026-02-15,سفير أميركا بالناتو: على الأوروبيين تحمل المزيد من عبء الدفاع عن أنفسهم #العربية_عاجل,America's Ambassador to NATO: Europeans must bear more of the burden of defending themselves #AlArabiya_Breaking
2022808533247426623,alarabiya_brk,2026-02-15 01:01:50.948,سفير أميركا بالناتو لـ بوليتيكو: لن نتخلى عن أوروبا #العربية_عاجل,0,0,0,https://x.com/AlArabiya_Brk/status/2022808533247426623,2026,2,2026-02-15,سفير أميركا بالناتو لـ بوليتيكو: لن نتخلى عن أوروبا #العربية_عاجل,America's ambassador to NATO told Politico: We will not abandon Europe #Al-Arabiya_Breaking
2022784588917936465,alarabiya_brk,2026-02-14 23:26:42.175,رئيسة وزراء الدنمارك: رغبة ترمب في ضم غرينلاند لا تزال كما هي #العربية_عاجل,0,0,0,https://x.com/AlArabiya_Brk/status/2022784588917936465,2026,2,2026-02-14,رئيسة وزراء الدنمارك: رغبة ترمب في ضم غرينلاند لا تزال كما هي #العربية_عاجل,Prime Minister of Denmark: Trump's desire to annex Greenland remains the same #AlArabiya_Breaking
2022770222181015666,alarabiya_brk,2026-02-14 22:29:36.878,مراسلة العربية: غارتان إسرائيليتان على منطقة الريحان جنوبي لبنان #العربية_عاجل,0,0,0,https://x.com/AlArabiya_Brk/status/2022770222181015666,2026,2,2026-02-14,مراسلة العربية: غارتان إسرائيليتان على منطقة الريحان جنوبي لبنان #العربية_عاجل,Al-Arabiya correspondent: Two Israeli raids on the Al-Rayhan area in southern Lebanon #Al-Arabiya_Breaking
2022767612728414450,alarabiya_brk,2026-02-14 22:19:14.736,الجيش الإسرائيلي: هاجمنا بنى تحتية لحزب الله جنوبي لبنان #العربية_عاجل,0,0,0,https://x.com/AlArabiya_Brk/status/2022767612728414450,2026,2,2026-02-14,الجيش الإسرائيلي: هاجمنا بنى تحتية لحزب الله جنوبي لبنان #العربية_عاجل,The Israeli army: We attacked Hezbollah infrastructure in southern Lebanon #AlArabiya_Breaking
2022767407610089828,alarabiya_brk,2026-02-14 22:18:25.832,أكسيوس عن مسؤول أميركي: الكرة الآن في ملعب إيران #العربية_عاجل,0,0,0,https://x.com/AlArabiya_Brk/status/2022767407610089828,2026,2,2026-02-14,أكسيوس عن مسؤول أميركي: الكرة الآن في ملعب إيران #العربية_عاجل,Axios on an American official: The ball is now in Iran’s court #AlArabiya_Breaking
2022767272289280012,alarabiya_brk,2026-02-14 22:17:53.569,أكسيوس: ويتكوف وكوشنر أخبرا ترمب أن الإيرانيين يسيرون في الاتجاه الصحيح حتى الآن #العربية_عاجل,0,0,0,https://x.com/AlArabiya_Brk/status/2022767272289280012,2026,2,2026-02-14,أكسيوس: ويتكوف وكوشنر أخبرا ترمب أن الإيرانيين يسيرون في الاتجاه الصحيح حتى الآن #العربية_عاجل,Axios: Witkoff and Kushner told Trump that the Iranians are moving in the right direction so far #AlArabiya_Breaking
2022767183671992657,alarabiya_brk,2026-02-14 22:17:32.441,أكسيوس: ويتكوف وكوشنر أخبرا ترمب أن الإيرانيين يسيرون في الاتجاه الصحيح #العربية_عاجل,0,0,0,https://x.com/AlArabiya_Brk/status/2022767183671992657,2026,2,2026-02-14,أكسيوس: ويتكوف وكوشنر أخبرا ترمب أن الإيرانيين يسيرون في الاتجاه الصحيح #العربية_عاجل,Axios: Witkoff and Kushner told Trump that the Iranians are moving in the right direction #AlArabiya_Breaking
2022767053271085443,alarabiya_brk,2026-02-14 22:17:01.351,أكسيوس: ترمب أخبر نتنياهو أنه يرى فرصة للتوصل لاتفاق نووي مع إيران #العربية_عاجل,0,0,0,https://x.com/AlArabiya_Brk/status/2022767053271085443,2026,2,2026-02-14,أكسيوس: ترمب أخبر نتنياهو أنه يرى فرصة للتوصل لاتفاق نووي مع إيران #العربية_عاجل,Axios: Trump told Netanyahu that he sees an opportunity to reach a nuclear agreement with Iran #Al-Arabiya_Breaking
2022766965350101290,alarabiya_brk,2026-02-14 22:16:40.389,أكسيوس: نتنياهو أخبر ترمب أنه من المستحيل التوصل لاتفاق نووي مع إيران #العربية_عاجل,0,0,0,https://x.com/AlArabiya_Brk/status/2022766965350101290,2026,2,2026-02-14,أكسيوس: نتنياهو أخبر ترمب أنه من المستحيل التوصل لاتفاق نووي مع إيران #العربية_عاجل,Axios: Netanyahu told Trump that it is impossible to reach a nuclear agreement with Iran #AlArabiya_Breaking
2022766760227750392,alarabiya_brk,2026-02-14 22:15:51.484,أكسيوس: ترمب ونتنياهو متفقان على منع إيران من النووي لكن يختلفان على الطريقة #العربية_عاجل,0,0,0,https://x.com/AlArabiya_Brk/status/2022766760227750392,2026,2,2026-02-14,أكسيوس: ترمب ونتنياهو متفقان على منع إيران من النووي لكن يختلفان على الطريقة #العربية_عاجل,"Axios: Trump and Netanyahu agree to prevent Iran from nuclear weapons, but differ on the method #Arab_Breaking"
2022766474314514697,alarabiya_brk,2026-02-14 22:14:43.317,مسؤولون أميركيون لأكسيوس: سنضغط على إيران اقتصاديا عبر مبيعات النفط للصين #العربية_عاجل,0,0,0,https://x.com/AlArabiya_Brk/status/2022766474314514697,2026,2,2026-02-14,مسؤولون أميركيون لأكسيوس: سنضغط على إيران اقتصاديا عبر مبيعات النفط للصين #العربية_عاجل,American officials to Axios: We will put pressure on Iran economically through oil sales to China #Al-Arabiya_Breaking
2022766343238423017,alarabiya_brk,2026-02-14 22:14:12.066,مسؤولون أميركيون لأكسيوس: الضغط الاقتصادي على إيران سيتم بالتوازي مع المحادثات #العربية_عاجل,0,0,0,https://x.com/AlArabiya_Brk/status/2022766343238423017,2026,2,2026-02-14,مسؤولون أميركيون لأكسيوس: الضغط الاقتصادي على إيران سيتم بالتوازي مع المحادثات #العربية_عاجل,American officials told Axios: Economic pressure on Iran will be carried out in parallel with the #Arab_Breaking talks
2022766194105745511,alarabiya_brk,2026-02-14 22:13:36.510,مسؤولون أميركيون لأكسيوس: زيادة الضغط الاقتصادي على إيران قد تدفعها لتقديم تنازلات #العربية_عاجل,0,0,0,https://x.com/AlArabiya_Brk/status/2022766194105745511,2026,2,2026-02-14,مسؤولون أميركيون لأكسيوس: زيادة الضغط الاقتصادي على إيران قد تدفعها لتقديم تنازلات #العربية_عاجل,American officials to Axios: Increasing economic pressure on Iran may push it to make concessions #Al-Arabiya_Breaking
2022765852106322026,alarabiya_brk,2026-02-14 22:12:14.971,أكسيوس: ترمب اتفق مع نتنياهو على زيادة الضغط الاقتصادي على إيران #العربية_عاجل,0,0,0,https://x.com/AlArabiya_Brk/status/2022765852106322026,2026,2,2026-02-14,أكسيوس: ترمب اتفق مع نتنياهو على زيادة الضغط الاقتصادي على إيران #العربية_عاجل,Axios: Trump agreed with Netanyahu to increase economic pressure on Iran #AlArabiya_Breaking
2022762714360098982,alarabiya_brk,2026-02-14 21:59:46.874,زيلينسكي: أميركا اقترحت ضمانات أمنية لـ 15 عاما لكن نريد 20 أو أكثر #العربية_عاجل,0,0,0,https://x.com/AlArabiya_Brk/status/2022762714360098982,2026,2,2026-02-14,زيلينسكي: أميركا اقترحت ضمانات أمنية لـ 15 عاما لكن نريد 20 أو أكثر #العربية_عاجل,"Zelensky: America proposed security guarantees for 15 years, but we want 20 or more #Al-Arabiya_Urgent"
2022762502216359993,alarabiya_brk,2026-02-14 21:58:56.295,زيلينسكي: القوات الأجنبية في أوكرانيا بعد التوصل للسلام أمر ضروري #العربية_عاجل,0,0,0,https://x.com/AlArabiya_Brk/status/2022762502216359993,2026,2,2026-02-14,زيلينسكي: القوات الأجنبية في أوكرانيا بعد التوصل للسلام أمر ضروري #العربية_عاجل,Zelensky: Foreign forces in Ukraine after reaching peace is necessary #AlArabiya_Urgent
2022762135084740821,alarabiya_brk,2026-02-14 21:57:28.764,زيلينسكي: فوجئت بتغيير روسيا قيادة فريق التفاوض لمحادثات السلام #العربية_عاجل,0,0,0,https://x.com/AlArabiya_Brk/status/2022762135084740821,2026,2,2026-02-14,زيلينسكي: فوجئت بتغيير روسيا قيادة فريق التفاوض لمحادثات السلام #العربية_عاجل,Zelensky: I was surprised that Russia changed the leadership of the negotiating team for the peace talks #Al-Arabiya_Breaking
2022761834558750742,alarabiya_brk,2026-02-14 21:56:17.113,زيلينسكي: ننتظر المسودة النهائية بعد أن تقرها الفرق الأوكرانية والأميركية #العربية_عاجل,0,0,0,https://x.com/AlArabiya_Brk/status/2022761834558750742,2026,2,2026-02-14,زيلينسكي: ننتظر المسودة النهائية بعد أن تقرها الفرق الأوكرانية والأميركية #العربية_عاجل,Zelensky: We are waiting for the final draft after it is approved by the Ukrainian and American teams #Al-Arabiya_Breaking
2022759176934420727,alarabiya_brk,2026-02-14 21:45:43.486,تسريبات العربية: القاطرجي كان ينقل النفط من مناطق داعش وقسد إلى النظام #العربية_عاجل,0,0,0,https://x.com/AlArabiya_Brk/status/2022759176934420727,2026,2,2026-02-14,تسريبات العربية: القاطرجي كان ينقل النفط من مناطق داعش وقسد إلى النظام #العربية_عاجل,Al-Arabiya leaks: Al-Qaterji was transporting oil from ISIS and SDF areas to the regime #Al-Arabiya_Breaking
2022758389525172614,alarabiya_brk,2026-02-14 21:42:35.753,تسريبات العربية: تم إيقاف لونا عن عملها قبل عملية تصفيتها #العربية_عاجل,0,0,0,https://x.com/AlArabiya_Brk/status/2022758389525172614,2026,2,2026-02-14,تسريبات العربية: تم إيقاف لونا عن عملها قبل عملية تصفيتها #العربية_عاجل,Al-Arabiya leaks: Luna was suspended from her job before her liquidation process #Al-Arabiya_Breaking
2022758296340267296,alarabiya_brk,2026-02-14 21:42:13.536,"تسريبات العربية: الإيرانيون قالوا لبشار الأسد إن لونا الشبل ""جاسوسة"" #العربية_عاجل",0,0,0,https://x.com/AlArabiya_Brk/status/2022758296340267296,2026,2,2026-02-14,"تسريبات العربية: الإيرانيون قالوا لبشار الأسد إن لونا الشبل ""جاسوسة"" #العربية_عاجل",Al-Arabiya leaks: The Iranians told Bashar al-Assad that Luna al-Shibl is a “spy” #Al-Arabiya_Breaking
2022758209346318493,alarabiya_brk,2026-02-14 21:41:52.795,تسريبات العربية: نظام الأسد أعدم شقيق لونا الشبل بتهمة التخابر مع إسرائيل #العربية_عاجل,0,0,0,https://x.com/AlArabiya_Brk/status/2022758209346318493,2026,2,2026-02-14,تسريبات العربية: نظام الأسد أعدم شقيق لونا الشبل بتهمة التخابر مع إسرائيل #العربية_عاجل,Al-Arabiya leaks: The Assad regime executed Luna’s brother Al-Shibl on charges of spying for Israel #Al-Arabiya_Breaking
2022757938176143670,alarabiya_brk,2026-02-14 21:40:48.143,تسريبات العربية: لونا الشبل كانت متوفية ووُضعت بالعناية المشددة شكليا #العربية_عاجل,0,0,0,https://x.com/AlArabiya_Brk/status/2022757938176143670,2026,2,2026-02-14,تسريبات العربية: لونا الشبل كانت متوفية ووُضعت بالعناية المشددة شكليا #العربية_عاجل,Al-Arabiya leaks: Luna the cub was deceased and was placed in intensive care formally #Al-Arabiya_Breaking
2022757745045209518,alarabiya_brk,2026-02-14 21:40:02.097,تسريبات حصرية للعربية: عزام طلب من لونا الشبل اصطحاب مرافقه معها إلى المنزل #العربية_عاجل,0,0,0,https://x.com/AlArabiya_Brk/status/2022757745045209518,2026,2,2026-02-14,تسريبات حصرية للعربية: عزام طلب من لونا الشبل اصطحاب مرافقه معها إلى المنزل #العربية_عاجل,Exclusive leaks to Al-Arabiya: Azzam asked Luna Al-Shibl to take his companion home with her #Al-Arabiya_Breaking
2022757657417777633,alarabiya_brk,2026-02-14 21:39:41.205,تسريبات العربية: منصور عزام اتصل بلونا الشبل وطلبها للقصر قبل اغتيالها #العربية_عاجل,0,0,0,https://x.com/AlArabiya_Brk/status/2022757657417777633,2026,2,2026-02-14,تسريبات العربية: منصور عزام اتصل بلونا الشبل وطلبها للقصر قبل اغتيالها #العربية_عاجل,Al-Arabiya leaks: Mansour Azzam called Luna Al-Shibl and asked her to the palace before her assassination #Al-Arabiya_Breaking
2022757569622634976,alarabiya_brk,2026-02-14 21:39:20.273,تسريبات العربية: تمت تصفية لونا الشبل بضربها على رأسها حتى الموت #العربية_عاجل,0,0,0,https://x.com/AlArabiya_Brk/status/2022757569622634976,2026,2,2026-02-14,تسريبات العربية: تمت تصفية لونا الشبل بضربها على رأسها حتى الموت #العربية_عاجل,Al-Arabiya leaks: Luna Al-Shibl was eliminated by being beaten to death on the head #Al-Arabiya_Breaking
2022756932918911138,alarabiya_brk,2026-02-14 21:36:48.471,تسريبات العربية: نظام الأسد تعمد إهمال التعامل مع جنازة لونا الشبل #العربية_عاجل,0,0,0,https://x.com/AlArabiya_Brk/status/2022756932918911138,2026,2,2026-02-14,تسريبات العربية: نظام الأسد تعمد إهمال التعامل مع جنازة لونا الشبل #العربية_عاجل,Al-Arabiya leaks: The Assad regime deliberately neglected to deal with the funeral of Luna Al-Shib #Al-Arabiya_Breaking
2022756827566403594,alarabiya_brk,2026-02-14 21:36:23.353,تسريبات حصرية للعربية: منصور عزام كان الصندوق الأسود لبشار #العربية_عاجل,0,0,0,https://x.com/AlArabiya_Brk/status/2022756827566403594,2026,2,2026-02-14,تسريبات حصرية للعربية: منصور عزام كان الصندوق الأسود لبشار #العربية_عاجل,Exclusive leaks to Al-Arabiya: Mansour Azzam was Bashar’s black box #Al-Arabiya_Breaking
2022756740425486744,alarabiya_brk,2026-02-14 21:36:02.577,تسريبات العربية: الأسد أمر بتصفية لونا الشبل عبر منصور عزام #العربية_عاجل,0,0,0,https://x.com/AlArabiya_Brk/status/2022756740425486744,2026,2,2026-02-14,تسريبات العربية: الأسد أمر بتصفية لونا الشبل عبر منصور عزام #العربية_عاجل,Al-Arabiya leaks: Al-Assad ordered the liquidation of Luna al-Shibl via Mansour Azzam #Al-Arabiya_Breaking
2022756652126986457,alarabiya_brk,2026-02-14 21:35:41.525,تسريبات العربية: لونا الشبل قُتلت قبل أن تكشف أسرار بشار الأسد #العربية_عاجل,0,0,0,https://x.com/AlArabiya_Brk/status/2022756652126986457,2026,2,2026-02-14,تسريبات العربية: لونا الشبل قُتلت قبل أن تكشف أسرار بشار الأسد #العربية_عاجل,Al-Arabiya leaks: Luna Al-Shibl was killed before Bashar al-Assad’s secrets were revealed #Al-Arabiya_Breaking
2022756509654913403,alarabiya_brk,2026-02-14 21:35:07.557,تسريبات العربية: لونا الشبل كانت تنقل أموال الأسد إلى روسيا #العربية_عاجل,0,0,0,https://x.com/AlArabiya_Brk/status/2022756509654913403,2026,2,2026-02-14,تسريبات العربية: لونا الشبل كانت تنقل أموال الأسد إلى روسيا #العربية_عاجل,Al-Arabiya leaks: Luna Al-Shibl was transferring Assad’s money to Russia #Al-Arabiya_Breaking
2022756150458851490,alarabiya_brk,2026-02-14 21:33:41.918,تسريبات العربية: أسماء الأسد جرّدت لونا الشبل من مهامها الإعلامية #العربية_عاجل,0,0,0,https://x.com/AlArabiya_Brk/status/2022756150458851490,2026,2,2026-02-14,تسريبات العربية: أسماء الأسد جرّدت لونا الشبل من مهامها الإعلامية #العربية_عاجل,Al-Arabiya leaks: Asma al-Assad stripped Luna al-Shibl of her media duties #Al-Arabiya_Breaking
2022755921525342311,alarabiya_brk,2026-02-14 21:32:47.336,تسريبات العربية: أسماء الأسد تدخلت لوقف سيطرة لونا الشبل #العربية_عاجل,0,0,0,https://x.com/AlArabiya_Brk/status/2022755921525342311,2026,2,2026-02-14,تسريبات العربية: أسماء الأسد تدخلت لوقف سيطرة لونا الشبل #العربية_عاجل,Al-Arabiya leaks: Asma al-Assad intervened to stop Luna al-Shibl’s control #Al-Arabiya_Breaking
2022755685524496432,alarabiya_brk,2026-02-14 21:31:51.069,تسريبات العربية: علاقة لونا الشبل كانت قوية بالروس #العربية_عاجل,0,0,0,https://x.com/AlArabiya_Brk/status/2022755685524496432,2026,2,2026-02-14,تسريبات العربية: علاقة لونا الشبل كانت قوية بالروس #العربية_عاجل,Al-Arabiya leaks: Luna the cub had a strong relationship with the Russians #Al-Arabiya_Breaking
2022753524254163161,alarabiya_brk,2026-02-14 21:23:15.782,تسريبات العربية: لونا الشبل حاربت الجميع لتبقى سيدة القرار بالقصر الجمهوري #العربية_عاجل,0,0,0,https://x.com/AlArabiya_Brk/status/2022753524254163161,2026,2,2026-02-14,تسريبات العربية: لونا الشبل حاربت الجميع لتبقى سيدة القرار بالقصر الجمهوري #العربية_عاجل,Al-Arabiya leaks: Luna Al-Shibl fought everyone to remain the decision-maker in the Republican Palace #Al-Arabiya_Breaking
2022752833720721495,alarabiya_brk,2026-02-14 21:20:31.146,تسريبات حصرية.. العربية تكشف المزيد من أسرار نظام الأسد #العربية_عاجل,0,0,0,https://x.com/AlArabiya_Brk/status/2022752833720721495,2026,2,2026-02-14,تسريبات حصرية.. العربية تكشف المزيد من أسرار نظام الأسد #العربية_عاجل,Exclusive leaks.. Al-Arabiya reveals more secrets of the Assad regime #Al-Arabiya_Breaking
2022739841834692768,alarabiya_brk,2026-02-14 20:28:53.639,رئيس وزراء السودان للعربية: ندرس دمج بعض عناصر الميليشيات بالمجتمع #العربية_عاجل,0,0,0,https://x.com/AlArabiya_Brk/status/2022739841834692768,2026,2,2026-02-14,رئيس وزراء السودان للعربية: ندرس دمج بعض عناصر الميليشيات بالمجتمع #العربية_عاجل,Prime Minister of Sudan to Al-Arabiya: We are studying the integration of some militia elements into society #Al-Arabiya_Breaking
2022739510014919057,alarabiya_brk,2026-02-14 20:27:34.527,رئيس وزراء السودان للعربية: مبادرتنا للسلام تتضمن ترحيل الميليشيات لمعسكرات #العربية_عاجل,0,0,0,https://x.com/AlArabiya_Brk/status/2022739510014919057,2026,2,2026-02-14,رئيس وزراء السودان للعربية: مبادرتنا للسلام تتضمن ترحيل الميليشيات لمعسكرات #العربية_عاجل,Sudanese Prime Minister to Al-Arabiya: Our peace initiative includes the transfer of militias to camps #Al-Arabiya_Urgent
2022739417685803299,alarabiya_brk,2026-02-14 20:27:12.514,رئيس وزراء السودان للعربية: مبادرتنا للسلام تتضمن ترحيل الميليشيات #العربية_عاجل,0,0,0,https://x.com/AlArabiya_Brk/status/2022739417685803299,2026,2,2026-02-14,رئيس وزراء السودان للعربية: مبادرتنا للسلام تتضمن ترحيل الميليشيات #العربية_عاجل,Sudanese Prime Minister to Al-Arabiya: Our peace initiative includes the deportation of militias #Al-Arabiya_Urgent
2022739328586121723,alarabiya_brk,2026-02-14 20:26:51.271,رئيس وزراء السودان للعربية: مبادرتنا للسلام تتضمن إحلال دولة القانون #العربية_عاجل,0,0,0,https://x.com/AlArabiya_Brk/status/2022739328586121723,2026,2,2026-02-14,رئيس وزراء السودان للعربية: مبادرتنا للسلام تتضمن إحلال دولة القانون #العربية_عاجل,Prime Minister of Sudan to Al-Arabiya: Our peace initiative includes the establishment of the rule of law #Al-Arabiya_Urgent
2022739198491402252,alarabiya_brk,2026-02-14 20:26:20.254,رئيس وزراء السودان للعربية: مبادرتنا للسلام تتضمن حماية المدنيين وهدنة #العربية_عاجل,0,0,0,https://x.com/AlArabiya_Brk/status/2022739198491402252,2026,2,2026-02-14,رئيس وزراء السودان للعربية: مبادرتنا للسلام تتضمن حماية المدنيين وهدنة #العربية_عاجل,Prime Minister of Sudan to Al-Arabiya: Our peace initiative includes the protection of civilians and a truce #Al-Arabiya_Breaking
2022739099258434024,alarabiya_brk,2026-02-14 20:25:56.595,رئيس وزراء السودان للعربية: لا حوار مباشرا مع الميليشيات لأنها تحولت لمرتزقة #العربية_عاجل,0,0,0,https://x.com/AlArabiya_Brk/status/2022739099258434024,2026,2,2026-02-14,رئيس وزراء السودان للعربية: لا حوار مباشرا مع الميليشيات لأنها تحولت لمرتزقة #العربية_عاجل,Sudanese Prime Minister to Al-Arabiya: There is no direct dialogue with the militias because they have turned into mercenaries #Al-Arabiya_Breaking
2022738911802306576,alarabiya_brk,2026-02-14 20:25:11.902,رئيس وزراء السودان للعربية: مبادرتنا للسلام تتكامل مع المبادرة السعودية الأميركية #العربية_عاجل,0,0,0,https://x.com/AlArabiya_Brk/status/2022738911802306576,2026,2,2026-02-14,رئيس وزراء السودان للعربية: مبادرتنا للسلام تتكامل مع المبادرة السعودية الأميركية #العربية_عاجل,Sudanese Prime Minister to Al-Arabiya: Our peace initiative complements the Saudi-American initiative #Al-Arabiya_Breaking
2022734489709842554,alarabiya_brk,2026-02-14 20:07:37.593,وزيرة خارجية بريطانيا: هناك عدة دول متورطة بحرب السودان #العربية_عاجل,0,0,0,https://x.com/AlArabiya_Brk/status/2022734489709842554,2026,2,2026-02-14,وزيرة خارجية بريطانيا: هناك عدة دول متورطة بحرب السودان #العربية_عاجل,British Foreign Secretary: There are several countries involved in the Sudan war #Al-Arabiya_Breaking
2022734070497591680,alarabiya_brk,2026-02-14 20:05:57.645,وزيرة خارجية بريطانيا: نراجع المعلومات بشأن تدفق السلاح إلى السودان #العربية_عاجل,0,0,0,https://x.com/AlArabiya_Brk/status/2022734070497591680,2026,2,2026-02-14,وزيرة خارجية بريطانيا: نراجع المعلومات بشأن تدفق السلاح إلى السودان #العربية_عاجل,British Foreign Secretary: We are reviewing information regarding the flow of weapons to Sudan #AlArabiya_Breaking
2022733732759687231,alarabiya_brk,2026-02-14 20:04:37.122,وزيرة خارجية بريطانيا: غالبية نساء السودان تعرضن للعنف #العربية_عاجل,0,0,0,https://x.com/AlArabiya_Brk/status/2022733732759687231,2026,2,2026-02-14,وزيرة خارجية بريطانيا: غالبية نساء السودان تعرضن للعنف #العربية_عاجل,British Foreign Secretary: The majority of Sudanese women have been exposed to violence #AlArabiya_Breaking
2022733215874625842,alarabiya_brk,2026-02-14 20:02:33.887,مسعد بولس: نريد نهاية للدعم الخارجي للأطراف في السودان #العربية_عاجل,0,0,0,https://x.com/AlArabiya_Brk/status/2022733215874625842,2026,2,2026-02-14,مسعد بولس: نريد نهاية للدعم الخارجي للأطراف في السودان #العربية_عاجل,Musaad Boulos: We want an end to external support for parties in Sudan #AlArabiya_Breaking
2022733081422057828,alarabiya_brk,2026-02-14 20:02:01.831,مسعد بولس: نعمل مع السعودية والإمارات ومصر لإنهاء حرب السودان #العربية_عاجل,0,0,0,https://x.com/AlArabiya_Brk/status/2022733081422057828,2026,2,2026-02-14,مسعد بولس: نعمل مع السعودية والإمارات ومصر لإنهاء حرب السودان #العربية_عاجل,"Musaad Boulos: We are working with Saudi Arabia, the Emirates, and Egypt to end the Sudan war #Al-Arabiya_Breaking"
2022732993714929790,alarabiya_brk,2026-02-14 20:01:40.920,مسعد بولس: ترمب ملتزم بإنهاء حرب السودان #العربية_عاجل,0,0,0,https://x.com/AlArabiya_Brk/status/2022732993714929790,2026,2,2026-02-14,مسعد بولس: ترمب ملتزم بإنهاء حرب السودان #العربية_عاجل,Massad Boulos: Trump is committed to ending the Sudan war #Al-Arabiya_Breaking
2022732863414710698,alarabiya_brk,2026-02-14 20:01:09.854,"مسعد بولس: وصفنا مجازر الدعم السريع بـ ""الإبادة الجماعية"" #العربية_عاجل",0,0,0,https://x.com/AlArabiya_Brk/status/2022732863414710698,2026,2,2026-02-14,"مسعد بولس: وصفنا مجازر الدعم السريع بـ ""الإبادة الجماعية"" #العربية_عاجل",Musaad Boulos: We described the Rapid Support massacres as “genocide” #AlArabiya_Breaking
2022732614574952639,alarabiya_brk,2026-02-14 20:00:10.526,مسعد بولس: الدعم السريع ارتكبت أعمالا شنيعة في الفاشر  #العربية_عاجل,0,0,0,https://x.com/AlArabiya_Brk/status/2022732614574952639,2026,2,2026-02-14,مسعد بولس: الدعم السريع ارتكبت أعمالا شنيعة في الفاشر  #العربية_عاجل,Musaad Boulos: Rapid Support committed heinous acts in El Fasher #AlArabiya_Breaking
2022729958620008479,alarabiya_brk,2026-02-14 19:49:37.297,رئيس وزراء السودان: بلادنا تتعرض لهجوم من مرتزقة وهذا يهدد القرن الإفريقي #العربية_عاجل,0,0,0,https://x.com/AlArabiya_Brk/status/2022729958620008479,2026,2,2026-02-14,رئيس وزراء السودان: بلادنا تتعرض لهجوم من مرتزقة وهذا يهدد القرن الإفريقي #العربية_عاجل,"Prime Minister of Sudan: Our country is under attack by mercenaries, and this threatens the Horn of Africa #AlArabiya_Breaking"
2022728619739480246,alarabiya_brk,2026-02-14 19:44:18.083,رئيس وزراء السودان: لدينا أدلة دامغة عن مصادر أسلحة الدعم السريع #العربية_عاجل,0,0,0,https://x.com/AlArabiya_Brk/status/2022728619739480246,2026,2,2026-02-14,رئيس وزراء السودان: لدينا أدلة دامغة عن مصادر أسلحة الدعم السريع #العربية_عاجل,Prime Minister of Sudan: We have conclusive evidence about the sources of rapid support weapons #AlArabiya_Breaking
2022728107917037620,alarabiya_brk,2026-02-14 19:42:16.055,رئيس وزراء السودان: مستعدون للحوار مع الإمارات إذا توقفت عن دعم الميليشيات #العربية_عاجل,0,0,0,https://x.com/AlArabiya_Brk/status/2022728107917037620,2026,2,2026-02-14,رئيس وزراء السودان: مستعدون للحوار مع الإمارات إذا توقفت عن دعم الميليشيات #العربية_عاجل,Prime Minister of Sudan: We are ready for dialogue with the UAE if it stops supporting the militias #Arab_Breaking
2022727982209507477,alarabiya_brk,2026-02-14 19:41:46.084,رئيس وزراء السودان: مستعدون للحوار مع الإمارات إذا توقفت عن دعم قوات الدعم السريع #العربية_عاجل,0,0,0,https://x.com/AlArabiya_Brk/status/2022727982209507477,2026,2,2026-02-14,رئيس وزراء السودان: مستعدون للحوار مع الإمارات إذا توقفت عن دعم قوات الدعم السريع #العربية_عاجل,Prime Minister of Sudan: We are ready for dialogue with the UAE if it stops supporting the Rapid Support Forces #Al-Arabiya_Breaking
2022727844082725372,alarabiya_brk,2026-02-14 19:41:13.152,رئيس وزراء السودان: على الإمارات وقف دعم قوات الدعم السريع #العربية_عاجل,0,0,0,https://x.com/AlArabiya_Brk/status/2022727844082725372,2026,2,2026-02-14,رئيس وزراء السودان: على الإمارات وقف دعم قوات الدعم السريع #العربية_عاجل,Prime Minister of Sudan: The UAE must stop supporting the Rapid Support Forces #Al-Arabiya_Urgent
2022727480822403233,alarabiya_brk,2026-02-14 19:39:46.544,رئيس وزراء السودان: ليس هناك اتفاق ملموس لوقف النار حتى الآن #العربية_عاجل,0,0,0,https://x.com/AlArabiya_Brk/status/2022727480822403233,2026,2,2026-02-14,رئيس وزراء السودان: ليس هناك اتفاق ملموس لوقف النار حتى الآن #العربية_عاجل,Prime Minister of Sudan: There is no concrete ceasefire agreement yet #AlArabiya_Breaking
2022727103322398975,alarabiya_brk,2026-02-14 19:38:16.541,رئيس وزراء السودان: نخوض محادثات جدية لوقف النار #العربية_عاجل,0,0,0,https://x.com/AlArabiya_Brk/status/2022727103322398975,2026,2,2026-02-14,رئيس وزراء السودان: نخوض محادثات جدية لوقف النار #العربية_عاجل,Prime Minister of Sudan: We are engaged in serious ceasefire talks #AlArabiya_Breaking
2022724804202090652,alarabiya_brk,2026-02-14 19:29:08.388,الخارجية السورية للعربية: الشيباني أكد في ميونيخ أن سوريا لن تكون ساحة للتقسيم #العربية_عاجل,0,0,0,https://x.com/AlArabiya_Brk/status/2022724804202090652,2026,2,2026-02-14,الخارجية السورية للعربية: الشيباني أكد في ميونيخ أن سوريا لن تكون ساحة للتقسيم #العربية_عاجل,The Syrian Foreign Ministry to Al-Arabiya: Al-Shaibani confirmed in Munich that Syria will not be an arena for division #Al-Arabiya_Breaking
2022718716572561852,alarabiya_brk,2026-02-14 19:04:56.984,وزير الخارجية السعودي: العالم سيندهش من قدرات سوريا الاقتصادية #العربية_عاجل,0,0,0,https://x.com/AlArabiya_Brk/status/2022718716572561852,2026,2,2026-02-14,وزير الخارجية السعودي: العالم سيندهش من قدرات سوريا الاقتصادية #العربية_عاجل,Saudi Foreign Minister: The world will be amazed by Syria’s economic capabilities #Al-Arabiya_Breaking
2022718632824897738,alarabiya_brk,2026-02-14 19:04:37.017,وزير الخارجية السعودي: لدينا ثقة بتقدم حكومة سوريا بالتعامل مع الأكراد #العربية_عاجل,0,0,0,https://x.com/AlArabiya_Brk/status/2022718632824897738,2026,2,2026-02-14,وزير الخارجية السعودي: لدينا ثقة بتقدم حكومة سوريا بالتعامل مع الأكراد #العربية_عاجل,Saudi Foreign Minister: We have confidence in the progress of the Syrian government in dealing with the Kurds #AlArabiya_Breaking
2022718407775297694,alarabiya_brk,2026-02-14 19:03:43.361,وزير الخارجية السعودي: الحكومة السورية مستمرة بإحراز التقدم #العربية_عاجل,0,0,0,https://x.com/AlArabiya_Brk/status/2022718407775297694,2026,2,2026-02-14,وزير الخارجية السعودي: الحكومة السورية مستمرة بإحراز التقدم #العربية_عاجل,Saudi Foreign Minister: The Syrian government continues to make progress #AlArabiya_Breaking
2022714569269944578,alarabiya_brk,2026-02-14 18:48:28.190,وزير الخارجية السعودي: نريد ضمان استقرار وقف النار في غزة #العربية_عاجل,0,0,0,https://x.com/AlArabiya_Brk/status/2022714569269944578,2026,2,2026-02-14,وزير الخارجية السعودي: نريد ضمان استقرار وقف النار في غزة #العربية_عاجل,Saudi Foreign Minister: We want to ensure the stability of the ceasefire in Gaza #Al-Arabiya_Breaking
2022714393255911460,alarabiya_brk,2026-02-14 18:47:46.225,وزير الخارجية السعودي: نحتاج إلى السلام للفلسطينيين والإسرائيليين #العربية_عاجل,0,0,0,https://x.com/AlArabiya_Brk/status/2022714393255911460,2026,2,2026-02-14,وزير الخارجية السعودي: نحتاج إلى السلام للفلسطينيين والإسرائيليين #العربية_عاجل,Saudi Foreign Minister: We need peace for the Palestinians and Israelis #AlArabiya_Urgent
2022707398482235852,alarabiya_brk,2026-02-14 18:19:58.541,سويسرا: عُمان ستستضيف محادثات أميركا وإيران في جنيف الأسبوع المقبل #العربية_عاجل,0,0,0,https://x.com/AlArabiya_Brk/status/2022707398482235852,2026,2,2026-02-14,سويسرا: عُمان ستستضيف محادثات أميركا وإيران في جنيف الأسبوع المقبل #العربية_عاجل,Switzerland: Oman will host the US-Iran talks in Geneva next week #AlArabiya_Breaking
2022706584418185321,alarabiya_brk,2026-02-14 18:16:44.453,الشيباني: نعمل على مقاربة مع قسد لضمان التكامل #العربية_عاجل,0,0,0,https://x.com/AlArabiya_Brk/status/2022706584418185321,2026,2,2026-02-14,الشيباني: نعمل على مقاربة مع قسد لضمان التكامل #العربية_عاجل,Al-Shaibani: We are working on an approach with SDF to ensure integration #Al-Arabiya_Breaking
2022703248658899233,alarabiya_brk,2026-02-14 18:03:29.146,عراقجي: الترويكا الأوروبية باتت هامشية وبلا تأثير #العربية_عاجل,0,0,0,https://x.com/AlArabiya_Brk/status/2022703248658899233,2026,2,2026-02-14,عراقجي: الترويكا الأوروبية باتت هامشية وبلا تأثير #العربية_عاجل,Araqchi: The European Troika has become marginal and without influence #AlArabiya_Breaking
2022702047158530517,alarabiya_brk,2026-02-14 17:58:42.686,زيلينسكي: أُبلغنا أن انسحابنا من الدونباس هو ضمان روسيا للسلام #العربية_عاجل,0,0,0,https://x.com/AlArabiya_Brk/status/2022702047158530517,2026,2,2026-02-14,زيلينسكي: أُبلغنا أن انسحابنا من الدونباس هو ضمان روسيا للسلام #العربية_عاجل,Zelensky: We were informed that our withdrawal from Donbass is Russia's guarantee of peace #AlArabiya_Breaking
2022701045638476255,alarabiya_brk,2026-02-14 17:54:43.905,الشيباني: قسد جزء من حكومة سوريا #العربية_عاجل,0,0,0,https://x.com/AlArabiya_Brk/status/2022701045638476255,2026,2,2026-02-14,الشيباني: قسد جزء من حكومة سوريا #العربية_عاجل,Al-Shaibani: SDF is part of the Syrian government #Al-Arabiya_Breaking
2022700860518682912,alarabiya_brk,2026-02-14 17:53:59.769,الشيباني: لقاء روبيو بحضور قادة قسد يمثل الوحدة السورية #العربية_عاجل,0,0,0,https://x.com/AlArabiya_Brk/status/2022700860518682912,2026,2,2026-02-14,الشيباني: لقاء روبيو بحضور قادة قسد يمثل الوحدة السورية #العربية_عاجل,Al-Shaibani: Rubio’s meeting in the presence of SDF leaders represents Syrian unity #Al-Arabiya_Breaking
2022699969069621697,alarabiya_brk,2026-02-14 17:50:27.231,"عراقجي: مؤتمر ميونيخ تحول إلى ""سيرك"" بتركيزه الحديث عن إيران #العربية_عاجل",0,0,0,https://x.com/AlArabiya_Brk/status/2022699969069621697,2026,2,2026-02-14,"عراقجي: مؤتمر ميونيخ تحول إلى ""سيرك"" بتركيزه الحديث عن إيران #العربية_عاجل",Araqchi: The Munich conference turned into a “circus” with its focus on Iran #AlArabiya_Breaking
2022698326815019111,alarabiya_brk,2026-02-14 17:43:55.687,الشيباني: إسرائيل تبالغ بالتفكير بالمخاطر بشأن سوريا #العربية_عاجل,0,0,0,https://x.com/AlArabiya_Brk/status/2022698326815019111,2026,2,2026-02-14,الشيباني: إسرائيل تبالغ بالتفكير بالمخاطر بشأن سوريا #العربية_عاجل,Al-Shaibani: Israel is overthinking the risks regarding Syria #Al-Arabiya_Breaking
2022698111865422145,alarabiya_brk,2026-02-14 17:43:04.439,الشيباني: جلبنا إسرائيل إلى طاولة الحوار بدعم أميركا #العربية_عاجل,0,0,0,https://x.com/AlArabiya_Brk/status/2022698111865422145,2026,2,2026-02-14,الشيباني: جلبنا إسرائيل إلى طاولة الحوار بدعم أميركا #العربية_عاجل,Al-Shaibani: We brought Israel to the dialogue table with America’s support. #Arab_Urgent
2022697935159312889,alarabiya_brk,2026-02-14 17:42:22.309,الشيباني: تصرفات إسرائيل تزعزع استقرار سوريا #العربية_عاجل,0,0,0,https://x.com/AlArabiya_Brk/status/2022697935159312889,2026,2,2026-02-14,الشيباني: تصرفات إسرائيل تزعزع استقرار سوريا #العربية_عاجل,Al-Shaibani: Israel’s actions destabilize Syria #Al-Arabiya_Breaking
2022697852644806966,alarabiya_brk,2026-02-14 17:42:02.636,الشيباني: قلقون من ممارسات إسرائيل تجاه سوريا #العربية_عاجل,0,0,0,https://x.com/AlArabiya_Brk/status/2022697852644806966,2026,2,2026-02-14,الشيباني: قلقون من ممارسات إسرائيل تجاه سوريا #العربية_عاجل,Al-Shaibani: We are concerned about Israel’s practices towards Syria #Al-Arabiya_Breaking
2022696887501852833,alarabiya_brk,2026-02-14 17:38:12.528,الشيباني: تعاملنا مع أحداث الساحل بمسؤولية عالية  #العربية_عاجل,0,0,0,https://x.com/AlArabiya_Brk/status/2022696887501852833,2026,2,2026-02-14,الشيباني: تعاملنا مع أحداث الساحل بمسؤولية عالية  #العربية_عاجل,Al-Shaibani: We dealt with the events on the coast with high responsibility #Al-Arabiya_Breaking
2022696799484412338,alarabiya_brk,2026-02-14 17:37:51.543,الشيباني: أكدنا على ضرورة حصر السلاح بيد الدولة السورية #العربية_عاجل,0,0,0,https://x.com/AlArabiya_Brk/status/2022696799484412338,2026,2,2026-02-14,الشيباني: أكدنا على ضرورة حصر السلاح بيد الدولة السورية #العربية_عاجل,Al-Shaibani: We emphasized the necessity of confining weapons to the Syrian state #Al-Arabiya_Urgent
2022696196045787389,alarabiya_brk,2026-02-14 17:35:27.672,الشيباني: عملنا على الحفاظ على مؤسسات الدولة #العربية_عاجل,0,0,0,https://x.com/AlArabiya_Brk/status/2022696196045787389,2026,2,2026-02-14,الشيباني: عملنا على الحفاظ على مؤسسات الدولة #العربية_عاجل,Al-Shaibani: We worked to preserve the institutions of the Arab state #Urgent
2022694777695686924,alarabiya_brk,2026-02-14 17:29:49.511,مصر: نرفض أي محاولات لفرض أدوار خارجية في إدارة البحر الأحمر #العربية_عاجل,0,0,0,https://x.com/AlArabiya_Brk/status/2022694777695686924,2026,2,2026-02-14,مصر: نرفض أي محاولات لفرض أدوار خارجية في إدارة البحر الأحمر #العربية_عاجل,Egypt: We reject any attempts to impose external roles in the management of the Red Sea #AlArabiya_Breaking
2022694612511429084,alarabiya_brk,2026-02-14 17:29:10.128,مصر: موقفنا ثابت بشأن قصر حوكمة البحر الأحمر على الدول المطلة عليه #العربية_عاجل,0,0,0,https://x.com/AlArabiya_Brk/status/2022694612511429084,2026,2,2026-02-14,مصر: موقفنا ثابت بشأن قصر حوكمة البحر الأحمر على الدول المطلة عليه #العربية_عاجل,Egypt: Our position is firm regarding limiting the governance of the Red Sea to the countries overlooking it #Al-Arabiya_Breaking
2022677981668262227,alarabiya_brk,2026-02-14 16:23:05.026,سانا: رئيس إقليم كردستان أكد للشيباني أن استقرار سوريا  ركيزة أساسية #العربية_عاجل,0,0,0,https://x.com/AlArabiya_Brk/status/2022677981668262227,2026,2,2026-02-14,سانا: رئيس إقليم كردستان أكد للشيباني أن استقرار سوريا  ركيزة أساسية #العربية_عاجل,SANA: The President of the Kurdistan Region assured Al-Shaibani that the stability of Syria is a fundamental pillar #Al-Arabiya_Breaking
2022677779758579866,alarabiya_brk,2026-02-14 16:22:16.887,سانا: وزير الخارجية السوري التقى رئيس إقليم كردستان في ميونيخ #العربية_عاجل,0,0,0,https://x.com/AlArabiya_Brk/status/2022677779758579866,2026,2,2026-02-14,سانا: وزير الخارجية السوري التقى رئيس إقليم كردستان في ميونيخ #العربية_عاجل,SANA: The Syrian Foreign Minister met with the President of the Kurdistan Region in Munich #AlArabiya_Breaking
2022669226838753516,alarabiya_brk,2026-02-14 15:48:17.712,أ ف ب: 200 ألف متظاهر ضد إيران في ميونيخ #العربية_عاجل,0,0,0,https://x.com/AlArabiya_Brk/status/2022669226838753516,2026,2,2026-02-14,أ ف ب: 200 ألف متظاهر ضد إيران في ميونيخ #العربية_عاجل,"AFP: 200,000 demonstrators against Iran in Munich #Al-Arabiya_Breaking"
2022658514401861987,alarabiya_brk,2026-02-14 15:05:43.668,روبيو: ترمب لم يمانع لقاء خامنئي #العربية_عاجل,0,0,0,https://x.com/AlArabiya_Brk/status/2022658514401861987,2026,2,2026-02-14,روبيو: ترمب لم يمانع لقاء خامنئي #العربية_عاجل,Rubio: Trump did not mind meeting Khamenei #AlArabiya_Breaking
2022651017981038645,alarabiya_brk,2026-02-14 14:35:56.382,زيلينسكي: أشعر ببعض الضغط من ترمب #العربية_عاجل,0,0,0,https://x.com/AlArabiya_Brk/status/2022651017981038645,2026,2,2026-02-14,زيلينسكي: أشعر ببعض الضغط من ترمب #العربية_عاجل,Zelensky: I feel some pressure from Trump #AlArabiya_Breaking
2022650915593859411,alarabiya_brk,2026-02-14 14:35:31.971,الناتو: روسيا تعاني من خسائر ضخمة في أوكرانيا #العربية_عاجل,0,0,0,https://x.com/AlArabiya_Brk/status/2022650915593859411,2026,2,2026-02-14,الناتو: روسيا تعاني من خسائر ضخمة في أوكرانيا #العربية_عاجل,NATO: Russia is suffering huge losses in Ukraine #Al-Arabiya_Breaking
2022650770173071781,alarabiya_brk,2026-02-14 14:34:57.300,روبيو يرحب بالتزام سوريا بالتعاون الكامل مع واشنطن والتحالف #العربية_عاجل,0,0,0,https://x.com/AlArabiya_Brk/status/2022650770173071781,2026,2,2026-02-14,روبيو يرحب بالتزام سوريا بالتعاون الكامل مع واشنطن والتحالف #العربية_عاجل,Rubio welcomes Syria's commitment to fully cooperate with Washington and the coalition #AlArabiya_Breaking
2022645587431022672,alarabiya_brk,2026-02-14 14:14:21.638,أميركا: قصفنا بنية تحتية ومخازن سلاح لداعش في سوريا #العربية_عاجل,0,0,0,https://x.com/AlArabiya_Brk/status/2022645587431022672,2026,2,2026-02-14,أميركا: قصفنا بنية تحتية ومخازن سلاح لداعش في سوريا #العربية_عاجل,America: We bombed ISIS infrastructure and weapons stores in Syria #AlArabiya_Breaking
2022643288948232397,alarabiya_brk,2026-02-14 14:05:13.637,أميركا: نفذنا 10 ضربات على أكثر من 30 هدفا لداعش في سوريا في فبراير #العربية_عاجل,0,0,0,https://x.com/AlArabiya_Brk/status/2022643288948232397,2026,2,2026-02-14,أميركا: نفذنا 10 ضربات على أكثر من 30 هدفا لداعش في سوريا في فبراير #العربية_عاجل,America: We carried out 10 strikes on more than 30 ISIS targets in Syria in February #AlArabiya_Breaking
2022633226137743672,alarabiya_brk,2026-02-14 13:25:14.476,مسعد بولس: أميركا عازمة على مواصلة الضغط لوقف النار في السودان #العربية_عاجل,0,0,0,https://x.com/AlArabiya_Brk/status/2022633226137743672,2026,2,2026-02-14,مسعد بولس: أميركا عازمة على مواصلة الضغط لوقف النار في السودان #العربية_عاجل,Musaad Boulos: America is determined to continue pressure for a ceasefire in Sudan #AlArabiya_Breaking
2022630824852496629,alarabiya_brk,2026-02-14 13:15:41.965,زيلينسكي: كل منشآت الطاقة بأوكرانيا تضررت من روسيا #العربية_عاجل,0,0,0,https://x.com/AlArabiya_Brk/status/2022630824852496629,2026,2,2026-02-14,زيلينسكي: كل منشآت الطاقة بأوكرانيا تضررت من روسيا #العربية_عاجل,Zelensky: All energy facilities in Ukraine were damaged by Russia #Al-Arabiya_Breaking
2022608359048851678,alarabiya_brk,2026-02-14 11:46:25.700,ستارمر: بريطانيا ستنشر مجموعة حاملات طائرات شمال الأطلسي #العربية_عاجل,0,0,0,https://x.com/AlArabiya_Brk/status/2022608359048851678,2026,2,2026-02-14,ستارمر: بريطانيا ستنشر مجموعة حاملات طائرات شمال الأطلسي #العربية_عاجل,Starmer: Britain will deploy a North Atlantic aircraft carrier group #AlArabiya_Breaking
2022606655611978106,alarabiya_brk,2026-02-14 11:39:39.569,أطباء بلا حدود: تعليق بعض العمليات في غزة بسبب وجود مسلحين #العربية_عاجل,0,0,0,https://x.com/AlArabiya_Brk/status/2022606655611978106,2026,2,2026-02-14,أطباء بلا حدود: تعليق بعض العمليات في غزة بسبب وجود مسلحين #العربية_عاجل,Doctors Without Borders: Suspension of some operations in Gaza due to the presence of armed men #AlArabiya_Breaking
2022606497197199630,alarabiya_brk,2026-02-14 11:39:01.800,أطباء بلا حدود: علقنا بعض عملياتنا بمستشفى ناصر في غزة #العربية_عاجل,0,0,0,https://x.com/AlArabiya_Brk/status/2022606497197199630,2026,2,2026-02-14,أطباء بلا حدود: علقنا بعض عملياتنا بمستشفى ناصر في غزة #العربية_عاجل,Doctors Without Borders: We suspended some of our operations at Nasser Hospital in Gaza #AlArabiya_Breaking
2022606050700972160,alarabiya_brk,2026-02-14 11:37:15.347,ستارمر: نريد السلام لكن علينا الاستعداد للقتال #العربية_عاجل,0,0,0,https://x.com/AlArabiya_Brk/status/2022606050700972160,2026,2,2026-02-14,ستارمر: نريد السلام لكن علينا الاستعداد للقتال #العربية_عاجل,"Starmer: We want peace, but we must prepare to fight #AlArabiya_Breaking"
2022605356833128617,alarabiya_brk,2026-02-14 11:34:29.916,ستارمر: أميركا حليف ضروري ودورها مهم لأوروبا #العربية_عاجل,0,0,0,https://x.com/AlArabiya_Brk/status/2022605356833128617,2026,2,2026-02-14,ستارمر: أميركا حليف ضروري ودورها مهم لأوروبا #العربية_عاجل,Starmer: America is a necessary ally and its role is important for Europe #AlArabiya_Breaking
2022604990943052234,alarabiya_brk,2026-02-14 11:33:02.681,ستارمر: أمن بريطانيا من أمن أوروبا #العربية_عاجل,0,0,0,https://x.com/AlArabiya_Brk/status/2022604990943052234,2026,2,2026-02-14,ستارمر: أمن بريطانيا من أمن أوروبا #العربية_عاجل,Starmer: Britain's security is the security of Europe #Al-Arabiya_Breaking
2022604462041215333,alarabiya_brk,2026-02-14 11:30:56.581,ستارمر: علينا تطوير قدراتنا العسكرية لمواجهة أي عدوان #العربية_عاجل,0,0,0,https://x.com/AlArabiya_Brk/status/2022604462041215333,2026,2,2026-02-14,ستارمر: علينا تطوير قدراتنا العسكرية لمواجهة أي عدوان #العربية_عاجل,Starmer: We must develop our military capabilities to confront any aggression #AlArabiya_Urgent
2022603448764563633,alarabiya_brk,2026-02-14 11:26:54.997,المفوضية الأوروبية: علينا تبني استراتيجية أمنية جدية #العربية_عاجل,0,0,0,https://x.com/AlArabiya_Brk/status/2022603448764563633,2026,2,2026-02-14,المفوضية الأوروبية: علينا تبني استراتيجية أمنية جدية #العربية_عاجل,European Commission: We must adopt a serious security strategy #AlArabiya_Breaking
2022601636527427829,alarabiya_brk,2026-02-14 11:19:42.926,لجنة إدارة غزة: لا يمكن أن نتحمل مسؤوليتنا دون أن نُمنح كل الصلاحيات اللازمة #العربية_عاجل,0,0,0,https://x.com/AlArabiya_Brk/status/2022601636527427829,2026,2,2026-02-14,لجنة إدارة غزة: لا يمكن أن نتحمل مسؤوليتنا دون أن نُمنح كل الصلاحيات اللازمة #العربية_عاجل,Gaza Administration Committee: We cannot bear our responsibility without being granted all the necessary powers #AlArabiya_Urgent
2022600941942300716,alarabiya_brk,2026-02-14 11:16:57.324,كندا تعلن فرض عقوبات إضافية على إيران #العربية_عاجل,0,0,0,https://x.com/AlArabiya_Brk/status/2022600941942300716,2026,2,2026-02-14,كندا تعلن فرض عقوبات إضافية على إيران #العربية_عاجل,Canada announces the imposition of additional sanctions on Iran #AlArabiya_Breaking
2022594930724446219,alarabiya_brk,2026-02-14 10:53:04.138,بزشكيان: دول المنطقة تستطيع حل مشاكلها بالسلام #العربية_عاجل,0,0,0,https://x.com/AlArabiya_Brk/status/2022594930724446219,2026,2,2026-02-14,بزشكيان: دول المنطقة تستطيع حل مشاكلها بالسلام #العربية_عاجل,Bazashkian: The countries of the region can solve their problems with peace #AlArabiya_Breaking
2022594626863898763,alarabiya_brk,2026-02-14 10:51:51.692,وزير خارجية الصين: يجب إنهاء حرب غزة ومنح الفلسطينيين دولتهم #العربية_عاجل,0,0,0,https://x.com/AlArabiya_Brk/status/2022594626863898763,2026,2,2026-02-14,وزير خارجية الصين: يجب إنهاء حرب غزة ومنح الفلسطينيين دولتهم #العربية_عاجل,Chinese Foreign Minister: The Gaza war must be ended and the Palestinians must be granted their #Arab_state. Urgent
2022594207534174492,alarabiya_brk,2026-02-14 10:50:11.716,وزير خارجية الصين: يجب العودة إلى الشراكة الدولية #العربية_عاجل,0,0,0,https://x.com/AlArabiya_Brk/status/2022594207534174492,2026,2,2026-02-14,وزير خارجية الصين: يجب العودة إلى الشراكة الدولية #العربية_عاجل,Chinese Foreign Minister: We must return to international partnership #Arab_Urgent
2022594104597655994,alarabiya_brk,2026-02-14 10:49:47.174,وزير خارجية الصين: يجب عدم خلق أزمات جديدة بشأن إيران #العربية_عاجل,0,0,0,https://x.com/AlArabiya_Brk/status/2022594104597655994,2026,2,2026-02-14,وزير خارجية الصين: يجب عدم خلق أزمات جديدة بشأن إيران #العربية_عاجل,Chinese Foreign Minister: We must not create new crises regarding Iran #AlArabiya_Breaking
2022594017830006807,alarabiya_brk,2026-02-14 10:49:26.487,وزير خارجية الصين: يجب التصرف بحذر بشأن إيران #العربية_عاجل,0,0,0,https://x.com/AlArabiya_Brk/status/2022594017830006807,2026,2,2026-02-14,وزير خارجية الصين: يجب التصرف بحذر بشأن إيران #العربية_عاجل,Chinese Foreign Minister: We must act cautiously regarding Iran #AlArabiya_Breaking
2022593932937326891,alarabiya_brk,2026-02-14 10:49:06.247,وزير خارجية الصين: يجب حل الخلافات بالدبلوماسية وعبر الحوار #العربية_عاجل,0,0,0,https://x.com/AlArabiya_Brk/status/2022593932937326891,2026,2,2026-02-14,وزير خارجية الصين: يجب حل الخلافات بالدبلوماسية وعبر الحوار #العربية_عاجل,Chinese Foreign Minister: Disagreements must be resolved through diplomacy and through dialogue #Arabic_Breaking
2022593193011798154,alarabiya_brk,2026-02-14 10:46:09.835,وزير خارجية الصين: علينا الالتزام بنظام الأمم المتحدة #العربية_عاجل,0,0,0,https://x.com/AlArabiya_Brk/status/2022593193011798154,2026,2,2026-02-14,وزير خارجية الصين: علينا الالتزام بنظام الأمم المتحدة #العربية_عاجل,Chinese Foreign Minister: We must adhere to the United Nations system #Arab_Urgent
2022593031816265854,alarabiya_brk,2026-02-14 10:45:31.403,وزير خارجية الصين: من دون الأمم المتحدة سنتحول إلى عالم الغاب #العربية_عاجل,0,0,0,https://x.com/AlArabiya_Brk/status/2022593031816265854,2026,2,2026-02-14,وزير خارجية الصين: من دون الأمم المتحدة سنتحول إلى عالم الغاب #العربية_عاجل,"Chinese Foreign Minister: Without the United Nations, we will turn into a jungle world #Arabic_Breaking"
2022590007651795448,alarabiya_brk,2026-02-14 10:33:30.386,روبيو: من الخطأ ألا نتحدث مع الصين #العربية_عاجل,0,0,0,https://x.com/AlArabiya_Brk/status/2022590007651795448,2026,2,2026-02-14,روبيو: من الخطأ ألا نتحدث مع الصين #العربية_عاجل,Rubio: It is a mistake not to talk to China #AlArabiya_Breaking
2022589371833024792,alarabiya_brk,2026-02-14 10:30:58.795,روبيو: سنبقى دائما أبناء أوروبا وإن ابتعدنا بالجغرافيا #العربية_عاجل,0,0,0,https://x.com/AlArabiya_Brk/status/2022589371833024792,2026,2,2026-02-14,روبيو: سنبقى دائما أبناء أوروبا وإن ابتعدنا بالجغرافيا #العربية_عاجل,"Rubio: We will always remain children of Europe, even if we move far away in geography. #Arab_Urgent"
2022589288018239628,alarabiya_brk,2026-02-14 10:30:38.812,روبيو: لا نسعى لتقسيم الناتو وإنما تحفيزه #العربية_عاجل,0,0,0,https://x.com/AlArabiya_Brk/status/2022589288018239628,2026,2,2026-02-14,روبيو: لا نسعى لتقسيم الناتو وإنما تحفيزه #العربية_عاجل,"Rubio: We do not seek to divide NATO, but rather to stimulate it #AlArabiya_Urgent"
2022587921237217595,alarabiya_brk,2026-02-14 10:25:12.946,روبيو: فخورون بتاريخنا مع أوروبا #العربية_عاجل,0,0,0,https://x.com/AlArabiya_Brk/status/2022587921237217595,2026,2,2026-02-14,روبيو: فخورون بتاريخنا مع أوروبا #العربية_عاجل,Rubio: We are proud of our history with Europe #Arab_Breaking
2022587337880764428,alarabiya_brk,2026-02-14 10:22:53.863,روبيو: الأمم المتحدة لا تلعب أي دور بحل النزاعات #العربية_عاجل,0,0,0,https://x.com/AlArabiya_Brk/status/2022587337880764428,2026,2,2026-02-14,روبيو: الأمم المتحدة لا تلعب أي دور بحل النزاعات #العربية_عاجل,Rubio: The United Nations does not play any role in resolving conflicts #AlArabiya_Breaking
2022586383819300949,alarabiya_brk,2026-02-14 10:19:06.397,روبيو: لا مصلحة لأميركا بانهيار الغرب #العربية_عاجل,0,0,0,https://x.com/AlArabiya_Brk/status/2022586383819300949,2026,2,2026-02-14,روبيو: لا مصلحة لأميركا بانهيار الغرب #العربية_عاجل,Rubio: America has no interest in the collapse of the West #AlArabiya_Breaking
2022586253640642976,alarabiya_brk,2026-02-14 10:18:35.360,روبيو: لا نريد أن يكون شركاؤنا ضعفاء #العربية_عاجل,0,0,0,https://x.com/AlArabiya_Brk/status/2022586253640642976,2026,2,2026-02-14,روبيو: لا نريد أن يكون شركاؤنا ضعفاء #العربية_عاجل,Rubio: We do not want our partners to be weak #AlArabiya_Breaking
2022586123374014520,alarabiya_brk,2026-02-14 10:18:04.302,روبيو: نريد من الشركاء أن يكونوا أقوياء #العربية_عاجل,0,0,0,https://x.com/AlArabiya_Brk/status/2022586123374014520,2026,2,2026-02-14,روبيو: نريد من الشركاء أن يكونوا أقوياء #العربية_عاجل,Rubio: We want partners to be strong #AlArabiya_Breaking
2022586066398536185,alarabiya_brk,2026-02-14 10:17:50.718,روبيو: لا نريد الشركاء الضعفاء #العربية_عاجل,0,0,0,https://x.com/AlArabiya_Brk/status/2022586066398536185,2026,2,2026-02-14,روبيو: لا نريد الشركاء الضعفاء #العربية_عاجل,Rubio: We do not want weak partners #AlArabiya_Breaking
2022585721169621306,alarabiya_brk,2026-02-14 10:16:28.409,روبيو: تقويض النظام النووي الإيراني تطلب مشاركة أميركية #العربية_عاجل,0,0,0,https://x.com/AlArabiya_Brk/status/2022585721169621306,2026,2,2026-02-14,روبيو: تقويض النظام النووي الإيراني تطلب مشاركة أميركية #العربية_عاجل,Rubio: Undermining the Iranian nuclear regime requires American participation #AlArabiya_Breaking
2022585633412198667,alarabiya_brk,2026-02-14 10:16:07.486,روبيو: القيادة الأميركية هي التي حررت رهائن غزة #العربية_عاجل,0,0,0,https://x.com/AlArabiya_Brk/status/2022585633412198667,2026,2,2026-02-14,روبيو: القيادة الأميركية هي التي حررت رهائن غزة #العربية_عاجل,Rubio: The American leadership was the one that freed the hostages in Gaza #Al-Arabiya_Breaking
2022585489002279058,alarabiya_brk,2026-02-14 10:15:33.056,روبيو: التحالف الجديد مع أوروبا يجب أن يركز على تعزيز المصالح #العربية_عاجل,0,0,0,https://x.com/AlArabiya_Brk/status/2022585489002279058,2026,2,2026-02-14,روبيو: التحالف الجديد مع أوروبا يجب أن يركز على تعزيز المصالح #العربية_عاجل,Rubio: The new alliance with Europe must focus on promoting Arab interests #Urgent
2022584775471493526,alarabiya_brk,2026-02-14 10:12:42.937,روبيو: أميركا تتولى الإصلاح برئاسة ترمب #العربية_عاجل,0,0,0,https://x.com/AlArabiya_Brk/status/2022584775471493526,2026,2,2026-02-14,روبيو: أميركا تتولى الإصلاح برئاسة ترمب #العربية_عاجل,Rubio: America undertakes reform under Trump's presidency #AlArabiya_Breaking
2022584120178618521,alarabiya_brk,2026-02-14 10:10:06.703,روبيو: مصيرنا مشترك مع أوروبا #العربية_عاجل,0,0,0,https://x.com/AlArabiya_Brk/status/2022584120178618521,2026,2,2026-02-14,روبيو: مصيرنا مشترك مع أوروبا #العربية_عاجل,Rubio: Our fate is shared with Europe #Arab_Breaking
2022583990096437593,alarabiya_brk,2026-02-14 10:09:35.689,روبيو: نريد أوروبا قوية #العربية_عاجل,0,0,0,https://x.com/AlArabiya_Brk/status/2022583990096437593,2026,2,2026-02-14,روبيو: نريد أوروبا قوية #العربية_عاجل,Rubio: We want a strong Europe #AlArabiya_Breaking
2022583776627343494,alarabiya_brk,2026-02-14 10:08:44.794,روبيو: أميركا وأوروبا حضارة واحدة #العربية_عاجل,0,0,0,https://x.com/AlArabiya_Brk/status/2022583776627343494,2026,2,2026-02-14,روبيو: أميركا وأوروبا حضارة واحدة #العربية_عاجل,Rubio: America and Europe are one civilization #AlArabiya_Breaking
2022583646482272743,alarabiya_brk,2026-02-14 10:08:13.765,روبيو: الجذور الأميركية بدأت من أوروبا #العربية_عاجل,0,0,0,https://x.com/AlArabiya_Brk/status/2022583646482272743,2026,2,2026-02-14,روبيو: الجذور الأميركية بدأت من أوروبا #العربية_عاجل,Rubio: American roots began in Europe #AlArabiya_Breaking
2022583409059541461,alarabiya_brk,2026-02-14 10:07:17.159,روبيو: الهجرة تهدد مجتمعاتنا #العربية_عاجل,0,0,0,https://x.com/AlArabiya_Brk/status/2022583409059541461,2026,2,2026-02-14,روبيو: الهجرة تهدد مجتمعاتنا #العربية_عاجل,Rubio: Immigration threatens our societies #Arab_Urgent
2022583225390891065,alarabiya_brk,2026-02-14 10:06:33.369,روبيو: نشهد احتمال نزاع جديد أكثر من أي وقت مضى بالتاريخ #العربية_عاجل,0,0,0,https://x.com/AlArabiya_Brk/status/2022583225390891065,2026,2,2026-02-14,روبيو: نشهد احتمال نزاع جديد أكثر من أي وقت مضى بالتاريخ #العربية_عاجل,Rubio: We are witnessing the possibility of a new conflict more than ever before in history #AlArabiya_Breaking
2022582848079671722,alarabiya_brk,2026-02-14 10:05:03.411,روبيو: نقف على حافة كارثة عالمية جديدة #العربية_عاجل,0,0,0,https://x.com/AlArabiya_Brk/status/2022582848079671722,2026,2,2026-02-14,روبيو: نقف على حافة كارثة عالمية جديدة #العربية_عاجل,Rubio: We stand on the brink of a new global catastrophe #AlArabiya_Breaking
2022582764357267807,alarabiya_brk,2026-02-14 10:04:43.450,روبيو: أميركا وأوروبا انتصرتا على الكثير سويا #العربية_عاجل,0,0,0,https://x.com/AlArabiya_Brk/status/2022582764357267807,2026,2,2026-02-14,روبيو: أميركا وأوروبا انتصرتا على الكثير سويا #العربية_عاجل,Rubio: America and Europe have conquered many things together #AlArabiya_Breaking
2022571766665596951,alarabiya_brk,2026-02-14 09:21:01.396,كاميرا العربية ترصد عودة الحياة إلى مدينة كادوقلي #العربية_عاجل,0,0,0,https://x.com/AlArabiya_Brk/status/2022571766665596951,2026,2,2026-02-14,كاميرا العربية ترصد عودة الحياة إلى مدينة كادوقلي #العربية_عاجل,Al Arabiya camera monitors the return of life to the city of Kadugli #Al Arabiya_Breaking
2022544595154780440,alarabiya_brk,2026-02-14 07:33:03.203,الخارجية الروسية: نعمل مع الصين على تهيئة بيئة مناسبة للمحادثات بين واشنطن وطهران #العربية_عاجل,0,0,0,https://x.com/AlArabiya_Brk/status/2022544595154780440,2026,2,2026-02-14,الخارجية الروسية: نعمل مع الصين على تهيئة بيئة مناسبة للمحادثات بين واشنطن وطهران #العربية_عاجل,Russian Foreign Ministry: We are working with China to create a suitable environment for talks between Washington and Tehran #AlArabiya_Breaking
2022542117097050290,alarabiya_brk,2026-02-14 07:23:12.388,البرلمان الفنزويلي: تم الإفراج عن 17 سجينا قبل إقرار قانون العفو #العربية_عاجل,0,0,0,https://x.com/AlArabiya_Brk/status/2022542117097050290,2026,2,2026-02-14,البرلمان الفنزويلي: تم الإفراج عن 17 سجينا قبل إقرار قانون العفو #العربية_عاجل,Venezuelan Parliament: 17 prisoners were released before the amnesty law was passed #Arabic_Breaking
2022518659550220666,alarabiya_brk,2026-02-14 05:49:59.673,أكسيوس عن مسؤول أميركي: وزير خارجية عُمان سلم لاريجاني رسالة ويتكوف #العربية_عاجل,0,0,0,https://x.com/AlArabiya_Brk/status/2022518659550220666,2026,2,2026-02-14,أكسيوس عن مسؤول أميركي: وزير خارجية عُمان سلم لاريجاني رسالة ويتكوف #العربية_عاجل,"Axios, on the authority of an American official: The Foreign Minister of Oman delivered Witkoff’s message to Larijani #AlArabiya_Breaking"
2022518497432027253,alarabiya_brk,2026-02-14 05:49:21.021,أكسيوس عن مسؤول أميركي: ويتكوف سلم وزير خارجية عُمان رسائل للإيرانيين #العربية_عاجل,0,0,0,https://x.com/AlArabiya_Brk/status/2022518497432027253,2026,2,2026-02-14,أكسيوس عن مسؤول أميركي: ويتكوف سلم وزير خارجية عُمان رسائل للإيرانيين #العربية_عاجل,"Axios, on the authority of an American official: Witkoff delivered messages to the Iranians from Oman’s Foreign Minister #AlArabiya_Breaking"
2022518375079895081,alarabiya_brk,2026-02-14 05:48:51.850,أكسيوس: من المتوقع حضور وزير خارجية عُمان محادثات أميركا وإيران الثلاثاء في جنيف #العربية_عاجل,0,0,0,https://x.com/AlArabiya_Brk/status/2022518375079895081,2026,2,2026-02-14,أكسيوس: من المتوقع حضور وزير خارجية عُمان محادثات أميركا وإيران الثلاثاء في جنيف #العربية_عاجل,Axios: The Omani Foreign Minister is expected to attend the US-Iran talks on Tuesday in Geneva #AlArabiya_Breaking
2022518049190858840,alarabiya_brk,2026-02-14 05:47:34.152,أكسيوس: عراقجي سيترأس الوفد الإيراني في محادثات جنيف مع أميركا #العربية_عاجل,0,0,0,https://x.com/AlArabiya_Brk/status/2022518049190858840,2026,2,2026-02-14,أكسيوس: عراقجي سيترأس الوفد الإيراني في محادثات جنيف مع أميركا #العربية_عاجل,Axios: Araqchi will head the Iranian delegation in the Geneva talks with America #AlArabiya_Breaking
2022494219495973163,alarabiya_brk,2026-02-14 04:12:52.710,الأمم المتحدة: يجب زيادة التمويل لدعم الأسر النازحة في كل السودان #العربية_عاجل,0,0,0,https://x.com/AlArabiya_Brk/status/2022494219495973163,2026,2,2026-02-14,الأمم المتحدة: يجب زيادة التمويل لدعم الأسر النازحة في كل السودان #العربية_عاجل,United Nations: Funding must be increased to support displaced families throughout Sudan #AlArabiya_Urgent
2022494006958068202,alarabiya_brk,2026-02-14 04:12:02.037,الأمم المتحدة: الوضع الإنساني في الدلنج وكادوقلي متدهور #العربية_عاجل,0,0,0,https://x.com/AlArabiya_Brk/status/2022494006958068202,2026,2,2026-02-14,الأمم المتحدة: الوضع الإنساني في الدلنج وكادوقلي متدهور #العربية_عاجل,United Nations: The humanitarian situation in Dilling and Kadugli is deteriorating #AlArabiya_Breaking
2022493792419336652,alarabiya_brk,2026-02-14 04:11:10.887,الأمم المتحدة: العنف في السودان يتسبب في موجات نزوح جديدة #العربية_عاجل,0,0,0,https://x.com/AlArabiya_Brk/status/2022493792419336652,2026,2,2026-02-14,الأمم المتحدة: العنف في السودان يتسبب في موجات نزوح جديدة #العربية_عاجل,United Nations: Violence in Sudan is causing new waves of displacement #AlArabiya_Breaking
2022488285486965178,alarabiya_brk,2026-02-14 03:49:17.932,وزير خارجية الصين: يجب على بكين وأوروبا تعميق التعاون #العربية_عاجل,0,0,0,https://x.com/AlArabiya_Brk/status/2022488285486965178,2026,2,2026-02-14,وزير خارجية الصين: يجب على بكين وأوروبا تعميق التعاون #العربية_عاجل,Chinese Foreign Minister: Beijing and Europe must deepen cooperation #Arabic_Breaking
2022488197570105438,alarabiya_brk,2026-02-14 03:48:56.971,وزير خارجية الصين: يجب على بكين وأوروبا العمل معا لمواجهة التحديات العالمية #العربية_عاجل,0,0,0,https://x.com/AlArabiya_Brk/status/2022488197570105438,2026,2,2026-02-14,وزير خارجية الصين: يجب على بكين وأوروبا العمل معا لمواجهة التحديات العالمية #العربية_عاجل,Chinese Foreign Minister: Beijing and Europe must work together to confront global challenges #AlArabiya_Breaking
2022488113948299599,alarabiya_brk,2026-02-14 03:48:37.034,وزير خارجية الصين: يجب على بكين وأوروبا معالجة الخلافات بشكل صحيح #العربية_عاجل,0,0,0,https://x.com/AlArabiya_Brk/status/2022488113948299599,2026,2,2026-02-14,وزير خارجية الصين: يجب على بكين وأوروبا معالجة الخلافات بشكل صحيح #العربية_عاجل,Chinese Foreign Minister: Beijing and Europe must properly address differences #AlArabiya_Urgent
2022487395350831532,alarabiya_brk,2026-02-14 03:45:45.707,وزير خارجية الصين: التحديات أمام أوروبا ليست بسببنا #العربية_عاجل,0,0,0,https://x.com/AlArabiya_Brk/status/2022487395350831532,2026,2,2026-02-14,وزير خارجية الصين: التحديات أمام أوروبا ليست بسببنا #العربية_عاجل,Chinese Foreign Minister: The challenges facing Europe are not because of us #AlArabiya_Breaking
2022487270280810653,alarabiya_brk,2026-02-14 03:45:15.888,وزير خارجية الصين: تطور بلادنا فرصة لأوروبا #العربية_عاجل,0,0,0,https://x.com/AlArabiya_Brk/status/2022487270280810653,2026,2,2026-02-14,وزير خارجية الصين: تطور بلادنا فرصة لأوروبا #العربية_عاجل,Chinese Foreign Minister: Our country's development is an opportunity for Europe #AlArabiya_Breaking
2022487130274996230,alarabiya_brk,2026-02-14 03:44:42.508,وزير خارجية الصين: التعاون مع أوروبا لا يقوض الأمن #العربية_عاجل,0,0,0,https://x.com/AlArabiya_Brk/status/2022487130274996230,2026,2,2026-02-14,وزير خارجية الصين: التعاون مع أوروبا لا يقوض الأمن #العربية_عاجل,Chinese Foreign Minister: Cooperation with Europe does not undermine security #Arabic_Breaking
2022486668679209093,alarabiya_brk,2026-02-14 03:42:52.455,وزير خارجية الصين: بكين وأوروبا شريكان وليسا خصمين #العربية_عاجل,0,0,0,https://x.com/AlArabiya_Brk/status/2022486668679209093,2026,2,2026-02-14,وزير خارجية الصين: بكين وأوروبا شريكان وليسا خصمين #العربية_عاجل,"Chinese Foreign Minister: Beijing and Europe are partners, not adversaries #AlArabiya_Breaking"
2022486564211720610,alarabiya_brk,2026-02-14 03:42:27.548,وزير خارجية الصين يجتمع مع نظيريه الألماني والفرنسي على هامش مؤتمر ميونخ #العربية_عاجل,0,0,0,https://x.com/AlArabiya_Brk/status/2022486564211720610,2026,2,2026-02-14,وزير خارجية الصين يجتمع مع نظيريه الألماني والفرنسي على هامش مؤتمر ميونخ #العربية_عاجل,The Chinese Foreign Minister meets with his German and French counterparts on the sidelines of the Munich Conference #AlArabiya_Breaking
2022483807467651340,alarabiya_brk,2026-02-14 03:31:30.289,أميركا: نستبعد تطبيق قواعد مشددة لدخول السائحين للبلاد قبل منتصف العام #العربية_عاجل,0,0,0,https://x.com/AlArabiya_Brk/status/2022483807467651340,2026,2,2026-02-14,أميركا: نستبعد تطبيق قواعد مشددة لدخول السائحين للبلاد قبل منتصف العام #العربية_عاجل,America: We rule out implementing strict rules for tourists to enter the country before the middle of the year #AlArabiya_Breaking
2022480780023263331,alarabiya_brk,2026-02-14 03:19:28.490,واشنطن: مقتل 3 في ضربات استهدفت قاربا يهرب المخدرات بالكاريبي #العربية_عاجل,0,0,0,https://x.com/AlArabiya_Brk/status/2022480780023263331,2026,2,2026-02-14,واشنطن: مقتل 3 في ضربات استهدفت قاربا يهرب المخدرات بالكاريبي #العربية_عاجل,Washington: 3 killed in strikes targeting a boat smuggling drugs in the Caribbean #AlArabiya_Breaking
2022476664458956807,alarabiya_brk,2026-02-14 03:03:07.263,مبعوث بوتين: الاتحاد الأوروبي فقد أهميته لتحريضه المستمر على الحرب #العربية_عاجل,0,0,0,https://x.com/AlArabiya_Brk/status/2022476664458956807,2026,2,2026-02-14,مبعوث بوتين: الاتحاد الأوروبي فقد أهميته لتحريضه المستمر على الحرب #العربية_عاجل,Putin's envoy: The European Union has lost its importance due to its continued incitement to the #Arab_war_urgent
2022461754236698960,alarabiya_brk,2026-02-14 02:03:52.389,مندوب أميركا بالناتو: لست مقتنعا بأن الروس مستعدون لإبرام اتفاق #العربية_عاجل,0,0,0,https://x.com/AlArabiya_Brk/status/2022461754236698960,2026,2,2026-02-14,مندوب أميركا بالناتو: لست مقتنعا بأن الروس مستعدون لإبرام اتفاق #العربية_عاجل,America's delegate to NATO: I am not convinced that the Russians are ready to conclude an agreement #AlArabiya_Urgent
2022461606395875371,alarabiya_brk,2026-02-14 02:03:17.141,مندوب أميركا بالناتو: روسيا قد لا تكون مستعدة أبدا لاتفاق سلام مع أوكرانيا #العربية_عاجل,0,0,0,https://x.com/AlArabiya_Brk/status/2022461606395875371,2026,2,2026-02-14,مندوب أميركا بالناتو: روسيا قد لا تكون مستعدة أبدا لاتفاق سلام مع أوكرانيا #العربية_عاجل,America's representative to NATO: Russia may never be ready for a peace agreement with Ukraine #Al-Arabiya_Urgent
2022457940658037075,alarabiya_brk,2026-02-14 01:48:43.161,رويترز: ويتكوف وكوشنر يلتقيان الثلاثاء في جنيف ممثلين عن روسيا وأوكرانيا #العربية_عاجل,0,0,0,https://x.com/AlArabiya_Brk/status/2022457940658037075,2026,2,2026-02-14,رويترز: ويتكوف وكوشنر يلتقيان الثلاثاء في جنيف ممثلين عن روسيا وأوكرانيا #العربية_عاجل,"Reuters: Witkov and Kushner meet Tuesday in Geneva, representatives of Russia and Ukraine #AlArabiya_Breaking"
2022457794457182521,alarabiya_brk,2026-02-14 01:48:08.304,رويترز: ويتكوف وكوشنر يلتقيان الثلاثاء وفدا إيرانيا في جنيف #العربية_عاجل,0,0,0,https://x.com/AlArabiya_Brk/status/2022457794457182521,2026,2,2026-02-14,رويترز: ويتكوف وكوشنر يلتقيان الثلاثاء وفدا إيرانيا في جنيف #العربية_عاجل,Reuters: Witkoff and Kushner meet on Tuesday with an Iranian delegation in Geneva #AlArabiya_Breaking
2022457493993971870,alarabiya_brk,2026-02-14 01:46:56.668,رويترز: وفد أميركي بقيادة ويتكوف وكوشنر سيلتقي الثلاثاء بوفد إيراني #العربية_عاجل,0,0,0,https://x.com/AlArabiya_Brk/status/2022457493993971870,2026,2,2026-02-14,رويترز: وفد أميركي بقيادة ويتكوف وكوشنر سيلتقي الثلاثاء بوفد إيراني #العربية_عاجل,Reuters: An American delegation led by Witkoff and Kushner will meet on Tuesday with an Iranian delegation #AlArabiya_Breaking
2022453081833689549,alarabiya_brk,2026-02-14 01:29:24.727,زيلينسكي لـ بوليتيكو: سنصمد أمام بوتين  #العربية_عاجل,0,0,0,https://x.com/AlArabiya_Brk/status/2022453081833689549,2026,2,2026-02-14,زيلينسكي لـ بوليتيكو: سنصمد أمام بوتين  #العربية_عاجل,Zelensky to Politico: We will withstand Putin #AlArabiya_Breaking
2022452949008388573,alarabiya_brk,2026-02-14 01:28:53.059,زيلينسكي لـ بوليتيكو: روسيا تماطل أميركا في مفاوضات إنهاء الحرب #العربية_عاجل,0,0,0,https://x.com/AlArabiya_Brk/status/2022452949008388573,2026,2,2026-02-14,زيلينسكي لـ بوليتيكو: روسيا تماطل أميركا في مفاوضات إنهاء الحرب #العربية_عاجل,Zelensky to Politico: Russia is stalling America in negotiations to end the war #Al-Arabiya_Breaking
2022452801658396899,alarabiya_brk,2026-02-14 01:28:17.928,زيلينسكي لـ بوليتيكو: أقترح تحرك الكونغرس الأميركي لتعزيز الضمانات  #العربية_عاجل,0,0,0,https://x.com/AlArabiya_Brk/status/2022452801658396899,2026,2,2026-02-14,زيلينسكي لـ بوليتيكو: أقترح تحرك الكونغرس الأميركي لتعزيز الضمانات  #العربية_عاجل,Zelensky to Politico: I suggest that the US Congress move to strengthen guarantees #Al-Arabiya_Breaking
2022452594250072445,alarabiya_brk,2026-02-14 01:27:28.478,زيلينسكي لـ بوليتيكو: أوكرانيا وحدها هي التي تدافع الآن عن أوروبا  #العربية_عاجل,0,0,0,https://x.com/AlArabiya_Brk/status/2022452594250072445,2026,2,2026-02-14,زيلينسكي لـ بوليتيكو: أوكرانيا وحدها هي التي تدافع الآن عن أوروبا  #العربية_عاجل,Zelensky to Politico: Only Ukraine is now defending Europe #Arab_Breaking
2022452458585280894,alarabiya_brk,2026-02-14 01:26:56.133,زيلينسكي لـ بوليتيكو: أميركا وحدها هي التي تمتلك القوة لوقف الحرب #العربية_عاجل,0,0,0,https://x.com/AlArabiya_Brk/status/2022452458585280894,2026,2,2026-02-14,زيلينسكي لـ بوليتيكو: أميركا وحدها هي التي تمتلك القوة لوقف الحرب #العربية_عاجل,Zelensky to Politico: Only America has the power to stop the #Arab_war_urgent
2022452355673862225,alarabiya_brk,2026-02-14 01:26:31.597,زيلينسكي لـ بوليتيكو: أناشد إدارة ترمب بمزيد من الضغط على روسيا #العربية_عاجل,0,0,0,https://x.com/AlArabiya_Brk/status/2022452355673862225,2026,2,2026-02-14,زيلينسكي لـ بوليتيكو: أناشد إدارة ترمب بمزيد من الضغط على روسيا #العربية_عاجل,Zelensky to Politico: I appeal to the Trump administration to put more pressure on Russia #AlArabiya_Breaking
2022447695508512842,alarabiya_brk,2026-02-14 01:08:00.527,مسؤولون أميركيون: نستعد لاحتمال تنفيذ عمليات ضد إيران تستمر أسابيع إذا لزم الأمر #العربية_عاجل,0,0,0,https://x.com/AlArabiya_Brk/status/2022447695508512842,2026,2,2026-02-14,مسؤولون أميركيون: نستعد لاحتمال تنفيذ عمليات ضد إيران تستمر أسابيع إذا لزم الأمر #العربية_عاجل,American officials: We are preparing for the possibility of carrying out operations against Iran that will last weeks if necessary #Al-Arabiya_Breaking
2022443056637587847,alarabiya_brk,2026-02-14 00:49:34.534,NBC: لا خطط لوزارة الأمن الداخلي لعمليات ترحيل إضافية كبيرة بمدن محددة #العربية_عاجل,0,0,0,https://x.com/AlArabiya_Brk/status/2022443056637587847,2026,2,2026-02-14,NBC: لا خطط لوزارة الأمن الداخلي لعمليات ترحيل إضافية كبيرة بمدن محددة #العربية_عاجل,NBC: The Department of Homeland Security has no plans for additional large deportations in specific cities #AlArabiya_Breaking
2022440555465126044,alarabiya_brk,2026-02-14 00:39:38.208,مندوب أميركا: سنعيد الأمم المتحدة إلى مسارها الصحيح #العربية_عاجل,0,0,0,https://x.com/AlArabiya_Brk/status/2022440555465126044,2026,2,2026-02-14,مندوب أميركا: سنعيد الأمم المتحدة إلى مسارها الصحيح #العربية_عاجل,American delegate: We will put the United Nations back on the right track #AlArabiya_Urgent
2022440467942551827,alarabiya_brk,2026-02-14 00:39:17.341,مندوب أميركا: الأمم المتحدة بحاجة إلى إعادة هيكلة #العربية_عاجل,0,0,0,https://x.com/AlArabiya_Brk/status/2022440467942551827,2026,2,2026-02-14,مندوب أميركا: الأمم المتحدة بحاجة إلى إعادة هيكلة #العربية_عاجل,American delegate: The United Nations needs to be restructured #Al-Arabiya_Urgent
2022438413106905468,alarabiya_brk,2026-02-14 00:31:07.430,ستارمر: يجب على أوروبا الحد من الاعتماد الدائم على أميركا #العربية_عاجل,0,0,0,https://x.com/AlArabiya_Brk/status/2022438413106905468,2026,2,2026-02-14,ستارمر: يجب على أوروبا الحد من الاعتماد الدائم على أميركا #العربية_عاجل,Starmer: Europe must reduce its permanent dependence on America #Arab_Urgent
2022419707719028777,alarabiya_brk,2026-02-13 23:16:47.718,ترمب: حاملة طائرات أخرى ستنطلق قريبا #العربية_عاجل,0,0,0,https://x.com/AlArabiya_Brk/status/2022419707719028777,2026,2,2026-02-13,ترمب: حاملة طائرات أخرى ستنطلق قريبا #العربية_عاجل,Trump: Another aircraft carrier will launch soon #Al-Arabiya_Breaking
2022419435370197210,alarabiya_brk,2026-02-13 23:15:42.785,ترمب بشأن إيران: تغيير النظام هو أفضل شيء يمكن أن يحصل #العربية_عاجل,0,0,0,https://x.com/AlArabiya_Brk/status/2022419435370197210,2026,2,2026-02-13,ترمب بشأن إيران: تغيير النظام هو أفضل شيء يمكن أن يحصل #العربية_عاجل,Trump on Iran: Regime change is the best thing that can happen #Arabic_Breaking
2022414162018684938,alarabiya_brk,2026-02-13 22:54:45.520,مسؤول أميركي: روبيو سيلتقي زيلينسكي غدا السبت في ميونخ #العربية_عاجل,0,0,0,https://x.com/AlArabiya_Brk/status/2022414162018684938,2026,2,2026-02-13,مسؤول أميركي: روبيو سيلتقي زيلينسكي غدا السبت في ميونخ #العربية_عاجل,"American official: Rubio will meet Zelensky tomorrow, Saturday, in Munich #AlArabiya_Breaking"
2022414009736004016,alarabiya_brk,2026-02-13 22:54:09.213,أ ف ب: حريق ضخم بمصفاة نفط في العاصمة الكوبية هافانا #العربية_عاجل,0,0,0,https://x.com/AlArabiya_Brk/status/2022414009736004016,2026,2,2026-02-13,أ ف ب: حريق ضخم بمصفاة نفط في العاصمة الكوبية هافانا #العربية_عاجل,"AFP: A huge fire at an oil refinery in the Cuban capital, Havana #AlArabiya_Breaking"
2022412561941934106,alarabiya_brk,2026-02-13 22:48:24.032,رئيس الاستخبارات الألمانية يحذر من تهديد روسي يستهدف انتخابات محلية #العربية_عاجل,0,0,0,https://x.com/AlArabiya_Brk/status/2022412561941934106,2026,2,2026-02-13,رئيس الاستخبارات الألمانية يحذر من تهديد روسي يستهدف انتخابات محلية #العربية_عاجل,The head of German intelligence warns of a Russian threat targeting local elections #Al-Arabiya_Breaking
2022411986055667921,alarabiya_brk,2026-02-13 22:46:06.730,مصدر فلسطيني للعربية: نبدأ من الثلاثاء تسيير أول رحلة عودة من القاهرة لغزة #العربية_عاجل,0,0,0,https://x.com/AlArabiya_Brk/status/2022411986055667921,2026,2,2026-02-13,مصدر فلسطيني للعربية: نبدأ من الثلاثاء تسيير أول رحلة عودة من القاهرة لغزة #العربية_عاجل,"A Palestinian source to Al-Arabiya: From Tuesday, we will start operating the first return flight from Cairo to Gaza #Al-Arabiya_Breaking"
2022411186025755066,alarabiya_brk,2026-02-13 22:42:55.988,قائد قسد: نشكر أميركا على دورها في دعم اتفاق الاندماج #العربية_عاجل,0,0,0,https://x.com/AlArabiya_Brk/status/2022411186025755066,2026,2,2026-02-13,قائد قسد: نشكر أميركا على دورها في دعم اتفاق الاندماج #العربية_عاجل,SDF Commander: We thank America for its role in supporting the integration agreement #Al-Arabiya_Urgent
2022410950901436490,alarabiya_brk,2026-02-13 22:41:59.930,قائد قسد: بحثنا مع الشيباني وروبيو التقدم في تنفيذ اتفاقية الاندماج #العربية_عاجل,0,0,0,https://x.com/AlArabiya_Brk/status/2022410950901436490,2026,2,2026-02-13,قائد قسد: بحثنا مع الشيباني وروبيو التقدم في تنفيذ اتفاقية الاندماج #العربية_عاجل,SDF Commander: We discussed with Al-Shaibani and Rubio the progress in implementing the merger agreement #Al-Arabiya_Breaking
2022410808806748567,alarabiya_brk,2026-02-13 22:41:26.052,قائد قسد: عقدنا اجتماعا مثمرا مع وزيري الخارجية السوري والأميركي #العربية_عاجل,0,0,0,https://x.com/AlArabiya_Brk/status/2022410808806748567,2026,2,2026-02-13,قائد قسد: عقدنا اجتماعا مثمرا مع وزيري الخارجية السوري والأميركي #العربية_عاجل,SDF Commander: We held a fruitful meeting with the Syrian and American Foreign Ministers #AlArabiya_Breaking
2022407295385137368,alarabiya_brk,2026-02-13 22:27:28.387,وزير خارجية العراق للعربية: نطرح أسئلة على الحكومة السورية #العربية_عاجل,0,0,0,https://x.com/AlArabiya_Brk/status/2022407295385137368,2026,2,2026-02-13,وزير خارجية العراق للعربية: نطرح أسئلة على الحكومة السورية #العربية_عاجل,Iraqi Foreign Minister to Al-Arabiya: We ask questions to the Syrian government #Al-Arabiya_Breaking
2022407122969928020,alarabiya_brk,2026-02-13 22:26:47.280,وزير خارجية العراق للعربية: علاقتنا مع الحكومة السورية طبيعية بين جارين #العربية_عاجل,0,0,0,https://x.com/AlArabiya_Brk/status/2022407122969928020,2026,2,2026-02-13,وزير خارجية العراق للعربية: علاقتنا مع الحكومة السورية طبيعية بين جارين #العربية_عاجل,Iraqi Foreign Minister to Al-Arabiya: Our relationship with the Syrian government is normal between two neighbors #Al-Arabiya_Breaking
2022406993026129924,alarabiya_brk,2026-02-13 22:26:16.299,وزير خارجية العراق للعربية: تم حل سوء التفاهم مع تركيا بعد تصريحات وزير خارجيتها #العربية_عاجل,0,0,0,https://x.com/AlArabiya_Brk/status/2022406993026129924,2026,2,2026-02-13,وزير خارجية العراق للعربية: تم حل سوء التفاهم مع تركيا بعد تصريحات وزير خارجيتها #العربية_عاجل,Iraqi Foreign Minister to Al-Arabiya: The misunderstanding with Türkiye was resolved after the statements of its Foreign Minister #Al-Arabiya_Breaking
2022406875560411396,alarabiya_brk,2026-02-13 22:25:48.293,وزير خارجية العراق للعربية: أميركا تريد التفاوض مع إيران على الصواريخ الباليستية #العربية_عاجل,0,0,0,https://x.com/AlArabiya_Brk/status/2022406875560411396,2026,2,2026-02-13,وزير خارجية العراق للعربية: أميركا تريد التفاوض مع إيران على الصواريخ الباليستية #العربية_عاجل,Iraqi Foreign Minister to Al-Arabiya: America wants to negotiate with Iran over ballistic missiles #Al-Arabiya_Breaking
2022406682509262910,alarabiya_brk,2026-02-13 22:25:02.266,وزير خارجية العراق للعربية: العقبة بين أميركا وإيران ليست البرنامج النووي #العربية_عاجل,0,0,0,https://x.com/AlArabiya_Brk/status/2022406682509262910,2026,2,2026-02-13,وزير خارجية العراق للعربية: العقبة بين أميركا وإيران ليست البرنامج النووي #العربية_عاجل,Iraqi Foreign Minister to Al-Arabiya: The obstacle between America and Iran is not the nuclear program #Al-Arabiya_Breaking
2022406498693874009,alarabiya_brk,2026-02-13 22:24:18.441,وزير خارجية العراق للعربية: بديل المفاوضات بين أميركا وإيران سيكون كارثيا #العربية_عاجل,0,0,0,https://x.com/AlArabiya_Brk/status/2022406498693874009,2026,2,2026-02-13,وزير خارجية العراق للعربية: بديل المفاوضات بين أميركا وإيران سيكون كارثيا #العربية_عاجل,Iraqi Foreign Minister to Al-Arabiya: The alternative to negotiations between America and Iran would be disastrous #Al-Arabiya_Breaking
2022406364304212435,alarabiya_brk,2026-02-13 22:23:46.400,وزير خارجية العراق للعربية: واشنطن لا تفهم سياستنا اليوم #العربية_عاجل,0,0,0,https://x.com/AlArabiya_Brk/status/2022406364304212435,2026,2,2026-02-13,وزير خارجية العراق للعربية: واشنطن لا تفهم سياستنا اليوم #العربية_عاجل,Iraqi Foreign Minister to Al-Arabiya: Washington does not understand our policy today #Al-Arabiya_Breaking
2022406210004156766,alarabiya_brk,2026-02-13 22:23:09.612,وزير خارجية العراق للعربية: يجب أن نأخذ اعتراض واشنطن على المالكي بجدية #العربية_عاجل,0,0,0,https://x.com/AlArabiya_Brk/status/2022406210004156766,2026,2,2026-02-13,وزير خارجية العراق للعربية: يجب أن نأخذ اعتراض واشنطن على المالكي بجدية #العربية_عاجل,Iraqi Foreign Minister to Al-Arabiya: We must take Washington’s objection to Al-Maliki seriously #Al-Arabiya_Breaking
2022406050566058241,alarabiya_brk,2026-02-13 22:22:31.599,وزير خارجية العراق للعربية: يجب أن نأخذ الرأي الأميركي بعين الاعتبار عند تسمية رئيس حكومة #العربية_عاجل,0,0,0,https://x.com/AlArabiya_Brk/status/2022406050566058241,2026,2,2026-02-13,وزير خارجية العراق للعربية: يجب أن نأخذ الرأي الأميركي بعين الاعتبار عند تسمية رئيس حكومة #العربية_عاجل,Iraqi Foreign Minister to Al-Arabiya: We must take American opinion into account when naming a prime minister #Al-Arabiya_Urgent
2022405895422939258,alarabiya_brk,2026-02-13 22:21:54.610,وزير خارجية العراق للعربية: تأخير تشكيل الحكومة سببه اختلاف على تسمية رئيس الوزراء #العربية_عاجل,0,0,0,https://x.com/AlArabiya_Brk/status/2022405895422939258,2026,2,2026-02-13,وزير خارجية العراق للعربية: تأخير تشكيل الحكومة سببه اختلاف على تسمية رئيس الوزراء #العربية_عاجل,Iraqi Foreign Minister to Al-Arabiya: The delay in forming the government is due to a disagreement over naming the Prime Minister #Al-Arabiya_Breaking
2022405782247989288,alarabiya_brk,2026-02-13 22:21:27.627,وزير خارجية العراق للعربية: سنحاكم عناصر داعش الذين سترفض دولهم استقبالهم #العربية_عاجل,0,0,0,https://x.com/AlArabiya_Brk/status/2022405782247989288,2026,2,2026-02-13,وزير خارجية العراق للعربية: سنحاكم عناصر داعش الذين سترفض دولهم استقبالهم #العربية_عاجل,Iraqi Foreign Minister to Al-Arabiya: We will prosecute ISIS members whose countries will refuse to receive them #Al-Arabiya_Breaking
2022405644226072969,alarabiya_brk,2026-02-13 22:20:54.720,وزير خارجية العراق للعربية: دول أوروبية تستخدم القانون كحجة لعدم استلام مواطنيها من داعش #العربية_عاجل,0,0,0,https://x.com/AlArabiya_Brk/status/2022405644226072969,2026,2,2026-02-13,وزير خارجية العراق للعربية: دول أوروبية تستخدم القانون كحجة لعدم استلام مواطنيها من داعش #العربية_عاجل,Iraqi Foreign Minister to Al-Arabiya: European countries use the law as an excuse not to receive their citizens from ISIS #Al-Arabiya_Breaking
2022405491817640050,alarabiya_brk,2026-02-13 22:20:18.383,وزير خارجية العراق للعربية: سجناء داعش الذين نقلوا لبلادنا يخضعون للقانون العراقي #العربية_عاجل,0,0,0,https://x.com/AlArabiya_Brk/status/2022405491817640050,2026,2,2026-02-13,وزير خارجية العراق للعربية: سجناء داعش الذين نقلوا لبلادنا يخضعون للقانون العراقي #العربية_عاجل,Iraqi Foreign Minister to Al-Arabiya: ISIS prisoners who were transferred to our country are subject to Iraqi law #Al-Arabiya_Breaking
2022405358707159316,alarabiya_brk,2026-02-13 22:19:46.647,وزير خارجية العراق للعربية: نتوقع رفض بعض الدول استعادة مواطنيها من عناصر داعش #العربية_عاجل,0,0,0,https://x.com/AlArabiya_Brk/status/2022405358707159316,2026,2,2026-02-13,وزير خارجية العراق للعربية: نتوقع رفض بعض الدول استعادة مواطنيها من عناصر داعش #العربية_عاجل,Iraqi Foreign Minister to Al-Arabiya: We expect that some countries will refuse to take back their citizens from ISIS members #Al-Arabiya_Breaking
2022405181372072222,alarabiya_brk,2026-02-13 22:19:04.367,وزير خارجية العراق للعربية: عناصر داعش ينتمون لأكثر من 40 دولة #العربية_عاجل,0,0,0,https://x.com/AlArabiya_Brk/status/2022405181372072222,2026,2,2026-02-13,وزير خارجية العراق للعربية: عناصر داعش ينتمون لأكثر من 40 دولة #العربية_عاجل,Iraqi Foreign Minister to Al-Arabiya: ISIS members belong to more than 40 countries #Al-Arabiya_Breaking
2022397174667989485,alarabiya_brk,2026-02-13 21:47:15.420,تسريبات العربية: كبار ضباط نظام الأسد في إيران وروسيا #العربية_عاجل,0,0,0,https://x.com/AlArabiya_Brk/status/2022397174667989485,2026,2,2026-02-13,تسريبات العربية: كبار ضباط نظام الأسد في إيران وروسيا #العربية_عاجل,Al-Arabiya leaks: Senior officers of the Assad regime in Iran and Russia #Al-Arabiya_Breaking
2022396655316684813,alarabiya_brk,2026-02-13 21:45:11.597,"تسريبات العربية: ""النمر"" لم يكن يعلم بوجود الأسد في اللقاء مع بوتين بحميميم #العربية_عاجل",0,0,0,https://x.com/AlArabiya_Brk/status/2022396655316684813,2026,2,2026-02-13,"تسريبات العربية: ""النمر"" لم يكن يعلم بوجود الأسد في اللقاء مع بوتين بحميميم #العربية_عاجل",Al-Arabiya leaks: “The Tiger” was not aware of Assad’s presence in the meeting with Putin in Hmeimim #Al-Arabiya_Breaking
2022396567316050146,alarabiya_brk,2026-02-13 21:44:50.616,"تسريبات العربية: الأسد لم يكن يعلم بوجود ""النمر"" في اللقاء مع بوتين بحميميم #العربية_عاجل",0,0,0,https://x.com/AlArabiya_Brk/status/2022396567316050146,2026,2,2026-02-13,"تسريبات العربية: الأسد لم يكن يعلم بوجود ""النمر"" في اللقاء مع بوتين بحميميم #العربية_عاجل",Al-Arabiya leaks: Al-Assad did not know about the presence of the “Tiger” in the meeting with Putin in Hmeimim #Al-Arabiya_Breaking
2022396479164358667,alarabiya_brk,2026-02-13 21:44:29.599,"تسريبات العربية: الأسد لم يكن على علم بعلاقة ""النمر"" القوية مع الروس #العربية_عاجل",0,0,0,https://x.com/AlArabiya_Brk/status/2022396479164358667,2026,2,2026-02-13,"تسريبات العربية: الأسد لم يكن على علم بعلاقة ""النمر"" القوية مع الروس #العربية_عاجل",Al-Arabiya leaks: Al-Assad was not aware of the “Tiger’s” strong relationship with the Russians #Al-Arabiya_Breaking
2022395845216227746,alarabiya_brk,2026-02-13 21:41:58.454,تسريبات العربية: سهيل الحسن كان على عداوة مع ماهر الأسد #العربية_عاجل,0,0,0,https://x.com/AlArabiya_Brk/status/2022395845216227746,2026,2,2026-02-13,تسريبات العربية: سهيل الحسن كان على عداوة مع ماهر الأسد #العربية_عاجل,Al-Arabiya leaks: Suhail Al-Hassan was at enmity with Maher Al-Assad #Al-Arabiya_Breaking
2022394891477610732,alarabiya_brk,2026-02-13 21:38:11.065,تسريبات العربية: سهيل الحسن كان يقول إنه يخشى اغتياله من قبل الأسد #العربية_عاجل,0,0,0,https://x.com/AlArabiya_Brk/status/2022394891477610732,2026,2,2026-02-13,تسريبات العربية: سهيل الحسن كان يقول إنه يخشى اغتياله من قبل الأسد #العربية_عاجل,Al-Arabiya leaks: Suhail Al-Hassan was saying that he feared being assassinated by Assad #Al-Arabiya_Breaking
2022393406727528855,alarabiya_brk,2026-02-13 21:32:17.073,تسريبات حصرية للعربية: الأسد كان يقضي على كل من يشكل خطرا عليه #العربية_عاجل,0,0,0,https://x.com/AlArabiya_Brk/status/2022393406727528855,2026,2,2026-02-13,تسريبات حصرية للعربية: الأسد كان يقضي على كل من يشكل خطرا عليه #العربية_عاجل,Exclusive leaks to Al-Arabiya: Al-Assad was eliminating everyone who posed a threat to him #Al-Arabiya_Breaking
2022393319507038226,alarabiya_brk,2026-02-13 21:31:56.278,"تسريبات العربية: لونا الشبل منعت ظهور ""النمر"" على الإعلام الرسمي #العربية_عاجل",0,0,0,https://x.com/AlArabiya_Brk/status/2022393319507038226,2026,2,2026-02-13,"تسريبات العربية: لونا الشبل منعت ظهور ""النمر"" على الإعلام الرسمي #العربية_عاجل",Al-Arabiya leaks: Luna Al-Shibl prevented “The Tiger” from appearing on official media #Al-Arabiya_Breaking
2022393234614280233,alarabiya_brk,2026-02-13 21:31:36.038,"تسريبات العربية: لونا الشبل كانت تقول إن ""النمر"" يريد منصب بشار الأسد #العربية_عاجل",0,0,0,https://x.com/AlArabiya_Brk/status/2022393234614280233,2026,2,2026-02-13,"تسريبات العربية: لونا الشبل كانت تقول إن ""النمر"" يريد منصب بشار الأسد #العربية_عاجل",Al-Arabiya leaks: Luna Al-Shibl was saying that “The Tiger” wants the position of Bashar Al-Assad #Al-Arabiya_Breaking
2022392958381662319,alarabiya_brk,2026-02-13 21:30:30.179,"تسريبات حصرية للعربية: الأسد كان يخاف من أن يحل ""النمر"" مكانه #العربية_عاجل",0,0,0,https://x.com/AlArabiya_Brk/status/2022392958381662319,2026,2,2026-02-13,"تسريبات حصرية للعربية: الأسد كان يخاف من أن يحل ""النمر"" مكانه #العربية_عاجل",Exclusive leaks to Al-Arabiya: Al-Assad was afraid that the “Tiger” would replace him #Al-Arabiya_Breaking
2022391085406831009,alarabiya_brk,2026-02-13 21:23:03.627,تسريبات العربية: الطيران كان يلقي براميل متفجرة يصل وزنها إلى طن #العربية_عاجل,0,0,0,https://x.com/AlArabiya_Brk/status/2022391085406831009,2026,2,2026-02-13,تسريبات العربية: الطيران كان يلقي براميل متفجرة يصل وزنها إلى طن #العربية_عاجل,Al-Arabiya leaks: Aviation was dropping explosive barrels weighing up to a ton #Al-Arabiya_Breaking
2022390771559600541,alarabiya_brk,2026-02-13 21:21:48.800,"تسريبات العربية: ""النمر"" استقطب المقاتلين عبر جمعية البستان الخيرية #العربية_عاجل",0,0,0,https://x.com/AlArabiya_Brk/status/2022390771559600541,2026,2,2026-02-13,"تسريبات العربية: ""النمر"" استقطب المقاتلين عبر جمعية البستان الخيرية #العربية_عاجل",Al-Arabiya leaks: “The Tiger” attracted fighters through the Al-Bustan Charitable Society #Al-Arabiya_Breaking
2022390073031831579,alarabiya_brk,2026-02-13 21:19:02.258,"تسريبات حصرية للعربية: سهيل الحسن صاحب فكرة ""البراميل المتفجرة"" #العربية_عاجل",0,0,0,https://x.com/AlArabiya_Brk/status/2022390073031831579,2026,2,2026-02-13,"تسريبات حصرية للعربية: سهيل الحسن صاحب فكرة ""البراميل المتفجرة"" #العربية_عاجل","Exclusive leaks to Al-Arabiya: Suhail Al-Hassan, the owner of the idea of ​​“explosive barrels” #Al-Arabiya_Breaking"
2022389893222023622,alarabiya_brk,2026-02-13 21:18:19.388,تسريبات العربية: الجيش الروسي كان الداعم الأول لسهيل الحسن #العربية_عاجل,0,0,0,https://x.com/AlArabiya_Brk/status/2022389893222023622,2026,2,2026-02-13,تسريبات العربية: الجيش الروسي كان الداعم الأول لسهيل الحسن #العربية_عاجل,Al-Arabiya leaks: The Russian army was the first supporter of Suhail Al-Hassan #Al-Arabiya_Breaking
2022389582222725493,alarabiya_brk,2026-02-13 21:17:05.240,تسريبات العربية: حتى الطيران الروسي كان يتحرك بأمر من سهيل الحسن #العربية_عاجل,0,0,0,https://x.com/AlArabiya_Brk/status/2022389582222725493,2026,2,2026-02-13,تسريبات العربية: حتى الطيران الروسي كان يتحرك بأمر من سهيل الحسن #العربية_عاجل,Al-Arabiya leaks: Even Russian aviation was moving on the orders of Suhail Al-Hassan #Al-Arabiya_Breaking
2022388406806806674,alarabiya_brk,2026-02-13 21:12:24.999,تسريبات حصرية.. العربية تكشف المزيد من أسرار نظام الأسد #العربية_عاجل,0,0,0,https://x.com/AlArabiya_Brk/status/2022388406806806674,2026,2,2026-02-13,تسريبات حصرية.. العربية تكشف المزيد من أسرار نظام الأسد #العربية_عاجل,Exclusive leaks.. Al-Arabiya reveals more secrets of the Assad regime #Al-Arabiya_Breaking
2022386318756417989,alarabiya_brk,2026-02-13 21:04:07.169,ترمب: إيران صعبة بمحادثات التوصل لاتفاق #العربية_عاجل,0,0,0,https://x.com/AlArabiya_Brk/status/2022386318756417989,2026,2,2026-02-13,ترمب: إيران صعبة بمحادثات التوصل لاتفاق #العربية_عاجل,Trump: Iran is difficult in talks to reach an agreement #Al-Arabiya_Urgent
2022381982534029718,alarabiya_brk,2026-02-13 20:46:53.333,ماكرون: يجب إعادة هيكلة نظام الأمن الأوروبي #العربية_عاجل,0,0,0,https://x.com/AlArabiya_Brk/status/2022381982534029718,2026,2,2026-02-13,ماكرون: يجب إعادة هيكلة نظام الأمن الأوروبي #العربية_عاجل,Macron: The European security system must be restructured #Arabic_Breaking
2022378172323336513,alarabiya_brk,2026-02-13 20:31:44.908,ماكرون: علينا تحديد قواعد للتعايش مع روسيا إذا وصلنا لسلام في أوكرانيا #العربية_عاجل,0,0,0,https://x.com/AlArabiya_Brk/status/2022378172323336513,2026,2,2026-02-13,ماكرون: علينا تحديد قواعد للتعايش مع روسيا إذا وصلنا لسلام في أوكرانيا #العربية_عاجل,Macron: We must define rules for coexistence with Russia if we reach peace in Ukraine #AlArabiya_Breaking
2022377800087277816,alarabiya_brk,2026-02-13 20:30:16.160,ماكرون: فتحت خط اتصال مباشر مع روسيا #العربية_عاجل,0,0,0,https://x.com/AlArabiya_Brk/status/2022377800087277816,2026,2,2026-02-13,ماكرون: فتحت خط اتصال مباشر مع روسيا #العربية_عاجل,Macron: I opened a direct line of communication with Russia #Al-Arabiya_Urgent
2022377608365699220,alarabiya_brk,2026-02-13 20:29:30.450,ممثل مجلس سلام غزة: لا خيار أمامنا سوى نزع السلاح #العربية_عاجل,0,0,0,https://x.com/AlArabiya_Brk/status/2022377608365699220,2026,2,2026-02-13,ممثل مجلس سلام غزة: لا خيار أمامنا سوى نزع السلاح #العربية_عاجل,Representative of the Gaza Peace Council: We have no choice but to disarm #AlArabiya_Urgent
2022375235454918931,alarabiya_brk,2026-02-13 20:20:04.704,ماكرون: على العالم التعامل مع أوروبا كمثال يحتذى به #العربية_عاجل,0,0,0,https://x.com/AlArabiya_Brk/status/2022375235454918931,2026,2,2026-02-13,ماكرون: على العالم التعامل مع أوروبا كمثال يحتذى به #العربية_عاجل,Macron: The world must deal with Europe as an example to follow #AlArabiya_Urgent
2022369940766887989,alarabiya_brk,2026-02-13 19:59:02.352,الأمم المتحدة: لدينا أسباب معقولة للاعتقاد بأن الدعم السريع ارتكبت ما يرقى لجرائم حرب #العربية_عاجل,0,0,0,https://x.com/AlArabiya_Brk/status/2022369940766887989,2026,2,2026-02-13,الأمم المتحدة: لدينا أسباب معقولة للاعتقاد بأن الدعم السريع ارتكبت ما يرقى لجرائم حرب #العربية_عاجل,United Nations: We have reasonable grounds to believe that the Rapid Support committed what amounts to war crimes #AlArabiya_Breaking
2022369095258112296,alarabiya_brk,2026-02-13 19:55:40.767,الأمم المتحدة: جرائم الدعم السريع شملت العنف الجنسي والاغتصاب #العربية_عاجل,0,0,0,https://x.com/AlArabiya_Brk/status/2022369095258112296,2026,2,2026-02-13,الأمم المتحدة: جرائم الدعم السريع شملت العنف الجنسي والاغتصاب #العربية_عاجل,United Nations: Rapid Support crimes included sexual violence and rape #AlArabiya_Breaking
2022368867389931852,alarabiya_brk,2026-02-13 19:54:46.439,الأمم المتحدة: الدعم السريع جندت الأطفال واستخدمتهم في المعارك #العربية_عاجل,0,0,0,https://x.com/AlArabiya_Brk/status/2022368867389931852,2026,2,2026-02-13,الأمم المتحدة: الدعم السريع جندت الأطفال واستخدمتهم في المعارك #العربية_عاجل,United Nations: Rapid Support recruited children and used them in battles #Al-Arabiya_Breaking
2022368753657270748,alarabiya_brk,2026-02-13 19:54:19.323,الأمم المتحدة: الدعم السريع استخدمت التجويع كأسلوب من أساليب الحرب #العربية_عاجل,0,0,0,https://x.com/AlArabiya_Brk/status/2022368753657270748,2026,2,2026-02-13,الأمم المتحدة: الدعم السريع استخدمت التجويع كأسلوب من أساليب الحرب #العربية_عاجل,United Nations: Rapid Support used starvation as a method of war #Al-Arabiya_Breaking
2022368581485244743,alarabiya_brk,2026-02-13 19:53:38.274,الأمم المتحدة: قوات الدعم السريع نفذت هجمات متعمدة ضد المدنيين #العربية_عاجل,0,0,0,https://x.com/AlArabiya_Brk/status/2022368581485244743,2026,2,2026-02-13,الأمم المتحدة: قوات الدعم السريع نفذت هجمات متعمدة ضد المدنيين #العربية_عاجل,United Nations: The Rapid Support Forces carried out deliberate attacks against civilians #AlArabiya_Breaking
2022365679865696415,alarabiya_brk,2026-02-13 19:42:06.474,الخارجية السورية: روبيو اجتمع مع الشيباني وعبدي في ميونخ #العربية_عاجل,0,0,0,https://x.com/AlArabiya_Brk/status/2022365679865696415,2026,2,2026-02-13,الخارجية السورية: روبيو اجتمع مع الشيباني وعبدي في ميونخ #العربية_عاجل,Syrian Foreign Ministry: Rubio met with Al-Shaibani and Abdi in Munich #Al-Arabiya_Breaking
2022364784562245982,alarabiya_brk,2026-02-13 19:38:33.017,ترمب: سأزور فنزويلا لكن الوقت لم يتحدد بعد #العربية_عاجل,0,0,0,https://x.com/AlArabiya_Brk/status/2022364784562245982,2026,2,2026-02-13,ترمب: سأزور فنزويلا لكن الوقت لم يتحدد بعد #العربية_عاجل,"Trump: I will visit Venezuela, but the time has not been determined yet #AlArabiya_Breaking"
2022362578932879709,alarabiya_brk,2026-02-13 19:29:47.154,ترمب: سيكون يوما سيئا على إيران إذا لم تنجح المفاوضات #العربية_عاجل,0,0,0,https://x.com/AlArabiya_Brk/status/2022362578932879709,2026,2,2026-02-13,ترمب: سيكون يوما سيئا على إيران إذا لم تنجح المفاوضات #العربية_عاجل,Trump: It will be a bad day for Iran if the negotiations do not succeed #Al-Arabiya_Breaking
2022362445696716843,alarabiya_brk,2026-02-13 19:29:15.388,ترمب: سيكون الأمر سيئا على إيران إذا لم تنجح المفاوضات #العربية_عاجل,0,0,0,https://x.com/AlArabiya_Brk/status/2022362445696716843,2026,2,2026-02-13,ترمب: سيكون الأمر سيئا على إيران إذا لم تنجح المفاوضات #العربية_عاجل,Trump: It will be bad for Iran if the negotiations do not succeed #Arab_Urgent
2022362356433453357,alarabiya_brk,2026-02-13 19:28:54.106,ترمب: نتفاوض مع أوروبا بشأن غرينلاند #العربية_عاجل,0,0,0,https://x.com/AlArabiya_Brk/status/2022362356433453357,2026,2,2026-02-13,ترمب: نتفاوض مع أوروبا بشأن غرينلاند #العربية_عاجل,Trump: We are negotiating with Europe about Greenland #AlArabiya_Breaking
2022361964953866603,alarabiya_brk,2026-02-13 19:27:20.770,ترمب: ننتظر تعيين رئيس وزراء جديد في العراق #العربية_عاجل,0,0,0,https://x.com/AlArabiya_Brk/status/2022361964953866603,2026,2,2026-02-13,ترمب: ننتظر تعيين رئيس وزراء جديد في العراق #العربية_عاجل,Trump: We are waiting for the appointment of a new prime minister in Iraq #AlArabiya_Breaking
2022361589815370036,alarabiya_brk,2026-02-13 19:25:51.330,ترمب: على زيلينسكي التحرك لإنهاء حرب أوكرانيا #العربية_عاجل,0,0,0,https://x.com/AlArabiya_Brk/status/2022361589815370036,2026,2,2026-02-13,ترمب: على زيلينسكي التحرك لإنهاء حرب أوكرانيا #العربية_عاجل,Trump: Zelensky must take action to end the Ukraine war #Al-Arabiya_Urgent
2022361317504369134,alarabiya_brk,2026-02-13 19:24:46.406,ترمب: أرسلت حاملة طائرات ثانية تحسبا لعدم التوصل لاتفاق مع إيران #العربية_عاجل,0,0,0,https://x.com/AlArabiya_Brk/status/2022361317504369134,2026,2,2026-02-13,ترمب: أرسلت حاملة طائرات ثانية تحسبا لعدم التوصل لاتفاق مع إيران #العربية_عاجل,Trump: A second aircraft carrier was sent in anticipation of not reaching an agreement with Iran #Al-Arabiya_Breaking
2022361153708400897,alarabiya_brk,2026-02-13 19:24:07.354,"سوريا.. تعيين ""نور الدين عيسى"" محافظا للحسكة #العربية_عاجل",0,0,0,https://x.com/AlArabiya_Brk/status/2022361153708400897,2026,2,2026-02-13,"سوريا.. تعيين ""نور الدين عيسى"" محافظا للحسكة #العربية_عاجل",Syria.. Appointment of Nour al-Din Issa as governor of Hasakah #Al-Arabiya_Breaking
2022359391756861837,alarabiya_brk,2026-02-13 19:17:07.272,وزير دفاع فنلندا للعربية: سياسة دفاع الناتو تسير بالاتجاه الصحيح #العربية_عاجل,0,0,0,https://x.com/AlArabiya_Brk/status/2022359391756861837,2026,2,2026-02-13,وزير دفاع فنلندا للعربية: سياسة دفاع الناتو تسير بالاتجاه الصحيح #العربية_عاجل,Finland's Defense Minister to Al-Arabiya: NATO's defense policy is moving in the right direction #Al-Arabiya_Breaking
2022358825957765121,alarabiya_brk,2026-02-13 19:14:52.375,ترمب: اقتصادنا يتحسن بشكل عظيم #العربية_عاجل,0,0,0,https://x.com/AlArabiya_Brk/status/2022358825957765121,2026,2,2026-02-13,ترمب: اقتصادنا يتحسن بشكل عظيم #العربية_عاجل,Trump: Our economy is improving greatly #Arabic_Breaking
2022355482334085455,alarabiya_brk,2026-02-13 19:01:35.193,ترمب: حاملة طائرات ثانية ستغادر قريبا إلى الشرق الأوسط #العربية_عاجل,0,0,0,https://x.com/AlArabiya_Brk/status/2022355482334085455,2026,2,2026-02-13,ترمب: حاملة طائرات ثانية ستغادر قريبا إلى الشرق الأوسط #العربية_عاجل,Trump: A second aircraft carrier will soon depart for the Middle East #AlArabiya_Breaking
2022355398703841519,alarabiya_brk,2026-02-13 19:01:15.254,ترمب: لدينا علاقة جيدة مع فنزويلا #العربية_عاجل,0,0,0,https://x.com/AlArabiya_Brk/status/2022355398703841519,2026,2,2026-02-13,ترمب: لدينا علاقة جيدة مع فنزويلا #العربية_عاجل,Trump: We have a good relationship with Venezuela #AlArabiya_Breaking
2022355211247870428,alarabiya_brk,2026-02-13 19:00:30.561,ترمب: نتفاوض مع أوروبا والأمور تسير باتجاه جيد #العربية_عاجل,0,0,0,https://x.com/AlArabiya_Brk/status/2022355211247870428,2026,2,2026-02-13,ترمب: نتفاوض مع أوروبا والأمور تسير باتجاه جيد #العربية_عاجل,Trump: We are negotiating with Europe and things are going in a good direction #AlArabiya_Breaking
2022347558777913809,alarabiya_brk,2026-02-13 18:30:06.070,غروسي: الاتفاق مع إيران بشأن التفتيش ممكن لكنه صعب #العربية_عاجل,0,0,0,https://x.com/AlArabiya_Brk/status/2022347558777913809,2026,2,2026-02-13,غروسي: الاتفاق مع إيران بشأن التفتيش ممكن لكنه صعب #العربية_عاجل,"Grossi: An agreement with Iran regarding inspection is possible, but difficult #AlArabiya_Urgent"
2022346765890879685,alarabiya_brk,2026-02-13 18:26:57.031,مصادر العربية: ضربات للجيش السوداني على مواقع للدعم في نيالا #العربية_عاجل,0,0,0,https://x.com/AlArabiya_Brk/status/2022346765890879685,2026,2,2026-02-13,مصادر العربية: ضربات للجيش السوداني على مواقع للدعم في نيالا #العربية_عاجل,Al-Arabiya sources: Sudanese army strikes on support sites in Nyala #Al-Arabiya_Breaking
2022343436242747560,alarabiya_brk,2026-02-13 18:13:43.181,غروسي: على إيران احترام الوكالة الدولية #العربية_عاجل,0,0,0,https://x.com/AlArabiya_Brk/status/2022343436242747560,2026,2,2026-02-13,غروسي: على إيران احترام الوكالة الدولية #العربية_عاجل,Grossi: Iran must respect the International Agency #Al-Arabiya_Urgent
2022343075830313379,alarabiya_brk,2026-02-13 18:12:17.252,أميركا تنهي وضع الحماية المؤقتة لليمن #العربية_عاجل,0,0,0,https://x.com/AlArabiya_Brk/status/2022343075830313379,2026,2,2026-02-13,أميركا تنهي وضع الحماية المؤقتة لليمن #العربية_عاجل,America ends the temporary protection status of Yemen #AlArabiya_Breaking
2022341848971268149,alarabiya_brk,2026-02-13 18:07:24.746,أميركا: السماح لـ 5 شركات نفطية باستئناف عملياتها في فنزويلا #العربية_عاجل,0,0,0,https://x.com/AlArabiya_Brk/status/2022341848971268149,2026,2,2026-02-13,أميركا: السماح لـ 5 شركات نفطية باستئناف عملياتها في فنزويلا #العربية_عاجل,America: Allowing 5 oil companies to resume their operations in Venezuela #Al-Arabiya_Breaking
2022340935267258475,alarabiya_brk,2026-02-13 18:03:46.902,الجيش الإسرائيلي: نتابع ما يجري بالمنطقة وجاهزيتنا عالية #العربية_عاجل,0,0,0,https://x.com/AlArabiya_Brk/status/2022340935267258475,2026,2,2026-02-13,الجيش الإسرائيلي: نتابع ما يجري بالمنطقة وجاهزيتنا عالية #العربية_عاجل,The Israeli Army: We are following what is happening in the region and our readiness is high #Al-Arabiya_Breaking
2022340616131166507,alarabiya_brk,2026-02-13 18:02:30.814,الجيش الإسرائيلي: نتابع ما يجري بالشرق الأوسط وجاهزيتنا عالية #العربية_عاجل,0,0,0,https://x.com/AlArabiya_Brk/status/2022340616131166507,2026,2,2026-02-13,الجيش الإسرائيلي: نتابع ما يجري بالشرق الأوسط وجاهزيتنا عالية #العربية_عاجل,The Israeli Army: We are following what is happening in the Middle East and our readiness is high #Al-Arabiya_Breaking
2022340455279521823,alarabiya_brk,2026-02-13 18:01:52.464,الجيش الإسرائيلي: نتابع ما يجري بالشرق الأوسط ونحن بجاهزية عالية #العربية_عاجل,0,0,0,https://x.com/AlArabiya_Brk/status/2022340455279521823,2026,2,2026-02-13,الجيش الإسرائيلي: نتابع ما يجري بالشرق الأوسط ونحن بجاهزية عالية #العربية_عاجل,The Israeli Army: We are following what is happening in the Middle East and we are highly prepared #Al-Arabiya_Breaking
2022329129274617974,alarabiya_brk,2026-02-13 17:16:52.134,الخزانة الأميركية: السماح بالدخول في أنشطة استثمارية في فنزويلا #العربية_عاجل,0,0,0,https://x.com/AlArabiya_Brk/status/2022329129274617974,2026,2,2026-02-13,الخزانة الأميركية: السماح بالدخول في أنشطة استثمارية في فنزويلا #العربية_عاجل,The US Treasury: Allowing investment activities in Venezuela #Al-Arabiya_Breaking
2022327874494058782,alarabiya_brk,2026-02-13 17:11:52.971,العراق: تسلمنا 4253 عربيا من عناصر داعش نقلوا من سوريا #العربية_عاجل,0,0,0,https://x.com/AlArabiya_Brk/status/2022327874494058782,2026,2,2026-02-13,العراق: تسلمنا 4253 عربيا من عناصر داعش نقلوا من سوريا #العربية_عاجل,"Iraq: We received 4,253 Arab ISIS members transferred from Syria #AlArabiya_Breaking"
2022327619803377992,alarabiya_brk,2026-02-13 17:10:52.248,العراق: تسلمنا 983 أجنبيا من عناصر داعش نقلوا من سوريا #العربية_عاجل,0,0,0,https://x.com/AlArabiya_Brk/status/2022327619803377992,2026,2,2026-02-13,العراق: تسلمنا 983 أجنبيا من عناصر داعش نقلوا من سوريا #العربية_عاجل,Iraq: We received 983 foreign ISIS members who were transferred from Syria #AlArabiya_Breaking
2022327067887476766,alarabiya_brk,2026-02-13 17:08:40.661,العراق: استلمنا 5704 من عناصر داعش #العربية_عاجل,0,0,0,https://x.com/AlArabiya_Brk/status/2022327067887476766,2026,2,2026-02-13,العراق: استلمنا 5704 من عناصر داعش #العربية_عاجل,"Iraq: We received 5,704 ISIS members #AlArabiya_Breaking"
2022325970640720009,alarabiya_brk,2026-02-13 17:04:19.057,روسيا: وفدنا المشارك بمحادثات أوكرانيا في جنيف سيكون أوسع نطاقا #العربية_عاجل,0,0,0,https://x.com/AlArabiya_Brk/status/2022325970640720009,2026,2,2026-02-13,روسيا: وفدنا المشارك بمحادثات أوكرانيا في جنيف سيكون أوسع نطاقا #العربية_عاجل,Russia: Our delegation participating in the Ukraine talks in Geneva will be broader #AlArabiya_Breaking
2022324161079591287,alarabiya_brk,2026-02-13 16:57:07.624,"العليمي: العالم اقتنع بأن الحوثيين ""تهديد دائم وليس مؤقتا"" #العربية_عاجل",0,0,0,https://x.com/AlArabiya_Brk/status/2022324161079591287,2026,2,2026-02-13,"العليمي: العالم اقتنع بأن الحوثيين ""تهديد دائم وليس مؤقتا"" #العربية_عاجل","Al-Alimi: The world is convinced that the Houthis are a “permanent threat, not a temporary one.” #Al-Arabiya_Breaking"
2022319403056890042,alarabiya_brk,2026-02-13 16:38:13.223,رئيس الأركان الإسرائيلي: ما ينطبق على غزة ينطبق على كل الجبهات #العربية_عاجل,0,0,0,https://x.com/AlArabiya_Brk/status/2022319403056890042,2026,2,2026-02-13,رئيس الأركان الإسرائيلي: ما ينطبق على غزة ينطبق على كل الجبهات #العربية_عاجل,Israeli Chief of Staff: What applies to Gaza applies to all fronts #Arab_Breaking
2022319192314146817,alarabiya_brk,2026-02-13 16:37:22.978,رئيس الأركان الإسرائيلي: مستعدون للعمل بشكل هجومي إذا اقتضت الحاجة #العربية_عاجل,0,0,0,https://x.com/AlArabiya_Brk/status/2022319192314146817,2026,2,2026-02-13,رئيس الأركان الإسرائيلي: مستعدون للعمل بشكل هجومي إذا اقتضت الحاجة #العربية_عاجل,Israeli Chief of Staff: We are ready to act offensively if necessary #Al-Arabiya_Urgent
2022318982863175886,alarabiya_brk,2026-02-13 16:36:33.041,رئيس الأركان الإسرائيلي: قتلنا مؤخرا مخربين بارزين #العربية_عاجل,0,0,0,https://x.com/AlArabiya_Brk/status/2022318982863175886,2026,2,2026-02-13,رئيس الأركان الإسرائيلي: قتلنا مؤخرا مخربين بارزين #العربية_عاجل,Israeli Chief of Staff: We recently killed prominent terrorists #AlArabiya_Breaking
2022315341347475738,alarabiya_brk,2026-02-13 16:22:04.836,وزير الخارجية السعودي: دول العالم أصبحت أكثر صراحة مع بعضها #العربية_عاجل,0,0,0,https://x.com/AlArabiya_Brk/status/2022315341347475738,2026,2,2026-02-13,وزير الخارجية السعودي: دول العالم أصبحت أكثر صراحة مع بعضها #العربية_عاجل,Saudi Foreign Minister: Countries of the world have become more frank with each other #AlArabiya_Breaking
2022314701695099092,alarabiya_brk,2026-02-13 16:19:32.331,وزير خارجية الصين: نسعى للعب دور بناء في محادثات أوكرانيا #العربية_عاجل,0,0,0,https://x.com/AlArabiya_Brk/status/2022314701695099092,2026,2,2026-02-13,وزير خارجية الصين: نسعى للعب دور بناء في محادثات أوكرانيا #العربية_عاجل,Chinese Foreign Minister: We seek to play a constructive role in the Ukraine talks #AlArabiya_Breaking
2022313438639178225,alarabiya_brk,2026-02-13 16:14:31.195,وزير الخارجية السعودي: يجب الحفاظ على وحدة الضفة الغربية وغزة #العربية_عاجل,0,0,0,https://x.com/AlArabiya_Brk/status/2022313438639178225,2026,2,2026-02-13,وزير الخارجية السعودي: يجب الحفاظ على وحدة الضفة الغربية وغزة #العربية_عاجل,Saudi Foreign Minister: The unity of the West Bank and Gaza must be preserved #Al-Arabiya_Breaking
2022313247605494270,alarabiya_brk,2026-02-13 16:13:45.649,وزير الخارجية السعودي: يجب وقف القتل في غزة وإعادة البناء #العربية_عاجل,0,0,0,https://x.com/AlArabiya_Brk/status/2022313247605494270,2026,2,2026-02-13,وزير الخارجية السعودي: يجب وقف القتل في غزة وإعادة البناء #العربية_عاجل,Saudi Foreign Minister: The killing in Gaza must stop and rebuilding #Al-Arabiya_Urgent
2022312847150068109,alarabiya_brk,2026-02-13 16:12:10.173,وزير الخارجية السعودي: وحدة الضفة الغربية والقطاع غير ممكنة دون استقرار غزة #العربية_عاجل,0,0,0,https://x.com/AlArabiya_Brk/status/2022312847150068109,2026,2,2026-02-13,وزير الخارجية السعودي: وحدة الضفة الغربية والقطاع غير ممكنة دون استقرار غزة #العربية_عاجل,Saudi Foreign Minister: The unity of the West Bank and Gaza is not possible without the stability of Gaza #Al-Arabiya_Breaking
2022312554412859901,alarabiya_brk,2026-02-13 16:11:00.379,وزير الخارجية السعودي: انتهاكات وقف النار في غزة مستمرة #العربية_عاجل,0,0,0,https://x.com/AlArabiya_Brk/status/2022312554412859901,2026,2,2026-02-13,وزير الخارجية السعودي: انتهاكات وقف النار في غزة مستمرة #العربية_عاجل,Saudi Foreign Minister: Violations of the ceasefire in Gaza continue #AlArabiya_Breaking
2022312470208008537,alarabiya_brk,2026-02-13 16:10:40.303,وزير الخارجية السعودي: الموت في غزة لم يتوقف رغم الهدنة #العربية_عاجل,0,0,0,https://x.com/AlArabiya_Brk/status/2022312470208008537,2026,2,2026-02-13,وزير الخارجية السعودي: الموت في غزة لم يتوقف رغم الهدنة #العربية_عاجل,Saudi Foreign Minister: Death in Gaza has not stopped despite the truce #Al-Arabiya_Breaking
2022311677333578005,alarabiya_brk,2026-02-13 16:07:31.267,مايك والتز: الناتو اليوم أقوى بسبب قيادة أميركا #العربية_عاجل,0,0,0,https://x.com/AlArabiya_Brk/status/2022311677333578005,2026,2,2026-02-13,مايك والتز: الناتو اليوم أقوى بسبب قيادة أميركا #العربية_عاجل,Mike Waltz: NATO today is stronger because of America's leadership #Arab_Breaking
2022309703519207822,alarabiya_brk,2026-02-13 15:59:40.673,مايك والتز: ترمب يريد من الأمم المتحدة أن تعود قوية #العربية_عاجل,0,0,0,https://x.com/AlArabiya_Brk/status/2022309703519207822,2026,2,2026-02-13,مايك والتز: ترمب يريد من الأمم المتحدة أن تعود قوية #العربية_عاجل,Mike Waltz: Trump wants the United Nations to come back strong #Al-Arabiya_Breaking
2022309135576916294,alarabiya_brk,2026-02-13 15:57:25.265,مايك والتز: نريد من الأمم المتحدة أن تعود لدورها كحافظ للسلام #العربية_عاجل,0,0,0,https://x.com/AlArabiya_Brk/status/2022309135576916294,2026,2,2026-02-13,مايك والتز: نريد من الأمم المتحدة أن تعود لدورها كحافظ للسلام #العربية_عاجل,Mike Waltz: We want the United Nations to return to its role as a peacekeeper #AlArabiya_Breaking
2022306254400504163,alarabiya_brk,2026-02-13 15:45:58.339,"وزير الخارجية السعودي: حرب أوكرانيا أعادت فتح محادثات ""النظام العالمي القديم"" #العربية_عاجل",0,0,0,https://x.com/AlArabiya_Brk/status/2022306254400504163,2026,2,2026-02-13,"وزير الخارجية السعودي: حرب أوكرانيا أعادت فتح محادثات ""النظام العالمي القديم"" #العربية_عاجل",Saudi Foreign Minister: The Ukraine war has reopened the “old world order” talks #AlArabiya_Breaking
2022305961755464179,alarabiya_brk,2026-02-13 15:44:48.567,وزير الخارجية السعودي: أوروبا كانت الداعم الأكبر للنظام العالمي القديم #العربية_عاجل,0,0,0,https://x.com/AlArabiya_Brk/status/2022305961755464179,2026,2,2026-02-13,وزير الخارجية السعودي: أوروبا كانت الداعم الأكبر للنظام العالمي القديم #العربية_عاجل,Saudi Foreign Minister: Europe was the greatest supporter of the old world order #AlArabiya_Breaking
2022305778716024881,alarabiya_brk,2026-02-13 15:44:04.927,وزير الخارجية السعودي: النظام العالمي لم يعد يعمل كما يجب #العربية_عاجل,0,0,0,https://x.com/AlArabiya_Brk/status/2022305778716024881,2026,2,2026-02-13,وزير الخارجية السعودي: النظام العالمي لم يعد يعمل كما يجب #العربية_عاجل,Saudi Foreign Minister: The global system no longer works as it should #AlArabiya_Breaking
2022302833828147617,alarabiya_brk,2026-02-13 15:32:22.811,مراسل العربية: نجاة وزيرة الصحة بجنوب كردفان بعد استهداف منزلها بمسيّرات #العربية_عاجل,0,0,0,https://x.com/AlArabiya_Brk/status/2022302833828147617,2026,2,2026-02-13,مراسل العربية: نجاة وزيرة الصحة بجنوب كردفان بعد استهداف منزلها بمسيّرات #العربية_عاجل,Al-Arabiya correspondent: The Minister of Health in South Kordofan survived after her home was targeted by marches #Al-Arabiya_Breaking
2022301846950322241,alarabiya_brk,2026-02-13 15:28:27.521,مسعد بولس: أميركا ملتزمة بدعم الجهود التي تقودها ليبيا للتغلب على الانقسامات #العربية_عاجل,0,0,0,https://x.com/AlArabiya_Brk/status/2022301846950322241,2026,2,2026-02-13,مسعد بولس: أميركا ملتزمة بدعم الجهود التي تقودها ليبيا للتغلب على الانقسامات #العربية_عاجل,Massad Boulos: America is committed to supporting Libya-led efforts to overcome divisions #Arab_Breaking
2022301708466987195,alarabiya_brk,2026-02-13 15:27:54.504,مسعد بولس: استقرار ليبيا يتطلب مؤسسات قوية ومهنية #العربية_عاجل,0,0,0,https://x.com/AlArabiya_Brk/status/2022301708466987195,2026,2,2026-02-13,مسعد بولس: استقرار ليبيا يتطلب مؤسسات قوية ومهنية #العربية_عاجل,Musaad Boulos: Libya’s stability requires strong and professional institutions #AlArabiya_Urgent
2022299985295888419,alarabiya_brk,2026-02-13 15:21:03.668,مستشار ألمانيا: يمكن للدنمارك الاعتماد على الاتحاد الأوروبي #العربية_عاجل,0,0,0,https://x.com/AlArabiya_Brk/status/2022299985295888419,2026,2,2026-02-13,مستشار ألمانيا: يمكن للدنمارك الاعتماد على الاتحاد الأوروبي #العربية_عاجل,German Chancellor: Denmark can rely on the European Union #Arabic_Breaking
2022299848410583306,alarabiya_brk,2026-02-13 15:20:31.032,مستشار ألمانيا: سنناقش مع أميركا الاختلافات #العربية_عاجل,0,0,0,https://x.com/AlArabiya_Brk/status/2022299848410583306,2026,2,2026-02-13,مستشار ألمانيا: سنناقش مع أميركا الاختلافات #العربية_عاجل,German Chancellor: We will discuss the differences with America #AlArabiya_Breaking
2022299635927101727,alarabiya_brk,2026-02-13 15:19:40.372,مستشار ألمانيا: علينا ترميم الثقة مع أميركا #العربية_عاجل,0,0,0,https://x.com/AlArabiya_Brk/status/2022299635927101727,2026,2,2026-02-13,مستشار ألمانيا: علينا ترميم الثقة مع أميركا #العربية_عاجل,German Chancellor: We must restore trust with America #Arab_Urgent
2022299454187905264,alarabiya_brk,2026-02-13 15:18:57.042,مستشار ألمانيا: حتى الولايات المتحدة ليست قوية كفاية للتصرف بمفردها #العربية_عاجل,0,0,0,https://x.com/AlArabiya_Brk/status/2022299454187905264,2026,2,2026-02-13,مستشار ألمانيا: حتى الولايات المتحدة ليست قوية كفاية للتصرف بمفردها #العربية_عاجل,German Chancellor: Even the United States is not strong enough to act alone #AlArabiya_Breaking
2022299033209823696,alarabiya_brk,2026-02-13 15:17:16.673,مستشار ألمانيا: فانس كان محقا عندما تحدث عن فجوة أميركية أوروبية #العربية_عاجل,0,0,0,https://x.com/AlArabiya_Brk/status/2022299033209823696,2026,2,2026-02-13,مستشار ألمانيا: فانس كان محقا عندما تحدث عن فجوة أميركية أوروبية #العربية_عاجل,German Chancellor: Vance was right when he talked about an American-European gap #Al-Arabiya_Breaking
2022298844311044299,alarabiya_brk,2026-02-13 15:16:31.636,مستشار ألمانيا: نريد بناء شراكة جديدة عبر الأطلسي #العربية_عاجل,0,0,0,https://x.com/AlArabiya_Brk/status/2022298844311044299,2026,2,2026-02-13,مستشار ألمانيا: نريد بناء شراكة جديدة عبر الأطلسي #العربية_عاجل,German Chancellor: We want to build a new transatlantic partnership #AlArabiya_Breaking
2022298664945713520,alarabiya_brk,2026-02-13 15:15:48.872,مستشار ألمانيا: تدهور حال أوروبا سينعكس علينا #العربية_عاجل,0,0,0,https://x.com/AlArabiya_Brk/status/2022298664945713520,2026,2,2026-02-13,مستشار ألمانيا: تدهور حال أوروبا سينعكس علينا #العربية_عاجل,German Chancellor: The deterioration of Europe's situation will reflect on us #AlArabiya_Urgent
2022298322988351929,alarabiya_brk,2026-02-13 15:14:27.343,مستشار ألمانيا: لا نريد مستويات متفاوتة للأمن في أوروبا #العربية_عاجل,0,0,0,https://x.com/AlArabiya_Brk/status/2022298322988351929,2026,2,2026-02-13,مستشار ألمانيا: لا نريد مستويات متفاوتة للأمن في أوروبا #العربية_عاجل,German Chancellor: We do not want varying levels of security in Europe #AlArabiya_Breaking
2022297658971361380,alarabiya_brk,2026-02-13 15:11:49.029,مستشار ألمانيا: سياستنا الأمنية تعتمد على التنافس #العربية_عاجل,0,0,0,https://x.com/AlArabiya_Brk/status/2022297658971361380,2026,2,2026-02-13,مستشار ألمانيا: سياستنا الأمنية تعتمد على التنافس #العربية_عاجل,German Chancellor: Our security policy depends on competition #AlArabiya_Breaking
2022297566742757881,alarabiya_brk,2026-02-13 15:11:27.040,مستشار ألمانيا: سنجعل جيشنا الأقوى في أوروبا #العربية_عاجل,0,0,0,https://x.com/AlArabiya_Brk/status/2022297566742757881,2026,2,2026-02-13,مستشار ألمانيا: سنجعل جيشنا الأقوى في أوروبا #العربية_عاجل,German Chancellor: We will make our army the strongest in Europe #AlArabiya_Breaking
2022296917103829130,alarabiya_brk,2026-02-13 15:08:52.154,مستشار ألمانيا: تقوية أوروبا في الناتو أولوية #العربية_عاجل,0,0,0,https://x.com/AlArabiya_Brk/status/2022296917103829130,2026,2,2026-02-13,مستشار ألمانيا: تقوية أوروبا في الناتو أولوية #العربية_عاجل,German Chancellor: Strengthening Europe in NATO is a priority #AlArabiya_Breaking
2022296537158570331,alarabiya_brk,2026-02-13 15:07:21.568,مستشار ألمانيا: لا أقبل دعوات التخلي عن أميركا كشريك #العربية_عاجل,0,0,0,https://x.com/AlArabiya_Brk/status/2022296537158570331,2026,2,2026-02-13,مستشار ألمانيا: لا أقبل دعوات التخلي عن أميركا كشريك #العربية_عاجل,German Chancellor: I do not accept calls to abandon America as a partner #AlArabiya_Urgent
2022295971502146041,alarabiya_brk,2026-02-13 15:05:06.705,مستشار ألمانيا: حريتنا مهددة وعلينا الاستعداد للتضحيات #العربية_عاجل,0,0,0,https://x.com/AlArabiya_Brk/status/2022295971502146041,2026,2,2026-02-13,مستشار ألمانيا: حريتنا مهددة وعلينا الاستعداد للتضحيات #العربية_عاجل,German Chancellor: Our freedom is threatened and we must prepare for sacrifices #AlArabiya_Urgent
2022295031311212718,alarabiya_brk,2026-02-13 15:01:22.546,مستشار ألمانيا: على أوروبا إدراك الواقع العالمي الجديد #العربية_عاجل,0,0,0,https://x.com/AlArabiya_Brk/status/2022295031311212718,2026,2,2026-02-13,مستشار ألمانيا: على أوروبا إدراك الواقع العالمي الجديد #العربية_عاجل,German Chancellor: Europe must realize the new global reality #Arabic_Breaking
2022294796107157917,alarabiya_brk,2026-02-13 15:00:26.469,"رويترز: البنتاغون سيصنف شركات صينية منها ""علي بابا"" على قائمة المساعدين للجيش الصيني #العربية_عاجل",0,0,0,https://x.com/AlArabiya_Brk/status/2022294796107157917,2026,2,2026-02-13,"رويترز: البنتاغون سيصنف شركات صينية منها ""علي بابا"" على قائمة المساعدين للجيش الصيني #العربية_عاجل","Reuters: The Pentagon will classify Chinese companies, including “Alibaba,” on the list of assistants to the Chinese army #Arabiya_Breaking"
2022293390717526130,alarabiya_brk,2026-02-13 14:54:51.398,مستشار ألمانيا: دخلنا عصر النزاع المفتوح الذي سيغير عالمنا #العربية_عاجل,0,0,0,https://x.com/AlArabiya_Brk/status/2022293390717526130,2026,2,2026-02-13,مستشار ألمانيا: دخلنا عصر النزاع المفتوح الذي سيغير عالمنا #العربية_عاجل,German Chancellor: We have entered an era of open conflict that will change our world #Arabic_Breaking
2022288401509032399,alarabiya_brk,2026-02-13 14:35:01.878,الأمم المتحدة: الدعم السريع ارتكبت فظائع واسعة النطاق #العربية_عاجل,0,0,0,https://x.com/AlArabiya_Brk/status/2022288401509032399,2026,2,2026-02-13,الأمم المتحدة: الدعم السريع ارتكبت فظائع واسعة النطاق #العربية_عاجل,United Nations: Rapid Support committed large-scale atrocities #AlArabiya_Breaking
2022288237931225369,alarabiya_brk,2026-02-13 14:34:22.878,الأمم المتحدة: وثقنا 6000 عملية قتل ارتكبتها الدعم السريع في أول 3 أيام من معركة الفاشر #العربية_عاجل,0,0,0,https://x.com/AlArabiya_Brk/status/2022288237931225369,2026,2,2026-02-13,الأمم المتحدة: وثقنا 6000 عملية قتل ارتكبتها الدعم السريع في أول 3 أيام من معركة الفاشر #العربية_عاجل,"United Nations: We documented 6,000 killings committed by Rapid Support in the first 3 days of the Battle of El Fasher #AlArabiya_Breaking"
2022288046465429589,alarabiya_brk,2026-02-13 14:33:37.229,الأمم المتحدة: انتهاكات الدعم السريع في السيطرة على الفاشر جرائم حرب وضد الإنسانية #العربية_عاجل,0,0,0,https://x.com/AlArabiya_Brk/status/2022288046465429589,2026,2,2026-02-13,الأمم المتحدة: انتهاكات الدعم السريع في السيطرة على الفاشر جرائم حرب وضد الإنسانية #العربية_عاجل,United Nations: Rapid Support violations in controlling El Fasher are war crimes and against humanity #Al-Arabiya_Breaking
2022285713367035993,alarabiya_brk,2026-02-13 14:24:20.975,سينتكوم: نقلنا أكثر من 5700 من عناصر داعش من سوريا للعراق #العربية_عاجل,0,0,0,https://x.com/AlArabiya_Brk/status/2022285713367035993,2026,2,2026-02-13,سينتكوم: نقلنا أكثر من 5700 من عناصر داعش من سوريا للعراق #العربية_عاجل,"Syntcom: We transferred more than 5,700 ISIS members from Syria to Iraq #AlArabiya_Breaking"
2022285497507168417,alarabiya_brk,2026-02-13 14:23:29.510,سينتكوم: نقل عناصر داعش من سوريا للعراق استمر 23 يوما #العربية_عاجل,0,0,0,https://x.com/AlArabiya_Brk/status/2022285497507168417,2026,2,2026-02-13,سينتكوم: نقل عناصر داعش من سوريا للعراق استمر 23 يوما #العربية_عاجل,Syntcom: The transfer of ISIS members from Syria to Iraq lasted 23 days #AlArabiya_Breaking
2022285371384434971,alarabiya_brk,2026-02-13 14:22:59.440,سينتكوم: استكمال نقل عناصر داعش من سوريا للعراق #العربية_عاجل,0,0,0,https://x.com/AlArabiya_Brk/status/2022285371384434971,2026,2,2026-02-13,سينتكوم: استكمال نقل عناصر داعش من سوريا للعراق #العربية_عاجل,Syntcom: Completing the transfer of ISIS members from Syria to Iraq #Al-Arabiya_Breaking
2022284661360058497,alarabiya_brk,2026-02-13 14:20:10.157,الناتو: دور أوروبا في الحلف سيصبح أقوى #العربية_عاجل,0,0,0,https://x.com/AlArabiya_Brk/status/2022284661360058497,2026,2,2026-02-13,الناتو: دور أوروبا في الحلف سيصبح أقوى #العربية_عاجل,NATO: Europe's role in the alliance will become stronger #AlArabiya_Breaking
2022279032469942520,alarabiya_brk,2026-02-13 13:57:48.125,الإمارات.. إعفاء سلطان بن سليم من رئاسة موانئ دبي العالمية وتعيين عيسى كاظم بديلا #العربية_عاجل,0,0,0,https://x.com/AlArabiya_Brk/status/2022279032469942520,2026,2,2026-02-13,الإمارات.. إعفاء سلطان بن سليم من رئاسة موانئ دبي العالمية وتعيين عيسى كاظم بديلا #العربية_عاجل,UAE.. relieving Sultan Bin Sulayem from the presidency of DP World and appointing Issa Kazim as a replacement #AlArabiya_Breaking
2022274418655772984,alarabiya_brk,2026-02-13 13:39:28.106,الاتحاد الأوروبي للعربية: مستعدون للعمل مع أميركا لتنفيذ خطة سلام غزة #العربية_عاجل,0,0,0,https://x.com/AlArabiya_Brk/status/2022274418655772984,2026,2,2026-02-13,الاتحاد الأوروبي للعربية: مستعدون للعمل مع أميركا لتنفيذ خطة سلام غزة #العربية_عاجل,The European Union to Al-Arabiya: We are ready to work with America to implement the Gaza peace plan #Al-Arabiya_Breaking
2022274175394521338,alarabiya_brk,2026-02-13 13:38:30.108,الاتحاد الأوروبي للعربية: تحفظاتنا على مجلس السلام لا تزال قائمة #العربية_عاجل,0,0,0,https://x.com/AlArabiya_Brk/status/2022274175394521338,2026,2,2026-02-13,الاتحاد الأوروبي للعربية: تحفظاتنا على مجلس السلام لا تزال قائمة #العربية_عاجل,European Union to Arabic: Our reservations about the Peace Council still exist #AlArabiya_Breaking
2022274083673534679,alarabiya_brk,2026-02-13 13:38:08.240,الاتحاد الأوروبي للعربية: موقفنا من مجلس السلام لم يتغير #العربية_عاجل,0,0,0,https://x.com/AlArabiya_Brk/status/2022274083673534679,2026,2,2026-02-13,الاتحاد الأوروبي للعربية: موقفنا من مجلس السلام لم يتغير #العربية_عاجل,European Union to Arabic: Our position on the Peace Council has not changed #AlArabiya_Breaking
2022267907887989232,alarabiya_brk,2026-02-13 13:13:35.818,"روسيا: لن نقدم تنازلات أحادية بحال الاتفاق بشأن ""ستارت"" جديدة #العربية_عاجل",0,0,0,https://x.com/AlArabiya_Brk/status/2022267907887989232,2026,2,2026-02-13,"روسيا: لن نقدم تنازلات أحادية بحال الاتفاق بشأن ""ستارت"" جديدة #العربية_عاجل",Russia: We will not make unilateral concessions if we agree on a new START #Al-Arabiya_Breaking
2022265236233842889,alarabiya_brk,2026-02-13 13:02:58.846,روسيا: جولة محادثات أوكرانيا المقبلة ستعقد في جنيف 17 و 18 فبراير #العربية_عاجل,0,0,0,https://x.com/AlArabiya_Brk/status/2022265236233842889,2026,2,2026-02-13,روسيا: جولة محادثات أوكرانيا المقبلة ستعقد في جنيف 17 و 18 فبراير #العربية_عاجل,Russia: The next round of Ukraine talks will be held in Geneva on February 17 and 18 #AlArabiya_Breaking
2022258392429912097,alarabiya_brk,2026-02-13 12:35:47.156,الجيش الإسرائيلي: قضينا على عنصر لحزب الله عمل على إعادة إعمار بنى تحتية بالجنوب #العربية_عاجل,0,0,0,https://x.com/AlArabiya_Brk/status/2022258392429912097,2026,2,2026-02-13,الجيش الإسرائيلي: قضينا على عنصر لحزب الله عمل على إعادة إعمار بنى تحتية بالجنوب #العربية_عاجل,The Israeli army: We eliminated a Hezbollah member who worked to rebuild infrastructure in the south #AlArabiya_Breaking
2022249584173400267,alarabiya_brk,2026-02-13 12:00:47.104,وزير خارجية العراق: دول أوروبا الأكثر ترددا بشأن تسلم مواطنيها من داعش #العربية_عاجل,0,0,0,https://x.com/AlArabiya_Brk/status/2022249584173400267,2026,2,2026-02-13,وزير خارجية العراق: دول أوروبا الأكثر ترددا بشأن تسلم مواطنيها من داعش #العربية_عاجل,Iraqi Foreign Minister: European countries are the most hesitant about handing over their citizens from ISIS #AlArabiya_Breaking
2022249398416101595,alarabiya_brk,2026-02-13 12:00:02.816,وزير خارجية العراق: إعادة تعيين المالكي شأن داخلي #العربية_عاجل,0,0,0,https://x.com/AlArabiya_Brk/status/2022249398416101595,2026,2,2026-02-13,وزير خارجية العراق: إعادة تعيين المالكي شأن داخلي #العربية_عاجل,Iraqi Foreign Minister: Al-Maliki’s reappointment is an internal matter #AlArabiya_Breaking
2022249262403174635,alarabiya_brk,2026-02-13 11:59:30.388,وزير خارجية العراق: نتعامل بجدية مع إشارات أميركا بشأن تعيين المالكي #العربية_عاجل,0,0,0,https://x.com/AlArabiya_Brk/status/2022249262403174635,2026,2,2026-02-13,وزير خارجية العراق: نتعامل بجدية مع إشارات أميركا بشأن تعيين المالكي #العربية_عاجل,Iraqi Foreign Minister: We take seriously America's signals regarding the appointment of Al-Maliki #AlArabiya_Breaking
2022249051547205726,alarabiya_brk,2026-02-13 11:58:40.116,وزير خارجية العراق: لن نلعب دور الوساطة مع إيران #العربية_عاجل,0,0,0,https://x.com/AlArabiya_Brk/status/2022249051547205726,2026,2,2026-02-13,وزير خارجية العراق: لن نلعب دور الوساطة مع إيران #العربية_عاجل,Iraqi Foreign Minister: We will not play the role of mediation with Iran #AlArabiya_Breaking
2022248731077235130,alarabiya_brk,2026-02-13 11:57:23.710,وزير خارجية العراق: نحتاج المزيد من الدعم المالي للتعامل مع تدفق سجناء داعش #العربية_عاجل,0,0,0,https://x.com/AlArabiya_Brk/status/2022248731077235130,2026,2,2026-02-13,وزير خارجية العراق: نحتاج المزيد من الدعم المالي للتعامل مع تدفق سجناء داعش #العربية_عاجل,Iraqi Foreign Minister: We need more financial support to deal with the influx of ISIS prisoners #AlArabiya_Urgent
2022248503049605504,alarabiya_brk,2026-02-13 11:56:29.344,وزير خارجية العراق: نقل نحو 3000 من سجناء داعش من سوريا #العربية_عاجل,0,0,0,https://x.com/AlArabiya_Brk/status/2022248503049605504,2026,2,2026-02-13,وزير خارجية العراق: نقل نحو 3000 من سجناء داعش من سوريا #العربية_عاجل,"Iraqi Foreign Minister: About 3,000 ISIS prisoners were transferred from Syria #Al-Arabiya_Breaking"
2022245754522259577,alarabiya_brk,2026-02-13 11:45:34.044,الكرملين: بعض الشركات الأميركية تريد العودة لأسواقنا #العربية_عاجل,0,0,0,https://x.com/AlArabiya_Brk/status/2022245754522259577,2026,2,2026-02-13,الكرملين: بعض الشركات الأميركية تريد العودة لأسواقنا #العربية_عاجل,The Kremlin: Some American companies want to return to our markets #AlArabiya_Breaking
2022244809394597985,alarabiya_brk,2026-02-13 11:41:48.708,الكرملين: جولة جديدة من محادثات السلام ستعقد الأسبوع المقبل #العربية_عاجل,0,0,0,https://x.com/AlArabiya_Brk/status/2022244809394597985,2026,2,2026-02-13,الكرملين: جولة جديدة من محادثات السلام ستعقد الأسبوع المقبل #العربية_عاجل,The Kremlin: A new round of peace talks will be held next week #AlArabiya_Breaking
2022239080415670296,alarabiya_brk,2026-02-13 11:19:02.813,الدنمارك: سنعقد اجتماعا مع روبيو بشأن غرينلاند في ميونح #العربية_عاجل,0,0,0,https://x.com/AlArabiya_Brk/status/2022239080415670296,2026,2,2026-02-13,الدنمارك: سنعقد اجتماعا مع روبيو بشأن غرينلاند في ميونح #العربية_عاجل,Denmark: We will hold a meeting with Rubio regarding Greenland in Munich #AlArabiya_Breaking
2022212758410829942,alarabiya_brk,2026-02-13 09:34:27.158,إعلام ألماني: تعليق عمليات مطار كولونيا بسبب عطل تقني #العربية_عاجل,0,0,0,https://x.com/AlArabiya_Brk/status/2022212758410829942,2026,2,2026-02-13,إعلام ألماني: تعليق عمليات مطار كولونيا بسبب عطل تقني #العربية_عاجل,German media: Cologne Airport operations suspended due to a technical failure #AlArabiya_Breaking
2022204060879753544,alarabiya_brk,2026-02-13 08:59:53.505,إطلاق نار في جامعة بولاية ساوث كارولاينا يودي بحياة شخصين  #العربية_عاجل,0,0,0,https://x.com/AlArabiya_Brk/status/2022204060879753544,2026,2,2026-02-13,إطلاق نار في جامعة بولاية ساوث كارولاينا يودي بحياة شخصين  #العربية_عاجل,A shooting at a university in South Carolina kills two people #AlArabiya_Breaking
2022199162163355673,alarabiya_brk,2026-02-13 08:40:25.560,زلزال بقوة 5.5 درجة يضرب باكستان  #العربية_عاجل,0,0,0,https://x.com/AlArabiya_Brk/status/2022199162163355673,2026,2,2026-02-13,زلزال بقوة 5.5 درجة يضرب باكستان  #العربية_عاجل,A 5.5 magnitude earthquake hits Pakistan #AlArabiya_Breaking
2022191915542712510,alarabiya_brk,2026-02-13 08:11:37.831,أوكرانيا: قتيل وجرحى في قصف روسي على موانئ أوديسا #العربية_عاجل,0,0,0,https://x.com/AlArabiya_Brk/status/2022191915542712510,2026,2,2026-02-13,أوكرانيا: قتيل وجرحى في قصف روسي على موانئ أوديسا #العربية_عاجل,Ukraine: One dead and wounded in a Russian bombing of the ports of Odessa #Al-Arabiya_Breaking
2022188550041583897,alarabiya_brk,2026-02-13 07:58:15.433,وسائل إعلام إيرانية: طهران تفرج عن 2 من المعتقلين الإصلاحيين #العربية_عاجل,0,0,0,https://x.com/AlArabiya_Brk/status/2022188550041583897,2026,2,2026-02-13,وسائل إعلام إيرانية: طهران تفرج عن 2 من المعتقلين الإصلاحيين #العربية_عاجل,Iranian media: Tehran releases 2 correctional detainees #AlArabiya_Breaking
2022170289564524882,alarabiya_brk,2026-02-13 06:45:41.796,مجلس الأمن يرحب بمرسوم الرئيس السوري لضمان حقوق الأكراد #العربية_عاجل,0,0,0,https://x.com/AlArabiya_Brk/status/2022170289564524882,2026,2,2026-02-13,مجلس الأمن يرحب بمرسوم الرئيس السوري لضمان حقوق الأكراد #العربية_عاجل,The Security Council welcomes the Syrian President’s decree to guarantee the rights of the Kurds #AlArabiya_Breaking
2022170053953662998,alarabiya_brk,2026-02-13 06:44:45.622,مجلس الأمن يرحب بالاتفاق بين الحكومة السورية وقسد #العربية_عاجل,0,0,0,https://x.com/AlArabiya_Brk/status/2022170053953662998,2026,2,2026-02-13,مجلس الأمن يرحب بالاتفاق بين الحكومة السورية وقسد #العربية_عاجل,The Security Council welcomes the agreement between the Syrian government and SDF #AlArabiya_Breaking
2022160406114894181,alarabiya_brk,2026-02-13 06:06:25.398,نيويورك تايمز: أميركا سترسل حاملة طائرات إلى الشرق الأوسط من فنزويلا #العربية_عاجل,0,0,0,https://x.com/AlArabiya_Brk/status/2022160406114894181,2026,2,2026-02-13,نيويورك تايمز: أميركا سترسل حاملة طائرات إلى الشرق الأوسط من فنزويلا #العربية_عاجل,New York Times: America will send an aircraft carrier to the Middle East from Venezuela #Al-Arabiya_Breaking
2022147406750470339,alarabiya_brk,2026-02-13 05:14:46.108,حزب بنغلاديش الوطني يعلن فوزه في أول انتخابات بعد انتفاضة 2024 #العربية_عاجل,0,0,0,https://x.com/AlArabiya_Brk/status/2022147406750470339,2026,2,2026-02-13,حزب بنغلاديش الوطني يعلن فوزه في أول انتخابات بعد انتفاضة 2024 #العربية_عاجل,The Bangladesh Nationalist Party announces its victory in the first elections after the 2024 uprising #AlArabiya_Breaking
2022138136659194038,alarabiya_brk,2026-02-13 04:37:55.946,رئيسة فنزويلا بالإنابة لـ إن بي سي: مادورو لا يزال الرئيس الشرعي للبلاد #العربية_عاجل,0,0,0,https://x.com/AlArabiya_Brk/status/2022138136659194038,2026,2,2026-02-13,رئيسة فنزويلا بالإنابة لـ إن بي سي: مادورو لا يزال الرئيس الشرعي للبلاد #العربية_عاجل,Acting President of Venezuela to NBC: Maduro is still the legitimate president of the country #Arabic_Breaking
2022118404073693536,alarabiya_brk,2026-02-13 03:19:31.331,الذهب يرتفع بنحو 1% مسجلا 4967 دولارا للأونصة  #العربية_عاجل,0,0,0,https://x.com/AlArabiya_Brk/status/2022118404073693536,2026,2,2026-02-13,الذهب يرتفع بنحو 1% مسجلا 4967 دولارا للأونصة  #العربية_عاجل,"Gold rises by about 1%, recording $4,967 per ounce #Arabic_Breaking"
2022105033551015998,alarabiya_brk,2026-02-13 02:26:23.550,مسؤول أميركي: التعهدات المالية والالتزام بالقوات لمجلس السلام بغزة لم يكتمل بعد #العربية_عاجل,0,0,0,https://x.com/AlArabiya_Brk/status/2022105033551015998,2026,2,2026-02-13,مسؤول أميركي: التعهدات المالية والالتزام بالقوات لمجلس السلام بغزة لم يكتمل بعد #العربية_عاجل,American official: Financial pledges and troop commitment to the Gaza Peace Council have not yet been completed #AlArabiya_Breaking
2022098527111807259,alarabiya_brk,2026-02-13 02:00:32.294,الرئيس الإسرائيلي: لن أخضع لضغوطات خارجية بشأن قرار العفو عن نتنياهو #العربية_عاجل,0,0,0,https://x.com/AlArabiya_Brk/status/2022098527111807259,2026,2,2026-02-13,الرئيس الإسرائيلي: لن أخضع لضغوطات خارجية بشأن قرار العفو عن نتنياهو #العربية_عاجل,The Israeli President: I will not submit to external pressure regarding the decision to pardon Netanyahu #AlArabiya_Breaking
2022098462473334817,alarabiya_brk,2026-02-13 02:00:16.883,الرئيس الإسرائيلي: أنتظر رأي وزارة العدل للعفو عن نتنياهو #العربية_عاجل,0,0,0,https://x.com/AlArabiya_Brk/status/2022098462473334817,2026,2,2026-02-13,الرئيس الإسرائيلي: أنتظر رأي وزارة العدل للعفو عن نتنياهو #العربية_عاجل,The Israeli President: I am awaiting the opinion of the Ministry of Justice to pardon Netanyahu #AlArabiya_Breaking
2022098307753865680,alarabiya_brk,2026-02-13 01:59:39.995,الرئيس الإسرائيلي: لم أتخذ قرارا بعد بشأن العفو عن نتنياهو #العربية_عاجل,0,0,0,https://x.com/AlArabiya_Brk/status/2022098307753865680,2026,2,2026-02-13,الرئيس الإسرائيلي: لم أتخذ قرارا بعد بشأن العفو عن نتنياهو #العربية_عاجل,The Israeli President: I have not yet made a decision regarding pardoning Netanyahu #AlArabiya_Breaking
2022096730477527461,alarabiya_brk,2026-02-13 01:53:23.943,زيلينسكي: أوكرانيا مستعد لإجراء استفتاء على الاتفاق مع روسيا #العربية_عاجل,0,0,0,https://x.com/AlArabiya_Brk/status/2022096730477527461,2026,2,2026-02-13,زيلينسكي: أوكرانيا مستعد لإجراء استفتاء على الاتفاق مع روسيا #العربية_عاجل,Zelensky: Ukraine is ready to hold a referendum on the agreement with Russia #Arab_Urgent
2022096684633768377,alarabiya_brk,2026-02-13 01:53:13.013,زيلينسكي: لن نقبل باتفاق يضر بمصالح أوكرانيا #العربية_عاجل,0,0,0,https://x.com/AlArabiya_Brk/status/2022096684633768377,2026,2,2026-02-13,زيلينسكي: لن نقبل باتفاق يضر بمصالح أوكرانيا #العربية_عاجل,Zelensky: We will not accept an agreement that harms the interests of Ukraine #Al-Arabiya_Urgent
2022096625435332821,alarabiya_brk,2026-02-13 01:52:58.899,زيلينسكي: نؤيد مقترحات السلام الأميركية للتوصل إلى اتفاق #العربية_عاجل,0,0,0,https://x.com/AlArabiya_Brk/status/2022096625435332821,2026,2,2026-02-13,زيلينسكي: نؤيد مقترحات السلام الأميركية للتوصل إلى اتفاق #العربية_عاجل,Zelensky: We support the American peace proposals to reach an agreement #Al-Arabiya_Urgent
2022094195607957539,alarabiya_brk,2026-02-13 01:43:19.583,روسيا: الدول الغربية دمرت أدوات التعاون في القطب الشمالي #العربية_عاجل,0,0,0,https://x.com/AlArabiya_Brk/status/2022094195607957539,2026,2,2026-02-13,روسيا: الدول الغربية دمرت أدوات التعاون في القطب الشمالي #العربية_عاجل,Russia: Western countries destroyed cooperation tools in the Arctic #Arabic_Breaking
2022094067669123400,alarabiya_brk,2026-02-13 01:42:49.080,روسيا: مجلس القطب الشمالي أصبح في حكم المعطل #العربية_عاجل,0,0,0,https://x.com/AlArabiya_Brk/status/2022094067669123400,2026,2,2026-02-13,روسيا: مجلس القطب الشمالي أصبح في حكم المعطل #العربية_عاجل,Russia: The Arctic Council has become obstructive #AlArabiya_Breaking
2022093682510377002,alarabiya_brk,2026-02-13 01:41:17.251,حزب بنغلادش الوطني يتجه لتحقيق الفوز في الانتخابات البرلمانية #العربية_عاجل,0,0,0,https://x.com/AlArabiya_Brk/status/2022093682510377002,2026,2,2026-02-13,حزب بنغلادش الوطني يتجه لتحقيق الفوز في الانتخابات البرلمانية #العربية_عاجل,The Bangladesh Nationalist Party is heading for victory in the parliamentary elections #Al-Arabiya_Breaking
2022089889689268586,alarabiya_brk,2026-02-13 01:26:12.972,رئيس تايوان: الشراكة مع الولايات المتحدة ستمنحنا مستقبلا أقوى #العربية_عاجل,0,0,0,https://x.com/AlArabiya_Brk/status/2022089889689268586,2026,2,2026-02-13,رئيس تايوان: الشراكة مع الولايات المتحدة ستمنحنا مستقبلا أقوى #العربية_عاجل,Taiwan President: Partnership with the United States will give us a stronger future #Arabic_Breaking
2022089699804746006,alarabiya_brk,2026-02-13 01:25:27.700,تايوان تعلن عقد اتفاقية تجارية مع الولايات المتحدة #العربية_عاجل,0,0,0,https://x.com/AlArabiya_Brk/status/2022089699804746006,2026,2,2026-02-13,تايوان تعلن عقد اتفاقية تجارية مع الولايات المتحدة #العربية_عاجل,Taiwan announces a trade agreement with the United States #Arab_Breaking
2022067697610105074,alarabiya_brk,2026-02-12 23:58:01.968,واشنطن: من المرجح إجراء انتخابات في فنزويلا قبل انتهاء ولاية ترمب #العربية_عاجل,0,0,0,https://x.com/AlArabiya_Brk/status/2022067697610105074,2026,2,2026-02-12,واشنطن: من المرجح إجراء انتخابات في فنزويلا قبل انتهاء ولاية ترمب #العربية_عاجل,Washington: It is likely that elections will be held in Venezuela before the end of Trump’s term #Arabic_Breaking
2022051300700016858,alarabiya_brk,2026-02-12 22:52:52.640,وزير الإعلام اللبناني للعربية: الدولة ستعود للجنوب بالأمن والإعمار والازدهار #العربية_عاجل,0,0,0,https://x.com/AlArabiya_Brk/status/2022051300700016858,2026,2,2026-02-12,وزير الإعلام اللبناني للعربية: الدولة ستعود للجنوب بالأمن والإعمار والازدهار #العربية_عاجل,"The Lebanese Minister of Information to Al-Arabiya: The state will return to the south with security, reconstruction and prosperity #Al-Arabiya_Breaking"
2022051210669208061,alarabiya_brk,2026-02-12 22:52:31.175,وزير الإعلام اللبناني للعربية: البيان الوزاري شدد على عودة الدولة للجنوب #العربية_عاجل,0,0,0,https://x.com/AlArabiya_Brk/status/2022051210669208061,2026,2,2026-02-12,وزير الإعلام اللبناني للعربية: البيان الوزاري شدد على عودة الدولة للجنوب #العربية_عاجل,The Lebanese Minister of Information to Al-Arabiya: The ministerial statement stressed the state’s return to the south #Al-Arabiya_Breaking
2022050980439773385,alarabiya_brk,2026-02-12 22:51:36.284,وزير الإعلام اللبناني للعربية: البيان الوزاري هو المسار الذي تمضي فيه الحكومة  #العربية_عاجل,0,0,0,https://x.com/AlArabiya_Brk/status/2022050980439773385,2026,2,2026-02-12,وزير الإعلام اللبناني للعربية: البيان الوزاري هو المسار الذي تمضي فيه الحكومة  #العربية_عاجل,The Lebanese Minister of Information to Al-Arabiya: The ministerial statement is the path the government is taking #Al-Arabiya_Breaking
2022050375419761037,alarabiya_brk,2026-02-12 22:49:12.036,وزير الإعلام اللبناني للعربية: غالبية المكونات السياسية تؤيد حصر السلاح #العربية_عاجل,0,0,0,https://x.com/AlArabiya_Brk/status/2022050375419761037,2026,2,2026-02-12,وزير الإعلام اللبناني للعربية: غالبية المكونات السياسية تؤيد حصر السلاح #العربية_عاجل,The Lebanese Minister of Information to Al-Arabiya: The majority of political components support arms control #Al-Arabiya_Breaking
2022050107672162342,alarabiya_brk,2026-02-12 22:48:08.200,وزير الإعلام اللبناني للعربية: الحكومة ضامنة للسلم الأهلي #العربية_عاجل,0,0,0,https://x.com/AlArabiya_Brk/status/2022050107672162342,2026,2,2026-02-12,وزير الإعلام اللبناني للعربية: الحكومة ضامنة للسلم الأهلي #العربية_عاجل,The Lebanese Minister of Information to Al-Arabiya: The government is a guarantor of civil peace #Al-Arabiya_Breaking
2022049993335394594,alarabiya_brk,2026-02-12 22:47:40.940,وزير الإعلام اللبناني للعربية: سنقرر الخطوة المقبلة بشأن حصر السلاح وفق تقرير قائد الجيش #العربية_عاجل,0,0,0,https://x.com/AlArabiya_Brk/status/2022049993335394594,2026,2,2026-02-12,وزير الإعلام اللبناني للعربية: سنقرر الخطوة المقبلة بشأن حصر السلاح وفق تقرير قائد الجيش #العربية_عاجل,The Lebanese Minister of Information to Al-Arabiya: We will decide the next step regarding weapons control according to the report of the Army Commander #Al-Arabiya_Breaking
2022049494460731573,alarabiya_brk,2026-02-12 22:45:41.999,وزير الإعلام اللبناني للعربية: ننتظر تقرير قائد الجيش الإثنين لاستكمال حصر السلاح #العربية_عاجل,0,0,0,https://x.com/AlArabiya_Brk/status/2022049494460731573,2026,2,2026-02-12,وزير الإعلام اللبناني للعربية: ننتظر تقرير قائد الجيش الإثنين لاستكمال حصر السلاح #العربية_عاجل,The Lebanese Minister of Information to Al-Arabiya: We are awaiting the army commander’s report on Monday to complete the inventory of weapons #Al-Arabiya_Breaking
2022049153182736711,alarabiya_brk,2026-02-12 22:44:20.632,الجيش الإسرائيلي: استهدفنا عنصرا من حزب الله في بلدة الطيري جنوبي لبنان #العربية_عاجل,0,0,0,https://x.com/AlArabiya_Brk/status/2022049153182736711,2026,2,2026-02-12,الجيش الإسرائيلي: استهدفنا عنصرا من حزب الله في بلدة الطيري جنوبي لبنان #العربية_عاجل,"The Israeli army: We targeted a Hezbollah member in the town of Al-Tiri, south of Lebanon #Al-Arabiya_Breaking"
2022049010236711145,alarabiya_brk,2026-02-12 22:43:46.551,مراسلة العربية: مسيّرة إسرائيلية استهدفت سيارة في بلدة الطيري جنوبي لبنان #العربية_عاجل,0,0,0,https://x.com/AlArabiya_Brk/status/2022049010236711145,2026,2,2026-02-12,مراسلة العربية: مسيّرة إسرائيلية استهدفت سيارة في بلدة الطيري جنوبي لبنان #العربية_عاجل,"Al-Arabiya correspondent: An Israeli drone targeted a car in the town of Al-Tiri, south of Lebanon #Al-Arabiya_Breaking"
2022048166539911226,alarabiya_brk,2026-02-12 22:40:25.398,زيلينسكي: فكرة إجراء الانتخابات أثناء الحرب جاءت من روسيا #العربية_عاجل,0,0,0,https://x.com/AlArabiya_Brk/status/2022048166539911226,2026,2,2026-02-12,زيلينسكي: فكرة إجراء الانتخابات أثناء الحرب جاءت من روسيا #العربية_عاجل,Zelensky: The idea of ​​holding elections during the war came from Russia #Arab_Urgent
2022047906849554508,alarabiya_brk,2026-02-12 22:39:23.483,زيلينسكي: لن نعرض صفقة سيئة للاستفتاء #العربية_عاجل,0,0,0,https://x.com/AlArabiya_Brk/status/2022047906849554508,2026,2,2026-02-12,زيلينسكي: لن نعرض صفقة سيئة للاستفتاء #العربية_عاجل,Zelensky: We will not present a bad deal to the referendum #AlArabiya_Breaking
2022047791191593000,alarabiya_brk,2026-02-12 22:38:55.908,زيلينسكي: أي سبيل للسلام يجب أن يكون بضمانات أمنية حقيقية #العربية_عاجل,0,0,0,https://x.com/AlArabiya_Brk/status/2022047791191593000,2026,2,2026-02-12,زيلينسكي: أي سبيل للسلام يجب أن يكون بضمانات أمنية حقيقية #العربية_عاجل,Zelensky: Any path to peace must be with real security guarantees #Al-Arabiya_Urgent
2022047689593049559,alarabiya_brk,2026-02-12 22:38:31.685,زيلينسكي: السلام يجب أن يكون دائما وليس مجرد نصر سياسي #العربية_عاجل,0,0,0,https://x.com/AlArabiya_Brk/status/2022047689593049559,2026,2,2026-02-12,زيلينسكي: السلام يجب أن يكون دائما وليس مجرد نصر سياسي #العربية_عاجل,Zelensky: Peace must be permanent and not just a political victory #AlArabiya_Breaking
2022047370532335795,alarabiya_brk,2026-02-12 22:37:15.615,زيلينسكي: نريد إنهاء الحرب بسرعة لكن ليس بصفقة سيئة #العربية_عاجل,0,0,0,https://x.com/AlArabiya_Brk/status/2022047370532335795,2026,2,2026-02-12,زيلينسكي: نريد إنهاء الحرب بسرعة لكن ليس بصفقة سيئة #العربية_عاجل,"Zelensky: We want to end the war quickly, but not with a bad deal #AlArabiya_Urgent"
2022045553907917185,alarabiya_brk,2026-02-12 22:30:02.498,الرئاسة الإسرائيلية: لا تأثير لأي ضغوط على النظر في طلب العفو عن نتنياهو #العربية_عاجل,0,0,0,https://x.com/AlArabiya_Brk/status/2022045553907917185,2026,2,2026-02-12,الرئاسة الإسرائيلية: لا تأثير لأي ضغوط على النظر في طلب العفو عن نتنياهو #العربية_عاجل,The Israeli Presidency: Any pressure has no effect on considering the request for a pardon for Netanyahu #AlArabiya_Breaking
2022045456780460474,alarabiya_brk,2026-02-12 22:29:39.341,الرئاسة الإسرائيلية ردا على ترمب: العفو عن نتنياهو قيد المراجعة #العربية_عاجل,0,0,0,https://x.com/AlArabiya_Brk/status/2022045456780460474,2026,2,2026-02-12,الرئاسة الإسرائيلية ردا على ترمب: العفو عن نتنياهو قيد المراجعة #العربية_عاجل,The Israeli presidency in response to Trump: Netanyahu’s pardon is under review #Al-Arabiya_Breaking
2022042376882028984,alarabiya_brk,2026-02-12 22:17:25.036,الخارجية المصرية للعربية: نرفض كل أشكال المساس بسيادة الصومال #العربية_عاجل,0,0,0,https://x.com/AlArabiya_Brk/status/2022042376882028984,2026,2,2026-02-12,الخارجية المصرية للعربية: نرفض كل أشكال المساس بسيادة الصومال #العربية_عاجل,Egyptian Foreign Ministry to Al-Arabiya: We reject all forms of infringement on the sovereignty of Somalia #Al-Arabiya_Breaking
2022042033003614374,alarabiya_brk,2026-02-12 22:16:03.049,الخارجية المصرية للعربية: ندعم مؤسسات الصومال ووحدة أراضيه #العربية_عاجل,0,0,0,https://x.com/AlArabiya_Brk/status/2022042033003614374,2026,2,2026-02-12,الخارجية المصرية للعربية: ندعم مؤسسات الصومال ووحدة أراضيه #العربية_عاجل,Egyptian Foreign Ministry to Al-Arabiya: We support Somalia’s institutions and its territorial integrity #Al-Arabiya_Urgent
2022041475287032268,alarabiya_brk,2026-02-12 22:13:50.079,الخارجية المصرية للعربية: نريد هدنة تؤدي لوقف دائم للنار بالسودان #العربية_عاجل,0,0,0,https://x.com/AlArabiya_Brk/status/2022041475287032268,2026,2,2026-02-12,الخارجية المصرية للعربية: نريد هدنة تؤدي لوقف دائم للنار بالسودان #العربية_عاجل,Egyptian Foreign Ministry to Al-Arabiya: We want a truce that leads to a permanent ceasefire in Sudan #Al-Arabiya_Breaking
2022041371171786923,alarabiya_brk,2026-02-12 22:13:25.256,الخارجية المصرية للعربية: نحاول التوصل لهدنة إنسانية مؤقتة في السودان #العربية_عاجل,0,0,0,https://x.com/AlArabiya_Brk/status/2022041371171786923,2026,2,2026-02-12,الخارجية المصرية للعربية: نحاول التوصل لهدنة إنسانية مؤقتة في السودان #العربية_عاجل,Egyptian Foreign Ministry to Al-Arabiya: We are trying to reach a temporary humanitarian truce in Sudan #Al-Arabiya_Breaking
2022041285377269860,alarabiya_brk,2026-02-12 22:13:04.801,الخارجية المصرية للعربية: سنواصل جهودنا ضمن الرباعية الدولية لدعم السودان #العربية_عاجل,0,0,0,https://x.com/AlArabiya_Brk/status/2022041285377269860,2026,2,2026-02-12,الخارجية المصرية للعربية: سنواصل جهودنا ضمن الرباعية الدولية لدعم السودان #العربية_عاجل,Egyptian Foreign Ministry to Al-Arabiya: We will continue our efforts within the international quartet to support Sudan #Al-Arabiya_Breaking
2022041166602998041,alarabiya_brk,2026-02-12 22:12:36.483,الخارجية المصرية للعربية: أكدنا خطوط مصر الحمراء بالسودان في مجلس السلم الأفريقي #العربية_عاجل,0,0,0,https://x.com/AlArabiya_Brk/status/2022041166602998041,2026,2,2026-02-12,الخارجية المصرية للعربية: أكدنا خطوط مصر الحمراء بالسودان في مجلس السلم الأفريقي #العربية_عاجل,The Egyptian Foreign Ministry to Al-Arabiya: We confirmed Egypt’s red lines with Sudan in the African Peace Council #Al-Arabiya_Breaking
2022041079021773139,alarabiya_brk,2026-02-12 22:12:15.602,الخارجية المصرية للعربية: السودان استوفى كل الشروط لاستعادة عضويته بالاتحاد الأفريقي #العربية_عاجل,0,0,0,https://x.com/AlArabiya_Brk/status/2022041079021773139,2026,2,2026-02-12,الخارجية المصرية للعربية: السودان استوفى كل الشروط لاستعادة عضويته بالاتحاد الأفريقي #العربية_عاجل,Egyptian Foreign Ministry to Al-Arabiya: Sudan has met all conditions to regain its membership in the African Union #Al-Arabiya_Urgent
2022040800406667395,alarabiya_brk,2026-02-12 22:11:09.175,الخارجية المصرية للعربية: نستخدم كل المسارات الممكنة لدعم السودان #العربية_عاجل,0,0,0,https://x.com/AlArabiya_Brk/status/2022040800406667395,2026,2,2026-02-12,الخارجية المصرية للعربية: نستخدم كل المسارات الممكنة لدعم السودان #العربية_عاجل,Egyptian Foreign Ministry to Al-Arabiya: We use all possible paths to support Sudan #Al-Arabiya_Urgent
2022033415759913283,alarabiya_brk,2026-02-12 21:41:48.538,فتح للعربية: الباب مفتوح لتقديم أي ملاحظات على مسودة الدستور #العربية_عاجل,0,0,0,https://x.com/AlArabiya_Brk/status/2022033415759913283,2026,2,2026-02-12,فتح للعربية: الباب مفتوح لتقديم أي ملاحظات على مسودة الدستور #العربية_عاجل,Open to Al-Arabiya: The door is open to submit any comments on the draft constitution #Al-Arabiya_Breaking
2022033327771828377,alarabiya_brk,2026-02-12 21:41:27.560,فتح للعربية: مسودة الدستور صيغت بعقول وأياد فلسطينية #العربية_عاجل,0,0,0,https://x.com/AlArabiya_Brk/status/2022033327771828377,2026,2,2026-02-12,فتح للعربية: مسودة الدستور صيغت بعقول وأياد فلسطينية #العربية_عاجل,Fatah to Al-Arabiya: The draft constitution was drafted by Palestinian minds and hands #Al-Arabiya_Breaking
2022033192711057753,alarabiya_brk,2026-02-12 21:40:55.359,فتح للعربية: حماس خارج الإجماع الوطني #العربية_عاجل,0,0,0,https://x.com/AlArabiya_Brk/status/2022033192711057753,2026,2,2026-02-12,فتح للعربية: حماس خارج الإجماع الوطني #العربية_عاجل,Fatah to Al-Arabiya: Hamas is outside the national consensus #Al-Arabiya_Breaking
2022033108422316139,alarabiya_brk,2026-02-12 21:40:35.263,فتح للعربية: كان على حماس إبعاد الدستور عن المناكفات #العربية_عاجل,0,0,0,https://x.com/AlArabiya_Brk/status/2022033108422316139,2026,2,2026-02-12,فتح للعربية: كان على حماس إبعاد الدستور عن المناكفات #العربية_عاجل,Fatah to Al-Arabiya: Hamas had to keep the constitution away from disputes #Al-Arabiya_Breaking
2022030687440629891,alarabiya_brk,2026-02-12 21:30:58.056,شبكة أطباء السودان للعربية: عدد الوفيات بين الأطفال والنساء الحوامل في ارتفاع #العربية_عاجل,0,0,0,https://x.com/AlArabiya_Brk/status/2022030687440629891,2026,2,2026-02-12,شبكة أطباء السودان للعربية: عدد الوفيات بين الأطفال والنساء الحوامل في ارتفاع #العربية_عاجل,Sudan Doctors Network for Arabic: The number of deaths among children and pregnant women is on the rise #AlArabiya_Urgent
2022030604464787707,alarabiya_brk,2026-02-12 21:30:38.273,شبكة أطباء السودان للعربية: أكثر من ثلثي الأطفال يعانون سوء التغذية الحاد #العربية_عاجل,0,0,0,https://x.com/AlArabiya_Brk/status/2022030604464787707,2026,2,2026-02-12,شبكة أطباء السودان للعربية: أكثر من ثلثي الأطفال يعانون سوء التغذية الحاد #العربية_عاجل,Sudan Doctors Network for Arabic: More than two-thirds of children suffer from acute malnutrition #AlArabiya_Breaking
2022030260225630263,alarabiya_brk,2026-02-12 21:29:16.200,شبكة أطباء السودان للعربية: مناطق المجاعة في كردفان تتسع #العربية_عاجل,0,0,0,https://x.com/AlArabiya_Brk/status/2022030260225630263,2026,2,2026-02-12,شبكة أطباء السودان للعربية: مناطق المجاعة في كردفان تتسع #العربية_عاجل,Sudan Doctors Network for Arabic: Famine areas in Kordofan are expanding #AlArabiya_Urgent
2022030171113455730,alarabiya_brk,2026-02-12 21:28:54.954,شبكة أطباء السودان للعربية: الوضع الإنساني في كردفان كارثي #العربية_عاجل,0,0,0,https://x.com/AlArabiya_Brk/status/2022030171113455730,2026,2,2026-02-12,شبكة أطباء السودان للعربية: الوضع الإنساني في كردفان كارثي #العربية_عاجل,Sudan Doctors Network for Arabic: The humanitarian situation in Kordofan is catastrophic #AlArabiya_Urgent
2022030083154649244,alarabiya_brk,2026-02-12 21:28:33.983,شبكة أطباء السودان للعربية: الأُبيض استقبلت أكثر من مليون نازح #العربية_عاجل,0,0,0,https://x.com/AlArabiya_Brk/status/2022030083154649244,2026,2,2026-02-12,شبكة أطباء السودان للعربية: الأُبيض استقبلت أكثر من مليون نازح #العربية_عاجل,Sudan Doctors Network for Al-Arabiya: Al-Obeid received more than a million displaced people #Al-Arabiya_Breaking
2022029952208548210,alarabiya_brk,2026-02-12 21:28:02.763,شبكة أطباء السودان للعربية: أكثر من 700 ألف نزحوا من مناطق جنوب كردفان #العربية_عاجل,0,0,0,https://x.com/AlArabiya_Brk/status/2022029952208548210,2026,2,2026-02-12,شبكة أطباء السودان للعربية: أكثر من 700 ألف نزحوا من مناطق جنوب كردفان #العربية_عاجل,"Sudan Doctors Network for Arabic: More than 700,000 were displaced from the areas of South Kordofan #AlArabiya_Urgent"
2022028979868254269,alarabiya_brk,2026-02-12 21:24:10.939,العربية ترصد آثار هجمات الدعم السريع على قوافل إغاثية في شمال كردفان #العربية_عاجل,0,0,0,https://x.com/AlArabiya_Brk/status/2022028979868254269,2026,2,2026-02-12,العربية ترصد آثار هجمات الدعم السريع على قوافل إغاثية في شمال كردفان #العربية_عاجل,Al-Arabiya monitors the effects of Rapid Support attacks on relief convoys in North Kordofan #Al-Arabiya_Breaking
2022026626289062188,alarabiya_brk,2026-02-12 21:14:49.802,ماكرون: التزامنا تجاه قسد كحليف ضد الإرهاب مستمر #العربية_عاجل,0,0,0,https://x.com/AlArabiya_Brk/status/2022026626289062188,2026,2,2026-02-12,ماكرون: التزامنا تجاه قسد كحليف ضد الإرهاب مستمر #العربية_عاجل,Macron: Our commitment to the SDF as an ally against terrorism continues #AlArabiya_Breaking
2022026444583387345,alarabiya_brk,2026-02-12 21:14:06.480,ماكرون: ندعم إدماج قسد في الجيش والإدارة السورية #العربية_عاجل,0,0,0,https://x.com/AlArabiya_Brk/status/2022026444583387345,2026,2,2026-02-12,ماكرون: ندعم إدماج قسد في الجيش والإدارة السورية #العربية_عاجل,Macron: We support the integration of SDF into the Syrian army and administration #Al-Arabiya_Breaking
2022026357958480183,alarabiya_brk,2026-02-12 21:13:45.827,ماكرون: ندعم أجندة الشرع ووحدة أراضي سوريا #العربية_عاجل,0,0,0,https://x.com/AlArabiya_Brk/status/2022026357958480183,2026,2,2026-02-12,ماكرون: ندعم أجندة الشرع ووحدة أراضي سوريا #العربية_عاجل,Macron: We support the Sharia agenda and the territorial integrity of Syria #Al-Arabiya_Breaking
2022024798155464952,alarabiya_brk,2026-02-12 21:07:33.941,ترمب: على رئيس إسرائيل أن يخجل لعدم منحه نتنياهو عفوا #العربية_عاجل,0,0,0,https://x.com/AlArabiya_Brk/status/2022024798155464952,2026,2,2026-02-12,ترمب: على رئيس إسرائيل أن يخجل لعدم منحه نتنياهو عفوا #العربية_عاجل,Trump: The President of Israel should be ashamed for not granting Netanyahu a pardon #AlArabiya_Breaking
2022024661098176521,alarabiya_brk,2026-02-12 21:07:01.264,ترمب: محاكمة نتنياهو أمر مخزٍ #العربية_عاجل,0,0,0,https://x.com/AlArabiya_Brk/status/2022024661098176521,2026,2,2026-02-12,ترمب: محاكمة نتنياهو أمر مخزٍ #العربية_عاجل,Trump: Netanyahu's trial is shameful #AlArabiya_Breaking
2022024465136136462,alarabiya_brk,2026-02-12 21:06:14.543,ترمب: على إيران إبرام اتفاق وإلا سيكون الوضع كارثيا #العربية_عاجل,0,0,0,https://x.com/AlArabiya_Brk/status/2022024465136136462,2026,2,2026-02-12,ترمب: على إيران إبرام اتفاق وإلا سيكون الوضع كارثيا #العربية_عاجل,"Trump: Iran must conclude an agreement, otherwise the situation will be catastrophic #Al-Arabiya_Breaking"
2022024183467638884,alarabiya_brk,2026-02-12 21:05:07.388,ترمب: إذا فشل الاتفاق مع إيران سنتجه لخيار آخر #العربية_عاجل,0,0,0,https://x.com/AlArabiya_Brk/status/2022024183467638884,2026,2,2026-02-12,ترمب: إذا فشل الاتفاق مع إيران سنتجه لخيار آخر #العربية_عاجل,"Trump: If the agreement with Iran fails, we will turn to another option #AlArabiya_Breaking"
2022024057298800692,alarabiya_brk,2026-02-12 21:04:37.307,ترمب: أعتقد أنه يمكن التوصل لاتفاق مع إيران الشهر المقبل #العربية_عاجل,0,0,0,https://x.com/AlArabiya_Brk/status/2022024057298800692,2026,2,2026-02-12,ترمب: أعتقد أنه يمكن التوصل لاتفاق مع إيران الشهر المقبل #العربية_عاجل,Trump: I believe that an agreement can be reached with Iran next month #AlArabiya_Breaking
2022023770244817255,alarabiya_brk,2026-02-12 21:03:28.868,ترمب: نريد التوصل لاتفاق مع إيران #العربية_عاجل,0,0,0,https://x.com/AlArabiya_Brk/status/2022023770244817255,2026,2,2026-02-12,ترمب: نريد التوصل لاتفاق مع إيران #العربية_عاجل,Trump: We want to reach an agreement with Iran #Al-Arabiya_Urgent
2022023597590565097,alarabiya_brk,2026-02-12 21:02:47.704,ترمب: سأذهب إلى الصين في أبريل  #العربية_عاجل,0,0,0,https://x.com/AlArabiya_Brk/status/2022023597590565097,2026,2,2026-02-12,ترمب: سأذهب إلى الصين في أبريل  #العربية_عاجل,Trump: I will go to China in April #Arabic_Breaking
2022017020762505445,alarabiya_brk,2026-02-12 20:36:39.666,مسؤولون أميركيون لـ رويترز: ترمب سيعلن إرسال آلاف الجنود من دول عدة لغزة #العربية_عاجل,0,0,0,https://x.com/AlArabiya_Brk/status/2022017020762505445,2026,2,2026-02-12,مسؤولون أميركيون لـ رويترز: ترمب سيعلن إرسال آلاف الجنود من دول عدة لغزة #العربية_عاجل,American officials told Reuters: Trump will announce the sending of thousands of soldiers from several countries to Gaza #Al-Arabiya_Breaking
2022016838226309309,alarabiya_brk,2026-02-12 20:35:56.146,مسؤولون أميركيون لـ رويترز: نتوقع حضور 20 دولة على الأقل أول اجتماع لمجلس السلام #العربية_عاجل,0,0,0,https://x.com/AlArabiya_Brk/status/2022016838226309309,2026,2,2026-02-12,مسؤولون أميركيون لـ رويترز: نتوقع حضور 20 دولة على الأقل أول اجتماع لمجلس السلام #العربية_عاجل,American officials told Reuters: We expect at least 20 countries to attend the first meeting of the Peace Council #Al-Arabiya_Breaking
2022016625944244527,alarabiya_brk,2026-02-12 20:35:05.534,رويترز: ترمب سيعلن عن مستجدات القوة الدولية بغزة في اجتماع مجلس السلام #العربية_عاجل,0,0,0,https://x.com/AlArabiya_Brk/status/2022016625944244527,2026,2,2026-02-12,رويترز: ترمب سيعلن عن مستجدات القوة الدولية بغزة في اجتماع مجلس السلام #العربية_عاجل,Reuters: Trump will announce the developments of the international force in Gaza at the Peace Council meeting #AlArabiya_Breaking
2022016277347189244,alarabiya_brk,2026-02-12 20:33:42.422,رويترز: ترمب سيعلن عن تمويل بمليارات الدولارات لغزة بأول اجتماع لمجلس السلام #العربية_عاجل,0,0,0,https://x.com/AlArabiya_Brk/status/2022016277347189244,2026,2,2026-02-12,رويترز: ترمب سيعلن عن تمويل بمليارات الدولارات لغزة بأول اجتماع لمجلس السلام #العربية_عاجل,Reuters: Trump will announce billions of dollars in funding for Gaza at the first Peace Council meeting #AlArabiya_Breaking
2022012366330724440,alarabiya_brk,2026-02-12 20:18:09.963,الفضة تعمق خسائرها وتهوي 11% إلى 74.6 دولار للأونصة #العربية_عاجل,0,0,0,https://x.com/AlArabiya_Brk/status/2022012366330724440,2026,2,2026-02-12,الفضة تعمق خسائرها وتهوي 11% إلى 74.6 دولار للأونصة #العربية_عاجل,Silver deepens its losses and falls 11% to $74.6 per ounce #Al-Arabiya_Breaking
2022010660708618399,alarabiya_brk,2026-02-12 20:11:23.311,القناة 14: الجيش الإسرائيلي أعد خططا هجومية تحسبا لمواجهة محتملة مع إيران #العربية_عاجل,0,0,0,https://x.com/AlArabiya_Brk/status/2022010660708618399,2026,2,2026-02-12,القناة 14: الجيش الإسرائيلي أعد خططا هجومية تحسبا لمواجهة محتملة مع إيران #العربية_عاجل,Channel 14: The Israeli army has prepared offensive plans in anticipation of a possible confrontation with Iran #Al-Arabiya_Breaking
2022010448816615884,alarabiya_brk,2026-02-12 20:10:32.792,القناة 12: نتنياهو ناقش مع ترمب خطط العمل هجوميا ودفاعيا ضد إيران #العربية_عاجل,0,0,0,https://x.com/AlArabiya_Brk/status/2022010448816615884,2026,2,2026-02-12,القناة 12: نتنياهو ناقش مع ترمب خطط العمل هجوميا ودفاعيا ضد إيران #العربية_عاجل,Channel 12: Netanyahu discussed with Trump plans for offensive and defensive action against Iran #Al-Arabiya_Breaking
2022010229789958488,alarabiya_brk,2026-02-12 20:09:40.572,القناة 12: نتنياهو ناقش مع ترمب كل جوانب المفاوضات مع إيران #العربية_عاجل,0,0,0,https://x.com/AlArabiya_Brk/status/2022010229789958488,2026,2,2026-02-12,القناة 12: نتنياهو ناقش مع ترمب كل جوانب المفاوضات مع إيران #العربية_عاجل,Channel 12: Netanyahu discussed with Trump all aspects of the negotiations with Iran #Al-Arabiya_Breaking
2022009877078372658,alarabiya_brk,2026-02-12 20:08:16.479,الجيش الأميركي للعربية: سنواصل تعزيز قواتنا في الشرق الأوسط #العربية_عاجل,0,0,0,https://x.com/AlArabiya_Brk/status/2022009877078372658,2026,2,2026-02-12,الجيش الأميركي للعربية: سنواصل تعزيز قواتنا في الشرق الأوسط #العربية_عاجل,The US Army to Al-Arabiya: We will continue to strengthen our forces in the Middle East #Al-Arabiya_Breaking
2022006523396784430,alarabiya_brk,2026-02-12 19:54:56.899,ماكرون: لا أخطط للاتصال ببوتين قريبا #العربية_عاجل,0,0,0,https://x.com/AlArabiya_Brk/status/2022006523396784430,2026,2,2026-02-12,ماكرون: لا أخطط للاتصال ببوتين قريبا #العربية_عاجل,Macron: I do not plan to contact Putin soon #AlArabiya_Breaking
2022001253434155229,alarabiya_brk,2026-02-12 19:34:00.442,ألمانيا: سندعم أوكرانيا بصواريخ اعتراضية إذا التزمت دول الناتو بتسليم 30 صاروخا #العربية_عاجل,0,0,0,https://x.com/AlArabiya_Brk/status/2022001253434155229,2026,2,2026-02-12,ألمانيا: سندعم أوكرانيا بصواريخ اعتراضية إذا التزمت دول الناتو بتسليم 30 صاروخا #العربية_عاجل,Germany: We will support Ukraine with interceptor missiles if NATO countries commit to delivering 30 missiles #AlArabiya_Breaking
2022000360240402757,alarabiya_brk,2026-02-12 19:30:27.488,بريطانيا: 35 مليار دولار إجمالي تعهدات دول الناتو لدعم أوكرانيا عسكريا #العربية_عاجل,0,0,0,https://x.com/AlArabiya_Brk/status/2022000360240402757,2026,2,2026-02-12,بريطانيا: 35 مليار دولار إجمالي تعهدات دول الناتو لدعم أوكرانيا عسكريا #العربية_عاجل,Britain: $35 billion in total pledges from NATO countries to support Ukraine militarily #AlArabiya_Breaking
2021994639050338556,alarabiya_brk,2026-02-12 19:07:43.450,اتفاق فرنسي نرويجي لشراء قذائف لصالح أوكرانيا بنحو 750 مليون دولار #العربية_عاجل,0,0,0,https://x.com/AlArabiya_Brk/status/2021994639050338556,2026,2,2026-02-12,اتفاق فرنسي نرويجي لشراء قذائف لصالح أوكرانيا بنحو 750 مليون دولار #العربية_عاجل,A French-Norwegian agreement to purchase missiles for Ukraine for about $750 million #Al-Arabiya_Breaking
2021994319100481767,alarabiya_brk,2026-02-12 19:06:27.168,استقالة عضو مجلس السيادة السوداني سلمى عبد الجبار #العربية_عاجل,0,0,0,https://x.com/AlArabiya_Brk/status/2021994319100481767,2026,2,2026-02-12,استقالة عضو مجلس السيادة السوداني سلمى عبد الجبار #العربية_عاجل,Resignation of Sudanese Sovereignty Council member Salma Abdel Jabbar #AlArabiya_Breaking
2021993912219390440,alarabiya_brk,2026-02-12 19:04:50.160,الوكالة اللبنانية: إسرائيل استهدفت بـ 5 قذائف مدفعية أطراف بلدة دير ميماس #العربية_عاجل,0,0,0,https://x.com/AlArabiya_Brk/status/2021993912219390440,2026,2,2026-02-12,الوكالة اللبنانية: إسرائيل استهدفت بـ 5 قذائف مدفعية أطراف بلدة دير ميماس #العربية_عاجل,Lebanese Agency: Israel targeted with 5 artillery shells the outskirts of the town of Deir Mimas #Al-Arabiya_Breaking
2021993712230822072,alarabiya_brk,2026-02-12 19:04:02.479,الوكالة اللبنانية: إسرائيل تمشط بالأسلحة الرشاشة أطراف بلدة علما الشعب #العربية_عاجل,0,0,0,https://x.com/AlArabiya_Brk/status/2021993712230822072,2026,2,2026-02-12,الوكالة اللبنانية: إسرائيل تمشط بالأسلحة الرشاشة أطراف بلدة علما الشعب #العربية_عاجل,Lebanese Agency: Israel is combing with machine guns the outskirts of the town of Alma Al-Shaab #Al-Arabiya_Breaking
2021989687162699935,alarabiya_brk,2026-02-12 18:48:02.828,أوروبا تمدد تحذيرها لتجنب مجال إيران الجوي حتى 31 مارس #العربية_عاجل,0,0,0,https://x.com/AlArabiya_Brk/status/2021989687162699935,2026,2,2026-02-12,أوروبا تمدد تحذيرها لتجنب مجال إيران الجوي حتى 31 مارس #العربية_عاجل,Europe extends its warning to avoid Iranian airspace until March 31 #AlArabiya_Breaking
2021989017542107362,alarabiya_brk,2026-02-12 18:45:23.178,نتنياهو: ناقشت مع ترمب غزة وملفات المنطقة كلها #العربية_عاجل,0,0,0,https://x.com/AlArabiya_Brk/status/2021989017542107362,2026,2,2026-02-12,نتنياهو: ناقشت مع ترمب غزة وملفات المنطقة كلها #العربية_عاجل,Netanyahu: I discussed Gaza and the files of the entire region with Trump #AlArabiya_Breaking
2021988736230109690,alarabiya_brk,2026-02-12 18:44:16.108,نتنياهو: الاتفاق مع إيران يجب أن يشمل الصواريخ الباليستية والوكلاء #العربية_عاجل,0,0,0,https://x.com/AlArabiya_Brk/status/2021988736230109690,2026,2,2026-02-12,نتنياهو: الاتفاق مع إيران يجب أن يشمل الصواريخ الباليستية والوكلاء #العربية_عاجل,Netanyahu: The agreement with Iran must include ballistic missiles and agents #AlArabiya_Breaking
2021988481946321203,alarabiya_brk,2026-02-12 18:43:15.482,نتنياهو: أشك في التوصل لاتفاق مع إيران #العربية_عاجل,0,0,0,https://x.com/AlArabiya_Brk/status/2021988481946321203,2026,2,2026-02-12,نتنياهو: أشك في التوصل لاتفاق مع إيران #العربية_عاجل,Netanyahu: I doubt that an agreement will be reached with Iran #Al-Arabiya_Urgent
2021988381668905275,alarabiya_brk,2026-02-12 18:42:51.574,نتنياهو: إيران أدركت أنها أخطأت سابقا عندما لم تتوصل لاتفاق #العربية_عاجل,0,0,0,https://x.com/AlArabiya_Brk/status/2021988381668905275,2026,2,2026-02-12,نتنياهو: إيران أدركت أنها أخطأت سابقا عندما لم تتوصل لاتفاق #العربية_عاجل,Netanyahu: Iran realized that it had made a mistake previously when it did not reach an agreement #AlArabiya_Urgent
2021988153221956007,alarabiya_brk,2026-02-12 18:41:57.108,نتنياهو: أعتقد أن شروط ترمب تتيح التوصل لاتفاق جيد مع إيران #العربية_عاجل,0,0,0,https://x.com/AlArabiya_Brk/status/2021988153221956007,2026,2,2026-02-12,نتنياهو: أعتقد أن شروط ترمب تتيح التوصل لاتفاق جيد مع إيران #العربية_عاجل,Netanyahu: I believe that Trump’s conditions allow for a good agreement to be reached with Iran #Al-Arabiya_Urgent
2021988020719694224,alarabiya_brk,2026-02-12 18:41:25.517,نتنياهو: ترمب يعتقد أن الإيرانيين فهموا مع من يتعاملون #العربية_عاجل,0,0,0,https://x.com/AlArabiya_Brk/status/2021988020719694224,2026,2,2026-02-12,نتنياهو: ترمب يعتقد أن الإيرانيين فهموا مع من يتعاملون #العربية_عاجل,Netanyahu: Trump believes that the Iranians understand who they are dealing with #AlArabiya_Breaking
2021985416182738968,alarabiya_brk,2026-02-12 18:31:04.547,تراجع جماعي للمعادن والبتكوين في المعاملات الفورية #العربية_عاجل,0,0,0,https://x.com/AlArabiya_Brk/status/2021985416182738968,2026,2,2026-02-12,تراجع جماعي للمعادن والبتكوين في المعاملات الفورية #العربية_عاجل,A collective decline in metals and Bitcoin in instant transactions #Al-Arabiya_Breaking
2021985173835751866,alarabiya_brk,2026-02-12 18:30:06.767,الفضة تتراجع بنحو 9% في المعاملات الفورية إلى 76 دولارا للأونصة #العربية_عاجل,0,0,0,https://x.com/AlArabiya_Brk/status/2021985173835751866,2026,2,2026-02-12,الفضة تتراجع بنحو 9% في المعاملات الفورية إلى 76 دولارا للأونصة #العربية_عاجل,Silver declines by about 9% in spot transactions to $76 per ounce #Arabic_Breaking
2021985006315249955,alarabiya_brk,2026-02-12 18:29:26.827,الذهب ينخفض في المعاملات الفورية بنحو 4% إلى 4880 دولارا للأونصة #العربية_عاجل,0,0,0,https://x.com/AlArabiya_Brk/status/2021985006315249955,2026,2,2026-02-12,الذهب ينخفض في المعاملات الفورية بنحو 4% إلى 4880 دولارا للأونصة #العربية_عاجل,"Gold decreases in spot transactions by about 4% to $4,880 per ounce #Arabiya_Breaking"
2021984751477727495,alarabiya_brk,2026-02-12 18:28:26.069,ترمب: فنزويلا بدأت تجني أموالا طائلة لم تشهدها منذ سنوات #العربية_عاجل,0,0,0,https://x.com/AlArabiya_Brk/status/2021984751477727495,2026,2,2026-02-12,ترمب: فنزويلا بدأت تجني أموالا طائلة لم تشهدها منذ سنوات #العربية_عاجل,Trump: Venezuela has begun to make huge amounts of money that it has not seen in years #AlArabiya_Breaking
2021984583277748581,alarabiya_brk,2026-02-12 18:27:45.967,ترمب: النفط بدأ يتدفق وسيساعد الشعب الفنزويلي بشكل كبير #العربية_عاجل,0,0,0,https://x.com/AlArabiya_Brk/status/2021984583277748581,2026,2,2026-02-12,ترمب: النفط بدأ يتدفق وسيساعد الشعب الفنزويلي بشكل كبير #العربية_عاجل,Trump: Oil is starting to flow and will help the Venezuelan people greatly #AlArabiya_Breaking
2021984249599893700,alarabiya_brk,2026-02-12 18:26:26.412,ترمب: علاقتنا مع رئيسة فنزويلا المؤقتة جيدة للغاية #العربية_عاجل,0,0,0,https://x.com/AlArabiya_Brk/status/2021984249599893700,2026,2,2026-02-12,ترمب: علاقتنا مع رئيسة فنزويلا المؤقتة جيدة للغاية #العربية_عاجل,Trump: Our relationship with the interim president of Venezuela is very good #AlArabiya_Breaking
2021984116137140651,alarabiya_brk,2026-02-12 18:25:54.592,ترمب: العلاقات مع فنزويلا استثنائية  #العربية_عاجل,0,0,0,https://x.com/AlArabiya_Brk/status/2021984116137140651,2026,2,2026-02-12,ترمب: العلاقات مع فنزويلا استثنائية  #العربية_عاجل,Trump: Relations with Venezuela are exceptional #Al-Arabiya_Breaking
2021981321803735529,alarabiya_brk,2026-02-12 18:14:48.371,مسؤول أميركي لـ WSJ: حولنا أموالا من مبادرة حرية الإنترنت بإيران لشراء أجهزة ستارلينك #العربية_عاجل,0,0,0,https://x.com/AlArabiya_Brk/status/2021981321803735529,2026,2,2026-02-12,مسؤول أميركي لـ WSJ: حولنا أموالا من مبادرة حرية الإنترنت بإيران لشراء أجهزة ستارلينك #العربية_عاجل,An American official told WSJ: We transferred money from Iran’s Internet Freedom Initiative to buy Starlink devices #AlArabiya_Breaking
2021980982585205094,alarabiya_brk,2026-02-12 18:13:27.495,مسؤول أميركي لـ WSJ: ترمب كان على علم بإرسال أجهزة ستارلينك للداخل الإيراني #العربية_عاجل,0,0,0,https://x.com/AlArabiya_Brk/status/2021980982585205094,2026,2,2026-02-12,مسؤول أميركي لـ WSJ: ترمب كان على علم بإرسال أجهزة ستارلينك للداخل الإيراني #العربية_عاجل,An American official told WSJ: Trump was aware that Starlink devices were being sent into Iran #AlArabiya_Breaking
2021980840545100190,alarabiya_brk,2026-02-12 18:12:53.630,مسؤول أميركي لـ WSJ: أرسلنا أجهزة ستارلينك مباشرة للداخل الإيراني للمرة الأولى #العربية_عاجل,0,0,0,https://x.com/AlArabiya_Brk/status/2021980840545100190,2026,2,2026-02-12,مسؤول أميركي لـ WSJ: أرسلنا أجهزة ستارلينك مباشرة للداخل الإيراني للمرة الأولى #العربية_عاجل,An American official told WSJ: We sent Starlink devices directly into Iran for the first time #AlArabiya_Breaking
2021980697087320094,alarabiya_brk,2026-02-12 18:12:19.427,مسؤول لـ WSJ: أميركا أرسلت ما لا يقل عن 6000 جهاز ستارلينك للداخل الإيراني #العربية_عاجل,0,0,0,https://x.com/AlArabiya_Brk/status/2021980697087320094,2026,2,2026-02-12,مسؤول لـ WSJ: أميركا أرسلت ما لا يقل عن 6000 جهاز ستارلينك للداخل الإيراني #العربية_عاجل,"Official to WSJ: America sent at least 6,000 Starlink devices into Iran #AlArabiya_Breaking"
2021980512546431218,alarabiya_brk,2026-02-12 18:11:35.429,وول ستريت جورنال: أميركا أدخلت آلافا من أجهزة ستارلينك لإيران بعد الاحتجاجات #العربية_عاجل,0,0,0,https://x.com/AlArabiya_Brk/status/2021980512546431218,2026,2,2026-02-12,وول ستريت جورنال: أميركا أدخلت آلافا من أجهزة ستارلينك لإيران بعد الاحتجاجات #العربية_عاجل,Wall Street Journal: America brought thousands of Starlink devices to Iran after the protests #Al-Arabiya_Breaking
2021977996542816284,alarabiya_brk,2026-02-12 18:01:35.567,بلومبرغ: الكرملين لا يستبعد عودة التعامل بالدولار مع أميركا #العربية_عاجل,0,0,0,https://x.com/AlArabiya_Brk/status/2021977996542816284,2026,2,2026-02-12,بلومبرغ: الكرملين لا يستبعد عودة التعامل بالدولار مع أميركا #العربية_عاجل,Bloomberg: The Kremlin does not rule out the return of dollar dealings with America #Al-Arabiya_Breaking
2021977941991661582,alarabiya_brk,2026-02-12 18:01:22.561,بلومبرغ: الكرملين حدد مجالات محتملة لتعاون اقتصادي مع ترمب #العربية_عاجل,0,0,0,https://x.com/AlArabiya_Brk/status/2021977941991661582,2026,2,2026-02-12,بلومبرغ: الكرملين حدد مجالات محتملة لتعاون اقتصادي مع ترمب #العربية_عاجل,Bloomberg: The Kremlin has identified potential areas for economic cooperation with Trump #AlArabiya_Breaking
2021968581290865021,alarabiya_brk,2026-02-12 17:24:10.796,رويترز: تعليق العمليات بمصفاة فولغوغراد بعد هجوم أوكراني #العربية_عاجل,0,0,0,https://x.com/AlArabiya_Brk/status/2021968581290865021,2026,2,2026-02-12,رويترز: تعليق العمليات بمصفاة فولغوغراد بعد هجوم أوكراني #العربية_عاجل,Reuters: Suspension of operations at the Volgograd refinery after a Ukrainian attack #AlArabiya_Breaking
2021963777181167724,alarabiya_brk,2026-02-12 17:05:05.407,"قائد ""سنتكوم"": سنستمر في منع عودة ظهور داعش #العربية_عاجل",0,0,0,https://x.com/AlArabiya_Brk/status/2021963777181167724,2026,2,2026-02-12,"قائد ""سنتكوم"": سنستمر في منع عودة ظهور داعش #العربية_عاجل",Centcom Commander: We will continue to prevent the re-emergence of ISIS #AlArabiya_Breaking
2021963620326711753,alarabiya_brk,2026-02-12 17:04:28.010,سنتكوم: اعتقال وتصفية أكثر من 50 عنصرا من داعش خلال شهرين #العربية_عاجل,0,0,0,https://x.com/AlArabiya_Brk/status/2021963620326711753,2026,2,2026-02-12,سنتكوم: اعتقال وتصفية أكثر من 50 عنصرا من داعش خلال شهرين #العربية_عاجل,Centcom: More than 50 ISIS members were arrested and liquidated within two months #AlArabiya_Breaking
2021963540089676263,alarabiya_brk,2026-02-12 17:04:08.880,سنتكوم: هاجمنا أكثر من 100 هدف لداعش خلال شهرين #العربية_عاجل,0,0,0,https://x.com/AlArabiya_Brk/status/2021963540089676263,2026,2,2026-02-12,سنتكوم: هاجمنا أكثر من 100 هدف لداعش خلال شهرين #العربية_عاجل,Centcom: We attacked more than 100 ISIS targets within two months #AlArabiya_Breaking
2021963194516852822,alarabiya_brk,2026-02-12 17:02:46.489,"قائد ""سنتكوم"" بعد مغادرة التنف: سنبقى مستعدين للرد على أي تهديد من داعش #العربية_عاجل",0,0,0,https://x.com/AlArabiya_Brk/status/2021963194516852822,2026,2,2026-02-12,"قائد ""سنتكوم"" بعد مغادرة التنف: سنبقى مستعدين للرد على أي تهديد من داعش #العربية_عاجل",Centcom commander after leaving Al-Tanf: We will remain ready to respond to any threat from ISIS #Al-Arabiya_Breaking
2021962872276816177,alarabiya_brk,2026-02-12 17:01:29.661,سنتكوم: أكملنا مغادرة قاعدة التنف بعملية مدروسة ومنظمة #العربية_عاجل,0,0,0,https://x.com/AlArabiya_Brk/status/2021962872276816177,2026,2,2026-02-12,سنتكوم: أكملنا مغادرة قاعدة التنف بعملية مدروسة ومنظمة #العربية_عاجل,Centcom: We completed the departure of Al-Tanf base with a deliberate and organized operation #Al-Arabiya_Breaking
2021954961228128564,alarabiya_brk,2026-02-12 16:30:03.520,المجلس النرويجي للاجئين للعربية: على المجتمع الدولي الضغط لتطبيق هدنة بالسودان #العربية_عاجل,0,0,0,https://x.com/AlArabiya_Brk/status/2021954961228128564,2026,2,2026-02-12,المجلس النرويجي للاجئين للعربية: على المجتمع الدولي الضغط لتطبيق هدنة بالسودان #العربية_عاجل,Norwegian Refugee Council for Arabic: The international community must pressure to implement a truce in Sudan #AlArabiya_Urgent
2021954883637723598,alarabiya_brk,2026-02-12 16:29:45.021,المجلس النرويجي للاجئين للعربية: عراقيل كبيرة تحول دون إيصال المساعدات بالسودان #العربية_عاجل,0,0,0,https://x.com/AlArabiya_Brk/status/2021954883637723598,2026,2,2026-02-12,المجلس النرويجي للاجئين للعربية: عراقيل كبيرة تحول دون إيصال المساعدات بالسودان #العربية_عاجل,Norwegian Refugee Council for Arabic: Major obstacles preventing the delivery of aid to Sudan #AlArabiya_Breaking
2021954805216714975,alarabiya_brk,2026-02-12 16:29:26.324,المجلس النرويجي للاجئين للعربية: استهداف مخازن المساعدات بالسودان غير مقبول #العربية_عاجل,0,0,0,https://x.com/AlArabiya_Brk/status/2021954805216714975,2026,2,2026-02-12,المجلس النرويجي للاجئين للعربية: استهداف مخازن المساعدات بالسودان غير مقبول #العربية_عاجل,Norwegian Refugee Council to Al-Arabiya: Targeting aid warehouses in Sudan is unacceptable #Al-Arabiya_Urgent
2021954666100052077,alarabiya_brk,2026-02-12 16:28:53.156,المجلس النرويجي للاجئين للعربية: زيادة كبيرة في استهداف المساعدات بالسودان مؤخرا #العربية_عاجل,0,0,0,https://x.com/AlArabiya_Brk/status/2021954666100052077,2026,2,2026-02-12,المجلس النرويجي للاجئين للعربية: زيادة كبيرة في استهداف المساعدات بالسودان مؤخرا #العربية_عاجل,Norwegian Refugee Council to Al-Arabiya: A significant increase in the targeting of aid in Sudan recently #Al-Arabiya_Breaking
2021952439574790285,alarabiya_brk,2026-02-12 16:20:02.311,مسؤول الحدود: ترمب وافق على سحب قوات الهجرة من مينيسوتا #العربية_عاجل,0,0,0,https://x.com/AlArabiya_Brk/status/2021952439574790285,2026,2,2026-02-12,مسؤول الحدود: ترمب وافق على سحب قوات الهجرة من مينيسوتا #العربية_عاجل,Border official: Trump agreed to withdraw immigration forces from Minnesota #AlArabiya_Breaking
2021946810382667942,alarabiya_brk,2026-02-12 15:57:40.207,ترمب يؤكد التقارير بشأن إرسال حاملة طائرات ثانية إلى الشرق الأوسط #العربية_عاجل,0,0,0,https://x.com/AlArabiya_Brk/status/2021946810382667942,2026,2,2026-02-12,ترمب يؤكد التقارير بشأن إرسال حاملة طائرات ثانية إلى الشرق الأوسط #العربية_عاجل,Trump confirms reports about sending a second aircraft carrier to the Middle East #AlArabiya_Breaking
2021939859066134710,alarabiya_brk,2026-02-12 15:30:02.884,العربية في شبوة ترصد الوضع بعد التوترات الأمنية #العربية_عاجل,0,0,0,https://x.com/AlArabiya_Brk/status/2021939859066134710,2026,2,2026-02-12,العربية في شبوة ترصد الوضع بعد التوترات الأمنية #العربية_عاجل,Al Arabiya in Shabwa monitors the situation after security tensions #Al Arabiya_Breaking
2021937424406819058,alarabiya_brk,2026-02-12 15:20:22.416,مجلس السلم والأمن الأفريقي: ندعو جميع الأعضاء لعدم الاعتراف بحكومة موازية بالسودان #العربية_عاجل,0,0,0,https://x.com/AlArabiya_Brk/status/2021937424406819058,2026,2,2026-02-12,مجلس السلم والأمن الأفريقي: ندعو جميع الأعضاء لعدم الاعتراف بحكومة موازية بالسودان #العربية_عاجل,African Peace and Security Council: We call on all members not to recognize a parallel government in Sudan #AlArabiya_Urgent
2021937323001139594,alarabiya_brk,2026-02-12 15:19:58.239,"مجلس السلم والأمن الأفريقي: نرفض ما يسمى بـ""الحكومة الموازية"" بالسودان #العربية_عاجل",0,0,0,https://x.com/AlArabiya_Brk/status/2021937323001139594,2026,2,2026-02-12,"مجلس السلم والأمن الأفريقي: نرفض ما يسمى بـ""الحكومة الموازية"" بالسودان #العربية_عاجل",African Peace and Security Council: We reject the so-called “parallel government” in Sudan #AlArabiya_Urgent
2021937179631521810,alarabiya_brk,2026-02-12 15:19:24.057,مجلس السلم والأمن الأفريقي يدعو لحوار شامل بقيادة سودانية #العربية_عاجل,0,0,0,https://x.com/AlArabiya_Brk/status/2021937179631521810,2026,2,2026-02-12,مجلس السلم والأمن الأفريقي يدعو لحوار شامل بقيادة سودانية #العربية_عاجل,The African Peace and Security Council calls for a comprehensive dialogue led by Sudanese #AlArabiya_Breaking
2021936994348134830,alarabiya_brk,2026-02-12 15:18:39.882,مجلس السلم والأمن الأفريقي يدعو لهدنة فورية في السودان #العربية_عاجل,0,0,0,https://x.com/AlArabiya_Brk/status/2021936994348134830,2026,2,2026-02-12,مجلس السلم والأمن الأفريقي يدعو لهدنة فورية في السودان #العربية_عاجل,The African Peace and Security Council calls for an immediate truce in Sudan #AlArabiya_Breaking
2021935377846518140,alarabiya_brk,2026-02-12 15:12:14.478,رويترز: القوات الأميركية أتمت انسحابها من قاعدة التنف السورية #العربية_عاجل,0,0,0,https://x.com/AlArabiya_Brk/status/2021935377846518140,2026,2,2026-02-12,رويترز: القوات الأميركية أتمت انسحابها من قاعدة التنف السورية #العربية_عاجل,Reuters: American forces have completed their withdrawal from the Syrian Al-Tanf base #Al-Arabiya_Breaking
2021930709191971167,alarabiya_brk,2026-02-12 14:53:41.384,السعودية.. أمر ملكي بتعيين فهد بن عبد الجليل آل سيف وزيرا للاستثمار #العربية_عاجل,0,0,0,https://x.com/AlArabiya_Brk/status/2021930709191971167,2026,2,2026-02-12,السعودية.. أمر ملكي بتعيين فهد بن عبد الجليل آل سيف وزيرا للاستثمار #العربية_عاجل,Saudi Arabia.. A royal order appointing Fahd bin Abdul Jalil Al Saif as Minister of Investment #Al-Arabiya_Breaking
2021930302730363032,alarabiya_brk,2026-02-12 14:52:04.476,السعودية.. أمر ملكي بإعفاء وزير الاستثمار خالد الفالح وتعيينه وزير دولة #العربية_عاجل,0,0,0,https://x.com/AlArabiya_Brk/status/2021930302730363032,2026,2,2026-02-12,السعودية.. أمر ملكي بإعفاء وزير الاستثمار خالد الفالح وتعيينه وزير دولة #العربية_عاجل,Saudi Arabia.. A royal order relieving Investment Minister Khalid Al-Falih and appointing him as Minister of State #Al-Arabiya_Breaking
2021928913815896201,alarabiya_brk,2026-02-12 14:46:33.333,العراق: جميع السجون المخصصة لعناصر داعش خاضعة لوزارة العدل #العربية_عاجل,0,0,0,https://x.com/AlArabiya_Brk/status/2021928913815896201,2026,2,2026-02-12,العراق: جميع السجون المخصصة لعناصر داعش خاضعة لوزارة العدل #العربية_عاجل,Iraq: All prisons designated for ISIS members are subject to the Ministry of Justice #Al-Arabiya_Breaking
2021928770337202512,alarabiya_brk,2026-02-12 14:45:59.125,العراق: جميع السجون المخصصة لعناصر داعش مؤمنة ولا خروقات #العربية_عاجل,0,0,0,https://x.com/AlArabiya_Brk/status/2021928770337202512,2026,2,2026-02-12,العراق: جميع السجون المخصصة لعناصر داعش مؤمنة ولا خروقات #العربية_عاجل,Iraq: All prisons designated for ISIS members are secure and there are no violations #Al-Arabiya_Breaking
2021928625277124993,alarabiya_brk,2026-02-12 14:45:24.540,العراق يعلن اكتمال نقل سجناء داعش من سوريا بالتعاون مع التحالف الدولي #العربية_عاجل,0,0,0,https://x.com/AlArabiya_Brk/status/2021928625277124993,2026,2,2026-02-12,العراق يعلن اكتمال نقل سجناء داعش من سوريا بالتعاون مع التحالف الدولي #العربية_عاجل,Iraq announces the completion of the transfer of ISIS prisoners from Syria in cooperation with the international coalition #AlArabiya_Breaking
2021923044202090893,alarabiya_brk,2026-02-12 14:23:13.908,رئيسة فنزويلا المؤقتة لـ NBC: تلقيت دعوة لزيارة أميركا #العربية_عاجل,0,0,0,https://x.com/AlArabiya_Brk/status/2021923044202090893,2026,2,2026-02-12,رئيسة فنزويلا المؤقتة لـ NBC: تلقيت دعوة لزيارة أميركا #العربية_عاجل,Interim President of Venezuela to NBC: I received an invitation to visit America #Arab_Urgent
2021922775984676888,alarabiya_brk,2026-02-12 14:22:09.960,رئيسة فنزويلا المؤقتة لـ NBC: مادورو لا يزال الرئيس الشرعي #العربية_عاجل,0,0,0,https://x.com/AlArabiya_Brk/status/2021922775984676888,2026,2,2026-02-12,رئيسة فنزويلا المؤقتة لـ NBC: مادورو لا يزال الرئيس الشرعي #العربية_عاجل,Interim President of Venezuela to NBC: Maduro is still the legitimate president #AlArabiya_Breaking
2021922281027469806,alarabiya_brk,2026-02-12 14:20:11.953,رئيسة فنزويلا الانتقالية: تلقيت دعوة لزيارة أميركا #العربية_عاجل,0,0,0,https://x.com/AlArabiya_Brk/status/2021922281027469806,2026,2,2026-02-12,رئيسة فنزويلا الانتقالية: تلقيت دعوة لزيارة أميركا #العربية_عاجل,Transitional President of Venezuela: I received an invitation to visit America #Arab_Urgent
2021919117117186281,alarabiya_brk,2026-02-12 14:07:37.618,أوكرانيا تعلن استهداف مصفاة نفط شمال روسيا #العربية_عاجل,0,0,0,https://x.com/AlArabiya_Brk/status/2021919117117186281,2026,2,2026-02-12,أوكرانيا تعلن استهداف مصفاة نفط شمال روسيا #العربية_عاجل,Ukraine announces the targeting of an oil refinery in northern Russia #AlArabiya_Breaking
2021916366022791608,alarabiya_brk,2026-02-12 13:56:41.706,مصر تجدد التزامها بدعم بناء مؤسسات الدولة الصومالية #العربية_عاجل,0,0,0,https://x.com/AlArabiya_Brk/status/2021916366022791608,2026,2,2026-02-12,مصر تجدد التزامها بدعم بناء مؤسسات الدولة الصومالية #العربية_عاجل,Egypt renews its commitment to supporting the building of Somali state institutions #AlArabiya_Breaking
2021916246564819035,alarabiya_brk,2026-02-12 13:56:13.225,وزير خارجية مصر لنظيره الصومالي: نرفض أي اعترافات أحادية #العربية_عاجل,0,0,0,https://x.com/AlArabiya_Brk/status/2021916246564819035,2026,2,2026-02-12,وزير خارجية مصر لنظيره الصومالي: نرفض أي اعترافات أحادية #العربية_عاجل,Egyptian Foreign Minister to his Somali counterpart: We reject any unilateral confessions #AlArabiya_Breaking
2021910687589585128,alarabiya_brk,2026-02-12 13:34:07.862,وول ستريت جورنال: اصطدام سفينتين للبحرية الأميركية قرب أميركا الجنوبية #العربية_عاجل,0,0,0,https://x.com/AlArabiya_Brk/status/2021910687589585128,2026,2,2026-02-12,وول ستريت جورنال: اصطدام سفينتين للبحرية الأميركية قرب أميركا الجنوبية #العربية_عاجل,Wall Street Journal: Two US Navy ships collide near South America #Arabia_Breaking
2021900454448316496,alarabiya_brk,2026-02-12 12:53:28.091,مسؤول إيراني رفيع: لا حل عسكريا لبرنامجنا النووي #العربية_عاجل,0,0,0,https://x.com/AlArabiya_Brk/status/2021900454448316496,2026,2,2026-02-12,مسؤول إيراني رفيع: لا حل عسكريا لبرنامجنا النووي #العربية_عاجل,Senior Iranian official: There is no military solution to our nuclear program #AlArabiya_Breaking
2021900109923958960,alarabiya_brk,2026-02-12 12:52:05.950,الاتحاد الأوروبي للعربية: ندعو إلى عدم تزويد الأطراف السودانية بالسلاح #العربية_عاجل,0,0,0,https://x.com/AlArabiya_Brk/status/2021900109923958960,2026,2,2026-02-12,الاتحاد الأوروبي للعربية: ندعو إلى عدم تزويد الأطراف السودانية بالسلاح #العربية_عاجل,European Union for Arabic: We call for not supplying weapons to the Sudanese parties #AlArabiya_Breaking
2021899995469816014,alarabiya_brk,2026-02-12 12:51:38.662,الاتحاد الأوروبي للعربية: أطراف خارجية تتحمل مسؤولية وقف النزاع بالسودان #العربية_عاجل,0,0,0,https://x.com/AlArabiya_Brk/status/2021899995469816014,2026,2,2026-02-12,الاتحاد الأوروبي للعربية: أطراف خارجية تتحمل مسؤولية وقف النزاع بالسودان #العربية_عاجل,European Union for Arabic: External parties bear responsibility for stopping the conflict in Sudan #AlArabiya_Urgent
2021899727189512569,alarabiya_brk,2026-02-12 12:50:34.699,الاتحاد الأوروبي للعربية: نتابع عن كثب التقارير بشأن معسكر الدعم السريع بإثيوبيا #العربية_عاجل,0,0,0,https://x.com/AlArabiya_Brk/status/2021899727189512569,2026,2,2026-02-12,الاتحاد الأوروبي للعربية: نتابع عن كثب التقارير بشأن معسكر الدعم السريع بإثيوبيا #العربية_عاجل,European Union for Arabic: We are closely following reports regarding the Rapid Support Camp in Ethiopia #AlArabiya_Breaking
2021899428458586375,alarabiya_brk,2026-02-12 12:49:23.476,السويد تعلن إرسال مقاتلات لتنفيذ دوريات في غرينلاند #العربية_عاجل,0,0,0,https://x.com/AlArabiya_Brk/status/2021899428458586375,2026,2,2026-02-12,السويد تعلن إرسال مقاتلات لتنفيذ دوريات في غرينلاند #العربية_عاجل,Sweden announces sending fighter jets to carry out patrols in Greenland #AlArabiya_Breaking
2021897377531973903,alarabiya_brk,2026-02-12 12:41:14.497,الدفاع السورية: بدأنا الانتشار على الحدود مع العراق والأردن في بادية التنف #العربية_عاجل,0,0,0,https://x.com/AlArabiya_Brk/status/2021897377531973903,2026,2,2026-02-12,الدفاع السورية: بدأنا الانتشار على الحدود مع العراق والأردن في بادية التنف #العربية_عاجل,Syrian Defense: We have begun deployment on the borders with Iraq and Jordan in the Al-Tanf desert #Al-Arabiya_Breaking
2021897152809545821,alarabiya_brk,2026-02-12 12:40:20.919,الدفاع السورية: قواتنا تؤمن قاعدة التنف ومحيطها #العربية_عاجل,0,0,0,https://x.com/AlArabiya_Brk/status/2021897152809545821,2026,2,2026-02-12,الدفاع السورية: قواتنا تؤمن قاعدة التنف ومحيطها #العربية_عاجل,Syrian Defense: Our forces secure Al-Tanf base and its surroundings #Al-Arabiya_Breaking
2021897047406793063,alarabiya_brk,2026-02-12 12:39:55.789,الدفاع السورية: استلمنا قاعدة التنف بالتنسيق مع أميركا #العربية_عاجل,0,0,0,https://x.com/AlArabiya_Brk/status/2021897047406793063,2026,2,2026-02-12,الدفاع السورية: استلمنا قاعدة التنف بالتنسيق مع أميركا #العربية_عاجل,Syrian Defense: We received Al-Tanf base in coordination with America #Arab_Breaking
2021896322958176456,alarabiya_brk,2026-02-12 12:37:03.067,مراسل العربية: الجيش السوداني يقصف مواقع للدعم بمدينة زالنجي وسط دارفور #العربية_عاجل,0,0,0,https://x.com/AlArabiya_Brk/status/2021896322958176456,2026,2,2026-02-12,مراسل العربية: الجيش السوداني يقصف مواقع للدعم بمدينة زالنجي وسط دارفور #العربية_عاجل,"Al-Arabiya correspondent: The Sudanese army bombs support sites in the city of Zalingei, Central Darfur #Al-Arabiya_Breaking"
2021893544575648106,alarabiya_brk,2026-02-12 12:26:00.649,الأمم المتحدة: 115 ألف شخص نزحوا بجميع أنحاء كردفان منذ أكتوبر #العربية_عاجل,0,0,0,https://x.com/AlArabiya_Brk/status/2021893544575648106,2026,2,2026-02-12,الأمم المتحدة: 115 ألف شخص نزحوا بجميع أنحاء كردفان منذ أكتوبر #العربية_عاجل,"United Nations: 115,000 people have been displaced throughout Kordofan since October #AlArabiya_Breaking"
2021891887980806192,alarabiya_brk,2026-02-12 12:19:25.686,رئيس وزراء المجر: السلام مفتاح استعادة النمو في أوروبا #العربية_عاجل,0,0,0,https://x.com/AlArabiya_Brk/status/2021891887980806192,2026,2,2026-02-12,رئيس وزراء المجر: السلام مفتاح استعادة النمو في أوروبا #العربية_عاجل,Prime Minister of Hungary: Peace is the key to restoring growth in Europe #AlArabiya_Breaking
2021891777846776187,alarabiya_brk,2026-02-12 12:18:59.428,رئيس وزراء المجر: الاقتصاد الأوروبي معطل بسبب حرب أوكرانيا #العربية_عاجل,0,0,0,https://x.com/AlArabiya_Brk/status/2021891777846776187,2026,2,2026-02-12,رئيس وزراء المجر: الاقتصاد الأوروبي معطل بسبب حرب أوكرانيا #العربية_عاجل,Prime Minister of Hungary: The European economy is crippled due to the Ukraine war #AlArabiya_Breaking
2021889789289480440,alarabiya_brk,2026-02-12 12:11:05.319,السفارة الأميركية ببغداد: حكومة العراق يجب أن تركز على المصالح الوطنية #العربية_عاجل,0,0,0,https://x.com/AlArabiya_Brk/status/2021889789289480440,2026,2,2026-02-12,السفارة الأميركية ببغداد: حكومة العراق يجب أن تركز على المصالح الوطنية #العربية_عاجل,The US Embassy in Baghdad: The Iraqi government must focus on national interests #Al-Arabiya_Breaking
2021889413077225746,alarabiya_brk,2026-02-12 12:09:35.623,السفارة الأميركية ببغداد: الحكومة العراقية يجب أن تبقى مستقلة بالكامل #العربية_عاجل,0,0,0,https://x.com/AlArabiya_Brk/status/2021889413077225746,2026,2,2026-02-12,السفارة الأميركية ببغداد: الحكومة العراقية يجب أن تبقى مستقلة بالكامل #العربية_عاجل,The US Embassy in Baghdad: The Iraqi government must remain completely independent #AlArabiya_Breaking
2021889223851143396,alarabiya_brk,2026-02-12 12:08:50.508,السفارة الأميركية بالعراق: مستعدون لمواجهة أنشطة إيران المزعزعة للاستقرار #العربية_عاجل,0,0,0,https://x.com/AlArabiya_Brk/status/2021889223851143396,2026,2,2026-02-12,السفارة الأميركية بالعراق: مستعدون لمواجهة أنشطة إيران المزعزعة للاستقرار #العربية_عاجل,The US Embassy in Iraq: We are ready to confront Iran’s destabilizing activities #AlArabiya_Breaking
2021888532126613789,alarabiya_brk,2026-02-12 12:06:05.588,تابعوا على العربية بيزنس مقابلة خاصة مع رئيس شركة مايكروسوفت #العربية_عاجل,0,0,0,https://x.com/AlArabiya_Brk/status/2021888532126613789,2026,2,2026-02-12,تابعوا على العربية بيزنس مقابلة خاصة مع رئيس شركة مايكروسوفت #العربية_عاجل,Follow on Al Arabiya Business a special interview with the CEO of Microsoft #Al Arabiya_Breaking
2021886910780654020,alarabiya_brk,2026-02-12 11:59:39.029,مصر: ندعو الاتحاد الأفريقي للتواصل مع القيادة السودانية الشرعية #العربية_عاجل,0,0,0,https://x.com/AlArabiya_Brk/status/2021886910780654020,2026,2,2026-02-12,مصر: ندعو الاتحاد الأفريقي للتواصل مع القيادة السودانية الشرعية #العربية_عاجل,Egypt: We call on the African Union to communicate with the legitimate Sudanese leadership #AlArabiya_Urgent
2021886708195746203,alarabiya_brk,2026-02-12 11:58:50.729,مصر: هناك خطوط حمراء واضحة في السودان لن نسمح بتجاوزها #العربية_عاجل,0,0,0,https://x.com/AlArabiya_Brk/status/2021886708195746203,2026,2,2026-02-12,مصر: هناك خطوط حمراء واضحة في السودان لن نسمح بتجاوزها #العربية_عاجل,Egypt: There are clear red lines in Sudan that we will not allow to be crossed #AlArabiya_Breaking
2021886562317877521,alarabiya_brk,2026-02-12 11:58:15.949,مصر: لن نتهاون في الحفاظ على وحدة وسيادة واستقرار السودان #العربية_عاجل,0,0,0,https://x.com/AlArabiya_Brk/status/2021886562317877521,2026,2,2026-02-12,مصر: لن نتهاون في الحفاظ على وحدة وسيادة واستقرار السودان #العربية_عاجل,"Egypt: We will not be complacent in preserving the unity, sovereignty and stability of Sudan #AlArabiya_Breaking"
2021886396659618130,alarabiya_brk,2026-02-12 11:57:36.453,مصر: نشجب جميع محاولات الدعم السريع لتقسيم السودان #العربية_عاجل,0,0,0,https://x.com/AlArabiya_Brk/status/2021886396659618130,2026,2,2026-02-12,مصر: نشجب جميع محاولات الدعم السريع لتقسيم السودان #العربية_عاجل,Egypt: We denounce all attempts by Rapid Support to divide Sudan #AlArabiya_Urgent
2021885771980866007,alarabiya_brk,2026-02-12 11:55:07.518,الكرملين: حظرنا تطبيق واتساب بسبب عدم الامتثال للقوانين #العربية_عاجل,0,0,0,https://x.com/AlArabiya_Brk/status/2021885771980866007,2026,2,2026-02-12,الكرملين: حظرنا تطبيق واتساب بسبب عدم الامتثال للقوانين #العربية_عاجل,The Kremlin: We banned the WhatsApp application due to non-compliance with laws #Arabic_Breaking
2021885427674673354,alarabiya_brk,2026-02-12 11:53:45.429,الكرملين: جولة المحادثات المقبلة مع أوكرانيا قريبا #العربية_عاجل,0,0,0,https://x.com/AlArabiya_Brk/status/2021885427674673354,2026,2,2026-02-12,الكرملين: جولة المحادثات المقبلة مع أوكرانيا قريبا #العربية_عاجل,The Kremlin: The next round of talks with Ukraine soon #AlArabiya_Breaking
2021884969660928263,alarabiya_brk,2026-02-12 11:51:56.230,الكرملين: نأمل في حوار بناء مع أميركا بشأن كوبا #العربية_عاجل,0,0,0,https://x.com/AlArabiya_Brk/status/2021884969660928263,2026,2,2026-02-12,الكرملين: نأمل في حوار بناء مع أميركا بشأن كوبا #العربية_عاجل,The Kremlin: We hope for a constructive dialogue with America regarding Cuba #AlArabiya_Breaking
2021879658623483939,alarabiya_brk,2026-02-12 11:30:49.980,أوكرانيا: هاجمنا مصنعا عسكريا في تامبوف غربي روسيا #العربية_عاجل,0,0,0,https://x.com/AlArabiya_Brk/status/2021879658623483939,2026,2,2026-02-12,أوكرانيا: هاجمنا مصنعا عسكريا في تامبوف غربي روسيا #العربية_عاجل,"Ukraine: We attacked a military factory in Tambov, western Russia #AlArabiya_Breaking"
2021874977641791947,alarabiya_brk,2026-02-12 11:12:13.947,الخارجية الروسية: لا يمكن استبعاد عملية عسكرية أميركية ضد إيران #العربية_عاجل,0,0,0,https://x.com/AlArabiya_Brk/status/2021874977641791947,2026,2,2026-02-12,الخارجية الروسية: لا يمكن استبعاد عملية عسكرية أميركية ضد إيران #العربية_عاجل,Russian Foreign Ministry: An American military operation against Iran cannot be ruled out #AlArabiya_Breaking
2021873703680663721,alarabiya_brk,2026-02-12 11:07:10.211,روسيا: لن نشارك في اجتماع مجلس السلام برئاسة ترمب #العربية_عاجل,0,0,0,https://x.com/AlArabiya_Brk/status/2021873703680663721,2026,2,2026-02-12,روسيا: لن نشارك في اجتماع مجلس السلام برئاسة ترمب #العربية_عاجل,Russia: We will not participate in the Peace Council meeting headed by Trump #AlArabiya_Breaking
2021873424436453662,alarabiya_brk,2026-02-12 11:06:03.634,روسيا: أميركا وحلفاؤها يعززون قدراتهم العسكرية بآسيا والمحيط الهادئ #العربية_عاجل,0,0,0,https://x.com/AlArabiya_Brk/status/2021873424436453662,2026,2,2026-02-12,روسيا: أميركا وحلفاؤها يعززون قدراتهم العسكرية بآسيا والمحيط الهادئ #العربية_عاجل,Russia: America and its allies are enhancing their military capabilities in Asia and the Pacific #AlArabiya_Breaking
2021871536794153275,alarabiya_brk,2026-02-12 10:58:33.585,إعلام روسي: حريق بمصفاة نفط في مدينة أوختا جراء هجوم أوكراني #العربية_عاجل,0,0,0,https://x.com/AlArabiya_Brk/status/2021871536794153275,2026,2,2026-02-12,إعلام روسي: حريق بمصفاة نفط في مدينة أوختا جراء هجوم أوكراني #العربية_عاجل,Russian media: A fire in an oil refinery in the city of Ukhta resulted from a Ukrainian attack #AlArabiya_Breaking
2021869904043856154,alarabiya_brk,2026-02-12 10:52:04.307,مصادر العربية: أصوات الانفجارات بالقاعدة الأميركية بريف الحسكة بسبب تفجير ألغام #العربية_عاجل,0,0,0,https://x.com/AlArabiya_Brk/status/2021869904043856154,2026,2,2026-02-12,مصادر العربية: أصوات الانفجارات بالقاعدة الأميركية بريف الحسكة بسبب تفجير ألغام #العربية_عاجل,Al-Arabiya sources: Sounds of explosions at the American base in the Hasakah countryside due to the explosion of mines #Al-Arabiya_Breaking
2021868435370557558,alarabiya_brk,2026-02-12 10:46:14.148,تابعوا على العربية بيزنس.. الرسوم الجمركية تخفض أرباح مرسيدس السنوية إلى النصف #العربية_عاجل,0,0,0,https://x.com/AlArabiya_Brk/status/2021868435370557558,2026,2,2026-02-12,تابعوا على العربية بيزنس.. الرسوم الجمركية تخفض أرباح مرسيدس السنوية إلى النصف #العربية_عاجل,Follow on Al Arabiya Business.. Customs duties reduce Mercedes’ annual profits by half #Al Arabiya_Breaking
2021867335523381649,alarabiya_brk,2026-02-12 10:41:51.924,رويترز: البنتاغون يأمل بالاستفادة من الذكاء الاصطناعي للمساعدة باتخاذ القرارات #العربية_عاجل,0,0,0,https://x.com/AlArabiya_Brk/status/2021867335523381649,2026,2,2026-02-12,رويترز: البنتاغون يأمل بالاستفادة من الذكاء الاصطناعي للمساعدة باتخاذ القرارات #العربية_عاجل,Reuters: The Pentagon hopes to benefit from artificial intelligence to help make decisions #Al-Arabiya_Breaking
2021867129532744068,alarabiya_brk,2026-02-12 10:41:02.812,رويترز: البنتاغون يتحرك لنشر الذكاء الاصطناعي عبر الشبكات السرية #العربية_عاجل,0,0,0,https://x.com/AlArabiya_Brk/status/2021867129532744068,2026,2,2026-02-12,رويترز: البنتاغون يتحرك لنشر الذكاء الاصطناعي عبر الشبكات السرية #العربية_عاجل,Reuters: The Pentagon is moving to spread artificial intelligence through secret networks #Al-Arabiya_Breaking
2021866908186820662,alarabiya_brk,2026-02-12 10:40:10.039,رويترز: البنتاغون يضغط لتوسع الذكاء الاصطناعي بالشبكات المصنفة سرية #العربية_عاجل,0,0,0,https://x.com/AlArabiya_Brk/status/2021866908186820662,2026,2,2026-02-12,رويترز: البنتاغون يضغط لتوسع الذكاء الاصطناعي بالشبكات المصنفة سرية #العربية_عاجل,Reuters: The Pentagon is pressing to expand artificial intelligence in networks classified as secret #Al-Arabiya_Breaking
