tweet_id,username,created_at,text,replies,retweets,likes,url,year,month,date,Text_original,Text_en
1717813381242245422,ali7osain,2023-10-27 11:00:00.174,"""لقد تعرض الشعب الفلسطيني لـ 56 عاما من الاحتلال الخانق.

لقد رأوا أرضهم وهي تلتهمها المستوطنات، ويعمها العنف، واقتصادهم يخنق، وشعبهم يشرد ومنازلهم تهدم. وآمالهم في التوصل إلى حل سياسي لمعاناتهم تتلاشى.""

--الأمين العام 
@antonioguterres
 

24 تشرين الأول/أكتوبر 2023",0,0,0,https://x.com/UNarabic/status/1717813381242245422,2023,10,2023-10-27,"""لقد تعرض الشعب الفلسطيني لـ 56 عاما من الاحتلال الخانق.

لقد رأوا أرضهم وهي تلتهمها المستوطنات، ويعمها العنف، واقتصادهم يخنق، وشعبهم يشرد ومنازلهم تهدم. وآمالهم في التوصل إلى حل سياسي لمعاناتهم تتلاشى.""

--الأمين العام 
@antonioguterres
 

24 تشرين الأول/أكتوبر 2023","“The Palestinian people have been subjected to 56 years of stifling occupation.

They have seen their land devoured by settlements, wracked by violence, their economy suffocated, their people displaced and their homes demolished. “Their hopes for a political solution to their suffering are fading.”

--Secretary-General 
@antonioguterres
 

24 October 2023"
1646559111696220188,ali7osain,2023-04-13 20:00:58.474,اللهم كن لوليك الحجة بن الحسن صلواتك عليه وعلى أبائه في هذه الساعة وفي كل ساعة ولياً وحافظاً وقائداً وناصراً ودليلا وعينا حتى تسكنه أرضك طوعا وتمتعه فيها طويلا برحمتك يا أرحم الراحمين..,0,0,0,https://x.com/esteftaat/status/1646559111696220188,2023,4,2023-04-13,اللهم كن لوليك الحجة بن الحسن صلواتك عليه وعلى أبائه في هذه الساعة وفي كل ساعة ولياً وحافظاً وقائداً وناصراً ودليلا وعينا حتى تسكنه أرضك طوعا وتمتعه فيها طويلا برحمتك يا أرحم الراحمين..,"Oh God, be for your representative, the Hujjat ibn al-Hasan, your blessings be upon him and his fathers in this hour and in every hour, a guardian, a protector, a leader, a supporter, a guide, and an eye, until you make him reside in your land willingly and let him enjoy it for a long time, with your mercy, O Most Merciful of the Merciful."
1575962067617529856,ali7osain,2022-10-01 00:33:31.536,"ماتت فتاة في بلد مسلم فقامت الدنيا ولم تقعد ثم قتل العشرات من الفتيات المسلمات ظلماً في #أفغانستان فلم نسمع صوتاً، وكأن شيئا لم يقع.

#ازدواجية_المعايير
#Afghanistan 
#kabul",0,0,0,https://x.com/R_Modarresi/status/1575962067617529856,2022,10,2022-10-01,"ماتت فتاة في بلد مسلم فقامت الدنيا ولم تقعد ثم قتل العشرات من الفتيات المسلمات ظلماً في #أفغانستان فلم نسمع صوتاً، وكأن شيئا لم يقع.

#ازدواجية_المعايير
#Afghanistan 
#kabul","A girl died in a Muslim country, and the world rose and did not stop. Then dozens of Muslim girls were unjustly killed in #Afghanistan, and we did not hear a sound, as if nothing had happened.

#doublestandards
#Afghanistan 
#kabul"
1471974700888870923,ali7osain,2021-12-18 00:44:51.316,"عن عيسى ابن المستفاد الضرير عن الإمام موسى ابن جعفر ع عن أبيه عن رسول الله ص
ألا إن #فاطمة بابها بابي وبيتها بيتي،فمن هتكه فقد هتك حجاب الله
 قال عيسى فبكى أبو الحسن ع طويلا،وقطع بقية كلامه 
وقال هتك والله حجاب الله،هتك والله حجاب الله،هتك والله حجاب الله يا أمه
#عظم_الله_اجوركم",0,0,0,https://x.com/ammar_shekarchi/status/1471974700888870923,2021,12,2021-12-18,"عن عيسى ابن المستفاد الضرير عن الإمام موسى ابن جعفر ع عن أبيه عن رسول الله ص
ألا إن #فاطمة بابها بابي وبيتها بيتي،فمن هتكه فقد هتك حجاب الله
 قال عيسى فبكى أبو الحسن ع طويلا،وقطع بقية كلامه 
وقال هتك والله حجاب الله،هتك والله حجاب الله،هتك والله حجاب الله يا أمه
#عظم_الله_اجوركم","On the authority of Issa Ibn Al-Mustafad Al-Dareer, on the authority of Imam Musa Ibn Jaafar, peace be upon him, on the authority of his father, on the authority of the Messenger of God, peace be upon him
Indeed, #Fatima's door is my door and her home is my home, so whoever violates it has violated the veil of God
 Jesus said, so Abu Al-Hassan, peace be upon him, cried for a long time, and cut off the rest of his words 
He said, “You have been assaulted, by God, the veil of God. You have been assaulted, by God, the veil of God. You have been assaulted, by God, the veil of God.” O mother.
#May_Allah_great_your_rewards"
1471939716052365324,ali7osain,2021-12-17 22:25:50.281,"(ولا تقولوا للبتول أفْ)
فأنزلوا السياط والأكف
كان الجواب
هتك الحجاب
.
عظم الله أجر بقية الله في أرضه وأجوركم باستشهاد سيدة النساء فاطمة عليها السلام.
.
#الفاطمية 
#اللهم_عجل_لوليك_الفرج",0,0,0,https://x.com/OssailyAmily/status/1471939716052365324,2021,12,2021-12-17,"(ولا تقولوا للبتول أفْ)
فأنزلوا السياط والأكف
كان الجواب
هتك الحجاب
.
عظم الله أجر بقية الله في أرضه وأجوركم باستشهاد سيدة النساء فاطمة عليها السلام.
.
#الفاطمية 
#اللهم_عجل_لوليك_الفرج","(And do not say to the virgin, “F!”)
So they brought down the whips and the palms
was the answer
Indecent assault on the hijab
.
May God increase the reward of the rest of God on His earth and your reward with the martyrdom of the Lady of Women, Fatima, peace be upon her.
.
#Fatimiya 
#Oh God, please fasten relief for us"
1449047871890890752,ali7osain,2021-10-15 19:21:49.323,لا حول ولا قوة الا بالله,0,0,0,https://x.com/ali7osain/status/1449047871890890752,2021,10,2021-10-15,لا حول ولا قوة الا بالله,There is no power nor strength except in God
1446601782734565380,ali7osain,2021-10-09 01:21:56.222,"Shias are getting killed because they love Ahlulbayt and they will not surround themselves and faith to the enemy. They will govern eventually; sooner or later.

“ We laid it down in all the books of divine wisdom that My righteous servants shall inherit the earth”

#Kanduz",0,0,0,https://x.com/MaarefAlQuran/status/1446601782734565380,2021,10,2021-10-09,"Shias are getting killed because they love Ahlulbayt and they will not surround themselves and faith to the enemy. They will govern eventually; sooner or later.

“ We laid it down in all the books of divine wisdom that My righteous servants shall inherit the earth”

#Kanduz","Shias are getting killed because they love Ahlulbayt and they will not surround themselves and faith to the enemy. They will govern eventually; sooner or later.

“ We laid it down in all the books of divine wisdom that My righteous servants shall inherit the earth”

#Kanduz"
1446580953128779783,ali7osain,2021-10-08 23:59:10.057,"#Shiagenocide #KunduzBlast
#hazaragenocide 
#ShiaGenocide
#Hazara

لا يزال أتباع ابن مُلجم(و من يستخدمهم) على نهجهِ و غَدرهِ.. وسيبقى أتباع #علي (ع) على عهد الولاء مهما غلى الثمن

أشهدُ أنَّ عَلَيِّاً وَلِيُّ اللَّه
مِحراب مسجد سيد أباد #افغانستان #قندوز",0,0,0,https://x.com/AHLULBAYT_TV/status/1446580953128779783,2021,10,2021-10-08,"#Shiagenocide #KunduzBlast
#hazaragenocide 
#ShiaGenocide
#Hazara

لا يزال أتباع ابن مُلجم(و من يستخدمهم) على نهجهِ و غَدرهِ.. وسيبقى أتباع #علي (ع) على عهد الولاء مهما غلى الثمن

أشهدُ أنَّ عَلَيِّاً وَلِيُّ اللَّه
مِحراب مسجد سيد أباد #افغانستان #قندوز","#Shiagenocide #KunduzBlast
#genocidehazard 
#ShiaGenocide
#Hazara

Don't stop following Ibn Muljam (and whoever uses them) on his path and treachery

I testify that it is on Allah and on Him
Mehrab of Syed Abad Mosque #Afghanistan #Kunduz"
1446395756643069952,ali7osain,2021-10-08 11:43:15.774,"1/ ربيع الاول 
مبيت الامام علي بن ابي طالب (عليه السلام) في فراش النبي الاكرم (صلى الله عليه واله )",0,0,0,https://x.com/imamhussainorg/status/1446395756643069952,2021,10,2021-10-08,"1/ ربيع الاول 
مبيت الامام علي بن ابي طالب (عليه السلام) في فراش النبي الاكرم (صلى الله عليه واله )","1/ Rabi’ al-Awwal 
Imam Ali bin Abi Talib’s (peace be upon him) sleep in the bed of the Noble Prophet (may God’s prayers and peace be upon him and his family)"
1437725308954816512,ali7osain,2021-09-14 13:29:59.956,"Imam Hassan was fasting on a hot summer day. To break his fast, his wife Jo’dah brought him milk mixed with poison. The type of poison (provided by Mu’awyah) is a mystery, but it was such that as soon as he drank it, he sent for his brother, saying “hurry to me before I die”!",0,0,0,https://x.com/SayedModarresi/status/1437725308954816512,2021,9,2021-09-14,"Imam Hassan was fasting on a hot summer day. To break his fast, his wife Jo’dah brought him milk mixed with poison. The type of poison (provided by Mu’awyah) is a mystery, but it was such that as soon as he drank it, he sent for his brother, saying “hurry to me before I die”!","Imam Hassan was fasting on a hot summer day. To break his fast, his wife Jo’dah brought him milk mixed with poison. The type of poison (provided by Mu’awyah) is a mystery, but it was such that as soon as he drank it, he sent for his brother, saying “hurry to me before I die”!"
1428777672684019714,ali7osain,2021-08-20 20:55:17.230,"#زين_العابدين(ع)مخاطبا أبو حمزة الثمالي:
إن القتل لنا عادة،وكرامتنا من الله الشهادة،ولكن:هل سمِعَت أذناك أم رأت عيناك أن امرأة منَّا أُسِرت أو هُتكت قبل يوم #عاشوراء؟
والله؛مانظرت إلى عمَّاتي وأخواتي إلّا وذكرت فرارهن في البيداء من خيمة إلى خيمةوالمنادي ينادي:أحرقوا بيوت الظالمين",0,0,0,https://x.com/AHLULBAYT_TV/status/1428777672684019714,2021,8,2021-08-20,"#زين_العابدين(ع)مخاطبا أبو حمزة الثمالي:
إن القتل لنا عادة،وكرامتنا من الله الشهادة،ولكن:هل سمِعَت أذناك أم رأت عيناك أن امرأة منَّا أُسِرت أو هُتكت قبل يوم #عاشوراء؟
والله؛مانظرت إلى عمَّاتي وأخواتي إلّا وذكرت فرارهن في البيداء من خيمة إلى خيمةوالمنادي ينادي:أحرقوا بيوت الظالمين","#Zain_Al-Abidin (peace be upon him) addressing Abu Hamza Al-Thumali:
Killing is a habit for us, and our dignity from God is martyrdom, but: Did your ears hear or did your eyes see that a woman among us was captured or mutilated before the day of #Ashura?
By God, I never looked at my aunts and sisters without remembering their flight in al-Bayda from tent to tent while the herald called out: Burn the houses of the oppressors."
1428210994464051203,ali7osain,2021-08-19 07:23:30.614,أعظَمَ اللهُ اُجورَنا بِمُصابِنا بِالحُسَينِ (عليه السلام) وَجَعَلَنا وَإياكُم مِن الطَّالِبينَ بِثأرِهِ مَعَ وَليِّهِ الإمام المَهديّ مِن آلِ مُحَمَّدٍ (عليهم السلام),0,0,0,https://x.com/ali7osain/status/1428210994464051203,2021,8,2021-08-19,أعظَمَ اللهُ اُجورَنا بِمُصابِنا بِالحُسَينِ (عليه السلام) وَجَعَلَنا وَإياكُم مِن الطَّالِبينَ بِثأرِهِ مَعَ وَليِّهِ الإمام المَهديّ مِن آلِ مُحَمَّدٍ (عليهم السلام),"May God increase our rewards for our affliction with Al-Hussein (peace be upon him) and make us and you among those seeking his revenge along with his guardian, Imam Al-Mahdi from the family of Muhammad (peace be upon them)"
1422204289393602563,ali7osain,2021-08-02 17:35:00.526,"من ثورة لاجراء انتخابات مبكرة الى من يصر على اجراءها يعمل على فتح أبواب الجحيم!!
#المضحك #المبكي",0,0,0,https://x.com/ali7osain/status/1422204289393602563,2021,8,2021-08-02,"من ثورة لاجراء انتخابات مبكرة الى من يصر على اجراءها يعمل على فتح أبواب الجحيم!!
#المضحك #المبكي","From a revolution to hold early elections to those who insist on holding them are working to open the gates of hell!!
#The funny #The crying"
1413841528817135616,ali7osain,2021-07-10 15:44:23.032,"كجسد جدك الحسين أمضى ثلاثة أيام في الشمس
آجركم الله يا معزين بهذا المصاب الجلل
السبت ٢٩-ذو القعدة-١٤٤٢هـ
#العتبة_الكاظمية_المقدسة
#سلام_عليك_يا_ابن_الرضا
#السلام_عليك_يا_باب_المراد
#الامام_محمد_الجواد_التقي_شهيدا",0,0,0,https://x.com/AlJawadainIQ/status/1413841528817135616,2021,7,2021-07-10,"كجسد جدك الحسين أمضى ثلاثة أيام في الشمس
آجركم الله يا معزين بهذا المصاب الجلل
السبت ٢٩-ذو القعدة-١٤٤٢هـ
#العتبة_الكاظمية_المقدسة
#سلام_عليك_يا_ابن_الرضا
#السلام_عليك_يا_باب_المراد
#الامام_محمد_الجواد_التقي_شهيدا","Like the body of your grandfather Hussein, he spent three days in the sun
May God reward you, you mourners of this great affliction
Saturday 29-Dhul-Qi’dah-1442 AH
#Al-Kadhimiya_Holy_Threshold
#Peace_be_to_you_son_of_reza
Peace be upon you, Bab Al-Murad
#Imam_Muhammad_Al-Jawad_Al-Taqi_Martyr"
1401403792411725829,ali7osain,2021-06-06 08:01:15.591,"اعلم بأنك لا تكون لنا ولياً حتى لو اجتمع عليك أهل مصرك وقالوا إنك رجل سوء لم يحزنك ذلك، ولو قالوا انك رجل صالح لم يسرك ذلك.
ولكن اعرض نفسك على ما في كتاب الله، فإن كنت سالكاً سبيله، زاهدا في تزهيده، راغباً في ترغيبه، خائفاً من تخويفه، فأثبت وأبشر، فإنه لا يضُرُّكَ ما قِيل فِيك.",0,0,0,https://x.com/smortadha/status/1401403792411725829,2021,6,2021-06-06,"اعلم بأنك لا تكون لنا ولياً حتى لو اجتمع عليك أهل مصرك وقالوا إنك رجل سوء لم يحزنك ذلك، ولو قالوا انك رجل صالح لم يسرك ذلك.
ولكن اعرض نفسك على ما في كتاب الله، فإن كنت سالكاً سبيله، زاهدا في تزهيده، راغباً في ترغيبه، خائفاً من تخويفه، فأثبت وأبشر، فإنه لا يضُرُّكَ ما قِيل فِيك.","Know that you will not be our guardian, even if the people of your Egypt gathered against you and said that you are a bad man, that would not make you sad, and if they said that you are a good man, that would not make you happy.
But expose yourself to what is in the Book of God. If you are following His path, ascetic in His asceticism, willing to encourage Him, and afraid of intimidating Him, then be steadfast and give good news, for what is said about you will not harm you."
1397918062544752648,ali7osain,2021-05-27 17:10:12.829,,0,0,0,https://x.com/HadiAlModarresi/status/1397918062544752648,2021,5,2021-05-27,,
1393751082388631561,ali7osain,2021-05-16 05:12:07.341,الوعد الهي للفتح بقيادة الامام المهدي المنتظر عجل الله تعالى فرجه الشريف لا يبرر تأجيل الواجب الشرعي بمحاربة العدو المعتدي، المحارب والمحتل، فالدفاع عن النفس والأرض دفاع مقدس لكل غيور ولكن من باع ضميره وقلمه بالتأكيد لايعرف ذلك فهو يقبض قبال طرحه للشبهات وتثبيطه لعزيمة المجاهدين,0,0,0,https://x.com/ali7osain/status/1393751082388631561,2021,5,2021-05-16,الوعد الهي للفتح بقيادة الامام المهدي المنتظر عجل الله تعالى فرجه الشريف لا يبرر تأجيل الواجب الشرعي بمحاربة العدو المعتدي، المحارب والمحتل، فالدفاع عن النفس والأرض دفاع مقدس لكل غيور ولكن من باع ضميره وقلمه بالتأكيد لايعرف ذلك فهو يقبض قبال طرحه للشبهات وتثبيطه لعزيمة المجاهدين,"The divine promise of conquest under the leadership of the Awaited Imam Mahdi, may God Almighty hasten his honorable appearance, does not justify postponing the legitimate duty of fighting the aggressing enemy, the warrior and the occupier. Defending oneself and the land is a sacred defense for every jealous person, but whoever sells his conscience and his pen certainly does not know that, and he will be punished for raising suspicions and discouraging the resolve of the mujahideen."
1392929222348341248,ali7osain,2021-05-13 22:46:20.638,غزة المحاصرة أقوى من كل الجيوش العربيّة مجتمعةً.,0,0,0,https://x.com/asadabukhalil/status/1392929222348341248,2021,5,2021-05-13,غزة المحاصرة أقوى من كل الجيوش العربيّة مجتمعةً.,Besieged Gaza is stronger than all the Arab armies combined.
1392437555560206340,ali7osain,2021-05-12 14:12:38.141,"Out of a class of 35 at Kabul’s Sayedul Shuhada high school, only 2 girls have remained. 

The emptiness found in 85 homes is even more haunting. 

May God give;

• The martyrs paradise
• The families patience
• The terrorists eternal hell",0,0,0,https://x.com/SayedModarresi/status/1392437555560206340,2021,5,2021-05-12,"Out of a class of 35 at Kabul’s Sayedul Shuhada high school, only 2 girls have remained. 

The emptiness found in 85 homes is even more haunting. 

May God give;

• The martyrs paradise
• The families patience
• The terrorists eternal hell","Out of a class of 35 at Kabul’s Sayedul Shuhada high school, only 2 girls have remained. 

The emptiness found in 85 homes is even more haunting. 

May God give;

• The martyrs paradise
• The families patience
• The terrorists eternal hell"
1383312716815761409,ali7osain,2021-04-17 09:53:47.053," #كلامكم_نور 

عن محمد بن مروان، عن عبيد بن الفضل ، عن أبي عبد الله عليه السلام قال: من زار الحسين بن علي عليهما السلام في شهر رمضان ومات في الطريق لم يعرض ولم يحاسب، وقيل له: أدخل الجنة آمنا.

 وسائل الشيعة: ج١٤- ص٤٧٣
____
#مؤسسة_التقى_الثقافية #الشيرازي #شهر_رمضان",0,0,0,https://x.com/malshirazii/status/1383312716815761409,2021,4,2021-04-17," #كلامكم_نور 

عن محمد بن مروان، عن عبيد بن الفضل ، عن أبي عبد الله عليه السلام قال: من زار الحسين بن علي عليهما السلام في شهر رمضان ومات في الطريق لم يعرض ولم يحاسب، وقيل له: أدخل الجنة آمنا.

 وسائل الشيعة: ج١٤- ص٤٧٣
____
#مؤسسة_التقى_الثقافية #الشيرازي #شهر_رمضان","#Your _ words _ are _ light 

On the authority of Muhammad bin Marwan, on the authority of Ubaid bin Al-Fadl, on the authority of Abu Abdullah, peace be upon him, who said: Whoever visits Al-Hussein bin Ali, peace be upon them both, in the month of Ramadan and dies on the way, will not be presented or held accountable, and it will be said to him: Enter Paradise in safety.

 Wasa’il Al-Shi’a: Part 14 - p. 473
____
#Al-Taqa_Cultural_Foundation #Al-Shirazi #Ramadan"
1372209473041928192,ali7osain,2021-03-17 17:33:27.449,"(عبَّاسُ) عينُكَ (عينُ) الطهرِ فاطمةٍ
فكيفَ توصَفُ في شعرٍ وفي مُثُلِ ؟!

والباءُ (بسملةُ) الماءِ التي ارتفعتْ
(أمجادُهُ) ألِفاً ، والسينُ (سيفُ علي)

#قمر_العشيرة
#اللهم_عجل_لوليك_الفرج",0,0,0,https://x.com/OssailyAmily/status/1372209473041928192,2021,3,2021-03-17,"(عبَّاسُ) عينُكَ (عينُ) الطهرِ فاطمةٍ
فكيفَ توصَفُ في شعرٍ وفي مُثُلِ ؟!

والباءُ (بسملةُ) الماءِ التي ارتفعتْ
(أمجادُهُ) ألِفاً ، والسينُ (سيفُ علي)

#قمر_العشيرة
#اللهم_عجل_لوليك_الفرج","(Abbas) Your pure eye is Fatima
How can it be described in poetry and proverbs?!

And the Ba (Bismillah) is the water that rose
(His glories) Alif, and Al-Sin (the sword of Ali)

#Clan_Moon
#Oh God, please fasten relief for us"
1363071568541343744,ali7osain,2021-02-20 12:22:41.242,"منع التجول قرار سياسي ولا يحد أو يبطئ انتشار مرض كورونا، لأن ببساطة الفيروس بالفعل موجود في كل زاوية من زوايا البلد، منع التجمعات والالتزام بلبس الكمام وسائر التوصيات الصحية كافية لابطاء انتشاره أكثر. 
ربما كان ينفع الحظر اذا ما كان الفيروس مستقر في منطقة واحدة او اثنين.",0,0,0,https://x.com/ali7osain/status/1363071568541343744,2021,2,2021-02-20,"منع التجول قرار سياسي ولا يحد أو يبطئ انتشار مرض كورونا، لأن ببساطة الفيروس بالفعل موجود في كل زاوية من زوايا البلد، منع التجمعات والالتزام بلبس الكمام وسائر التوصيات الصحية كافية لابطاء انتشاره أكثر. 
ربما كان ينفع الحظر اذا ما كان الفيروس مستقر في منطقة واحدة او اثنين.","The curfew is a political decision and does not limit or slow the spread of the Corona disease, because the virus is simply already present in every corner of the country. Preventing gatherings and adhering to wearing masks and other health recommendations are sufficient to slow its spread further. 
Perhaps the ban would have been useful if the virus was stable in one or two areas."
1358061643385753602,ali7osain,2021-02-06 16:35:02.005,"ليست هذه الخيمة للبدو الرحل ولا هي للتخيم في الصحراء بل هي دار يسكنها أرملة وأيتامها الثمانية!
نعم؛ سرق السياسيون قوتها والإرهابيون زوجها ولكن ماذا عملت أنت؟
بادر بالمشاركة والمساهمة لبناء دار لهم لتكون #صدقة_جارية لك.
+964 771 858 9994",0,0,0,https://x.com/Moh_Almosawi/status/1358061643385753602,2021,2,2021-02-06,"ليست هذه الخيمة للبدو الرحل ولا هي للتخيم في الصحراء بل هي دار يسكنها أرملة وأيتامها الثمانية!
نعم؛ سرق السياسيون قوتها والإرهابيون زوجها ولكن ماذا عملت أنت؟
بادر بالمشاركة والمساهمة لبناء دار لهم لتكون #صدقة_جارية لك.
+964 771 858 9994","This tent is not for nomadic Bedouins, nor is it for camping in the desert. Rather, it is a house inhabited by a widow and her eight orphans!
Yes; Politicians stole her power and terrorists stole her husband, but what did you do?
Participate and contribute to building a house for them so that it will be an ongoing #charity for you.
+964 771 858 9994"
1354761978795835394,ali7osain,2021-01-28 14:03:20.662,"The mission of Abbas and his brothers was so historic and so incredibly difficult, that having Ali himself provide half their genes wasn’t enough. They needed the other half from such a devoted woman like Ummul Baneen to produce giants like Abbas, Ja’far, Abdullah, and Othman!",0,0,0,https://x.com/SayedModarresi/status/1354761978795835394,2021,1,2021-01-28,"The mission of Abbas and his brothers was so historic and so incredibly difficult, that having Ali himself provide half their genes wasn’t enough. They needed the other half from such a devoted woman like Ummul Baneen to produce giants like Abbas, Ja’far, Abdullah, and Othman!","The mission of Abbas and his brothers was so historic and so incredibly difficult, that having Ali himself provide half their genes wasn’t enough. They needed the other half from such a devoted woman like Ummul Baneen to produce giants like Abbas, Ja’far, Abdullah, and Othman!"
1352255218537345030,ali7osain,2021-01-21 16:02:22.443,"عزاءً للعراق:

رغمَ الجنائزِ فاضتْ عن مقابرِها
من فرط ما غصَّ جوفُ الأرضِ واحتقنا

لا تقرؤوا سورةَ (الأجداث) في وطنٍ
بنى المجاز، بنى المعنى، بنى وبنى

ما سوَّس اللحمُ إلا سيفَ قاتلهِ
حتى انثنى السيفُ مخزيًّا ومُمتهَنا

فها هنا الموت أسمى من فجيعتهِ
معنًى، وأنصعُ من وجه الحياة سنا",0,0,0,https://x.com/sihayijm/status/1352255218537345030,2021,1,2021-01-21,"عزاءً للعراق:

رغمَ الجنائزِ فاضتْ عن مقابرِها
من فرط ما غصَّ جوفُ الأرضِ واحتقنا

لا تقرؤوا سورةَ (الأجداث) في وطنٍ
بنى المجاز، بنى المعنى، بنى وبنى

ما سوَّس اللحمُ إلا سيفَ قاتلهِ
حتى انثنى السيفُ مخزيًّا ومُمتهَنا

فها هنا الموت أسمى من فجيعتهِ
معنًى، وأنصعُ من وجه الحياة سنا","Condolences to Iraq:

Despite the funerals, their graves overflowed
Because of the excessive extent, the earth's interior became swollen and congested

Do not read Surah (Al-Ajdath) in your homeland
He built the metaphor, built the meaning, built and built

Nothing spoils the flesh except the sword that kills it
Until the sword bent in shame and disgrace

Here death is superior to its tragedy
Meaning, and brighter than the face of life"
1350662725907709954,ali7osain,2021-01-17 06:34:22.613,"#الإمام_الصادق (ع)،قال للمفضل:

ولا كيوم محنتنا بكربلاء، وإن كان يوم السقيفة، وإحراق النار على باب أمير المؤمنين، والحسن، والحسين،وفاطمة، وزينب، وأم كلثوم، وفضة، وقتل محسن بالرفسة أعظم وأدهى وأمر،لأنه أصل يوم العذاب.

اللهم العن اول ظالم ظلم حق محمد وال محمد

 #فاطمه_صديقه_شهيده",0,0,0,https://x.com/R_Modarresi/status/1350662725907709954,2021,1,2021-01-17,"#الإمام_الصادق (ع)،قال للمفضل:

ولا كيوم محنتنا بكربلاء، وإن كان يوم السقيفة، وإحراق النار على باب أمير المؤمنين، والحسن، والحسين،وفاطمة، وزينب، وأم كلثوم، وفضة، وقتل محسن بالرفسة أعظم وأدهى وأمر،لأنه أصل يوم العذاب.

اللهم العن اول ظالم ظلم حق محمد وال محمد

 #فاطمه_صديقه_شهيده","#Imam_Al-Sadiq (peace be upon him) said to Al-Mufaddal:

Nor is it like the day of our ordeal in Karbala, even though it was the day of the Saqifa, and the burning of fire at the door of the Commander of the Faithful, Al-Hasan, Al-Hussein, Fatima, Zainab, Umm Kulthum, and Fadda, and the killing of Mohsin with a kick is greater, more terrible, and more terrible, because it is the origin of the Day of Punishment.

Oh God, curse the first oppressor who wronged the rights of Muhammad and his family

 #Fatima_Siddiqa_Martyr"
1350483266026041344,ali7osain,2021-01-16 18:41:16.043,"السلام عليكِ ياقرة عين الرسول 
#العتبة_العباسية_المقدسة تُعدّ برنامجاً عزائيّاً لاستذكار شهادة الزهراء(عليها السلام)
alkafeel.net/news/index?id=
…",0,0,0,https://x.com/AlkafeelAbbas/status/1350483266026041344,2021,1,2021-01-16,"السلام عليكِ ياقرة عين الرسول 
#العتبة_العباسية_المقدسة تُعدّ برنامجاً عزائيّاً لاستذكار شهادة الزهراء(عليها السلام)
alkafeel.net/news/index?id=
…","Peace be upon you, apple of the Messenger’s eye 
#Al-Abbas's Holy Shrine is preparing a condolence program to remember the martyrdom of Al-Zahra (peace be upon her)
alkafeel.net/news/index?id=
…"
1350468123909099521,ali7osain,2021-01-16 17:41:05.881,"في ثراها دفنَ النجمُ الثريّا
وانحنى يرسلُ دمعاً فاطميا
.
إلتقاها المصطفى يسألُ عنهُ
فأجابتْ ""ساعدَ اللهُ عليَّا""..
.
عظم الله أجر صاحب الزمان (عج) وأجوركم باستشهاد سيدة النساء فاطمه (صلوات الله عليها).
.
#الفاطمية_الثالثة
#اللهم_عجل_لوليك_الفرج",0,0,0,https://x.com/OssailyAmily/status/1350468123909099521,2021,1,2021-01-16,"في ثراها دفنَ النجمُ الثريّا
وانحنى يرسلُ دمعاً فاطميا
.
إلتقاها المصطفى يسألُ عنهُ
فأجابتْ ""ساعدَ اللهُ عليَّا""..
.
عظم الله أجر صاحب الزمان (عج) وأجوركم باستشهاد سيدة النساء فاطمه (صلوات الله عليها).
.
#الفاطمية_الثالثة
#اللهم_عجل_لوليك_الفرج","In her grave, the star Pleiades was buried
He bent down, sending tears of joy
.
Mustafa met her asking about him
She replied, “May God help me.”
.
May God reward you and your reward with the martyrdom of the Lady of Women, Fatima (may God’s prayers be upon her).
.
#Fatimiyyah_Third
#Oh God, please fasten relief for us"
1343410459529990145,ali7osain,2020-12-28 06:16:27.568,"لم تكن علاقة فاطمة؏ برسول اللهﷺ مثل علاقة أية بنت بأبيها، أي مجرّد علاقة جسد بجسد. بل كانت علاقة الروح بنفسها.

فالنبي عند الزهراء صفة ربّانية في الوجود، وليس طينة ترابيّة في الخلق. وهي من أبيها بمنزلة المصباح من المشكاة، والشعلة من الموقد، والشعاع من الشمس.",0,0,0,https://x.com/HadiAlModarresi/status/1343410459529990145,2020,12,2020-12-28,"لم تكن علاقة فاطمة؏ برسول اللهﷺ مثل علاقة أية بنت بأبيها، أي مجرّد علاقة جسد بجسد. بل كانت علاقة الروح بنفسها.

فالنبي عند الزهراء صفة ربّانية في الوجود، وليس طينة ترابيّة في الخلق. وهي من أبيها بمنزلة المصباح من المشكاة، والشعلة من الموقد، والشعاع من الشمس.","Fatima’s relationship with the Messenger of God, may God bless him and grant him peace, was not like the relationship of any daughter with her father, that is, just a body-to-body relationship. Rather, it was the soul's relationship with itself.

According to Al-Zahra, the Prophet is a divine attribute in existence, not an earthy essence in creation. It is from its father like a lamp is from a niche, a flame is from a stove, and a ray is from the sun."
1343447628860841984,ali7osain,2020-12-28 08:44:09.427,"عن أبي الحسن #الكاظم، عن أبيه (عليهما السلام) عن #رسول_الله (ص):
 ألا إن #فاطمة بابها بابي وبيتها بيتي، فمن هتكه فقد هتك حجاب الله ""، قال عيسى: فبكى أبو الحسن (عليه السلام) طويلا، وقطع بقية كلامه وقال:
هتك والله حجاب الله هتك والله حجاب الله هتك والله حجاب الله",0,0,0,https://x.com/ammar_shekarchi/status/1343447628860841984,2020,12,2020-12-28,"عن أبي الحسن #الكاظم، عن أبيه (عليهما السلام) عن #رسول_الله (ص):
 ألا إن #فاطمة بابها بابي وبيتها بيتي، فمن هتكه فقد هتك حجاب الله ""، قال عيسى: فبكى أبو الحسن (عليه السلام) طويلا، وقطع بقية كلامه وقال:
هتك والله حجاب الله هتك والله حجاب الله هتك والله حجاب الله","On the authority of Abu Al-Hasan Al-Kadhim, on the authority of his father (peace be upon them both), on the authority of the Messenger of God (PBUH):
 Indeed, #Fatima’s door is my door and her house is my home, so whoever violates it has violated the veil of God.” Issa said: Then Abu Al-Hasan (peace be upon him) cried for a long time, and he cut off the rest of his words and said:
Your assault, by God, is the veil of God. Your assault, by God, is the veil of God. Your assault, by God, is the veil of God"
1338473520360280064,ali7osain,2020-12-14 15:18:49.546,"في بلدي

يتم الحكم على وزيرة سابقة بالسجن عاما واحدا (مع وقف التنفيذ) لتورطها بصفقة فساد بقيمة ٤١ مليار دينار

بينما يُسجن طفل بعمر ١٢ عام لأنه سرق علب للمناديل..

#القضاء",0,0,0,https://x.com/aliqazwini95/status/1338473520360280064,2020,12,2020-12-14,"في بلدي

يتم الحكم على وزيرة سابقة بالسجن عاما واحدا (مع وقف التنفيذ) لتورطها بصفقة فساد بقيمة ٤١ مليار دينار

بينما يُسجن طفل بعمر ١٢ عام لأنه سرق علب للمناديل..

#القضاء","In my country

A former minister is sentenced to one year in prison (suspended) for her involvement in a corruption deal worth 41 billion dinars.

While a 12-year-old boy was imprisoned because he stole boxes of tissues.

#Judiciary"
1335116696407973888,ali7osain,2020-12-05 09:00:00.349,اللهم اجعلني عندَّك وجيهًا بالحسين (عليه السلام) في الدنيا والآخرة”.,0,0,0,https://x.com/imamhussainorg/status/1335116696407973888,2020,12,2020-12-05,اللهم اجعلني عندَّك وجيهًا بالحسين (عليه السلام) في الدنيا والآخرة”.,"Oh God, make me worthy of respect to you through Hussein (peace be upon him) in this world and the hereafter.”"
1332772128169603079,ali7osain,2020-11-28 21:43:31.721,"مع بدء موسم الأمطار هل ستعيد إدارة الروضة الكاظمية المطهرة النظر بقرارها غلق الحرم، الساري منذ أكثر من ٧ أشهر؟!
#هل_من_مجيب",0,0,0,https://x.com/smortadha/status/1332772128169603079,2020,11,2020-11-28,"مع بدء موسم الأمطار هل ستعيد إدارة الروضة الكاظمية المطهرة النظر بقرارها غلق الحرم، الساري منذ أكثر من ٧ أشهر؟!
#هل_من_مجيب","With the start of the rainy season, will the administration of the purified Kadhimiya kindergarten reconsider its decision to close the sanctuary, which has been in effect for more than 7 months?!
#Is_anyone_answered?"
1315278879972634624,ali7osain,2020-10-11 16:11:36.342,"أيا مَنْ تنفَّسْتَ (الحسينَ) مراثيا
إلى أنْ أسالتْكَ السَّماءُ بواكِيا
.
ضحىً، “برزخُ الخدَّامِ” أرسلَ دعْوةً
وهيَّأَ فيهِ منبراً لكَ عالِيا
.
ففي القبر ذكرى ""الفاطميةِ"" أقبلَتْ
لتسمعَ منك ""الآهَ"" تُبكي النواحيا
.
بلى، فاطمٌ نادتكَ عند لقائها :
(أناعِيَ ضلعِ الطهرِ لا زلتَ ناعيا)",0,0,0,https://x.com/OssailyAmily/status/1315278879972634624,2020,10,2020-10-11,"أيا مَنْ تنفَّسْتَ (الحسينَ) مراثيا
إلى أنْ أسالتْكَ السَّماءُ بواكِيا
.
ضحىً، “برزخُ الخدَّامِ” أرسلَ دعْوةً
وهيَّأَ فيهِ منبراً لكَ عالِيا
.
ففي القبر ذكرى ""الفاطميةِ"" أقبلَتْ
لتسمعَ منك ""الآهَ"" تُبكي النواحيا
.
بلى، فاطمٌ نادتكَ عند لقائها :
(أناعِيَ ضلعِ الطهرِ لا زلتَ ناعيا)","Whoever breathed (Hussein) lamentations
Until the sky asked you weeping
.
At noon, “the isthmus of servants” sent an invitation
And he prepared a high platform for you
.
In the grave, the memory of “Fatimiyya” has arrived
To hear from you the “ah” that makes the regions cry
.
Yes, Fatima called you when she met her:
(I am still mourning the rib of purity)"
1315249138037129216,ali7osain,2020-10-11 14:13:25.312,"قال الإمام الرضا (ع): ""من تذكّر مصابنا فبكى وأبكى لم تبك عينه يوم تبكي العيون"".
فما بالك بمن قضى عمره ذاكراً مصابهم، ناعياً باكياً مُبكياً؟
عقودٌ من الزمن إقترن إسمه بالمنبر واستذكار مصائب العترة، فكان (ناعي الزهراء) بكل إخلاص.
#الطويرجاوي",0,0,0,https://x.com/AHLULBAYT_TV/status/1315249138037129216,2020,10,2020-10-11,"قال الإمام الرضا (ع): ""من تذكّر مصابنا فبكى وأبكى لم تبك عينه يوم تبكي العيون"".
فما بالك بمن قضى عمره ذاكراً مصابهم، ناعياً باكياً مُبكياً؟
عقودٌ من الزمن إقترن إسمه بالمنبر واستذكار مصائب العترة، فكان (ناعي الزهراء) بكل إخلاص.
#الطويرجاوي","Imam Al-Rida (peace be upon him) said: “Whoever remembers our affliction and weeps and weeps, his eyes will not cry on the day the eyes cry.”
What about those who spent their lives remembering their afflictions, mourning and crying?
For decades, his name was associated with the pulpit and the remembrance of the misfortunes of his family, so he was (the mourner of Al-Zahra) with all sincerity.
#Al-Tawirjawi"
1314022727871684609,ali7osain,2020-10-08 05:00:06.343,Watch | The world’s largest procession is happening again and the global media is silent again. #Arbaeen,0,0,0,https://x.com/SayedModarresi/status/1314022727871684609,2020,10,2020-10-08,Watch | The world’s largest procession is happening again and the global media is silent again. #Arbaeen,Watch | The world’s largest procession is happening again and the global media is silent again. #Arbaeen
1313380607347568641,ali7osain,2020-10-06 10:28:32.880,"ولأربعينك خلصاً نسعى إلى يوم الظهورِ
#اللهم_عجل_لوليك_الفرج واجعلنا معه في الدنيا والآخرة
#سنزور_بالنيابة_عنكم",0,0,0,https://x.com/ammar_shekarchi/status/1313380607347568641,2020,10,2020-10-06,"ولأربعينك خلصاً نسعى إلى يوم الظهورِ
#اللهم_عجل_لوليك_الفرج واجعلنا معه في الدنيا والآخرة
#سنزور_بالنيابة_عنكم","For your salvation, we strive for the day of appearance
#Oh _ God _ hasten _ relief _ for _ your _ relief and make us with him in this world and the hereafter
#Wewillvisitonyourbehalf"
1313540573731659776,ali7osain,2020-10-06 21:04:11.838,"يا صاحب الزمان :
.
ألشوقُ أورى في الضلوعِ للحسينِ نارَهْ
مقسِّماً قلبي على الضريحِ والمنارهْ
إنْ لمْ أوفَّقْ كيْ أكونَ قاصداً مزارهْ
يا سيدي ""قلدْتُكَ الدعاءَ والزيارَهْ""
.
#يا_حسين
#اللهم_عجل_لوليك_الفرج",0,0,0,https://x.com/OssailyAmily/status/1313540573731659776,2020,10,2020-10-06,"يا صاحب الزمان :
.
ألشوقُ أورى في الضلوعِ للحسينِ نارَهْ
مقسِّماً قلبي على الضريحِ والمنارهْ
إنْ لمْ أوفَّقْ كيْ أكونَ قاصداً مزارهْ
يا سيدي ""قلدْتُكَ الدعاءَ والزيارَهْ""
.
#يا_حسين
#اللهم_عجل_لوليك_الفرج","O owner of the time:
.
Longing burns within the ribs of Hussein his fire
Dividing my heart over the shrine and the lighthouse
If I do not succeed in being a visitor to his shrine
Sir, I told you to pray and visit.
.
#Oh_Hussein
#Oh God, please fasten relief for us"
1312799553045827585,ali7osain,2020-10-04 19:59:38.739,"يا"" أبا الصَّلْتِ"" فَخُذني لإمامي
كأسَ ماءٍ! فهْوَ بَعْدَ السُّمِّ ظامي
خِلْتُهُ يرفضُ تبريدَ الأُوامِ*
عَـــلْ يواسي مَنْ سقَوْهُ بالسَّهامِ
.
هكذا في همِّهِ ماتَ الرِّضا
داميَ الجفنِ على ابنِ المرتضى
 .
*الأُوام : العطش
.
#الامام_الرضا
#اللهم_عجل_لوليك_الفرج",0,0,0,https://x.com/OssailyAmily/status/1312799553045827585,2020,10,2020-10-04,"يا"" أبا الصَّلْتِ"" فَخُذني لإمامي
كأسَ ماءٍ! فهْوَ بَعْدَ السُّمِّ ظامي
خِلْتُهُ يرفضُ تبريدَ الأُوامِ*
عَـــلْ يواسي مَنْ سقَوْهُ بالسَّهامِ
.
هكذا في همِّهِ ماتَ الرِّضا
داميَ الجفنِ على ابنِ المرتضى
 .
*الأُوام : العطش
.
#الامام_الرضا
#اللهم_عجل_لوليك_الفرج","O Abu Al-Salt, take me to my imam
A glass of water! After the poison, he is thirsty
I thought he refused to cool down the days*
To console those who shot him with arrows
.
Thus, contentment died in his worry
Ibn al-Murtada is bleeding
 .
*Al-Awam: thirst
.
#Imam_Reza
#Oh God, please fasten relief for us"
1299899934947205120,ali7osain,2020-08-30 05:41:10.121,لو أن الله دمّر الكون كلّه لظلامة الحسين ومقتله، لما كان ذلك مخالفا لعدالته.,0,0,0,https://x.com/HadiAlModarresi/status/1299899934947205120,2020,8,2020-08-30,لو أن الله دمّر الكون كلّه لظلامة الحسين ومقتله، لما كان ذلك مخالفا لعدالته.,"If God had destroyed the entire universe because of Hussein's oppression and death, this would not have been contrary to His justice."
1299718211118735360,ali7osain,2020-08-29 17:39:03.784,"السلام عليك مِن شهيد مُحتَسِب ورحمة الله وبركاته، ما أكرم مقامك وأشرف منقلبك، أشهد لقد شكر الله سعيك وأجزل ثوابك وألحقك بالذروة العالية حيث الشرف كل الشرف وفي الغرف السامية، كما مَنَّ عليك من قبل وجعلك مِن أهل البيت الذين أذهب الله عنهم الرجس وطهرهم تطهيرا
#أشبه_الناس_برسول_الله",0,0,0,https://x.com/ali7osain/status/1299718211118735360,2020,8,2020-08-29,"السلام عليك مِن شهيد مُحتَسِب ورحمة الله وبركاته، ما أكرم مقامك وأشرف منقلبك، أشهد لقد شكر الله سعيك وأجزل ثوابك وألحقك بالذروة العالية حيث الشرف كل الشرف وفي الغرف السامية، كما مَنَّ عليك من قبل وجعلك مِن أهل البيت الذين أذهب الله عنهم الرجس وطهرهم تطهيرا
#أشبه_الناس_برسول_الله","May the peace, mercy, and blessings of God be upon you, a worthy martyr. How honorable is your position and honorable is your position. I bear witness that God has thanked your effort, rewarded you abundantly, and placed you on the highest peak, where all honor is, and in the lofty chambers, just as He bestowed favor upon you before and made you among the Ahl al-Bayt from whom God has removed impurity and purified them with a thorough purification.
#The _ people _ resemble _ the _ Messenger _ of _ God"
1296915172746043399,ali7osain,2020-08-22 00:00:47.358,"ثم قال الإمام #الرضا ع 
يا بن شبيب إن كنت باكياً لشيء ، فابك للحسين بن علي بن أبي طالب (ع) فإنه ذُبح كما يُذبح الكبش ، وقُتل معه من أهل بيته ثمانية عشر رجلا ما لهم في الأرض شبيه
#واحسيناه 
#محرم_١٤٤٢",0,0,0,https://x.com/ammar_shekarchi/status/1296915172746043399,2020,8,2020-08-22,"ثم قال الإمام #الرضا ع 
يا بن شبيب إن كنت باكياً لشيء ، فابك للحسين بن علي بن أبي طالب (ع) فإنه ذُبح كما يُذبح الكبش ، وقُتل معه من أهل بيته ثمانية عشر رجلا ما لهم في الأرض شبيه
#واحسيناه 
#محرم_١٤٤٢","Then Imam Al-Rida, peace be upon him, said: 
O Ibn Shabib, if you are crying for something, then cry for Al-Hussein Ibn Ali Ibn Abi Talib (peace be upon him), for he was slaughtered like a ram is slaughtered, and eighteen men from his household were killed with him who have no equal on earth.
#And we made it good 
#Muharram_1442"
1291862790320336897,ali7osain,2020-08-08 01:24:25.519,"من اغبى صدف التأريخ،ان يوهم جيل التسعينات بأن تاريخ ٨/٨اسمه(يوم النصر العظيم).
٣٤٠الف قتيل .
٧٠٠الف جريح ومعاق!
٤٠٠الف لاجئ. 
٧٠الف اسير
ادري وين العظيم بالموضوع؟جان يحجي كدام المراية المقبور يقنع نفسه من طلع هل تسمية على هذا اليوم. 
عمومااا 
يوم النصر الحقيقي هو على #الدواعش فقط",0,0,0,https://x.com/realLinamusawi/status/1291862790320336897,2020,8,2020-08-08,"من اغبى صدف التأريخ،ان يوهم جيل التسعينات بأن تاريخ ٨/٨اسمه(يوم النصر العظيم).
٣٤٠الف قتيل .
٧٠٠الف جريح ومعاق!
٤٠٠الف لاجئ. 
٧٠الف اسير
ادري وين العظيم بالموضوع؟جان يحجي كدام المراية المقبور يقنع نفسه من طلع هل تسمية على هذا اليوم. 
عمومااا 
يوم النصر الحقيقي هو على #الدواعش فقط","One of the stupidest coincidences in history is to deceive the generation of the nineties that the date of 8/8 is called (the Day of the Great Victory).
340 thousand dead.
700 thousand wounded and disabled!
400 thousand refugees. 
70 thousand prisoners
I know who is great about this topic? Jan talks like a mirror. The graved one convinces himself that he came out. Is there a name for this day? 
In general 
The real victory day is against #ISIS only"
1287488458970210304,ali7osain,2020-07-26 23:42:23.654,"Guess the place or describe it, for the chance to visit this paradise soon",0,0,0,https://x.com/SayedModarresi/status/1287488458970210304,2020,7,2020-07-26,"Guess the place or describe it, for the chance to visit this paradise soon","Guess the place or describe it, for the chance to visit this paradise soon"
1284938120962637825,ali7osain,2020-07-19 22:48:15.690,"صلوات الله وسلامه الدائم والسرمد على الإمامين الجوادين الكاظمين باب الحوائج #موسى_بن_جعفر #الكاظم وباب المراد #محمد_بن_علي الجواد
#الجواد_قدوتنا 
#captionimage",0,0,0,https://x.com/ali7osain/status/1284938120962637825,2020,7,2020-07-19,"صلوات الله وسلامه الدائم والسرمد على الإمامين الجوادين الكاظمين باب الحوائج #موسى_بن_جعفر #الكاظم وباب المراد #محمد_بن_علي الجواد
#الجواد_قدوتنا 
#captionimage","May God’s blessings and everlasting and everlasting peace be upon the two imams, the imams, the one who suppresses the chapter of needs #Musa_bin_Jaafar #Alkadhim and the chapter of what is desired #Muhammad_bin_Ali Al-Jawad
#Al-Jawad_is_our_role 
#captionimage"
1274407179554942977,ali7osain,2020-06-20 21:22:03.603,"Imam Sadeq vs. William Harvey

Watch full clip: 
youtu.be/JHgLbPkohJg",0,0,0,https://x.com/SayedModarresi/status/1274407179554942977,2020,6,2020-06-20,"Imam Sadeq vs. William Harvey

Watch full clip: 
youtu.be/JHgLbPkohJg","Imam Sadeq vs. William Harvey

Watch full clip: 
youtu.be/JHgLbPkohJg"
1271143740774723585,ali7osain,2020-06-11 21:14:19.166,الحسين؏ فريد في عالم الأولياء، فلا تجد في تاريخ جميع الأمم: بطولات كبطولاته، ولا آلام كآلامه، ولا تضحيات كتضحياته...,0,0,0,https://x.com/HadiAlModarresi/status/1271143740774723585,2020,6,2020-06-11,الحسين؏ فريد في عالم الأولياء، فلا تجد في تاريخ جميع الأمم: بطولات كبطولاته، ولا آلام كآلامه، ولا تضحيات كتضحياته...,"Al-Hussein is unique in the world of saints. You will not find in the history of all nations: heroics like his, nor sufferings like his, nor sacrifices like his..."
1267979475037413376,ali7osain,2020-06-03 03:40:39.425,Covid-19 !!!,0,0,0,https://x.com/ali7osain/status/1267979475037413376,2020,6,2020-06-03,Covid-19 !!!,Covid-19!!!
1263983210943451137,ali7osain,2020-05-23 03:00:55.818,أربعة ألآف مقاتلٍ سعودي دخلوا #العراق عام ٢٠٠٤ حسب التسجيل المسرب بين الوزير العماني والقذافي وأتسائل كم أشعلوا من فتنةٍ وكم قتلوا وفجّروا وذبحوا وحرقوا من العراقيين؟  أين الأصوات العالية والعيون الباكية والقنوات الفضائية التي تطالب بحقوق المجني عليهم ؟ .,0,0,0,https://x.com/d_k_almulla/status/1263983210943451137,2020,5,2020-05-23,أربعة ألآف مقاتلٍ سعودي دخلوا #العراق عام ٢٠٠٤ حسب التسجيل المسرب بين الوزير العماني والقذافي وأتسائل كم أشعلوا من فتنةٍ وكم قتلوا وفجّروا وذبحوا وحرقوا من العراقيين؟  أين الأصوات العالية والعيون الباكية والقنوات الفضائية التي تطالب بحقوق المجني عليهم ؟ .,"Four thousand Saudi fighters entered #Iraq in 2004, according to the leaked recording between the Omani minister and Gaddafi. I wonder how much sedition they sparked and how many Iraqis they killed, bombed, slaughtered and burned?  Where are the loud voices, the crying eyes, and the satellite channels demanding the rights of the victims? ."
1260971691901140996,ali7osain,2020-05-14 19:34:13.727,"أوَّاهُ مِنْ (فلقٍ) أجرى السما (علقاً)
وفيهِ (طٰهَ) أقامَ الحزنَ مقهورا
.
(الليلُ) عادَ فـ(نجمُ) العالمينَ هوى
ليطفئَ (الشمسَ) عندَ (الفجرِ) (تكْويرا)
.
ما أعظمَ الخطبَ فالإسلامُ أبَّنَهُ :
أليومَ ماتَ إمامُ الحقِّ مغدورا
.
عظم الله أجر صاحب الزمان (عج) وأجوركم.
.
#يا_علي",0,0,0,https://x.com/OssailyAmily/status/1260971691901140996,2020,5,2020-05-14,"أوَّاهُ مِنْ (فلقٍ) أجرى السما (علقاً)
وفيهِ (طٰهَ) أقامَ الحزنَ مقهورا
.
(الليلُ) عادَ فـ(نجمُ) العالمينَ هوى
ليطفئَ (الشمسَ) عندَ (الفجرِ) (تكْويرا)
.
ما أعظمَ الخطبَ فالإسلامُ أبَّنَهُ :
أليومَ ماتَ إمامُ الحقِّ مغدورا
.
عظم الله أجر صاحب الزمان (عج) وأجوركم.
.
#يا_علي","Aww, from (Falaq) He filled the sky (Alaqa)
In it (Taha) remained subdued by sadness
.
(The night) has returned, and the (star) of the worlds has fallen
To extinguish (the sun) at (dawn) (Takwira)
.
What a great speech, Islam built it:
Today the Imam of Truth died betrayed
.
May God reward you and your reward.
.
#Oh_Ali"
1260650173329367041,ali7osain,2020-05-13 22:16:37.726,"اتفق النبي ﷺ مع نصارى نجران ان يباهلهم (القصة في المرفق) بابنائه ونسائه ونفسه، وفي اليوم الموعود برز لهم ومعه الحسن والحسين (أبناءنا)، وفاطمة فقط (ونساءنا)، وعلي يمثل نفس الرسول (وأنفسنا)، فالسلام على محمد وآل محمد

إضاءات قرآنية ١٨
#حيدر_اللواتي",0,0,0,https://x.com/DrAl_Lawati/status/1260650173329367041,2020,5,2020-05-13,"اتفق النبي ﷺ مع نصارى نجران ان يباهلهم (القصة في المرفق) بابنائه ونسائه ونفسه، وفي اليوم الموعود برز لهم ومعه الحسن والحسين (أبناءنا)، وفاطمة فقط (ونساءنا)، وعلي يمثل نفس الرسول (وأنفسنا)، فالسلام على محمد وآل محمد

إضاءات قرآنية ١٨
#حيدر_اللواتي","The Prophet, peace and blessings of God be upon him, agreed with the Christians of Najran to show them (the story in the attachment) his sons, his wives, and himself. On the promised day, he appeared to them with Al-Hasan and Al-Hussein (our sons), only Fatima (our women), and Ali representing the soul of the Messenger (and ourselves), so peace be upon Muhammad and the family of Muhammad.

Qur’anic Illuminations 18
#Haider_Alwati"
1247971193136742401,ali7osain,2020-04-08 22:34:53.284,"زيارة الليلة كانت حزينة..
فبالرغم من أن أجساد العشاق كانت بعيدة إلا أنَّك تشعر بأرواحهم حاضرة، تحوم بالضريح وتذرف دموع الشوق.
فجعلت زيارتي نيابة عنكم أيها المشتاقون وكان دعائي تحت قبته: #اللهم_عجل_لوليك_الفرج 
أسألكم الدعاء
#ليله_النصف_من_شعبان 
 #مولد_منقذ_البشريه",0,0,0,https://x.com/smortadha/status/1247971193136742401,2020,4,2020-04-08,"زيارة الليلة كانت حزينة..
فبالرغم من أن أجساد العشاق كانت بعيدة إلا أنَّك تشعر بأرواحهم حاضرة، تحوم بالضريح وتذرف دموع الشوق.
فجعلت زيارتي نيابة عنكم أيها المشتاقون وكان دعائي تحت قبته: #اللهم_عجل_لوليك_الفرج 
أسألكم الدعاء
#ليله_النصف_من_شعبان 
 #مولد_منقذ_البشريه","Tonight's visit was sad.
Even though the bodies of the lovers were far away, you felt their spirits present, circling the shrine and shedding tears of longing.
So I made my visit on behalf of you, those who miss you, and my supplication was under his dome: #Oh God, hasten your relief. 
I ask you to pray
#Night_of_Half_of_Shaaban 
 #Born_Savior_of_Humanity"
1243588037281566720,ali7osain,2020-03-27 20:17:47.493,"قال الامام #الحسين ع
دخلت على رسول الله ص وعنده أبي بن كعب فقال لي رسول الله 
مرحبا بك يا أبا عبد الله يا زين السماوات والأرضين، قال له أُبي: وكيف يكون يا #رسول_الله زين السماوات والأرض أحد غيرك
فقال: يا أبي والذي بعثني بالحق نبيا إن الحسين بن علي في السماء أكبر منه في الأرض",0,0,0,https://x.com/ammar_shekarchi/status/1243588037281566720,2020,3,2020-03-27,"قال الامام #الحسين ع
دخلت على رسول الله ص وعنده أبي بن كعب فقال لي رسول الله 
مرحبا بك يا أبا عبد الله يا زين السماوات والأرضين، قال له أُبي: وكيف يكون يا #رسول_الله زين السماوات والأرض أحد غيرك
فقال: يا أبي والذي بعثني بالحق نبيا إن الحسين بن علي في السماء أكبر منه في الأرض","Imam Hussein, peace be upon him, said:
I entered upon the Messenger of God, may God bless him and grant him peace, and he was with Ubayy bin Ka’b, and the Messenger of God said to me 
Welcome, O Abu Abdullah, you who adorn the heavens and the earth. My father said to him: How can anyone else beautify the heavens and the earth, O Messenger of God?
He said: O my father, by the One who sent me as a prophet with the truth, Al-Hussein bin Ali is greater in heaven than he is on earth"
1243577696954781697,ali7osain,2020-03-27 19:36:42.167,"""واوحى الله عز وجل إلى الملائكة، ان قوموا صفوفا بالتسبيح والتقديس والتمجيد والتكبير كرامة لمولود ولد لمحمد (ص) و اوحى الله تبارك وتعالى إلى جبرئيل، ان اهبط إلى نبيي محمد في الف قبيل والقبيل الف الف من الملائكة ، ان هنّوا محمداً لمولوده، واخبره يا جبرئيل اني قد سميته الحسين..""",0,0,0,https://x.com/esteftaat/status/1243577696954781697,2020,3,2020-03-27,"""واوحى الله عز وجل إلى الملائكة، ان قوموا صفوفا بالتسبيح والتقديس والتمجيد والتكبير كرامة لمولود ولد لمحمد (ص) و اوحى الله تبارك وتعالى إلى جبرئيل، ان اهبط إلى نبيي محمد في الف قبيل والقبيل الف الف من الملائكة ، ان هنّوا محمداً لمولوده، واخبره يا جبرئيل اني قد سميته الحسين..""","“And God Almighty revealed to the angels, ‘Stand in ranks in praise, sanctification, glorification, and glorification of honor for a newborn born to Muhammad (PBUH).’ And God, Blessed and Most High, revealed to Gabriel, ‘Send down to my Prophet Muhammad in a thousand tribes, and in the tribe of a thousand thousand angels, to congratulate Muhammad on his newborn, and tell him, O Gabriel, that I have named him Al-Hussein.’”"
1243577072896933889,ali7osain,2020-03-27 19:34:13.380,"قال رسول الله (ص):
""فلما ولد الحسين بن علي (ع) وكان مولده عشية الخميس ليلة الجمعة أوحى الله جل جلاله إلى مالك خازن النيران أن اخمد النيران على أهلها كرامة لمولود ولد لمحمد (ص)، واوحى إلى رضوان خازن الجنان ان زخرف الجنان وطيبها كرامة لمولود ولد لمحمد (ص) في دار الدنيا...""",0,0,0,https://x.com/esteftaat/status/1243577072896933889,2020,3,2020-03-27,"قال رسول الله (ص):
""فلما ولد الحسين بن علي (ع) وكان مولده عشية الخميس ليلة الجمعة أوحى الله جل جلاله إلى مالك خازن النيران أن اخمد النيران على أهلها كرامة لمولود ولد لمحمد (ص)، واوحى إلى رضوان خازن الجنان ان زخرف الجنان وطيبها كرامة لمولود ولد لمحمد (ص) في دار الدنيا...""","The Messenger of God (PBUH) said:
“When Hussein bin Ali (peace be upon him) was born, and his birth was on the eve of Thursday, the night of Friday, God Almighty revealed to Malik, the keeper of fires, to extinguish the fires on its people as a dignity for a newborn born to Muhammad (peace be upon him), and He revealed to Ridwan, the keeper of heavens, that adorning the heavens and perfumed them is a dignity for a newborn born to Muhammad (peace be upon him) in the abode of the world...”"
1243051356430020608,ali7osain,2020-03-26 07:45:12.807,مشروع #اليمن المعلوماتي: الغارات التي شنها التحالف بقيادة #السعودية في #اليمن أدت لمقتل ١٨٤٠٠ مدني خلال خمس سنوات ٨٦٠٠ منهم من الأطفال والنساء. التحالف مسؤول عن ٧٠٪ من الوفيات بين المدنيين - إندبندنت البريطانية,0,0,0,https://x.com/ZaidBenjamin5/status/1243051356430020608,2020,3,2020-03-26,مشروع #اليمن المعلوماتي: الغارات التي شنها التحالف بقيادة #السعودية في #اليمن أدت لمقتل ١٨٤٠٠ مدني خلال خمس سنوات ٨٦٠٠ منهم من الأطفال والنساء. التحالف مسؤول عن ٧٠٪ من الوفيات بين المدنيين - إندبندنت البريطانية,"#Yemen Information Project: The raids launched by the #Saudi-led coalition in #Yemen led to the killing of 18,400 civilians over five years, 8,600 of whom were children and women. The coalition is responsible for 70% of civilian deaths - The British Independent"
1241085732229468161,ali7osain,2020-03-20 21:34:31.478,"#المرجع_المدرسي: مَن يستهين بالمخالطة ويكون سببًا في انتقال العدوى متعمدًا، وأدى ذلك إلى موت الآخرين، فذلك قد يكون من القتل شبه العمد وعليه دفع الدية.
#كورونا_الجديد
#كوفيد_19 
#خليك_بالبيت",0,0,0,https://x.com/Moh_Almosawi/status/1241085732229468161,2020,3,2020-03-20,"#المرجع_المدرسي: مَن يستهين بالمخالطة ويكون سببًا في انتقال العدوى متعمدًا، وأدى ذلك إلى موت الآخرين، فذلك قد يكون من القتل شبه العمد وعليه دفع الدية.
#كورونا_الجديد
#كوفيد_19 
#خليك_بالبيت","#SchoolReference: Whoever underestimates contact and is the cause of intentional transmission of infection, and this leads to the death of others, this may be considered semi-intentional murder and he must pay blood money.
#New_Corona
#Covid_19 
#StayHome"
1241023435121229829,ali7osain,2020-03-20 17:26:58.690,"وَالوارِدِ عَلى جَدِّهِ المُصْطَفى وَأَبِيهِ المُرْتَضى وَأُمِّهِ فاطَمَةَ سَيِّدَةِ النِّساءِ بِإِرْثٍ مَغْصُوبٍ وَوَلاءٍ مَسْلُوبٍ وَأَمْرٍ مَغْلُوبٍ وَدَمٍ مَطْلُوبٍ وَسَمٍّ مَشْرُوبٍ.
#استشهاد_الامام_موسى_الكاظم",0,0,0,https://x.com/ammar_shekarchi/status/1241023435121229829,2020,3,2020-03-20,"وَالوارِدِ عَلى جَدِّهِ المُصْطَفى وَأَبِيهِ المُرْتَضى وَأُمِّهِ فاطَمَةَ سَيِّدَةِ النِّساءِ بِإِرْثٍ مَغْصُوبٍ وَوَلاءٍ مَسْلُوبٍ وَأَمْرٍ مَغْلُوبٍ وَدَمٍ مَطْلُوبٍ وَسَمٍّ مَشْرُوبٍ.
#استشهاد_الامام_موسى_الكاظم","What is related to his grandfather, the Chosen One, his father, Al-Murtada, and his mother, Fatima, the Mistress of Women, was a usurped inheritance, a stolen allegiance, a conquered command, and a wanted blood. A drinkable poison.
#Martyrdom_of_Imam_Musa_Al-Kadhim"
1240598553963237376,ali7osain,2020-03-19 13:18:39.128,"لهفي وهل يُجدي أسىً لهفي على 
#موسى_بن_جعفر علة الايجاد 
مازال ينقلُ في السجون معانياً 
عضّ القيود ومثقل الأصفاد 
قطع الرشيد عليه فرض صلاته 
قسرا وأظهر كامن الأحقاد 
حتى إليه دسّ سمّا قاتلاً 
فأصابَ أقصى منيةٍ ومراد 
وضعوا على جسر الرصافة نعشه 
وعليه نادى بالهوان منادي
#وا_إماماه",0,0,0,https://x.com/ammar_shekarchi/status/1240598553963237376,2020,3,2020-03-19,"لهفي وهل يُجدي أسىً لهفي على 
#موسى_بن_جعفر علة الايجاد 
مازال ينقلُ في السجون معانياً 
عضّ القيود ومثقل الأصفاد 
قطع الرشيد عليه فرض صلاته 
قسرا وأظهر كامن الأحقاد 
حتى إليه دسّ سمّا قاتلاً 
فأصابَ أقصى منيةٍ ومراد 
وضعوا على جسر الرصافة نعشه 
وعليه نادى بالهوان منادي
#وا_إماماه","My longing, and will my longing be of any use to me? 
#Musa_bin_Jaafar The reason for creation 
It still conveys meanings in prisons 
Bite shackles and heavy handcuffs 
Al-Rashid cut off his obligatory prayer 
Forcedly and revealed latent grudges 
He even poisoned him with a deadly poison 
He attained the utmost desire and desire 
They placed his coffin on Rusafa Bridge 
Accordingly, a herald called out to the humiliation
#And_Imamah"
1239159161201537024,ali7osain,2020-03-15 13:59:01.151,"جاء في بيان سماحته:
بينما نقدر جهود الطاقم الطبي ودعاء الخير لهم، والتأكيد مجددا على اتباع الناس تعليمات المتخصصين والتجنب عما يسبب انتشار المرض، ينبغي على المؤمنين؛ على أعتاب شهادة باب الحوائج الإمام موسی بن جعفر ""عليهما السلام"":",0,0,0,https://x.com/Al5orasani/status/1239159161201537024,2020,3,2020-03-15,"جاء في بيان سماحته:
بينما نقدر جهود الطاقم الطبي ودعاء الخير لهم، والتأكيد مجددا على اتباع الناس تعليمات المتخصصين والتجنب عما يسبب انتشار المرض، ينبغي على المؤمنين؛ على أعتاب شهادة باب الحوائج الإمام موسی بن جعفر ""عليهما السلام"":","His Eminence’s statement stated:
While we appreciate the efforts of the medical staff and pray for their well-being, and reiterate that people follow the instructions of specialists and avoid what causes the spread of the disease, believers should; On the threshold of the martyrdom of the Chapter of Needs, Imam Musa bin Jaafar, peace be upon them:"
1236423350848835586,ali7osain,2020-03-08 00:47:53.134,"وكان لي والدٌ يهوى أبا حسن
#أمير_المؤمنين عليه السلام",0,0,0,https://x.com/ammar_shekarchi/status/1236423350848835586,2020,3,2020-03-08,"وكان لي والدٌ يهوى أبا حسن
#أمير_المؤمنين عليه السلام","I had a father who loved Abu Hassan
#Commander of the Faithful, peace be upon him"
1236232652518088704,ali7osain,2020-03-07 12:10:07.109,"إستمع | رسالة آية الله #السيد_هادي_المدرسي الى جميع المؤمنين الذين يدعون له بالشفاء: 
youtu.be/3efg7GKpsQs

(تابعوا صفحة ""نصائح السيد هادي المدرسي"" على يوتيوب للحصول على كل جديد)",0,0,0,https://x.com/HadiAlModarresi/status/1236232652518088704,2020,3,2020-03-07,"إستمع | رسالة آية الله #السيد_هادي_المدرسي الى جميع المؤمنين الذين يدعون له بالشفاء: 
youtu.be/3efg7GKpsQs

(تابعوا صفحة ""نصائح السيد هادي المدرسي"" على يوتيوب للحصول على كل جديد)","listen | A message from Ayatollah #Mr.Hadi_Al-Mudarrisi to all believers who are praying for his recovery: 
youtu.be/3efg7GKpsQs

(Follow the “Advice of Mr. Hadi Al-Modarresi” page on YouTube to get all the latest updates)"
1230740570928078849,ali7osain,2020-02-21 08:26:32.820,اعترافات جون بيركنز عن اسلوب المافيا الذي اتبعته امريكا في الهيمنة على ثروات دول امريكا الجنوبية: اغراقها في ديون البنك الدولي وعندما تعجز عن السداد يتم زعزعة استقرارها والاستيلاء على مواردها، والاسلوب الذي تتبعه مع دول الشرق الاوسط وافريقيا لا يختلف,0,0,0,https://x.com/DrAl_Lawati/status/1230740570928078849,2020,2,2020-02-21,اعترافات جون بيركنز عن اسلوب المافيا الذي اتبعته امريكا في الهيمنة على ثروات دول امريكا الجنوبية: اغراقها في ديون البنك الدولي وعندما تعجز عن السداد يتم زعزعة استقرارها والاستيلاء على مواردها، والاسلوب الذي تتبعه مع دول الشرق الاوسط وافريقيا لا يختلف,"John Perkins's confessions about the mafia method that America has followed in dominating the wealth of South American countries: drowning them in World Bank debts, and when they are unable to pay, their stability is destabilized and their resources are seized, and the method it follows with the countries of the Middle East and Africa is no different."
1221170123094003713,ali7osain,2020-01-25 22:37:00.246,سُكْر السلطة,0,0,0,https://x.com/AlmodarresiSays/status/1221170123094003713,2020,1,2020-01-25,سُكْر السلطة,The intoxication of power
1220669640751357954,ali7osain,2020-01-24 13:28:15.957,"مليونيات في جهات مختلفة!!
ثورة بقبال ثورة!!
على أطراف النزاع أن يتقبلوا الآخر بآراءه ومعتقداته كما هي، فالجميع مشتركون بوطن واحد وبثقب السفينة سنغرق جميعاً.. 
#العراق #العراق_في_عام_2020 #انتخابات_مبكرة",0,0,0,https://x.com/ali7osain/status/1220669640751357954,2020,1,2020-01-24,"مليونيات في جهات مختلفة!!
ثورة بقبال ثورة!!
على أطراف النزاع أن يتقبلوا الآخر بآراءه ومعتقداته كما هي، فالجميع مشتركون بوطن واحد وبثقب السفينة سنغرق جميعاً.. 
#العراق #العراق_في_عام_2020 #انتخابات_مبكرة","Millions in different directions!!
Revolution versus revolution!!
The parties to the conflict must accept the other’s opinions and beliefs as they are. Everyone shares one homeland, and if the ship sinks, we will all sink. 
#Iraq #Iraq_in_2020 #Early_elections"
1219629495830839304,ali7osain,2020-01-21 16:35:06.083,شكراً لحسن الظن. حكومتنا مستقيلة ونحن بانتظار حكومة جديدة لتسليمها مهامنا الوزارية. واجبي المهني والتزامي الأخلاقي يحتم علي العمل ليل نهار لتوفير الكهرباء للشعب ورفد المنشآت الحيوية في جميع المحافظات رغم العمليات الإرهابية والتخريب والتجاوزات وقطع الطرق وحصار المحطات وحقول النفط.,0,0,0,https://x.com/AL_Khatteeb/status/1219629495830839304,2020,1,2020-01-21,شكراً لحسن الظن. حكومتنا مستقيلة ونحن بانتظار حكومة جديدة لتسليمها مهامنا الوزارية. واجبي المهني والتزامي الأخلاقي يحتم علي العمل ليل نهار لتوفير الكهرباء للشعب ورفد المنشآت الحيوية في جميع المحافظات رغم العمليات الإرهابية والتخريب والتجاوزات وقطع الطرق وحصار المحطات وحقول النفط.,"Thanks for the good thoughts. Our government has resigned and we are waiting for a new government to hand over our ministerial duties. My professional duty and moral commitment require me to work day and night to provide electricity to the people and supply vital facilities in all governorates, despite terrorist operations, sabotage, abuses, blocking roads, and sieges of stations and oil fields."
1219671424610308098,ali7osain,2020-01-21 19:21:42.683,الإصلاح الحقيقي يجب أن يبدأ من المجتمع، فالمجتمع الفاقد للقيم والأخلاق يكون نخبته فلان و فلان (مع تحفظي لذكر الأسماء لاتجنب التجريح بمتابعيهم ومحبيهم),0,0,0,https://x.com/ali7osain/status/1219671424610308098,2020,1,2020-01-21,الإصلاح الحقيقي يجب أن يبدأ من المجتمع، فالمجتمع الفاقد للقيم والأخلاق يكون نخبته فلان و فلان (مع تحفظي لذكر الأسماء لاتجنب التجريح بمتابعيهم ومحبيهم),"True reform must start from society, as a society that lacks values ​​and morals is dominated by so-and-so (with my reservation to mention names to avoid insulting their followers and lovers)"
1219347431139299331,ali7osain,2020-01-20 21:54:16.620,نعيش في زمن سقوط الأقنعة عن الساقطين، ونرى الأعاجيب يوماً بعد يوم,0,0,0,https://x.com/ali7osain/status/1219347431139299331,2020,1,2020-01-20,نعيش في زمن سقوط الأقنعة عن الساقطين، ونرى الأعاجيب يوماً بعد يوم,"We live in a time when masks fall from the fallen, and we see marvels day after day"
1217764339089858562,ali7osain,2020-01-16 13:03:38.063,"بفضل من الله سبحانه وتعالى وبركات أهل البيت ودعاء المؤمنين خرج زعيم الحوزة النجفية المرجع السيد علي #السيستاني من غرفة العمليات بعد نجاح العملية وسيمكث سماحته في المستشفى بضعة أيام -اللهم اجعله في درعك الحصينة التي تجعل فيها من تريد -نسألكم الدعاء
#الاستهلال_الشرعي 
@alestehlal",0,0,0,https://x.com/alestehlal/status/1217764339089858562,2020,1,2020-01-16,"بفضل من الله سبحانه وتعالى وبركات أهل البيت ودعاء المؤمنين خرج زعيم الحوزة النجفية المرجع السيد علي #السيستاني من غرفة العمليات بعد نجاح العملية وسيمكث سماحته في المستشفى بضعة أيام -اللهم اجعله في درعك الحصينة التي تجعل فيها من تريد -نسألكم الدعاء
#الاستهلال_الشرعي 
@alestehlal","Thanks to God Almighty, the blessings of the people of the House, and the prayers of the believers, the leader of the Najafi seminary, the authority, Sayyed Ali #Al-Sistani, came out of the operating room after the success of the operation, and His Eminence will stay in the hospital for a few days - Oh God, put him in your fortified armor in which you place whomever you want - we ask you to pray
#Legit_initiation 
@alestehlal"
1216834161601908741,ali7osain,2020-01-13 23:27:26.468,"خبير الخرده يقول الصواريخ مجرد خرده ولم تحفر حفرة .....

#الجوكر_صنيعة_امريكا",0,0,0,https://x.com/MaithamAlhmdy/status/1216834161601908741,2020,1,2020-01-13,"خبير الخرده يقول الصواريخ مجرد خرده ولم تحفر حفرة .....

#الجوكر_صنيعة_امريكا","The scrap expert says the missiles are just scrap and no hole was dug.....

#TheJoker_Made_America"
1214508826029895680,ali7osain,2020-01-07 13:27:23.265,"بعض المسعودين لازال يتحدث عن تحالف ايراني امريكي!
٤ عقود من الصراع والمواجهات والحصار والاغتيالات والحروب لم تغيّر من (التحليل العقدي) لدى البعض!
لازال حزب الله بنظرهم عميل لاسرائيل! مثلما ايران عميلة لأمريكا!
اما السعودية فصاحبة السيادة والاستقلال والإسلام والشرع الى آخر الهياط!",0,0,0,https://x.com/hamzaalhassan/status/1214508826029895680,2020,1,2020-01-07,"بعض المسعودين لازال يتحدث عن تحالف ايراني امريكي!
٤ عقود من الصراع والمواجهات والحصار والاغتيالات والحروب لم تغيّر من (التحليل العقدي) لدى البعض!
لازال حزب الله بنظرهم عميل لاسرائيل! مثلما ايران عميلة لأمريكا!
اما السعودية فصاحبة السيادة والاستقلال والإسلام والشرع الى آخر الهياط!","Some Masouds are still talking about an Iranian-American alliance!
4 decades of conflict, confrontations, sieges, assassinations, and wars did not change the “doctrinal analysis” of some!
In their view, Hezbollah is still an agent of Israel! Just as Iran is an agent of America!
As for Saudi Arabia, it has sovereignty, independence, Islam, and Sharia law to the last degree!"
1213833043015852033,ali7osain,2020-01-05 16:42:04.039,"Check out this video about Abu Mahdi al-Muhandis who was assassinated by the US alongside Qasem Soleimani in an act of state terrorism. Together they led the campaign to defeat ISIS and have now fallen victim to US state terrorism. 
youtu.be/ncUM4h7rzJA",0,0,0,https://x.com/DerbyChrisW/status/1213833043015852033,2020,1,2020-01-05,"Check out this video about Abu Mahdi al-Muhandis who was assassinated by the US alongside Qasem Soleimani in an act of state terrorism. Together they led the campaign to defeat ISIS and have now fallen victim to US state terrorism. 
youtu.be/ncUM4h7rzJA","Check out this video about Abu Mahdi al-Muhandis who was assassinated by the US alongside Qasem Soleimani in an act of state terrorism. Together they led the campaign to defeat ISIS and have now fallen victim to US state terrorism. 
youtu.be/ncUM4h7rzJA"
1214212121862512640,ali7osain,2020-01-06 17:48:23.479,"هل سمعتم سابقا أن هناك بلد فرضت عليه عقوبات لأنه لايريد حرب؟! 

العراق لا يريد قواعد عسكرية لا يقدر على حمايتها، وبنفس الوقت لا يريد قطع العلاقة السياسية مع أمريكا، ولهذا يبدو الكلام عن العقوبات غير مقنع بالمرة..ومن يكتب عن ذلك يعرف لكنه يكتب ضمن سياق مطلوب أصبح واضحاً ومملاً!",0,0,0,https://x.com/RabeeaNader/status/1214212121862512640,2020,1,2020-01-06,"هل سمعتم سابقا أن هناك بلد فرضت عليه عقوبات لأنه لايريد حرب؟! 

العراق لا يريد قواعد عسكرية لا يقدر على حمايتها، وبنفس الوقت لا يريد قطع العلاقة السياسية مع أمريكا، ولهذا يبدو الكلام عن العقوبات غير مقنع بالمرة..ومن يكتب عن ذلك يعرف لكنه يكتب ضمن سياق مطلوب أصبح واضحاً ومملاً!","Have you ever heard that there is a country that has been subjected to sanctions because it does not want war?! 

Iraq does not want military bases that it cannot protect, and at the same time it does not want to sever the political relationship with America, which is why talk about sanctions seems completely unconvincing... and whoever writes about that knows, but he writes within a required context that has become clear and boring!"
1214230325234151429,ali7osain,2020-01-06 19:00:43.501,"يُعدّ الاستهداف المتعمّد للأعيان المدنية والمواقع الدينية والتراثية انتهاكاً للقانون الإنساني الدولي وجريمة حرب. يجب على الرئيس دونالد #ترامب أن يتراجع عن تهديده لـ #ايران وأن يعلن صراحةً التزامه بالقانون الدولي. 
@realDonaldTrump",0,0,0,https://x.com/AmnestyAR/status/1214230325234151429,2020,1,2020-01-06,"يُعدّ الاستهداف المتعمّد للأعيان المدنية والمواقع الدينية والتراثية انتهاكاً للقانون الإنساني الدولي وجريمة حرب. يجب على الرئيس دونالد #ترامب أن يتراجع عن تهديده لـ #ايران وأن يعلن صراحةً التزامه بالقانون الدولي. 
@realDonaldTrump","The deliberate targeting of civilian objects and religious and heritage sites is a violation of international humanitarian law and a war crime. President Donald #Trump must withdraw his threat against #Iran and explicitly declare his commitment to international law. 
@realDonaldTrump"
1213845727719411712,ali7osain,2020-01-05 17:32:28.308,"معقولة هذه البيانات صادرة من الخارجية الامريكية!! 
شنو #نفاق شنو #حداد وين #الرباط   
اتصور لازم يعيدون النظر بالموظف اليكتب هالتصريحات لان المفروض هذا حساب رسمي!!",0,0,0,https://x.com/ali7osain/status/1213845727719411712,2020,1,2020-01-05,"معقولة هذه البيانات صادرة من الخارجية الامريكية!! 
شنو #نفاق شنو #حداد وين #الرباط   
اتصور لازم يعيدون النظر بالموظف اليكتب هالتصريحات لان المفروض هذا حساب رسمي!!","Is it possible that these data are issued by the US State Department? 
What is #hypocrisy, what is #Haddad, where is #Rabat   
I think they should reconsider the employee who wrote these statements because this is supposed to be an official account!!"
1213745992618717184,ali7osain,2020-01-05 10:56:09.607,"Mr. 
@realDonaldTrump
,

Do you remember this tweet?

Now Americans feel less safer in the whole region than ever before. I have a network of contacts with American academics in the region, they live in fear. The Gulf region is an oil barrel, hope it will not be torched",0,0,0,https://x.com/DrAl_Lawati/status/1213745992618717184,2020,1,2020-01-05,"Mr. 
@realDonaldTrump
,

Do you remember this tweet?

Now Americans feel less safer in the whole region than ever before. I have a network of contacts with American academics in the region, they live in fear. The Gulf region is an oil barrel, hope it will not be torched","Mr. 
@realDonaldTrump
,

Do you remember this tweet?

Now Americans feel less safer in the whole region than ever before. I have a network of contacts with American academics in the region, they live in fear. The Gulf region is an oil barrel, hope it will not be torched"
1213758066921025536,ali7osain,2020-01-05 11:44:08.345,"كمثل الكعكة التي لا يمكن ان تأكلها الا بعد ان تقسمها الى قطع صغيرة .. فتلتهمها كلها .. قطعة بعد قطعة.. 

كذلك لا يمكن لاي شخص او جهة ان يسيطر على شعبٍ .. الا بعد تفريقه جماعات مختلفة..
وهذا التفريق لا يحتاج ان... 
facebook.com/10002177523210
…",0,0,0,https://x.com/MohsenModarresi/status/1213758066921025536,2020,1,2020-01-05,"كمثل الكعكة التي لا يمكن ان تأكلها الا بعد ان تقسمها الى قطع صغيرة .. فتلتهمها كلها .. قطعة بعد قطعة.. 

كذلك لا يمكن لاي شخص او جهة ان يسيطر على شعبٍ .. الا بعد تفريقه جماعات مختلفة..
وهذا التفريق لا يحتاج ان... 
facebook.com/10002177523210
…","Like a cake that you cannot eat until you divide it into small pieces, then you devour it whole, piece by piece. 

Likewise, no person or entity can control a people except after dividing it into different groups.
This distinction does not require... 
facebook.com/10002177523210
…"
1213385430026076161,ali7osain,2020-01-04 11:03:24.786,"من نكول الإعلام المتمثل بالخليجي وبرامج التصنيف من الشوز وغيرها هدفها تمزيق المنظومة الأخلاقية وهي ما تختلف عن الأحزاب الي تنتقدها هواي ميقبلون. 
هاي نتائجها فرحان بقصف محتل لبلده لأن يختلف ويا المستهدف والمظلوم",0,0,0,https://x.com/777Auda/status/1213385430026076161,2020,1,2020-01-04,"من نكول الإعلام المتمثل بالخليجي وبرامج التصنيف من الشوز وغيرها هدفها تمزيق المنظومة الأخلاقية وهي ما تختلف عن الأحزاب الي تنتقدها هواي ميقبلون. 
هاي نتائجها فرحان بقصف محتل لبلده لأن يختلف ويا المستهدف والمظلوم","The media's slander, represented by the Gulf, and the classification programs from Al-Showz and others, aim to tear down the moral system, which is no different from the parties that they criticize to any extent they do not accept. 
These are the results of the joy of an occupier bombing his country, because he disagrees with you, the targeted and the oppressed"
1213567310952308736,ali7osain,2020-01-04 23:06:08.578,لنعرف #usa اكثر,0,0,0,https://x.com/ali7osain/status/1213567310952308736,2020,1,2020-01-04,لنعرف #usa اكثر,Let's know #usa more
1213327984066793472,ali7osain,2020-01-04 07:15:08.602,"نحن أنصارُ حسينٍ نشتري الموت شراء
دمنا الحرُّ يلبّي في الملمات النداء
كيف نخشى من عدوٍّ كيف نخشى الجبناء
نحن من جئنا لأرض الموت كي نهدي الدماء",0,0,0,https://x.com/ammar_shekarchi/status/1213327984066793472,2020,1,2020-01-04,"نحن أنصارُ حسينٍ نشتري الموت شراء
دمنا الحرُّ يلبّي في الملمات النداء
كيف نخشى من عدوٍّ كيف نخشى الجبناء
نحن من جئنا لأرض الموت كي نهدي الدماء","We, supporters of Hussein, buy death
Our free blood responds to the call in distress
How do we fear an enemy? How do we fear cowards?
We are the ones who came to the land of death to shed blood"
1213309745077112832,ali7osain,2020-01-04 06:02:40.088,ما اعرف ليش تذكرت قتيل ساحة الوثبة!!,0,0,0,https://x.com/ali7osain/status/1213309745077112832,2020,1,2020-01-04,ما اعرف ليش تذكرت قتيل ساحة الوثبة!!,I don't know why I remembered the man killed in Al Wathba Square!!
1212953982622150656,ali7osain,2020-01-03 06:28:59.709,"بعد أن فشلت أمريكا
من تحقيق أجندتها في #العراق
على يد الجوكر وبقية العملاء

إضطرت للدخول بنفسها
وإغتالت #قاسم_سليماني  و #ابو_مهدي_المهندس  

و ستفشل
لأن بفعلتها هذه ستزداد العلاقة أكثر بين الشعبين العراقي والإيراني وسيمتزجان أكثر كما إمتزج الدم الإيراني بالعراقي

#إيران",0,0,0,https://x.com/Abdulwahab_j_j/status/1212953982622150656,2020,1,2020-01-03,"بعد أن فشلت أمريكا
من تحقيق أجندتها في #العراق
على يد الجوكر وبقية العملاء

إضطرت للدخول بنفسها
وإغتالت #قاسم_سليماني  و #ابو_مهدي_المهندس  

و ستفشل
لأن بفعلتها هذه ستزداد العلاقة أكثر بين الشعبين العراقي والإيراني وسيمتزجان أكثر كما إمتزج الدم الإيراني بالعراقي

#إيران","After America failed
To achieve its agenda in #Iraq
At the hands of the Joker and the rest of the agents

She had to go in herself
It assassinated #Qassem_Soleimani and #Abu_Mahdi_Al-Muhandis  

And you will fail
Because by doing this, the relationship between the Iraqi and Iranian peoples will increase further, and they will mix more, just as Iranian blood mixed with Iraqi blood.

#Iran"
1213090641292472324,ali7osain,2020-01-03 15:32:01.675,"عندما خان الفاسدون وفرّ الجبناءُ وهللَ الحاقدون كنتَ قبل الجميع على أسوار بغداد تحميها ومَن معكَ مِن السقوط .. وكنت أخا وصديقا وأباً لجُند الفتوى المباركة ، طلبت الشهادة فنُلتها بأعلى درجاتها ..
رحمك الله وأسكنك فسيح الجنات يامهندس
 إنا لله وانا اليه راجعون .

#اللهم_احفظ_العراق",0,0,0,https://x.com/renas_ali_1977/status/1213090641292472324,2020,1,2020-01-03,"عندما خان الفاسدون وفرّ الجبناءُ وهللَ الحاقدون كنتَ قبل الجميع على أسوار بغداد تحميها ومَن معكَ مِن السقوط .. وكنت أخا وصديقا وأباً لجُند الفتوى المباركة ، طلبت الشهادة فنُلتها بأعلى درجاتها ..
رحمك الله وأسكنك فسيح الجنات يامهندس
 إنا لله وانا اليه راجعون .

#اللهم_احفظ_العراق","When the corrupt betrayed, the cowards fled, and the haters cheered. You were before everyone else on the walls of Baghdad, protecting it and those with you from falling. You were a brother, a friend, and a father to the Blessed Fatwa Soldiers. You asked for martyrdom and obtained it at the highest levels.
May God have mercy on you and make you dwell in spacious gardens, engineer
 We belong to Allah and to Him we shall return.

#Oh _ God _ protect _ Iraq"
1213075173789880320,ali7osain,2020-01-03 14:30:33.935,"حول مقتل #قاسم_سليماني لنتخيل أن إيران استهدفت ""مايك بومبيو"" وزير خارجية أمريكا أثناء زياراته المتعددة للعراق أو أي مسئول مخابرات أمريكي في سوريا والعراق ، أليس هذا عملا عدائيا خارج الأطر الدبلوماسية؟..هذا بالضبط ما فعلته أمريكا باغتيال سليماني
المنطقة على صفيح ساخن",0,0,0,https://x.com/sameh_asker/status/1213075173789880320,2020,1,2020-01-03,"حول مقتل #قاسم_سليماني لنتخيل أن إيران استهدفت ""مايك بومبيو"" وزير خارجية أمريكا أثناء زياراته المتعددة للعراق أو أي مسئول مخابرات أمريكي في سوريا والعراق ، أليس هذا عملا عدائيا خارج الأطر الدبلوماسية؟..هذا بالضبط ما فعلته أمريكا باغتيال سليماني
المنطقة على صفيح ساخن","Regarding the killing of #Qassem_Soleimani, let us imagine that Iran targeted Mike Pompeo, America’s Secretary of State, during his multiple visits to Iraq, or any American intelligence official in Syria and Iraq. Isn’t this a hostile act outside diplomatic frameworks? This is exactly what America did by assassinating Soleimani.
The area is on a hot plate"
1213158973635006465,ali7osain,2020-01-03 20:03:33.375,كان بإمكانهم اغتيال ابو مهدي و سليماني قبل هذا التأريخ بسهولة عند تواجدهم المستمر في ساحات القتال ضد داعش لكن لم يفعلوها خوفا من ردة فعل الشعب العراقي ثأرا لمن ساندهم في محنتهم لكن فعلوها بعد ان ضمنوا نجاح خطتهم في تشويه سمعة هؤلاء عبر الإعلام المأجور و شعارات البعث اللعين.,0,0,0,https://x.com/salehattar/status/1213158973635006465,2020,1,2020-01-03,كان بإمكانهم اغتيال ابو مهدي و سليماني قبل هذا التأريخ بسهولة عند تواجدهم المستمر في ساحات القتال ضد داعش لكن لم يفعلوها خوفا من ردة فعل الشعب العراقي ثأرا لمن ساندهم في محنتهم لكن فعلوها بعد ان ضمنوا نجاح خطتهم في تشويه سمعة هؤلاء عبر الإعلام المأجور و شعارات البعث اللعين.,"They could have easily assassinated Abu Mahdi and Soleimani before this date when they were constantly present on the battlefields against ISIS, but they did not do it for fear of the reaction of the Iraqi people in revenge for those who supported them in their ordeal, but they did it after ensuring the success of their plan to distort the reputation of these people through the paid media and the slogans of the accursed Baath."
1213052945727729664,ali7osain,2020-01-03 13:02:14.352,"من العتبة الحسينية اليوم اثناء صلاة الجمعة
.",0,0,0,https://x.com/DrAl_Lawati/status/1213052945727729664,2020,1,2020-01-03,"من العتبة الحسينية اليوم اثناء صلاة الجمعة
.","From the Hussein Shrine today during Friday prayers
."
1213057537668501507,ali7osain,2020-01-03 13:20:29.156,زال الضباب وان كان البعض مصراً على لبس النظارات المظللة,0,0,0,https://x.com/ali7osain/status/1213057537668501507,2020,1,2020-01-03,زال الضباب وان كان البعض مصراً على لبس النظارات المظللة,"The fog has lifted, although some insist on wearing shaded glasses"
1212988732409884673,ali7osain,2020-01-03 08:47:04.704,"فزت ورب الكعبة

قالها أمير المؤمنين عليه السلام ويقولها كل من ينال هذا الوسام ويرتقي هذا المقام

السُنن تجري والنواميس تصدح:
أتى أمر الله فلا تستعجلوه

نارٌ في الهواء ونار في المياه ونارٌ في الارض مع الدماء والمدد من السماء وبعدها تُرفع رآية النصر في ساحة التضحية والقربان والفداء",0,0,0,https://x.com/DrAl_Lawati/status/1212988732409884673,2020,1,2020-01-03,"فزت ورب الكعبة

قالها أمير المؤمنين عليه السلام ويقولها كل من ينال هذا الوسام ويرتقي هذا المقام

السُنن تجري والنواميس تصدح:
أتى أمر الله فلا تستعجلوه

نارٌ في الهواء ونار في المياه ونارٌ في الارض مع الدماء والمدد من السماء وبعدها تُرفع رآية النصر في ساحة التضحية والقربان والفداء","I won by the Lord of the Kaaba

The Commander of the Faithful, peace be upon him, said it, and everyone who receives this medal and rises to this position says it

Sunnahs are running and laws are sounding:
God's command has come, so do not rush it

Fire in the air, fire in the water, and fire on the ground, along with blood and supplies from the sky, and then the banner of victory is raised in the arena of sacrifice, offering, and redemption."
1213026972156203008,ali7osain,2020-01-03 11:19:01.770,لا شيء، لم يبق كلام أمام هذا القرن السخيف الذي يديره الإرهاب الأمريكي، وأحمق شعبوي مثل ترمب، اغتيال المهندس وسليماني وغيرهم هو حرب معلنة داخل الأراضي العراقية. لا خاسر فيها سوى العراقيين نفسهم. دماء لا تتوقف، ومصاصو دماء يحيطون بالبلد، ولا نمتلك سوى الدعاء. اللهم إنه عراقك!,0,0,0,https://x.com/wajeeh_ali/status/1213026972156203008,2020,1,2020-01-03,لا شيء، لم يبق كلام أمام هذا القرن السخيف الذي يديره الإرهاب الأمريكي، وأحمق شعبوي مثل ترمب، اغتيال المهندس وسليماني وغيرهم هو حرب معلنة داخل الأراضي العراقية. لا خاسر فيها سوى العراقيين نفسهم. دماء لا تتوقف، ومصاصو دماء يحيطون بالبلد، ولا نمتلك سوى الدعاء. اللهم إنه عراقك!,"Nothing, there are no words left in the face of this ridiculous century run by American terrorism and a populist idiot like Trump. The assassination of Al-Muhandis, Soleimani and others is a declared war inside Iraqi territory. There are no losers except the Iraqis themselves. The blood does not stop, and vampires surround the country, and we have no choice but to pray. Oh God, it is your Iraq!"
1212969976010858499,ali7osain,2020-01-03 07:32:32.830,وهذا يوم فرِحت به بنو أمية، وآل زياد وآل مروان، والجوكرية عملاء الأمريكان !,0,0,0,https://x.com/DoctorMujtabaIQ/status/1212969976010858499,2020,1,2020-01-03,وهذا يوم فرِحت به بنو أمية، وآل زياد وآل مروان، والجوكرية عملاء الأمريكان !,"This is a day that the Banu Umayyads, the Ziyad family, the Marwan family, and the Jawkariya, the American agents, rejoiced in!"
1212673825290235904,ali7osain,2020-01-02 11:55:44.996,"الاميريكان ابلغو المسؤولين العراقيين وعلم الحشد الشعبي بنيتهم لاستهداف مقراتهم ولكن القيادة لم تبلغ الجنود باخلاءها!!!
وكأن للحشد مقر واحد أو مقرين في العراق ويستطيع اخلاءه!!! 
التبرير للامريكي بقتل العراقيين ذلة وخسة مابعدها ذلة وخسة ونذالة. 
x.com/MOE_1986USA/st
…",0,0,0,https://x.com/ali7osain/status/1212673825290235904,2020,1,2020-01-02,"الاميريكان ابلغو المسؤولين العراقيين وعلم الحشد الشعبي بنيتهم لاستهداف مقراتهم ولكن القيادة لم تبلغ الجنود باخلاءها!!!
وكأن للحشد مقر واحد أو مقرين في العراق ويستطيع اخلاءه!!! 
التبرير للامريكي بقتل العراقيين ذلة وخسة مابعدها ذلة وخسة ونذالة. 
x.com/MOE_1986USA/st
…","The Americans informed the Iraqi officials and the Popular Mobilization Forces learned of their intention to target their headquarters, but the leadership did not inform the soldiers to evacuate them!!!
It was as if the Hashd had one or two headquarters in Iraq and could evacuate it!!! 
The American justification for killing Iraqis is humiliation and meanness, followed by humiliation, meanness and villainy. 
x.com/MOE_1986USA/st
…"
1211357298666409985,ali7osain,2019-12-29 20:44:20.589,"قال أمير المؤمنين (ع)
""كم من دمٍ سَفّكَهُ فَم""

الدم؛ ١٦ شهيداً من مجاهدي العراق في القائم.
الفم؛ كل ناعق وببغاء على فيسبوك وتويتر أطلق كلمة (ذيل).
#امريكا_تقصف_حشدنا_الشعبي
#السيادة_الجوكرية_سايد_واحد",0,0,0,https://x.com/DoctorMujtabaIQ/status/1211357298666409985,2019,12,2019-12-29,"قال أمير المؤمنين (ع)
""كم من دمٍ سَفّكَهُ فَم""

الدم؛ ١٦ شهيداً من مجاهدي العراق في القائم.
الفم؛ كل ناعق وببغاء على فيسبوك وتويتر أطلق كلمة (ذيل).
#امريكا_تقصف_حشدنا_الشعبي
#السيادة_الجوكرية_سايد_واحد","The Commander of the Faithful (peace be upon him) said:
""How much blood has a mouth shed?""

blood; 16 martyrs from the Iraqi Mujahideen in Al-Qaim.
mouth; Every croaker and parrot on Facebook and Twitter used the word “tail.”
#America_bombs_our_popular_mobility
#Joker_Sovereignty_One_Side"
1211373907518853120,ali7osain,2019-12-29 21:50:20.448,"#امريكا_تقصف_حشدنا_الشعبي  وتخالف كل القوانين وتخرق سيادة العراق بهجومها على حماة الوطن في الثغور.
مهما اختلف العراقيون فيما بينهم فيما يرتبط بشؤونهم الداخلية؛ الا انهم جميعا يشجبون هذا الاعتداء على أرض العراق وابناءه.
رحم الله شهداء العراق ومنّ على الجرحى بالشفاء العاجل.",0,0,0,https://x.com/Sajadmodarresi/status/1211373907518853120,2019,12,2019-12-29,"#امريكا_تقصف_حشدنا_الشعبي  وتخالف كل القوانين وتخرق سيادة العراق بهجومها على حماة الوطن في الثغور.
مهما اختلف العراقيون فيما بينهم فيما يرتبط بشؤونهم الداخلية؛ الا انهم جميعا يشجبون هذا الاعتداء على أرض العراق وابناءه.
رحم الله شهداء العراق ومنّ على الجرحى بالشفاء العاجل.","#America_is_bombing_our_popular_mobility, violating all laws, and violating Iraq’s sovereignty by attacking the protectors of the homeland in the borders.
No matter how different Iraqis differ among themselves regarding their internal affairs; However, they all denounce this attack on the land of Iraq and its people.
May God have mercy on the martyrs of Iraq and grant a speedy recovery to the wounded."
1211356801804963840,ali7osain,2019-12-29 20:42:22.128,"ليس للأمر قراءة أخرى، الاستهداف الأمريكي للحشد الشعبي هو جريمة وعار، واعتداء على أرض عراقية، وعلى عراقيين، ومن وافق، وتعاطف، ورضي، وصمت أمام هذا الاعتداء فهو جزء من هذا الإرهاب العالمي.
الرحمة للشهداء، والعار لهذا الإرهاب الأمريكي.",0,0,0,https://x.com/wajeeh_ali/status/1211356801804963840,2019,12,2019-12-29,"ليس للأمر قراءة أخرى، الاستهداف الأمريكي للحشد الشعبي هو جريمة وعار، واعتداء على أرض عراقية، وعلى عراقيين، ومن وافق، وتعاطف، ورضي، وصمت أمام هذا الاعتداء فهو جزء من هذا الإرهاب العالمي.
الرحمة للشهداء، والعار لهذا الإرهاب الأمريكي.","There is no other way to read the matter. The American targeting of the Popular Mobilization Forces is a crime and a disgrace, and an assault on Iraqi land and against Iraqis. Whoever agrees, sympathizes, is satisfied, and remains silent in the face of this assault is part of this global terrorism.
Mercy to the martyrs, and shame to this American terrorism."
1211027970682425346,ali7osain,2019-12-28 22:55:42.679,استاذ فائق بعدك مصر على هذا كلامك؟,0,0,0,https://x.com/Al_thawaq/status/1211027970682425346,2019,12,2019-12-28,استاذ فائق بعدك مصر على هذا كلامك؟,"Mr. Faiq, are you still adamant about this?"
1210552854697693186,ali7osain,2019-12-27 15:27:46.201,"كفى استهتاراً. سألقن مَن يتهمني درساً لن ينسوه أبداً في احترام القانون. لقد رفعت قضية ضدهم وسأبذل ما بوسعي لفضح من على شاكلتهم.

لقد سرق صدام ماضينا واستهلكت مغامرات الجهلة حاضرنا ولن أسمح لمن عثر بهم الدهر أن يرهنوا مستقبلنا.

عراقنا بحاجة الى نهضة أخلاقيةومعرفية من أجل غد أفضل.",0,0,0,https://x.com/AL_Khatteeb/status/1210552854697693186,2019,12,2019-12-27,"كفى استهتاراً. سألقن مَن يتهمني درساً لن ينسوه أبداً في احترام القانون. لقد رفعت قضية ضدهم وسأبذل ما بوسعي لفضح من على شاكلتهم.

لقد سرق صدام ماضينا واستهلكت مغامرات الجهلة حاضرنا ولن أسمح لمن عثر بهم الدهر أن يرهنوا مستقبلنا.

عراقنا بحاجة الى نهضة أخلاقيةومعرفية من أجل غد أفضل.","Enough recklessness. I will teach my accusers a lesson they will never forget about respecting the law. I have filed a case against them and I will do my best to expose those like them.

Saddam stole our past and the adventures of ignorant people consumed our present. I will not allow those who have been stumbled upon to mortgage our future.

Our Iraq needs a moral and cognitive renaissance for a better tomorrow."
1210195039609114624,ali7osain,2019-12-26 15:45:56.436,"ارتكب النائب، ٣ مخالفات يعاقب عليها القانون:

١- نشر كتب رسمية ليست للتداول العام

٢- تجاهل ردود وزارة الكهرباء على الكتب المنشورة وإعطاء صورة مغايرة للحقيقة لإيهام الرأي العام

٣- إتهامنا بالتواطؤ وتسييس ملف التعيينات دون أي دليل

نصيحتي: اضبط الإملاء واحفظ القوانين واحترم الشعب",0,0,0,https://x.com/AL_Khatteeb/status/1210195039609114624,2019,12,2019-12-26,"ارتكب النائب، ٣ مخالفات يعاقب عليها القانون:

١- نشر كتب رسمية ليست للتداول العام

٢- تجاهل ردود وزارة الكهرباء على الكتب المنشورة وإعطاء صورة مغايرة للحقيقة لإيهام الرأي العام

٣- إتهامنا بالتواطؤ وتسييس ملف التعيينات دون أي دليل

نصيحتي: اضبط الإملاء واحفظ القوانين واحترم الشعب","The representative committed 3 violations punishable by law:

1- Publishing official books that are not for general circulation

2- Ignoring the Ministry of Electricity’s responses to published books and giving a picture other than the truth to mislead public opinion

3- We were accused of collusion and politicization of the appointment file without any evidence

My advice: control the spelling, keep the laws, and respect the people"
1209890646171037696,ali7osain,2019-12-25 19:36:23.385,"أما آن الأوان ليعرف العراقيون أنهم يسيرون في الاتجاه الخطأ إذ يصرّون على ترشيح ""سياسي نزيه""، بدلاً من الإصرار على بناء مؤسسات تمنع السياسي، أيّ سياسي، من ممارسة الفساد؟!

#العراق",0,0,0,https://x.com/DrAbbasKadhim/status/1209890646171037696,2019,12,2019-12-25,"أما آن الأوان ليعرف العراقيون أنهم يسيرون في الاتجاه الخطأ إذ يصرّون على ترشيح ""سياسي نزيه""، بدلاً من الإصرار على بناء مؤسسات تمنع السياسي، أيّ سياسي، من ممارسة الفساد؟!

#العراق","Isn't it time for Iraqis to realize that they are moving in the wrong direction as they insist on nominating an ""honest politician"", instead of insisting on building institutions that prevent politicians, any politician, from practicing corruption?!

#Iraq"
1207745588093227011,ali7osain,2019-12-19 21:32:41.686,من نوري سعيد وعبد المحسن السعدون وعبد الرحمن البزاز الى فايق الشيخ علي.... الان ادركنا عمق الهاوية.,0,0,0,https://x.com/NowfalAlJanabi/status/1207745588093227011,2019,12,2019-12-19,من نوري سعيد وعبد المحسن السعدون وعبد الرحمن البزاز الى فايق الشيخ علي.... الان ادركنا عمق الهاوية.,"From Nouri Saeed, Abdul Mohsen Al-Saadoun, and Abdul Rahman Al-Bazzaz to Fayeq Sheikh Ali... Now we have realized the depth of the abyss."
1207401110438338561,ali7osain,2019-12-18 22:43:51.813,لو بالعراق كنا نقرأ الفاتحة على أهل الهراوات!؟ طبعاً عندنا الجميع شهداء والقاتل والمقتول بالجنة!!,0,0,0,https://x.com/ali7osain/status/1207401110438338561,2019,12,2019-12-18,لو بالعراق كنا نقرأ الفاتحة على أهل الهراوات!؟ طبعاً عندنا الجميع شهداء والقاتل والمقتول بالجنة!!,"If in Iraq, we would recite Al-Fatihah to the people of the clubs!? Of course, we all have martyrs, and the murderer and the murdered go to Paradise!!"
1207087277693906946,ali7osain,2019-12-18 01:56:48.256,"جماعة #ماكو_وطن_ماكو_دوام  وجماعة #دوام_بامر_الشعب  تره الإضراب هو ""حق"" دستوري، انتبه، ""حق""، والحق هو شيء إرادي يعني، اذا جبرت الواحد يغيب غصباً ما عليه، انت قمعته، واذا جبرت واحد يداوم غصباً ما عليه، هم قمعته! خلوا الشباب هي تقرر تداوم لو لا! وذبوا سوط التخوين الشايليه!",0,0,0,https://x.com/wajeeh_ali/status/1207087277693906946,2019,12,2019-12-18,"جماعة #ماكو_وطن_ماكو_دوام  وجماعة #دوام_بامر_الشعب  تره الإضراب هو ""حق"" دستوري، انتبه، ""حق""، والحق هو شيء إرادي يعني، اذا جبرت الواحد يغيب غصباً ما عليه، انت قمعته، واذا جبرت واحد يداوم غصباً ما عليه، هم قمعته! خلوا الشباب هي تقرر تداوم لو لا! وذبوا سوط التخوين الشايليه!","The group #There_is_No_Nation_There_is_No_Work and the group #Work_By_the_People's_Order sees that the strike is a constitutional “right.” Pay attention, a “right,” and the right is a voluntary thing. That means, if you force someone to forcibly abstain from doing what he owes, you suppress him, and if you force someone to continue forcibly doing what he owes, they suppress him! Let the youth decide whether to continue or not! And melt the whip of Shaili treason!"
1207224905336573952,ali7osain,2019-12-18 11:03:41.243,اول مرة نسمع ان المدارس والجامعات والكليات خطر على حراك الشعوب المطلبي والسلمي وينبغي ان تبقى مغلقة!!!,0,0,0,https://x.com/DrAl_Lawati/status/1207224905336573952,2019,12,2019-12-18,اول مرة نسمع ان المدارس والجامعات والكليات خطر على حراك الشعوب المطلبي والسلمي وينبغي ان تبقى مغلقة!!!,"For the first time we hear that schools, universities and colleges are a threat to the people’s peaceful and demanding movement and should remain closed!!!"
1206998321371525121,ali7osain,2019-12-17 20:03:19.416,"انها كربلاء!
لا ليست بغداد بل هي كربلاء, وليست دار الحكمة بل مدرسة أم سلمة.
ليس القرن الثالث عشر بل هو قرن الواحد والعشرين.
ليس هجوم المغول, بل هجوم المنغول.
#دوام_بامر_الشعب 
#الهمج_لايمثلني",0,0,0,https://x.com/Moh_Almosawi/status/1206998321371525121,2019,12,2019-12-17,"انها كربلاء!
لا ليست بغداد بل هي كربلاء, وليست دار الحكمة بل مدرسة أم سلمة.
ليس القرن الثالث عشر بل هو قرن الواحد والعشرين.
ليس هجوم المغول, بل هجوم المنغول.
#دوام_بامر_الشعب 
#الهمج_لايمثلني","It's Karbala!
No, it is not Baghdad, it is Karbala, and it is not the House of Wisdom, but rather the Umm Salamah School.
It is not the thirteenth century, but the twenty-first century.
Not the Mongol attack, but the Mongol attack.
#Work _ by _ the _ people 
#Savages_don't_represent_me"
1206677683280777217,ali7osain,2019-12-16 22:49:13.338,"لا حول ولا قوة إلا بالله العلي العظيم 
وهل تركوا شيئاً لم يفعلوه
القتل
الغدر
الاغتيال
هتك الحرمات
والان محاولة حرق الخيام الخدمة الحسينية عليه السلام",0,0,0,https://x.com/ammar_shekarchi/status/1206677683280777217,2019,12,2019-12-16,"لا حول ولا قوة إلا بالله العلي العظيم 
وهل تركوا شيئاً لم يفعلوه
القتل
الغدر
الاغتيال
هتك الحرمات
والان محاولة حرق الخيام الخدمة الحسينية عليه السلام","There is no power nor strength except in God, the Most High, the Great 
Did they leave something they did not do?
Murder
Treachery
Assassination
Indecent assault
And now the attempt to burn the tents of the Husseini service, peace be upon him"
1206610709888536582,ali7osain,2019-12-16 18:23:05.637,"يصير ما يحدث الآن:
اذا ناشط مدني تموت
اذا مندس تموت
اذا ذيل تموت
اذا وطني تموت
مادام عراقي تموت.

يا صاحب الزمان عجل فقد ضاقت بنا الايام ذرعا
#مقتل_عائلة_كاملة_في_البصرة 
#حادثة_الوثبه",0,0,0,https://x.com/Moh_Almosawi/status/1206610709888536582,2019,12,2019-12-16,"يصير ما يحدث الآن:
اذا ناشط مدني تموت
اذا مندس تموت
اذا ذيل تموت
اذا وطني تموت
مادام عراقي تموت.

يا صاحب الزمان عجل فقد ضاقت بنا الايام ذرعا
#مقتل_عائلة_كاملة_في_البصرة 
#حادثة_الوثبه","What happens now is:
If you are a civil activist, you die
If Mendes dies
If it tails, you die
If my country dies
As long as you are Iraqi you die.

O owner of the time, hurry, for we are fed up with days
#Killing_of_a_whole_family_in_Basra 
#Al-Wathba_incident"
1206587116572086272,ali7osain,2019-12-16 16:49:20.552,"عندما يقتسم اطراف الصراع ""الكعكة"" بطريقة جديدة، ستنسحب الأذرع من الساحات، وسيكتشف المخلصون ما حذرناهم منه.
#قبل_فوات_الاوان
#اريد_وطن",0,0,0,https://x.com/smortadha/status/1206587116572086272,2019,12,2019-12-16,"عندما يقتسم اطراف الصراع ""الكعكة"" بطريقة جديدة، ستنسحب الأذرع من الساحات، وسيكتشف المخلصون ما حذرناهم منه.
#قبل_فوات_الاوان
#اريد_وطن","When the parties to the conflict divide the “cake” in a new way, the arms will withdraw from the arenas, and the loyal ones will discover what we warned them about.
#Before it's too late
#I want a homeland"
1205972420282257409,ali7osain,2019-12-15 00:06:45.536,"اريد ابني يداوم!
اريد ابني يداوم لأن هذا مستقبله ولا النقيب يفيده ولا الوزير بحاله.
اريد ابني يداوم حتى يتعلم لا يطلع جاهل ما يميز بين الجريمة والبطولة.
ما يميز بين التضحية والخيانة.
ما يميز بين القدوة والعميل
#مرتضى_حرب 
#ساحة_الوثبة 
#الجوكر
#الحشد_المقدس
#ابني_يريد_يداوم",0,0,0,https://x.com/Moh_Almosawi/status/1205972420282257409,2019,12,2019-12-15,"اريد ابني يداوم!
اريد ابني يداوم لأن هذا مستقبله ولا النقيب يفيده ولا الوزير بحاله.
اريد ابني يداوم حتى يتعلم لا يطلع جاهل ما يميز بين الجريمة والبطولة.
ما يميز بين التضحية والخيانة.
ما يميز بين القدوة والعميل
#مرتضى_حرب 
#ساحة_الوثبة 
#الجوكر
#الحشد_المقدس
#ابني_يريد_يداوم","I want my son to continue!
I want my son to continue because this is his future, and neither the captain nor the minister can help him.
I want my son to persevere until he learns, so that he does not become ignorant of what distinguishes between crime and heroism.
What distinguishes between sacrifice and betrayal.
What distinguishes between a role model and a customer
#Mortada_Harb 
#Al Wathba Square 
#Joker
#Holy_Crowd
#My_son_wants_to_continue"
1205114022955307014,ali7osain,2019-12-12 15:15:47.665,"قـد ذهـب الـعـدل وركن الهدى
قـد صـد والـجور على الدين جار
أغــث  رعـاك الله مـن نـاصـر
رعـيـة ضـاقـت عـلـيها القفار
#يا_صاحب_الزمان 
#اللهم_عجل_لوليك_الفرج",0,0,0,https://x.com/ammar_shekarchi/status/1205114022955307014,2019,12,2019-12-12,"قـد ذهـب الـعـدل وركن الهدى
قـد صـد والـجور على الدين جار
أغــث  رعـاك الله مـن نـاصـر
رعـيـة ضـاقـت عـلـيها القفار
#يا_صاحب_الزمان 
#اللهم_عجل_لوليك_الفرج","Justice and the pillar of guidance have gone
It has been blocked and injustice against religion is ongoing
May God protect you from Nasser
A parish narrowed by the desert
#O_Sahib_of_the_Time 
#Oh God, please fasten relief for us"
1205088139783659520,ali7osain,2019-12-12 13:32:56.636,"يبررون بطريقة أو بأخرى تعليق جنازة مقتولٍ على عمود كهرباء بعد تعذيبه والتمثيل به ولا نعرف ان كان مذنباً أم لا!؟ والجميع يصور الحدث ولا من معترض على قتله، بعدها يعلنون براءتهم من الفعل ببيانات ويبررون لقاتليه فعلتهم بطريقة مبطنة، على انه كان ردة فعل!؟
#مصيبة 
t.co/kMoFy6U7K6",0,0,0,https://x.com/ali7osain/status/1205088139783659520,2019,12,2019-12-12,"يبررون بطريقة أو بأخرى تعليق جنازة مقتولٍ على عمود كهرباء بعد تعذيبه والتمثيل به ولا نعرف ان كان مذنباً أم لا!؟ والجميع يصور الحدث ولا من معترض على قتله، بعدها يعلنون براءتهم من الفعل ببيانات ويبررون لقاتليه فعلتهم بطريقة مبطنة، على انه كان ردة فعل!؟
#مصيبة 
t.co/kMoFy6U7K6","In one way or another, they justify hanging the funeral of a murdered person on an electricity pole after torturing and mutilating him, and we do not know whether he is guilty or not!? Everyone filmed the event and no one objected to his killing. They then declared their innocence of the act with statements and justified their actions to his killers in a veiled way, on the grounds that it was a reaction!?
#misfortune 
t.co/kMoFy6U7K6"
1204418517073661956,ali7osain,2019-12-10 17:12:06.141,"هل هذا حقيقي !! هل بات ضريحك فارغا من زوار البشر ياأبا عبدالله ياحسين ياابن رسول الله صل الله عليه وآله وسلم ! كل هذا بسبب خوف الزوار من غدر الظالمين ومكرهم وكيدهم..

لكن لو كشف لنا الغطاء لوجدنا هذا الضريح مكتظا بملائكة الرحمن وجنوده.فهنيئا لهم. وتعسا لمن منع وحارب زيارتك ياحسين",0,0,0,https://x.com/ndream2/status/1204418517073661956,2019,12,2019-12-10,"هل هذا حقيقي !! هل بات ضريحك فارغا من زوار البشر ياأبا عبدالله ياحسين ياابن رسول الله صل الله عليه وآله وسلم ! كل هذا بسبب خوف الزوار من غدر الظالمين ومكرهم وكيدهم..

لكن لو كشف لنا الغطاء لوجدنا هذا الضريح مكتظا بملائكة الرحمن وجنوده.فهنيئا لهم. وتعسا لمن منع وحارب زيارتك ياحسين","Is this real!! Is your shrine empty of human visitors, O Abu Abdullah, O Hussein, O son of the Messenger of God, may God bless him and his family and grant them peace! All of this is because visitors fear the treachery, deceit, and machinations of the oppressors.

But if the cover was revealed to us, we would find this shrine crowded with the angels and soldiers of the Most Gracious God. Congratulations to them. And miserable for those who prevented and fought your visit, O Hussein"
1200487449585242114,ali7osain,2019-11-29 20:51:26.616,﴿وإذا قيل لهم لا تفسدوا في الأرض قالوا إنما نحن مصلحون * ألا إنهم هم المفسدون ولكن لا يشعرون﴾,0,0,0,https://x.com/smortadha/status/1200487449585242114,2019,11,2019-11-29,﴿وإذا قيل لهم لا تفسدوا في الأرض قالوا إنما نحن مصلحون * ألا إنهم هم المفسدون ولكن لا يشعرون﴾,"And when it is said to them, “Do not make mischief on earth,” they say, “We are only reformers.” Indeed, it is they who are the mischief-makers, but they do not realize it."
1198424502251802625,ali7osain,2019-11-24 04:14:01.644,"تظاهرة حاشدة في عاصمة الكيان الصهيوني تطالب نتنياهو بالاستقالة ونتنياهو يغرد متهما حماس بالتعاون مع ايران لاسقاطه، وزعيم المعارضة يتهمه بإلسعي لاشعال حرب أهلية

نفترح على المغردين استخدام الهاشات:
#اسرائيل_تنتفض #تل_أبيب_تثور
.",0,0,0,https://x.com/DrAl_Lawati/status/1198424502251802625,2019,11,2019-11-24,"تظاهرة حاشدة في عاصمة الكيان الصهيوني تطالب نتنياهو بالاستقالة ونتنياهو يغرد متهما حماس بالتعاون مع ايران لاسقاطه، وزعيم المعارضة يتهمه بإلسعي لاشعال حرب أهلية

نفترح على المغردين استخدام الهاشات:
#اسرائيل_تنتفض #تل_أبيب_تثور
.","A massive demonstration in the capital of the Zionist entity calls on Netanyahu to resign. Netanyahu tweets, accusing Hamas of cooperating with Iran to bring him down, and the opposition leader accuses him of seeking to ignite a civil war.

We encourage tweeters to use hashtags:
#Israel_revolts #Tel_Aviv_revolts
."
1198655144289800194,ali7osain,2019-11-24 19:30:30.991,مواقف سماحة #المرجع_المدرسي من 2004 حتى 2019  #سلمية_لاتخريبيه,0,0,0,https://x.com/AlmodarresiSays/status/1198655144289800194,2019,11,2019-11-24,مواقف سماحة #المرجع_المدرسي من 2004 حتى 2019  #سلمية_لاتخريبيه,The stances of His Eminence the #school_reference from 2004 to 2019 are #peaceful_not_sabotaging
1196098975079813121,ali7osain,2019-11-17 18:13:12.760,"حكومة فاسدة، مظاهرات لاسترداد الوطن من الفاسدين ومن باع آخرته بدنياه، و لكن بوضوح المحرك والمستفيد غير المضحين والمتظاهرين!! هم يقولوها بصراحة كما نشروا خطة حربهم ضد العرب ومصر قبل إسبوع من تنفيذه عبر صُحفهم لانهم متأكدون من غيبوبتنا!! 
t.co/mJQQAfJHDh",0,0,0,https://x.com/ali7osain/status/1196098975079813121,2019,11,2019-11-17,"حكومة فاسدة، مظاهرات لاسترداد الوطن من الفاسدين ومن باع آخرته بدنياه، و لكن بوضوح المحرك والمستفيد غير المضحين والمتظاهرين!! هم يقولوها بصراحة كما نشروا خطة حربهم ضد العرب ومصر قبل إسبوع من تنفيذه عبر صُحفهم لانهم متأكدون من غيبوبتنا!! 
t.co/mJQQAfJHDh","A corrupt government, demonstrations to reclaim the nation from the corrupt and those who sold its afterlife for this world, but clearly the driver and beneficiary are not the sacrificers and the demonstrators!! They say it frankly, just as they published their war plan against the Arabs and Egypt a week before its implementation through their newspapers, because they are sure of our coma!! 
t.co/mJQQAfJHDh"
1188403218251837441,ali7osain,2019-10-27 12:33:01.352,أن يقومَ طلبةُ الجامعات بعصيانٍ مدنيّ، فهذا خير ورقة ضاغطة باتجاه الاحتجاج السلميّ، خطوة واعية وسلميّة ومؤثرة، لكن أخذ طلبة الابتدائية والمتوسّطة إلى التحرير، فهذه خطوة مقلقة جداً، ولا علاقة لها باحتجاجٍ أو إدارة احتجاجٍ بذكاء، دعوا شبابنا يمتلكون زمام المبادرة واتركوا الأطفال!,0,0,0,https://x.com/wajeeh_ali/status/1188403218251837441,2019,10,2019-10-27,أن يقومَ طلبةُ الجامعات بعصيانٍ مدنيّ، فهذا خير ورقة ضاغطة باتجاه الاحتجاج السلميّ، خطوة واعية وسلميّة ومؤثرة، لكن أخذ طلبة الابتدائية والمتوسّطة إلى التحرير، فهذه خطوة مقلقة جداً، ولا علاقة لها باحتجاجٍ أو إدارة احتجاجٍ بذكاء، دعوا شبابنا يمتلكون زمام المبادرة واتركوا الأطفال!,"For university students to engage in civil disobedience is the best pressure card towards peaceful protest, a conscious, peaceful and effective step. But taking primary and middle school students to Tahrir is a very worrying step, and it has nothing to do with protest or managing a protest intelligently. Let our youth take the initiative and leave the children!"
1184801387177283584,ali7osain,2019-10-17 15:00:37.905,"عن أم المؤمنين أم سلمة رضي الله عنها أنها قالت سمعت
رسول الله صلى الله عليه وآله يقول ما اجتمع قوم يذكرون فضل علي بن أبي طالب عليه السلام الا هبطت عليهم ملائكة السماء حتى تحف بهم فإذا تفرقوا عرجت الملائكة إلى السماء فتقول لهم الملائكة انا نشم من رائحتكم ما لا نشمه من الملائكة فلم",0,0,0,https://x.com/kalamokomnoor/status/1184801387177283584,2019,10,2019-10-17,"عن أم المؤمنين أم سلمة رضي الله عنها أنها قالت سمعت
رسول الله صلى الله عليه وآله يقول ما اجتمع قوم يذكرون فضل علي بن أبي طالب عليه السلام الا هبطت عليهم ملائكة السماء حتى تحف بهم فإذا تفرقوا عرجت الملائكة إلى السماء فتقول لهم الملائكة انا نشم من رائحتكم ما لا نشمه من الملائكة فلم","On the authority of the Mother of the Believers, Umm Salamah, may God be pleased with her, that she said, “I heard.”
The Messenger of God, may God’s prayers and peace be upon him and his family, says: Whenever a people gathers to remember the virtue of Ali bin Abi Talib, peace be upon him, the angels of heaven descend upon them until they are enveloped. When they disperse, the angels ascend to heaven, and the angels say to them, “We smell from your scent something that we do not smell from the angels.” So why not?"
1183316021207191552,ali7osain,2019-10-13 12:38:19.061,"يسطّر أهل العراق ملحمة الحب الحسيني بكرم يفوق حدّ الوصف ، يشترك في صياغة فصولها كبارهم وصغارهم ونساؤهم ورجالهم .. 

أسأل الله الكريم أن ينظر لهذا الشعب الطيّب نظرة كريمه تفرّج عنه فرجاً عاجلاً قريباً بحق الإمام الحسين عليه السلام . 

النجف الأشرف",0,0,0,https://x.com/Mhmd_Juma/status/1183316021207191552,2019,10,2019-10-13,"يسطّر أهل العراق ملحمة الحب الحسيني بكرم يفوق حدّ الوصف ، يشترك في صياغة فصولها كبارهم وصغارهم ونساؤهم ورجالهم .. 

أسأل الله الكريم أن ينظر لهذا الشعب الطيّب نظرة كريمه تفرّج عنه فرجاً عاجلاً قريباً بحق الإمام الحسين عليه السلام . 

النجف الأشرف","The people of Iraq write the epic of Husseini love with generosity beyond description, with their old and young, women and men participating in drafting its chapters. 

I ask God, the Most Gracious, to look at this good people with a generous look and grant them urgent relief for the sake of Imam Hussein, peace be upon him. 

Najaf Al-Ashraf"
1183086873683648513,ali7osain,2019-10-12 21:27:46.034,"عن أبي عبد الله عليه السلام، قال:
«إن زائر الحسين جعل ذنوبه جسرًا باب داره، ثم عبرها كما يخلف أحدكم الجسر وراءه إذا عبر.»
كامل الزيارات 151

#ذنوب #جسر #باب #دار #العبور #زوار_الحسين #أربعين #كربلاء #امام_حسين #الإمام_الرضا #امام_رضا #العتبة_الرضوية_المقدسة",0,0,0,https://x.com/ImamRedaAS/status/1183086873683648513,2019,10,2019-10-12,"عن أبي عبد الله عليه السلام، قال:
«إن زائر الحسين جعل ذنوبه جسرًا باب داره، ثم عبرها كما يخلف أحدكم الجسر وراءه إذا عبر.»
كامل الزيارات 151

#ذنوب #جسر #باب #دار #العبور #زوار_الحسين #أربعين #كربلاء #امام_حسين #الإمام_الرضا #امام_رضا #العتبة_الرضوية_المقدسة","On the authority of Abu Abdullah, peace be upon him, he said:
“The visitor of Al-Hussein made his sins a bridge at the door of his house, then crossed it just as one of you leaves a bridge behind him when he crosses.”
Total visits 151

#sins #bridge #door #house #transit #visitors_of_Hussein #forty #karbala #imam_hussain #imam_reza #imam_reza #the_reza_holy_threshold"
1182621493764726784,ali7osain,2019-10-11 14:38:30.815,"سيدي، سعياً على الرأسِ أتينا
وإلى سدْرَتِكَ الغَرّا مشيْنا
قسَماً لَوْ طُبِّقَ الكَونُ عَلَيْنا :
إنَّنا نقصدُ لِلْموتِ حُسَيْنا

#يا_حسين
#اللهم_عجل_لوليك_الفرج",0,0,0,https://x.com/OssailyAmily/status/1182621493764726784,2019,10,2019-10-11,"سيدي، سعياً على الرأسِ أتينا
وإلى سدْرَتِكَ الغَرّا مشيْنا
قسَماً لَوْ طُبِّقَ الكَونُ عَلَيْنا :
إنَّنا نقصدُ لِلْموتِ حُسَيْنا

#يا_حسين
#اللهم_عجل_لوليك_الفرج","Sir, we have come in pursuit of the head
We walked to your grove
I swear, if the universe were applied to us:
By death we mean Hussein

#Oh_Hussein
#Oh God, please fasten relief for us"
1180649831091470336,ali7osain,2019-10-06 04:03:49.802,"#أغرد_للعراق 
كلما أراد أن يتعافى، هب اليه من ينشر فيه القتل والدمار، في الأمس رجع #عادل فرحاً من صفقة كبيرة مع الصين قد تسرع عجلة الإعمار بقطار صيني سريع ولكن من أيقض #عبدالمهدي من قيلولته وقال له تفضل لكرسي الرئاسة، نفسه اليوم يقول له تنحى لننصب اخراً بدلا عنك والضحية #العراق",0,0,0,https://x.com/ali7osain/status/1180649831091470336,2019,10,2019-10-06,"#أغرد_للعراق 
كلما أراد أن يتعافى، هب اليه من ينشر فيه القتل والدمار، في الأمس رجع #عادل فرحاً من صفقة كبيرة مع الصين قد تسرع عجلة الإعمار بقطار صيني سريع ولكن من أيقض #عبدالمهدي من قيلولته وقال له تفضل لكرسي الرئاسة، نفسه اليوم يقول له تنحى لننصب اخراً بدلا عنك والضحية #العراق","#Tweet_for_Iraq 
Every time he wanted to recover, those who spread murder and destruction came to him. Yesterday, #Adel returned with joy from a big deal with China. The wheel of reconstruction might speed up with a fast Chinese train, but whoever woke up #Abdul-Mahdi from his nap and told him to go to the presidential seat, the same person today tells him to step down so we can install another in your place and the victim is #Iraq."
1178716854073876481,ali7osain,2019-09-30 20:02:52.168,"#سبايا_الطّف 
أَبونا المرتضى؛وَلَقد سُبِينا
وأُدخِلنا الشِآمَ مُصَفَدينا
مدينةَ جَدِّنا؛لاتقبلينا
فبالأحزان والحسَرات جينا
تركنا أهلَنا في الطَّف صرعى
لِشارِعةِ الضُبى وَالميد مرعى
وسارَ الضعنُ يَبكينا وَننعى
خرجنا منكِ بالأهلين جمعا
رَجعنا لارجال ولا بَنينا

#وازينباه #واحسيناه",0,0,0,https://x.com/AHLULBAYT_TV/status/1178716854073876481,2019,9,2019-09-30,"#سبايا_الطّف 
أَبونا المرتضى؛وَلَقد سُبِينا
وأُدخِلنا الشِآمَ مُصَفَدينا
مدينةَ جَدِّنا؛لاتقبلينا
فبالأحزان والحسَرات جينا
تركنا أهلَنا في الطَّف صرعى
لِشارِعةِ الضُبى وَالميد مرعى
وسارَ الضعنُ يَبكينا وَننعى
خرجنا منكِ بالأهلين جمعا
رَجعنا لارجال ولا بَنينا

#وازينباه #واحسيناه","#Sabaya_Altaf 
Our father, Al-Murtada, we were taken captive
And We entered the Levant in shackles
The city of our grandfather, do not accept us
We came with sorrows and regrets
We left our people in Al-Taf dead
To Al-Dhaba Street and Al-Madeed Marai Street
And the sheep kept crying and mourning us
We left you with all your family
We returned to men and have no children

#And we made him #and we made him good"
1177168981330993153,ali7osain,2019-09-26 13:32:10.548,أسلوب فض أعتصام #الشهادات_العليا رسالة محصلها: لا كرامة للمواطن عند الأحزاب الحاكمة.,0,0,0,https://x.com/smortadha/status/1177168981330993153,2019,9,2019-09-26,أسلوب فض أعتصام #الشهادات_العليا رسالة محصلها: لا كرامة للمواطن عند الأحزاب الحاكمة.,The method of dispersing the sit-in #higher_degrees is a message that results in: There is no dignity for the citizen in the ruling parties.
1173728526555582464,ali7osain,2019-09-17 01:41:02.209,"ترامب: لم أعد بحماية السعودية.. ومساعدتنا إياهم ستكلف أموالا  
arabic.rt.com/middle_east/10
…",0,0,0,https://x.com/RTarabic/status/1173728526555582464,2019,9,2019-09-17,"ترامب: لم أعد بحماية السعودية.. ومساعدتنا إياهم ستكلف أموالا  
arabic.rt.com/middle_east/10
…","Trump: I did not promise to protect Saudi Arabia... and helping them will cost money  
arabic.rt.com/middle_east/10
…"
1170732676745244673,ali7osain,2019-09-08 19:16:35.954,"وصل إليه #الحسين ع فأرخى رجليه معاً من الركاب، ورمى بنفسه على جسد ولده، وأخذ رأسه فوضعه في حجره، وجعل يمسح الدمَ والتراب عن وجهه،وانكب عليه واضعاً خده على خده، وجعل يقول:
""قتل الله قوماً قتلوك يا بُني! ما أجرأهم على الله وعلى انتهاك حرمة رسول الله صلى الله عليه وآله"".
#علي_الاكبر",0,0,0,https://x.com/ammar_shekarchi/status/1170732676745244673,2019,9,2019-09-08,"وصل إليه #الحسين ع فأرخى رجليه معاً من الركاب، ورمى بنفسه على جسد ولده، وأخذ رأسه فوضعه في حجره، وجعل يمسح الدمَ والتراب عن وجهه،وانكب عليه واضعاً خده على خده، وجعل يقول:
""قتل الله قوماً قتلوك يا بُني! ما أجرأهم على الله وعلى انتهاك حرمة رسول الله صلى الله عليه وآله"".
#علي_الاكبر","#Al-Hussein, peace be upon him, reached him, so he relaxed his legs together from the stirrups, and threw himself on his son’s body, and took his head and placed it in his lap, and began wiping the blood and dirt from his face, and leaned over him, placing his cheek on his cheek, and began to say:
“God killed a people who killed you, my son! How bold they are against God and in violating the sanctity of the Messenger of God, may God bless him and his family.”
#Ali_Akbar"
1170348685651263488,ali7osain,2019-09-07 17:50:45.343,"قال الراوي:وإنجلت الغبرة ، فرأيت #الحسين ع قائما على رأس #القاسم وهو يفحص برجله والحسين عليه السلام يقول
بعدا لقوم قتلوك ، ومن خصمهم يوم القيامة فيك جدك وأبوك ثم قال
عز وألله على عمك أن تدعوه فلا يجيبك ، أويجيبك فلا ينفعك صوته ، هذا يوم وألله كثر واتره وقل ناصره
#واقاسماه",0,0,0,https://x.com/ammar_shekarchi/status/1170348685651263488,2019,9,2019-09-07,"قال الراوي:وإنجلت الغبرة ، فرأيت #الحسين ع قائما على رأس #القاسم وهو يفحص برجله والحسين عليه السلام يقول
بعدا لقوم قتلوك ، ومن خصمهم يوم القيامة فيك جدك وأبوك ثم قال
عز وألله على عمك أن تدعوه فلا يجيبك ، أويجيبك فلا ينفعك صوته ، هذا يوم وألله كثر واتره وقل ناصره
#واقاسماه","The narrator said: And the dust cleared, and I saw #Al-Hussein, peace be upon him, standing on the head of #Al-Qasim, examining with his foot, and Al-Hussein, peace be upon him, saying
Away from the people who killed you, and from their adversary on the Day of Resurrection, your grandfather and father will be among you. Then he said
May God bless your uncle if you call him and he does not answer you, or he answers you and his voice is of no use to you. This is a day, and God will multiply, and beware of him and say no to his supporter.
#And share it"
1169979057313931269,ali7osain,2019-09-06 17:21:59.080,"واللّه ان قطعتم يميني
اني #احامي_ابدا_عن_ديني
وعن امام صادق اليقين 
نجل النبي الطاهر الأمين
#أبا_الفضل_العباس",0,0,0,https://x.com/ammar_shekarchi/status/1169979057313931269,2019,9,2019-09-06,"واللّه ان قطعتم يميني
اني #احامي_ابدا_عن_ديني
وعن امام صادق اليقين 
نجل النبي الطاهر الأمين
#أبا_الفضل_العباس","By God, if you cut off my oath
I will never protect my religion
And from Imam Sadiq Al-Yaqin 
The son of the pure and trustworthy Prophet
#Aba_Al-Fadl_Al-Abbas"
1169078552827969537,ali7osain,2019-09-04 05:43:42.080,"في مثل هذا اليوم عام ٦١ هـ

خطبة ابن زياد (لع) في مسجد الكوفة،لتحريض الناس على قتال الإمام الحسين (ع) إستناداً لفتوى شريح القاضي لعنه الله",0,0,0,https://x.com/shi3a_calendar/status/1169078552827969537,2019,9,2019-09-04,"في مثل هذا اليوم عام ٦١ هـ

خطبة ابن زياد (لع) في مسجد الكوفة،لتحريض الناس على قتال الإمام الحسين (ع) إستناداً لفتوى شريح القاضي لعنه الله","On this day in the year 61 AH

The sermon of Ibn Ziyad (peace be upon him) in the Kufa Mosque, to incite people to fight Imam Hussein (peace be upon him) based on the fatwa of Shurayh Al-Qadi, may God curse him."
1169153929109807104,ali7osain,2019-09-04 10:43:13.186,"شارك مسلم عمه أمير المؤمنين في حربه صفين في صفوف القادة الأمراء الهاشميين كما ذكر ابن شهرآشوب في صفة جيش صفين فقال ما نصه:ثم عبر عسكره (ع) فجعل على ميمنته الحسن والحسين وعبد الله بن جعفر ومسلم بن عقيل وعلى ميسرته محمد بن الحنفية,لقد كان مسلم في الذروة من الشجاعة والبطولة والإقدام",0,0,0,https://x.com/kalamokomnoor/status/1169153929109807104,2019,9,2019-09-04,"شارك مسلم عمه أمير المؤمنين في حربه صفين في صفوف القادة الأمراء الهاشميين كما ذكر ابن شهرآشوب في صفة جيش صفين فقال ما نصه:ثم عبر عسكره (ع) فجعل على ميمنته الحسن والحسين وعبد الله بن جعفر ومسلم بن عقيل وعلى ميسرته محمد بن الحنفية,لقد كان مسلم في الذروة من الشجاعة والبطولة والإقدام","Muslim, his uncle, the Commander of the Faithful, participated in the war at Siffin in the ranks of the leaders of the Hashemite princes, as Ibn Shahr Ashub mentioned in describing the army of Siffin, and he said the following: Then his army (peace be upon him) crossed and placed on his right, Al-Hasan, Al-Hussein, Abdullah bin Jaafar, and Muslim bin Aqeel, and on his left, Muhammad bin Al-Hanafiyya. Muslim was at the peak of courage, heroism, and daring."
1169207355864735745,ali7osain,2019-09-04 14:15:31.117,"فصعدوا ب #مسلم_بن_عقيل إلى سطح قصر الإمارة وهو يكبر ويستغفر ويصلّي على النبي محمّد صلى الله عليه وآله وسلم وملائكة الله ورسله، وهو يقول: ""اللهم احكم بيننا وبين قومٍ غرّونا وكذّبونا وأذلونا""",0,0,0,https://x.com/ammar_shekarchi/status/1169207355864735745,2019,9,2019-09-04,"فصعدوا ب #مسلم_بن_عقيل إلى سطح قصر الإمارة وهو يكبر ويستغفر ويصلّي على النبي محمّد صلى الله عليه وآله وسلم وملائكة الله ورسله، وهو يقول: ""اللهم احكم بيننا وبين قومٍ غرّونا وكذّبونا وأذلونا""","So they took #Muslim_bin_Aqeel to the roof of the Emirate Palace, and he said “Allahu Akbar” and asked for forgiveness and prayed for the Prophet Muhammad, may God’s prayers and peace be upon him and his family, and the angels of God and His messengers, and he said: “Oh God, judge between us and a people who deceived us, lied to us, and humiliated us.”"
1169203812806082560,ali7osain,2019-09-04 14:01:26.386,"أقسمت لا أقتل إلا حــرّا
وإن رأيت الموت شيئاً نكرا
أخاف ان أكذب أوأغــرّا
أو يخـلط البـارد سخناً مرّا
رُدَّ شعاع الشمس فاستقرّا
كل امرئ يـوماً مـلاقٍ شرّا
أضـربكم ولا أخـاف ضــرّا
#مسلم_بن_عقيل",0,0,0,https://x.com/ammar_shekarchi/status/1169203812806082560,2019,9,2019-09-04,"أقسمت لا أقتل إلا حــرّا
وإن رأيت الموت شيئاً نكرا
أخاف ان أكذب أوأغــرّا
أو يخـلط البـارد سخناً مرّا
رُدَّ شعاع الشمس فاستقرّا
كل امرئ يـوماً مـلاقٍ شرّا
أضـربكم ولا أخـاف ضــرّا
#مسلم_بن_عقيل","I swore that I would only kill a free man
And if you see death as something unpleasant
I'm afraid to lie or be deceived
Or mix cold with hot and bitter
The sunbeam returned and they settled down
Every person will one day encounter evil
I attack you and fear no harm
#Muslim_bin_Aqeel"
1169222922382262275,ali7osain,2019-09-04 15:17:22.464,"إبنتي الصغيرة تقول لي: لو التقيت بالإمام الحسين (ع) راح أعطيه كأس ""ماي"" بحجم الكون!

#واحسيناه #عطشان",0,0,0,https://x.com/halbloshi/status/1169222922382262275,2019,9,2019-09-04,"إبنتي الصغيرة تقول لي: لو التقيت بالإمام الحسين (ع) راح أعطيه كأس ""ماي"" بحجم الكون!

#واحسيناه #عطشان","My little daughter tells me: If I met Imam Hussein (peace be upon him), I would give him a cup of water the size of the universe!

#And we made him #thirsty"
1169205272918798342,ali7osain,2019-09-04 14:07:14.504,"قال #مسلم_بن_عقيل بعد أن غدروا به
ما هو إلا الرجاء، أين أمانكم إنا لله وإنا إليه راجعون، وبكى.
ثم قال: إنى والله ما لنفسي أبكي ولا لها من القتل أرثي، وإن كنت لم أحب لها طرفة عين تلفاً، ولكن أبكي لأهلي المقبلين إليّ، أبكي لحسين وآل #حسين",0,0,0,https://x.com/ammar_shekarchi/status/1169205272918798342,2019,9,2019-09-04,"قال #مسلم_بن_عقيل بعد أن غدروا به
ما هو إلا الرجاء، أين أمانكم إنا لله وإنا إليه راجعون، وبكى.
ثم قال: إنى والله ما لنفسي أبكي ولا لها من القتل أرثي، وإن كنت لم أحب لها طرفة عين تلفاً، ولكن أبكي لأهلي المقبلين إليّ، أبكي لحسين وآل #حسين","Muslim bin Aqeel said after they betrayed him
It is nothing but hope. Where is your security? We belong to God and to Him we shall return, and he cried.
Then he said: By God, I do not cry for myself, nor do I feel sorry for her from being killed, even if I did not want her to be destroyed even in the blink of an eye, but I cry for my family who are coming to me. I cry for Hussein and the family of #Hussein."
1169202350843715584,ali7osain,2019-09-04 13:55:37.827,"فقال #مسلم_بن_عقيل لطوعة : يا أمة الله مالي في هذا المصر منزل ولا عشيرة فهل لك إلى أجر ومعروف ولعلي مكافئك به بعد اليوم؟
فقالت: يا عبد الله وما ذاك؟
قال: أنا #مسلم_بن_عقيل
#غريب",0,0,0,https://x.com/ammar_shekarchi/status/1169202350843715584,2019,9,2019-09-04,"فقال #مسلم_بن_عقيل لطوعة : يا أمة الله مالي في هذا المصر منزل ولا عشيرة فهل لك إلى أجر ومعروف ولعلي مكافئك به بعد اليوم؟
فقالت: يا عبد الله وما ذاك؟
قال: أنا #مسلم_بن_عقيل
#غريب","#Muslim_bin_Aqeel said to Toua’a: O nation of God, I have neither a home nor a clan in this Egypt. Do you have a reward or favor that I may reward you with after today?
She said: O Abdullah, what is that?
He said: I am Muslim bin Aqeel
#strange"
1168282307444301825,ali7osain,2019-09-02 00:59:42.387,"قال الإمام الرضا ع لدعبل
يا دعبل من ذرفت عيناه على مصابنا وبكى لما أصابنا من أعدائنا ، حشره الله معنا في زمرتنا . 
#البكاء_على_الحسين ع",0,0,0,https://x.com/ammar_shekarchi/status/1168282307444301825,2019,9,2019-09-02,"قال الإمام الرضا ع لدعبل
يا دعبل من ذرفت عيناه على مصابنا وبكى لما أصابنا من أعدائنا ، حشره الله معنا في زمرتنا . 
#البكاء_على_الحسين ع","Imam Al-Rida, peace be upon him, said to Da’bal
O Dabal, whoever sheds tears over our affliction and weeps when our enemies befall us, may God gather him with us in our group. 
#Crying_for_Hussein A"
1167814742062370816,ali7osain,2019-08-31 18:01:46.113,"قال الإمام الرضا ع
يا بن شبيب إنَّ #المحرم هو الشهر الذي كان أهل الجاهلية فيما مضى يحرّمون فيه الظلم والقتال لحرمته ، فما عرفت هذه الأُمة حرمة شهرها ولا حرمة نبيها (ص) ، لقد قتلوا في هذا الشهر ذريته ، وسبوا نساءه ، وانتهبوا ثقله ، فلا غفر الله لهم ذلك أبداً.
#محرم_١٤٤١",0,0,0,https://x.com/ammar_shekarchi/status/1167814742062370816,2019,8,2019-08-31,"قال الإمام الرضا ع
يا بن شبيب إنَّ #المحرم هو الشهر الذي كان أهل الجاهلية فيما مضى يحرّمون فيه الظلم والقتال لحرمته ، فما عرفت هذه الأُمة حرمة شهرها ولا حرمة نبيها (ص) ، لقد قتلوا في هذا الشهر ذريته ، وسبوا نساءه ، وانتهبوا ثقله ، فلا غفر الله لهم ذلك أبداً.
#محرم_١٤٤١","Imam Al-Rida, peace be upon him, said:
O Bin Shabib, #Muharram is the month in which the people of pre-Islamic times forbade oppression and fighting due to its sanctity. This nation did not know the sanctity of its month nor the sanctity of its Prophet (may God bless him and grant him peace). In this month they killed his offspring, captured his women, and plundered his wealth, so God will never forgive them for that.
#Muharram_1441"
1158495540075814912,ali7osain,2019-08-06 00:50:35.217,العراقيين بكل شي متطرفين حتى في المدنية والعلمانية.. نبحث عن الاعتدال والحرية والتعايش السلمي تحت سقف قانون عادل يشمل الجميع ويحترم حرمات ابناء الوطن ومقدساتهم..,0,0,0,https://x.com/ali7osain/status/1158495540075814912,2019,8,2019-08-06,العراقيين بكل شي متطرفين حتى في المدنية والعلمانية.. نبحث عن الاعتدال والحرية والتعايش السلمي تحت سقف قانون عادل يشمل الجميع ويحترم حرمات ابناء الوطن ومقدساتهم..,"Iraqis are extremists in everything, even in civil and secular matters. We are looking for moderation, freedom and peaceful coexistence under the umbrella of a just law that includes everyone and respects the sanctities of the people of the country and their sanctities."
1145462284732502017,ali7osain,2019-07-01 01:41:04.997,هنا العراق، ولا عجب,0,0,0,https://x.com/ali7osain/status/1145462284732502017,2019,7,2019-07-01,هنا العراق، ولا عجب,"Here is Iraq, no wonder"
1133047616214884353,ali7osain,2019-05-27 19:29:37.369,الا الشيخ حسن فرحان المالكي لا بواكي عليه، ان لم نستطيع نصرته فعليا فلا تنسوه من الدعاء في هذه الليالي الفضيلة، فليس له ناصر الا الله.,0,0,0,https://x.com/tahaalhajji/status/1133047616214884353,2019,5,2019-05-27,الا الشيخ حسن فرحان المالكي لا بواكي عليه، ان لم نستطيع نصرته فعليا فلا تنسوه من الدعاء في هذه الليالي الفضيلة، فليس له ناصر الا الله.,"Except for Sheikh Hassan Farhan Al-Maliki, I do not weep for him. If we are not able to support him effectively, do not forget to pray for him in these holy nights, for he has no supporter except God."
1128388518806421507,ali7osain,2019-05-14 22:56:01.985,"استهداف محطات البترول بالسعوديه ترفضه الاديان عند الازهر لكن مجازر طائرات السعوديه بحق نساء واطفال اليمن لاترفضه الاديان 
هذه الاديان التي لاتنصف المظلوم لفقره ولا تردع ظالم لانه غني وتدين المظلوم لدفاعه عن نفسه لاعلاقه لها بالله ولا برسله ولا بكتبه",0,0,0,https://x.com/Justlames123/status/1128388518806421507,2019,5,2019-05-14,"استهداف محطات البترول بالسعوديه ترفضه الاديان عند الازهر لكن مجازر طائرات السعوديه بحق نساء واطفال اليمن لاترفضه الاديان 
هذه الاديان التي لاتنصف المظلوم لفقره ولا تردع ظالم لانه غني وتدين المظلوم لدفاعه عن نفسه لاعلاقه لها بالله ولا برسله ولا بكتبه","Targeting oil stations in Saudi Arabia is rejected by religions according to Al-Azhar, but the massacres of Saudi aircraft against the women and children of Yemen are not rejected by religions. 
These are the religions that do not do justice to the oppressed because of his poverty, and do not deter the oppressor because he is rich, and condemn the oppressed for defending himself because of his relationship to God, his messengers, or his books."
