tweet_id,username,created_at,text,replies,retweets,likes,url,year,month,date,Text_original,Text_en
1513758975782793217,ali_cheshomi,2022-04-12 09:00:38.765,"کاش در سیاست خارجی، حد ضرر رعایت می‌شد.
#ایران
#توسعه",0,0,0,https://x.com/ali_cheshomi/status/1513758975782793217,2022,4,2022-04-12,"کاش در سیاست خارجی، حد ضرر رعایت می‌شد.
#ایران
#توسعه","I wish the limit of harm would be respected in foreign policy.
#Iran
#development"
1865805558038888607,ali_cheshomi,2024-12-08 19:08:04.684,خسارات #سوریه در این بیست سال جبران‌پذیر نیست. بانیان این خسارات لطفاً فقط سکوت ابدی.,0,0,0,https://x.com/ali_cheshomi/status/1865805558038888607,2024,12,2024-12-08,خسارات #سوریه در این بیست سال جبران‌پذیر نیست. بانیان این خسارات لطفاً فقط سکوت ابدی.,"The losses of #Syria in these twenty years cannot be compensated. The founders of these damages, please, only eternal silence."
1863298241497833655,ali_cheshomi,2024-12-01 21:04:53.837,آزادی انتخاب پوشش، کف آزادی در یک جامعه دموکراتیک است.,0,0,0,https://x.com/ali_cheshomi/status/1863298241497833655,2024,12,2024-12-01,آزادی انتخاب پوشش، کف آزادی در یک جامعه دموکراتیک است.,The freedom to choose clothing is the foundation of freedom in a democratic society.
1857342898934575594,ali_cheshomi,2024-11-15 10:40:29.525,در رانت‌زا بودن قیمت دولتی #خودرو شکی نیست. به نظر شما دلیل این که برخی رسانه‌ها به ویژه چند کانال تلگرامی با ورود خودرو به #بورس مخالفت می‌کنند چیه؟!,0,0,0,https://x.com/ali_cheshomi/status/1857342898934575594,2024,11,2024-11-15,در رانت‌زا بودن قیمت دولتی #خودرو شکی نیست. به نظر شما دلیل این که برخی رسانه‌ها به ویژه چند کانال تلگرامی با ورود خودرو به #بورس مخالفت می‌کنند چیه؟!,"There is no doubt that the government price of a car is rent-seeking. In your opinion, what is the reason why some media, especially some Telegram channels, oppose the entry of cars into the stock market?!"
1853833864050852263,ali_cheshomi,2024-11-05 18:16:50.414,"ترکیب ۸۴۳ همت وام بانکی که به خانوارها تا آخر  مهر ۱۴۰۳ داده شده:
۱۰۳ همت قرض‌الحسنه ازدواج
۱۸ همت قرض‌الحسنه فرزندآوری
۳۰۳ همت قرض‌الحسنه ضروری
۴۳ همت برای خرید مسکن
۳۳۲ همت برای خرید کالا.
۱ از ۲",0,0,0,https://x.com/ali_cheshomi/status/1853833864050852263,2024,11,2024-11-05,"ترکیب ۸۴۳ همت وام بانکی که به خانوارها تا آخر  مهر ۱۴۰۳ داده شده:
۱۰۳ همت قرض‌الحسنه ازدواج
۱۸ همت قرض‌الحسنه فرزندآوری
۳۰۳ همت قرض‌الحسنه ضروری
۴۳ همت برای خرید مسکن
۳۳۲ همت برای خرید کالا.
۱ از ۲","The composition of 843 bank loans given to households until the end of Mehr 1403:
103 Hamat Qarzul-Hasna marriage
18. The effort of Qarzul-Hasna to bear children
303
43 efforts to buy housing
332 efforts to buy goods.
1 of 2"
1853833866357711291,ali_cheshomi,2024-11-05 18:16:50.964,"این نتیجه، نگاهی است که برنامه‌های حمایتی را به جای نهادهای حمایتی در بانک‌ها پیگیری می‌کرد و نتیجه‌اش شد کمبود منابع مالی برای تولید و سرانجام آسیب به کسانی که قرار بود از آنها حمایت شود.
۲ از ۲",0,0,0,https://x.com/ali_cheshomi/status/1853833866357711291,2024,11,2024-11-05,"این نتیجه، نگاهی است که برنامه‌های حمایتی را به جای نهادهای حمایتی در بانک‌ها پیگیری می‌کرد و نتیجه‌اش شد کمبود منابع مالی برای تولید و سرانجام آسیب به کسانی که قرار بود از آنها حمایت شود.
۲ از ۲","This result is a view that followed the support programs instead of the support institutions in the banks and the result was the lack of financial resources for production and finally the damage to those who were supposed to be supported.
2 of 2"
1852989428639412239,ali_cheshomi,2024-11-03 10:21:21.323,"کیفیت پایین سیاستگذاری اقتصادی در سه رقم:
از انقلاب ۱۳۵۷ تا به امروز دلار ۱۰ هزار برابر، نقدینگی ۳۵ هزار برابر، سطح عمومی قیمت کالا و خدمات مصرفی ۷ هزار برابر شده.",0,0,0,https://x.com/ali_cheshomi/status/1852989428639412239,2024,11,2024-11-03,"کیفیت پایین سیاستگذاری اقتصادی در سه رقم:
از انقلاب ۱۳۵۷ تا به امروز دلار ۱۰ هزار برابر، نقدینگی ۳۵ هزار برابر، سطح عمومی قیمت کالا و خدمات مصرفی ۷ هزار برابر شده.","The low quality of economic policy in three figures:
From the revolution of 1357 to today, the dollar has increased 10,000 times, liquidity has increased 35,000 times, and the general price level of consumer goods and services has increased 7,000 times."
1852743844682498362,ali_cheshomi,2024-11-02 18:05:29.545,"دو روز مونده به انتخابات آمریکا در حالی که بیت‌کوین در جهان یه ذره نزولی است و هریس پیش‌بینی می‌کنه #دلار در ایران یه ذره صعودی است و ترامپ پیش‌بینی می‌کنه. 
کلا با دنیا متفاوتیم!",0,0,0,https://x.com/ali_cheshomi/status/1852743844682498362,2024,11,2024-11-02,"دو روز مونده به انتخابات آمریکا در حالی که بیت‌کوین در جهان یه ذره نزولی است و هریس پیش‌بینی می‌کنه #دلار در ایران یه ذره صعودی است و ترامپ پیش‌بینی می‌کنه. 
کلا با دنیا متفاوتیم!","Two days left to the US election, while Bitcoin in the world is a bit bearish and Harris predicts, the #dollar in Iran is a bit bullish and Trump predicts. 
We are completely different from the world!"
1852333480207647141,ali_cheshomi,2024-11-01 14:54:51.030,"وقتی از توسعه حرف می‌زنیم باید بدانیم که کلیدی‌ترین بستر آن، پرهیز از خشونت و تامین امنیت پایدار است. جامعه‌ای که امنیت پایدار خود را از دست بدهد، به سمت فروپاشی می‌رود و از توسعه دور می‌شود. انقلاب، کودتا یا جنگ تا سال‌ها جوامع را از توسعه عقب می‌اندازد.
tejaratefarda.com/fa/tiny/news-4
…",0,0,0,https://x.com/ali_cheshomi/status/1852333480207647141,2024,11,2024-11-01,"وقتی از توسعه حرف می‌زنیم باید بدانیم که کلیدی‌ترین بستر آن، پرهیز از خشونت و تامین امنیت پایدار است. جامعه‌ای که امنیت پایدار خود را از دست بدهد، به سمت فروپاشی می‌رود و از توسعه دور می‌شود. انقلاب، کودتا یا جنگ تا سال‌ها جوامع را از توسعه عقب می‌اندازد.
tejaratefarda.com/fa/tiny/news-4
…","When we talk about development, we should know that its most key basis is avoiding violence and providing stable security. A society that loses its stable security will go towards collapse and move away from development. Revolution, coup or war will delay the development of societies for years.
tejaratefarda.com/fa/tiny/news-4
…"
1848272735555682780,ali_cheshomi,2024-10-21 10:58:54.060,اگر احتمال جنگ خیلی کاهش پیدا کنه و کاملا هریس هم رئیس‌جمهور بشه و دلار هم به دلیل کسری بودجه در همین حدود بمونه، کدوم بازار رشد بیشتری داره؟,0,0,0,https://x.com/ali_cheshomi/status/1848272735555682780,2024,10,2024-10-21,اگر احتمال جنگ خیلی کاهش پیدا کنه و کاملا هریس هم رئیس‌جمهور بشه و دلار هم به دلیل کسری بودجه در همین حدود بمونه، کدوم بازار رشد بیشتری داره؟,"If the possibility of war is greatly reduced and Harris becomes the president and the dollar remains at the same level due to the budget deficit, which market will grow more?"
1847213792943304987,ali_cheshomi,2024-10-18 12:51:02.467,"وقتی #توسعه محقق نمی‌شود تغییر اهداف،  استراتژی‌ها، اقدامات و پروژه‌های برنامه ضروری است.
#ایران",0,0,0,https://x.com/ali_cheshomi/status/1847213792943304987,2024,10,2024-10-18,"وقتی #توسعه محقق نمی‌شود تغییر اهداف،  استراتژی‌ها، اقدامات و پروژه‌های برنامه ضروری است.
#ایران","When #development is not achieved, it is necessary to change the goals, strategies, actions and projects of the program.
#Iran"
1841112141698347434,ali_cheshomi,2024-10-01 16:45:15.447,دکتر علی چشمی در سرمقاله امروز «دنیای اقتصاد» از استاندارد‌های یک استاندار می‌گوید. در این نوشتار آمده است: «دولت جدید باید در انتخاب استانداران بازنگری کند و استاندارانی انتخاب کند که مدیران توسعه استان باشند نه مثل سال‌های اخیر تماشاچی محافظه‌کار امور استانی.»,0,0,0,https://x.com/deghtesad/status/1841112141698347434,2024,10,2024-10-01,دکتر علی چشمی در سرمقاله امروز «دنیای اقتصاد» از استاندارد‌های یک استاندار می‌گوید. در این نوشتار آمده است: «دولت جدید باید در انتخاب استانداران بازنگری کند و استاندارانی انتخاب کند که مدیران توسعه استان باشند نه مثل سال‌های اخیر تماشاچی محافظه‌کار امور استانی.»,"Dr. Ali Cheshmi talks about the standards of a governor in today's editorial ""World of Economy"". This article states: ""The new government should review the selection of governors and choose governors who will be the managers of the development of the province and not conservative observers of provincial affairs like in recent years."""
1840657954808226127,ali_cheshomi,2024-09-30 10:40:28.854,سروصدای زیادی که این سالها برای مالیات بر درآمد پزشکان راه انداختند اشتباه بود. فعالیت درمانی که با جان انسان‌ها سروکار دارد باید از #مالیات معاف باشد. دولت، مالیات می‌گیرد که جان انسان‌ها را حفظ کند اما مالیات بر پزشکان یعنی کاهش فعالیت آنها و آسیب به جان انسان‌ها..,0,0,0,https://x.com/ali_cheshomi/status/1840657954808226127,2024,9,2024-09-30,سروصدای زیادی که این سالها برای مالیات بر درآمد پزشکان راه انداختند اشتباه بود. فعالیت درمانی که با جان انسان‌ها سروکار دارد باید از #مالیات معاف باشد. دولت، مالیات می‌گیرد که جان انسان‌ها را حفظ کند اما مالیات بر پزشکان یعنی کاهش فعالیت آنها و آسیب به جان انسان‌ها..,"The big fuss they made these years about taxing doctors' income was wrong. Therapeutic activity that deals with human life should be exempt from #tax. The government collects taxes to protect human lives, but taxing doctors means reducing their activity and harming human lives."
1837419370680602840,ali_cheshomi,2024-09-21 12:11:30.228,ما در #خراسان به امید بهبود به پزشکیان رای دادیم اما در حالی که امروز پژوهشکده زلزله‌شناسی در دانشگاه فردوسی به پژوهشکده علم و قرآن تبدیل شد خبرهای ناامیدکننده‌ای هم از انتخاب استاندار خراسان رضوی می‌رسد.,0,0,0,https://x.com/ali_cheshomi/status/1837419370680602840,2024,9,2024-09-21,ما در #خراسان به امید بهبود به پزشکیان رای دادیم اما در حالی که امروز پژوهشکده زلزله‌شناسی در دانشگاه فردوسی به پژوهشکده علم و قرآن تبدیل شد خبرهای ناامیدکننده‌ای هم از انتخاب استاندار خراسان رضوی می‌رسد.,"We voted for doctors in #Khorasan with the hope of improvement, but while today the seismology research institute in Ferdowsi University turned into the science and Quran research institute, there is disappointing news about the election of the governor of Khorasan Razavi."
1831759618458185980,ali_cheshomi,2024-09-05 21:21:40.145,سازمان #بورس را به عنوان موسسه عمومی غیردولتی در قانون ۱۳۸۴ تاسیس کردند. یعنی به هیج جا پاسخگو نیست. به همین دلیل عشقی به خودش و دوستانش راحت وام داده. این موسسات عجیب در ایران محل فسادند مثل تامین اجتماعی و صندوق توسعه ملی و سایر نهادها و موسسات عمومی اما غیردولتی.,0,0,0,https://x.com/ali_cheshomi/status/1831759618458185980,2024,9,2024-09-05,سازمان #بورس را به عنوان موسسه عمومی غیردولتی در قانون ۱۳۸۴ تاسیس کردند. یعنی به هیج جا پاسخگو نیست. به همین دلیل عشقی به خودش و دوستانش راحت وام داده. این موسسات عجیب در ایران محل فسادند مثل تامین اجتماعی و صندوق توسعه ملی و سایر نهادها و موسسات عمومی اما غیردولتی.,"The stock exchange organization was established as a non-governmental public institution in the law of 2004. That is, it is not responsible anywhere. For this reason, he easily lends love to himself and his friends. These strange institutions in Iran are places of corruption, such as social security and the National Development Fund and other public but non-governmental institutions."
1831759622681563411,ali_cheshomi,2024-09-05 21:21:41.152,"ماده ۵ قانون بازار اوراق بهادار ۱۳۸۴: سازمان بورس، مؤسسه عمومی غیر دولتی است که دارای شخصیت حقوقی و مالی مستقل
بوده و از محل کارمزدهای دریافتی و سهمی از حق پذیرش شرکتها در بورسها و سایر
درآمدها اداره خواهد شد.",0,0,0,https://x.com/ali_cheshomi/status/1831759622681563411,2024,9,2024-09-05,"ماده ۵ قانون بازار اوراق بهادار ۱۳۸۴: سازمان بورس، مؤسسه عمومی غیر دولتی است که دارای شخصیت حقوقی و مالی مستقل
بوده و از محل کارمزدهای دریافتی و سهمی از حق پذیرش شرکتها در بورسها و سایر
درآمدها اداره خواهد شد.","Article 5 of the Securities Market Law 2004: The stock exchange organization is a non-governmental public institution that has an independent legal and financial personality.
and from the received fees and a share of the right to accept companies in stock exchanges and others
Proceeds will be administered."
1827289495391117341,ali_cheshomi,2024-08-24 13:18:59.755,مسئولان بانک مرکزی اگر گزارش بازار مسکن تیر ماه و مرداد ماه ۱۴۰۳ را خودتان و دوستانتان استفاده کردید لطفاً برای عموم هم منتشر کنید.,0,0,0,https://x.com/ali_cheshomi/status/1827289495391117341,2024,8,2024-08-24,مسئولان بانک مرکزی اگر گزارش بازار مسکن تیر ماه و مرداد ماه ۱۴۰۳ را خودتان و دوستانتان استفاده کردید لطفاً برای عموم هم منتشر کنید.,"Officials of the central bank, if you and your friends have used the housing market report for July and August 1403, please publish it to the public."
1826298879882735764,ali_cheshomi,2024-08-21 19:42:38.613,"#پزشکیان نشان داد سیاست جای لجاجت و بن‌بست و قهر نیست بلکه سیاست یعنی مصالحه و اجماع‌سازی و توافق و پیشبرد امور.
رای آوردن همه کابینه پزشکیان، مرحله مهمی برای گشایش بن‌بست‌های سیاسی سال‌های اخیر بود.",0,0,0,https://x.com/ali_cheshomi/status/1826298879882735764,2024,8,2024-08-21,"#پزشکیان نشان داد سیاست جای لجاجت و بن‌بست و قهر نیست بلکه سیاست یعنی مصالحه و اجماع‌سازی و توافق و پیشبرد امور.
رای آوردن همه کابینه پزشکیان، مرحله مهمی برای گشایش بن‌بست‌های سیاسی سال‌های اخیر بود.","#Physicians showed that politics is not a place for stubbornness, impasse, and violence, but politics means compromise, consensus building, agreement, and moving things forward.
Bringing the votes of all the doctors' cabinet was an important step for opening the political deadlocks of recent years."
1822736626990120995,ali_cheshomi,2024-08-11 23:47:31.340,"ترکیب کابینه نشان می‌دهد بیشتر امور اقتصاد را به پزشکیان داده‌اند و تا حدودی فرهنگ و روابط خارجی و آموزش. امور امنیتی و سیاست داخلی ثابت مانده.
قبلا هم گفتم توقع نداریم دولت پزشکیان، دولت توسعه باشد همین که دولت گذار به مسیر توسعه باشد کافی است.",0,0,0,https://x.com/ali_cheshomi/status/1822736626990120995,2024,8,2024-08-11,"ترکیب کابینه نشان می‌دهد بیشتر امور اقتصاد را به پزشکیان داده‌اند و تا حدودی فرهنگ و روابط خارجی و آموزش. امور امنیتی و سیاست داخلی ثابت مانده.
قبلا هم گفتم توقع نداریم دولت پزشکیان، دولت توسعه باشد همین که دولت گذار به مسیر توسعه باشد کافی است.","The composition of the cabinet shows that most of the economic affairs have been given to doctors, and to some extent culture, foreign relations and education. Security affairs and internal politics remain unchanged.
I said before that we don't expect the medical government to be a development government, it is enough for the government to transition to the path of development."
1815831140407628242,ali_cheshomi,2024-07-23 22:27:35.041,"دولت پزشکیان اگر بخواهد به رفاه عموم مردم کمک کند کار سختی دارد در مقابله با #کاسبان_تحریم و #کاسبان_تورم و #کاسبان_تبعیض .
کاسبان تبعیض، مهمترین عامل فلاکت در اقتصاد ایرانند. کسانی که نانشان در رانت ارزی و بانکی و قیمت‌گذاری و سهمیه‌ها و بودجه‌ها و پست‌های دولتی است.",0,0,0,https://x.com/ali_cheshomi/status/1815831140407628242,2024,7,2024-07-23,"دولت پزشکیان اگر بخواهد به رفاه عموم مردم کمک کند کار سختی دارد در مقابله با #کاسبان_تحریم و #کاسبان_تورم و #کاسبان_تبعیض .
کاسبان تبعیض، مهمترین عامل فلاکت در اقتصاد ایرانند. کسانی که نانشان در رانت ارزی و بانکی و قیمت‌گذاری و سهمیه‌ها و بودجه‌ها و پست‌های دولتی است.","If the government of doctors wants to help the welfare of the general public, it will be difficult to deal with #prohibitionist, #inflationist, and #discrimination.
Discriminators are the most important cause of misery in Iran's economy. Those whose bread is in currency and bank rent, pricing, quotas, budgets and government posts."
1813271630488986100,ali_cheshomi,2024-07-16 20:57:00.323,"نظریه عقلانیت محدود میگه افراد میخواهند به طور کامل عقلایی باشند اما به دلیل محدودیت‌ها نمی‌توانند، پس برای حل مسائل پیچیده می‌روند سراغ میان‌بر و ساده‌سازی.
 به نظرم تشکیل کمیته‌های متعدد با افراد متکثر برای انتخاب کابینه #پزشكیان داره یک مسئله پیچیده را بسیار پیچیده‌تر می‌کنه.",0,0,0,https://x.com/ali_cheshomi/status/1813271630488986100,2024,7,2024-07-16,"نظریه عقلانیت محدود میگه افراد میخواهند به طور کامل عقلایی باشند اما به دلیل محدودیت‌ها نمی‌توانند، پس برای حل مسائل پیچیده می‌روند سراغ میان‌بر و ساده‌سازی.
 به نظرم تشکیل کمیته‌های متعدد با افراد متکثر برای انتخاب کابینه #پزشكیان داره یک مسئله پیچیده را بسیار پیچیده‌تر می‌کنه.","The theory of bounded rationality says that people want to be completely rational, but they cannot because of limitations, so they go for shortcuts and simplifications to solve complex problems.
 In my opinion, the formation of multiple committees with multiple people to select the cabinet of doctors is making a complicated issue much more complicated."
1810305919823303161,ali_cheshomi,2024-07-08 16:32:19.800,"جلیلی در اصفهان ۱.۵۴ برابر پزشکیان رای آورده. مهمترین دلیل این رای اصفهانی‌ها این است که اقتصاد اصفهان نسبتا دولتی‌تر است مثل بوشهر، مرکزی و هرمزگان. 
پ.ن. جلیلی در خراسان رضوی به عنوان استان خودش ۱.۵۷ برابر پزشکیان رای آورده.",0,0,0,https://x.com/ali_cheshomi/status/1810305919823303161,2024,7,2024-07-08,"جلیلی در اصفهان ۱.۵۴ برابر پزشکیان رای آورده. مهمترین دلیل این رای اصفهانی‌ها این است که اقتصاد اصفهان نسبتا دولتی‌تر است مثل بوشهر، مرکزی و هرمزگان. 
پ.ن. جلیلی در خراسان رضوی به عنوان استان خودش ۱.۵۷ برابر پزشکیان رای آورده.","Jalili got 1.54 times as many votes as doctors in Isfahan. The most important reason for this vote of the people of Isfahan is that the economy of Isfahan is relatively more governmental like Bushehr, Markazi and Hormozgan. 
P.N. Jalili in Razavi's Khorasan as its own province has 1.57 times the votes of doctors."
1809546752392851467,ali_cheshomi,2024-07-06 14:15:40.180,"دو گروه در این انتخابات به نفع #پزشکیان بسیار فعال بودند: کسب‌وکارهای خصوصی و فعالان بخش مالی. 
دو گروهی که آینده اقتصاد بدون نفت ایران را تعیین خواهند کرد. نقش‌آفرینی آنها در یک امر سیاسی، که به درستی در راستای نفع آنهاست، نویدبخش است برای بهبود مستمر و کم‌هزینه کیفیت حکمرانی.",0,0,0,https://x.com/ali_cheshomi/status/1809546752392851467,2024,7,2024-07-06,"دو گروه در این انتخابات به نفع #پزشکیان بسیار فعال بودند: کسب‌وکارهای خصوصی و فعالان بخش مالی. 
دو گروهی که آینده اقتصاد بدون نفت ایران را تعیین خواهند کرد. نقش‌آفرینی آنها در یک امر سیاسی، که به درستی در راستای نفع آنهاست، نویدبخش است برای بهبود مستمر و کم‌هزینه کیفیت حکمرانی.","Two groups were very active in this election in favor of #doctors: private businesses and financial sector activists. 
Two groups that will determine the future of Iran's oil-free economy. Their role-playing in a political matter, which is rightly in line with their interest, is promising for continuous and low-cost improvement of governance quality."
1809351663620354266,ali_cheshomi,2024-07-06 01:20:27.392,"خوشحالی باشد برای بعد.
بعد از این که مشکلات و زخم‌ها بهتر شد.
بعد از این که مردم طعم آرامش اقتصادی و سیاسی و فرهنگی را چشیدند. 
خوشحالی باشد برای مردم. 
گام دوم فقط تلاش بی‌پایان است با همدلی و هماهنگی و اجماع #برای_ایران . کارهای زمین مانده زیاد است.
#پزشکیان",0,0,0,https://x.com/ali_cheshomi/status/1809351663620354266,2024,7,2024-07-06,"خوشحالی باشد برای بعد.
بعد از این که مشکلات و زخم‌ها بهتر شد.
بعد از این که مردم طعم آرامش اقتصادی و سیاسی و فرهنگی را چشیدند. 
خوشحالی باشد برای مردم. 
گام دوم فقط تلاش بی‌پایان است با همدلی و هماهنگی و اجماع #برای_ایران . کارهای زمین مانده زیاد است.
#پزشکیان","Be happy for later.
After the problems and wounds got better.
After the people tasted economic, political and cultural peace. 
Be happy for people. 
The second step is only endless effort with empathy, coordination and consensus #for_Iran. There are many unfinished works.
#Doctors"
1808880827037565108,ali_cheshomi,2024-07-04 18:09:31.203,"آقای پزشکیان
  شما اگر رئیس‌جمهور شدید باید برنامه دقیقی اجرا کنید برای حمایت از کسانی که به آقای جلیلی رای می‌دهند انسان‌های محترمی که به دلیل سیاستهای مخرب این سالها محروم شدند و اکنون با بسته‌های معیشتی و مستمری ناچیز رای‌شان به بازی گرفته شده است.",0,0,0,https://x.com/ali_cheshomi/status/1808880827037565108,2024,7,2024-07-04,"آقای پزشکیان
  شما اگر رئیس‌جمهور شدید باید برنامه دقیقی اجرا کنید برای حمایت از کسانی که به آقای جلیلی رای می‌دهند انسان‌های محترمی که به دلیل سیاستهای مخرب این سالها محروم شدند و اکنون با بسته‌های معیشتی و مستمری ناچیز رای‌شان به بازی گرفته شده است.","Mr. Doctors
  If you become the president, you must implement a detailed plan to support those who vote for Mr. Jalili, respectable people who were deprived due to the destructive policies of these years and now their votes have been played with livelihood packages and meager pensions."
1808803305927143897,ali_cheshomi,2024-07-04 13:01:28.730,"این یک فریم از شهری‌ست که سال‌هاست در آن شادی را بر مردم حرام کرده‌اند. 
مسئله موسیقی در مشهد، یکی از حسرت‌های بخش وسیعی از شهروندانش است.
حالا پیر و جوانش، ده شب زدند و رقصیدند و دلی از عزا درآوردند.‌
آسمان خدا هم به زمین نیامد!
سرخوشی‌هاشان مستدام ",0,0,0,https://x.com/amir_eghtenaee/status/1808803305927143897,2024,7,2024-07-04,"این یک فریم از شهری‌ست که سال‌هاست در آن شادی را بر مردم حرام کرده‌اند. 
مسئله موسیقی در مشهد، یکی از حسرت‌های بخش وسیعی از شهروندانش است.
حالا پیر و جوانش، ده شب زدند و رقصیدند و دلی از عزا درآوردند.‌
آسمان خدا هم به زمین نیامد!
سرخوشی‌هاشان مستدام ","This is a frame of a city where happiness has been forbidden to people for years. 
The issue of music in Mashhad is one of the regrets of a large part of its citizens.
Now the old and the young, played ten nights and danced and mourned
God's heaven did not come to earth!
Their happiness is permanent"
1808396882466537749,ali_cheshomi,2024-07-03 10:06:29.826,"جلیلی دارد تقیه می‌کند و حتی نظرات قبلی خود را پنهان می‌کند. 
در فروردین ۱۳۹۵ گفته بود ""رئیس جمهور بودم برجام را امضا نمی‌کردم"". 
asriran.com/fa/news/461576
…..",0,0,0,https://x.com/ali_cheshomi/status/1808396882466537749,2024,7,2024-07-03,"جلیلی دارد تقیه می‌کند و حتی نظرات قبلی خود را پنهان می‌کند. 
در فروردین ۱۳۹۵ گفته بود ""رئیس جمهور بودم برجام را امضا نمی‌کردم"". 
asriran.com/fa/news/461576
…..","Jalili is making excuses and even hiding his previous opinions. 
In April 2016, he said, ""I would not have signed the JCPOA if I was the president."" 
asriran.com/fa/news/461576
….."
1807495589078409631,ali_cheshomi,2024-06-30 22:25:04.737,"«دوستی پرسید: بخش خصوصی در #انتخابات چه کرد؟
گفتم: به جهت تجربه دولت سیزدهم به گمانم مشارکتشان بیش از ۴۰٪ بود.
پرسید: نظرشان کدام نامزد بود؟
گفتم: اکثراً پزشکیان، کمی هم قالیباف
گفت: جلیلی چی؟
گفتم: اصلاً نشنیدم»

شما شنیده‌اید که فعال اقتصادی به جلیلی رأی داده باشد؟",0,0,0,https://x.com/PedramSoltani1/status/1807495589078409631,2024,6,2024-06-30,"«دوستی پرسید: بخش خصوصی در #انتخابات چه کرد؟
گفتم: به جهت تجربه دولت سیزدهم به گمانم مشارکتشان بیش از ۴۰٪ بود.
پرسید: نظرشان کدام نامزد بود؟
گفتم: اکثراً پزشکیان، کمی هم قالیباف
گفت: جلیلی چی؟
گفتم: اصلاً نشنیدم»

شما شنیده‌اید که فعال اقتصادی به جلیلی رأی داده باشد؟","""A friend asked: What did the private sector do in the #elections?""
I said: Due to the experience of the 13th government, I think their participation was more than 40%.
He asked: Which candidate did they think?
I said: mostly doctors, some carpet weavers
He said: Jalili what?
I said: I did not hear at all.

Have you heard that an economic activist voted for Jalili?"
1807420393721884878,ali_cheshomi,2024-06-30 17:26:16.767,تصور کنید اگر جلیلی رئیس‌جمهور شود وضعیت دانشگاه‌ها چه خواهد شد؟!,0,0,0,https://x.com/ali_cheshomi/status/1807420393721884878,2024,6,2024-06-30,تصور کنید اگر جلیلی رئیس‌جمهور شود وضعیت دانشگاه‌ها چه خواهد شد؟!,Imagine what will happen to universities if Jalili becomes president?!
1807158908642877837,ali_cheshomi,2024-06-30 00:07:13.866,"میگه: تو چرا میگی رای به #پزشکیان. بزار جلیلی بیاد شرایط بد و بدتر میشه زودتر به سمت نابودی کشور میره.
میگم: نمیتونم بی‌کنش بمونم که کشتی ایران نابود بشه. میخام حداقل حداقلش نقش گروه موسیقی کشتی تایتانیک رو داشته باشم.",0,0,0,https://x.com/ali_cheshomi/status/1807158908642877837,2024,6,2024-06-30,"میگه: تو چرا میگی رای به #پزشکیان. بزار جلیلی بیاد شرایط بد و بدتر میشه زودتر به سمت نابودی کشور میره.
میگم: نمیتونم بی‌کنش بمونم که کشتی ایران نابود بشه. میخام حداقل حداقلش نقش گروه موسیقی کشتی تایتانیک رو داشته باشم.","He says: Why are you voting for doctors? Let Jalili come, the situation will get worse and worse, it will lead to the destruction of the country sooner.
I say: I can't remain inactive until the Iranian ship is destroyed. I want to have at least the role of the band of the Titanic ship."
1807103026009915544,ali_cheshomi,2024-06-29 20:25:10.408,مشکلات #ایران از زمانی بسیار پیچیده‌تر شد که اصولگرایان بین بد و بدتر در سال ۱۳۸۴ بدتر را انتخاب کردند و دوباره در ۱۴۰۳ همان کار را تکرار کردند.,0,0,0,https://x.com/ali_cheshomi/status/1807103026009915544,2024,6,2024-06-29,مشکلات #ایران از زمانی بسیار پیچیده‌تر شد که اصولگرایان بین بد و بدتر در سال ۱۳۸۴ بدتر را انتخاب کردند و دوباره در ۱۴۰۳ همان کار را تکرار کردند.,#Iran's problems became much more complicated since the fundamentalists chose the worse between bad and worse in 2004 and repeated the same thing again in 1403.
1807083889363464657,ali_cheshomi,2024-06-29 19:09:07.876,تصور کنید اگر جلیلی رئیس‌جمهور شود نظام بانکداری چه خواهد شد؟!,0,0,0,https://x.com/ali_cheshomi/status/1807083889363464657,2024,6,2024-06-29,تصور کنید اگر جلیلی رئیس‌جمهور شود نظام بانکداری چه خواهد شد؟!,Imagine what will happen to the banking system if Jalili becomes the president?!
1806359652499656915,ali_cheshomi,2024-06-27 19:11:16.352,"محاسن نظام حزبی:

١-برنامه مشخص و کاملا متفاوت با حزب دیگر
٢-کارنامه‌ی قابل ارزیایی
٣-پرهیز از شعارهای نشدنی و آبروریز
۴-مسئولیت‌پذیری و عدم امکان انکار گذشته‌ی خود
۵-کادر سازی و جوانگرایی
۶-رقابت اولیه‌ی نخبگان در داخل حزب
٧-شفافیت، بویژه مالی

و چند حُسن دیگر...",0,0,0,https://x.com/h_entezami/status/1806359652499656915,2024,6,2024-06-27,"محاسن نظام حزبی:

١-برنامه مشخص و کاملا متفاوت با حزب دیگر
٢-کارنامه‌ی قابل ارزیایی
٣-پرهیز از شعارهای نشدنی و آبروریز
۴-مسئولیت‌پذیری و عدم امکان انکار گذشته‌ی خود
۵-کادر سازی و جوانگرایی
۶-رقابت اولیه‌ی نخبگان در داخل حزب
٧-شفافیت، بویژه مالی

و چند حُسن دیگر...","Advantages of the party system:

1- Specific and completely different program from the other party
2- Evaluable record
3- Avoiding impossible and disgraceful slogans
4- Responsibility and the impossibility of denying one's past
5- Staffing and rejuvenation
6- The initial competition of elites within the party
7- Transparency, especially financial

And some other good things..."
1806161666872058153,ali_cheshomi,2024-06-27 06:04:32.900,"هم‌وطنان عزیزم

ما دو راه پیش رو داریم. اول ادامه راهی است که ما را به اینجا رسانده است و دوم تغییر و اصلاح مسیر گذشته.

در این مدت در سخنرانی‌ها، گفتگوها و مناظرات با دیدگاه‌های من و ۴ نامزد دیگر آشنا شدید. نیک می‌دانید که آنچه با آن مواجهیم رقابت چند نفر نیست، بلکه تقابل میان",0,0,0,https://x.com/drpezeshkian/status/1806161666872058153,2024,6,2024-06-27,"هم‌وطنان عزیزم

ما دو راه پیش رو داریم. اول ادامه راهی است که ما را به اینجا رسانده است و دوم تغییر و اصلاح مسیر گذشته.

در این مدت در سخنرانی‌ها، گفتگوها و مناظرات با دیدگاه‌های من و ۴ نامزد دیگر آشنا شدید. نیک می‌دانید که آنچه با آن مواجهیم رقابت چند نفر نیست، بلکه تقابل میان","My dear compatriots

We have two ways forward. The first is the continuation of the path that has brought us here, and the second is the change and correction of the past path.

During this time, you got to know the views of me and 4 other candidates in speeches, conversations and debates. Nice, you know that what we are facing is not a competition between a few people, but a confrontation between us"
1805546481518055572,ali_cheshomi,2024-06-25 13:20:01.282,"مهمترین مشکل جلیلی اینه که برداشت درستی از اعداد نداره. مثلا میگه ""اگر ۲۵ درصد در بودجه ۳۷۰۰ همتی شرکت‌های دولتی صرفه‌جویی شود'!
این شرکت‌ها بیشتر در بخش آب و برق و گاز و انرژی فعالند و اگه بودجه داشتند که صرف زیرساخت‌ها می‌کردند که کمبود نداشته باشیم.",0,0,0,https://x.com/ali_cheshomi/status/1805546481518055572,2024,6,2024-06-25,"مهمترین مشکل جلیلی اینه که برداشت درستی از اعداد نداره. مثلا میگه ""اگر ۲۵ درصد در بودجه ۳۷۰۰ همتی شرکت‌های دولتی صرفه‌جویی شود'!
این شرکت‌ها بیشتر در بخش آب و برق و گاز و انرژی فعالند و اگه بودجه داشتند که صرف زیرساخت‌ها می‌کردند که کمبود نداشته باشیم.","Jalili's most important problem is that he does not have a correct understanding of numbers. For example, he says, ""If 25% can be saved in the budget of 3,700 hemti of government companies""!
These companies are mostly active in the water and electricity, gas and energy sector, and if they had the budget, they would spend on infrastructure so that we don't have a shortage."
1805142712410055076,ali_cheshomi,2024-06-24 10:35:35.225,"زندگی تحت سلطه متوهمین ترسناک است و احتمال فروپاشی وحشتناک.
اما گذار تدریجی به مسیر توسعه با #پزشکیان هم ممکن.
هر کسی طبق برآورد خودش از این احتمالات تصمیم می‌گیرد.",0,0,0,https://x.com/ali_cheshomi/status/1805142712410055076,2024,6,2024-06-24,"زندگی تحت سلطه متوهمین ترسناک است و احتمال فروپاشی وحشتناک.
اما گذار تدریجی به مسیر توسعه با #پزشکیان هم ممکن.
هر کسی طبق برآورد خودش از این احتمالات تصمیم می‌گیرد.","Life under the control of delusions is scary and the possibility of collapse is terrifying.
But a gradual transition to the path of development with #doctors is also possible.
Everyone makes a decision based on his own estimation of these possibilities."
1804781522345496965,ali_cheshomi,2024-06-23 10:40:20.803,"اگه میگیم رای بدیم برای اینه که خون از دماغ حتی یک ایرانی هم نیاد. ما با #پزشکیان انتظار #صلح و #مدارا و #احترام داریم.
 همه نظرات هم محترمند حتی کسانی که به هر دلیلی به ما بی‌احترامی می‌کنند.",0,0,0,https://x.com/ali_cheshomi/status/1804781522345496965,2024,6,2024-06-23,"اگه میگیم رای بدیم برای اینه که خون از دماغ حتی یک ایرانی هم نیاد. ما با #پزشکیان انتظار #صلح و #مدارا و #احترام داریم.
 همه نظرات هم محترمند حتی کسانی که به هر دلیلی به ما بی‌احترامی می‌کنند.","If we say to vote, it is so that not even one Iranian will bleed. We expect #peace, #tolerance and #respect with #doctors.
 All opinions are respected, even those who disrespect us for any reason."
1804236357411426619,ali_cheshomi,2024-06-21 22:34:03.354,"اکثر کسانی که میگن رای ندین یا رفتن از ایران یا برنامه دارن که برن.
شما هم این برداشت را دارین؟",0,0,0,https://x.com/ali_cheshomi/status/1804236357411426619,2024,6,2024-06-21,"اکثر کسانی که میگن رای ندین یا رفتن از ایران یا برنامه دارن که برن.
شما هم این برداشت را دارین؟","Most of those who say don't vote or leave Iran or have plans to leave.
Do you also have this impression?"
1803704215128187289,ali_cheshomi,2024-06-20 11:19:30.747,"شبی که زیدان بر سینه ماتراتزی زد و فرانسه جام ۲۰۰۶ را از دست داد خیلی‌ها اول گفتند زیدان اشتباه کرد. بعدها که فهمیدند حریف چقدر ناجوانمرد بوده احترام به کار زیدان بیشتر از جام برایشان ارزش داشت.
#محمد_فاضلی در مقابل کسی که بر زخمش نمک پاشید باید فریاد می‌زد.",0,0,0,https://x.com/ali_cheshomi/status/1803704215128187289,2024,6,2024-06-20,"شبی که زیدان بر سینه ماتراتزی زد و فرانسه جام ۲۰۰۶ را از دست داد خیلی‌ها اول گفتند زیدان اشتباه کرد. بعدها که فهمیدند حریف چقدر ناجوانمرد بوده احترام به کار زیدان بیشتر از جام برایشان ارزش داشت.
#محمد_فاضلی در مقابل کسی که بر زخمش نمک پاشید باید فریاد می‌زد.","The night when Zidane hit Materazzi on the chest and France lost the 2006 Cup, many people first said that Zidane made a mistake. Later, when they realized how cowardly the opponent was, respect for Zidane's work was more valuable to them than the trophy.
#Mohammed_Fazli should have shouted in front of someone who sprinkled salt on his wound."
1802807998902854026,ali_cheshomi,2024-06-17 23:58:16.148,"تفکرات #جلیلی در اقتصاد واقعا ابعاد خطرناکی داره:
منظورش از ""دلارزدایی"" یعنی تداوم تحریم‌ها و قطع روابط معمولی با دنیا.
منظورش از ""حاکمیت ریال"" با سامانه مودیان یا سامانه تجارت یعنی کنترل همه مبادلات. 
منظورش از ""دولت مقتدر"" یعنی دولت بزرگ متمرکز به سبک دولت‌های تک حزبی کمونیستی.",0,0,0,https://x.com/ali_cheshomi/status/1802807998902854026,2024,6,2024-06-17,"تفکرات #جلیلی در اقتصاد واقعا ابعاد خطرناکی داره:
منظورش از ""دلارزدایی"" یعنی تداوم تحریم‌ها و قطع روابط معمولی با دنیا.
منظورش از ""حاکمیت ریال"" با سامانه مودیان یا سامانه تجارت یعنی کنترل همه مبادلات. 
منظورش از ""دولت مقتدر"" یعنی دولت بزرگ متمرکز به سبک دولت‌های تک حزبی کمونیستی.","#Jalili's thoughts in economics have really dangerous dimensions:
What he means by ""de-dollarization"" is the continuation of sanctions and the termination of normal relations with the world.
What he means by ""Rial sovereignty"" with the tax system or trade system is to control all exchanges. 
By ""powerful government"" he means a large, centralized government in the style of one-party communist governments."
1801520161318384080,ali_cheshomi,2024-06-14 10:40:51.741,"این که #پزشکیان با احمد میدری و حسین عبده تبریزی به عنوان مشاور اقتصادی در تلویزیون شرکت کرد اقدام بسیار ارزشمندی بود. درسته که نگرش آنها با هم تفاوت داره اما برای شرایط کنونی #ایران بسیار مورد نیازه و مکمل هم هست. 
۱ از ۳",0,0,0,https://x.com/ali_cheshomi/status/1801520161318384080,2024,6,2024-06-14,"این که #پزشکیان با احمد میدری و حسین عبده تبریزی به عنوان مشاور اقتصادی در تلویزیون شرکت کرد اقدام بسیار ارزشمندی بود. درسته که نگرش آنها با هم تفاوت داره اما برای شرایط کنونی #ایران بسیار مورد نیازه و مکمل هم هست. 
۱ از ۳","It was a very valuable action that #Doctors participated in television with Ahmed Midari and Hossein Abdo Tabrizi as economic advisors. It is true that their attitudes are different, but for the current conditions of #Iran, it is very necessary and complementary. 
1 of 3"
1801520163629437347,ali_cheshomi,2024-06-14 10:40:52.292,"میدری سال‌ها روی برنامه‌های حمایت اجتماعی کار کرده و می‌تواند نماینده خوبی برای نگرش #دولت_رفاه باشد و در شرایطی که بیش از ۳۰ درصد از مردم زیر خط #فقر هستند بلکه بتوانند این مسئله اساسی را مدیریت کنند. 
۲ از ۳",0,0,0,https://x.com/ali_cheshomi/status/1801520163629437347,2024,6,2024-06-14,"میدری سال‌ها روی برنامه‌های حمایت اجتماعی کار کرده و می‌تواند نماینده خوبی برای نگرش #دولت_رفاه باشد و در شرایطی که بیش از ۳۰ درصد از مردم زیر خط #فقر هستند بلکه بتوانند این مسئله اساسی را مدیریت کنند. 
۲ از ۳","Midri has worked on social support programs for many years and can be a good representative of the #welfare_state's attitude and in a situation where more than 30% of people are below the #poverty line, but can manage this basic issue. 
2 of 3"
1801520168989852089,ali_cheshomi,2024-06-14 10:40:53.570,"عبده‌تبریزی هم برجسته‌ترین استاد در حوزه مالی با نگرش اقتصاد بازار است و با همراهی دوستان این نگرش بلکه بتوانند برای رهایی اقتصاد ایران از چنبره رانت‌جویی و حامی‌پروری مخرب دولتی با سالم‌سازی نظام مالی راهگشا باشند.
۳ از ۳",0,0,0,https://x.com/ali_cheshomi/status/1801520168989852089,2024,6,2024-06-14,"عبده‌تبریزی هم برجسته‌ترین استاد در حوزه مالی با نگرش اقتصاد بازار است و با همراهی دوستان این نگرش بلکه بتوانند برای رهایی اقتصاد ایران از چنبره رانت‌جویی و حامی‌پروری مخرب دولتی با سالم‌سازی نظام مالی راهگشا باشند.
۳ از ۳","Abde Tabrizi is also the most prominent professor in the field of finance with a market economy approach, and with the help of friends of this approach, they can lead the way to free Iran's economy from the yoke of rent-seeking and destructive state patronage by making the financial system healthy.
3 of 3"
1798970739606843635,ali_cheshomi,2024-06-07 09:50:22.239,"#همستر هر چی هست خوب طراحی شده. از مفاهیم اقتصادی مثل بازدهی، ارزش زمانی پول، انباشت، رقابت و اثر شبکه‌ای استفاده کرده، قالب جذاب و ساده داره، با رمزارزها مرتبطه و جنبه‌های روان‌شناسی رو هم در نظر داشته از جمله به افراد هیجان تلاش و پیروزی میده. 
پ.ن نمی‌دونم آینده یا مضراتش چیه.",0,0,0,https://x.com/ali_cheshomi/status/1798970739606843635,2024,6,2024-06-07,"#همستر هر چی هست خوب طراحی شده. از مفاهیم اقتصادی مثل بازدهی، ارزش زمانی پول، انباشت، رقابت و اثر شبکه‌ای استفاده کرده، قالب جذاب و ساده داره، با رمزارزها مرتبطه و جنبه‌های روان‌شناسی رو هم در نظر داشته از جمله به افراد هیجان تلاش و پیروزی میده. 
پ.ن نمی‌دونم آینده یا مضراتش چیه.","#Hamster is well designed. It uses economic concepts such as efficiency, time value of money, accumulation, competition and network effect, it has an attractive and simple format, it is related to cryptocurrencies and it also considers psychological aspects, among other things, it gives people the excitement of trying and winning. 
P.N. I don't know what the future or its disadvantages are."
1784840383307927760,ali_cheshomi,2024-04-29 10:01:22.768,"1- داستان این جلد: تغییر نسل اقتصاددانان (در 11 پست)

شمار دانش‌آموختگان اقتصاد در دهه گذشته افزایش قابل توجهی یافته و نسل جدیدی از اقتصاددانان پا به میدان گذاشته‌اند.
 این نسل در دانشگاه‌های مهم داخل و خارج تدریس می‌کنند و مقالاتشان در ژورنال‌های معتبر منتشر می‌شود.
#تجارت_فردا",0,0,0,https://x.com/mohamadtaherii/status/1784840383307927760,2024,4,2024-04-29,"1- داستان این جلد: تغییر نسل اقتصاددانان (در 11 پست)

شمار دانش‌آموختگان اقتصاد در دهه گذشته افزایش قابل توجهی یافته و نسل جدیدی از اقتصاددانان پا به میدان گذاشته‌اند.
 این نسل در دانشگاه‌های مهم داخل و خارج تدریس می‌کنند و مقالاتشان در ژورنال‌های معتبر منتشر می‌شود.
#تجارت_فردا","1- The story of this volume: the change of generation of economists (in 11 posts)

The number of economics graduates has increased significantly in the last decade and a new generation of economists has stepped into the field.
 This generation teaches in important domestic and foreign universities and their articles are published in prestigious journals.
#business_tomorrow"
1783516776912875961,ali_cheshomi,2024-04-25 18:21:50.412,"طبق بودجه ۱۴۰۳ در حالی که دولت از بودجه عمومی قراره فقط ۶۷۲۷ میلیارد تومن برای ساخت دانشگاه و پژوهشگاه و فقط ۱۴۲۹۱ میلیارد تومن برای ساخت مدرسه خرج کنه بودجه امور قضایی نشون میده ۱۷۲۳۳ میلیارد تومن برای ساخت دادگاه و زندان هزینه خواهد کرد.
بیکری و فقر را با زندان نمیشه درمان کرد.",0,0,0,https://x.com/ali_cheshomi/status/1783516776912875961,2024,4,2024-04-25,"طبق بودجه ۱۴۰۳ در حالی که دولت از بودجه عمومی قراره فقط ۶۷۲۷ میلیارد تومن برای ساخت دانشگاه و پژوهشگاه و فقط ۱۴۲۹۱ میلیارد تومن برای ساخت مدرسه خرج کنه بودجه امور قضایی نشون میده ۱۷۲۳۳ میلیارد تومن برای ساخت دادگاه و زندان هزینه خواهد کرد.
بیکری و فقر را با زندان نمیشه درمان کرد.","According to the 1403 budget, while the government is going to spend only 6,727 billion tomans from the public budget to build universities and research institutes and only 14,291 billion tomans to build schools, the judicial budget shows that it will spend 17,233 billion tomans to build courts and prisons.
Unemployment and poverty cannot be cured by prison."
1771576256804380775,ali_cheshomi,2024-03-23 18:34:28.574,"از میدون فردوسی مشهد ساعت ۸ شب رد میشم. کارگران روزمزد در دسته‌های چند نفره منتظر نشسته‌اند. بعضیا آتش روشن کردند تا  گرم شوند!
بیشتر این دوستان مهاجرند. ببینید اوضاع شب عیدی چه جوری بوده که نرفتند شهر خودشان و حتی در شب همچنان منتظر کار هستند.",0,0,0,https://x.com/ali_cheshomi/status/1771576256804380775,2024,3,2024-03-23,"از میدون فردوسی مشهد ساعت ۸ شب رد میشم. کارگران روزمزد در دسته‌های چند نفره منتظر نشسته‌اند. بعضیا آتش روشن کردند تا  گرم شوند!
بیشتر این دوستان مهاجرند. ببینید اوضاع شب عیدی چه جوری بوده که نرفتند شهر خودشان و حتی در شب همچنان منتظر کار هستند.","I pass Ferdowsi square in Mashhad at 8 pm. Daily workers are waiting in groups of several people. Some lit a fire to warm themselves!
Most of these friends are immigrants. See how the situation was on the night of Eid when they did not go to their own city and even at night they are still waiting for work."
1765327588237451637,ali_cheshomi,2024-03-06 12:44:29.893,"می‌دونید متن ۵۰ صفحه‌ای که دولت به عنوان بودجه سه ماه پیش داد به مجلس فقط برای سرگرمی نمایندگان و رسانه‌ها بود چون فقط تبصره‌ها و سمت دخل رو داشت. 
اصل #بودجه که نشون میده قراره چقدر پول و در چه اموری و توسط چه سازمانی خرج بشه قراره فردا بیاد مجلس.
تقسیم منافع در سال بعد جذابه!",0,0,0,https://x.com/ali_cheshomi/status/1765327588237451637,2024,3,2024-03-06,"می‌دونید متن ۵۰ صفحه‌ای که دولت به عنوان بودجه سه ماه پیش داد به مجلس فقط برای سرگرمی نمایندگان و رسانه‌ها بود چون فقط تبصره‌ها و سمت دخل رو داشت. 
اصل #بودجه که نشون میده قراره چقدر پول و در چه اموری و توسط چه سازمانی خرج بشه قراره فردا بیاد مجلس.
تقسیم منافع در سال بعد جذابه!","You know that the 50-page text that the government gave to the parliament as a budget three months ago was only for the entertainment of the representatives and the media, because it only had notes and the entry. 
The original #budget, which shows how much money is going to be spent on what matters and by which organization, is going to come to the parliament tomorrow.
Profit sharing in the next year is attractive!"
1762430346249875660,ali_cheshomi,2024-02-27 12:51:53.575,"کسانی که کلیدواژه اصلی آنها عدالت بوده و با تخریب سیاست داخلی و خارجی به تورم  شدید در #ایران دامن زدند حنایشان برای گسترش عدالت دیگر رنگی ندارد. 
چون تورم مخرب‌ترین عامل عدالت است.",0,0,0,https://x.com/ali_cheshomi/status/1762430346249875660,2024,2,2024-02-27,"کسانی که کلیدواژه اصلی آنها عدالت بوده و با تخریب سیاست داخلی و خارجی به تورم  شدید در #ایران دامن زدند حنایشان برای گسترش عدالت دیگر رنگی ندارد. 
چون تورم مخرب‌ترین عامل عدالت است.","Those whose main keyword is justice and who fueled severe inflation in #Iran by destroying domestic and foreign policy, their desire to spread justice has no color anymore. 
Because inflation is the most destructive factor of justice."
1760393665074065516,ali_cheshomi,2024-02-21 21:58:50.943,"ادعای حمایت و پشتیبانی از بخش خصوصی فقط یک ژست سیاسی است هنگامی که با بانکداری خصوصی مخالفت می‌شود و سال‌هاست مجوز فعالیت به بانک خصوصی جدید داده نشده. 
توسعه بخش خصوصی به تامین مالی خصوصی هم نیاز دارد.  این روزها، اعتبارات بانکی بیشتر نصیب بخش دولتی و شبه دولتی می‌شود.",0,0,0,https://x.com/ali_cheshomi/status/1760393665074065516,2024,2,2024-02-21,"ادعای حمایت و پشتیبانی از بخش خصوصی فقط یک ژست سیاسی است هنگامی که با بانکداری خصوصی مخالفت می‌شود و سال‌هاست مجوز فعالیت به بانک خصوصی جدید داده نشده. 
توسعه بخش خصوصی به تامین مالی خصوصی هم نیاز دارد.  این روزها، اعتبارات بانکی بیشتر نصیب بخش دولتی و شبه دولتی می‌شود.","Claiming to support the private sector is only a political gesture when private banking is opposed and the new private bank has not been given a license to operate for years. 
The development of the private sector also needs private financing.  These days, bank loans are mostly given to the government and semi-government sectors."
1756273548874715345,ali_cheshomi,2024-02-10 13:06:58.693,"#رقابت منصفانه به #نوآوری منجر میشه و نوآوری به #تولید بیشتر و ارزان‌تر.
تولید هم سطح #رفاه مردم جامعه رو تعیین می‌کنه. 
اگه تولید سرانه در ایران پایینه چون رقابت در ""همه"" عرصه‌ها بسیار غیرمنصفانه شده.",0,0,0,https://x.com/ali_cheshomi/status/1756273548874715345,2024,2,2024-02-10,"#رقابت منصفانه به #نوآوری منجر میشه و نوآوری به #تولید بیشتر و ارزان‌تر.
تولید هم سطح #رفاه مردم جامعه رو تعیین می‌کنه. 
اگه تولید سرانه در ایران پایینه چون رقابت در ""همه"" عرصه‌ها بسیار غیرمنصفانه شده.","#Fair competition leads to #innovation and innovation leads to more and cheaper #production.
The same level of production determines the welfare of the people of the society. 
If the per capita production in Iran is low, it is because the competition in ""all"" fields has become very unfair."
1750472784776434126,ali_cheshomi,2024-01-25 12:56:48.759,"امام جمعه موقت تهران: درحال حاضر قیمت انرژی در ایران با نرخ واقعی آن فاصله معنادار دارد.
فقط جهت مرور نه اطلاع: 
قیمت کار کردن در ایران با نرخ واقعی آن فاصله دارد.
قیمت حکومت کردن با نرخ واقعی آن فاصله دارد.
قیمت زندگی کردن با نرخ واقعی آن فاصله دارد.
بقیه موارد رو شما بگین لطفاً",0,0,0,https://x.com/ali_cheshomi/status/1750472784776434126,2024,1,2024-01-25,"امام جمعه موقت تهران: درحال حاضر قیمت انرژی در ایران با نرخ واقعی آن فاصله معنادار دارد.
فقط جهت مرور نه اطلاع: 
قیمت کار کردن در ایران با نرخ واقعی آن فاصله دارد.
قیمت حکومت کردن با نرخ واقعی آن فاصله دارد.
قیمت زندگی کردن با نرخ واقعی آن فاصله دارد.
بقیه موارد رو شما بگین لطفاً","Temporary imam of Tehran: Currently, the price of energy in Iran has a significant gap with its actual price.
Just for review, not information: 
The price of working in Iran is far from its real rate.
The price of governance is far from its real rate.
The cost of living is far from its real rate.
Please tell me the rest"
1747917349766729915,ali_cheshomi,2024-01-18 11:42:25.575,"در نظریه اقتصادی، جنگ یعنی هزینه اجتماعی. چون منفعتی برای کل جامعه ندارد. جنگ بدترین نوع هزینه اجتماعی است چون هم هزینه اقتصادی دارد به شکل کاهش سرمایه‌گذاری و تولید و افزایش نااطمینانی و  هم به جان و روان انسان‌ها آسیب مستقیم می‌زند. 
پس جنگ، شر مطلق است.",0,0,0,https://x.com/ali_cheshomi/status/1747917349766729915,2024,1,2024-01-18,"در نظریه اقتصادی، جنگ یعنی هزینه اجتماعی. چون منفعتی برای کل جامعه ندارد. جنگ بدترین نوع هزینه اجتماعی است چون هم هزینه اقتصادی دارد به شکل کاهش سرمایه‌گذاری و تولید و افزایش نااطمینانی و  هم به جان و روان انسان‌ها آسیب مستقیم می‌زند. 
پس جنگ، شر مطلق است.","In economic theory, war is a social cost. Because it does not benefit the whole society. War is the worst type of social cost because it has both an economic cost in the form of a decrease in investment and production and an increase in uncertainty, and it directly damages human lives and psyche. 
So war is absolute evil."
1746896682766245973,ali_cheshomi,2024-01-15 16:06:39.599,"حدود ۹.۳ میلیارد دلار خروج سرمایه در بهار امسال ثبت شده(فصول بعد اعلام نشده).
ماههاست #تورم و رشد پایه پولی از ۴۰ درصد پایین‌تر نیومده.
مشکل کسری بودجه زنجیره‌ای در بودجه عمومی، هدفمندی، صندوق‌های بازنشستگی، شرکت‌های دولتی و بانکها وجود داره.
با این شرایط، نرخ #دلار رو حدس بزنید!",0,0,0,https://x.com/ali_cheshomi/status/1746896682766245973,2024,1,2024-01-15,"حدود ۹.۳ میلیارد دلار خروج سرمایه در بهار امسال ثبت شده(فصول بعد اعلام نشده).
ماههاست #تورم و رشد پایه پولی از ۴۰ درصد پایین‌تر نیومده.
مشکل کسری بودجه زنجیره‌ای در بودجه عمومی، هدفمندی، صندوق‌های بازنشستگی، شرکت‌های دولتی و بانکها وجود داره.
با این شرایط، نرخ #دلار رو حدس بزنید!","About 9.3 billion dollars of capital outflow was recorded this spring (the next seasons are not announced).
#Inflation and monetary base growth have not been lower than 40% for months.
There is a chain budget deficit problem in the public budget, targeting, pension funds, public companies and banks.
Under these conditions, guess the #dollar rate!"
1743880389423161487,ali_cheshomi,2024-01-07 08:20:59.226,ارزش کالاها رو بازار تعیین می‌کنه اما ارزش آدم‌ها رو خودشون.,0,0,0,https://x.com/ali_cheshomi/status/1743880389423161487,2024,1,2024-01-07,ارزش کالاها رو بازار تعیین می‌کنه اما ارزش آدم‌ها رو خودشون.,"The value of goods is determined by the market, but the value of people is determined by themselves."
1742247344526238008,ali_cheshomi,2024-01-02 20:11:50.982,"اقتصاد زنان در ایران، حال و روز خوشی ندارد: 
رتبه شاخص نابرابری جنسیتی ۱۱۵ در بین ۱۹۱ کشور
سهم زنان از کرسی‌های پارلمان ۵ درصد اما کشورهای اسکاندیناوی حدود ۵۰ درصد
نرخ مشارکت اقتصادی زنان ۱۴ درصد و مردان ۶۸درصد
درآمد سرانه زنان ۳۷۶۷ دلار و مردان ۲۲۰۰۰ دلار بر حسب برابری قدرت خرید",0,0,0,https://x.com/ali_cheshomi/status/1742247344526238008,2024,1,2024-01-02,"اقتصاد زنان در ایران، حال و روز خوشی ندارد: 
رتبه شاخص نابرابری جنسیتی ۱۱۵ در بین ۱۹۱ کشور
سهم زنان از کرسی‌های پارلمان ۵ درصد اما کشورهای اسکاندیناوی حدود ۵۰ درصد
نرخ مشارکت اقتصادی زنان ۱۴ درصد و مردان ۶۸درصد
درآمد سرانه زنان ۳۷۶۷ دلار و مردان ۲۲۰۰۰ دلار بر حسب برابری قدرت خرید","Women's economy in Iran is not in a good state: 
Gender inequality index rank 115 among 191 countries
The share of women in parliament seats is 5%, but in Scandinavian countries it is about 50%
Economic participation rate of women is 14% and men is 68%
The per capita income of women is $3,767 and that of men is $22,000 according to purchasing power parity"
1742248552552898892,ali_cheshomi,2024-01-02 20:16:38.998,منبع آمار: شاخص توسعه انسانی سال ۲۰۲۱,0,0,0,https://x.com/ali_cheshomi/status/1742248552552898892,2024,1,2024-01-02,منبع آمار: شاخص توسعه انسانی سال ۲۰۲۱,Statistics source: Human Development Index of 2021
1735534557233807701,ali_cheshomi,2023-12-15 07:37:37.774,"مرکز پژوهش‌های اتاق ایران:
#بودجه ۱۴۰۳حدودا ۴۵۰ همت کسری خواهد داشت که احتمالا از طرق زیر جبران خواهد شد: 
۱. افزایش فروش اوراق 
۲. برداشت از صندوق توسعه ملی 
۳. تحمیل کسری به شبکه بانکی 
۴. شاید بخشی هم از طریق افزایش فروش ارز به قیمت بالاتر.

متن کامل:",0,0,0,https://x.com/ali_cheshomi/status/1735534557233807701,2023,12,2023-12-15,"مرکز پژوهش‌های اتاق ایران:
#بودجه ۱۴۰۳حدودا ۴۵۰ همت کسری خواهد داشت که احتمالا از طرق زیر جبران خواهد شد: 
۱. افزایش فروش اوراق 
۲. برداشت از صندوق توسعه ملی 
۳. تحمیل کسری به شبکه بانکی 
۴. شاید بخشی هم از طریق افزایش فروش ارز به قیمت بالاتر.

متن کامل:","Iran Chamber Research Center:
#Budget 1403 will have a deficit of about 450 hemats, which will probably be compensated in the following ways: 
1. Increase in bond sales 
2. Withdrawal from the National Development Fund 
3. Imposing a deficit on the banking network 
4. Maybe a part through increasing the sale of currency at a higher price.

Full text:"
1731311386507055268,ali_cheshomi,2023-12-03 15:56:15.410,"مهم این نیست که چرا اینقدر زیاد #چای خورده مهم اینه که ""کیه"" این کسی که تونسته اینقدر چایی بخوره؟!",0,0,0,https://x.com/ali_cheshomi/status/1731311386507055268,2023,12,2023-12-03,"مهم این نیست که چرا اینقدر زیاد #چای خورده مهم اینه که ""کیه"" این کسی که تونسته اینقدر چایی بخوره؟!","It doesn't matter why he drank so much tea, the important thing is ""who"" is this person who was able to drink so much tea?!"
1702351664794005908,ali_cheshomi,2023-09-14 19:00:39.708,قیمت #مسکن را متغیرهای اقتصاد کلان از جمله ارز، پول، #تورم و بهره تعیین می‌کنند و حتی اثر متغیرهای خود بازار مثل قیمت زمین و مصالح و عوارض و دستمزد محدوده و اثر سایت‌های اعلام قیمت مسکن بسیار بسیار ناچیز.,0,0,0,https://x.com/ali_cheshomi/status/1702351664794005908,2023,9,2023-09-14,قیمت #مسکن را متغیرهای اقتصاد کلان از جمله ارز، پول، #تورم و بهره تعیین می‌کنند و حتی اثر متغیرهای خود بازار مثل قیمت زمین و مصالح و عوارض و دستمزد محدوده و اثر سایت‌های اعلام قیمت مسکن بسیار بسیار ناچیز.,"The #housing price is determined by macroeconomic variables such as currency, money, #inflation and interest, and even the effect of market variables such as the price of land and materials, fees and wages, and the effect of housing price announcement sites are very, very insignificant."
1701532698471260591,ali_cheshomi,2023-09-12 12:46:22.921,"بانک مجبورم کرده برم کارت پایان خدمت رو عوض کنم. برای این کار بیهوده مجبور شدم ۲۹۰ هزار تومان هزینه بپردازم!
#هزینه_مبادله",0,0,0,https://x.com/ali_cheshomi/status/1701532698471260591,2023,9,2023-09-12,"بانک مجبورم کرده برم کارت پایان خدمت رو عوض کنم. برای این کار بیهوده مجبور شدم ۲۹۰ هزار تومان هزینه بپردازم!
#هزینه_مبادله","The bank forced me to go and change the end of service card. I had to pay 290 thousand tomans for this work in vain!
#Exchange_cost"
1700217158205165585,ali_cheshomi,2023-09-08 21:38:53.680,اقتصاد سیاسی واردات #خودرو : خیلی وارد می‌کنند، بعد ممنوع می‌کنند تا قیمت بره بالا. همه رو که خوب فروختند وارد می‌کنند چون قیمت هنوز هم خوبه و ...,0,0,0,https://x.com/ali_cheshomi/status/1700217158205165585,2023,9,2023-09-08,اقتصاد سیاسی واردات #خودرو : خیلی وارد می‌کنند، بعد ممنوع می‌کنند تا قیمت بره بالا. همه رو که خوب فروختند وارد می‌کنند چون قیمت هنوز هم خوبه و ...,"Political economy of #car import: they import a lot, then ban it until the price goes up. They import everything that sold well because the price is still good and..."
1699494432024781110,ali_cheshomi,2023-09-06 21:47:02.331,"شکمشان را از نان مردم و جیبشان  را از رانت پر کردند حالا می‌خواهند سرشان را از علم پر کنند!

اصـــل بد نیـــــکو نـــگردد زانکه بنیـــــادش بد است",0,0,0,https://x.com/ali_cheshomi/status/1699494432024781110,2023,9,2023-09-06,"شکمشان را از نان مردم و جیبشان  را از رانت پر کردند حالا می‌خواهند سرشان را از علم پر کنند!

اصـــل بد نیـــــکو نـــگردد زانکه بنیـــــادش بد است","They filled their bellies with people's bread and their pockets with rent, now they want to fill their heads with science!

A bad principle should not become good because its foundation is bad"
1687352798877265921,ali_cheshomi,2023-08-04 09:40:31.408,تاکید #محسن_رنانی بر گفتگو نمی‌دانم در کجای علم اقتصاد  قرار دارد اما در اقتصاد سیاسی، مسئله فقط تضاد منافع است. یعنی کسانی که با قدرت و ثروتشان می‌توانند خواسته‌های خود را محقق کنند در مقابل کسانی که نمی‌توانند. حرف زدن این وسط جایگاهی ندارد. ‌‌البته مسئله دانش مهم است.,0,0,0,https://x.com/ali_cheshomi/status/1687352798877265921,2023,8,2023-08-04,تاکید #محسن_رنانی بر گفتگو نمی‌دانم در کجای علم اقتصاد  قرار دارد اما در اقتصاد سیاسی، مسئله فقط تضاد منافع است. یعنی کسانی که با قدرت و ثروتشان می‌توانند خواسته‌های خود را محقق کنند در مقابل کسانی که نمی‌توانند. حرف زدن این وسط جایگاهی ندارد. ‌‌البته مسئله دانش مهم است.,"#Mohsen_Ranani's emphasis on dialogue, I don't know where it is in economics, but in political economy, the issue is only conflict of interests. That is, those who can fulfill their wishes with their power and wealth, compared to those who cannot. Talking has no place in this middle. Of course, the issue of knowledge is important."
1685963710597152769,ali_cheshomi,2023-07-31 13:40:46.954,"#رشتو 
فقط در ۱۴۰۱ حدود ۵۰۰همت #مالیات به دولت و بیش از ۳۰۰همت حق بیمه به تامین اجتماعی پرداخت شده که نشان می‌دهد #بخش_خصوصی هم وظیفه سنگین تامین درآمد بیش از ۱۵میلیون شاغل بیمه‌شده را برعهده دارد و هم با کاهش درآمد نفتی، مسوولیت تامین مالی وظایف آموزشی، دفاعی و زیربنایی دولت./1",0,0,0,https://x.com/deghtesad/status/1685963710597152769,2023,7,2023-07-31,"#رشتو 
فقط در ۱۴۰۱ حدود ۵۰۰همت #مالیات به دولت و بیش از ۳۰۰همت حق بیمه به تامین اجتماعی پرداخت شده که نشان می‌دهد #بخش_خصوصی هم وظیفه سنگین تامین درآمد بیش از ۱۵میلیون شاغل بیمه‌شده را برعهده دارد و هم با کاهش درآمد نفتی، مسوولیت تامین مالی وظایف آموزشی، دفاعی و زیربنایی دولت./1","#Rashto 
Only in 1401, about 500,000 tons of taxes were paid to the government and more than 300,000 tons of insurance premiums were paid to social security, which shows that the #private_sector has the heavy duty of providing income for more than 15 million insured workers, and with the reduction of oil income, the responsibility of financing the educational, defense and infrastructure tasks of the government./1"
1684122163484450816,ali_cheshomi,2023-07-26 11:43:07.908,"چند وقته چند آمار اقتصادی مهم منتشر نمیشه مثل قیمت #مسکن، صادرات #نفت و عملکرد #بودجه یا با تاخیر زیاد منتشر میشه مثل آمار پولی و تجارت خارجی. 
اما تهیه میشه و سیاستمداران حاکم با سرعت خبردار میشن و به دوستان خود هم برای بهره‌برداری خبر می‌دهند، فقط مردم نباید بدانند! 
#شفافیت",0,0,0,https://x.com/ali_cheshomi/status/1684122163484450816,2023,7,2023-07-26,"چند وقته چند آمار اقتصادی مهم منتشر نمیشه مثل قیمت #مسکن، صادرات #نفت و عملکرد #بودجه یا با تاخیر زیاد منتشر میشه مثل آمار پولی و تجارت خارجی. 
اما تهیه میشه و سیاستمداران حاکم با سرعت خبردار میشن و به دوستان خود هم برای بهره‌برداری خبر می‌دهند، فقط مردم نباید بدانند! 
#شفافیت","How often are some important economic statistics not published, such as #housing prices, #oil exports, and #budget performance, or they are published with a long delay, such as monetary and foreign trade statistics. 
But it is prepared and the ruling politicians quickly find out and inform their friends for exploitation, only the people should not know! 
#Transparency"
1683022868722900992,ali_cheshomi,2023-07-23 10:54:55.613,"آمار پولی پایان ۱۴۰۱ تاثیر خودش بر بازارها را در همان زمستان و حداکثر فروردین گذاشت. با این آمار قدیمی نباید وضعیت رکودی ""موقت"" در بازارها را تحلیل کرد. 
#دلار
#بورس  
#مسکن",0,0,0,https://x.com/ali_cheshomi/status/1683022868722900992,2023,7,2023-07-23,"آمار پولی پایان ۱۴۰۱ تاثیر خودش بر بازارها را در همان زمستان و حداکثر فروردین گذاشت. با این آمار قدیمی نباید وضعیت رکودی ""موقت"" در بازارها را تحلیل کرد. 
#دلار
#بورس  
#مسکن","The monetary statistics at the end of 1401 had its impact on the markets in the same winter and at the latest in April. ""Temporary"" stagnation in the markets should not be analyzed with these old statistics. 
#dollar
#Exchange  
#Housing"
1672905938980728832,ali_cheshomi,2023-06-25 12:53:51.599,"یکی فرافکنی کرده #تورم به دلیل انتظارات تورمی مردمه!
انتظارات تورمی  رو براش معنی کنیم: 
انتظار مردم از آینده تار روابط خارجی
انتظار مردم از پولپاشی دولت  از خزانه بانک مرکزی
انتظار مردم از ناتوانی دولت در مدیریت نرخ ارز
...",0,0,0,https://x.com/ali_cheshomi/status/1672905938980728832,2023,6,2023-06-25,"یکی فرافکنی کرده #تورم به دلیل انتظارات تورمی مردمه!
انتظارات تورمی  رو براش معنی کنیم: 
انتظار مردم از آینده تار روابط خارجی
انتظار مردم از پولپاشی دولت  از خزانه بانک مرکزی
انتظار مردم از ناتوانی دولت در مدیریت نرخ ارز
...","Someone has projected #inflation due to people's inflationary expectations!
Let's interpret the inflation expectations for it: 
People's expectations of the future of foreign relations
People's expectation of the government's money from the central bank's coffers
People's expectation of the government's inability to manage the exchange rate
..."
1667195234718023683,ali_cheshomi,2023-06-09 18:41:33.603,"تا وقتی آمار قیمت مسکن و بودجه و درآمد نفتی اعلام نشه،
تا وقتی فعالان اقتصادی در حال تهدید و فشارند، 
تا وقتی دورنمایی برای بهبود کیفیت سیاستگذاران دیده نشه
و تا وقتی کسری‌های بودجه و یارانه و بنزین و صندوق‌های بازنشستگی در حال افزایشه.
صحبت از کاهش قیمت‌ها موقت و خبردرمانی است.",0,0,0,https://x.com/ali_cheshomi/status/1667195234718023683,2023,6,2023-06-09,"تا وقتی آمار قیمت مسکن و بودجه و درآمد نفتی اعلام نشه،
تا وقتی فعالان اقتصادی در حال تهدید و فشارند، 
تا وقتی دورنمایی برای بهبود کیفیت سیاستگذاران دیده نشه
و تا وقتی کسری‌های بودجه و یارانه و بنزین و صندوق‌های بازنشستگی در حال افزایشه.
صحبت از کاهش قیمت‌ها موقت و خبردرمانی است.","until housing price statistics and budget and oil income are not announced,
As long as economic activists are being threatened and pressured, 
As long as there is no perspective to improve the quality of policy makers
And as long as budget deficits, subsidies, gasoline and pension funds are increasing.
Talking about price reduction is temporary and news therapy."
1660017643431116801,ali_cheshomi,2023-05-20 23:20:22.487,سال‌ها تلاش #موسی_غنی‌نژاد ارزشمند است همین که توانستند #لیبرالیسم را از یک فحش سیاسی به یک اندیشه مدعی در ایران تبدیل کنند.,0,0,0,https://x.com/ali_cheshomi/status/1660017643431116801,2023,5,2023-05-20,سال‌ها تلاش #موسی_غنی‌نژاد ارزشمند است همین که توانستند #لیبرالیسم را از یک فحش سیاسی به یک اندیشه مدعی در ایران تبدیل کنند.,Years of efforts of #Moses_Ghaninejad are valuable as they were able to transform #liberalism from a political curse to a claimant idea in Iran.
1658371858750746624,ali_cheshomi,2023-05-16 10:20:36.842,"رابرت لوکالس برنده جایزه نوبل اقتصاد و یکی از اثرگذارترین اقتصاددانان جهان دیروز در سن 85 سالگی درگذشت.

هفته‌نامه #تجارت_فردا در اسفند 1391 گفت وگوی مفصلی با این نوبلیست سرشناس داشته است.

  روحش شاد و یادش گرامی
tejaratefarda.com/fa/tiny/news-6
…",0,0,0,https://x.com/mohamadtaherii/status/1658371858750746624,2023,5,2023-05-16,"رابرت لوکالس برنده جایزه نوبل اقتصاد و یکی از اثرگذارترین اقتصاددانان جهان دیروز در سن 85 سالگی درگذشت.

هفته‌نامه #تجارت_فردا در اسفند 1391 گفت وگوی مفصلی با این نوبلیست سرشناس داشته است.

  روحش شاد و یادش گرامی
tejaratefarda.com/fa/tiny/news-6
…","Robert Locales, winner of the Nobel Prize in Economics and one of the most influential economists in the world, died yesterday at the age of 85.

#Tjarat_Farda weekly newspaper had a detailed interview with this famous Nobelist in March 2011.

  May his soul be happy and his memory cherished
tejaratefarda.com/fa/tiny/news-6
…"
1652247347546431488,ali_cheshomi,2023-04-29 12:43:59.583,"گفت کو گربه تا دمش بکنم
پوستش پر کنم ز کاهانا
عبید
#دلار 
#ناف",0,0,0,https://x.com/ali_cheshomi/status/1652247347546431488,2023,4,2023-04-29,"گفت کو گربه تا دمش بکنم
پوستش پر کنم ز کاهانا
عبید
#دلار 
#ناف","He said to bite the cat until its tail
I will fill his skin with Kahana
Obeid
#dollar 
#Navel"
1650130772261568515,ali_cheshomi,2023-04-23 16:33:28.711,"آرش ۸ سالشه. وقتی باهاش  هستم پر از سئوال‌های جذابه به عنوان یک دهه نودی.
 میگه بابا خب چرا استقلال ممد صلاح رو نمی‌خره؟ خیلی خوبه.
میگم نمی‌تونه.
اما نمی‌تونم براش توضیح بدم چرا.",0,0,0,https://x.com/ali_cheshomi/status/1650130772261568515,2023,4,2023-04-23,"آرش ۸ سالشه. وقتی باهاش  هستم پر از سئوال‌های جذابه به عنوان یک دهه نودی.
 میگه بابا خب چرا استقلال ممد صلاح رو نمی‌خره؟ خیلی خوبه.
میگم نمی‌تونه.
اما نمی‌تونم براش توضیح بدم چرا.","Arash is 8 years old. When I am with him, I am full of interesting questions as a nineties.
 Dad says, why doesn't Esteghlal buy Mamed Salah? very good
I say you can't.
But I can't explain to him why."
1649999185360322560,ali_cheshomi,2023-04-23 07:50:35.949,"دلارزدایی، اسم رمز حرکت بیشتر به سمت کره شمالی شدن هست. یعنی جدایی کامل از زنجیره تولید ارزش جهانی و روابط پولی و مالی جهانی.  
تعجب می‌کنم که برخی مثل علی مدنی‌زاده چنین نکته مهمی در اقتصاد ایران را درک نمی‌کنند و از دل آن راهکار برای مهار تورم استخراج می‌کنند.",0,0,0,https://x.com/ali_cheshomi/status/1649999185360322560,2023,4,2023-04-23,"دلارزدایی، اسم رمز حرکت بیشتر به سمت کره شمالی شدن هست. یعنی جدایی کامل از زنجیره تولید ارزش جهانی و روابط پولی و مالی جهانی.  
تعجب می‌کنم که برخی مثل علی مدنی‌زاده چنین نکته مهمی در اقتصاد ایران را درک نمی‌کنند و از دل آن راهکار برای مهار تورم استخراج می‌کنند.","De-dollarization is the code name for moving more towards North Korea. It means complete separation from the global value production chain and global monetary and financial relations.  
I am surprised that some people like Ali Madanizadeh do not understand such an important point in Iran's economy and derive from it a solution to curb inflation."
1646099615454842880,ali_cheshomi,2023-04-12 13:35:06.033,"مهمترین منفعت عقاید اقتصاد کمونیستی اینه که حتما باید تک حزبی باشه و ""همه"" چی در کنترل و مالکیت حزب حاکم از اقتصاد و فرهنگ و سیاست.
از همین زاویه به تحلیل مدعیان دولتی کردن همه چیز از جمله بانک‌ها توجه کنید.",0,0,0,https://x.com/ali_cheshomi/status/1646099615454842880,2023,4,2023-04-12,"مهمترین منفعت عقاید اقتصاد کمونیستی اینه که حتما باید تک حزبی باشه و ""همه"" چی در کنترل و مالکیت حزب حاکم از اقتصاد و فرهنگ و سیاست.
از همین زاویه به تحلیل مدعیان دولتی کردن همه چیز از جمله بانک‌ها توجه کنید.","The most important advantage of communist economic ideas is that it must be single-party and ""everything"" in the control and ownership of the ruling party from economy, culture and politics.
From this angle, pay attention to the analysis of the claimants of nationalizing everything, including banks."
1645805077637267456,ali_cheshomi,2023-04-11 18:04:42.745,"سال ۲۰۱۳ نخست وزیر ژاپن از رئیس بانک مرکزی میخاد که نرخ تورم هدف رو از یک درصد بگذاره دو درصد. قبول نمی‌کنه و استعفا میده. 
حالا در ۲۰۲۳ رئیس بانک مرکزی ایران گفته نرخ #تورم هدف ما ۲۵ درصده. 
البته نکته اینه که خیلی از تحلیلگران میگن بیشتر هم خواهد شد.",0,0,0,https://x.com/ali_cheshomi/status/1645805077637267456,2023,4,2023-04-11,"سال ۲۰۱۳ نخست وزیر ژاپن از رئیس بانک مرکزی میخاد که نرخ تورم هدف رو از یک درصد بگذاره دو درصد. قبول نمی‌کنه و استعفا میده. 
حالا در ۲۰۲۳ رئیس بانک مرکزی ایران گفته نرخ #تورم هدف ما ۲۵ درصده. 
البته نکته اینه که خیلی از تحلیلگران میگن بیشتر هم خواهد شد.","In 2013, the Prime Minister of Japan asked the Governor of the Central Bank to raise the target inflation rate from 1% to 2%. He does not accept and resigns. 
Now, in 2023, the head of the Central Bank of Iran said that our target #inflation rate is 25%. 
Of course, the point is that many analysts say it will be more."
1645513817470763016,ali_cheshomi,2023-04-10 22:47:20.910,"یادتان هست جداول قانون بودجه سال پیش را گفتند دستکاری شده و با مصوبه مجلس همخوانی ندارد. امسال نوبرانه جدیدی در #بودجه اتفاق افتاده و میرکاظمی دیروز گفته:  ""جداول بودجه ۱۴۰۲ تا اين لحظه از سوي مجلس به دولت ابلاغ نشده و منتظر آن هستيم"".
معلوم نیست دارند در جداول چه می‌کنند!",0,0,0,https://x.com/ali_cheshomi/status/1645513817470763016,2023,4,2023-04-10,"یادتان هست جداول قانون بودجه سال پیش را گفتند دستکاری شده و با مصوبه مجلس همخوانی ندارد. امسال نوبرانه جدیدی در #بودجه اتفاق افتاده و میرکاظمی دیروز گفته:  ""جداول بودجه ۱۴۰۲ تا اين لحظه از سوي مجلس به دولت ابلاغ نشده و منتظر آن هستيم"".
معلوم نیست دارند در جداول چه می‌کنند!","Do you remember that they said that the tables of last year's budget law were manipulated and did not agree with the approval of the parliament. This year, a new development has happened in the #budget and Mirkazemi said yesterday: ""The budget tables for 1402 have not been communicated to the government by the parliament and we are waiting for it.""
It is not clear what they are doing in the tables!"
1645001128789016578,ali_cheshomi,2023-04-09 12:50:06.403,"توی خواب یکی ازم پرسید: از شنبه قراره توی اقتصاد دوربین نصب کنند هر کی #تورم ایجاد کنه  یا به #تولید آسیب بزنه معرفی کنند به قوه قضاییه، به نظرتون اثربخشه؟
گفتم: چی؟ آره. حتما تورم رو می‌بره بالا به خاطر هزینه نصب دوربین!
#طنز",0,0,0,https://x.com/ali_cheshomi/status/1645001128789016578,2023,4,2023-04-09,"توی خواب یکی ازم پرسید: از شنبه قراره توی اقتصاد دوربین نصب کنند هر کی #تورم ایجاد کنه  یا به #تولید آسیب بزنه معرفی کنند به قوه قضاییه، به نظرتون اثربخشه؟
گفتم: چی؟ آره. حتما تورم رو می‌بره بالا به خاطر هزینه نصب دوربین!
#طنز","In my sleep, someone asked me: From Saturday, they are going to install cameras in the economy, and anyone who causes #inflation or harms #production will be introduced to the judiciary, do you think it will be effective?
I said: What? yes It will definitely raise the inflation due to the cost of installing the camera!
#comedy"
1643868607049236483,ali_cheshomi,2023-04-06 09:49:52.179,"وزیران خارجه ایران و عربستان ""بر فعال‌سازی موافقتنامه همکاری‌های امنیتی ۱۳۸۰ و موافقتنامه عمومی همکاری در زمینه اقتصاد، تجارت، سرمایه گذاری، فناوری، علوم، فرهنگ، ورزش و جوانان ۱۳۷۷ تاکید کردند""
چه فلاکت‌ها که به مردم تحمیل کردند و بعد پیروزمندانه! به برنامه‌های ۲۰ سال پیش رسیدند.",0,0,0,https://x.com/ali_cheshomi/status/1643868607049236483,2023,4,2023-04-06,"وزیران خارجه ایران و عربستان ""بر فعال‌سازی موافقتنامه همکاری‌های امنیتی ۱۳۸۰ و موافقتنامه عمومی همکاری در زمینه اقتصاد، تجارت، سرمایه گذاری، فناوری، علوم، فرهنگ، ورزش و جوانان ۱۳۷۷ تاکید کردند""
چه فلاکت‌ها که به مردم تحمیل کردند و بعد پیروزمندانه! به برنامه‌های ۲۰ سال پیش رسیدند.","The foreign ministers of Iran and Saudi Arabia ""emphasized the activation of the security cooperation agreement of 1380 and the general agreement of cooperation in the fields of economy, trade, investment, technology, science, culture, sports and youth of 1377"".
What miseries they imposed on the people and then triumphantly! They reached the plans of 20 years ago."
1643191390564765696,ali_cheshomi,2023-04-04 12:58:51.187,"اگر چه شاخص کل #بورس سقف تاریخی خود را فتح کرد اما پارسیس حساب کرده هنوز ۵۰۰ شرکت نسبت به سقف تاریخی خود در مرداد ۱۳۹۹ بازدهی منفی دارند و  ۲۵۰ شرکت هم بیش از ۵۰ درصد افت کرده‌اند. 
نقش شاخص‌سازی‌ها اینجا خودش را شفاف نشان داده.",0,0,0,https://x.com/ali_cheshomi/status/1643191390564765696,2023,4,2023-04-04,"اگر چه شاخص کل #بورس سقف تاریخی خود را فتح کرد اما پارسیس حساب کرده هنوز ۵۰۰ شرکت نسبت به سقف تاریخی خود در مرداد ۱۳۹۹ بازدهی منفی دارند و  ۲۵۰ شرکت هم بیش از ۵۰ درصد افت کرده‌اند. 
نقش شاخص‌سازی‌ها اینجا خودش را شفاف نشان داده.","Although the total stock market index conquered its historical ceiling, Parsis calculated that 500 companies still have negative returns compared to their historical ceiling in August 2019, and 250 companies have dropped by more than 50%. 
The role of indexes has shown itself clearly here."
1642890331615027200,ali_cheshomi,2023-04-03 17:02:33.140,"۸۲۱ نفر در تصادفات رانندگی نوروز، جان خود را از دست دادند یعنی روزانه ۴۵ نفر!
چقدر جان انسان‌ها کم‌ارزش. 
کدام عامل رو موثرتر می‌دانید:",0,0,0,https://x.com/ali_cheshomi/status/1642890331615027200,2023,4,2023-04-03,"۸۲۱ نفر در تصادفات رانندگی نوروز، جان خود را از دست دادند یعنی روزانه ۴۵ نفر!
چقدر جان انسان‌ها کم‌ارزش. 
کدام عامل رو موثرتر می‌دانید:","821 people lost their lives in Nowruz traffic accidents, which means 45 people per day!
How precious human lives are. 
Which factor do you consider more effective:"
1640989653678342146,ali_cheshomi,2023-03-29 10:09:56.207,"رشد پول داغ مهمترین مولفه در نوسانات بازار ارز، طلا، مسکن و #بورس هست. 
رشد سپرده‌های دیداری ۱۳۹۹ در اردیبهشت ۶۰ درصد و در مرداد ۸۶ درصد بود که بورس رکورد زد.
رشد این سپرده‌ها در آبان ۱۴۰۱ به ۶۳ درصد رسیده اما آمار جدیدتر منتشر نشده.رکورد دلار و سکه در اسفند بود و حالا بورس داغه.",0,0,0,https://x.com/ali_cheshomi/status/1640989653678342146,2023,3,2023-03-29,"رشد پول داغ مهمترین مولفه در نوسانات بازار ارز، طلا، مسکن و #بورس هست. 
رشد سپرده‌های دیداری ۱۳۹۹ در اردیبهشت ۶۰ درصد و در مرداد ۸۶ درصد بود که بورس رکورد زد.
رشد این سپرده‌ها در آبان ۱۴۰۱ به ۶۳ درصد رسیده اما آمار جدیدتر منتشر نشده.رکورد دلار و سکه در اسفند بود و حالا بورس داغه.","The growth of hot money is the most important component in the fluctuations of the currency, gold, housing and #stock markets. 
The growth of demand deposits in 2019 was 60% in May and 86% in August, when the stock exchange set a record.
The growth of these deposits reached 63% in November 1401, but more recent statistics have not been published. The record of dollars and coins was in March, and now the stock market is hot."
1639928217472581633,ali_cheshomi,2023-03-26 11:52:10.095,"نرخ #تورم سال 1401 را بانك مركزی اعلام کرد:
 تورم بر حسب میانگین سالانه شاخص ۴۶.۵ درصد
 تورم نقطه به نقطه ۶۳.۹ درصد",0,0,0,https://x.com/ali_cheshomi/status/1639928217472581633,2023,3,2023-03-26,"نرخ #تورم سال 1401 را بانك مركزی اعلام کرد:
 تورم بر حسب میانگین سالانه شاخص ۴۶.۵ درصد
 تورم نقطه به نقطه ۶۳.۹ درصد","The central bank announced the #inflation rate for 1401:
 Inflation according to the annual average index is 46.5%
 Point-to-point inflation is 63.9 percent"
1638509475320459264,ali_cheshomi,2023-03-22 13:54:35.607,طبق منحنی فیلیپس کوتاه‌مدت با کاهش #تورم، #تولید کاهش (بیکاری افزایش) خواهد یافت و فقط در کشورهایی که مشکل پاسخگویی دارند کاهش تورم و رشد تولید می‌تواند همزمان پیگیری شود به شرطی که نظام سیاسی در مقابل تورمی که ایجاد کرده و آسیبی که به تولید زده پاسخگو شود و گذشته را جبران کند.,0,0,0,https://x.com/ali_cheshomi/status/1638509475320459264,2023,3,2023-03-22,طبق منحنی فیلیپس کوتاه‌مدت با کاهش #تورم، #تولید کاهش (بیکاری افزایش) خواهد یافت و فقط در کشورهایی که مشکل پاسخگویی دارند کاهش تورم و رشد تولید می‌تواند همزمان پیگیری شود به شرطی که نظام سیاسی در مقابل تورمی که ایجاد کرده و آسیبی که به تولید زده پاسخگو شود و گذشته را جبران کند.,"According to the short-term Phillips curve, with the reduction of #inflation, #production will decrease (unemployment will increase) and only in countries that have problems with responding, the reduction of inflation and the growth of production can be pursued at the same time, provided that the political system responds to the inflation it created and the damage it caused to production and compensates for the past."
1637429016117256192,ali_cheshomi,2023-03-19 14:21:14.059,"نه می‌بخشم و نه فراموش می‌کنم کسانی را که این سال‌هایِ هر سال دریغ از پارسال را برای ما ساختند. 
اما ...",0,0,0,https://x.com/ali_cheshomi/status/1637429016117256192,2023,3,2023-03-19,"نه می‌بخشم و نه فراموش می‌کنم کسانی را که این سال‌هایِ هر سال دریغ از پارسال را برای ما ساختند. 
اما ...","I will neither forgive nor forget those who made these years of each year's delay from last year for us. 
But..."
1634513622784155649,ali_cheshomi,2023-03-11 13:16:30.123,"توافق ایران با عربستان برای مردم مثل پس گرفتن اموال دزدی است. 
صاحب اموال هم خوشحاله که به اموالش رسیده و هم ناراحته که چرا این همه سال از اموالش محروم بوده.",0,0,0,https://x.com/ali_cheshomi/status/1634513622784155649,2023,3,2023-03-11,"توافق ایران با عربستان برای مردم مثل پس گرفتن اموال دزدی است. 
صاحب اموال هم خوشحاله که به اموالش رسیده و هم ناراحته که چرا این همه سال از اموالش محروم بوده.","For the people, Iran's agreement with Saudi Arabia is like taking back stolen property. 
The owner of the property is both happy that he got his property and also sad that he was deprived of his property all these years."
1634176631282573313,ali_cheshomi,2023-03-10 14:57:25.088,"مسئولان اقتصادی گفته بودند در روزهای تعطیل این کانال‌های تلگرامی هستند که دلار را بالا می‌برند.
این جمعه که #دلار داره میاد پایین نظری ندارند؟!
خیلی ادعاهای دیگر در این سال فلاکت‌بار کردند  اما نتیجه‌اش شد تورم ۵۳ درصد، فقر و بی‌ثباتی شدید و فرار مغزها و سرمایه‌ها.",0,0,0,https://x.com/ali_cheshomi/status/1634176631282573313,2023,3,2023-03-10,"مسئولان اقتصادی گفته بودند در روزهای تعطیل این کانال‌های تلگرامی هستند که دلار را بالا می‌برند.
این جمعه که #دلار داره میاد پایین نظری ندارند؟!
خیلی ادعاهای دیگر در این سال فلاکت‌بار کردند  اما نتیجه‌اش شد تورم ۵۳ درصد، فقر و بی‌ثباتی شدید و فرار مغزها و سرمایه‌ها.","Economic officials said that during the holidays, these are Telegram channels that increase the dollar.
This Friday, when the #dollar is going down, don't you have any opinion?!
Many other claims were made miserable this year, but the result was 53% inflation, extreme poverty and instability, and the flight of brains and capital."
1633200899395862529,ali_cheshomi,2023-03-07 22:20:12.478,زندگی ۳۷.۹ میلیون آمریکایی زیر خط #فقر,0,0,0,https://x.com/ali_cheshomi/status/1633200899395862529,2023,3,2023-03-07,زندگی ۳۷.۹ میلیون آمریکایی زیر خط #فقر,37.9 million Americans live below the #poverty line
1631162199220670464,ali_cheshomi,2023-03-02 07:19:08.479,"دفتر سخنگوی پلیس گفته ""کارکنان پلیس هیچ نقشی در حادثه خشونت علیه یک بانو، مقابل مدرسه ۱۳ آبان نداشته‌اند"".
آقای پلیس! اتفاقا تو باید نقش می‌داشتی. باید اون فرد رو دستگیر می‌کردی.
چرا باید اینقدر هرج و مرج رسمی، آن هم در مسئله امنیت عمومی وجود داشته باشه؟!",0,0,0,https://x.com/ali_cheshomi/status/1631162199220670464,2023,3,2023-03-02,"دفتر سخنگوی پلیس گفته ""کارکنان پلیس هیچ نقشی در حادثه خشونت علیه یک بانو، مقابل مدرسه ۱۳ آبان نداشته‌اند"".
آقای پلیس! اتفاقا تو باید نقش می‌داشتی. باید اون فرد رو دستگیر می‌کردی.
چرا باید اینقدر هرج و مرج رسمی، آن هم در مسئله امنیت عمومی وجود داشته باشه؟!","The police spokesman's office said that ""police officers had no role in the incident of violence against a woman in front of the 13 Aban school"".
Mr. Police! By the way, you should have played a role. You should have arrested that person.
Why should there be so much official chaos, that too in the issue of public security?!"
1629415342454849536,ali_cheshomi,2023-02-25 11:37:45.371,"۴۵ روز پیش در دنیای اقتصاد نوشتم:
افرادی در بانک‌مرکزی و سایر نهادهای رسمی که #رانت اطلاعاتی در بازار #ارز دارند می‌دانستند که تثبیت نرخ ارز در زیر ۳۰‌هزار تومان با توجه به وضعیت تراز پرداختها و نیز تفاوت حدود ۴۰ درصدی تورم ایران با خارج امکانپذیر نیست ..",0,0,0,https://x.com/ali_cheshomi/status/1629415342454849536,2023,2,2023-02-25,"۴۵ روز پیش در دنیای اقتصاد نوشتم:
افرادی در بانک‌مرکزی و سایر نهادهای رسمی که #رانت اطلاعاتی در بازار #ارز دارند می‌دانستند که تثبیت نرخ ارز در زیر ۳۰‌هزار تومان با توجه به وضعیت تراز پرداختها و نیز تفاوت حدود ۴۰ درصدی تورم ایران با خارج امکانپذیر نیست ..","45 days ago, I wrote in the economic world:
People in the central bank and other official institutions who have an information rent in the currency market knew that it is not possible to stabilize the exchange rate below 30,000 tomans considering the balance of payments situation and the difference of about 40% in inflation between Iran and abroad."
1628680634146164737,ali_cheshomi,2023-02-23 10:58:17.260,"نگیم #دلار داره می‌ره بالا! 
بگیم #ریال داره با سرعت در دره فلاکت اقتصادی می‌ره پایین.",0,0,0,https://x.com/ali_cheshomi/status/1628680634146164737,2023,2,2023-02-23,"نگیم #دلار داره می‌ره بالا! 
بگیم #ریال داره با سرعت در دره فلاکت اقتصادی می‌ره پایین.","Don't say #dollar is going up! 
Let's say that #Rial is rapidly going down in the valley of economic misery."
1624136474206605328,ali_cheshomi,2023-02-10 22:01:25.104,برای کسانی که شعارهای انقلاب اقتصادی! سیاست‌های کلی اصل ۴۴ در سال ۱۳۸۴ و نتایج بعدی‌اش رو یادشونه #مولدسازی فقط یه شوخی تکراریه.,0,0,0,https://x.com/ali_cheshomi/status/1624136474206605328,2023,2,2023-02-10,برای کسانی که شعارهای انقلاب اقتصادی! سیاست‌های کلی اصل ۴۴ در سال ۱۳۸۴ و نتایج بعدی‌اش رو یادشونه #مولدسازی فقط یه شوخی تکراریه.,For those slogans of economic revolution! Remind them of the general policies of Article 44 in 2004 and its subsequent results. #Mouldsazi is just a recurring joke.
1622184181462716416,ali_cheshomi,2023-02-05 12:43:42.242,"در عمل بسیاری از نهادها را از معنا تهی کرده‌اند.
شورای رقابت در اصل باید جلو #رانت ناشی از انحصار را بگیرد اما خودش آمده #رانت ناشی از نرخ‌گذاری دولتی را در صنعت #خودرو گسترش می‌دهد.",0,0,0,https://x.com/ali_cheshomi/status/1622184181462716416,2023,2,2023-02-05,"در عمل بسیاری از نهادها را از معنا تهی کرده‌اند.
شورای رقابت در اصل باید جلو #رانت ناشی از انحصار را بگیرد اما خودش آمده #رانت ناشی از نرخ‌گذاری دولتی را در صنعت #خودرو گسترش می‌دهد.","In practice, many institutions have been emptied of meaning.
The Competition Council should originally prevent the #rent caused by monopoly, but it has come to expand the #rent caused by government pricing in the #car industry."
1621497521351655425,ali_cheshomi,2023-02-03 15:15:09.714,سهم ایران از #صادرات جهان ۱.۹ درصد در سال ۱۳۵۶ بوده و به ۰.۳ درصد در سال ۱۴۰۰ کاهش پیدا کرده. همین یک معیار می‌تونه مسیری که اقتصاد ایران در این چهار دهه طی کرده رو به خوبی نشون بده.,0,0,0,https://x.com/ali_cheshomi/status/1621497521351655425,2023,2,2023-02-03,سهم ایران از #صادرات جهان ۱.۹ درصد در سال ۱۳۵۶ بوده و به ۰.۳ درصد در سال ۱۴۰۰ کاهش پیدا کرده. همین یک معیار می‌تونه مسیری که اقتصاد ایران در این چهار دهه طی کرده رو به خوبی نشون بده.,Iran's share of world exports was 1.9% in 1356 and decreased to 0.3% in 1400. This one criterion can show the path that Iran's economy has taken in these four decades.
1621492723063611395,ali_cheshomi,2023-02-03 14:56:05.713,"یکی از معیارهای قدرت، ارزش #صادرات یک کشور هست که ایران با بزرگان جهان خیلی فاصله داره: 
چین ۳۵۵۳
 آمریکا ۲۵۳۹
آلمان ۲۰۰۳
ژاپن ۹۱۰
انگلستان ۸۷۵
فرانسه ۸۷۱
هلند ۷۴۰
کره جنوبی ۷۶۱
هنگ کنگ ۷۵۱
.
امارات۳۳۵
.
عربستان ۲۸۹
ترکیه ۲۸۹ 
.
ایران ۸۲
میلیارد دلار در سال ۲۰۲۱
منبع: بانک جهانی",0,0,0,https://x.com/ali_cheshomi/status/1621492723063611395,2023,2,2023-02-03,"یکی از معیارهای قدرت، ارزش #صادرات یک کشور هست که ایران با بزرگان جهان خیلی فاصله داره: 
چین ۳۵۵۳
 آمریکا ۲۵۳۹
آلمان ۲۰۰۳
ژاپن ۹۱۰
انگلستان ۸۷۵
فرانسه ۸۷۱
هلند ۷۴۰
کره جنوبی ۷۶۱
هنگ کنگ ۷۵۱
.
امارات۳۳۵
.
عربستان ۲۸۹
ترکیه ۲۸۹ 
.
ایران ۸۲
میلیارد دلار در سال ۲۰۲۱
منبع: بانک جهانی","One of the measures of power is the value of a country's #exports, and Iran is far away from the world leaders: 
China 3553
 America 2539
Germany 2003
Japan 910
England 875
France 871
Holland 740
South Korea 761
Hong Kong 751
.
Emirates 335
.
Saudi Arabia 289
Turkey 289 
.
Iran 82
billion dollars in 2021
Source: World Bank"
1621494124728688643,ali_cheshomi,2023-02-03 15:01:39.896,هلند ۸۴۰,0,0,0,https://x.com/ali_cheshomi/status/1621494124728688643,2023,2,2023-02-03,هلند ۸۴۰,Holland 840
1620757216960856066,ali_cheshomi,2023-02-01 14:13:27.393,"املاک نجومی، هیات ۷ نفره نداشت؟!
#مولدسازی",0,0,0,https://x.com/ali_cheshomi/status/1620757216960856066,2023,2,2023-02-01,"املاک نجومی، هیات ۷ نفره نداشت؟!
#مولدسازی","Astronomical Properties didn't have a team of 7 people?!
#productivity"
1620505181426438145,ali_cheshomi,2023-01-31 21:31:57.439,"آقای رئیسی دوباره گفتند تورم را کاهش دادند اما قیمت‌ها طبق گزارش مرکز آمار از اول این دولت اینجوری افزایش پیدا کرده: 
کل قیمتها ۱.۷ برابر
خوراکی‌ها ۲ برابر
نان و غلات ۲.۱ برابر
گوشت ۱.۸ برابر
شیر و پنیر ۲.۳ برابر
روغن ۳.۷ برابر
میوه ۱.۷ برابر
#تورم",0,0,0,https://x.com/ali_cheshomi/status/1620505181426438145,2023,1,2023-01-31,"آقای رئیسی دوباره گفتند تورم را کاهش دادند اما قیمت‌ها طبق گزارش مرکز آمار از اول این دولت اینجوری افزایش پیدا کرده: 
کل قیمتها ۱.۷ برابر
خوراکی‌ها ۲ برابر
نان و غلات ۲.۱ برابر
گوشت ۱.۸ برابر
شیر و پنیر ۲.۳ برابر
روغن ۳.۷ برابر
میوه ۱.۷ برابر
#تورم","Mr. Raisi said again that they reduced inflation, but according to the statistics center, the prices have increased like this since the beginning of this government: 
Total prices are 1.7 times
2 times the food
Bread and cereals 2.1 times
Meat 1.8 times
Milk and cheese 2.3 times
Oil 3.7 times
Fruit 1.7 times
#Inflation"
1619644356683767808,ali_cheshomi,2023-01-29 12:31:20.827,"نمونه دیگری از #مالیات_پنهان !
معاون بنیاد شهید: بیش از ۲۰۰ هزار ایثارگر واجد شرایط قانونی برای دریافت #خودرو هستند  اما در قانون بودجه امسال فقط واگذاری ۱۰ هزار خودرو برای آنها پیش بینی شده است، بنابراین اولویت بندی برای واگذاری در دستور کار کمیسیون فرعی اقتصاد دولت قرار دارد.",0,0,0,https://x.com/ali_cheshomi/status/1619644356683767808,2023,1,2023-01-29,"نمونه دیگری از #مالیات_پنهان !
معاون بنیاد شهید: بیش از ۲۰۰ هزار ایثارگر واجد شرایط قانونی برای دریافت #خودرو هستند  اما در قانون بودجه امسال فقط واگذاری ۱۰ هزار خودرو برای آنها پیش بینی شده است، بنابراین اولویت بندی برای واگذاری در دستور کار کمیسیون فرعی اقتصاد دولت قرار دارد.","Another example of #hidden_tax!
Deputy of Shahid Foundation: More than 200,000 sacrificers are legally eligible to receive #cars, but in this year's budget law, only 10,000 cars are expected to be handed over to them, so prioritization for handing over is on the agenda of the government's economy sub-commission."
1619409044439183362,ali_cheshomi,2023-01-28 20:56:18.016,"واگذاری اموال دولتی مثل فروش ظروف طلا و نقره خونه است.
تازه اگه یکی بخاد یواشکی بفروشه، ببینید چه شود!
#مولدسازی",0,0,0,https://x.com/ali_cheshomi/status/1619409044439183362,2023,1,2023-01-28,"واگذاری اموال دولتی مثل فروش ظروف طلا و نقره خونه است.
تازه اگه یکی بخاد یواشکی بفروشه، ببینید چه شود!
#مولدسازی","Handing over government property is like selling gold and silverware.
If someone wants to sell secretly, see what happens!
#productivity"
1618218589181603841,ali_cheshomi,2023-01-25 14:05:51.365,"خیلی جالبه از تابستان ۱۳۹۷ تا پاییز ۱۴۰۱ نرخ مشارکت نیروی کار حدود ۴ درصد کاهش پیدا کرده و نرخ بیکاری هم حدود ۴ درصد کم شده.

نتیجه جذاب برای سیاستمداران: برای کاهش #بیکاری فقط کافی است کاری کنید مردم نتوانند کار کنند!",0,0,0,https://x.com/ali_cheshomi/status/1618218589181603841,2023,1,2023-01-25,"خیلی جالبه از تابستان ۱۳۹۷ تا پاییز ۱۴۰۱ نرخ مشارکت نیروی کار حدود ۴ درصد کاهش پیدا کرده و نرخ بیکاری هم حدود ۴ درصد کم شده.

نتیجه جذاب برای سیاستمداران: برای کاهش #بیکاری فقط کافی است کاری کنید مردم نتوانند کار کنند!","It is very interesting that from the summer of 1397 to the fall of 1401, the labor force participation rate decreased by about 4% and the unemployment rate decreased by about 4%.

An attractive result for politicians: to reduce #unemployment, just make people unable to work!"
1617830689638076417,ali_cheshomi,2023-01-24 12:24:28.907,"وزیر اقتصاد گفته: افزایش تورم به ۵۱ درصد به  دلیل ناآرامی‌های اخیر بوده!
اما خیلی‌ها گفتن: اعتراضات به دلیل مشکلات اقتصادی بوده نه برعکس. 
میگم با درست کردن داستان اول مرغ بود یا تخم‌مرغ چیزی از مسئولیت دولت در قبال مشکلات اقتصادی مثل #تورم کم نمی‌کنه. این بازی‌ها تکراری شده.",0,0,0,https://x.com/ali_cheshomi/status/1617830689638076417,2023,1,2023-01-24,"وزیر اقتصاد گفته: افزایش تورم به ۵۱ درصد به  دلیل ناآرامی‌های اخیر بوده!
اما خیلی‌ها گفتن: اعتراضات به دلیل مشکلات اقتصادی بوده نه برعکس. 
میگم با درست کردن داستان اول مرغ بود یا تخم‌مرغ چیزی از مسئولیت دولت در قبال مشکلات اقتصادی مثل #تورم کم نمی‌کنه. این بازی‌ها تکراری شده.","The Minister of Economy said: The increase in inflation to 51% was due to the recent unrest!
But many people said: the protests were due to economic problems, not the other way around. 
I say that by correcting the first story, was it the chicken or the egg, it does not reduce the government's responsibility for economic problems such as #inflation. These games are repetitive."
1616163262814646273,ali_cheshomi,2023-01-19 21:58:43.373,"دولت! تو خودت بگو چه کاری بلدی و می‌تونی انجام بدی، همون رو اگه انجام دادی کافیه، اینقدر خودتو خسته نکن!!
#کنکور
#برجام
#تورم",0,0,0,https://x.com/ali_cheshomi/status/1616163262814646273,2023,1,2023-01-19,"دولت! تو خودت بگو چه کاری بلدی و می‌تونی انجام بدی، همون رو اگه انجام دادی کافیه، اینقدر خودتو خسته نکن!!
#کنکور
#برجام
#تورم","Government! Tell yourself what you know and can do, if you have done the same, it is enough, don't tire yourself so much!!
#Kokur
#Jaram
#Inflation"
1615277732845309953,ali_cheshomi,2023-01-17 11:19:56.576,"دولت، مالیات‌های متعددی در ایران می‌گیرد اما اسمش مالیات نیست.
برای نمونه، وقتی طبق قانون جوانی جمعیت به برخی مادران امتیاز می‌دهند تا در قرعه‌کشی #خودرو بتوانند با قیمت کمتر از بازار، خودرو تحویل بگیرند این یعنی دریافت #مالیات از سهامداران خودرو و پرداخت به این مادران.",0,0,0,https://x.com/ali_cheshomi/status/1615277732845309953,2023,1,2023-01-17,"دولت، مالیات‌های متعددی در ایران می‌گیرد اما اسمش مالیات نیست.
برای نمونه، وقتی طبق قانون جوانی جمعیت به برخی مادران امتیاز می‌دهند تا در قرعه‌کشی #خودرو بتوانند با قیمت کمتر از بازار، خودرو تحویل بگیرند این یعنی دریافت #مالیات از سهامداران خودرو و پرداخت به این مادران.","The government collects many taxes in Iran, but it is not called a tax.
For example, when according to the law of the youth of the population, they give points to some mothers so that they can get a car at a lower price than the market in the car lottery, this means receiving taxes from car owners and paying these mothers."
1614638398639046656,ali_cheshomi,2023-01-15 16:59:27.423,"برعکس عمل می‌کنند!
در حالی که در برق و گاز و حمل و نقل کمبود داریم باید #بودجه بسیاری از این سازمان‌های بخش فرهنگ را کاهش می‌دادند یا صفر می‌کردند چون کارکردی برای عموم مردم ندارند، نه این که افزایش می‌دادند. 
پ.ن. چندین نهاد دیگر در این فهرست نیستند.",0,0,0,https://x.com/ali_cheshomi/status/1614638398639046656,2023,1,2023-01-15,"برعکس عمل می‌کنند!
در حالی که در برق و گاز و حمل و نقل کمبود داریم باید #بودجه بسیاری از این سازمان‌های بخش فرهنگ را کاهش می‌دادند یا صفر می‌کردند چون کارکردی برای عموم مردم ندارند، نه این که افزایش می‌دادند. 
پ.ن. چندین نهاد دیگر در این فهرست نیستند.","They do the opposite!
While we have shortages in electricity, gas, and transportation, the budget of many of these organizations in the culture sector should have been reduced or reduced to zero because they have no function for the public, not that they should have been increased. 
P.N. Several other institutions are not on this list."
1614295786585481217,ali_cheshomi,2023-01-14 18:18:02.344,#تعطیل هستند همین.,0,0,0,https://x.com/ali_cheshomi/status/1614295786585481217,2023,1,2023-01-14,#تعطیل هستند همین.,"#They are on vacation, that's all."
1613440652615815168,ali_cheshomi,2023-01-12 09:40:02.518,"#بودجه ۱۴۰۲ به زبان ساده:
""ما"" مالیاتی را که ""می‌گیریم"" ۵۷ درصد و بودجه سازمان‌های خود ""ما"" را بیش از ۴۰ درصد افزایش دادیم، اما چیزی که به مردم ""می‌دهیم"" مثل حقوق کارمندان را ۲۰ درصد افزایش دادیم. 
نتیجه مهم: اقتصاد ""ما"" رو به پیشرفت است (اما اقتصاد مردم به ""ما"" ربطی نداره!).",0,0,0,https://x.com/ali_cheshomi/status/1613440652615815168,2023,1,2023-01-12,"#بودجه ۱۴۰۲ به زبان ساده:
""ما"" مالیاتی را که ""می‌گیریم"" ۵۷ درصد و بودجه سازمان‌های خود ""ما"" را بیش از ۴۰ درصد افزایش دادیم، اما چیزی که به مردم ""می‌دهیم"" مثل حقوق کارمندان را ۲۰ درصد افزایش دادیم. 
نتیجه مهم: اقتصاد ""ما"" رو به پیشرفت است (اما اقتصاد مردم به ""ما"" ربطی نداره!).","#Budget 1402 in simple language:
""We"" increased the taxes we ""take"" by 57% and the budget of ""our"" organizations by more than 40%, but we increased what we ""give"" to people, such as employee salaries, by 20%. 
Important result: ""our"" economy is progressing (but people's economy has nothing to do with ""us""!)."
1610962471073845248,ali_cheshomi,2023-01-05 13:32:37.996,حمله سایبری‌ها فقط محدود به چهره‌ها و خبرنگاران نیست. دامنه حملات به اقتصاددانان هم رسیده است. کارشان تحریف واقعیات، انحراف آگاهی و تخریب هرکسی است که سعی در بینا کردن جامعه خود دارد.,0,0,0,https://x.com/shokrani_maryam/status/1610962471073845248,2023,1,2023-01-05,حمله سایبری‌ها فقط محدود به چهره‌ها و خبرنگاران نیست. دامنه حملات به اقتصاددانان هم رسیده است. کارشان تحریف واقعیات، انحراف آگاهی و تخریب هرکسی است که سعی در بینا کردن جامعه خود دارد.,"Cyber ​​attacks are not limited to celebrities and journalists. The range of attacks has also reached economists. Their job is to distort the facts, distort the awareness and destroy everyone who tries to see their society."
1610208593923702784,ali_cheshomi,2023-01-03 11:36:59.677,"کسی که نتونست واکسن کرونا بسازه، مسکن هم نمی‌تونه بسازه، هیچی نمی‌تونه بسازه غیر از تورم و فقر و مهاجرت.
#مخبر",0,0,0,https://x.com/ali_cheshomi/status/1610208593923702784,2023,1,2023-01-03,"کسی که نتونست واکسن کرونا بسازه، مسکن هم نمی‌تونه بسازه، هیچی نمی‌تونه بسازه غیر از تورم و فقر و مهاجرت.
#مخبر","The one who could not make a corona vaccine, can't make housing, can't make anything except inflation, poverty and immigration.
#informant"
1608523903902822401,ali_cheshomi,2022-12-29 20:02:38.276,"دلار فرزین: ۲۸ هزار و ۵۰۰
از دلار ۴۲۰۰ جهانگیری چه خبر؟!",0,0,0,https://x.com/ali_cheshomi/status/1608523903902822401,2022,12,2022-12-29,"دلار فرزین: ۲۸ هزار و ۵۰۰
از دلار ۴۲۰۰ جهانگیری چه خبر؟!","Farzin Dollar: 28 thousand 500
What about Jahangiri's 4200 dollars?!"
1608516441959010304,ali_cheshomi,2022-12-29 19:32:59.210,"یک کارمند رفت و یک کارمند دیگر آمد!
شأن و حایگاه رئیس کل #بانک_مرکزی در دنیا بالاتر از این حرف‌هاست. رئیس کل باید کسی باشد که بتواند دو هدف اصلی بانک را به سیاستمداران تحمیل کند: هدف ثبات تولید و هدف کنترل تورم.",0,0,0,https://x.com/ali_cheshomi/status/1608516441959010304,2022,12,2022-12-29,"یک کارمند رفت و یک کارمند دیگر آمد!
شأن و حایگاه رئیس کل #بانک_مرکزی در دنیا بالاتر از این حرف‌هاست. رئیس کل باید کسی باشد که بتواند دو هدف اصلی بانک را به سیاستمداران تحمیل کند: هدف ثبات تولید و هدف کنترل تورم.","An employee left and another employee came!
The dignity and status of the head of the central bank in the world is higher than these words. The CEO should be someone who can impose the bank's two main goals on politicians: the goal of stabilizing production and the goal of controlling inflation."
1606921309664993280,ali_cheshomi,2022-12-25 09:54:30.035,"#دلار بالای ۴۰ هزار تومن رو نباید با نرخ تورم ۴۸ درصدی و موجودی ارزی فعلی تحلیل کرد. 
بازار #ارز داره دورنمای آینده اقتصاد رو نشون میده.",0,0,0,https://x.com/ali_cheshomi/status/1606921309664993280,2022,12,2022-12-25,"#دلار بالای ۴۰ هزار تومن رو نباید با نرخ تورم ۴۸ درصدی و موجودی ارزی فعلی تحلیل کرد. 
بازار #ارز داره دورنمای آینده اقتصاد رو نشون میده.","#Dollars above 40 thousand tomans should not be analyzed with the inflation rate of 48% and the current currency balance. 
The #currency market is showing the future prospects of the economy."
1606652099747610624,ali_cheshomi,2022-12-24 16:04:45.389,"نکتهٔ خوب!
فرهنگ تاثیرگذار است: ایران کنونی لیبرال‌دموکراسی هم شود احتمالا بیشتر شبیه ایتالیا، یونان یا ترکیه (بدون اردوغان) خواهد شد تا دانمارک یا کره جنوبی.
ولی یونان و ترکیه شدن هم خیلی بهتر از وضعیت کنونی ایران است. لذا گره «فعلی» توسعهٔ ایران نهاد سیاست است و نه فرهنگ مردم.",0,0,0,https://x.com/rad1_db/status/1606652099747610624,2022,12,2022-12-24,"نکتهٔ خوب!
فرهنگ تاثیرگذار است: ایران کنونی لیبرال‌دموکراسی هم شود احتمالا بیشتر شبیه ایتالیا، یونان یا ترکیه (بدون اردوغان) خواهد شد تا دانمارک یا کره جنوبی.
ولی یونان و ترکیه شدن هم خیلی بهتر از وضعیت کنونی ایران است. لذا گره «فعلی» توسعهٔ ایران نهاد سیاست است و نه فرهنگ مردم.","Good point!
Culture is influential: even if the current Iran becomes a liberal democracy, it will probably be more like Italy, Greece or Turkey (without Erdogan) than Denmark or South Korea.
But becoming Greece and Türkiye is much better than Iran's current situation. Therefore, the ""current"" node of Iran's development is the institution of politics and not the culture of the people."
1606592043874226176,ali_cheshomi,2022-12-24 12:06:06.953,"فقط یک جمله و یک دنیا حرف:
""اینجا صد سال از دنیا عقب است.""

کسانی که فرهنگ را در #توسعه مهم می‌دانند هیچ جوابی براش ندارند مسئله شفاف و شفافه: عقب‌ماندگی نتیجه ناکارایی در سیاسته. چون فقط نیروهای سیاسی چنین توانی برای عقب نگه‌داشتن یک جامعه پویا دارند.",0,0,0,https://x.com/ali_cheshomi/status/1606592043874226176,2022,12,2022-12-24,"فقط یک جمله و یک دنیا حرف:
""اینجا صد سال از دنیا عقب است.""

کسانی که فرهنگ را در #توسعه مهم می‌دانند هیچ جوابی براش ندارند مسئله شفاف و شفافه: عقب‌ماندگی نتیجه ناکارایی در سیاسته. چون فقط نیروهای سیاسی چنین توانی برای عقب نگه‌داشتن یک جامعه پویا دارند.","Just one sentence and a world of words:
""This is a hundred years behind the world.""

Those who consider culture important in #development have no answer for it. It is a clear and transparent issue: backwardness is the result of inefficiency in politics. Because only political forces have such ability to hold back a dynamic society."
1604028887163437056,ali_cheshomi,2022-12-17 10:21:02.772,"یه زمانی بازار ارز با مصاحبه رئیس کل بانک مرکزی آروم می‌شد. اما دیشب رییس صحبت کرده و ۲۰ راهکار عملی هم ارائه داده اما #دلار  داره می‌ره بالا!
این نشون میده وجهه رئیس و کل دولت و اعتبار سیاستگذار و اعتماد عمومی چقدر پایین اومده.",0,0,0,https://x.com/ali_cheshomi/status/1604028887163437056,2022,12,2022-12-17,"یه زمانی بازار ارز با مصاحبه رئیس کل بانک مرکزی آروم می‌شد. اما دیشب رییس صحبت کرده و ۲۰ راهکار عملی هم ارائه داده اما #دلار  داره می‌ره بالا!
این نشون میده وجهه رئیس و کل دولت و اعتبار سیاستگذار و اعتماد عمومی چقدر پایین اومده.","At one time, the currency market was calmed by the interview of the Governor of the Central Bank. But last night, the president spoke and presented 20 practical solutions, but the #dollar is going up!
This shows how low the image of the president and the entire government, the credibility of the politician, and public trust have fallen."
1602193246226190337,ali_cheshomi,2022-12-12 08:46:51.868,"تولیدکننده خودرو، واردکننده قطعه و ماشین آلات که بوده و هست.
حالا تولیدکننده، واردکننده #خودرو هم شده!
بعد انتظار دارند رقابت ایجاد بشه و تولیدکننده، صادرکننده هم بشه؟!
مرزهای جدیدی در انحصار دولتی داره گشوده میشه.",0,0,0,https://x.com/ali_cheshomi/status/1602193246226190337,2022,12,2022-12-12,"تولیدکننده خودرو، واردکننده قطعه و ماشین آلات که بوده و هست.
حالا تولیدکننده، واردکننده #خودرو هم شده!
بعد انتظار دارند رقابت ایجاد بشه و تولیدکننده، صادرکننده هم بشه؟!
مرزهای جدیدی در انحصار دولتی داره گشوده میشه.","It was and is a car manufacturer, importer of parts and machines.
Now the producer has become an importer of #cars!
Then they expect that competition will be created and the producer will also become an exporter?!
New frontiers in government monopoly are being opened."
1601875344537309186,ali_cheshomi,2022-12-11 11:43:38.199,"بعضی سیاستمداران ایرانی هنوز نمی‌تونن حساب کنن ۱۴۴۵ بیشتره یا ۱۰۷؟!
۱۴۴۵ میلیارد دلار حجم واردات و صادرات شش کشور حوزه خلیج فارس در ۲۰۲۱ بوده. برای ایران این رقم فقط ۱۰۷ میلیارد دلار.
#چین یا هر کشور معمولی دیگه می‌تونه تشخیص بده روابط با چه کشوری به صرفه است اما بعضی‌ها هنوز نه.",0,0,0,https://x.com/ali_cheshomi/status/1601875344537309186,2022,12,2022-12-11,"بعضی سیاستمداران ایرانی هنوز نمی‌تونن حساب کنن ۱۴۴۵ بیشتره یا ۱۰۷؟!
۱۴۴۵ میلیارد دلار حجم واردات و صادرات شش کشور حوزه خلیج فارس در ۲۰۲۱ بوده. برای ایران این رقم فقط ۱۰۷ میلیارد دلار.
#چین یا هر کشور معمولی دیگه می‌تونه تشخیص بده روابط با چه کشوری به صرفه است اما بعضی‌ها هنوز نه.","Some Iranian politicians still cannot calculate whether 1445 is more or 107?!
The volume of import and export of six Persian Gulf countries in 2021 was 1445 billion dollars. For Iran, this figure is only 107 billion dollars.
#China or any other normal country can recognize which countries are profitable to have relations with, but some still can't."
1601875347641073667,ali_cheshomi,2022-12-11 11:43:38.939,"صادرات ۲۰۲۱ به میلیارد دلار:
امارات ۳۳۵
عربستان ۲۹۰
کویت ۷۲
قطر ۷۱
عمان ۳۲
بحرین ۲۵
جمع شش کشور: ۸۲۵
ایران ۴۸
منبع: بانک جهانی",0,0,0,https://x.com/ali_cheshomi/status/1601875347641073667,2022,12,2022-12-11,"صادرات ۲۰۲۱ به میلیارد دلار:
امارات ۳۳۵
عربستان ۲۹۰
کویت ۷۲
قطر ۷۱
عمان ۳۲
بحرین ۲۵
جمع شش کشور: ۸۲۵
ایران ۴۸
منبع: بانک جهانی","2021 exports in billion dollars:
Emirates 335
Saudi Arabia 290
Kuwait 72
Diameter 71
Oman 32
Bahrain 25
Total of six countries: 825
Iran 48
Source: World Bank"
1601875350644219904,ali_cheshomi,2022-12-11 11:43:39.655,"واردات ۲۰۲۱ به میلیارد دلار:
امارات ۲۴۷
عربستان ۲۰۳
کویت ۶۱
قطر ۵۹
عمان ۲۷
بحرین ۲۳
جمع شش کشور: ۶۲۰
ایران ۵۹
منبع: بانک جهانی",0,0,0,https://x.com/ali_cheshomi/status/1601875350644219904,2022,12,2022-12-11,"واردات ۲۰۲۱ به میلیارد دلار:
امارات ۲۴۷
عربستان ۲۰۳
کویت ۶۱
قطر ۵۹
عمان ۲۷
بحرین ۲۳
جمع شش کشور: ۶۲۰
ایران ۵۹
منبع: بانک جهانی","2021 imports in billions of dollars:
Emirates 247
Saudi Arabia 203
Kuwait 61
Diameter 59
Oman 27
Bahrain 23
Total of six countries: 620
Iran 59
Source: World Bank"
1600938661230841857,ali_cheshomi,2022-12-08 21:41:35.496,در دنیا اگه یه دولت نتونه #بودجه رو تصویب کنه به معنای استعفای اون هست. حالا این دولت که نه می‌تونه برنامه هفتم رو تحویل بده نه بودجه  ۱۴۰۲ رو!,0,0,0,https://x.com/ali_cheshomi/status/1600938661230841857,2022,12,2022-12-08,در دنیا اگه یه دولت نتونه #بودجه رو تصویب کنه به معنای استعفای اون هست. حالا این دولت که نه می‌تونه برنامه هفتم رو تحویل بده نه بودجه  ۱۴۰۲ رو!,"In the world, if a government cannot approve the #budget, it means its resignation. Now this government can neither deliver the 7th plan nor the 1402 budget!"
1600032653482131456,ali_cheshomi,2022-12-06 09:41:26.416,"در دنیا از آموزش مالیات نمیگیرن ، یارانه میدن 

خدمت جمع عرض کنم که من تا پایان #سربازی_اجباری حق ادامه تحصیل ندارم.",0,0,0,https://x.com/seyed_foad_/status/1600032653482131456,2022,12,2022-12-06,"در دنیا از آموزش مالیات نمیگیرن ، یارانه میدن 

خدمت جمع عرض کنم که من تا پایان #سربازی_اجباری حق ادامه تحصیل ندارم.","They don't tax education in the world, they subsidize it 

I would like to inform everyone that I have no right to continue my education until the end of the compulsory military service."
1599806779700830217,ali_cheshomi,2022-12-05 18:43:53.910,"هزینه ثبت‌نام با تاخیر آزمون دکتری ۶۲۸ هزار تومن!
هزینه آزادکردن مدرک دانشگاه چند برابر!
به این کارها در نظریه انتخاب عمومی میگن حداکثرسازی درآمد توسط دولت هیولایی. یعنی دولت می‌خواهد درآمدش رو حداکثر کنه بدون توجه به آثار مخربش.
در دنیا از آموزش، مالیات نمی‌گیرن یارانه می‌دهن.",0,0,0,https://x.com/ali_cheshomi/status/1599806779700830217,2022,12,2022-12-05,"هزینه ثبت‌نام با تاخیر آزمون دکتری ۶۲۸ هزار تومن!
هزینه آزادکردن مدرک دانشگاه چند برابر!
به این کارها در نظریه انتخاب عمومی میگن حداکثرسازی درآمد توسط دولت هیولایی. یعنی دولت می‌خواهد درآمدش رو حداکثر کنه بدون توجه به آثار مخربش.
در دنیا از آموزش، مالیات نمی‌گیرن یارانه می‌دهن.","The fee for late registration of doctoral exam is 628 thousand tomans!
How many times the cost of releasing a university degree!
In public choice theory, these works are called income maximization by the monstrous government. It means that the government wants to maximize its income regardless of its destructive effects.
In the world, education is not taxed, but subsidized."
1599483051494363137,ali_cheshomi,2022-12-04 21:17:31.091,"با جریمه نمی‌شه جامعه را اداره کرد زودتر راهی برای پاداش به جامعه پیدا کنید.
t.me/cheshomi_ali/1
…",0,0,0,https://x.com/ali_cheshomi/status/1599483051494363137,2022,12,2022-12-04,"با جریمه نمی‌شه جامعه را اداره کرد زودتر راهی برای پاداش به جامعه پیدا کنید.
t.me/cheshomi_ali/1
…","Society cannot be governed by fines. Find a way to reward society as soon as possible.
t.me/cheshomi_ali/1
…"
1598302028689571840,ali_cheshomi,2022-12-01 15:04:33.312,"۱) سازمان امور «دانشجویان» ظرف یک روز هزینه‌ی آزاد کردن مدرک دانشگاه را چند برابر کرد و این افزایش را به دانشجویان فعلی هم تعمیم داد.
به عبارت دیگر، از دانش‌آموزان و دانشجویان صمیمانه تقاضا کرده قید تحصیل در ایران را از همان ابتدا بزنند و راهی دانشگاه‌های خارج کشور شوند.",0,0,0,https://x.com/SharifiZarchi/status/1598302028689571840,2022,12,2022-12-01,"۱) سازمان امور «دانشجویان» ظرف یک روز هزینه‌ی آزاد کردن مدرک دانشگاه را چند برابر کرد و این افزایش را به دانشجویان فعلی هم تعمیم داد.
به عبارت دیگر، از دانش‌آموزان و دانشجویان صمیمانه تقاضا کرده قید تحصیل در ایران را از همان ابتدا بزنند و راهی دانشگاه‌های خارج کشور شوند.","1) The ""Students"" Affairs Organization multiplied the cost of releasing a university degree within one day and extended this increase to current students as well.
In other words, he sincerely requested the students to stop studying in Iran from the very beginning and go to foreign universities."
1597699190842609665,ali_cheshomi,2022-11-29 23:09:05.569,"کارشناس صدا و سیما: پیش‌بینی می‌کردند ما چهارم میشیم توی گروه، همین که سوم شدیم خوبه؟!
سال‌هاست با همین استدلال مدیریت می‌کنند: ما اگه نبودیم بدتر می‌شد.
این استدلال فقط نشون میده برای بهتر شدن برنامه ندارند.",0,0,0,https://x.com/ali_cheshomi/status/1597699190842609665,2022,11,2022-11-29,"کارشناس صدا و سیما: پیش‌بینی می‌کردند ما چهارم میشیم توی گروه، همین که سوم شدیم خوبه؟!
سال‌هاست با همین استدلال مدیریت می‌کنند: ما اگه نبودیم بدتر می‌شد.
این استدلال فقط نشون میده برای بهتر شدن برنامه ندارند.","Broadcasting expert: They predicted that we will be fourth in the group, is it good that we came third?!
For years, they have been managing with the same argument: it would have been worse if we weren't there.
This argument only shows that they have no plans to improve."
1596457518993395712,ali_cheshomi,2022-11-26 12:55:07.931,"مسائل جامعه از نوع کنش جمعی است. هر چه تعداد اعضا و تضاد منافع بیشتر باشه کنش جمعی سخت‌تر خواهد بود (اولسن، ۱۹۶۵). 
به همین دلیل، یک گروه کوچک منسجم در مقابل یک جامعه بزرگ پراکنده موفق میشه. 
#کنش_جمعی",0,0,0,https://x.com/ali_cheshomi/status/1596457518993395712,2022,11,2022-11-26,"مسائل جامعه از نوع کنش جمعی است. هر چه تعداد اعضا و تضاد منافع بیشتر باشه کنش جمعی سخت‌تر خواهد بود (اولسن، ۱۹۶۵). 
به همین دلیل، یک گروه کوچک منسجم در مقابل یک جامعه بزرگ پراکنده موفق میشه. 
#کنش_جمعی","The problems of the society are of the type of collective action. The greater the number of members and the greater the conflict of interests, the more difficult collective action will be (Olsen, 1965). 
For this reason, a small cohesive group succeeds against a large, dispersed society. 
#collective_action"
1594641183787057152,ali_cheshomi,2022-11-21 12:37:39.872,"اکثر نهادها را از کارکرد انداختند از نهادهای اقتصادی مثل بانک مرکزی و بودجه‌ریزی تا   نهادهای سیاسی مثل انتخابات و مجلس.
اما خیلی بی‌هنر بودند که نهاد تیم ملی #فوتبال را از کارکرد انداختند.",0,0,0,https://x.com/ali_cheshomi/status/1594641183787057152,2022,11,2022-11-21,"اکثر نهادها را از کارکرد انداختند از نهادهای اقتصادی مثل بانک مرکزی و بودجه‌ریزی تا   نهادهای سیاسی مثل انتخابات و مجلس.
اما خیلی بی‌هنر بودند که نهاد تیم ملی #فوتبال را از کارکرد انداختند.","Most of the institutions were disabled, from economic institutions such as the central bank and budgeting to political institutions such as elections and parliament.
But they were so artless that they made the institution of the #Football team out of order."
1592883516395917313,ali_cheshomi,2022-11-16 16:13:19.310,"در حالی که عموم مردم از دولت می‌خواهند که تورم را کنترل کند، بیکاری را کاهش دهد، سرمایه‌گذاری را بهبود بخشد، رشد اقتصادی پایدار ایجاد کند، فقر و نابرابری را کاهش دهد و با تدوین استراتژی توسعه صنعتی، کشور را در مسیر توسعه بلندمدت قرار دهد، اما نظام سیاسی برعکس عمل می‌کند. 
۱-۱",0,0,0,https://x.com/ali_cheshomi/status/1592883516395917313,2022,11,2022-11-16,"در حالی که عموم مردم از دولت می‌خواهند که تورم را کنترل کند، بیکاری را کاهش دهد، سرمایه‌گذاری را بهبود بخشد، رشد اقتصادی پایدار ایجاد کند، فقر و نابرابری را کاهش دهد و با تدوین استراتژی توسعه صنعتی، کشور را در مسیر توسعه بلندمدت قرار دهد، اما نظام سیاسی برعکس عمل می‌کند. 
۱-۱","While the general public wants the government to control inflation, reduce unemployment, improve investment, create sustainable economic growth, reduce poverty and inequality, and put the country on a long-term development path by formulating an industrial development strategy, but the political system does the opposite. 
1-1"
1592883519411585026,ali_cheshomi,2022-11-16 16:13:20.029,"این وضعیت نشان می‌دهد روابط کارگزاری بین مردم و حکومت معکوس شده است. به جای اینکه حکومت به خواسته‌های مردم توجه کند و کارگزار آنها باشد خواسته‌های خود را به بهای هزینه‌های تورم و بیکاری به آنها تحمیل می‌کند.
۱-۲

از متن یادداشتم در تجارت فردا:
tejaratefarda.com/fa/tiny/news-4
…",0,0,0,https://x.com/ali_cheshomi/status/1592883519411585026,2022,11,2022-11-16,"این وضعیت نشان می‌دهد روابط کارگزاری بین مردم و حکومت معکوس شده است. به جای اینکه حکومت به خواسته‌های مردم توجه کند و کارگزار آنها باشد خواسته‌های خود را به بهای هزینه‌های تورم و بیکاری به آنها تحمیل می‌کند.
۱-۲

از متن یادداشتم در تجارت فردا:
tejaratefarda.com/fa/tiny/news-4
…","This situation shows that the agency relationship between the people and the government has been reversed. Instead of paying attention to the demands of the people and being their agent, the government imposes its demands on them at the cost of inflation and unemployment.
1-2

From the text of my note in the business of tomorrow:
tejaratefarda.com/fa/tiny/news-4
…"
1592803159126470656,ali_cheshomi,2022-11-16 10:54:00.644,"یه قطره سیاه توی یه سطل می‌تونه رنگ آب رو تیره کنه اما در یک جوی روان فقط اثر موقتی داره!
 فرآیندهای انسانی مثل آب روان هستند می‌شورند و پیش می‌روند به سوی روشنایی.
#توسعه",0,0,0,https://x.com/ali_cheshomi/status/1592803159126470656,2022,11,2022-11-16,"یه قطره سیاه توی یه سطل می‌تونه رنگ آب رو تیره کنه اما در یک جوی روان فقط اثر موقتی داره!
 فرآیندهای انسانی مثل آب روان هستند می‌شورند و پیش می‌روند به سوی روشنایی.
#توسعه","A black drop in a bucket can darken the color of the water, but in a flowing atmosphere it has only a temporary effect!
 Human processes are like flowing water, they flow and move towards enlightenment.
#development"
1591101923310338049,ali_cheshomi,2022-11-11 18:13:54.418,"همراه اول در شش ماه اول امسال به طور متوسط ماهانه ۳۱۶۰ میلیارد تومان درآمد داشته و در مهر ماه که قطعی اینترنت و تشدید فیلترینگ داشتیم درآمدش ۲۹۰۰ میلیارد تومان شده یعنی فقط ۲۶۰ میلیارد تومان براش زیان داشته.
چون که اگه درآمدش از اینترنت کم شده از پیام کوتاه و مکالمه بیشتر شده.",0,0,0,https://x.com/ali_cheshomi/status/1591101923310338049,2022,11,2022-11-11,"همراه اول در شش ماه اول امسال به طور متوسط ماهانه ۳۱۶۰ میلیارد تومان درآمد داشته و در مهر ماه که قطعی اینترنت و تشدید فیلترینگ داشتیم درآمدش ۲۹۰۰ میلیارد تومان شده یعنی فقط ۲۶۰ میلیارد تومان براش زیان داشته.
چون که اگه درآمدش از اینترنت کم شده از پیام کوتاه و مکالمه بیشتر شده.","In the first six months of this year, the first company had an average monthly income of 3160 billion tomans, and in October, when we had internet outages and intensified filtering, its income increased to 2900 billion tomans, which means it had a loss of only 260 billion tomans.
Because if his income from the Internet has decreased, it has increased from SMS and conversation."
1587693696492896257,ali_cheshomi,2022-11-02 08:30:49.823,1-نیروهای امنیتی دوشنبه شب با مراجعه به منزل دکتر #داود_سوری -اقتصاددان- ایشان را بازداشت کردند. مأموران لپ‌تاپ و موبایل ایشان را همراه برده‌اند و ساعتی پس از بازداشت هم از زندان اوین با خانواده تماس گرفته‌اند.,0,0,0,https://x.com/mohamadtaherii/status/1587693696492896257,2022,11,2022-11-02,1-نیروهای امنیتی دوشنبه شب با مراجعه به منزل دکتر #داود_سوری -اقتصاددان- ایشان را بازداشت کردند. مأموران لپ‌تاپ و موبایل ایشان را همراه برده‌اند و ساعتی پس از بازداشت هم از زندان اوین با خانواده تماس گرفته‌اند.,"1- The security forces went to the house of Dr. Daoud Suri, an economist, and arrested him on Monday night. The officers took his laptop and mobile phone and called his family from Evin prison an hour after his arrest."
1587393714544074758,ali_cheshomi,2022-11-01 12:38:48.553,از پاسخ‌گویی فقط سخنگو دارند!,0,0,0,https://x.com/ali_cheshomi/status/1587393714544074758,2022,11,2022-11-01,از پاسخ‌گویی فقط سخنگو دارند!,They only have a speaker to answer!
1585576268669587457,ali_cheshomi,2022-10-27 13:16:55.690,یه وقتایی است که دلت شور میزنه، دستت به هیچ کاری نمیره، پاهات خشک میشه، فکرت مشغوله و چشات نم میفته برای #شیراز برای #زاهدان برای #ایران,0,0,0,https://x.com/ali_cheshomi/status/1585576268669587457,2022,10,2022-10-27,یه وقتایی است که دلت شور میزنه، دستت به هیچ کاری نمیره، پاهات خشک میشه، فکرت مشغوله و چشات نم میفته برای #شیراز برای #زاهدان برای #ایران,"There is a time when your heart is hungry, your hands are not doing anything, your feet are dry, your thoughts are busy and your eyes are wet. For #Shiraz, for #Zahedan, for #Iran."
1585131852292947968,ali_cheshomi,2022-10-26 07:50:58.569,"در مفهوم اولیه ""دولت"" مشکل دارند. فکر می‌کنند آنها هستند که خرج هنرمندان و ورزشکاران و دانشگاهیان را می‌دهند. نخیر این مالیات‌دهندگان هستند که خرج تلویزیون شما و سایر ادارات و موسسات دولتی و شبه‌دولتی را می‌دهند.
حتی نفت هم مالیات بر منابع ملی است.",0,0,0,https://x.com/ali_cheshomi/status/1585131852292947968,2022,10,2022-10-26,"در مفهوم اولیه ""دولت"" مشکل دارند. فکر می‌کنند آنها هستند که خرج هنرمندان و ورزشکاران و دانشگاهیان را می‌دهند. نخیر این مالیات‌دهندگان هستند که خرج تلویزیون شما و سایر ادارات و موسسات دولتی و شبه‌دولتی را می‌دهند.
حتی نفت هم مالیات بر منابع ملی است.","They have a problem with the basic concept of ""government"". They think they are the ones who pay for artists, athletes and academics. No, these are the taxpayers who pay for your television and other governmental and quasi-governmental departments and institutions.
Even oil is a tax on national resources."
1584766575215009792,ali_cheshomi,2022-10-25 07:39:29.727,"آقای بهروز محبی که شدی سخنگوی فیلترینگ و روبیکا، نماینده کدوم سبزواری؟!
اگه نماینده سبزواری هستی که ما می‌شناسیم چرا از حاشیه‌نشینی، بیکاری جوانان، سالمندی روستاها، مهاجرت از شهر و تخلیه روستاها، مشکلات کارگران روزمزد و دست‌فروشی، اعتیاد و سایر آسیب‌های اجتماعی صحبت نمی‌کنی؟",0,0,0,https://x.com/ali_cheshomi/status/1584766575215009792,2022,10,2022-10-25,"آقای بهروز محبی که شدی سخنگوی فیلترینگ و روبیکا، نماینده کدوم سبزواری؟!
اگه نماینده سبزواری هستی که ما می‌شناسیم چرا از حاشیه‌نشینی، بیکاری جوانان، سالمندی روستاها، مهاجرت از شهر و تخلیه روستاها، مشکلات کارگران روزمزد و دست‌فروشی، اعتیاد و سایر آسیب‌های اجتماعی صحبت نمی‌کنی؟","Mr. Behrouz Mohebi, who became the spokesperson of Filtering and Rubika, the representative of which Sabzevari?!
If you are a representative of the Sabzevari that we know, why don't you talk about marginalization, youth unemployment, the aging of the villages, migration from the city and evacuation of the villages, the problems of daily wage workers and street vendors, addiction and other social harms?"
1583749584546803713,ali_cheshomi,2022-10-22 12:18:20.257,"اگر در سال ۱۳۹۶ بودیم که نرخ #تورم حدود ۷ درصد بود این کارهای وزارت اقتصاد مثل #شفافیت و بهبود محیط کسب‌وکار خوب بود. 
اما در این تورم ۵۰ درصدی و کمبود سرمایه‌گذاری مثل پانسمان کردن زخم بستر یک بیمار سرطانی است.",0,0,0,https://x.com/ali_cheshomi/status/1583749584546803713,2022,10,2022-10-22,"اگر در سال ۱۳۹۶ بودیم که نرخ #تورم حدود ۷ درصد بود این کارهای وزارت اقتصاد مثل #شفافیت و بهبود محیط کسب‌وکار خوب بود. 
اما در این تورم ۵۰ درصدی و کمبود سرمایه‌گذاری مثل پانسمان کردن زخم بستر یک بیمار سرطانی است.","If we were in 2016, when the #inflation rate was around 7%, these actions of the Ministry of Economy, such as #transparency and improving the business environment, would be good. 
But in this 50% inflation and lack of investment, it is like dressing the bed wound of a cancer patient."
1583071571832623105,ali_cheshomi,2022-10-20 15:24:09.429,"گفت‌وگو یعنی پیگیری منافع ذینفعان. 
مسئولانی که شعار گفت‌وگو می‌دهید آیا شما منافع معترضان را قبول دارید که بتوانند با شما گفت‌وگو کنند؟ 
مانند منافع کسانی که آزادی فرهنگی و موسیقی، آزادی اینترنت و رسانه، آزادی انتخاب‌شدن و آزادی انتخاب شغل و تجارت خارجی می‌خواهند.",0,0,0,https://x.com/ali_cheshomi/status/1583071571832623105,2022,10,2022-10-20,"گفت‌وگو یعنی پیگیری منافع ذینفعان. 
مسئولانی که شعار گفت‌وگو می‌دهید آیا شما منافع معترضان را قبول دارید که بتوانند با شما گفت‌وگو کنند؟ 
مانند منافع کسانی که آزادی فرهنگی و موسیقی، آزادی اینترنت و رسانه، آزادی انتخاب‌شدن و آزادی انتخاب شغل و تجارت خارجی می‌خواهند.","Dialogue means pursuing the interests of the stakeholders. 
Officials who call for dialogue, do you accept the interests of the protesters to be able to talk with you? 
Such as the interests of those who want cultural and musical freedom, internet and media freedom, freedom to be elected and freedom to choose a job and foreign trade."
1582826408677515264,ali_cheshomi,2022-10-19 23:09:57.978,هنوز مشخص نشده فیلتر اینستاگرام چقدر درآمد صداوسیما را افزایش داده؟!,0,0,0,https://x.com/ali_cheshomi/status/1582826408677515264,2022,10,2022-10-19,هنوز مشخص نشده فیلتر اینستاگرام چقدر درآمد صداوسیما را افزایش داده؟!,It has not yet been determined how much the Instagram filter has increased the revenue of TV and radio?!
1581711616676331520,ali_cheshomi,2022-10-16 21:20:10.853,"چرخه‌های تباهی زیادی در #ایران فعاله که درآمد سرانه رو در ده سال اخیر بیش از ۳۰ درصد کاهش داده، یکیش فیلترینگ شبکه‌های اجتماعی مثل اینستاگرامه. 
پ.ن چرخه تباهی یعنی با این که یک فعالیت، درآمد و شغل برا مردم داره اما چون به منافع گروه حاکم آسیب میزنه پس این گروه، جلوش رو می‌گیره.",0,0,0,https://x.com/ali_cheshomi/status/1581711616676331520,2022,10,2022-10-16,"چرخه‌های تباهی زیادی در #ایران فعاله که درآمد سرانه رو در ده سال اخیر بیش از ۳۰ درصد کاهش داده، یکیش فیلترینگ شبکه‌های اجتماعی مثل اینستاگرامه. 
پ.ن چرخه تباهی یعنی با این که یک فعالیت، درآمد و شغل برا مردم داره اما چون به منافع گروه حاکم آسیب میزنه پس این گروه، جلوش رو می‌گیره.","Many destructive cycles are active in #Iran, which has reduced the per capita income by more than 30% in the last ten years, one of which is the filtering of social networks such as Instagram. 
P.N. cycle of destruction means that even though an activity has income and jobs for people, but because it harms the interests of the ruling group, then this group stops it."
1581178589537763330,ali_cheshomi,2022-10-15 10:02:07.280,"به همان سان که جهان مادی تحت فرمان قوانین حرکت است، جهان معنوی نیز تحت امر قوانین ""نفع"" است.
هلوسیوس",0,0,0,https://x.com/ali_cheshomi/status/1581178589537763330,2022,10,2022-10-15,"به همان سان که جهان مادی تحت فرمان قوانین حرکت است، جهان معنوی نیز تحت امر قوانین ""نفع"" است.
هلوسیوس","Just as the material world is governed by the laws of motion, the spiritual world is also governed by the laws of ""benefit"".
Helosius"
1581181529748750336,ali_cheshomi,2022-10-15 10:13:48.281,"روح کشورگشایی و روح تجارت در یک ملت مانع‌الجمع است.
منتسکیو",0,0,0,https://x.com/ali_cheshomi/status/1581181529748750336,2022,10,2022-10-15,"روح کشورگشایی و روح تجارت در یک ملت مانع‌الجمع است.
منتسکیو","The spirit of nation-building and the spirit of business in a nation is a hindrance.
Montesquieu"
1581184754627399680,ali_cheshomi,2022-10-15 10:26:37.152,منبع: کتاب هواهای نفسانی و منافع از آلبرت هیرشمن.,0,0,0,https://x.com/ali_cheshomi/status/1581184754627399680,2022,10,2022-10-15,منبع: کتاب هواهای نفسانی و منافع از آلبرت هیرشمن.,"Source: Albert Hirschman's book, Carnal Airs and Interests."
