tweet_id,username,created_at,text,replies,retweets,likes,url,Text_original,Text_en
2021642992248140163,ali_khezrian,2026-02-11 17:50:24.319000+00:00,بار دیگر مردم ایران با یک خیزش ملی در راهپیمایی ۲۲ بهمن که بنا بر گزارش‌ها با افزایش بی‌سابقه جمعیت در تمام کشور، شاهد یک رکورد تاریخی بوده‌ایم، نشان دادند که انقلاب اسلامی به عنوان بزرگترین انقلاب اکثریت، همچنان بزرگ‌ترین کنش جمعی ایرانیان از پس هزاران سال تا به امروز  می‌باشد.,0,0,0,https://x.com/ali_khezrian/status/2021642992248140163,بار دیگر مردم ایران با یک خیزش ملی در راهپیمایی ۲۲ بهمن که بنا بر گزارش‌ها با افزایش بی‌سابقه جمعیت در تمام کشور، شاهد یک رکورد تاریخی بوده‌ایم، نشان دادند که انقلاب اسلامی به عنوان بزرگترین انقلاب اکثریت، همچنان بزرگ‌ترین کنش جمعی ایرانیان از پس هزاران سال تا به امروز  می‌باشد.,"Once again, the people of Iran showed that the Islamic Revolution, as the biggest revolution of the majority, is still the biggest collective action of Iranians after thousands of years, with a national uprising in the March of 22 Bahman, which according to reports, with an unprecedented increase in the population in the whole country, we have witnessed a historical record."
2020596482060279835,ali_khezrian,2026-02-08 20:31:56.847000+00:00,"یکی دیگر از دلایل ضرورت انقلاب اسلامی را می‌بایست در ترجیح نیروهای بهایی بر مردم مسلمان ایران در دوران پهلوی دانست. به شهادت تاریخ، بهایی‌ها مهم‌ترین شریک سیاسی پهلوی بودند.
موضوعی که در پروژه استعماری نوپهلوی نیز نقش پررنگ بهایی‌ها را به وضوح می‌توان مشاهده کرد.",0,0,0,https://x.com/ali_khezrian/status/2020596482060279835,"یکی دیگر از دلایل ضرورت انقلاب اسلامی را می‌بایست در ترجیح نیروهای بهایی بر مردم مسلمان ایران در دوران پهلوی دانست. به شهادت تاریخ، بهایی‌ها مهم‌ترین شریک سیاسی پهلوی بودند.
موضوعی که در پروژه استعماری نوپهلوی نیز نقش پررنگ بهایی‌ها را به وضوح می‌توان مشاهده کرد.","Another reason for the necessity of the Islamic revolution should be seen in the preference of the Baha'i forces over the Muslim people of Iran during the Pahlavi era. According to the testimony of history, the Baha'is were the most important political partners of Pahlavi.
An issue that can be clearly seen in the neo-Pahlavi colonial project is the strong role of the Baha'is."
2020596486367776776,ali_khezrian,2026-02-08 20:31:57.874000+00:00,در شورش دی‌ماه دیدیم که چطور یک اقلیت بهایی با آتش زدن مساجد، توهین به حضرت رسول اکرم(ص) و امام علی(ع) قصد غلبه بر اکثریت مسلمانان را داشتند. این اقلیت شورشی نشان دادند که در پروژه آندلسی کردن ایران به هیچ مسلمانی حق حیات هم نمی‌دهند چه برسد به حق سرنوشت!,0,0,0,https://x.com/ali_khezrian/status/2020596486367776776,در شورش دی‌ماه دیدیم که چطور یک اقلیت بهایی با آتش زدن مساجد، توهین به حضرت رسول اکرم(ص) و امام علی(ع) قصد غلبه بر اکثریت مسلمانان را داشتند. این اقلیت شورشی نشان دادند که در پروژه آندلسی کردن ایران به هیچ مسلمانی حق حیات هم نمی‌دهند چه برسد به حق سرنوشت!,"In the January uprising, we saw how a Baha'i minority intended to conquer the majority of Muslims by setting fire to mosques and insulting the Holy Prophet (PBUH) and Imam Ali (PBUH). This rebel minority showed that in the Andalusianization project of Iran, they do not give any Muslim the right to life, let alone the right to destiny!"
2020596490989892032,ali_khezrian,2026-02-08 20:31:58.976000+00:00,اما اینها فکر نمی‌کردند که اکثریت مردم ایران در ۲۲ دی ماه همانطور که امام راحل در بهمن ۵۷ توی دهان دولت بختیار زد، توی دهان آنها و دولت‌های پشتیبانشان بزنند. این مردم اجازه غلبه اقلیت ذی‌نفع دوران سیاه پهلوی بر اکثریت فعال جامعه انقلابی و مسلمان را نخواهند داد.,0,0,0,https://x.com/ali_khezrian/status/2020596490989892032,اما اینها فکر نمی‌کردند که اکثریت مردم ایران در ۲۲ دی ماه همانطور که امام راحل در بهمن ۵۷ توی دهان دولت بختیار زد، توی دهان آنها و دولت‌های پشتیبانشان بزنند. این مردم اجازه غلبه اقلیت ذی‌نفع دوران سیاه پهلوی بر اکثریت فعال جامعه انقلابی و مسلمان را نخواهند داد.,"But they didn't think that the majority of the Iranian people would hit them and their supporting governments on the 22nd of January, as Imam Rahel hit the Bakhtiar government in Bahman 57. These people will not allow the beneficial minority of the black Pahlavi era to prevail over the active majority of the revolutionary and Muslim society."
2020581557195719048,ali_khezrian,2026-02-08 19:32:38.482000+00:00,فقدان استقلال به دلیل ۲۰۰ سال تجربه استعمار، فقدان آزادی به دلیل حضور یک رژیم استعمار ساخته به نام پهلوی که هیچ امکان آزادی سیاسی به ایرانیان نمی‌داد و فقدان نظمی که نه بنیادهای تاریخی مردم ایران را داشت و نه با الگوهای معاصر مطابقت داشت، موجب شد تا انقلاب اسلامی صورت پذیرد.,0,0,0,https://x.com/ali_khezrian/status/2020581557195719048,فقدان استقلال به دلیل ۲۰۰ سال تجربه استعمار، فقدان آزادی به دلیل حضور یک رژیم استعمار ساخته به نام پهلوی که هیچ امکان آزادی سیاسی به ایرانیان نمی‌داد و فقدان نظمی که نه بنیادهای تاریخی مردم ایران را داشت و نه با الگوهای معاصر مطابقت داشت، موجب شد تا انقلاب اسلامی صورت پذیرد.,"The lack of independence due to 200 years of colonial experience, the lack of freedom due to the presence of a colonial regime named Pahlavi, which did not give Iranians any political freedom, and the lack of an order that neither had the historical foundations of the Iranian people nor corresponded to contemporary patterns, caused the Islamic Revolution to take place."
2020562119763153045,ali_khezrian,2026-02-08 18:15:24.237000+00:00,انقلاب اسلامی ضمن اینکه حاصل عمل نیروهای انقلابی به رهبری امام خمینی(ره) بود، یک ضرورت تاریخی هم بوده است. بدان معنا که فقدان استقلال، فقدان آزادی و فقدان یک نظام سیاسی که اصالت و معاصرت داشته باشد، موجب شد تا انقلاب اسلامی به عنوان یک ضرورت تاریخی در تاریخ ایران اتفاق بیافتد.,0,0,0,https://x.com/ali_khezrian/status/2020562119763153045,انقلاب اسلامی ضمن اینکه حاصل عمل نیروهای انقلابی به رهبری امام خمینی(ره) بود، یک ضرورت تاریخی هم بوده است. بدان معنا که فقدان استقلال، فقدان آزادی و فقدان یک نظام سیاسی که اصالت و معاصرت داشته باشد، موجب شد تا انقلاب اسلامی به عنوان یک ضرورت تاریخی در تاریخ ایران اتفاق بیافتد.,"The Islamic Revolution, while being the result of the revolutionary forces led by Imam Khomeini (RA), was also a historical necessity. It means that the lack of independence, lack of freedom and lack of a political system that has originality and contemporaneity caused the Islamic revolution to happen as a historical necessity in the history of Iran."
2020562122455838894,ali_khezrian,2026-02-08 18:15:24.879000+00:00,"مهمترین خواست مردم براساس ضرورت تاریخی استقلال، آزادی و جمهوری اسلامی بود.
مردم استقلال را در برابر استعمارگران می‌خواستند؛ آزادی را در برابر رژیم استبدادی پهلوی طلب می‌کردند و جمهوری اسلامی پاسخی به نیاز اصالت و معاصرت مردم ایران برای ایجاد یک نظام سیاسی برآمده از مردم بوده است.",0,0,0,https://x.com/ali_khezrian/status/2020562122455838894,"مهمترین خواست مردم براساس ضرورت تاریخی استقلال، آزادی و جمهوری اسلامی بود.
مردم استقلال را در برابر استعمارگران می‌خواستند؛ آزادی را در برابر رژیم استبدادی پهلوی طلب می‌کردند و جمهوری اسلامی پاسخی به نیاز اصالت و معاصرت مردم ایران برای ایجاد یک نظام سیاسی برآمده از مردم بوده است.","The most important demand of the people was based on the historical necessity of independence, freedom and the Islamic Republic.
People wanted independence against the colonialists; They demanded freedom against the authoritarian Pahlavi regime, and the Islamic Republic was a response to the need for authenticity and contemporaneity of the Iranian people to create a political system that emerged from the people."
2020562127652634931,ali_khezrian,2026-02-08 18:15:26.118000+00:00,باید این واقعیت بی‌اصالتی پهلوی را که هیچ نسبتی با تاریخ ایران ندارد و تماماً استعمار ساخته بوده است را تبیین کرد. رژیمی که بر پایه فرد سالاری و اقلیت سالاری شکل گرفت و به دلیل اینکه خواست عمومی برای مردم‌سالاری را بر نمی‌تافت، از دوران عصر خود عقب مانده بود و معاصرت نداشت.,0,0,0,https://x.com/ali_khezrian/status/2020562127652634931,باید این واقعیت بی‌اصالتی پهلوی را که هیچ نسبتی با تاریخ ایران ندارد و تماماً استعمار ساخته بوده است را تبیین کرد. رژیمی که بر پایه فرد سالاری و اقلیت سالاری شکل گرفت و به دلیل اینکه خواست عمومی برای مردم‌سالاری را بر نمی‌تافت، از دوران عصر خود عقب مانده بود و معاصرت نداشت.,"This fact of Pahlavi's inauthenticity, which has nothing to do with Iran's history and is entirely a colonial construct, must be explained. The regime that was formed on the basis of individualism and minority rule, and because it did not meet the public demand for democracy, was backward from its era and was not contemporary."
2020454333477769585,ali_khezrian,2026-02-08 11:07:05.984000+00:00,انقلاب اسلامی در نسبت خود ایران، بزرگترین کنش جمعی ایرانیان در تاریخ ایران است. ایران از روزی که ایران شد و از پس هزاران سال تا به امروز، بزرگترین کنش جمعی خود را در انقلاب اسلامی تجربه کرده است. لذا عینی‌ترین مصداق اراده عمومی ایرانیان در تاریخ ایران، انقلاب اسلامی است.,0,0,0,https://x.com/ali_khezrian/status/2020454333477769585,انقلاب اسلامی در نسبت خود ایران، بزرگترین کنش جمعی ایرانیان در تاریخ ایران است. ایران از روزی که ایران شد و از پس هزاران سال تا به امروز، بزرگترین کنش جمعی خود را در انقلاب اسلامی تجربه کرده است. لذا عینی‌ترین مصداق اراده عمومی ایرانیان در تاریخ ایران، انقلاب اسلامی است.,"The Islamic revolution is the biggest collective action of Iranians in Iran's history. From the day it became Iran and after thousands of years until now, Iran has experienced its biggest collective action in the Islamic Revolution. Therefore, the most concrete example of the general will of Iranians in the history of Iran is the Islamic Revolution."
2020454335797137822,ali_khezrian,2026-02-08 11:07:06.537000+00:00,انقلاب اسلامی صرفاً یک رویداد در یک موقعیت جغرافیایی و موقعیت زمانی نیست که بخواهیم به صورت موزه‌ای درباره آن حرف بزنیم و آن را دیرینه شناسی کنیم. انقلاب اسلامی یک جریان است که در ۲۲ بهمن ۱۳۵۷ نقطه عطف آن اتفاق افتاد. لذا یک موجودیت زنده تاریخی است که جریان دارد و به پیش می‌رود.,0,0,0,https://x.com/ali_khezrian/status/2020454335797137822,انقلاب اسلامی صرفاً یک رویداد در یک موقعیت جغرافیایی و موقعیت زمانی نیست که بخواهیم به صورت موزه‌ای درباره آن حرف بزنیم و آن را دیرینه شناسی کنیم. انقلاب اسلامی یک جریان است که در ۲۲ بهمن ۱۳۵۷ نقطه عطف آن اتفاق افتاد. لذا یک موجودیت زنده تاریخی است که جریان دارد و به پیش می‌رود.,"The Islamic Revolution is not just an event in a geographical location and a time situation that we want to talk about in a museum and paleontology. The Islamic revolution is a trend that happened on 22 Bahman 1357, its turning point. Therefore, it is a living historical entity that flows and moves forward."
2020454339844678062,ali_khezrian,2026-02-08 11:07:07.502000+00:00,"انقلاب اسلامی امروز مهمترین صحنه‌گردان سیاست ایران و منطقه است و تأثیرات جهانی دارد. 
انقلاب اسلامی شروع یک راه است و این بدین معناست که ما یک راه بهبود خواهی را با انقلاب اسلامی شروع کردیم و ان‌شاءالله به یاری خداوند متعال به پیش می‌رویم.",0,0,0,https://x.com/ali_khezrian/status/2020454339844678062,"انقلاب اسلامی امروز مهمترین صحنه‌گردان سیاست ایران و منطقه است و تأثیرات جهانی دارد. 
انقلاب اسلامی شروع یک راه است و این بدین معناست که ما یک راه بهبود خواهی را با انقلاب اسلامی شروع کردیم و ان‌شاءالله به یاری خداوند متعال به پیش می‌رویم.","Today, the Islamic Revolution is the most important stage manager of the politics of Iran and the region and has global effects. 
The Islamic Revolution is the beginning of a path, and this means that we started a path of improvement with the Islamic Revolution and, God willing, we will move forward with the help of God Almighty."
2020433248258781477,ali_khezrian,2026-02-08 09:43:18.876000+00:00,انقلاب اسلامی برخلاف انقلاب‌های فرانسه و روسیه که انقلاب اقلیت مصر در وضعیت بی‌تفاوتی اکثریت بوده است، انقلاب اکثریت ملت ایران بوده و نه انقلاب اقلیتی که در این مسیر اصرار ورزیده است. و به جرأت می‌توان گفت که انقلاب اسلامی بزرگترین انقلاب اکثریت در تاریخ بشر می‌باشد.,0,0,0,https://x.com/ali_khezrian/status/2020433248258781477,انقلاب اسلامی برخلاف انقلاب‌های فرانسه و روسیه که انقلاب اقلیت مصر در وضعیت بی‌تفاوتی اکثریت بوده است، انقلاب اکثریت ملت ایران بوده و نه انقلاب اقلیتی که در این مسیر اصرار ورزیده است. و به جرأت می‌توان گفت که انقلاب اسلامی بزرگترین انقلاب اکثریت در تاریخ بشر می‌باشد.,"Unlike the revolutions of France and Russia, which was the revolution of the minority of Egypt in the state of indifference of the majority, the Islamic revolution was the revolution of the majority of the Iranian nation and not the revolution of the minority that insisted on this path. And we can boldly say that the Islamic revolution is the biggest majority revolution in human history."
2019429336752042337,ali_khezrian,2026-02-05 15:14:07.721000+00:00,در جلسه کمیسیون تلفیق مجلس با اشاره به ضرورت رعایت عدالت در پرداخت مالیات، نسبت به دریافت مالیات بر درآمد از اعضای هیأت علمی و قضات با ضریب ثابت ۱۰ درصد، در حالی که از دیگر اقشار جامعه درآمدهای بالای ۸۰ میلیون به صورت پلکانی ۱۵، ۲۰، ۲۵ و ۳۰ درصد دریافت می‌شود، ابراز مخالفت کردم.,0,0,0,https://x.com/ali_khezrian/status/2019429336752042337,در جلسه کمیسیون تلفیق مجلس با اشاره به ضرورت رعایت عدالت در پرداخت مالیات، نسبت به دریافت مالیات بر درآمد از اعضای هیأت علمی و قضات با ضریب ثابت ۱۰ درصد، در حالی که از دیگر اقشار جامعه درآمدهای بالای ۸۰ میلیون به صورت پلکانی ۱۵، ۲۰، ۲۵ و ۳۰ درصد دریافت می‌شود، ابراز مخالفت کردم.,"In the meeting of the Parliament's Consolidation Commission, pointing out the necessity of observing justice in paying taxes, I expressed my opposition to receiving income tax from academic staff members and judges with a fixed rate of 10%, while from other segments of the society, incomes above 80 million are collected in a staggered manner of 15, 20, 25 and 30%."
2019144324894937522,ali_khezrian,2026-02-04 20:21:35.599000+00:00,انقلاب اسلامی ایران یکی از موفق‌ترین گام‌هایی است که برای تحقق آرمان مهدوی در عصر غیبت، برداشته شد و از ابتدای آغاز نهضت در دهه ۴۰ تا امروز نیز هدف نهایی خود را انقلاب جهانی مستضعفین برای برقراری جامعه جهانی مهدوی گذاشته است.,0,0,0,https://x.com/ali_khezrian/status/2019144324894937522,انقلاب اسلامی ایران یکی از موفق‌ترین گام‌هایی است که برای تحقق آرمان مهدوی در عصر غیبت، برداشته شد و از ابتدای آغاز نهضت در دهه ۴۰ تا امروز نیز هدف نهایی خود را انقلاب جهانی مستضعفین برای برقراری جامعه جهانی مهدوی گذاشته است.,"The Islamic Revolution of Iran is one of the most successful steps taken to realize the Mahdavi ideal in the age of occultation, and from the beginning of the movement in the 40s until today, the world revolution of the oppressed has set its ultimate goal to establish a global Mahdavi society."
2019144328342605974,ali_khezrian,2026-02-04 20:21:36.421000+00:00,این بزرگترین اقدام حضرت روح‌الله بود که بار دیگر روح دیانت را در کالبد سیاست دمید و آن را در تقابل با متحجرین مقدس نمایی که امر سیاست را دون شأن مؤمنان و عالمان دین می‌دانستند، زنده کرد.,0,0,0,https://x.com/ali_khezrian/status/2019144328342605974,این بزرگترین اقدام حضرت روح‌الله بود که بار دیگر روح دیانت را در کالبد سیاست دمید و آن را در تقابل با متحجرین مقدس نمایی که امر سیاست را دون شأن مؤمنان و عالمان دین می‌دانستند، زنده کرد.,"This was the greatest action of Hazrat Ruhollah, who once again breathed the spirit of religion into the body of politics and revived it in the confrontation with the stonewallers who considered politics below the dignity of believers and religious scholars."
2019144334436876721,ali_khezrian,2026-02-04 20:21:37.874000+00:00,در سال‌های پس از انقلاب همان متحجرین مقدس نمایی که دستور پرهیز از سیاست می‌دادند و هر قیامی قبل از ظهور امام زمان(عج) را باطل می‌دانستند، ناگهان پا به عرصه سیاست گذاشتند و بعضاً در قامت رهبران اپوزیسیون ظاهر شدند! رویکرد دوگانه‌ای که تزویر آنها در مواجهه با انقلاب را نشان می‌داد.,0,0,0,https://x.com/ali_khezrian/status/2019144334436876721,در سال‌های پس از انقلاب همان متحجرین مقدس نمایی که دستور پرهیز از سیاست می‌دادند و هر قیامی قبل از ظهور امام زمان(عج) را باطل می‌دانستند، ناگهان پا به عرصه سیاست گذاشتند و بعضاً در قامت رهبران اپوزیسیون ظاهر شدند! رویکرد دوگانه‌ای که تزویر آنها در مواجهه با انقلاب را نشان می‌داد.,"In the years after the revolution, the same stone-walled stoners who ordered to avoid politics and considered any uprising before the appearance of Imam Zaman (A.S.) to be invalid, suddenly stepped into the arena of politics and sometimes appeared as leaders of the opposition! The dual approach that showed their deception in facing the revolution."
2018574204292219010,ali_khezrian,2026-02-03 06:36:08.255000+00:00,"به همراه دکتر سعید جلیلی با حضور در مسجد حضرت ولی‌عصر(عج) محله نارمک تهران از جانبازان مدافع امنیت اغتشاشات اخیر تقدیر به عمل آمد.
اینکه دشمنان این کشور در کنار خشن‌ترین اقدامات داعش‌گونه، حدود ۲۵۰ مسجد را مورد حمله قرار می‌دهند، اطلاع از قدرت عظیم این پایگاه دینی و بصیرتی است.",0,0,0,https://x.com/ali_khezrian/status/2018574204292219010,"به همراه دکتر سعید جلیلی با حضور در مسجد حضرت ولی‌عصر(عج) محله نارمک تهران از جانبازان مدافع امنیت اغتشاشات اخیر تقدیر به عمل آمد.
اینکه دشمنان این کشور در کنار خشن‌ترین اقدامات داعش‌گونه، حدود ۲۵۰ مسجد را مورد حمله قرار می‌دهند، اطلاع از قدرت عظیم این پایگاه دینی و بصیرتی است.","Along with Dr. Saeed Jalili, by attending the Hazrat Wali Asr (AS) mosque in Narmak neighborhood of Tehran, the veterans who defended the security of the recent riots were honored.
The fact that the enemies of this country are attacking about 250 mosques in addition to the most violent ISIS-like actions, is an indication of the great power of this religious and visionary base."
2018310312106057877,ali_khezrian,2026-02-02 13:07:31.455000+00:00,در جلسه کمیسیون تلفیق مجلس با اشاره به ضرورت اجرای ماده ۱۴ قانون محاسبات عمومی مبنی بر تعیین تکلیف درآمدهای اختصاصی، نسبت به پیشنهاد حذف کلیه درآمدهای اختصاصی پیش‌بینی شده برای دستگاه‌های اجرایی و اضافه شدن آن به سرجمع بودجه عمومی در بخش درآمد عمومی با هدف شفافیت مالی، موافقت شد.,0,0,0,https://x.com/ali_khezrian/status/2018310312106057877,در جلسه کمیسیون تلفیق مجلس با اشاره به ضرورت اجرای ماده ۱۴ قانون محاسبات عمومی مبنی بر تعیین تکلیف درآمدهای اختصاصی، نسبت به پیشنهاد حذف کلیه درآمدهای اختصاصی پیش‌بینی شده برای دستگاه‌های اجرایی و اضافه شدن آن به سرجمع بودجه عمومی در بخش درآمد عمومی با هدف شفافیت مالی، موافقت شد.,"In the meeting of the Parliament Consolidation Commission, referring to the necessity of implementing Article 14 of the Public Accounts Law regarding the assignment of special revenues, it was agreed to the proposal to remove all special revenues foreseen for the executive bodies and add them to the total of the public budget in the public revenue sector with the aim of financial transparency."
2018029061738561575,ali_khezrian,2026-02-01 18:29:56.142000+00:00,سپاه پاسداران انقلاب اسلامی به عنوان نهادی رسمی، قانونی و برآمده از قانون اساسی جمهوری اسلامی ایران، نقشی بی‌بدیل در پاسداری از استقلال، تمامیت ارضی و امنیت ملی و ثبات منطقه‌ای ایفا کرده و همواره در خط مقدم مبارزه با تروریسم، افراط‌گرایی و تهدیدات امنیتی قرار داشته است.,0,0,0,https://x.com/ali_khezrian/status/2018029061738561575,سپاه پاسداران انقلاب اسلامی به عنوان نهادی رسمی، قانونی و برآمده از قانون اساسی جمهوری اسلامی ایران، نقشی بی‌بدیل در پاسداری از استقلال، تمامیت ارضی و امنیت ملی و ثبات منطقه‌ای ایفا کرده و همواره در خط مقدم مبارزه با تروریسم، افراط‌گرایی و تهدیدات امنیتی قرار داشته است.,"The Islamic Revolutionary Guard Corps, as an official, legal institution arising from the Constitution of the Islamic Republic of Iran, has played an irreplaceable role in safeguarding independence, territorial integrity, national security, and regional stability, and has always been at the forefront of the fight against terrorism, extremism, and security threats."
2017888849859416378,ali_khezrian,2026-02-01 09:12:47.025000+00:00,آنچه باعث شده تا نور حقانیت #انقلاب_اسلامی همچنان در دل‌های هر وجدان بیداری بدرخشد این است که در طول ۴۷ سال گذشته، همواره دشمن‌ترین دشمنان خدا در جبهه طاغوت و استکبار، به ستیزه‌جویی با ملت ایران پرداختند؛ اما انقلاب خمینی(ره) توانسته در این مصاف نابرابر اراده‌اش را به پیش ببرد.,0,0,0,https://x.com/ali_khezrian/status/2017888849859416378,آنچه باعث شده تا نور حقانیت #انقلاب_اسلامی همچنان در دل‌های هر وجدان بیداری بدرخشد این است که در طول ۴۷ سال گذشته، همواره دشمن‌ترین دشمنان خدا در جبهه طاغوت و استکبار، به ستیزه‌جویی با ملت ایران پرداختند؛ اما انقلاب خمینی(ره) توانسته در این مصاف نابرابر اراده‌اش را به پیش ببرد.,"What has caused the light of the truth of the #Islamic_Revolution to continue to shine in the hearts of every awakened conscience is that during the past 47 years, the most hostile enemies of God have always fought with the Iranian nation on the front of tyranny and arrogance; But Khomeini's revolution was able to advance his will in this unequal confrontation."
2016942293576495403,ali_khezrian,2026-01-29 18:31:30.421000+00:00,در همایش سراسری دیده‌بان شفافیت و عدالت با اشاره به پدیده «کارچاق‌کن‌ها» و دستگیری اخیری که در خصوص پرونده‌های بزرگ اقتصادی در دستگاه قضایی صورت گرفته است، بر اهمیت رسیدگی به این پرونده برای شناسایی افرادی که کارچاق‌کن پذیر هستند و موجب اقداماتی در دستگاه قضایی شدند، تأکید شد.,0,0,0,https://x.com/ali_khezrian/status/2016942293576495403,در همایش سراسری دیده‌بان شفافیت و عدالت با اشاره به پدیده «کارچاق‌کن‌ها» و دستگیری اخیری که در خصوص پرونده‌های بزرگ اقتصادی در دستگاه قضایی صورت گرفته است، بر اهمیت رسیدگی به این پرونده برای شناسایی افرادی که کارچاق‌کن پذیر هستند و موجب اقداماتی در دستگاه قضایی شدند، تأکید شد.,"In the national conference of Transparency and Justice Watch, by referring to the phenomenon of ""businessmen"" and the recent arrests that have been made in the judicial system regarding large economic cases, it was emphasized the importance of handling this case to identify people who can be businessmen and who caused actions in the judicial system."
2016216374989799639,ali_khezrian,2026-01-27 18:26:57.943000+00:00,در جلسه کمیسیون تلفیق با پیشنهاد اعمال تخفیف ۵ درصدی برای اشخاص حقوقی غیردولتی، به دلیل اینکه این اقدام برخلاف عدالت در رقابت میان واحدهای تولیدی و آسیب به مراکز تولیدی اشخاص حقیقی خواهد شد که با سرمایه‌گذاری خصوصی باید با هلدینگ‌های اقتصادی خصولتی به رقابت بپردازند، مخالفت شد.,0,0,0,https://x.com/ali_khezrian/status/2016216374989799639,در جلسه کمیسیون تلفیق با پیشنهاد اعمال تخفیف ۵ درصدی برای اشخاص حقوقی غیردولتی، به دلیل اینکه این اقدام برخلاف عدالت در رقابت میان واحدهای تولیدی و آسیب به مراکز تولیدی اشخاص حقیقی خواهد شد که با سرمایه‌گذاری خصوصی باید با هلدینگ‌های اقتصادی خصولتی به رقابت بپردازند، مخالفت شد.,"In the meeting of the Consolidation Commission, the proposal to apply a 5% discount to non-governmental legal entities was opposed because this action would be contrary to justice in the competition between production units and damage to the production centers of natural persons who, with private investment, have to compete with Khusulti economic holdings."
2008789147633487898,ali_khezrian,2026-01-07 06:33:48.950000+00:00,پتروشیمی خلیج فارس در موضوع خرید ۲۵۰۰ عینک آفتابی به قیمت ۱۵ میلیارد تومان از برند علی دایی اعلام کرده: «برای تأمین عینک‌ها طبق ضوابط HSE تنها مراحل استعلام در یکی از شرکت‌های تابعه مبتنی بر قوانین و مقررات صورت گرفته است.» اما سند زیر نشان می‌دهد که موضوع اساساً استعلام نیست.,0,0,0,https://x.com/ali_khezrian/status/2008789147633487898,پتروشیمی خلیج فارس در موضوع خرید ۲۵۰۰ عینک آفتابی به قیمت ۱۵ میلیارد تومان از برند علی دایی اعلام کرده: «برای تأمین عینک‌ها طبق ضوابط HSE تنها مراحل استعلام در یکی از شرکت‌های تابعه مبتنی بر قوانین و مقررات صورت گرفته است.» اما سند زیر نشان می‌دهد که موضوع اساساً استعلام نیست.,"Persian Gulf Petrochemical has announced regarding the purchase of 2,500 sunglasses for 15 billion Tomans from the Ali Daei brand: ""In order to supply the glasses according to HSE regulations, only the inquiry steps have been done in one of the subsidiary companies based on the rules and regulations."" But the following document shows that the matter is not essentially an inquiry."
2008505451969998974,ali_khezrian,2026-01-06 11:46:30.633000+00:00,‌به اسم مسئولیت‌های اجتماعی، شاهد ریخت‌وپاش در کشور هستیم. پتروشیمی خلیج‌فارس نامه زده است که ۱۵ میلیارد تومان برای خرید ۲۵۰۰ عدد عینک آفتابی برای پرسنل از فروشگاه برند علی دایی صرف شود. این به چه معنا است؟ پول پاشی می‌کنید و بعد همین افراد مردم را علیه کشور می‌شورانند.,0,0,0,https://x.com/ali_khezrian/status/2008505451969998974,‌به اسم مسئولیت‌های اجتماعی، شاهد ریخت‌وپاش در کشور هستیم. پتروشیمی خلیج‌فارس نامه زده است که ۱۵ میلیارد تومان برای خرید ۲۵۰۰ عدد عینک آفتابی برای پرسنل از فروشگاه برند علی دایی صرف شود. این به چه معنا است؟ پول پاشی می‌کنید و بعد همین افراد مردم را علیه کشور می‌شورانند.,"In the name of social responsibilities, we are witnessing destruction in the country. Persian Gulf Petrochemical has written that 15 billion tomans will be spent to buy 2,500 sunglasses for personnel from the Ali Dai brand store. What does this mean? You spread money and then these same people incite people against the country."
2008493312651771972,ali_khezrian,2026-01-06 10:58:16.394000+00:00,"برای تخلفات و سوء جریان‌های مالی که به دادستانی دیوان محاسبات معرفی می‌شوند چه اتفاقی رخ می‌دهد؟ تقریباً هزینه تخلف مالی در کشور در حال بی‌هزینه شدن است.
در شرکت فرودگاه‌ها ۲۳ فروند هواپیما را با مبلغ بسیار ناچیز فروختند و از سال ۱۴۰۲ به دادستانی ارجاع شده، نتیجه آن چه شده است؟",0,0,0,https://x.com/ali_khezrian/status/2008493312651771972,"برای تخلفات و سوء جریان‌های مالی که به دادستانی دیوان محاسبات معرفی می‌شوند چه اتفاقی رخ می‌دهد؟ تقریباً هزینه تخلف مالی در کشور در حال بی‌هزینه شدن است.
در شرکت فرودگاه‌ها ۲۳ فروند هواپیما را با مبلغ بسیار ناچیز فروختند و از سال ۱۴۰۲ به دادستانی ارجاع شده، نتیجه آن چه شده است؟","What happens to violations and financial irregularities that are introduced to the prosecution of the Court of Accounts? Almost the cost of financial crime in the country is becoming free.
In the airports company, they sold 23 airplanes for a very small amount, and they have been referred to the prosecutor's office since 1402, what has been the result?"
2008076899830927517,ali_khezrian,2026-01-05 07:23:35.841000+00:00,در جلسه کمیسیون تلفیق مجلس با کلیات لایحه #بودجه_۱۴۰۵ به دلیل تخلف دولت از قانون برنامه هفتم، عدم توجه به احکام برنامه هفتم، کم‌برآوردی درآمد نفتی و مالیاتی، کم‌نمایی وابستگی بودجه به نفت و افزایش بودجه‌های جاری و اعتبارات هزینه‌ای دولت در کنار فشار اقتصادی به مردم، مخالفت کردم.,0,0,0,https://x.com/ali_khezrian/status/2008076899830927517,در جلسه کمیسیون تلفیق مجلس با کلیات لایحه #بودجه_۱۴۰۵ به دلیل تخلف دولت از قانون برنامه هفتم، عدم توجه به احکام برنامه هفتم، کم‌برآوردی درآمد نفتی و مالیاتی، کم‌نمایی وابستگی بودجه به نفت و افزایش بودجه‌های جاری و اعتبارات هزینه‌ای دولت در کنار فشار اقتصادی به مردم، مخالفت کردم.,"In the session of the Parliament Consolidation Commission, I disagreed with the generalities of the #Budget_1405 bill due to the government's violation of the Seventh Plan Law, disregarding the provisions of the Seventh Plan, underestimating oil and tax income, underestimating the budget's dependence on oil, and increasing the government's current budgets and spending credits in addition to economic pressure on the people."
2007843794641948682,ali_khezrian,2026-01-04 15:57:19.233000+00:00,"در پرونده فساد ۱۲۳ میلیون دلاری #پتروشیمی_جم، با جستجویی ساده مشخص است که اتفاقاً این موضوع در دی‌ماه ۱۳۹۹ با طرح سؤال بنده از وزیر وقت و طرح شکایت در کمیسیون اصل نود به جریان افتاد و موجب شد تا رأی آن نیز در دستگاه قضایی صادر شود.
irna.ir/news/84159249/
mizanonline.ir/fa/news/483328
…",0,0,0,https://x.com/ali_khezrian/status/2007843794641948682,"در پرونده فساد ۱۲۳ میلیون دلاری #پتروشیمی_جم، با جستجویی ساده مشخص است که اتفاقاً این موضوع در دی‌ماه ۱۳۹۹ با طرح سؤال بنده از وزیر وقت و طرح شکایت در کمیسیون اصل نود به جریان افتاد و موجب شد تا رأی آن نیز در دستگاه قضایی صادر شود.
irna.ir/news/84159249/
mizanonline.ir/fa/news/483328
…","In the 123 million dollar corruption case of #petrochemical_jam, it is clear from a simple search that by the way, this issue came to light in January 2019 when I asked the minister of the time and filed a complaint in the Principle 90 Commission, which led to the judgment being issued in the judicial system.
irna.ir/news/84159249/
mizanonline.ir/fa/news/483328
…"
2007717948975440290,ali_khezrian,2026-01-04 07:37:15.288000+00:00,تصمیم دولت برای حذف ارز ترجیحی براساس بند پ ماده ۳۳ قانون برنامه هفتم، می‌بایست به انتهای زنجیره تولید تعلق گیرد؛ و پرداخت آن تحت هر عنوانی به حساب مصرف‌کنندگان ضمن اینکه خلاف قانون است، موجب افزایش سرسام‌آور تورم و نابودی تولیدکنندگان خصوصاً مرغداری‌ها و دامداری‌ها خواهد شد.,0,0,0,https://x.com/ali_khezrian/status/2007717948975440290,تصمیم دولت برای حذف ارز ترجیحی براساس بند پ ماده ۳۳ قانون برنامه هفتم، می‌بایست به انتهای زنجیره تولید تعلق گیرد؛ و پرداخت آن تحت هر عنوانی به حساب مصرف‌کنندگان ضمن اینکه خلاف قانون است، موجب افزایش سرسام‌آور تورم و نابودی تولیدکنندگان خصوصاً مرغداری‌ها و دامداری‌ها خواهد شد.,"The government's decision to remove the preferred currency based on paragraph p, article 33 of the seventh plan law, should be assigned to the end of the production chain; And paying it under any title to the account of consumers, while being against the law, will cause a dramatic increase in inflation and the destruction of producers, especially poultry farms and livestock farms."
2007167579488718968,ali_khezrian,2026-01-02 19:10:16.977000+00:00,"آقای #ترامپ قمارباز! مردم #ایران فریب قاتل سردار دل‌ها و کسی که عامل اصلی تحریم‌ها علیه ملت ایران بوده و همین چند ماه پیش پشتیبان نخست وزیر جنایتکار رژیم صهیونسیتی در کشتار بیش از هزار نفر از مردم این سرزمین بوده است را نمی‌خورند.
بدان که هر حماقتی علیه ایران، بی‌پاسخ نمی‌ماند.",0,0,0,https://x.com/ali_khezrian/status/2007167579488718968,"آقای #ترامپ قمارباز! مردم #ایران فریب قاتل سردار دل‌ها و کسی که عامل اصلی تحریم‌ها علیه ملت ایران بوده و همین چند ماه پیش پشتیبان نخست وزیر جنایتکار رژیم صهیونسیتی در کشتار بیش از هزار نفر از مردم این سرزمین بوده است را نمی‌خورند.
بدان که هر حماقتی علیه ایران، بی‌پاسخ نمی‌ماند.","Mr. Trump is a gambler! The people of #Iran will not be fooled by the murderer of Sardar Delha and the person who was the main cause of sanctions against the Iranian nation and who just a few months ago supported the criminal prime minister of the Zionist regime in the killing of more than a thousand people of this land.
Know that any stupidity against Iran will not go unanswered."
2007065261552378026,ali_khezrian,2026-01-02 12:23:42.480000+00:00,"در زمان انتخابات ریاست جمهوری و در مناظره‌ای که با جناب محسن هاشمی رفسنجانی برگزار شد، نسبت به بی‌برنامه بودن آقای #پزشکیان در اداره اقتصادی کشور و آغاز دعوا میان متخصصان و کارشناسان در طول دوران مدیریت #دولت هشدار دادم.
آقای پزشکیان امروز مسئولیت وزرای دولت خود را هم نمی‌پذیرد!",0,0,0,https://x.com/ali_khezrian/status/2007065261552378026,"در زمان انتخابات ریاست جمهوری و در مناظره‌ای که با جناب محسن هاشمی رفسنجانی برگزار شد، نسبت به بی‌برنامه بودن آقای #پزشکیان در اداره اقتصادی کشور و آغاز دعوا میان متخصصان و کارشناسان در طول دوران مدیریت #دولت هشدار دادم.
آقای پزشکیان امروز مسئولیت وزرای دولت خود را هم نمی‌پذیرد!","During the presidential election and in the debate held with Mr. Mohsen Hashemi Rafsanjani, I warned about the unplannedness of Mr. #Physicians in the economic administration of the country and the start of fights between specialists and experts during the administration of the #government.
Today, Mr. Medzikian does not accept the responsibility of the ministers of his government!"
2006412354829914288,ali_khezrian,2025-12-31 17:09:17.387000+00:00,پس از رد کلیات لایحه #بودجه_۱۴۰۵ در کمیسیون تلفیق مجلس که منجر به نامه جناب پزشکیان جهت انجام تغییرات در جهت تأمین منافع اقتصادی مردم گردید، تاکنون ضمن حذف افزایش ۲ درصد مالیات بر ارزش افزوده، افزایش حقوق کارمندان و بازنشستگان نیز به صورت پلکانی معکوس از ۲۰ تا ۴۳ درصد تعیین شد.,0,0,0,https://x.com/ali_khezrian/status/2006412354829914288,پس از رد کلیات لایحه #بودجه_۱۴۰۵ در کمیسیون تلفیق مجلس که منجر به نامه جناب پزشکیان جهت انجام تغییرات در جهت تأمین منافع اقتصادی مردم گردید، تاکنون ضمن حذف افزایش ۲ درصد مالیات بر ارزش افزوده، افزایش حقوق کارمندان و بازنشستگان نیز به صورت پلکانی معکوس از ۲۰ تا ۴۳ درصد تعیین شد.,"After the general rejection of #Budget_1405 bill in the Parliament's Consolidation Commission, which led to the letter of Mr. Medician to make changes in order to secure the economic interests of the people, until now, in addition to eliminating the 2% increase in value added tax, the salary increase of employees and retirees was also determined in a reverse staggered manner from 20 to 43%."
2006321068143751320,ali_khezrian,2025-12-31 11:06:32.945000+00:00,در روزهایی که عموم مردم با مشکلات متعدد اقتصادی مواجه هستند، فردی به نام علی احمدنیا که به صورت همزمان در جایگاه رئیس امور اطلاع رسانی #دولت و مدیر ویژه #پتروشیمی_جم نشسته است، با ارسال فاکتورهای اجباری برای شرکت‌های دولتی به نام رسانه‌های خصوصی خود کاسبی راه انداخته است.,0,0,0,https://x.com/ali_khezrian/status/2006321068143751320,در روزهایی که عموم مردم با مشکلات متعدد اقتصادی مواجه هستند، فردی به نام علی احمدنیا که به صورت همزمان در جایگاه رئیس امور اطلاع رسانی #دولت و مدیر ویژه #پتروشیمی_جم نشسته است، با ارسال فاکتورهای اجباری برای شرکت‌های دولتی به نام رسانه‌های خصوصی خود کاسبی راه انداخته است.,"In the days when the general public is facing many economic problems, a person named Ali Ahmadnia, who is simultaneously the head of information affairs of the #government and the special manager of #Petrochemical_Jam, has started a business by sending mandatory invoices to government companies in the name of private media."
2005630194552586260,ali_khezrian,2025-12-29 13:21:15.845000+00:00,کلیات لایحه #بودجه_۱۴۰۵ به دلیل عدم پیش‌بینی الزامات متناظر با قانون برنامه هفتم، عدم شفافیت ۱۴۸۰ هزار میلیارد تومان منابع جمعی خرجی، عدم شفافیت منابع نفتی و بهینه‌سازی و عدم افزایش متناسب حقوق کارکنان و بازنشستگان با نرخ تورم، با مخالفت ۷۸ درصد اعضای کمیسیون تلفیق مجلس رد شد.,0,0,0,https://x.com/ali_khezrian/status/2005630194552586260,کلیات لایحه #بودجه_۱۴۰۵ به دلیل عدم پیش‌بینی الزامات متناظر با قانون برنامه هفتم، عدم شفافیت ۱۴۸۰ هزار میلیارد تومان منابع جمعی خرجی، عدم شفافیت منابع نفتی و بهینه‌سازی و عدم افزایش متناسب حقوق کارکنان و بازنشستگان با نرخ تورم، با مخالفت ۷۸ درصد اعضای کمیسیون تلفیق مجلس رد شد.,"The generalities of #Budget_1405 bill were rejected due to the lack of provision of the requirements corresponding to the law of the seventh plan, the lack of transparency of 1480 thousand billion tomans of collective spending resources, the lack of transparency of oil resources and optimization and the lack of proportional increase in the salaries of employees and retirees with the inflation rate, with the opposition of 78% of the members of the parliament consolidation commission."
2004512069555822877,ali_khezrian,2025-12-26 11:18:14.072000+00:00,وزارت راه و شهرسازی در حالی به دنبال خرید ۷۵ هزار واحد مسکونی در شهرهای بزرگ برای اجاره به مستأجران است که این اقدام ضمن اینکه عرضه و تقاضا را در #بازار_مسکن به هم می‌ریزد و موجب گرانی بیشتر می‌شود، می‌تواند با همان منابع به جای کمک به اجاره یک خانوار، ۱۵ خانوار را خانه‌دار کرد.,0,0,0,https://x.com/ali_khezrian/status/2004512069555822877,وزارت راه و شهرسازی در حالی به دنبال خرید ۷۵ هزار واحد مسکونی در شهرهای بزرگ برای اجاره به مستأجران است که این اقدام ضمن اینکه عرضه و تقاضا را در #بازار_مسکن به هم می‌ریزد و موجب گرانی بیشتر می‌شود، می‌تواند با همان منابع به جای کمک به اجاره یک خانوار، ۱۵ خانوار را خانه‌دار کرد.,"While the Ministry of Roads and Urban Development is looking to buy 75,000 residential units in big cities for rent to tenants, this action, while disrupting the supply and demand in the housing market and causing higher prices, can house 15 households with the same resources instead of helping to rent one household."
2004234759799820502,ali_khezrian,2025-12-25 16:56:18.274000+00:00,در نامه‌ای به رئیس جمهور و رئیس مجلس ضمن اشاره به تبعات و چرخه شوم حاصل از کاهش قدرت خرید مردم که موجب کاهش تقاضای مصرفی مؤثر، رکود در تولید، کاهش رشد اقتصادی، کاهش اشتغال و افزایش فساد در سیستم اداری می‌شود، بر اصلاح سیاست ناعادلانه سرکوب دستمزد تأکید شد.,0,0,0,https://x.com/ali_khezrian/status/2004234759799820502,در نامه‌ای به رئیس جمهور و رئیس مجلس ضمن اشاره به تبعات و چرخه شوم حاصل از کاهش قدرت خرید مردم که موجب کاهش تقاضای مصرفی مؤثر، رکود در تولید، کاهش رشد اقتصادی، کاهش اشتغال و افزایش فساد در سیستم اداری می‌شود، بر اصلاح سیاست ناعادلانه سرکوب دستمزد تأکید شد.,"In a letter to the president and speaker of the parliament, while pointing out the consequences and the vicious cycle resulting from the decrease in people's purchasing power, which causes a decrease in effective consumer demand, a stagnation in production, a decrease in economic growth, a decrease in employment, and an increase in corruption in the administrative system, it was emphasized on the reform of the unfair policy of wage suppression."
2003776619174048170,ali_khezrian,2025-12-24 10:35:49.037000+00:00,در شرایط نابسامان نهاده‌های دامی، مستنداتی به بنده رسیده که نشان می‌دهد فروش ۸ کشتی نهاده‌های دامی از طریق سامانه «بازارگاه» وزارت جهاد کشاورزی انجام شده، بدون آنکه این کالاها اساساً وارد کشور شده باشند، به بیان روشن‌تر، عملاً ۸ کشتی «خالی‌فروشی» صورت گرفته است.,0,0,0,https://x.com/ali_khezrian/status/2003776619174048170,در شرایط نابسامان نهاده‌های دامی، مستنداتی به بنده رسیده که نشان می‌دهد فروش ۸ کشتی نهاده‌های دامی از طریق سامانه «بازارگاه» وزارت جهاد کشاورزی انجام شده، بدون آنکه این کالاها اساساً وارد کشور شده باشند، به بیان روشن‌تر، عملاً ۸ کشتی «خالی‌فروشی» صورت گرفته است.,"In the chaotic conditions of livestock inputs, I received documents that show that the sale of 8 ships of livestock inputs was done through the ""marketplace"" system of the Ministry of Jihad Agriculture, without these goods actually entering the country, to put it more clearly, there were actually 8 ships of ""empty sale""."
2002842892927435237,ali_khezrian,2025-12-21 20:45:31.352000+00:00,"اگر #دولت در ترمیم کابینه یا اتخاذ تصمیمات اقتصادی سریع اقدام نکند، هیئت رئیسه مجلس باید استیضاح‌های ارائه شده را پیگیری کند.
هدف از #استیضاح لزوماً عزل وزیر نیست، بلکه می‌تواند باعث شود وزیر تجدیدنظر در اقدامات خود انجام داده و دوباره از مجلس رأی اعتماد بگیرد.",0,0,0,https://x.com/ali_khezrian/status/2002842892927435237,"اگر #دولت در ترمیم کابینه یا اتخاذ تصمیمات اقتصادی سریع اقدام نکند، هیئت رئیسه مجلس باید استیضاح‌های ارائه شده را پیگیری کند.
هدف از #استیضاح لزوماً عزل وزیر نیست، بلکه می‌تواند باعث شود وزیر تجدیدنظر در اقدامات خود انجام داده و دوباره از مجلس رأی اعتماد بگیرد.","If the government does not act quickly in repairing the cabinet or taking economic decisions, the Presidium of the Parliament must follow up on the impeachments presented.
The purpose of impeachment is not necessarily to dismiss the minister, but it can make the minister reconsider his actions and get a vote of confidence from the parliament again."
2001624025395794380,ali_khezrian,2025-12-18 12:02:10.687000+00:00,راه‌اندازی تالار دوم ارزی که در آن قیمت #ارز به عرضه و تقاضای وارد کننده و صادر کننده سپرده شده است، عملاً سپردن گوشت به گربه است. وقتی چنین شرایطی رخ می‌دهد، عملاً ما بازار را به دست انحصارگران سپرده‌ایم تا آن‌ها قیمت ارز را تعیین کنند.,0,0,0,https://x.com/ali_khezrian/status/2001624025395794380,راه‌اندازی تالار دوم ارزی که در آن قیمت #ارز به عرضه و تقاضای وارد کننده و صادر کننده سپرده شده است، عملاً سپردن گوشت به گربه است. وقتی چنین شرایطی رخ می‌دهد، عملاً ما بازار را به دست انحصارگران سپرده‌ایم تا آن‌ها قیمت ارز را تعیین کنند.,"Setting up the second currency forum, where the price of #currency is entrusted to the supply and demand of importers and exporters, is practically giving meat to the cat. When such a situation occurs, we have practically left the market in the hands of monopolists to determine the price of the currency."
2001624028478615840,ali_khezrian,2025-12-18 12:02:11.422000+00:00,عمده ارز صادراتی کشور دست صادرکنندگان حوزه فولاد و پتروشیمی است. عمده ارز توسط تراستی‌ها بازگردانده می‌شود. آن وقت ما قیمت‌گذاری حوزه ارز را به اینها بسپاریم؟ خوب انحصارگر با عرضه قطره چکانی قیمت را به گونه‌ای بالا می‌برد که پیوسته سودش افزایش یابد.,0,0,0,https://x.com/ali_khezrian/status/2001624028478615840,عمده ارز صادراتی کشور دست صادرکنندگان حوزه فولاد و پتروشیمی است. عمده ارز توسط تراستی‌ها بازگردانده می‌شود. آن وقت ما قیمت‌گذاری حوزه ارز را به اینها بسپاریم؟ خوب انحصارگر با عرضه قطره چکانی قیمت را به گونه‌ای بالا می‌برد که پیوسته سودش افزایش یابد.,"Most of the country's export currency is in the hands of steel and petrochemical exporters. Most of the currency is returned by the trustees. Then we leave the pricing of the currency field to them? Well, the monopolist increases the price by offering drippers in such a way that his profit increases continuously."
2001624033272697144,ali_khezrian,2025-12-18 12:02:12.565000+00:00,در شرایط تحریمی نمی‌توان نقش دولت را در تعیین نرخ ارز کمرنگ کرد. وقتی کشور تحریم است و بازگشت ارز به کشور با سختی روبرو است، نمی‌توانیم شعار #ارز_تک‌نرخی بدهیم. و باید توسط #بانک_مرکزی مدیریت شود. نه اینکه آن را رها کنیم و به عرضه و تقاضا بسپاریم!,0,0,0,https://x.com/ali_khezrian/status/2001624033272697144,در شرایط تحریمی نمی‌توان نقش دولت را در تعیین نرخ ارز کمرنگ کرد. وقتی کشور تحریم است و بازگشت ارز به کشور با سختی روبرو است، نمی‌توانیم شعار #ارز_تک‌نرخی بدهیم. و باید توسط #بانک_مرکزی مدیریت شود. نه اینکه آن را رها کنیم و به عرضه و تقاضا بسپاریم!,"In the conditions of sanctions, the role of the government in determining the exchange rate cannot be underestimated. When the country is embargoed and it is difficult to return the currency to the country, we cannot chant #single-rate currency. And it should be managed by the central bank. Not to leave it and leave it to supply and demand!"
2000911736468345247,ali_khezrian,2025-12-16 12:51:47.773000+00:00,در حالی که مردم در شرایط نابسامان اقتصادی به سر می‌برند، فردی چون علی احمدنیا که همزمان با پست رئیس امور اطلاع رسانی #دولت، در #پتروشیمی_جم با حکم حقوقی ۱۳۰ میلیون تومانی دو شغله می‌باشد؛ مجدداً تحت پوشش انرژی پرس و اقتصاد پرس، ماهانه ۶۰ میلیون تومان از پتروشیمی جم دریافت می‌کند.,0,0,0,https://x.com/ali_khezrian/status/2000911736468345247,در حالی که مردم در شرایط نابسامان اقتصادی به سر می‌برند، فردی چون علی احمدنیا که همزمان با پست رئیس امور اطلاع رسانی #دولت، در #پتروشیمی_جم با حکم حقوقی ۱۳۰ میلیون تومانی دو شغله می‌باشد؛ مجدداً تحت پوشش انرژی پرس و اقتصاد پرس، ماهانه ۶۰ میلیون تومان از پتروشیمی جم دریافت می‌کند.,"While the people are living in a chaotic economic situation, a person like Ali Ahmadnia, who, at the same time as the head of #government's information affairs, is working two jobs in #Petroshimi_Jem with a legal judgment of 130 million tomans; Again, under the cover of Press Energy and Press Economy, it receives 60 million Tomans per month from Jam Petrochemical."
2000911758504890429,ali_khezrian,2025-12-16 12:51:53.027000+00:00,"علی احمدنیا به عنوان رییس اطلاع رسانی دولت در بالادست نشسته و به جان اموال مردم و بازنشستگان افتاده و برای شرکت‌های دولتی به نام رسانه‌هایش فاکتور می‌فرستد و کسب درآمد می‌کند!
فرض کنید نان‌برده فقط از ۵۰ شرکت دولتی ماهی ۶۰ میلیون تومان پول بگیرد، می‌شود ماهیانه سه میلیارد تومان!",0,0,0,https://x.com/ali_khezrian/status/2000911758504890429,"علی احمدنیا به عنوان رییس اطلاع رسانی دولت در بالادست نشسته و به جان اموال مردم و بازنشستگان افتاده و برای شرکت‌های دولتی به نام رسانه‌هایش فاکتور می‌فرستد و کسب درآمد می‌کند!
فرض کنید نان‌برده فقط از ۵۰ شرکت دولتی ماهی ۶۰ میلیون تومان پول بگیرد، می‌شود ماهیانه سه میلیارد تومان!","Ali Ahmadnia, as the head of the government's information, is sitting at the top, and he has fallen on the lives of people's property and pensioners, and he sends invoices to government companies in the name of his media and earns money!
Let's assume that the breadwinner only gets 60 million tomans from 50 government companies, that would be three billion tomans a month!"
2000911763416736048,ali_khezrian,2025-12-16 12:51:54.198000+00:00,"جناب آقای #پزشکیان!
مدتی قبل پیرامون سفره‌ای به اسم #شورای_اطلاع_رسانی_دولت که در اطرافتان پهن شده است به شما تذکر دادم، اما متأسفانه توجهی نکردید. از جناب الیاس حضرتی که خود برای نزدیکانش جهت حضور در پست‌های مختلف رانت ایجاد کرده، انتظار برخورد با متخلفی چون علی احمدنیا نمی‌رود.",0,0,0,https://x.com/ali_khezrian/status/2000911763416736048,"جناب آقای #پزشکیان!
مدتی قبل پیرامون سفره‌ای به اسم #شورای_اطلاع_رسانی_دولت که در اطرافتان پهن شده است به شما تذکر دادم، اما متأسفانه توجهی نکردید. از جناب الیاس حضرتی که خود برای نزدیکانش جهت حضور در پست‌های مختلف رانت ایجاد کرده، انتظار برخورد با متخلفی چون علی احمدنیا نمی‌رود.","Dear Mr. Doctors!
Some time ago, I warned you about a table called #Government_Information_Council that is spread around you, but unfortunately you did not pay attention. Mr. Elias Hazrati, who created rent for his relatives to attend various positions, cannot be expected to deal with a violator like Ali Ahmadnia."
2000628855405736291,ali_khezrian,2025-12-15 18:07:43.672000+00:00,در نامه‌ای به وزیر بهداشت با اشاره به درخواست زیرمیزی معاون آموزشی برکنار شده، دو سؤال مبنی بر اینکه چرا هیچ اقدام درخور و شفافی از سوی وزارت بهداشت در این موضوع صورت نگرفته است و در سطح کلان برای مقابله با این نوع فساد چه برنامه‌ای وجود دارد، مطرح شد.,0,0,0,https://x.com/ali_khezrian/status/2000628855405736291,در نامه‌ای به وزیر بهداشت با اشاره به درخواست زیرمیزی معاون آموزشی برکنار شده، دو سؤال مبنی بر اینکه چرا هیچ اقدام درخور و شفافی از سوی وزارت بهداشت در این موضوع صورت نگرفته است و در سطح کلان برای مقابله با این نوع فساد چه برنامه‌ای وجود دارد، مطرح شد.,"In a letter to the Minister of Health, referring to the under-the-table request of the dismissed vice-chancellor, two questions were raised as to why no appropriate and transparent action has been taken by the Ministry of Health in this matter, and what is the plan at the macro level to deal with this type of corruption."
2000481934137594359,ali_khezrian,2025-12-15 08:23:54.912000+00:00,بانک‌های اقتصاد نوین و گردشگری مجموعاً رقمی حدود ۱۰۷ میلیون دلار از ضمانت‌های صادراتی کاتد مربوط به سال ۱۴۰۳ را آزاد نکرده‌اند؛ این در حالی است که در شش ماهه نخست سال ۱۴۰۴، هزینه تبلیغات این بانک‌ها ۲۸ برابر افزایش یافته و طبق شنیده‌ها، صرف برنامه فوتبالی آقای فردوسی‌پور شده است.,0,0,0,https://x.com/ali_khezrian/status/2000481934137594359,بانک‌های اقتصاد نوین و گردشگری مجموعاً رقمی حدود ۱۰۷ میلیون دلار از ضمانت‌های صادراتی کاتد مربوط به سال ۱۴۰۳ را آزاد نکرده‌اند؛ این در حالی است که در شش ماهه نخست سال ۱۴۰۴، هزینه تبلیغات این بانک‌ها ۲۸ برابر افزایش یافته و طبق شنیده‌ها، صرف برنامه فوتبالی آقای فردوسی‌پور شده است.,"New economy and tourism banks have not released a total of about 107 million dollars of cathode export guarantees for 1403; This is despite the fact that in the first six months of 1404, the advertising cost of these banks increased 28 times and according to what we heard, it was spent on Mr. Ferdosipour's football program."
2000295891291562278,ali_khezrian,2025-12-14 20:04:38.841000+00:00,"برای عقد قرارداد برای خرید یا فروش املاک، مردم ۳ بار هزینه می‌کنند! یک بار در املاکی‌ها، یک بار تأیید پیش نویس و سومین بار برای ثبت نهایی قرارداد.
تخلفات سازمان ثبت اسناد و املاک کشور در جلسه‌ای با معاون اول قوه قضاییه مطرح شد تا انحصار ایجاد شده در سامانه کاتب برداشته شود.",0,0,0,https://x.com/ali_khezrian/status/2000295891291562278,"برای عقد قرارداد برای خرید یا فروش املاک، مردم ۳ بار هزینه می‌کنند! یک بار در املاکی‌ها، یک بار تأیید پیش نویس و سومین بار برای ثبت نهایی قرارداد.
تخلفات سازمان ثبت اسناد و املاک کشور در جلسه‌ای با معاون اول قوه قضاییه مطرح شد تا انحصار ایجاد شده در سامانه کاتب برداشته شود.","To sign a contract to buy or sell real estate, people pay 3 times! Once in real estate, once to approve the draft and the third time for the final registration of the contract.
The violations of the country's property and documents registration organization were brought up in a meeting with the first vice president of the judiciary in order to remove the monopoly created in the scribe system."
2000201237329748191,ali_khezrian,2025-12-14 13:48:31.578000+00:00,"جناب #صالحی_امیری! اگر در سال ۹۵ درباره پرونده سازمان اسناد و کتابخانه ملی سکوت نمی‌شد، امروز شاهد تکرار همان الگوها نبودیم.
خاطرتان هست که در زمان تصدی جناب وزیر بود که طبق گزارش سازمان بازرسی کل کشور مبنی بر مداخله مقام دولتی در معاملات به اتفاق خواهر و خواهرزاده رأیی صادر شد.",0,0,0,https://x.com/ali_khezrian/status/2000201237329748191,"جناب #صالحی_امیری! اگر در سال ۹۵ درباره پرونده سازمان اسناد و کتابخانه ملی سکوت نمی‌شد، امروز شاهد تکرار همان الگوها نبودیم.
خاطرتان هست که در زمان تصدی جناب وزیر بود که طبق گزارش سازمان بازرسی کل کشور مبنی بر مداخله مقام دولتی در معاملات به اتفاق خواهر و خواهرزاده رأیی صادر شد.","Mr. #Salehi_Amiri! If there was no silence in 2015 about the National Library and Records Organization case, we would not have witnessed the same patterns repeating today.
Do you remember that it was during the tenure of the Minister that according to the report of the General Inspection Organization, a decision was issued regarding the intervention of a government official in transactions involving sisters and nieces."
2000201243944206798,ali_khezrian,2025-12-14 13:48:33.155000+00:00,اگر همان موقع با متخلفان برخورد قاطع و بازدارنده‌ای صورت می‌پذیرفت، الآن گرفتار اقدامات نجومی خواهرزاده جناب صالحی امیری نبودیم. و ایشان نیز طلبکارانه با فرار رو به جلو و با هدف بستن دهان نمایندگان مجلس، دست به شکایت نمی‌زدند.,0,0,0,https://x.com/ali_khezrian/status/2000201243944206798,اگر همان موقع با متخلفان برخورد قاطع و بازدارنده‌ای صورت می‌پذیرفت، الآن گرفتار اقدامات نجومی خواهرزاده جناب صالحی امیری نبودیم. و ایشان نیز طلبکارانه با فرار رو به جلو و با هدف بستن دهان نمایندگان مجلس، دست به شکایت نمی‌زدند.,"If a decisive and deterrent action had been taken against the violators at that time, we would not have been caught up in the astronomical actions of Mr. Salehi Amiri's niece. And they, too, did not complain by fleeing forward with the aim of shutting the mouths of parliamentarians."
2000201247920459785,ali_khezrian,2025-12-14 13:48:34.103000+00:00,ان‌شاءالله در مجلس پیگیری خواهیم کرد تا با ورود به موقع دستگاه‌های نظارتی و قضایی تراژدی بانک آینده و... برای فسادی که در #لیزینگ_رایان_سایپا رقم خورده است، تکرار نشود. و از آقای پزشکیان می‌خواهم به سوگندی که خوردند پایبند باشند و دستور اکید پیگیری دهند تا سره از ناسره مشخص گردد.,0,0,0,https://x.com/ali_khezrian/status/2000201247920459785,ان‌شاءالله در مجلس پیگیری خواهیم کرد تا با ورود به موقع دستگاه‌های نظارتی و قضایی تراژدی بانک آینده و... برای فسادی که در #لیزینگ_رایان_سایپا رقم خورده است، تکرار نشود. و از آقای پزشکیان می‌خواهم به سوگندی که خوردند پایبند باشند و دستور اکید پیگیری دهند تا سره از ناسره مشخص گردد.,"God willing, we will follow up in the parliament so that with the timely arrival of the supervisory and judicial bodies, the tragedy of Aindeh Bank and... for the corruption that took place in #Leasing_Rayan_Saipa will not be repeated. And I ask the doctors to adhere to the oath they took and follow up strictly so that Nasreh's head is determined."
1999899279327191545,ali_khezrian,2025-12-13 17:48:39.180000+00:00,در نامه‌ای به وزیر کار در خصوص جوابیه روابط عمومی شرکت سرمایه ‌گذاری #صدر_تأمین که در پاسخ به نامه اینجانب درباره شرکت #ذوب_آهن_اصفهان صورت پذیرفته، نسبت به اینکه موضوع کارگر و تولید آنقدر برای جناب میدری اهمیتی ندارد که به موضوع ورود کند، ابراز تأسف کردم.,0,0,0,https://x.com/ali_khezrian/status/1999899279327191545,در نامه‌ای به وزیر کار در خصوص جوابیه روابط عمومی شرکت سرمایه ‌گذاری #صدر_تأمین که در پاسخ به نامه اینجانب درباره شرکت #ذوب_آهن_اصفهان صورت پذیرفته، نسبت به اینکه موضوع کارگر و تولید آنقدر برای جناب میدری اهمیتی ندارد که به موضوع ورود کند، ابراز تأسف کردم.,"In a letter to the Minister of Labor regarding the public relations response of #Sadr_Tamin Investment Company, which was made in response to my letter regarding #Zob_Ahn_Isfahan Company, I expressed my regret that the issue of labor and production is not important enough for Mr. Midari to enter into the issue."
1999753966125744570,ali_khezrian,2025-12-13 08:11:13.813000+00:00,مطلع شدم نامه اینجانب به دادستان کل کشور در موضوع دو شغله بودن آقای علی احمدنیا شلمانی در شورای اطلاع رسانی دولت و پتروشیمی جم که مشمول عنوان مجرمانه تصرف غیرمجاز در وجوه و اموال دولتی است، به دادسرای عمومی و انقلاب ناحیه ۲۸ (جرائم کارکنان دولت) تهران جهت رسیدگی ارجاع شده است.,0,0,0,https://x.com/ali_khezrian/status/1999753966125744570,مطلع شدم نامه اینجانب به دادستان کل کشور در موضوع دو شغله بودن آقای علی احمدنیا شلمانی در شورای اطلاع رسانی دولت و پتروشیمی جم که مشمول عنوان مجرمانه تصرف غیرمجاز در وجوه و اموال دولتی است، به دادسرای عمومی و انقلاب ناحیه ۲۸ (جرائم کارکنان دولت) تهران جهت رسیدگی ارجاع شده است.,"I have been informed that my letter to the Attorney General of the country regarding Mr. Ali Ahmadnia Shalamani's two jobs in the Government Information Council and Jam Petrochemical, which is subject to the criminal title of unauthorized possession of government funds and property, has been referred to the General and Revolutionary Prosecutor's Office of the 28th District (Crimes of Government Employees) of Tehran for investigation."
1999513775402070107,ali_khezrian,2025-12-12 16:16:47.882000+00:00,"یک ""چهار راه فساد"" را تصور کنید، در صورتی که پلیسی در آن چهارراه مستقر شود، قاعدتاً بخشی از فساد را جلوگیری می‌کند. اما پلیس امکان نادیده گرفتن بخشی از فساد را بصورت عمدی و یا سهوی دارد.
اما اگر چهار راه فساد به تقاطع غیر همسطح تبدیل شود، اساساً امکان بروز فساد وجود نخواهد داشت.",0,0,0,https://x.com/ali_khezrian/status/1999513775402070107,"یک ""چهار راه فساد"" را تصور کنید، در صورتی که پلیسی در آن چهارراه مستقر شود، قاعدتاً بخشی از فساد را جلوگیری می‌کند. اما پلیس امکان نادیده گرفتن بخشی از فساد را بصورت عمدی و یا سهوی دارد.
اما اگر چهار راه فساد به تقاطع غیر همسطح تبدیل شود، اساساً امکان بروز فساد وجود نخواهد داشت.","Imagine a ""corruption four-way"", if a policeman is stationed at that intersection, it would normally prevent some corruption. But the police has the possibility to ignore part of the corruption intentionally or unintentionally.
But if the four roads of corruption turn into uneven intersections, it will not be possible for corruption to occur."
1999360371686031458,ali_khezrian,2025-12-12 06:07:13.586000+00:00,"هلدینگ #آتیه_صبا در حالی مدتی بدون سرپرست مانده است که مجموعه‌هایی چون هواپیمایی آسمان و کفش ملی زیرمجموعه این هلدینگ مهم اقتصادی هستند.
این بی‌تدبیری وزارت کار و ترک فعل آشکار وزیر، باعث به خطر افتادن سرمایه بازنشستگان و کارگران شده و از دلایل اصلی استیضاح وزیر در مجلس است.",0,0,0,https://x.com/ali_khezrian/status/1999360371686031458,"هلدینگ #آتیه_صبا در حالی مدتی بدون سرپرست مانده است که مجموعه‌هایی چون هواپیمایی آسمان و کفش ملی زیرمجموعه این هلدینگ مهم اقتصادی هستند.
این بی‌تدبیری وزارت کار و ترک فعل آشکار وزیر، باعث به خطر افتادن سرمایه بازنشستگان و کارگران شده و از دلایل اصلی استیضاح وزیر در مجلس است.","#Atiyeh_Saba Holding has been left without a supervisor for some time, while collections such as Asman Airlines and National Shoes are the important economic subsidiaries of this holding.
This imprudence of the Ministry of Labor and the obvious omission of the minister has put pensioners' and workers' capital at risk and is one of the main reasons for the impeachment of the minister in the parliament."
1999166933803946354,ali_khezrian,2025-12-11 17:18:34.401000+00:00,تأکید #رهبر_انقلاب بر لزوم تغییر آرایش رسانه‌ای و تبلیغاتی در مقابل جبهه فراگیر دشمن برای هدف قرار دادن دل‌ها و فکرهای مردم، نیازمند تشکیل یک #جبهه_مقاومت_رسانه‌ای در سطح منطقه و فرامنطقه‌ای با هدف محافظت از ذهنیت اجتماعی ملت‌ها و انجام تحولات ارزشی به نفع خواسته‌های دشمن شوند.,0,0,0,https://x.com/ali_khezrian/status/1999166933803946354,تأکید #رهبر_انقلاب بر لزوم تغییر آرایش رسانه‌ای و تبلیغاتی در مقابل جبهه فراگیر دشمن برای هدف قرار دادن دل‌ها و فکرهای مردم، نیازمند تشکیل یک #جبهه_مقاومت_رسانه‌ای در سطح منطقه و فرامنطقه‌ای با هدف محافظت از ذهنیت اجتماعی ملت‌ها و انجام تحولات ارزشی به نفع خواسته‌های دشمن شوند.,"The #revolutionary_leader's emphasis on the need to change the media and propaganda arrangement in front of the enemy's all-encompassing front to target the hearts and minds of the people, requires the formation of a regional and extra-regional #media_resistance_front with the aim of protecting the social mentality of the nations and carrying out value changes in favor of the enemy's demands."
1999166961712807978,ali_khezrian,2025-12-11 17:18:41.055000+00:00,آنچه نباید فراموش شود این است که امروز ما با یک تحول رسانه‌ای در شرایط جهانی روبه‌رو هستیم. رسانه‌ها در حال تغییر هستند و در صورتی می‌توان در مقابل امپریالیسم خبری موفق بود که این تحولات را بشناسیم.,0,0,0,https://x.com/ali_khezrian/status/1999166961712807978,آنچه نباید فراموش شود این است که امروز ما با یک تحول رسانه‌ای در شرایط جهانی روبه‌رو هستیم. رسانه‌ها در حال تغییر هستند و در صورتی می‌توان در مقابل امپریالیسم خبری موفق بود که این تحولات را بشناسیم.,What should not be forgotten is that today we are facing a media revolution in global conditions. The media is changing and we can be successful against news imperialism if we recognize these developments.
1999166966859215106,ali_khezrian,2025-12-11 17:18:42.282000+00:00,اگر فعالیتی در رسانه‌ صورت می‌گیرد، باید کارکردهای اجتماعی داشته باشد. و شرایط محیط اجتماعی از آن فعالیت متأثر شود. بر اساس این تعریف، فعالیت رسانه‌ای می‌بایست از نظر اجتماعی، فلسفه و منطق داشته باشد. و بتواند در جامعه هدف موضوعیت اجتماعی پیدا کند.,0,0,0,https://x.com/ali_khezrian/status/1999166966859215106,اگر فعالیتی در رسانه‌ صورت می‌گیرد، باید کارکردهای اجتماعی داشته باشد. و شرایط محیط اجتماعی از آن فعالیت متأثر شود. بر اساس این تعریف، فعالیت رسانه‌ای می‌بایست از نظر اجتماعی، فلسفه و منطق داشته باشد. و بتواند در جامعه هدف موضوعیت اجتماعی پیدا کند.,"If an activity takes place in the media, it must have social functions. And the conditions of the social environment will be affected by that activity. According to this definition, media activity should have philosophy and logic from a social point of view. and can find social objectivity in the target society."
1999002690760896533,ali_khezrian,2025-12-11 06:25:55.808000+00:00,در نامه‌ای به رئیس #قوه_قضاییه با اشاره به درخواست جمعی از دانشجویان، فعالان رسانه و دلسوزان انقلاب اسلامی، درخواست نظارت جدی بر روند رسیدگی به پرونده علی کاظمی خوبستانی و محسن کوره‌گر و برخورد با خاطیان و حامیان دانه درشت وی در درون و برون قوه مطرح شد.,0,0,0,https://x.com/ali_khezrian/status/1999002690760896533,در نامه‌ای به رئیس #قوه_قضاییه با اشاره به درخواست جمعی از دانشجویان، فعالان رسانه و دلسوزان انقلاب اسلامی، درخواست نظارت جدی بر روند رسیدگی به پرونده علی کاظمی خوبستانی و محسن کوره‌گر و برخورد با خاطیان و حامیان دانه درشت وی در درون و برون قوه مطرح شد.,"In a letter to the head of #Judiciary, with reference to a collective request from students, media activists and sympathizers of the Islamic Revolution, a request was made to seriously monitor the process of dealing with the case of Ali Kazemi Khobestani and Mohsen Koregar, and to deal with the wrongdoers and his big supporters inside and outside the judiciary."
1998848744213852188,ali_khezrian,2025-12-10 20:14:12.091000+00:00,"از عرش آمدی و زمین آبرو گرفت، باید برای بردن نامت وضو گرفت
میلاد حضرت #فاطمه_زهرا(س)، دردانه آفرینش، بهانه خلقت و الگوی برتر و کامل برای تمامی اعصار و نسل‌ها را به مسلمانان به خصوص #مادران و بانوان گرامی تبریک عرض می‌کنم. و به روح همه مادران آسمانی سلام و درود می‌فرستیم.",0,0,0,https://x.com/ali_khezrian/status/1998848744213852188,"از عرش آمدی و زمین آبرو گرفت، باید برای بردن نامت وضو گرفت
میلاد حضرت #فاطمه_زهرا(س)، دردانه آفرینش، بهانه خلقت و الگوی برتر و کامل برای تمامی اعصار و نسل‌ها را به مسلمانان به خصوص #مادران و بانوان گرامی تبریک عرض می‌کنم. و به روح همه مادران آسمانی سلام و درود می‌فرستیم.","You came from the throne and the earth was honored, one should perform ablution to take your name
I congratulate the Muslims, especially the dear #mothers and ladies, on the birth of Hazrat #Fatima_Zahra (pbuh), the pain of creation, the pretext of creation and the best and perfect model for all ages and generations. And we send greetings to the souls of all heavenly mothers."
1998712620593909788,ali_khezrian,2025-12-10 11:13:17.691000+00:00,"حجم قابل توجهی از انتصابات صورت گرفته در #هلدینگ_خلیج_فارس در ماه‌های گذشته با استعلام‌های قانونی همراه نبوده است. و آقای محمد شریعتمداری مدیرعامل این هلدینگ باید در این خصوص پاسخگو باشد
اگر این مسیر اصلاح نشود، #تحقیق_و_تفحص از این هلدینگ را در مجلس شروع خواهیم کرد.",0,0,0,https://x.com/ali_khezrian/status/1998712620593909788,"حجم قابل توجهی از انتصابات صورت گرفته در #هلدینگ_خلیج_فارس در ماه‌های گذشته با استعلام‌های قانونی همراه نبوده است. و آقای محمد شریعتمداری مدیرعامل این هلدینگ باید در این خصوص پاسخگو باشد
اگر این مسیر اصلاح نشود، #تحقیق_و_تفحص از این هلدینگ را در مجلس شروع خواهیم کرد.","A significant amount of appointments made in #Persian_Gulf_Holding in the past months have not been accompanied by legal inquiries. And Mr. Mohammad Shariatmadari, CEO of this holding, should be responsible in this regard
If this path is not corrected, we will start the investigation of this holding in the parliament."
1998417598472712551,ali_khezrian,2025-12-09 15:40:58.936000+00:00,آقای #پزشکیان! نرخ #تورم در کشور بیش از ۵۰ درصد است، این عدد ۲۰ درصدی که برای افزایش حقوق مردم در بودجه در نظر گرفته می‌شود چیست؟ آن را اصلاح کنید.,0,0,0,https://x.com/ali_khezrian/status/1998417598472712551,آقای #پزشکیان! نرخ #تورم در کشور بیش از ۵۰ درصد است، این عدد ۲۰ درصدی که برای افزایش حقوق مردم در بودجه در نظر گرفته می‌شود چیست؟ آن را اصلاح کنید.,"Mr. doctors! The rate of #inflation in the country is more than 50%, what is this number of 20% that is considered to increase people's rights in the budget? Fix it."
1998372423910260933,ali_khezrian,2025-12-09 12:41:28.481000+00:00,در فسادی که سال ۱۴۰۲ از دل لیزینگ رایان سایپا سر برآورده و فردی به نام هادی حسن‌زاده امیری که سال‌ها نامش در فهرست ابر بدهکاران بانک‌های دی، توسعه تعاون و ملی به چشم می‌خورد، بیش از یک هزار میلیارد تومان تسهیلات بانک را تحت عناوین مضحکی همچون «لیزینگ برنج» تصاحب کرده است.,0,0,0,https://x.com/ali_khezrian/status/1998372423910260933,در فسادی که سال ۱۴۰۲ از دل لیزینگ رایان سایپا سر برآورده و فردی به نام هادی حسن‌زاده امیری که سال‌ها نامش در فهرست ابر بدهکاران بانک‌های دی، توسعه تعاون و ملی به چشم می‌خورد، بیش از یک هزار میلیارد تومان تسهیلات بانک را تحت عناوین مضحکی همچون «لیزینگ برنج» تصاحب کرده است.,"In the corruption that arose from the heart of Ryan Saipa Leasing in 1402, and a person named Hadi Hassanzadeh Amiri, whose name has been on the list of super debtors of D, Development Cooperative and National Banks for many years, has appropriated more than one thousand billion Tomans of the bank's facilities under ridiculous titles such as ""Rice Leasing""."
1998112988516282743,ali_khezrian,2025-12-08 19:30:34.263000+00:00,"اصلی‌ترین تکلیف جریان دانشجویی در دانشگاه، تربیت نیروی انسانی برای جمهوری اسلامی است و
اگر فکر می‌کنیم از مسیر معاونت فرهنگی وزارت علوم و بهداشت تربیت نیروی انسانی متعهد رخ می‌دهد، اشتباه می‌کنیم.",0,0,0,https://x.com/ali_khezrian/status/1998112988516282743,"اصلی‌ترین تکلیف جریان دانشجویی در دانشگاه، تربیت نیروی انسانی برای جمهوری اسلامی است و
اگر فکر می‌کنیم از مسیر معاونت فرهنگی وزارت علوم و بهداشت تربیت نیروی انسانی متعهد رخ می‌دهد، اشتباه می‌کنیم.","The main task of the student flow in the university is to train human resources for the Islamic Republic
If we think that the training of committed human resources will take place through the Ministry of Science and Health's Cultural Vice-Chancellor, we are wrong."
1998090518283350260,ali_khezrian,2025-12-08 18:01:16.942000+00:00,از اولین سالی که #روز_دانشجو را در محیط دانشگاه تجربه کردم، ۲۳ سال می‌گذرد. و در طول همه این سال‌ها چه در دوران دانشجویی و چه در جایگاه معلمی، خود را مخاطب پیام آرمان‌خواهی و روح ایستادگی دانشجویانی می‌دانم که با خون پاک خود مسیر استقلال و عزت این سرزمین را روشن کردند.,0,0,0,https://x.com/ali_khezrian/status/1998090518283350260,از اولین سالی که #روز_دانشجو را در محیط دانشگاه تجربه کردم، ۲۳ سال می‌گذرد. و در طول همه این سال‌ها چه در دوران دانشجویی و چه در جایگاه معلمی، خود را مخاطب پیام آرمان‌خواهی و روح ایستادگی دانشجویانی می‌دانم که با خون پاک خود مسیر استقلال و عزت این سرزمین را روشن کردند.,"23 years have passed since the first year that I experienced #Student_Day in the university environment. And during all these years, whether as a student or as a teacher, I consider myself the recipient of the message of idealism and the spirit of resistance of students who illuminated the path of independence and dignity of this land with their pure blood."
1997926969166483553,ali_khezrian,2025-12-08 07:11:23.794000+00:00,در نامه‌ای به وزیر تعاون، کار و رفاه اجتماعی نسبت به تصمیم غیرکارشناسانه مدیرعامل سیاسی و بدون تخصص شرکت سرمایه‌گذاری صدر تأمین (زیر مجموعه شستا) برای صلح و سازش در موضوع رأی ۱۴ هزار میلیارد تومانی یکی از پرونده‌های حقوقی به نفع #ذوب_آهن_اصفهان، انتقاد شد.,0,0,0,https://x.com/ali_khezrian/status/1997926969166483553,در نامه‌ای به وزیر تعاون، کار و رفاه اجتماعی نسبت به تصمیم غیرکارشناسانه مدیرعامل سیاسی و بدون تخصص شرکت سرمایه‌گذاری صدر تأمین (زیر مجموعه شستا) برای صلح و سازش در موضوع رأی ۱۴ هزار میلیارد تومانی یکی از پرونده‌های حقوقی به نفع #ذوب_آهن_اصفهان، انتقاد شد.,"In a letter to the Minister of Cooperation, Labor and Social Welfare, criticism was made regarding the inexpert decision of the political CEO and without expertise of the Sadr Taftim Investment Company (a subsidiary of Shasta) for peace and compromise in the matter of the 14 thousand billion tomans vote of one of the legal cases in favor of #Zob_Ahan_Esfahan."
1997769543314214963,ali_khezrian,2025-12-07 20:45:50.546000+00:00,"دکتر #پزشکیان گفتند، #مجلس یکی از عوامل #تورم است، من از طرف مجلس از ایشان عذرخواهی می‌کنم. اگر مجلس وزیر شما را توبیخ و استیضاح می‌کرد این اتفاق رقم نمی‌خورد.
ما مقصریم و این حرف شما را قبول داریم. اگر با شما همراهی نمی‌کردیم شاهد کم‌کاری‌ها و عملکرد نامطلوب وزرا نبودیم.",0,0,0,https://x.com/ali_khezrian/status/1997769543314214963,"دکتر #پزشکیان گفتند، #مجلس یکی از عوامل #تورم است، من از طرف مجلس از ایشان عذرخواهی می‌کنم. اگر مجلس وزیر شما را توبیخ و استیضاح می‌کرد این اتفاق رقم نمی‌خورد.
ما مقصریم و این حرف شما را قبول داریم. اگر با شما همراهی نمی‌کردیم شاهد کم‌کاری‌ها و عملکرد نامطلوب وزرا نبودیم.","The doctors said, the Parliament is one of the factors of inflation, I apologize to them on behalf of the Parliament. This would not have happened if the parliament had reprimanded and impeached you.
We are guilty and we accept your word. If we did not accompany you, we would not have witnessed the inadequacies and unfavorable performance of the ministers."
1997758804457570509,ali_khezrian,2025-12-07 20:03:10.203000+00:00,هیأت وزیران با نقض قانون مبارزه با تأمین مالی تروریسم و بر خلاف تصریح قانون، با تصویب آیین‌نامه‌ای انحصار تعیین مصادیق سازمان‌ها، گروه‌ها و افراد تروریستی را از شورای عالی امنیت ملی خارج کرده و سازمان ملل را نیز مرجع تعیین آن قرار می‌دهد که عملاً علیه گروه‌های مقاومت می‌باشد.,0,0,0,https://x.com/ali_khezrian/status/1997758804457570509,هیأت وزیران با نقض قانون مبارزه با تأمین مالی تروریسم و بر خلاف تصریح قانون، با تصویب آیین‌نامه‌ای انحصار تعیین مصادیق سازمان‌ها، گروه‌ها و افراد تروریستی را از شورای عالی امنیت ملی خارج کرده و سازمان ملل را نیز مرجع تعیین آن قرار می‌دهد که عملاً علیه گروه‌های مقاومت می‌باشد.,"By violating the Law on Combating Financing of Terrorism and contrary to the provisions of the law, by approving a regulation, the Council of Ministers removed the monopoly of determining examples of terrorist organizations, groups and individuals from the Supreme National Security Council and made the United Nations the authority to determine it, which is actually against the resistance groups."
1997750692367528423,ali_khezrian,2025-12-07 19:30:56.130000+00:00,در نشست علنی مجلس با گرامیداشت #روز_دانشجو که یادآور مبارزه #جنبش_دانشجویی با استکبار جهانی و به ویژه آمریکا است؛ نسبت به رفع مشکلات صنفی و رفاهی دانشجویان ابراز امیدواری کردم و از ایشان خواستم تا خود را برای نقشی که در سال‌های آینده در اداره کشور بر عهده خواهند داشت، آماده کنند.,0,0,0,https://x.com/ali_khezrian/status/1997750692367528423,در نشست علنی مجلس با گرامیداشت #روز_دانشجو که یادآور مبارزه #جنبش_دانشجویی با استکبار جهانی و به ویژه آمریکا است؛ نسبت به رفع مشکلات صنفی و رفاهی دانشجویان ابراز امیدواری کردم و از ایشان خواستم تا خود را برای نقشی که در سال‌های آینده در اداره کشور بر عهده خواهند داشت، آماده کنند.,"In the public meeting of the parliament, in honor of #Student_Day, which reminds of the struggle of the #Student_Movement against the arrogance of the world and especially America; I expressed my hope for the resolution of students' union and welfare problems and asked them to prepare themselves for the role they will play in the administration of the country in the coming years."
1997736648117977325,ali_khezrian,2025-12-07 18:35:07.720000+00:00,همزمان با #روز_دانشجو در جمع دانشجویان عضو انجمن علمی علوم سیاسی دانشگاه علامه طباطبایی با اشاره به دیدگاه امام خمینی(ره) در موضوع #مستضعفین به عنوان صاحبان اصلی انقلاب، پیرامون ضرورت احقاق حقوق این طبقه و سپردن امر حکومت داری به ایشان برای برقراری عدالت اجتماعی گفتگو کردیم.,0,0,0,https://x.com/ali_khezrian/status/1997736648117977325,همزمان با #روز_دانشجو در جمع دانشجویان عضو انجمن علمی علوم سیاسی دانشگاه علامه طباطبایی با اشاره به دیدگاه امام خمینی(ره) در موضوع #مستضعفین به عنوان صاحبان اصلی انقلاب، پیرامون ضرورت احقاق حقوق این طبقه و سپردن امر حکومت داری به ایشان برای برقراری عدالت اجتماعی گفتگو کردیم.,"At the same time as #Student_Day, among the students of the Political Science Association of Allameh Tabatabai University, referring to Imam Khomeini's (RA) view on the subject of #the weak as the main owners of the revolution, we discussed the necessity of asserting the rights of this class and entrusting governance to them to establish social justice."
1997697674796249522,ali_khezrian,2025-12-07 16:00:15.756000+00:00,در یکی از دیدارهای دانشجویی با رهبر معظم انقلاب، ایشان خطاب به دانشجویان که صحبت کردند، فرمودند اینکه شما امروز نسبت به مسئولین انتقاد می‌کنید، اینها دانشجویان دیروز بودند و شما هم در آینده‌ای نزدیک در جایگاه مسئولیت قرار می‌گیرید و باید پاسخگو باشید.,0,0,0,https://x.com/ali_khezrian/status/1997697674796249522,در یکی از دیدارهای دانشجویی با رهبر معظم انقلاب، ایشان خطاب به دانشجویان که صحبت کردند، فرمودند اینکه شما امروز نسبت به مسئولین انتقاد می‌کنید، اینها دانشجویان دیروز بودند و شما هم در آینده‌ای نزدیک در جایگاه مسئولیت قرار می‌گیرید و باید پاسخگو باشید.,"In one of the student meetings with the supreme leader of the revolution, he addressed the students who spoke and said that you are criticizing the officials today, these were the students of yesterday and you will be in a position of responsibility in the near future and you must be accountable."
1997687008001683955,ali_khezrian,2025-12-07 15:17:52.594000+00:00,حضور فعالان سابق دانشجویی در مسئولیت‌های اجرایی و مجلس خیلی ارزشمند است چون نشان می‌دهد در جمهوری اسلامی بدون آقازادگی می‌شود طی یک روند منطقی در مناصب و مسئولیت قرار گرفت.,0,0,0,https://x.com/ali_khezrian/status/1997687008001683955,حضور فعالان سابق دانشجویی در مسئولیت‌های اجرایی و مجلس خیلی ارزشمند است چون نشان می‌دهد در جمهوری اسلامی بدون آقازادگی می‌شود طی یک روند منطقی در مناصب و مسئولیت قرار گرفت.,"The presence of former student activists in executive responsibilities and the parliament is very valuable because it shows that in the Islamic Republic, one can be placed in positions and responsibilities through a logical process without nepotism."
1997605951789269166,ali_khezrian,2025-12-07 09:55:47.287000+00:00,از دهه هشتاد به بعد گروهی از فعالین دانشجویی وارد فضای مدیریتی کشور شدند و بعد از بیانیه گام دوم انقلاب نیز زمینه ورود فعالین سابق جریان دانشجویی به مجلس فراهم شد.,0,0,0,https://x.com/ali_khezrian/status/1997605951789269166,از دهه هشتاد به بعد گروهی از فعالین دانشجویی وارد فضای مدیریتی کشور شدند و بعد از بیانیه گام دوم انقلاب نیز زمینه ورود فعالین سابق جریان دانشجویی به مجلس فراهم شد.,"From the eighties onwards, a group of student activists entered the administrative space of the country, and after the declaration of the second step of the revolution, the grounds for the entry of former student activists into the parliament were provided."
1997552473628946615,ali_khezrian,2025-12-07 06:23:17.100000+00:00,همزمان با #روز_دانشجو در نشستی با اعضای مرکز دیپلماسی جوانان کشور که عموماً از دانشجویان روابط بین‌الملل و علوم سیاسی هستند، ضمن شنیدن دیدگاه‌ها و نظرات ایشان، نکاتی پیرامون اهمیت دیپلماسی عمومی، ترسیم سیاست خارجی مطلوب و تهیه گزارش‌های کارشناسی برای مراکز تصمیم‌ساز کشور مطرح شد.,0,0,0,https://x.com/ali_khezrian/status/1997552473628946615,همزمان با #روز_دانشجو در نشستی با اعضای مرکز دیپلماسی جوانان کشور که عموماً از دانشجویان روابط بین‌الملل و علوم سیاسی هستند، ضمن شنیدن دیدگاه‌ها و نظرات ایشان، نکاتی پیرامون اهمیت دیپلماسی عمومی، ترسیم سیاست خارجی مطلوب و تهیه گزارش‌های کارشناسی برای مراکز تصمیم‌ساز کشور مطرح شد.,"Simultaneously with #Student_Day, in a meeting with the members of the country's youth diplomacy center, who are generally students of international relations and political sciences, while listening to their views and opinions, points were raised about the importance of public diplomacy, drawing up a favorable foreign policy, and preparing expert reports for the country's decision-making centers."
1997418872454959519,ali_khezrian,2025-12-06 21:32:24.098000+00:00,"#تشکل‌های_دانشجویی در شرایط جدید نیازمند بازتعریف جذابیت برای #دانشجویان نسل جدید است.
خودمان را باید جای دانشجوی جدیدالورود قرار بدهیم و ببینیم چه جذابیت‌هایی می‌تواند ما را به سمت حضور در تشکل‌های دانشجویی سوق بدهد.",0,0,0,https://x.com/ali_khezrian/status/1997418872454959519,"#تشکل‌های_دانشجویی در شرایط جدید نیازمند بازتعریف جذابیت برای #دانشجویان نسل جدید است.
خودمان را باید جای دانشجوی جدیدالورود قرار بدهیم و ببینیم چه جذابیت‌هایی می‌تواند ما را به سمت حضور در تشکل‌های دانشجویی سوق بدهد.","#Student_organizations in new conditions need to redefine attractiveness for #students of the new generation.
We should put ourselves in the place of new students and see what attractions can lead us to participate in student organizations."
1997418018641502405,ali_khezrian,2025-12-06 21:29:00.533000+00:00,"#فضای_مجازی نحوه عملکرد جریان دانشجویی را دچار تحول کرده است. امروزه جنبش دانشجویی با یک استوری زدن از برخی مسائل عبور می‌کند.
یکی از پیامدهای شبکه‌های اجتماعی، فرد گرایی است؛ اما #تشکل‌های_دانشجویی باید نحوه فعالیت خودشان را بازتعریف کنند.",0,0,0,https://x.com/ali_khezrian/status/1997418018641502405,"#فضای_مجازی نحوه عملکرد جریان دانشجویی را دچار تحول کرده است. امروزه جنبش دانشجویی با یک استوری زدن از برخی مسائل عبور می‌کند.
یکی از پیامدهای شبکه‌های اجتماعی، فرد گرایی است؛ اما #تشکل‌های_دانشجویی باید نحوه فعالیت خودشان را بازتعریف کنند.","#virtual_space has changed the way student flow works. Today, the student movement overcomes some issues by telling a story.
One of the consequences of social networks is individualism; But #student_organizations must redefine how they operate."
1997406716737069071,ali_khezrian,2025-12-06 20:44:05.949000+00:00,"در دهه هشتاد و زمان وزارت مصطفی معین، وقتی بخشی از بدنه دانشجویی با برگزاری یک تجمع نسبت به سیاسی کاری در وزارت علوم معترض شده بودند، جریان مدعی ""زنده باد مخالف من"" خواستار مقابله امنیتی با دانشجویان شده بود.",0,0,0,https://x.com/ali_khezrian/status/1997406716737069071,"در دهه هشتاد و زمان وزارت مصطفی معین، وقتی بخشی از بدنه دانشجویی با برگزاری یک تجمع نسبت به سیاسی کاری در وزارت علوم معترض شده بودند، جریان مدعی ""زنده باد مخالف من"" خواستار مقابله امنیتی با دانشجویان شده بود.","In the 1980s and during the ministry of Mustafa Moin, when a part of the student body protested against the politics of work in the Ministry of Science by holding a rally, the movement claiming ""long live my opponent"" demanded a security confrontation with the students."
1997330183318081631,ali_khezrian,2025-12-06 15:39:58.960000+00:00,"به همراه اعضای کمیسیون امنیت ملی و سیاست خارجی مجلس با خوزه رافائل سیلوا آپونته، سفیر جمهوری بولیواری ونزوئلا در تهران دیدار و گفت‌وگو کردیم.
در این دیدار ضمن اعلام حمایت از ملت ونزوئلا در مقابل زیاده‌خواهی‌های آمریکا، آقای سفیر آخرین گزارش‌ها از تحولات منطقه کارائیب را بیان کرد.",0,0,0,https://x.com/ali_khezrian/status/1997330183318081631,"به همراه اعضای کمیسیون امنیت ملی و سیاست خارجی مجلس با خوزه رافائل سیلوا آپونته، سفیر جمهوری بولیواری ونزوئلا در تهران دیدار و گفت‌وگو کردیم.
در این دیدار ضمن اعلام حمایت از ملت ونزوئلا در مقابل زیاده‌خواهی‌های آمریکا، آقای سفیر آخرین گزارش‌ها از تحولات منطقه کارائیب را بیان کرد.","Together with the members of the national security and foreign policy commission of the parliament, we met and talked with Jose Rafael Silva Aponte, the ambassador of the Bolivarian Republic of Venezuela in Tehran.
In this meeting, while announcing his support for the Venezuelan nation against the excesses of the United States, Mr. Sefir gave the latest reports on the developments in the Caribbean region."
1996969302054899858,ali_khezrian,2025-12-05 15:45:58.162000+00:00,در نشستی ۴ ساعته با دستگاه‌های اجرایی، امنیتی، انتظامی و قضایی، ضمن انتقاد از کوتاهی برخی مدیران دستگاه‌های اجرایی و همچنین دستگاه قضایی در اعمال قوانین و مقررات موجود در امر سلامت اجتماعی که با یک ترک فعل بزرگ همراه شده است، بر ضرورت برخورد با اقدامات سازمان‌یافته تأکید شد.,0,0,0,https://x.com/ali_khezrian/status/1996969302054899858,در نشستی ۴ ساعته با دستگاه‌های اجرایی، امنیتی، انتظامی و قضایی، ضمن انتقاد از کوتاهی برخی مدیران دستگاه‌های اجرایی و همچنین دستگاه قضایی در اعمال قوانین و مقررات موجود در امر سلامت اجتماعی که با یک ترک فعل بزرگ همراه شده است، بر ضرورت برخورد با اقدامات سازمان‌یافته تأکید شد.,"In a 4-hour meeting with the executive, security, law enforcement and judicial bodies, while criticizing the failure of some managers of the executive bodies as well as the judiciary in applying the existing laws and regulations in the matter of social health, which has been accompanied by a great omission, the necessity of dealing with organized actions was emphasized."
1996334400171127091,ali_khezrian,2025-12-03 21:43:05.757000+00:00,جناب آقای محسنی اژه‌ای! خبرگزاری میزان باید ارگان رسمی قوه قضائیه باشد، نه ابزار سیاست بازی و دعواهای سیاسی رایجی که متأسفانه این مجموعه رسانه‌ای شما به شدت گرفتار آن شده است و یکی از عللی هم که برخی زحمات شما و دستگاه قضایی به نتیجه نمی‌رسد، همین اقدامات غلط رسانه‌ای است.,0,0,0,https://x.com/ali_khezrian/status/1996334400171127091,جناب آقای محسنی اژه‌ای! خبرگزاری میزان باید ارگان رسمی قوه قضائیه باشد، نه ابزار سیاست بازی و دعواهای سیاسی رایجی که متأسفانه این مجموعه رسانه‌ای شما به شدت گرفتار آن شده است و یکی از عللی هم که برخی زحمات شما و دستگاه قضایی به نتیجه نمی‌رسد، همین اقدامات غلط رسانه‌ای است.,"Dear Mr. Mohseni Ajei! Meezan news agency should be the official organ of the judiciary, not a tool of common political games and fights, which unfortunately this media group of yours is heavily involved in, and one of the reasons why some efforts of you and the judiciary do not come to fruition, is the wrong actions of the media."
1996164127983542519,ali_khezrian,2025-12-03 10:26:29.704000+00:00,"آقای دکتر #پزشکیان؛ تورم در موضوعات اقتصادی به‌شدت بالاست از شما خواهش می‌کنم با توجه به اینکه کشور در شرایط عجیب غریبی دارد اداره می‌شود، تکلیف بسیاری از موضوعات را مشخص بفرمایید.
خصوصاً در موضوعات #تورم مواد غذایی که کشور را دچار مشکل کرده است.",0,0,0,https://x.com/ali_khezrian/status/1996164127983542519,"آقای دکتر #پزشکیان؛ تورم در موضوعات اقتصادی به‌شدت بالاست از شما خواهش می‌کنم با توجه به اینکه کشور در شرایط عجیب غریبی دارد اداره می‌شود، تکلیف بسیاری از موضوعات را مشخص بفرمایید.
خصوصاً در موضوعات #تورم مواد غذایی که کشور را دچار مشکل کرده است.","Mr. Dr. Inflation in economic matters is extremely high. I request you to clarify the duties of many matters, considering that the country is governed in strange conditions.
Especially in the issues of food inflation that has troubled the country."
1995947752254247034,ali_khezrian,2025-12-02 20:06:41.710000+00:00,"آقای وزیر اقتصاد! 
یک گزارشی از #منطقه_آزاد_ارس رسیده که حتی اگر نیمی از این گزارش هم درست باشد به اعتقاد من یک فاجعه بزرگ است.
منطقه آزاد، آزاد از نظارت و آزاد برای فامیل سالاری و رابطه بازی نیست.
این حجم از روابط خانوادگی و سیاسی نیاز فوری به شفاف‌سازی و اصلاح دارد.",0,0,0,https://x.com/ali_khezrian/status/1995947752254247034,"آقای وزیر اقتصاد! 
یک گزارشی از #منطقه_آزاد_ارس رسیده که حتی اگر نیمی از این گزارش هم درست باشد به اعتقاد من یک فاجعه بزرگ است.
منطقه آزاد، آزاد از نظارت و آزاد برای فامیل سالاری و رابطه بازی نیست.
این حجم از روابط خانوادگی و سیاسی نیاز فوری به شفاف‌سازی و اصلاح دارد.","Mr. Minister of Economy! 
A report has arrived from #Aras_Free_Region, which even if half of this report is true, I believe it is a big disaster.
The free zone is not free from surveillance and free for nepotism and relationship games.
This volume of family and political relations urgently needs to be clarified and corrected."
1995934037299659101,ali_khezrian,2025-12-02 19:12:11.810000+00:00,در نامه‌ای به وزیر کشور ضمن هشدار نسبت به بحران جدی در استانداردسازی اطلاعات املاک شهرداری‌ها، بر لزوم اقدام فوری وزارت کشور برای اجرای تکالیف قانونی معطل مانده جهت یکپارچه‌سازی اطلاعات املاک شهرداری‌ها و راه‌اندازی پروژه‌های حیاتی حکمرانی داده، مطرح شد.,0,0,0,https://x.com/ali_khezrian/status/1995934037299659101,در نامه‌ای به وزیر کشور ضمن هشدار نسبت به بحران جدی در استانداردسازی اطلاعات املاک شهرداری‌ها، بر لزوم اقدام فوری وزارت کشور برای اجرای تکالیف قانونی معطل مانده جهت یکپارچه‌سازی اطلاعات املاک شهرداری‌ها و راه‌اندازی پروژه‌های حیاتی حکمرانی داده، مطرح شد.,"In a letter to the Minister of Interior, while warning about the serious crisis in the standardization of municipal property information, the need for immediate action by the Ministry of Interior to implement pending legal tasks to integrate municipal property information and launch critical data governance projects was raised."
1995589612660809834,ali_khezrian,2025-12-01 20:23:34.577000+00:00,"مخالف #مذاکره نیستم، اما در شرایطی باید وارد مذاکره شد که مذاکره‌ شکل بگیرد، نه اینکه اراده‌های یک کشوری بر کشور دیگر تحمیل شود.
نباید در شرایطی وارد مذاکره شویم که قرار بر امضای دیکته طرف مقابل باشد.
خلق واژه مذاکره مسلح، من درآوردی و اثبات همان مرغ یک پای وزارت امور خارجه است.",0,0,0,https://x.com/ali_khezrian/status/1995589612660809834,"مخالف #مذاکره نیستم، اما در شرایطی باید وارد مذاکره شد که مذاکره‌ شکل بگیرد، نه اینکه اراده‌های یک کشوری بر کشور دیگر تحمیل شود.
نباید در شرایطی وارد مذاکره شویم که قرار بر امضای دیکته طرف مقابل باشد.
خلق واژه مذاکره مسلح، من درآوردی و اثبات همان مرغ یک پای وزارت امور خارجه است.","I am not against #negotiations, but one should enter into negotiations in a situation where negotiations take place, not that the will of one country is imposed on another country.
We should not enter into a negotiation in a situation where we are supposed to sign the other side's dictates.
The creation of the word ""armed negotiation"" is my invention and proof of the fact that the Ministry of Foreign Affairs has one foot."
1994861921645072488,ali_khezrian,2025-11-29 20:11:59.519000+00:00,#ترامپ وقتی می‌خواست انتخاب شود گفت ۴۸ ساعته جنگ اوکراین و روسیه را تمام می‌کنم. و در موضوع یمن تهدید کرده بود اگر حمله‌ای توسط یمنی‌ها انجام شود، آن را از سوی ایران می‌داند و بی‌پاسخ نخواهد ماند؛ اما در نهایت ناچار شد با انصار الله توافق کند. رئیس جمهور #آمریکا زیاد لاف می‌زند.,0,0,0,https://x.com/ali_khezrian/status/1994861921645072488,#ترامپ وقتی می‌خواست انتخاب شود گفت ۴۸ ساعته جنگ اوکراین و روسیه را تمام می‌کنم. و در موضوع یمن تهدید کرده بود اگر حمله‌ای توسط یمنی‌ها انجام شود، آن را از سوی ایران می‌داند و بی‌پاسخ نخواهد ماند؛ اما در نهایت ناچار شد با انصار الله توافق کند. رئیس جمهور #آمریکا زیاد لاف می‌زند.,"When Trump wanted to be elected, he said that he would end the war between Ukraine and Russia in 48 hours. And in the issue of Yemen, he had threatened that if an attack is carried out by the Yemenis, he will know it to be from Iran and will not remain unanswered. But in the end, he had to agree with Ansar Allah. The president of the United States brags a lot."
1994489052083749062,ali_khezrian,2025-11-28 19:30:20.488000+00:00,همزمان با ایام فاطمیه و به همراه برادرم ابراهیم رضایی با حضور در جمع نوجوانان برازجانی استان #بوشهر که چایخانه‌ای را تحت عنوان #نورچشمی‌ها اداره می‌کردند، با ایشان پیرامون ضرورت برنامه‌ریزی برای انجام فعالیت‌های مستمر فرهنگی مذهبی با استفاده از ظرفیت‌های مردمی گفتگو کردیم.,0,0,0,https://x.com/ali_khezrian/status/1994489052083749062,همزمان با ایام فاطمیه و به همراه برادرم ابراهیم رضایی با حضور در جمع نوجوانان برازجانی استان #بوشهر که چایخانه‌ای را تحت عنوان #نورچشمی‌ها اداره می‌کردند، با ایشان پیرامون ضرورت برنامه‌ریزی برای انجام فعالیت‌های مستمر فرهنگی مذهبی با استفاده از ظرفیت‌های مردمی گفتگو کردیم.,"At the same time as the days of Fatemiyah, together with my brother Ebrahim Rezaei, we were present in the group of youths from Brazjani of #Bushehr province who were running a tea house under the name of #Nurchshmiha."
1994425332351291591,ali_khezrian,2025-11-28 15:17:08.520000+00:00,اشاره رهبر انقلاب در حمایت همه‌جانبه از دولت و تشویق رئیس جمهور در حرکت به سمت اصلاح بنیادینی که شروعش در دولت شهید رئیسی کلید خورده است، با منطق استمرار ایستادگی ملت #ایران در برابر دشمن آمریکایی و صهیونی صورت می‌گیرد که می‌بایست با تقویت #اتحاد_ملی رقم بخورد.,0,0,0,https://x.com/ali_khezrian/status/1994425332351291591,اشاره رهبر انقلاب در حمایت همه‌جانبه از دولت و تشویق رئیس جمهور در حرکت به سمت اصلاح بنیادینی که شروعش در دولت شهید رئیسی کلید خورده است، با منطق استمرار ایستادگی ملت #ایران در برابر دشمن آمریکایی و صهیونی صورت می‌گیرد که می‌بایست با تقویت #اتحاد_ملی رقم بخورد.,"The leader of the revolution's all-out support for the government and the president's encouragement to move towards the fundamental reform that began in the government of Martyr Raisi, is done with the logic of the continuation of the #Iranian nation's stand against the American and Zionist enemies, which should be achieved by strengthening the #national_unity."
1994417312200339540,ali_khezrian,2025-11-28 14:45:16.367000+00:00,راهبرد مقاومت و همچنین اعتماد به قدرت ملی ایران به قدری ریشه‌دار است که رهبری حتی شایعه ارسال پیام غیرمستقیم به آمریکا برای بازگشت به میز #مذاکره را هم خیلی شفاف و صریح رد می‌کنند و آن را یک #دروغ_بزرگ توصیف می‌کنند؛ تا راه برای هر نوع سوءبرداشت و ارسال پیام ضعف به دشمن بسته شود.,0,0,0,https://x.com/ali_khezrian/status/1994417312200339540,راهبرد مقاومت و همچنین اعتماد به قدرت ملی ایران به قدری ریشه‌دار است که رهبری حتی شایعه ارسال پیام غیرمستقیم به آمریکا برای بازگشت به میز #مذاکره را هم خیلی شفاف و صریح رد می‌کنند و آن را یک #دروغ_بزرگ توصیف می‌کنند؛ تا راه برای هر نوع سوءبرداشت و ارسال پیام ضعف به دشمن بسته شود.,The strategy of resistance as well as trust in Iran's national power is so deep-rooted that the leadership rejects even the rumor of sending an indirect message to America to return to the #negotiation table very clearly and explicitly and describes it as a #big_lie; To close the way for any kind of misappropriation and sending a message of weakness to the enemy.
1994416035357757467,ali_khezrian,2025-11-28 14:40:11.944000+00:00,پیام سخنان رهبری نشان داد برخلاف ادعای دشمن صهیونیستی که به عنوان یکی از اهداف جنگ ۱۲ روزه در نظر گرفته شده بود، ملت ایران نه تنها از تفکر و #راهبرد_مقاومت دست برنداشته و نه تنها در مقابل خواست دشمن برای دست برداشتن از مقاومت کوتاه نیامده بلکه در پی تقویت این راهبرد عقلانی است.,0,0,0,https://x.com/ali_khezrian/status/1994416035357757467,پیام سخنان رهبری نشان داد برخلاف ادعای دشمن صهیونیستی که به عنوان یکی از اهداف جنگ ۱۲ روزه در نظر گرفته شده بود، ملت ایران نه تنها از تفکر و #راهبرد_مقاومت دست برنداشته و نه تنها در مقابل خواست دشمن برای دست برداشتن از مقاومت کوتاه نیامده بلکه در پی تقویت این راهبرد عقلانی است.,"The message of the leadership's words showed that, contrary to the claim of the Zionist enemy, which was considered as one of the goals of the 12-day war, the Iranian nation has not only not stopped thinking and #strategy of resistance, and not only has it not failed in the face of the enemy's desire to stop resistance, but is also seeking to strengthen this rational strategy."
1994408601109123515,ali_khezrian,2025-11-28 14:10:39.481000+00:00,برخلاف جریان‌سازی سنگین رسانه‌ای غرب علیه ایران و طرح روایت‌های جعلی از #جنگ_۱۲_روزه و همچنین جنگ روانی دشمنان که می‌خواهند ایران را موجودی ضعیف و در گوشه رینگ توصیف کنند،  #رهبر_انقلاب همچنان فعال‌ترین روایت‌گر فتح ایران و نظام جمهوری اسلامی به عنوان کانون اراده و قدرت هستند.,0,0,0,https://x.com/ali_khezrian/status/1994408601109123515,برخلاف جریان‌سازی سنگین رسانه‌ای غرب علیه ایران و طرح روایت‌های جعلی از #جنگ_۱۲_روزه و همچنین جنگ روانی دشمنان که می‌خواهند ایران را موجودی ضعیف و در گوشه رینگ توصیف کنند،  #رهبر_انقلاب همچنان فعال‌ترین روایت‌گر فتح ایران و نظام جمهوری اسلامی به عنوان کانون اراده و قدرت هستند.,"In contrast to the heavy media coverage of the West against Iran and the creation of fake narratives about the 12-day war as well as the psychological warfare of the enemies who want to describe Iran as a weak being and in the corner of the ring, the #revolutionary leader is still the most active narrator of the conquest of Iran and the Islamic Republic system as the center of will and power."
1994039938862744062,ali_khezrian,2025-11-27 13:45:43.552000+00:00,در مراسم اختتامیه رویداد #مردمی_شو ۳ در شهرستان #دشتستان با اشاره به سفارش امام خمینی(ره) در خصوص مستضعفان، پیشنهاد شناسایی نوجوانان و جوانان مستعد از مناطق محروم و برنامه‌ریزی بلندمدت برای رشد علمی، تربیتی و مدیریتی آن‌ها به جای فعالیت‌های صرفاً سخت‌افزاری در این مناطق مطرح شد.,0,0,0,https://x.com/ali_khezrian/status/1994039938862744062,در مراسم اختتامیه رویداد #مردمی_شو ۳ در شهرستان #دشتستان با اشاره به سفارش امام خمینی(ره) در خصوص مستضعفان، پیشنهاد شناسایی نوجوانان و جوانان مستعد از مناطق محروم و برنامه‌ریزی بلندمدت برای رشد علمی، تربیتی و مدیریتی آن‌ها به جای فعالیت‌های صرفاً سخت‌افزاری در این مناطق مطرح شد.,"In the closing ceremony of the 3rd People's Show in Dashtestan city, referring to Imam Khomeini's order regarding the needy, a proposal was made to identify talented teenagers and young people from deprived areas and long-term planning for their scientific, educational and managerial growth instead of merely hardware activities in these areas."
1993772540880429093,ali_khezrian,2025-11-26 20:03:10.905000+00:00,"آقای محسنی اژه‌ای! در وضعیت امروز جامعه و رشد فسادهای اخلاقی و جنبش برهنگی در کشور، یک ترک فعل و کم‌کاری بزرگ توسط دستگاه قضایی رقم می‌خورد. 
چرا در موارد متعدد که مراکز فساد در پوشش کافه و رستوران توسط پلیس پلمب می‌شوند، در کوتاه‌مدت مجدد فعال شده و تخلفات خود را تکرار می‌کنند؟",0,0,0,https://x.com/ali_khezrian/status/1993772540880429093,"آقای محسنی اژه‌ای! در وضعیت امروز جامعه و رشد فسادهای اخلاقی و جنبش برهنگی در کشور، یک ترک فعل و کم‌کاری بزرگ توسط دستگاه قضایی رقم می‌خورد. 
چرا در موارد متعدد که مراکز فساد در پوشش کافه و رستوران توسط پلیس پلمب می‌شوند، در کوتاه‌مدت مجدد فعال شده و تخلفات خود را تکرار می‌کنند؟","Mr. Mohseni Ajei! In today's state of society and the growth of moral corruption and nudity movement in the country, there is a big omission and lack of action by the judicial system. 
Why in many cases when corruption centers are sealed by the police under the guise of cafes and restaurants, they are reactivated in a short period of time and repeat their violations?"
1993738805480968651,ali_khezrian,2025-11-26 17:49:07.759000+00:00,"امروز یکی از راه‌های پول پاشی در شرکت‌ها و هلدینگ‌های اقتصادی مسئولیت‌های اجتماعی است.
شرکت ملی مس ایران در سال ۱۴۰۳ حدود ۱۴۰۰ میلیارد تومان تحت عنوان کمک بلاعوض و ورزش پول پاشی کرده است. و هلدینگ خلیج فارس نیز برای فصل جاری ۲ هزار میلیارد تومان به باشگاه استقلال پرداخت کرده است.",0,0,0,https://x.com/ali_khezrian/status/1993738805480968651,"امروز یکی از راه‌های پول پاشی در شرکت‌ها و هلدینگ‌های اقتصادی مسئولیت‌های اجتماعی است.
شرکت ملی مس ایران در سال ۱۴۰۳ حدود ۱۴۰۰ میلیارد تومان تحت عنوان کمک بلاعوض و ورزش پول پاشی کرده است. و هلدینگ خلیج فارس نیز برای فصل جاری ۲ هزار میلیارد تومان به باشگاه استقلال پرداخت کرده است.","Today, one of the ways of investing money in companies and economic holdings is social responsibility.
In 1403, the National Copper Company of Iran spent about 1400 billion Tomans under the title of grants and sports. And Persian Gulf Holding has also paid 2 thousand billion tomans to Esteghlal Club for the current season."
1993631824329769193,ali_khezrian,2025-11-26 10:44:01.465000+00:00,ما باید به سمت خروج از ان پی تی حرکت کنیم. آیا خروج از ان پی تی به معنای رفتن به سمت سلاح هسته‌ای است؟ خیر. می‌تواند به معنای اقدام عملی جهت تغییر نظم موجود غربی حاکم بر جهان و حرکت به سمت نظمی جدید باشد که از طریق سازمان شانگهای و گروه بریکس قابل پیگیری است.,0,0,0,https://x.com/ali_khezrian/status/1993631824329769193,ما باید به سمت خروج از ان پی تی حرکت کنیم. آیا خروج از ان پی تی به معنای رفتن به سمت سلاح هسته‌ای است؟ خیر. می‌تواند به معنای اقدام عملی جهت تغییر نظم موجود غربی حاکم بر جهان و حرکت به سمت نظمی جدید باشد که از طریق سازمان شانگهای و گروه بریکس قابل پیگیری است.,We must move towards exiting the NPT. Does withdrawing from the NPT mean going towards nuclear weapons? no It can mean practical action to change the existing western order ruling the world and move towards a new order that can be pursued through the Shanghai Organization and the BRICS group.
1993416949263487469,ali_khezrian,2025-11-25 20:30:11.257000+00:00,در کمیسیون امنیت ملی و سیاست خارجی جلسات جدی در وسط جنگ ۱۲ روزه درباره قانون تعلیق همکاری با آژانس داشتیم. و وزارت خارجه نمی‌تواند بگوید در جریان تصویب قانون تعلیق همکاری با آژانس نیست.,0,0,0,https://x.com/ali_khezrian/status/1993416949263487469,در کمیسیون امنیت ملی و سیاست خارجی جلسات جدی در وسط جنگ ۱۲ روزه درباره قانون تعلیق همکاری با آژانس داشتیم. و وزارت خارجه نمی‌تواند بگوید در جریان تصویب قانون تعلیق همکاری با آژانس نیست.,"In the National Security and Foreign Policy Commission, we had serious meetings in the middle of the 12-day war about the law suspending cooperation with the Agency. And the Ministry of Foreign Affairs cannot say that it is not in the process of approving the law to suspend cooperation with the agency."
1992895934372430061,ali_khezrian,2025-11-24 09:59:51.627000+00:00,"آنچه که باعث قطعنامه‌ها شد هزینه تغییر مسیر غلط سیاسی در سعدآباد، بروکسل و پاریس در سال‌های ۸۲ و ۸۳ به مسیر صحیح حقوقی بود. لذا زنجیره قطعنامه‌ها محصول عملکرد روحانی، ظریف و عراقچی از سعدآباد تا قاهره بود.
چرا مسیری را شروع کردید که از خروج NPT به خروج از توافق قاهره رسیدیم؟",0,0,0,https://x.com/ali_khezrian/status/1992895934372430061,"آنچه که باعث قطعنامه‌ها شد هزینه تغییر مسیر غلط سیاسی در سعدآباد، بروکسل و پاریس در سال‌های ۸۲ و ۸۳ به مسیر صحیح حقوقی بود. لذا زنجیره قطعنامه‌ها محصول عملکرد روحانی، ظریف و عراقچی از سعدآباد تا قاهره بود.
چرا مسیری را شروع کردید که از خروج NPT به خروج از توافق قاهره رسیدیم؟","What caused the resolutions was the cost of changing the wrong political path in Saadabad, Brussels and Paris in the years 82 and 83 to the correct legal path. Therefore, the chain of resolutions was the product of the performance of Rouhani, Zarif and Araghchi from Saadabad to Cairo.
Why did you start the path that led us to withdraw from the NPT to withdraw from the Cairo Agreement?"
1992674033976975815,ali_khezrian,2025-11-23 19:18:06.450000+00:00,"به خاطر مرغ یک پای وزارت خارجه در مذاکره با غرب دچار خطای راهبردی شدیم.
به جای اینکه از اسنپ بک درس بگیریم حرف مضحکی می‌زنند و می‌گویند تازه به پیش از برجام برمی‌گردیم.
باعث و بانی قطعنامه‌ها مسیر غلطی بود که در مذاکرات با غرب در توافق سعدآباد و در ادامه بروکسل و پاریس آغاز شد.",0,0,0,https://x.com/ali_khezrian/status/1992674033976975815,"به خاطر مرغ یک پای وزارت خارجه در مذاکره با غرب دچار خطای راهبردی شدیم.
به جای اینکه از اسنپ بک درس بگیریم حرف مضحکی می‌زنند و می‌گویند تازه به پیش از برجام برمی‌گردیم.
باعث و بانی قطعنامه‌ها مسیر غلطی بود که در مذاکرات با غرب در توافق سعدآباد و در ادامه بروکسل و پاریس آغاز شد.","Because of the one-legged chicken of the Foreign Ministry, we made a strategic mistake in negotiations with the West.
Instead of learning from Snapback, they say ridiculous things and say that we are just going back to before the JCPOA.
The cause of the resolutions was the wrong path that started in the negotiations with the West in the Saadabad agreement and then in Brussels and Paris."
1992674150880579595,ali_khezrian,2025-11-23 19:18:34.322000+00:00,"مسیر فنی ـ حقوقی ارتباط ایران و آژانس در مذاکرات سعدآباد به دلیل مذاکره با سه کشور اروپایی به جای آژانس، وارد مسیر سیاسی شد و برای اولین بار در تاریخ آژانس موضوع تعلیق خارج از مسیر فنی آژانس به ایران تحمیل شد.
توافق سعدآباد ستون کجی بود که دیوار تعامل با آژانس را سیاسی کرد.",0,0,0,https://x.com/ali_khezrian/status/1992674150880579595,"مسیر فنی ـ حقوقی ارتباط ایران و آژانس در مذاکرات سعدآباد به دلیل مذاکره با سه کشور اروپایی به جای آژانس، وارد مسیر سیاسی شد و برای اولین بار در تاریخ آژانس موضوع تعلیق خارج از مسیر فنی آژانس به ایران تحمیل شد.
توافق سعدآباد ستون کجی بود که دیوار تعامل با آژانس را سیاسی کرد.","The technical-legal path of the relationship between Iran and the Agency in the Saad Abad negotiations entered the political path due to negotiations with three European countries instead of the Agency, and for the first time in the history of the Agency, the issue of suspension was imposed on Iran outside of the technical path of the Agency.
The Saadabad agreement was a crooked pillar that politicized the wall of interaction with the Agency."
1992490320056201372,ali_khezrian,2025-11-23 07:08:05.638000+00:00,"برای رفع مشکلات اقتصادی مردم باید ابتکاراتی در وزارت امور خارجه داشته باشیم؛ اما نه تنها ابتکاری انجام نشده بلکه ابتکارات قبلی نیز تعطیل شد.
معاونت اقتصادی وزارت امور خارجه گام مؤثری در جهت همکاری اقتصادی با کشورهای منطقه، آفریقا و آمریکای لاتین نداشته و امتیاز آن زیر صفر است.",0,0,0,https://x.com/ali_khezrian/status/1992490320056201372,"برای رفع مشکلات اقتصادی مردم باید ابتکاراتی در وزارت امور خارجه داشته باشیم؛ اما نه تنها ابتکاری انجام نشده بلکه ابتکارات قبلی نیز تعطیل شد.
معاونت اقتصادی وزارت امور خارجه گام مؤثری در جهت همکاری اقتصادی با کشورهای منطقه، آفریقا و آمریکای لاتین نداشته و امتیاز آن زیر صفر است.","To solve the economic problems of the people, we must have initiatives in the Ministry of Foreign Affairs; But not only an initiative has not been carried out, but previous initiatives have also been closed.
The Economic Vice-Chancellor of the Ministry of Foreign Affairs has not taken an effective step towards economic cooperation with countries in the region, Africa and Latin America, and its score is below zero."
1992462916172517507,ali_khezrian,2025-11-23 05:19:12.043000+00:00,"در حالی که دو کشور چین و روسیه به دنبال مقابله با ساز و کار خودکار بازگشت تحریم‌ها علیه #ایران بودند، دستگاه دیپلماسی ما در قاهره و نیویورک به دنبال تمدید #اسنپ_بک بودند و با غربی‌ها مذاکره داشتیم.
ما باید از موضع قدرت در مذاکرات عمل می‌کردیم اما از موضع ضعف وارد شدیم.",0,0,0,https://x.com/ali_khezrian/status/1992462916172517507,"در حالی که دو کشور چین و روسیه به دنبال مقابله با ساز و کار خودکار بازگشت تحریم‌ها علیه #ایران بودند، دستگاه دیپلماسی ما در قاهره و نیویورک به دنبال تمدید #اسنپ_بک بودند و با غربی‌ها مذاکره داشتیم.
ما باید از موضع قدرت در مذاکرات عمل می‌کردیم اما از موضع ضعف وارد شدیم.","While two countries, China and Russia, sought to deal with the mechanism of the automatic return of sanctions against #Iran, our diplomatic apparatus in Cairo and New York sought to extend the #snapback and we negotiated with the Westerners.
We should have acted from a position of strength in negotiations, but we entered from a position of weakness."
1992320475217973313,ali_khezrian,2025-11-22 19:53:11.473000+00:00,"ارتباطات ما با بریکس و شانگهای در حداقل ممکن است و از ظرفیت بریکس و شانگهای در حوزه اقتصادی استفاده نمی‌شود.
کشورهای روسیه و چین پیش از فعال شدن #اسنپ_بک از ما حمایت کردند و ما با این کشورها همراهی نکردیم. ما مکاتبات اولیه چین و روسیه درباره اسنپ بک را امضا نکردیم.",0,0,0,https://x.com/ali_khezrian/status/1992320475217973313,"ارتباطات ما با بریکس و شانگهای در حداقل ممکن است و از ظرفیت بریکس و شانگهای در حوزه اقتصادی استفاده نمی‌شود.
کشورهای روسیه و چین پیش از فعال شدن #اسنپ_بک از ما حمایت کردند و ما با این کشورها همراهی نکردیم. ما مکاتبات اولیه چین و روسیه درباره اسنپ بک را امضا نکردیم.","Our connections with BRICS and Shanghai are at a minimum and the capacity of BRICS and Shanghai is not used in the economic field.
The countries of Russia and China supported us before the activation of Snapback and we did not cooperate with these countries. We did not sign the initial correspondence between China and Russia about Snapback."
1992310374549410226,ali_khezrian,2025-11-22 19:13:03.286000+00:00,"وزارت امور خارجه درسی از جنگ نگرفته‌ است.
خود غربی‌ها به شکست نظم موجود به دفعات اعتراف کردند اما در این حال وزارت امور خارجه به دنبال نظم موجود جهانی است.",0,0,0,https://x.com/ali_khezrian/status/1992310374549410226,"وزارت امور خارجه درسی از جنگ نگرفته‌ است.
خود غربی‌ها به شکست نظم موجود به دفعات اعتراف کردند اما در این حال وزارت امور خارجه به دنبال نظم موجود جهانی است.","The Ministry of Foreign Affairs has not learned from the war.
The Westerners themselves admitted the failure of the existing order many times, but at the same time, the Ministry of Foreign Affairs is looking for the existing global order."
1992300642749050886,ali_khezrian,2025-11-22 18:34:23.044000+00:00,"مرغ وزارت امور خارجه یک پا دارد و آن هم #مذاکره با غرب و آمریکاست.
مسیری که وزارت امور خارجه طی می‌کند، همان مسیری است که #روحانی و #ظریف طی کردند. و حفظ وضعیت موجود نظم غربی حاکم بر جهان توسط دستگاه دیپلماسی پیگیری می‌شود.",0,0,0,https://x.com/ali_khezrian/status/1992300642749050886,"مرغ وزارت امور خارجه یک پا دارد و آن هم #مذاکره با غرب و آمریکاست.
مسیری که وزارت امور خارجه طی می‌کند، همان مسیری است که #روحانی و #ظریف طی کردند. و حفظ وضعیت موجود نظم غربی حاکم بر جهان توسط دستگاه دیپلماسی پیگیری می‌شود.","The chicken of the Ministry of Foreign Affairs has one leg and that is #negotiations with the West and America.
The path taken by the Ministry of Foreign Affairs is the same path taken by Rouhani and Zarif. And maintaining the status quo of the western world order is pursued by the diplomatic system."
1991551369321525264,ali_khezrian,2025-11-20 16:57:02.338000+00:00,"قطعنامه شورای حکام چنان نوشته شده که گویی هیچ تجاوزی به خاک #ایران رخ نداده و ملتی که مورد حمله قرار گرفته، باید بدون توجه به امنیت ملی، زیر بار خواسته‌های سیاسی کشورهای ناقض قوانین بین‌المللی برود.
فشارهای سیاسی و قطعنامه‌های جهت‌دار هرگز ایران را از حقوق قانونی خود بازنمی‌دارد.",0,0,0,https://x.com/ali_khezrian/status/1991551369321525264,"قطعنامه شورای حکام چنان نوشته شده که گویی هیچ تجاوزی به خاک #ایران رخ نداده و ملتی که مورد حمله قرار گرفته، باید بدون توجه به امنیت ملی، زیر بار خواسته‌های سیاسی کشورهای ناقض قوانین بین‌المللی برود.
فشارهای سیاسی و قطعنامه‌های جهت‌دار هرگز ایران را از حقوق قانونی خود بازنمی‌دارد.","The resolution of the Council of Governors is written as if there was no aggression against the territory of #Iran and the nation that was attacked should bear the burden of the political demands of countries that violate international laws regardless of national security.
Political pressures and directional resolutions will never stop Iran from its legal rights."
1991218757784551579,ali_khezrian,2025-11-19 18:55:21.568000+00:00,در نشست دانشجویی تحلیل و بررسی عملکرد بانک مرکزی در مسئله پرونده #بانک_آینده که در #دانشگاه_شیراز برگزار شد، با اشاره به بحران بانکی در ایران که عمدتاً ناشی از ناترازی عمیق و منفی شدن جدی سرمایه است، توضیحاتی پیرامون بانک آینده به عنوان مصداق حاد یک بانک شدیداً ناسالم ارایه شد.,0,0,0,https://x.com/ali_khezrian/status/1991218757784551579,در نشست دانشجویی تحلیل و بررسی عملکرد بانک مرکزی در مسئله پرونده #بانک_آینده که در #دانشگاه_شیراز برگزار شد، با اشاره به بحران بانکی در ایران که عمدتاً ناشی از ناترازی عمیق و منفی شدن جدی سرمایه است، توضیحاتی پیرامون بانک آینده به عنوان مصداق حاد یک بانک شدیداً ناسالم ارایه شد.,"In the student meeting analyzing and reviewing the performance of the central bank in the case of #Future_Bank, which was held at #Shiraz_University, with reference to the banking crisis in Iran, which is mainly caused by deep imbalances and serious negativity of capital, explanations were given about Aindeh Bank as an acute example of an extremely unhealthy bank."
1991087413343494368,ali_khezrian,2025-11-19 10:13:26.613000+00:00,در جمع اساتید و طلاب مدرسه علمیه منصوریه #شیراز ضمن تبیین شرایط منطقه‌ای و همچنین مرور وضعیت داخلی کشور در شرایط پسا جنگ ۱۲ روزه، با برشمردن شاخص‌های وحدت گفتمانی، پیرامون تکلیف حوزه‌های علمیه در جهت حفظ #اتحاد_مقدس بر مبنای شاخص‌ها و روشنگری اجتماعی برای حفظ نظارت مردم تأکید شد.,0,0,0,https://x.com/ali_khezrian/status/1991087413343494368,در جمع اساتید و طلاب مدرسه علمیه منصوریه #شیراز ضمن تبیین شرایط منطقه‌ای و همچنین مرور وضعیت داخلی کشور در شرایط پسا جنگ ۱۲ روزه، با برشمردن شاخص‌های وحدت گفتمانی، پیرامون تکلیف حوزه‌های علمیه در جهت حفظ #اتحاد_مقدس بر مبنای شاخص‌ها و روشنگری اجتماعی برای حفظ نظارت مردم تأکید شد.,"In the gathering of professors and students of #Shiraz Mansourieh Seminary, while explaining the regional conditions and also reviewing the internal situation of the country in the post-12-day war conditions, by enumerating the indicators of discursive unity, it was emphasized about the task of the seminaries in order to maintain the #Holy_Union based on indicators and social enlightenment to maintain the supervision of the people."
1990798876962689201,ali_khezrian,2025-11-18 15:06:54.179000+00:00,در سفر به #شیراز توفیق شد تا با دکتر کامران باقری لنکرانی دیداری تازه شود و ضمن گفتگو پیرامون افزایش کیفیت خدمات پزشکی و بهره‌گیری از تجربیات ایشان در وزارت بهداشت، از ایشان درخواست کردم تا در مقابل جریان انسدادساز در کشور، با طرح راه‌حل‌های امید آفرین در جامعه به میدان بیایند.,0,0,0,https://x.com/ali_khezrian/status/1990798876962689201,در سفر به #شیراز توفیق شد تا با دکتر کامران باقری لنکرانی دیداری تازه شود و ضمن گفتگو پیرامون افزایش کیفیت خدمات پزشکی و بهره‌گیری از تجربیات ایشان در وزارت بهداشت، از ایشان درخواست کردم تا در مقابل جریان انسدادساز در کشور، با طرح راه‌حل‌های امید آفرین در جامعه به میدان بیایند.,"During my trip to #Shiraz, I had the opportunity to have a fresh meeting with Dr. Kamran Bagheri Lankarani, and while talking about increasing the quality of medical services and taking advantage of his experiences in the Ministry of Health, I requested him to come forward with a plan of promising solutions in the society against the obstructionist current in the country."
1990453016516833628,ali_khezrian,2025-11-17 16:12:34.623000+00:00,توفیق پیدا کردم با حضور در حاشیه شهر #کرمان با تعدادی از فعالان مردمی در موضوعات فرهنگی، اجتماعی و اقتصادی همچون مجموعه تربیتی عملیات ویژه در موضوع صهیونیسم شناسی به وسیله بازی، خانه امید کودکان در محله همت، کارگروه رفع مشکلات مردم در محله بنی‌هاشم و شهرک صنعتی سدید گفتگو کنم.,0,0,0,https://x.com/ali_khezrian/status/1990453016516833628,توفیق پیدا کردم با حضور در حاشیه شهر #کرمان با تعدادی از فعالان مردمی در موضوعات فرهنگی، اجتماعی و اقتصادی همچون مجموعه تربیتی عملیات ویژه در موضوع صهیونیسم شناسی به وسیله بازی، خانه امید کودکان در محله همت، کارگروه رفع مشکلات مردم در محله بنی‌هاشم و شهرک صنعتی سدید گفتگو کنم.,"By being on the edge of #Kerman city, I had the opportunity to talk with a number of people's activists on cultural, social and economic issues, such as the educational series of special operations on the subject of Zionism through games, the Children's House of Hope in Hemet neighborhood, the working group for solving people's problems in Bani Hashem neighborhood and Sadid Industrial Estate."
1990356114605592680,ali_khezrian,2025-11-17 09:47:31.407000+00:00,"به همراه اعضای #کمیسیون_اصل_نود مجلس در سفر نظارتی به استان #کرمان، به مدت ۳ ساعت با تجار و فعالان اقتصادی و صنعتی کرمان گفتگو شد و مقرر شد در کمیسیون پیگیری شوند.
ضمن اینکه در جلسه شورای اداری استان کرمان نیز درباره اهم موضوعات مطرح شده در این استان جمع بندی نهایی صورت گرفت.",0,0,0,https://x.com/ali_khezrian/status/1990356114605592680,"به همراه اعضای #کمیسیون_اصل_نود مجلس در سفر نظارتی به استان #کرمان، به مدت ۳ ساعت با تجار و فعالان اقتصادی و صنعتی کرمان گفتگو شد و مقرر شد در کمیسیون پیگیری شوند.
ضمن اینکه در جلسه شورای اداری استان کرمان نیز درباره اهم موضوعات مطرح شده در این استان جمع بندی نهایی صورت گرفت.","Along with the members of the 90th Parliament Commission, during a monitoring trip to Kerman province, they talked with businessmen and economic and industrial activists of Kerman for 3 hours, and it was decided that they should be followed up in the commission.
In addition, in the meeting of the administrative council of Kerman province, a final summary was made about the most important issues raised in this province."
1990135296843812994,ali_khezrian,2025-11-16 19:10:04.350000+00:00,در شرایطی که عموم مردم با مشکلات اقتصادی مواجه هستند، در بخش مأموریت‌ها و سفرهای داخلی و خارجی مدیران و کارکنان شرکت صنعتی معدنی #گل‌گهر_سیرجان بیش از ۲۲۲ میلیارد تومان پرداخت شده است و اعضای هیئت مدیره شرکت اصلی و زیرمجموعه‌های آن نیز بیش از ۲۱ میلیارد تومان پاداش دریافت کردند.,0,0,0,https://x.com/ali_khezrian/status/1990135296843812994,در شرایطی که عموم مردم با مشکلات اقتصادی مواجه هستند، در بخش مأموریت‌ها و سفرهای داخلی و خارجی مدیران و کارکنان شرکت صنعتی معدنی #گل‌گهر_سیرجان بیش از ۲۲۲ میلیارد تومان پرداخت شده است و اعضای هیئت مدیره شرکت اصلی و زیرمجموعه‌های آن نیز بیش از ۲۱ میلیارد تومان پاداش دریافت کردند.,"In a situation where the public is facing economic problems, more than 222 billion Tomans have been paid for the internal and external missions and trips of managers and employees of #Golgahar_Sirjan Industrial Mineral Company, and the members of the board of directors of the main company and its subsidiaries also received more than 21 billion Tomans in bonuses."
1989933210248073537,ali_khezrian,2025-11-16 05:47:03.151000+00:00,در نشستی با فعالان اجتماعی شهرستان #سیرجان که به همراه امیرحسین ثابتی برگزار شد، ضمن شنیدن نقطه نظرات، تحلیل‌ها و سؤالات ایشان در موضوعات مختلف که قریب به ۴ ساعت به طول انجامید، تلاش شد تا به قدر وسع پاسخگوی عملکرد مجلس و همچنین نسبت به مسایل اصلی کشور تبیین صورت گیرد.,0,0,0,https://x.com/ali_khezrian/status/1989933210248073537,در نشستی با فعالان اجتماعی شهرستان #سیرجان که به همراه امیرحسین ثابتی برگزار شد، ضمن شنیدن نقطه نظرات، تحلیل‌ها و سؤالات ایشان در موضوعات مختلف که قریب به ۴ ساعت به طول انجامید، تلاش شد تا به قدر وسع پاسخگوی عملکرد مجلس و همچنین نسبت به مسایل اصلی کشور تبیین صورت گیرد.,"In a meeting with the social activists of #Sirjan city, which was held with Amir Hossein Sabeti, while listening to their points of view, analysis and questions on various issues, which lasted for nearly 4 hours, an effort was made to answer as much as possible the performance of the parliament and also explain the main issues of the country."
1989268528860688534,ali_khezrian,2025-11-14 09:45:50.759000+00:00,در نشست نظارتی شرکت صنعتی معدنی #گل‌گهر_سیرجان، با اشاره به صورت‌های مالی رسمی و حسابرسی شده، علت کاهش ۱۳ درصدی سود شناسایی شده به ازای هر سهم در سال گذشته و جهش ۷۰ درصدی هزینه‌های فروش، اداری و عمومی که از مرز ۶۸۰۰ میلیارد تومان گذشته و حکایت از نابسامانی‌های مالی دارد، مطرح شد.,0,0,0,https://x.com/ali_khezrian/status/1989268528860688534,در نشست نظارتی شرکت صنعتی معدنی #گل‌گهر_سیرجان، با اشاره به صورت‌های مالی رسمی و حسابرسی شده، علت کاهش ۱۳ درصدی سود شناسایی شده به ازای هر سهم در سال گذشته و جهش ۷۰ درصدی هزینه‌های فروش، اداری و عمومی که از مرز ۶۸۰۰ میلیارد تومان گذشته و حکایت از نابسامانی‌های مالی دارد، مطرح شد.,"In the monitoring meeting of the #Golgahar_Sirjan Mineral Industrial Company, referring to the official and audited financial statements, the reason for the 13% decrease in profit per share last year and the 70% jump in sales, administrative and general expenses, which exceeded 6800 billion tomans, was brought up, indicating financial disturbances."
1989229106278592664,ali_khezrian,2025-11-14 07:09:11.683000+00:00,به همراه اعضای #کمیسیون_اصل_نود مجلس با حضور در شهرستان #سیرجان، ضمن برگزاری نشستی با مسئولان دستگاه‌های نظارتی، قضایی و امنیتی از عملکرد دستگاه‌های اجرایی در پروژه‌های عمرانی و شرکت‌های معدنی و صنعتی #نظارت_میدانی صورت گرفت.,0,0,0,https://x.com/ali_khezrian/status/1989229106278592664,به همراه اعضای #کمیسیون_اصل_نود مجلس با حضور در شهرستان #سیرجان، ضمن برگزاری نشستی با مسئولان دستگاه‌های نظارتی، قضایی و امنیتی از عملکرد دستگاه‌های اجرایی در پروژه‌های عمرانی و شرکت‌های معدنی و صنعتی #نظارت_میدانی صورت گرفت.,"Along with the members of the 90th Parliament Commission, attending a meeting in #Sirjan city, while holding a meeting with the officials of the regulatory, judicial and security agencies on the performance of executive agencies in construction projects and mining and industrial companies, #field monitoring took place."
1988689466903732295,ali_khezrian,2025-11-12 19:24:51.630000+00:00,در نامه‌ای به رئیس مجلس ضمن هشدار نسبت به تعلل دولت در اجرای ماده ۵۱ #برنامه_هفتم و سنگ‌اندازی در مسیر تشکیل سازمان پیشرفت و آبادانی روستاها، درخواست ورود به نامه نگاری‌های بی‌مورد سازمان اداری و استخدامی و تفسیر سلیقه‌ای معاونت حقوقی ریاست جمهوری مطرح شد.,0,0,0,https://x.com/ali_khezrian/status/1988689466903732295,در نامه‌ای به رئیس مجلس ضمن هشدار نسبت به تعلل دولت در اجرای ماده ۵۱ #برنامه_هفتم و سنگ‌اندازی در مسیر تشکیل سازمان پیشرفت و آبادانی روستاها، درخواست ورود به نامه نگاری‌های بی‌مورد سازمان اداری و استخدامی و تفسیر سلیقه‌ای معاونت حقوقی ریاست جمهوری مطرح شد.,"In a letter to the Speaker of the Parliament, while warning about the government's delay in implementing Article 51 of the #Seventh_Program and putting stones in the way of the establishment of the Rural Development and Development Organization, a request was made to enter into the unnecessary correspondence of the administrative and employment organization and the tasteful interpretation of the presidential legal vice."
1988512607188173139,ali_khezrian,2025-11-12 07:42:04.988000+00:00,پس از دو روز جلسات فشرده نظارتی صحن علنی مجلس پیرامون عملکرد دولت در سال اول #برنامه_هفتم که بصورت دو شیفت برگزار شد، امروز صبح در ادامه نشست‌های قرارگاه فکری اقتصادی مجلس، موضوع وضعیت مدیریت #نرخ_ارز در کشور و نحوه مدیریت صادرات، واردات و قاچاق ارز در کشور مورد بررسی قرار گرفت.,0,0,0,https://x.com/ali_khezrian/status/1988512607188173139,پس از دو روز جلسات فشرده نظارتی صحن علنی مجلس پیرامون عملکرد دولت در سال اول #برنامه_هفتم که بصورت دو شیفت برگزار شد، امروز صبح در ادامه نشست‌های قرارگاه فکری اقتصادی مجلس، موضوع وضعیت مدیریت #نرخ_ارز در کشور و نحوه مدیریت صادرات، واردات و قاچاق ارز در کشور مورد بررسی قرار گرفت.,"After two days of intensive supervisory meetings of the open floor of the parliament regarding the performance of the government in the first year of the #Seventh_Program, which were held in two shifts, this morning, in the continuation of the meetings of the economic think tank of the parliament, the issue of the management of the #currency_rate in the country and how to manage the export, import and smuggling of currency in the country were discussed."
1988152474486927771,ali_khezrian,2025-11-11 07:51:02.661000+00:00,آنچه پس از انحلال #بانک_آینده دارای اهمیت است، وصول بدهی و زیان انباشته ۷۰۰ هزار میلیارد تومانی بانک در فرآیند گزیر است. باید از #بانک_مرکزی و آقای فرزین پرسید حضور فردی چون ابراهیم ابراهیمی از افراد نزدیک به علی انصاری، سهامدار متخلف بانک در هیأت اجرایی به این امر کمک می‌کند؟,0,0,0,https://x.com/ali_khezrian/status/1988152474486927771,آنچه پس از انحلال #بانک_آینده دارای اهمیت است، وصول بدهی و زیان انباشته ۷۰۰ هزار میلیارد تومانی بانک در فرآیند گزیر است. باید از #بانک_مرکزی و آقای فرزین پرسید حضور فردی چون ابراهیم ابراهیمی از افراد نزدیک به علی انصاری، سهامدار متخلف بانک در هیأت اجرایی به این امر کمک می‌کند؟,"What is important after the liquidation of #Aindeh Bank is the collection of debts and accumulated losses of 700 thousand billion tomans of the bank in the process of liquidation. We should ask #Central_Bank and Mr. Farzin, does the presence of someone like Ebrahim Ebrahimi, one of the people close to Ali Ansari, the bank's delinquent shareholder, in the executive board help this?"
1987846754457321632,ali_khezrian,2025-11-10 11:36:13.326000+00:00,"میزان تحقق #برنامه_هفتم در سال اول از ۱۰۰درصد، متأسفانه ۳۷درصد برآورد شده است.
بطوریکه اجرای ۷۷درصد مرتبط با وزارت راه و شهرسازی، ۶۲درصد مرتبط با وزارت صمت، ۶۰درصد مرتبط با وزارت اقتصاد، ۵۶درصد مرتبط با وزارت نیرو و ۴۱درصد مرتبط با سازمان برنامه و بودجه در سال اول محقق نشده است.",0,0,0,https://x.com/ali_khezrian/status/1987846754457321632,"میزان تحقق #برنامه_هفتم در سال اول از ۱۰۰درصد، متأسفانه ۳۷درصد برآورد شده است.
بطوریکه اجرای ۷۷درصد مرتبط با وزارت راه و شهرسازی، ۶۲درصد مرتبط با وزارت صمت، ۶۰درصد مرتبط با وزارت اقتصاد، ۵۶درصد مرتبط با وزارت نیرو و ۴۱درصد مرتبط با سازمان برنامه و بودجه در سال اول محقق نشده است.","The rate of realization of #Seventh_Program in the first year is estimated from 100%, unfortunately 37%.
So that the implementation of 77% related to the Ministry of Roads and Urban Development, 62% related to the Ministry of Security, 60% related to the Ministry of Economy, 56% related to the Ministry of Energy and 41% related to the Program and Budget Organization have not been realized in the first year."
