tweet_id,username,created_at,text,replies,retweets,likes,url,Text_original,Text_en
2021297757466587458,alighasemi0011,2026-02-10 18:58:33.933000+00:00,چه خبره 22بهمنه یا جنگ جهانی دیونه مون کردین از بس تیر ترقه در کردین حتی اینقدر نا چیز هستید که تو کوه ها فرستاد براتون تیر ترقه در کنن واقعا که ,0,0,0,https://x.com/AliGhasemi0011/status/2021297757466587458,چه خبره 22بهمنه یا جنگ جهانی دیونه مون کردین از بس تیر ترقه در کردین حتی اینقدر نا چیز هستید که تو کوه ها فرستاد براتون تیر ترقه در کنن واقعا که ,What happened on 22 Bahman or the World War? You made us crazy.
2019878208573960214,alighasemi0011,2026-02-06 20:57:47.103000+00:00,دایی ما هم دلش خوشه میگه برو با یکی دوتا از استادات صحبت کن که بندازنت که دیر تر بخوایی بری سربازی بابا ولم کنید بزارید من برم مگه دیونه ام یه ترم دیگه تو اون دانشگاه کوفتی وایسم,0,0,0,https://x.com/AliGhasemi0011/status/2019878208573960214,دایی ما هم دلش خوشه میگه برو با یکی دوتا از استادات صحبت کن که بندازنت که دیر تر بخوایی بری سربازی بابا ولم کنید بزارید من برم مگه دیونه ام یه ترم دیگه تو اون دانشگاه کوفتی وایسم,"My uncle is also upset, he says, go talk to one or two of your professors to let you know that you want to go to the army later, Dad, don't let me go, am I crazy?"
2018794132945424522,alighasemi0011,2026-02-03 21:10:03.332000+00:00,وقتی بهم گفتن یکی ازهمکارامون رو که چندسال از ما بزرگ تر بود رو چه طور کشتن دیگه اون آدم سابق نشدم ,0,0,0,https://x.com/AliGhasemi0011/status/2018794132945424522,وقتی بهم گفتن یکی ازهمکارامون رو که چندسال از ما بزرگ تر بود رو چه طور کشتن دیگه اون آدم سابق نشدم ,"When they told me how to kill one of our colleagues, who was a few years older than us, I was no longer the same person."
2017868606348853691,alighasemi0011,2026-02-01 07:52:20.596000+00:00," «کارزار» محدود و حامد بیدی ممنوع المکالمه شده است!

 تلفن همراه حامد بیدی مدیر عامل پلتفرم کارزار به دستور مقام قضایی مسدود و وبسایت «کارزار» محدود شده است. پیش‌تر دو کارشناس فناوری، سعید سوزنگر و ایمان صیرفی، بازداشت شده‌اند.

 بیدی به رویداد۲۴ گفته است: متأسفانه تمام",0,0,0,https://x.com/abdolah_abdi/status/2017868606348853691," «کارزار» محدود و حامد بیدی ممنوع المکالمه شده است!

 تلفن همراه حامد بیدی مدیر عامل پلتفرم کارزار به دستور مقام قضایی مسدود و وبسایت «کارزار» محدود شده است. پیش‌تر دو کارشناس فناوری، سعید سوزنگر و ایمان صیرفی، بازداشت شده‌اند.

 بیدی به رویداد۲۴ گفته است: متأسفانه تمام","""Campaign"" is limited and Hamed Bedi is forbidden to talk!

 The mobile phone of Hamed Bedi, the CEO of Karzar platform, has been blocked by the order of the judicial authority and the ""Karzar"" website has been restricted. Earlier, two technology experts, Saeed Suzangar and Iman Sirfi, have been arrested.

 Biddy told Event24: ""Unfortunately, it's over."""
2017646577091842187,alighasemi0011,2026-01-31 17:10:04.696000+00:00,"من یه #طراح_سایت هستم و این روزها به‌خاطر شرایط کشور، تعداد پروژه هام خیلی کم شده.
یه #بازنشر ساده می‌تونه کمک بزرگی باشه.
اگه این توییت به دست آدم‌های بیشتری برسه، شاید یه فرصت کاری جدید ساخته بشه.
ممنون از حمایتی که می‌کنید ",0,0,0,https://x.com/rohamnz/status/2017646577091842187,"من یه #طراح_سایت هستم و این روزها به‌خاطر شرایط کشور، تعداد پروژه هام خیلی کم شده.
یه #بازنشر ساده می‌تونه کمک بزرگی باشه.
اگه این توییت به دست آدم‌های بیشتری برسه، شاید یه فرصت کاری جدید ساخته بشه.
ممنون از حمایتی که می‌کنید ","I am a #website designer and these days due to the conditions of the country, the number of my projects has decreased.
A simple repost can be a big help.
If this tweet reaches more people, maybe a new job opportunity will be created.
Thank you for your support"
2017703837511934273,alighasemi0011,2026-01-31 20:57:36.644000+00:00,ناموساً الان این چه سمیه من دارم میبینم  مردمو خر فرض کردین یا خودتون رو به خریت زدین,0,0,0,https://x.com/AliGhasemi0011/status/2017703837511934273,ناموساً الان این چه سمیه من دارم میبینم  مردمو خر فرض کردین یا خودتون رو به خریت زدین,"Honestly, now I see what kind of poison I have. You assumed people were donkeys or you beat yourself up"
2017382279299899485,alighasemi0011,2026-01-30 23:39:51.192000+00:00,"سعید سوزنگر فعال فناوری اطلاعات مدتی پیش ربوده شده و هیچ خبری ازش نیست، با اشتراک گذاشتن اجازه ندهید نام این افراد بی‌گناه فراموش بشود.
#Saeed_Souzangar
#سعید_سوزنگر",0,0,0,https://x.com/Teeegra/status/2017382279299899485,"سعید سوزنگر فعال فناوری اطلاعات مدتی پیش ربوده شده و هیچ خبری ازش نیست، با اشتراک گذاشتن اجازه ندهید نام این افراد بی‌گناه فراموش بشود.
#Saeed_Souzangar
#سعید_سوزنگر","Information technology activist Saeed Suzangar was kidnapped some time ago and there is no news about him, don't let the names of these innocent people be forgotten by sharing.
#Saeed_Souzangar
#Saeed Suzangar"
2017306710785011814,alighasemi0011,2026-01-30 18:39:34.254000+00:00,"صدای بچه های IT داخل ایران باشیم. اول ابزار کارشون و ازشون گرفتن. بعد که متوقف نشدن دستگیر شدند. 
بعد عرزشی بیشرف به من میگه چرا رفتی خارج از ایران.",0,0,0,https://x.com/iranux/status/2017306710785011814,"صدای بچه های IT داخل ایران باشیم. اول ابزار کارشون و ازشون گرفتن. بعد که متوقف نشدن دستگیر شدند. 
بعد عرزشی بیشرف به من میگه چرا رفتی خارج از ایران.","Let's be the voice of IT kids inside Iran. First, take their work tools from them. They were arrested after not stopping. 
Then Arzshi Bishraf tells me why you went outside of Iran."
2016781513346433159,alighasemi0011,2026-01-29 07:52:37.427000+00:00,"بچه ها لطفا اینو دیت به دست کنید افراد گول نخورن
سیمکارت استارلینک وجود نداره. 
تو این شرایط واقعا این پول خوردن داره؟!",0,0,0,https://x.com/khanomzadehh/status/2016781513346433159,"بچه ها لطفا اینو دیت به دست کنید افراد گول نخورن
سیمکارت استارلینک وجود نداره. 
تو این شرایط واقعا این پول خوردن داره؟!","Guys, please take this date, people will not be fooled
There is no Starlink SIM card. 
In this situation, is it really worth eating?!"
2016927327318430055,alighasemi0011,2026-01-29 17:32:02.187000+00:00,دولت به حساب خودش سال 80یه سیستم فیلترینگ آورد وفکر کرده الان هم می‌تونه این سیستم رو به خوبی اجرا کنه در صورتی خیلی وقت هست که شکست خورده وراه دور زدنش وفور هست حالا اینکه اوایل قطعی نت پیامرسان های داخلی حتی دیوار و بازی حکم چتش رو قطع کردین فقط نشونه یه چیزه که شما هیچی نیستین,0,0,0,https://x.com/AliGhasemi0011/status/2016927327318430055,دولت به حساب خودش سال 80یه سیستم فیلترینگ آورد وفکر کرده الان هم می‌تونه این سیستم رو به خوبی اجرا کنه در صورتی خیلی وقت هست که شکست خورده وراه دور زدنش وفور هست حالا اینکه اوایل قطعی نت پیامرسان های داخلی حتی دیوار و بازی حکم چتش رو قطع کردین فقط نشونه یه چیزه که شما هیچی نیستین,"The government brought a filtering system to its own account in 1980 and thought that it can still run this system well, but it has been failed for a long time and there are plenty of ways to circumvent it. Now, at the beginning of the shutdown of internal messengers, you even cut off the chat wall and game, it just shows that you are nothing."
2015875778978738539,alighasemi0011,2026-01-26 19:53:33.526000+00:00,"سعید سوزنگر دستگیر شده فراموشش نکنید 
کمترین کاریه که میتونیم بکنیم براش.",0,0,0,https://x.com/a_kamandlou/status/2015875778978738539,"سعید سوزنگر دستگیر شده فراموشش نکنید 
کمترین کاریه که میتونیم بکنیم براش.","Don't forget that Saeed Suzangar has been arrested 
It is the least we can do for him."
2016538614268580001,alighasemi0011,2026-01-28 15:47:25.774000+00:00,یه غلطی کردم دو هفته پیش ویندوز سیستم رو عوض  کردم از دیشب ساعت 9.5تا3بعد دوهفته به بدبختی تونستم درایور هاشو نصب کنم خدا لعنتتون کنه,0,0,0,https://x.com/AliGhasemi0011/status/2016538614268580001,یه غلطی کردم دو هفته پیش ویندوز سیستم رو عوض  کردم از دیشب ساعت 9.5تا3بعد دوهفته به بدبختی تونستم درایور هاشو نصب کنم خدا لعنتتون کنه,"I made a mistake two weeks ago, I changed the Windows system. From last night at 9:50 to 3:00, two weeks later, unfortunately, I was able to install the drivers. God damn you."
2016469575693447383,alighasemi0011,2026-01-28 11:13:05.695000+00:00,"اتهامی که به #سعید_سوزنگر زدند: تبلیغ علیه نظام و اجتماع و تبانی علیه امنیت ملی
اگر یادتون باشه سعید اینجا مدت‌ها به دنبال بستن کانال‌های تلگرامی پدوفیلی بود.",0,0,0,https://x.com/nima/status/2016469575693447383,"اتهامی که به #سعید_سوزنگر زدند: تبلیغ علیه نظام و اجتماع و تبانی علیه امنیت ملی
اگر یادتون باشه سعید اینجا مدت‌ها به دنبال بستن کانال‌های تلگرامی پدوفیلی بود.","The accusation against Saeed Suzangar: Propaganda against the system and society and collusion against national security
If you remember, Saeed Anja sought to close pedophile telegram channels for a long time."
2016169021637333407,alighasemi0011,2026-01-27 15:18:48.024000+00:00,"بازداشت آقای #سعید_سوزنگر  یکی از متخصصین حوزه آی‌تی و شبکه حداقل باید برای تمام افرادی که در این زمینه کار می‌کنند مهم باشه و همه باید صدای ایشون باشیم.  

اگر هنوز هم در این شرایط سرکوب و سانسور صدای ما در دنیا شنیده می‌شود از تلاشهای افرادی مثل ایشان است.",0,0,0,https://x.com/5a8er/status/2016169021637333407,"بازداشت آقای #سعید_سوزنگر  یکی از متخصصین حوزه آی‌تی و شبکه حداقل باید برای تمام افرادی که در این زمینه کار می‌کنند مهم باشه و همه باید صدای ایشون باشیم.  

اگر هنوز هم در این شرایط سرکوب و سانسور صدای ما در دنیا شنیده می‌شود از تلاشهای افرادی مثل ایشان است.","The arrest of Mr. Saeed Suzangar, one of the IT and network specialists, should at least be important for all the people who work in this field and we should all be their voice.  

If our voice is still heard in the world in this situation of repression and censorship, it is because of the efforts of people like him."
2016267349356130740,alighasemi0011,2026-01-27 21:49:31.179000+00:00,"دوستمون سعید بازداشته و الان باندهای پدوفیلی و کودک‌آزار ازین بازداشت خوشحالن
سعید سالهاست با تمام قدرت برای حقوق کودکان میجنگه ولی الان بیش از یک هفته‌ست این حامی کودکان در حبسه

 #سعید_سوزنگر",0,0,0,https://x.com/amunima/status/2016267349356130740,"دوستمون سعید بازداشته و الان باندهای پدوفیلی و کودک‌آزار ازین بازداشت خوشحالن
سعید سالهاست با تمام قدرت برای حقوق کودکان میجنگه ولی الان بیش از یک هفته‌ست این حامی کودکان در حبسه

 #سعید_سوزنگر","Our friend Saeed has been arrested and now the gangs of pedophiles and child abusers are happy about this arrest
Saeed has been fighting for children's rights with all his strength for years, but this child supporter has been in prison for more than a week now

 #Saeed Suzangar"
2016176291905450375,alighasemi0011,2026-01-27 15:47:41.391000+00:00,سعید سوزنگر، مصطفی موسوی و ایمان صیرفی از بچه‌های آیتی دستگیر شدن. حداقل‌ترین کاری که می‌تونیم بکنیم اینه که صداشون باشیم و اطلاع‌رسانی کنیم.,0,0,0,https://x.com/The_Pesar/status/2016176291905450375,سعید سوزنگر، مصطفی موسوی و ایمان صیرفی از بچه‌های آیتی دستگیر شدن. حداقل‌ترین کاری که می‌تونیم بکنیم اینه که صداشون باشیم و اطلاع‌رسانی کنیم.,"Saeed Suzangar, Mostafa Mousavi and Iman Sirafi from Aiti's children were arrested. The least we can do is to be their voice and inform them."
2016063625006338397,alighasemi0011,2026-01-27 08:19:59.509000+00:00,"متاسفانه سعید سوزنگر و ایمان (امیرحسین) صیرفی بازداشت شدن.
امیدواریم زودتر برگردن. 
x.com/jorjandii/stat
…",0,0,0,https://x.com/MilaDnu/status/2016063625006338397,"متاسفانه سعید سوزنگر و ایمان (امیرحسین) صیرفی بازداشت شدن.
امیدواریم زودتر برگردن. 
x.com/jorjandii/stat
…","Unfortunately, Saeed Suzangar and Iman (Amir Hossein) Sirafi were arrested.
We hope to return soon. 
x.com/jorjandii/stat
…"
2016251314389373064,alighasemi0011,2026-01-27 20:45:48.145000+00:00,"این بود دست مزد کارای بچه‌های شبکه به امید 
ازادی
 #سعید_سوزنگر",0,0,0,https://x.com/AliGhasemi0011/status/2016251314389373064,"این بود دست مزد کارای بچه‌های شبکه به امید 
ازادی
 #سعید_سوزنگر","This was the salary of the children of Hope network 
freedom
 #Saeed Suzangar"
2015768838936182889,alighasemi0011,2026-01-26 12:48:37.033000+00:00,تا حالا این حجم از VPN که الان دارم رو نداشتم ,0,0,0,https://x.com/AliGhasemi0011/status/2015768838936182889,تا حالا این حجم از VPN که الان دارم رو نداشتم ,"Until now, I did not have this amount of VPN that I have now"
2015373867426906175,alighasemi0011,2026-01-25 10:39:08.487000+00:00,چه برفی داره می‌زنن شیراز همچین برفی فقط کلاس پنجم ابتدایی یادمه ,0,0,0,https://x.com/AliGhasemi0011/status/2015373867426906175,چه برفی داره می‌زنن شیراز همچین برفی فقط کلاس پنجم ابتدایی یادمه ,What kind of snow is there? I only remember this kind of snow in Shiraz in the fifth grade
2015355530647109645,alighasemi0011,2026-01-25 09:26:16.658000+00:00,من نمی‌فهمم چرا به بعضی ها کانفیگ میدی و میگی فلانی دانلود سنگین نکن میرن می‌کنن احمقا خب تو این وضعیت همه سختی وصل میشن یه کاری نکنید همین چیزیم که به بدبختی کیرمون میاد رو نبند,0,0,0,https://x.com/AliGhasemi0011/status/2015355530647109645,من نمی‌فهمم چرا به بعضی ها کانفیگ میدی و میگی فلانی دانلود سنگین نکن میرن می‌کنن احمقا خب تو این وضعیت همه سختی وصل میشن یه کاری نکنید همین چیزیم که به بدبختی کیرمون میاد رو نبند,"I don't understand why you give configuration to some people and tell them not to make heavy downloads, they are idiots, well in this situation they are all difficult to connect, don't do anything."
2014825076286238751,alighasemi0011,2026-01-23 22:18:26.483000+00:00,ساقیا قبلا تو پارک  کار می‌کردن ولی الان یه جوری شده که راحت تو خونه می‌تونن کار کنن با این تفاوت که الان کانفیگ و پروکسی تولید میکن از بس که کانفیگ بده بستون کردیم دیونه شدیم ولی لطف بچه های Itفراموش نمیکنم دمتون گرم,0,0,0,https://x.com/AliGhasemi0011/status/2014825076286238751,ساقیا قبلا تو پارک  کار می‌کردن ولی الان یه جوری شده که راحت تو خونه می‌تونن کار کنن با این تفاوت که الان کانفیگ و پروکسی تولید میکن از بس که کانفیگ بده بستون کردیم دیونه شدیم ولی لطف بچه های Itفراموش نمیکنم دمتون گرم,"The bartenders used to work in the park, but now they can work comfortably at home, with the difference that now they generate configuration and proxy, it's enough to configure it, we closed it, we went crazy, but thanks to the It guys, I won't forget you. You are warm."
2014410447387070645,alighasemi0011,2026-01-22 18:50:51.250000+00:00,#بدون_شرح,0,0,0,https://x.com/ircfspace/status/2014410447387070645,#بدون_شرح,#Without_explanation
2013866860987527601,alighasemi0011,2026-01-21 06:50:50.153000+00:00,این چه وضعیه 13روز قطعی نت باور نکردنیه ,0,0,0,https://x.com/AliGhasemi0011/status/2013866860987527601,این چه وضعیه 13روز قطعی نت باور نکردنیه ,What is the situation of 13 days of internet outage? It's unbelievable
2008948322854182954,alighasemi0011,2026-01-07 17:06:19.280000+00:00,بعضی وقتا ناراحت و نگران این میشم که چرا درک زیادی از شبکه و امنیت سایبری ندارم واین بده خصوصاً تو این اوضاع و وضعیت ,0,0,0,https://x.com/AliGhasemi0011/status/2008948322854182954,بعضی وقتا ناراحت و نگران این میشم که چرا درک زیادی از شبکه و امنیت سایبری ندارم واین بده خصوصاً تو این اوضاع و وضعیت ,"Sometimes I get upset and worried because I don't have much understanding of network and cyber security, especially in this situation."
2006295102881477026,alighasemi0011,2025-12-31 09:23:22.344000+00:00,تو این مملکت تو سر سگ بزنی پایگاه خبری داره چه خبره,0,0,0,https://x.com/AliGhasemi0011/status/2006295102881477026,تو این مملکت تو سر سگ بزنی پایگاه خبری داره چه خبره,"In this country, what's wrong with a news station?"
2006062639189745866,alighasemi0011,2025-12-30 17:59:38.681000+00:00,"سیم کارت روشن هویت شما رو لو میدهد. 

 تشخیص هویت از طریق سیم کارت و موبایل امکان پذیر است و درحال حاضر ج.ا از طریق دکل های مخابراتی و ون های خاص افراد را شناسایی می کند.

نشر بدهید که تا به دست دانشجویان و بازاریان برسد.
filtershekan.sbs/IMSI_Catcher/",0,0,0,https://x.com/SarinaNeverDies/status/2006062639189745866,"سیم کارت روشن هویت شما رو لو میدهد. 

 تشخیص هویت از طریق سیم کارت و موبایل امکان پذیر است و درحال حاضر ج.ا از طریق دکل های مخابراتی و ون های خاص افراد را شناسایی می کند.

نشر بدهید که تا به دست دانشجویان و بازاریان برسد.
filtershekan.sbs/IMSI_Catcher/","A clear SIM card reveals your identity. 

 Identification is possible through SIM cards and mobile phones, and currently J.A. identifies people through telecommunication towers and special vans.

Publish it so that it reaches students and marketers.
filtershekan.sbs/IMSI_Catcher/"
2005689482172125579,alighasemi0011,2025-12-29 17:16:51.115000+00:00,کاش می‌تونستم زمان را دوباره به ساعت ۳ و ۱۰ دقیقه ظهر برگردونم تا بتونم دوباره اون دارم هورس ببینم  حداقل اینجوری دو دقیقه بیشتر زندگی می‌کردم و تا سرحد جنون خوشحال میشدم  ,0,0,0,https://x.com/AliGhasemi0011/status/2005689482172125579,کاش می‌تونستم زمان را دوباره به ساعت ۳ و ۱۰ دقیقه ظهر برگردونم تا بتونم دوباره اون دارم هورس ببینم  حداقل اینجوری دو دقیقه بیشتر زندگی می‌کردم و تا سرحد جنون خوشحال میشدم  ,I wish I could turn back time to 3:10 PM so that I could see him again. At least I would live two minutes longer like this and be happy to the point of insanity.
2005243383611269304,alighasemi0011,2025-12-28 11:44:12.930000+00:00,تو عالم خودم داشتم پیاده می‌رفتم یارو اومده میگه که جای میری برسونمت در اومدم گفتمش خدایی دلت میاد تو این بارون  تو ماشین باشی  اینجا ,0,0,0,https://x.com/AliGhasemi0011/status/2005243383611269304,تو عالم خودم داشتم پیاده می‌رفتم یارو اومده میگه که جای میری برسونمت در اومدم گفتمش خدایی دلت میاد تو این بارون  تو ماشین باشی  اینجا ,"In my own world, I was walking, my friend came and told me to take you where you are going."
2004521787309359201,alighasemi0011,2025-12-26 11:56:50.965000+00:00,"بودجه سال آینده کشورها:

ایران ۴۰ میلیارد دلار
آمریکا ۷۰۰۰ میلیارد دلار
ترکیه ۴۵۲ میلیارد دلار
عربستان ۳۵۰ میلیارد دلار
کره جنوبی ۵۴۲ میلیارد دلار
عراق ۱۵۳ میلیارد دلار

اقتصاد ایران در برابر کشورهای اسلامی بسیار عقب افتاده است .
ولی داریم پبشرفت میکنم به قله رسیدیم .",0,0,0,https://x.com/FadaSalar/status/2004521787309359201,"بودجه سال آینده کشورها:

ایران ۴۰ میلیارد دلار
آمریکا ۷۰۰۰ میلیارد دلار
ترکیه ۴۵۲ میلیارد دلار
عربستان ۳۵۰ میلیارد دلار
کره جنوبی ۵۴۲ میلیارد دلار
عراق ۱۵۳ میلیارد دلار

اقتصاد ایران در برابر کشورهای اسلامی بسیار عقب افتاده است .
ولی داریم پبشرفت میکنم به قله رسیدیم .","Next year's budget of the countries:

Iran 40 billion dollars
America 7000 billion dollars
Turkey 452 billion dollars
Saudi Arabia 350 billion dollars
South Korea 542 billion dollars
Iraq 153 billion dollars

Iran's economy is very backward compared to Islamic countries.
But we are looking forward to reaching the top."
2003519726082035736,alighasemi0011,2025-12-23 17:35:00.951000+00:00,"دورنمایی از خیابان‌های شیراز به هنگام پاییز
[پارت دوم]",0,0,0,https://x.com/Aqnabat2338/status/2003519726082035736,"دورنمایی از خیابان‌های شیراز به هنگام پاییز
[پارت دوم]","A view of the streets of Shiraz during autumn
[part two]"
2003562665780879392,alighasemi0011,2025-12-23 20:25:38.573000+00:00,داشتم به مسئول بخش It می‌گفتم که این دستگاه‌های سانترال چطوری کار می‌کنه زبونم نچرخید گفتم گفتم سانتریول  دهن سرویسا هم که منتظر بودن من سوتی بدم  شرف نمیزارن برام ,0,0,0,https://x.com/AliGhasemi0011/status/2003562665780879392,داشتم به مسئول بخش It می‌گفتم که این دستگاه‌های سانترال چطوری کار می‌کنه زبونم نچرخید گفتم گفتم سانتریول  دهن سرویسا هم که منتظر بودن من سوتی بدم  شرف نمیزارن برام ,"I was telling the person in charge of the IT department how these central devices work, but I didn't say anything."
2002620848541511867,alighasemi0011,2025-12-21 06:03:11.845000+00:00,من لذت میبرم از اینکه وقتی آلبوم خلیج ابی رو گوش میدم و داداشم فشار میخوره و کفری میشه  قیافش دیدنیه,0,0,0,https://x.com/AliGhasemi0011/status/2002620848541511867,من لذت میبرم از اینکه وقتی آلبوم خلیج ابی رو گوش میدم و داداشم فشار میخوره و کفری میشه  قیافش دیدنیه,"I enjoy the fact that when I listen to the album Khaleej Abi and my brother gets pressured and blasphemed, his face is spectacular."
2002369628807233546,alighasemi0011,2025-12-20 13:24:56.393000+00:00,تهرانیا دماوند دارن، ما کوه سرخ ,0,0,0,https://x.com/perperooook/status/2002369628807233546,تهرانیا دماوند دارن، ما کوه سرخ ,"They have Tehran and Damavand, we have Red Mountain"
2001754582876303519,alighasemi0011,2025-12-18 20:40:58.016000+00:00,عمق فاجعه رو امشب خونه پسر عموی مادرم متوجه شدم که مادرم ۲۰ تا خاله داره نه ۱۵ تا  از هر وری بهش نگاه می‌کنم انگار  تو یه حلقه Loopتو در تو انداختیش از پسرخاله به پسر عمه می‌رسی انگار بازار شامه  آخرشم نفهمیدم چی به چیه کی به کیه ,0,0,0,https://x.com/AliGhasemi0011/status/2001754582876303519,عمق فاجعه رو امشب خونه پسر عموی مادرم متوجه شدم که مادرم ۲۰ تا خاله داره نه ۱۵ تا  از هر وری بهش نگاه می‌کنم انگار  تو یه حلقه Loopتو در تو انداختیش از پسرخاله به پسر عمه می‌رسی انگار بازار شامه  آخرشم نفهمیدم چی به چیه کی به کیه ,"The depth of the tragedy tonight at my mother's cousin's house, I realized that my mother has 20 aunts, not 15 of each."
2001372740142666234,alighasemi0011,2025-12-17 19:23:39.614000+00:00,انگار خدا فقط با شیراز قهر کرده دور تا دور رو کوه‌ها برفه  ولی تو شهر نه ,0,0,0,https://x.com/AliGhasemi0011/status/2001372740142666234,انگار خدا فقط با شیراز قهر کرده دور تا دور رو کوه‌ها برفه  ولی تو شهر نه ,"It's as if God is just angry with Shiraz, there is snow all over the mountains, but not in the city"
2000909856010854567,alighasemi0011,2025-12-16 12:44:19.437000+00:00,"کاهش درآمدی که برای یوتوبرهای ایرانی اتفاق افتاده، با رفع فیلتر یوتوب هم اتفاق می‌افتاد.
تحریم، فیلترینگ و اینترنت گرانِ بی‌کیفیت هر سه در کاهش شدید کسب درآمد مستقیم از یوتوب نقش دارن و باعث شدن  این فرصت و پتانسیل هم از بین بره.
‌",0,0,0,https://x.com/MilaDnu/status/2000909856010854567,"کاهش درآمدی که برای یوتوبرهای ایرانی اتفاق افتاده، با رفع فیلتر یوتوب هم اتفاق می‌افتاد.
تحریم، فیلترینگ و اینترنت گرانِ بی‌کیفیت هر سه در کاهش شدید کسب درآمد مستقیم از یوتوب نقش دارن و باعث شدن  این فرصت و پتانسیل هم از بین بره.
‌","The decrease in income that happened to Iranian YouTubers also happened when the YouTube filter was removed.
Sanctions, filtering and poor quality internet all three play a role in the sharp reduction of direct income from YouTube and cause this opportunity and potential to be destroyed.
The"
2000485528529932572,alighasemi0011,2025-12-15 08:38:11.882000+00:00,مشکلات وحشتناک خودرو برقی در ایران,0,0,0,https://x.com/bitrun_ir/status/2000485528529932572,مشکلات وحشتناک خودرو برقی در ایران,Terrible problems of electric cars in Iran
1999889838732943820,alighasemi0011,2025-12-13 17:11:08.367000+00:00,تو دیروز فکر می‌کردم که یشتر پونتیاک‌ها تو تهران هستن ولی امروز مثال نقضش پیدا شد ,0,0,0,https://x.com/AliGhasemi0011/status/1999889838732943820,تو دیروز فکر می‌کردم که یشتر پونتیاک‌ها تو تهران هستن ولی امروز مثال نقضش پیدا شد ,"Yesterday, I thought that most Pontiacs were in Tehran, but today an example of the violation was found"
1999469904156852635,alighasemi0011,2025-12-12 13:22:28.162000+00:00,از دیروز که بارون داره می‌زنه ۱۰ بار تا حالا برق رفته انگار اصلاً تو این مملکت بارون نمی‌زده تا حالا ,0,0,0,https://x.com/AliGhasemi0011/status/1999469904156852635,از دیروز که بارون داره می‌زنه ۱۰ بار تا حالا برق رفته انگار اصلاً تو این مملکت بارون نمی‌زده تا حالا ,"It has been raining since yesterday, and the electricity has gone out 10 times. It is as if it has never rained in this country."
1999133531591594206,alighasemi0011,2025-12-11 15:05:50.693000+00:00,نمردیم و یه قطره بارونم دیدیم ولی به قیمت ضعیف شدن برق ,0,0,0,https://x.com/AliGhasemi0011/status/1999133531591594206,نمردیم و یه قطره بارونم دیدیم ولی به قیمت ضعیف شدن برق ,"We did not die and we saw a drop of rain, but at the cost of weak electricity"
1998508530433929457,alighasemi0011,2025-12-09 21:42:18.805000+00:00,من صاحب این سوزولیت رومیخوام یادش بخیر همیشه دم شاهچراغ بود ,0,0,0,https://x.com/AliGhasemi0011/status/1998508530433929457,من صاحب این سوزولیت رومیخوام یادش بخیر همیشه دم شاهچراغ بود ,"I am the owner of this Roman suzulite, I want to remember it well"
1998271394690273710,alighasemi0011,2025-12-09 06:00:01.238000+00:00,"در این لایو درباره‌ی موضوعاتی مانند 
#آدام_مرادی، #فرهاد_فتحی، #میثم_شکری‌ساز،  و حکم #غفاری صحبت شد. همچنین به موضوع داغ این روزهای فضای مجازی، یعنی #خط_سفید و نبود صداقت  خبرنگاران اشاره گردید.
 در ادامه، بخش‌هایی از این لایو را می‌بینید.
youtube.com/watch?v=LX9Nj_
…

#رضایت_خودرو",0,0,0,https://x.com/theiici/status/1998271394690273710,"در این لایو درباره‌ی موضوعاتی مانند 
#آدام_مرادی، #فرهاد_فتحی، #میثم_شکری‌ساز،  و حکم #غفاری صحبت شد. همچنین به موضوع داغ این روزهای فضای مجازی، یعنی #خط_سفید و نبود صداقت  خبرنگاران اشاره گردید.
 در ادامه، بخش‌هایی از این لایو را می‌بینید.
youtube.com/watch?v=LX9Nj_
…

#رضایت_خودرو","In this live about topics like 
#Adam_Moradi, #Farhad_Fathi, #Meytham_Shokrisaz, and Hakem #Ghafari were discussed. It was also pointed out the hot topic of these days of cyber space, that is, the #white line and the lack of honesty of journalists.
 In the following, you will see parts of this live.
youtube.com/watch?v=LX9Nj_
…

#Car satisfaction"
1998077531879313487,alighasemi0011,2025-12-08 17:09:40.742000+00:00,بعد میایی بهم میگی وایی  علی جون چرا  سیستمم بلو اسکیرین میده مدام دماش بالاس دیوث یه فوت رو سیستمت بکن حیف اون 12400h زیردسته ,0,0,0,https://x.com/AliGhasemi0011/status/1998077531879313487,بعد میایی بهم میگی وایی  علی جون چرا  سیستمم بلو اسکیرین میده مدام دماش بالاس دیوث یه فوت رو سیستمت بکن حیف اون 12400h زیردسته ,"Then you come and tell me, Ali, why does my system give blue skyrin, its temperature is always high, dude, put a foot on your system, it's a pity, it's under 12400h"
1997874537921151112,alighasemi0011,2025-12-08 03:43:03.211000+00:00,کاش همیشه این مدارس و دانشگاه تعطیل بود فک نمی‌کردم اینقدر تاثیر داشته باشه رو ترافیک 6.5صبح  بابا ایول ,0,0,0,https://x.com/AliGhasemi0011/status/1997874537921151112,کاش همیشه این مدارس و دانشگاه تعطیل بود فک نمی‌کردم اینقدر تاثیر داشته باشه رو ترافیک 6.5صبح  بابا ایول ,"I wish these schools and universities were always closed, I didn't think it would have such an impact on the traffic at 6.5 a.m."
1997674983120609366,alighasemi0011,2025-12-07 14:30:05.639000+00:00,حمایت از همچین افرادی از نون شب واجب‌تره,0,0,0,https://x.com/AliGhasemi0011/status/1997674983120609366,حمایت از همچین افرادی از نون شب واجب‌تره,Supporting such people is more obligatory than night and night
1996837279810441673,alighasemi0011,2025-12-05 07:01:21.606000+00:00,من دیگه شیراز نمیام شما برگردین برین,0,0,0,https://x.com/AliGhasemi0011/status/1996837279810441673,من دیگه شیراز نمیام شما برگردین برین,"I will not come to Shiraz again, you go back"
1996299622805918202,alighasemi0011,2025-12-03 19:24:54.187000+00:00,"تغییرات جدید توییتر/X چطور کمک می‌کنه حساب‌های فیک و ارتش‌های سایبری رو راحت‌تر شناسایی کنیم؟

جدا از رسوایی #خط_سفید بعضیا، الان تشخیص بات‌ها و ارتش‌های سایبری خیلی آسونتر شده. در این رشته توییت چند تا ترفند ساده رو برای شناسایی این حساب‌ها با هم بررسی کنیم:",0,0,0,https://x.com/FarokhNotes/status/1996299622805918202,"تغییرات جدید توییتر/X چطور کمک می‌کنه حساب‌های فیک و ارتش‌های سایبری رو راحت‌تر شناسایی کنیم؟

جدا از رسوایی #خط_سفید بعضیا، الان تشخیص بات‌ها و ارتش‌های سایبری خیلی آسونتر شده. در این رشته توییت چند تا ترفند ساده رو برای شناسایی این حساب‌ها با هم بررسی کنیم:","How will the new Twitter/X changes help us identify fake accounts and cyber armies more easily?

Apart from the #white_line scandal of some, now it is much easier to detect bots and cyber armies. In this tweet thread, let's check some simple tricks to identify these accounts:"
1996639635586576838,alighasemi0011,2025-12-04 17:55:59.551000+00:00,خیابون قصرالدشت فقط مرده زنده نمی‌کنه نمردیم یه روزرویس از نزدیک دیدم فقط موندم اون ماشینه که ترم منصوری روش بود چی بود,0,0,0,https://x.com/AliGhasemi0011/status/1996639635586576838,خیابون قصرالدشت فقط مرده زنده نمی‌کنه نمردیم یه روزرویس از نزدیک دیدم فقط موندم اون ماشینه که ترم منصوری روش بود چی بود,"Qasr al-Dasht Street, only the dead do not revive. We did not die. I saw it closely one day."
1996134672674230277,alighasemi0011,2025-12-03 08:29:27.011000+00:00,فقط داداشم پاش برسه شیراز بیاد خونه زنده زنده چالش میکنم  زده ماشینو چپ کرده دلم واسه بابام میسوزه ,0,0,0,https://x.com/AliGhasemi0011/status/1996134672674230277,فقط داداشم پاش برسه شیراز بیاد خونه زنده زنده چالش میکنم  زده ماشینو چپ کرده دلم واسه بابام میسوزه ,I just want my brother to reach Shiraz and come home alive. I challenge him. He left the car. My heart aches for my father
1995924936880476648,alighasemi0011,2025-12-02 18:36:02.101000+00:00,داشتم پشتک حموم رو می‌گشتم چشمم به نوار کاست های دوره جونی بابام  خورد که این لعنتی رو دیدم کنسرت های شجریان سال 69  باید درموردش صحبت کنیم,0,0,0,https://x.com/AliGhasemi0011/status/1995924936880476648,داشتم پشتک حموم رو می‌گشتم چشمم به نوار کاست های دوره جونی بابام  خورد که این لعنتی رو دیدم کنسرت های شجریان سال 69  باید درموردش صحبت کنیم,"I was searching the back of the bathroom and my eyes fell on the cassette tapes of my father's Jonny period when I saw this shit, Shajarian concerts in 1969, we should talk about it."
1995612906738909541,alighasemi0011,2025-12-01 21:56:08.318000+00:00,اگه کلاسای فردا رو حتی کنسل حمله می‌کردید به خاطر هوا از قبل سرش گرد کرده بودیم که نریم,0,0,0,https://x.com/AliGhasemi0011/status/1995612906738909541,اگه کلاسای فردا رو حتی کنسل حمله می‌کردید به خاطر هوا از قبل سرش گرد کرده بودیم که نریم,"If you were to cancel tomorrow's classes, we would have already decided not to go because of the weather"
1995517491087581483,alighasemi0011,2025-12-01 15:36:59.454000+00:00,من کسی رو که به تو گفت بیا چسب برق بزن به lanرو پیدا کنم کلشو ماچ میکنم وقتی برق خوندی میایی شبکه کار کنی ,0,0,0,https://x.com/AliGhasemi0011/status/1995517491087581483,من کسی رو که به تو گفت بیا چسب برق بزن به lanرو پیدا کنم کلشو ماچ میکنم وقتی برق خوندی میایی شبکه کار کنی ,I will find the person who told you to come and plug in the lan.
1995401285185737083,alighasemi0011,2025-12-01 07:55:13.808000+00:00,"ممکنه از یک دوست و آشنا پیامی در مورد عکس‌های یادگاری قدیمی بگیرید و اگر مراقب نباشید، هم حساب بانکی‌تون خالی بشه، هم این پیام از طرف شما برای همه آشناهاتون ارسال بشه.
توی این ویدیو ۳ دقیقه‌ای، خیلی مختصر در موردش توضیح دادم:",0,0,0,https://x.com/MilaDnu/status/1995401285185737083,"ممکنه از یک دوست و آشنا پیامی در مورد عکس‌های یادگاری قدیمی بگیرید و اگر مراقب نباشید، هم حساب بانکی‌تون خالی بشه، هم این پیام از طرف شما برای همه آشناهاتون ارسال بشه.
توی این ویدیو ۳ دقیقه‌ای، خیلی مختصر در موردش توضیح دادم:","You may receive a message from a friend and acquaintance about old souvenir photos, and if you are not careful, your bank account will be empty, and this message will be sent to all your acquaintances.
In this 3-minute video, I explained it very briefly:"
1995227260933353597,alighasemi0011,2025-11-30 20:23:43.193000+00:00,رندوم‌ترین ماشین تو شیراز ,0,0,0,https://x.com/AliGhasemi0011/status/1995227260933353597,رندوم‌ترین ماشین تو شیراز ,The most random car in Shiraz
1994852244664324198,alighasemi0011,2025-11-29 19:33:32.347000+00:00,خیر سرمون دیشب رفتیم بعد مدت‌ها یه دور با رفیقمون بزنیم اینم داشت با دولکش میلایسید شیطون میگه دست بندازم دهن این بشر جر بدم  اگه تازه این آخریشه  اگر نمی‌شناختمش ۱۰۰درصد می‌نداختمش از رو کوه پایین ,0,0,0,https://x.com/AliGhasemi0011/status/1994852244664324198,خیر سرمون دیشب رفتیم بعد مدت‌ها یه دور با رفیقمون بزنیم اینم داشت با دولکش میلایسید شیطون میگه دست بندازم دهن این بشر جر بدم  اگه تازه این آخریشه  اگر نمی‌شناختمش ۱۰۰درصد می‌نداختمش از رو کوه پایین ,"No, we went last night. After a long time, we went for a ride with our friend. He was having sex with his girlfriend. Shaytun is telling me to stop. If this is the last time, if I didn't know him, I would have 100% thrown him off the mountain."
1993793398361477379,alighasemi0011,2025-11-26 21:26:03.716000+00:00,امروز خوش رکاب رو دیدم و یاد محمد کاسبی افتاد خدا رحمتت کنه ‍,0,0,0,https://x.com/AliGhasemi0011/status/1993793398361477379,امروز خوش رکاب رو دیدم و یاد محمد کاسبی افتاد خدا رحمتت کنه ‍,"Today I saw Khosh Rakab and remembered Mohammad Kasbi, may God have mercy on you"
1993731190394696150,alighasemi0011,2025-11-26 17:18:52.181000+00:00,بعد مدت‌ها تازه ۴ تا تیکه ابر تو آسمون بود ولی چه فایده وقتی بارون نزد تازه هوا پاییزی شده شده بود,0,0,0,https://x.com/AliGhasemi0011/status/1993731190394696150,بعد مدت‌ها تازه ۴ تا تیکه ابر تو آسمون بود ولی چه فایده وقتی بارون نزد تازه هوا پاییزی شده شده بود,"After a long time, there were only 4 clouds in the sky, but what's the use when the rain has turned into autumn weather?"
1993592756791656673,alighasemi0011,2025-11-26 08:08:47.038000+00:00,"فرق ما با شمایی که خط سفید دارید مگه چیه 
#خط_سفید",0,0,0,https://x.com/AliGhasemi0011/status/1993592756791656673,"فرق ما با شمایی که خط سفید دارید مگه چیه 
#خط_سفید","What is the difference between us and you who have a white line? 
#white_line"
1992919694211531035,alighasemi0011,2025-11-24 11:34:16.414000+00:00,حالا که دیگه همایش ماشین‌های کلاسیک تو پارک آزادی تموم شده باید فیلماشو خبرشو پخش کنید که بفهمیم واقعاً دهنتون سرویس چرا اخههه,0,0,0,https://x.com/AliGhasemi0011/status/1992919694211531035,حالا که دیگه همایش ماشین‌های کلاسیک تو پارک آزادی تموم شده باید فیلماشو خبرشو پخش کنید که بفهمیم واقعاً دهنتون سرویس چرا اخههه,"Now that the convention of classic cars in Azadi Park is over, you should broadcast the movie so that we can understand why you really care about the service."
1991900639920623804,alighasemi0011,2025-11-21 16:04:54.938000+00:00,برم یکم گریه کنم برگردم,0,0,0,https://x.com/velaaamkonbaba/status/1991900639920623804,برم یکم گریه کنم برگردم,I will cry and come back
1991966181709021542,alighasemi0011,2025-11-21 20:25:21.318000+00:00,من لذت میبرم از اینکه می‌بینم یه غوره دونی جدید به اسم لمیز تو شیراز باز شده ,0,0,0,https://x.com/AliGhasemi0011/status/1991966181709021542,من لذت میبرم از اینکه می‌بینم یه غوره دونی جدید به اسم لمیز تو شیراز باز شده ,I am happy to see that a new restaurant called Lamiz has opened in Shiraz
1991949616649265479,alighasemi0011,2025-11-21 19:19:31.900000+00:00,واقعا رو چه حسابی پراید رو این طوری کردی داش ماک حرمت داره ولی سلیقت رو دوست دارم ,0,0,0,https://x.com/AliGhasemi0011/status/1991949616649265479,واقعا رو چه حسابی پراید رو این طوری کردی داش ماک حرمت داره ولی سلیقت رو دوست دارم ,"Really, why did you make Pride like this, it's respectable, but I like the style"
1990847203166875649,alighasemi0011,2025-11-18 18:18:56.044000+00:00,واقعا میخوام بدونم رو چه منطقی 30لیتر سهمیه بنزین‌ آزاد رو آوردین رو 20 لیتر خودتون خندتون نمیگیره ,0,0,0,https://x.com/AliGhasemi0011/status/1990847203166875649,واقعا میخوام بدونم رو چه منطقی 30لیتر سهمیه بنزین‌ آزاد رو آوردین رو 20 لیتر خودتون خندتون نمیگیره ,I really want to know why you brought 30 liters of free gasoline quota. You don't laugh at 20 liters yourself.
1990326035255284093,alighasemi0011,2025-11-17 07:47:59.931000+00:00,من سرم رو بالشت می‌ره خوابم توقع داری بفهمم زلزله اومده ,0,0,0,https://x.com/AliGhasemi0011/status/1990326035255284093,من سرم رو بالشت می‌ره خوابم توقع داری بفهمم زلزله اومده ,"I put my head on the pillow, I'm sleepy, do you expect me to know that there is an earthquake?"
1990139973472035079,alighasemi0011,2025-11-16 19:28:39.345000+00:00,به خدا css زبان برنامه نویسی نیست بس کنید ,0,0,0,https://x.com/AliGhasemi0011/status/1990139973472035079,به خدا css زبان برنامه نویسی نیست بس کنید ,"By God, css is not a programming language, stop it"
1990088301059936267,alighasemi0011,2025-11-16 16:03:19.682000+00:00,یه جایی رفتم با دوچرخه خر با بارش بالا نمیاد ,0,0,0,https://x.com/AliGhasemi0011/status/1990088301059936267,یه جایی رفتم با دوچرخه خر با بارش بالا نمیاد ,"I went somewhere on a bicycle, a donkey does not go up in the rain"
1989759678943817738,alighasemi0011,2025-11-15 18:17:30.064000+00:00,وقت بازنشتگیته رفیق خیلی بهمون حال دادی,0,0,0,https://x.com/AliGhasemi0011/status/1989759678943817738,وقت بازنشتگیته رفیق خیلی بهمون حال دادی,"When you retired, friend, you gave us a lot of fun"
1989555966652678229,alighasemi0011,2025-11-15 04:48:01.269000+00:00,من شاشیدم تو پارک کردن همسایه بغلی  اگر نمیشناختمش قید ماشینو میزدم میزدم ماشینش رو بره عقب ,0,0,0,https://x.com/AliGhasemi0011/status/1989555966652678229,من شاشیدم تو پارک کردن همسایه بغلی  اگر نمیشناختمش قید ماشینو میزدم میزدم ماشینش رو بره عقب ,"I urinated in my next door neighbor's parking lot. If I didn't know him, I would have tied his car and made him go back"
1989030625429332028,alighasemi0011,2025-11-13 18:00:30.161000+00:00,"امروز سالروز درگذشت صابر راستی‌کردار بود.
اگر از توییتر وب استفاده می‌کنید، این توییت رو با فونت وزیرمتن می‌بینید. یکی از فونت‌های طراحی شده توسط صابر.
روحش شاد و در آرامش ",0,0,0,https://x.com/MilaDnu/status/1989030625429332028,"امروز سالروز درگذشت صابر راستی‌کردار بود.
اگر از توییتر وب استفاده می‌کنید، این توییت رو با فونت وزیرمتن می‌بینید. یکی از فونت‌های طراحی شده توسط صابر.
روحش شاد و در آرامش ","Today was the anniversary of Saber Rastikardar's death.
If you are using Twitter Web, you will see this tweet in Wazir Text font. One of the fonts designed by Saber.
His soul is happy and at peace"
1988711368472576416,alighasemi0011,2025-11-12 20:51:53.371000+00:00,کاش از خدا یه چیز بهتری خواسته بودم نیم ساعت پیش بابام اومده خونه دیدم بلوور محل کارش تو دستشه  میگه فردا بگیر تو ماشین گور بابای ماشین کل این هفته تو فکر این بودم که کاش همچین چیزی برای تمیز کردن کیسم داشتم به نفع اموال خودم مصادرش میکنم ,0,0,0,https://x.com/AliGhasemi0011/status/1988711368472576416,کاش از خدا یه چیز بهتری خواسته بودم نیم ساعت پیش بابام اومده خونه دیدم بلوور محل کارش تو دستشه  میگه فردا بگیر تو ماشین گور بابای ماشین کل این هفته تو فکر این بودم که کاش همچین چیزی برای تمیز کردن کیسم داشتم به نفع اموال خودم مصادرش میکنم ,"I wish I had asked God for something better. Half an hour ago, my father came home. I saw his work blower in his hand. He said, ""Take it tomorrow in the car. Dad's car. All this week, I was thinking that I wish I had something like this to clean my case. I will confiscate it for the benefit of my property."""
1988523007757652144,alighasemi0011,2025-11-12 08:23:24.677000+00:00,هرچی به اون روزی که تو اتوبوس یارو محسن لرستانی گذاشته بود فکر میکنم میگم خداروشکر که تو ترافیک بودیم وگرنه معلوم نبود چی میشد منو باش اولش فکردم رادیو داره این آهنگا پخش می‌کنه پشام ریخته نگو فلش زده بود ,0,0,0,https://x.com/AliGhasemi0011/status/1988523007757652144,هرچی به اون روزی که تو اتوبوس یارو محسن لرستانی گذاشته بود فکر میکنم میگم خداروشکر که تو ترافیک بودیم وگرنه معلوم نبود چی میشد منو باش اولش فکردم رادیو داره این آهنگا پخش می‌کنه پشام ریخته نگو فلش زده بود ,"I think of everything that Yaro Mohsen Lorestani left on the bus that day, thank God we were in traffic, otherwise it was not clear what would have happened to me. At first, I thought the radio was playing these songs."
1987261288666354110,alighasemi0011,2025-11-08 20:49:47.404000+00:00,حسم امروز خیلی خوب فهمیده بود که نباید بعد از کارآموزی برم دانشگاه چون قبل از اون باید اون فورد موستانگ دارک هورس با اون دوتا جی کلاس لعنتی رو میدید,0,0,0,https://x.com/AliGhasemi0011/status/1987261288666354110,حسم امروز خیلی خوب فهمیده بود که نباید بعد از کارآموزی برم دانشگاه چون قبل از اون باید اون فورد موستانگ دارک هورس با اون دوتا جی کلاس لعنتی رو میدید,"Today, Hasem understood very well that I shouldn't go to university after my internship, because before that, you should have seen that Ford Mustang Dark Horse with those two damn J-Classes."
1987045402332254536,alighasemi0011,2025-11-08 06:31:56.091000+00:00,یکی از این فایروال ها هم بدین برام بسه بدهی ها صاف میشه ,0,0,0,https://x.com/AliGhasemi0011/status/1987045402332254536,یکی از این فایروال ها هم بدین برام بسه بدهی ها صاف میشه ,Give me one of these firewalls and my debts will be cleared
1985965901468885104,alighasemi0011,2025-11-05 07:02:23.029000+00:00,من شاشیدم تو این امنیت مخابرات,0,0,0,https://x.com/AliGhasemi0011/status/1985965901468885104,من شاشیدم تو این امنیت مخابرات,I am tired of this communication security
1984212211167027546,alighasemi0011,2025-10-31 10:53:50.679000+00:00,روزای جمعه یه جوری مرکز شهر خلوته که سگم پر نمیزنه آدم شک می‌کنه که واقعاً اینجا چهار راه زنده یا نه من اشتباه اومدم ,0,0,0,https://x.com/AliGhasemi0011/status/1984212211167027546,روزای جمعه یه جوری مرکز شهر خلوته که سگم پر نمیزنه آدم شک می‌کنه که واقعاً اینجا چهار راه زنده یا نه من اشتباه اومدم ,"On Fridays, the center of the city is kind of quiet, my dog ​​doesn't feed, one doubts if there are really four roads here alive or not. I came by mistake."
1982448045192032661,alighasemi0011,2025-10-26 14:03:40.734000+00:00,همسایمون Rx350. 2023  داره رفتم سوارش شدم و به عمق فاجعه پی بردم که این اشغالایی هست که ما سوارشونیم ,0,0,0,https://x.com/AliGhasemi0011/status/1982448045192032661,همسایمون Rx350. 2023  داره رفتم سوارش شدم و به عمق فاجعه پی بردم که این اشغالایی هست که ما سوارشونیم ,Neighbors Rx350. 2023 I went to ride it and I realized the depth of the disaster that this is the occupation that we are riding
1981287200198218232,alighasemi0011,2025-10-23 09:10:53.720000+00:00,خدا را شکر که فهمید باید بانک  آینده رو باید بین ببره ولی عجیبه که چرا با بانک ملی ادغامش کرد واقعا عجیبه,0,0,0,https://x.com/AliGhasemi0011/status/1981287200198218232,خدا را شکر که فهمید باید بانک  آینده رو باید بین ببره ولی عجیبه که چرا با بانک ملی ادغامش کرد واقعا عجیبه,"Thank God that he understood that the future bank should be destroyed, but it is strange why he merged it with the National Bank, it is really strange"
1981049108233060713,alighasemi0011,2025-10-22 17:24:48.172000+00:00,دلم واسه اون احمقایی که پولشونو تو بانک آینده گذاشتن می‌سوزه واقعا رو چه حسابی پولتونو تو این بانک می‌ذارید ,0,0,0,https://x.com/AliGhasemi0011/status/1981049108233060713,دلم واسه اون احمقایی که پولشونو تو بانک آینده گذاشتن می‌سوزه واقعا رو چه حسابی پولتونو تو این بانک می‌ذارید ,I feel sorry for those fools who put their money in future bank. Why do you really put your money in this bank account?
1980900902665118178,alighasemi0011,2025-10-22 07:35:53.211000+00:00,کی دیگه با cdویندوز نصب می‌کنه که cdویندوز ازم میخوایی ,0,0,0,https://x.com/AliGhasemi0011/status/1980900902665118178,کی دیگه با cdویندوز نصب می‌کنه که cdویندوز ازم میخوایی ,Who else installs with a Windows CD that you want a Windows CD from me?
1979630106466501117,alighasemi0011,2025-10-18 19:26:11.787000+00:00,بالا پایین کردن  با دوچرخه از سربالایی کم بود حالا دوچرخه سواری کف رودخونه خشک شیراز هم اضافه شد ولی خیلی حال داد  به قول امین از فردا با دوچرخه میریم آفرود ,0,0,0,https://x.com/AliGhasemi0011/status/1979630106466501117,بالا پایین کردن  با دوچرخه از سربالایی کم بود حالا دوچرخه سواری کف رودخونه خشک شیراز هم اضافه شد ولی خیلی حال داد  به قول امین از فردا با دوچرخه میریم آفرود ,"Going up and down by bicycle was less than uphill, now cycling on the dry riverbed of Shiraz was added, but it was very fun, as Amin said, we will go off-road by bicycle from tomorrow."
1979279341436403735,alighasemi0011,2025-10-17 20:12:22.887000+00:00,یکی از تلخ‌ترین طنز‌هایی که تو  بچگی می‌تونستم بشنوم این بود که تو  بازی جی تی ای سن اندرس اون مرحله سی جی و بیگ اسموک میرن دنبال او  جی لوک و بیگ اسموک در میاد میگه که فکر کردم می‌خوای بری دانشگاه خیلی سنگین بود واسه اون موقع ,0,0,0,https://x.com/AliGhasemi0011/status/1979279341436403735,یکی از تلخ‌ترین طنز‌هایی که تو  بچگی می‌تونستم بشنوم این بود که تو  بازی جی تی ای سن اندرس اون مرحله سی جی و بیگ اسموک میرن دنبال او  جی لوک و بیگ اسموک در میاد میگه که فکر کردم می‌خوای بری دانشگاه خیلی سنگین بود واسه اون موقع ,"One of the most bitter jokes that I could hear when I was a child was that in the GTA San Andreas game, at that stage, CJ and Big Smoke go after OJ Luke and Big Smoke says that I thought you wanted to go to university, it was too heavy for that time."
1979237612314312843,alighasemi0011,2025-10-17 17:26:33.889000+00:00,شما به این حروم زاده های زانتی میگین کارآفرین ایول دمتون گرم خیلی با معرفتین ایول ,0,0,0,https://x.com/AliGhasemi0011/status/1979237612314312843,شما به این حروم زاده های زانتی میگین کارآفرین ایول دمتون گرم خیلی با معرفتین ایول ,"You call these Xanthi bastards evil entrepreneurs, you are very knowledgeable"
1952983325804499032,alighasemi0011,2025-08-06 06:41:24.204000+00:00,"نامه کارآفرینان اقتصاد دیجیتال به رئیس‌جمهور: در نگاه امنیتی حاکم بر اکوسیستم نوآوری بازنگری کنید

جمعی از کارآفرینان اقتصاد دیجیتال در نامه‌ای به رئیس‌جمهوری درباره دستور کناره‌گیری بنیان‌گذار «دیوار» برای ورود شرکت به بورس، نسبت به پیامد دخالت نهادهای امنیتی هشدار دادند.",0,0,0,https://x.com/Digiato/status/1952983325804499032,"نامه کارآفرینان اقتصاد دیجیتال به رئیس‌جمهور: در نگاه امنیتی حاکم بر اکوسیستم نوآوری بازنگری کنید

جمعی از کارآفرینان اقتصاد دیجیتال در نامه‌ای به رئیس‌جمهوری درباره دستور کناره‌گیری بنیان‌گذار «دیوار» برای ورود شرکت به بورس، نسبت به پیامد دخالت نهادهای امنیتی هشدار دادند.","Digital economy entrepreneurs' letter to the president: Rethink the security view governing the innovation ecosystem

In a letter to the president, a group of digital economy entrepreneurs warned about the consequences of the intervention of security institutions regarding the order of the resignation of the founder of ""Devar"" for the company's entry into the stock market."
1979087015862812873,alighasemi0011,2025-10-17 07:28:08.897000+00:00,به امین میگم ماشین عروس دیشب fh540 آلبالویی بود میگه مگه دیونه بوده داماد میگم این حرفو نزن که اگر دادماد و خصوصا پدر عروس بفهمن همینجا چال مون میکنن باید بیارمت محل تو جمع کامیون دارا تازه بفهمی عروسی یعنی چه ,0,0,0,https://x.com/AliGhasemi0011/status/1979087015862812873,به امین میگم ماشین عروس دیشب fh540 آلبالویی بود میگه مگه دیونه بوده داماد میگم این حرفو نزن که اگر دادماد و خصوصا پدر عروس بفهمن همینجا چال مون میکنن باید بیارمت محل تو جمع کامیون دارا تازه بفهمی عروسی یعنی چه ,"I tell Amin that the bride's car last night was a cherry fh540. He says, ""Was she crazy? Groom, don't say that. If the father-in-law and especially the bride's father find out that they are going to kill us here, I will have to bring you to your place in the truck. Then you will understand what wedding means."""
1978566614661382525,alighasemi0011,2025-10-15 21:00:15.582000+00:00,چنتا از دخترای کلاس اومدن ته  کلاس نشستن  کل نظم عقب کلاس بعد جالبه در اومدن به استاد گفتن ما جلسه اولمونو میایم ته کلاس  فکر کردن می‌تونن کلاسو بریزن نمیدونن که ته کلاس قانون های خودشو داره  ,0,0,0,https://x.com/AliGhasemi0011/status/1978566614661382525,چنتا از دخترای کلاس اومدن ته  کلاس نشستن  کل نظم عقب کلاس بعد جالبه در اومدن به استاد گفتن ما جلسه اولمونو میایم ته کلاس  فکر کردن می‌تونن کلاسو بریزن نمیدونن که ته کلاس قانون های خودشو داره  ,Some of the girls in the class came to the class and sat in the back of the class. It was interesting to come and tell the teacher that we are coming to the first session. They think they can leave the class. They don't know that the class has its own rules.
1978451272098316411,alighasemi0011,2025-10-15 13:21:55.772000+00:00,موندم بچه ها چیکار کردن نصفشون ارشد هوش مصنوعی آوردن چه خبرتونه لعنتیا ,0,0,0,https://x.com/AliGhasemi0011/status/1978451272098316411,موندم بچه ها چیکار کردن نصفشون ارشد هوش مصنوعی آوردن چه خبرتونه لعنتیا ,"I wonder what the kids are doing, half of them are artificial intelligence experts, what the hell are they doing?"
1978129365859782895,alighasemi0011,2025-10-14 16:02:47.344000+00:00,عجب عتیقه آیی تا حالا ندیده بودم همچین ماشینی حتی برندشم نمی‌دونم چیه حالا هی بیایید بگید پایین شهر بده  جالبه تو اینترنتم چیزی در مورد برندش نتونستم پیدا کنم,0,0,0,https://x.com/AliGhasemi0011/status/1978129365859782895,عجب عتیقه آیی تا حالا ندیده بودم همچین ماشینی حتی برندشم نمی‌دونم چیه حالا هی بیایید بگید پایین شهر بده  جالبه تو اینترنتم چیزی در مورد برندش نتونستم پیدا کنم,"Wow, antique, I have never seen a car like this before, I don't even know what its brand is, now hey, come on, tell me, give it to the city, it's interesting, I couldn't find anything about its brand on the internet."
1978041555601494438,alighasemi0011,2025-10-14 10:13:51.747000+00:00,امرو فقط آهنگ عربی کم داشتم ,0,0,0,https://x.com/AliGhasemi0011/status/1978041555601494438,امرو فقط آهنگ عربی کم داشتم ,I only lacked Arabic songs
1977822409052065856,alighasemi0011,2025-10-13 19:43:03.138000+00:00,یه جزوه سیستم عامل گیرم اومده بود فرستادمش برای یکی از بچه‌ها فرداش اومده میگه عجب جزوه‌ای بود مال کیه گفتم نمی‌دونم خیلی تمیز بود اصلا بی‌نظیر حالا چهار ترم دنبال صاحبش می‌گرده مش  مجتبی بس کن ادامه نده  آشو با جاش بردن دیر جنبیدی ,0,0,0,https://x.com/AliGhasemi0011/status/1977822409052065856,یه جزوه سیستم عامل گیرم اومده بود فرستادمش برای یکی از بچه‌ها فرداش اومده میگه عجب جزوه‌ای بود مال کیه گفتم نمی‌دونم خیلی تمیز بود اصلا بی‌نظیر حالا چهار ترم دنبال صاحبش می‌گرده مش  مجتبی بس کن ادامه نده  آشو با جاش بردن دیر جنبیدی ,"I got a pamphlet about the operating system. I sent it to one of the children. It came the next day. He said, ""Wow, who did it belong to?"""
1977680258657931281,alighasemi0011,2025-10-13 10:18:11.843000+00:00,زورم گرفت از این که نمایندگی گفت برای تعمیر ماشینت برو هفته دیگه بیا از اون بیشتر زورم گرفت که40 دقیقه بعدش تو قصرالدشت باتری خالی کرد اولش فکر کردم استارت ماشین سوخته چون مشکل داشت ولی خدا رو شکر که باتری بود داشتم سکته می‌زدم ,0,0,0,https://x.com/AliGhasemi0011/status/1977680258657931281,زورم گرفت از این که نمایندگی گفت برای تعمیر ماشینت برو هفته دیگه بیا از اون بیشتر زورم گرفت که40 دقیقه بعدش تو قصرالدشت باتری خالی کرد اولش فکر کردم استارت ماشین سوخته چون مشکل داشت ولی خدا رو شکر که باتری بود داشتم سکته می‌زدم ,"I was annoyed because the dealer said to go to repair your car and come back next week. I was even more annoyed that 40 minutes later in Qasr al-Dasht, he drained the battery."
1977322332810293348,alighasemi0011,2025-10-12 10:35:55.671000+00:00,حق هادی چوپان نبود که دوم بشه ولی در کل مبارکت باشه مرد,0,0,0,https://x.com/AliGhasemi0011/status/1977322332810293348,حق هادی چوپان نبود که دوم بشه ولی در کل مبارکت باشه مرد,"It was not the right of Hadi Shepherd to be second, but all in all, congratulations, man"
1977281022996918511,alighasemi0011,2025-10-12 07:51:46.644000+00:00,من لذت میبرم که که سر کلاس هنوز بچه های ترم 9هستن هنوز ,0,0,0,https://x.com/AliGhasemi0011/status/1977281022996918511,من لذت میبرم که که سر کلاس هنوز بچه های ترم 9هستن هنوز ,I am happy that there are still 9th ​​graders in the class
1977244125255663949,alighasemi0011,2025-10-12 05:25:09.537000+00:00,استاد تازه ساعت 8.15یادش اومده که پیام بده دیر میاد  همین که پامون گذاشتیم بیرون از دانشگاه دیدیم از ته داره میاد انگار بمب اتمی زدن بینمون هر کی از یجا در میرفت  البته قدرت فحش رو نباید دسته کم گرفت ,0,0,0,https://x.com/AliGhasemi0011/status/1977244125255663949,استاد تازه ساعت 8.15یادش اومده که پیام بده دیر میاد  همین که پامون گذاشتیم بیرون از دانشگاه دیدیم از ته داره میاد انگار بمب اتمی زدن بینمون هر کی از یجا در میرفت  البته قدرت فحش رو نباید دسته کم گرفت ,"The teacher just remembered to send a message at 8:15. He is late. As soon as we left the university, we saw him coming from the bottom, as if an atomic bomb had been dropped between us."
1976954611228704987,alighasemi0011,2025-10-11 10:14:44.014000+00:00,یکی از بچه ها سر کلاس یه کلاهی سرش بود استاد در اومده بهش گفت فکر کردم یه روحانی اومده تو کلاس نفهمیدم چی درس دادم دهنت سرویس استاد,0,0,0,https://x.com/AliGhasemi0011/status/1976954611228704987,یکی از بچه ها سر کلاس یه کلاهی سرش بود استاد در اومده بهش گفت فکر کردم یه روحانی اومده تو کلاس نفهمیدم چی درس دادم دهنت سرویس استاد,"One of the children was wearing a hat in the class. The teacher came and said to him, I thought a cleric came to the class. I didn't understand what I taught you."
1976732850217988475,alighasemi0011,2025-10-10 19:33:32.069000+00:00,چند روز پیش سر کلاس یکی از بچه‌ها می‌گفت که عربستان فیفا وبتل فیلد رو خریده باورم نمی‌شد ۵۵ میلیارد دلار لامصب این همه پول از کجا آوردی  خدا می‌دونه چه سرنوشتی رو خواهد داشت این بازی ‍‍,0,0,0,https://x.com/AliGhasemi0011/status/1976732850217988475,چند روز پیش سر کلاس یکی از بچه‌ها می‌گفت که عربستان فیفا وبتل فیلد رو خریده باورم نمی‌شد ۵۵ میلیارد دلار لامصب این همه پول از کجا آوردی  خدا می‌دونه چه سرنوشتی رو خواهد داشت این بازی ‍‍,"A few days ago, one of the children said in class that Saudi Arabia bought FIFA and Battlefield. I couldn't believe it. 55 billion dollars, where did you get all this money? God knows what the fate of this game will be."
1976348098931872237,alighasemi0011,2025-10-09 18:04:40.214000+00:00,بسه دیگه گوییدنمون ,0,0,0,https://x.com/AliGhasemi0011/status/1976348098931872237,بسه دیگه گوییدنمون ,Enough talking
1976221352077164757,alighasemi0011,2025-10-09 09:41:01.409000+00:00,یه کادیلاک کلاسیک دیدم نمی‌دونم الدورادو بود یا سویل بود ولی هرچی که بود خیلی رنگ سوپری داشت یه رنگ سبز تیره مایل به آبی  یه کمم انگار به سرمه‌ای مایل بود نگار سبز با سرمه‌ای قاطی بود خیلی قشنگ بود خیلی خاص بود چقدرم که تمیز بود ماشاالله ,0,0,0,https://x.com/AliGhasemi0011/status/1976221352077164757,یه کادیلاک کلاسیک دیدم نمی‌دونم الدورادو بود یا سویل بود ولی هرچی که بود خیلی رنگ سوپری داشت یه رنگ سبز تیره مایل به آبی  یه کمم انگار به سرمه‌ای مایل بود نگار سبز با سرمه‌ای قاطی بود خیلی قشنگ بود خیلی خاص بود چقدرم که تمیز بود ماشاالله ,"I saw a classic Cadillac, I don't know if it was the Eldorado or the Seville, but whatever it was, it had a very super color, a dark blue-green color, a little like it was like a navy blue, the green pattern was mixed with a navy blue, it was very beautiful, it was very special, how clean it was, mashallah"
1975919908757336248,alighasemi0011,2025-10-08 13:43:11.721000+00:00,سخت ترین کار اینه که بخوایی النود رو چه تو سرعت بالا چه سرعت پایین کنترل کنی البته قبل از اینکه پشت ماشین در بره بدترین باگش همینه,0,0,0,https://x.com/AliGhasemi0011/status/1975919908757336248,سخت ترین کار اینه که بخوایی النود رو چه تو سرعت بالا چه سرعت پایین کنترل کنی البته قبل از اینکه پشت ماشین در بره بدترین باگش همینه,"The most difficult thing is that you want to control Alnod, whether at high speed or low speed, of course, before it goes behind the car, this is its worst bug."
1975635249112752431,alighasemi0011,2025-10-07 18:52:03.573000+00:00,امروز یه سری رابط وشیر برای خونه خریده بودم بابام اومده میگه بیا بریم ببینم چه کردی انگار داشتم با ریئس پنتاگون صحبت میکردمولی خطر از بیخ گذشت ,0,0,0,https://x.com/AliGhasemi0011/status/1975635249112752431,امروز یه سری رابط وشیر برای خونه خریده بودم بابام اومده میگه بیا بریم ببینم چه کردی انگار داشتم با ریئس پنتاگون صحبت میکردمولی خطر از بیخ گذشت ,"Today, I had bought a series of connectors and faucets for the house. My father came and said, let's go and see what you did. It was as if he was talking to the head of the Pentagon, but the danger passed."
1975518839841362202,alighasemi0011,2025-10-07 11:09:29.440000+00:00,کارم به جایی رسیده که وقتی میرم بیش بچه تو پارک کنار دانشگاه این چص ترمیا میگن به رفقا میگن مگه منو می‌شناسن نه به قبلش نه الان که ترم آخرم ,0,0,0,https://x.com/AliGhasemi0011/status/1975518839841362202,کارم به جایی رسیده که وقتی میرم بیش بچه تو پارک کنار دانشگاه این چص ترمیا میگن به رفقا میگن مگه منو می‌شناسن نه به قبلش نه الان که ترم آخرم ,"My work has reached a point where when I go to the park next to the university, more than a few kids say, ""What's up?"" They ask my friends, do they know me? Not before, not now that I'm in my last semester."
1975470453616746632,alighasemi0011,2025-10-07 07:57:13.265000+00:00,یکی از مزخرف ترین چهار راه  های شیراز چهارراه آوینی هست پیر ادمو در میاره,0,0,0,https://x.com/AliGhasemi0011/status/1975470453616746632,یکی از مزخرف ترین چهار راه  های شیراز چهارراه آوینی هست پیر ادمو در میاره,"One of the most ridiculous intersections in Shiraz is the Avini intersection, in Pir Adamo"
1975065347645677760,alighasemi0011,2025-10-06 05:07:28.475000+00:00,رفتم ماشین بردم  نمایندگی برای سرویس یارو تارا داره آورده  29هزارتا هم کارنکرده کاتالیست خراب کرده باید عوض کنه بریم به کی بگیم ,0,0,0,https://x.com/AliGhasemi0011/status/1975065347645677760,رفتم ماشین بردم  نمایندگی برای سرویس یارو تارا داره آورده  29هزارتا هم کارنکرده کاتالیست خراب کرده باید عوض کنه بریم به کی بگیم ,"I went and took the car to the dealership for service, Tara has brought it for 29,000 and it has not worked. The catalyst has broken and needs to be replaced. Who should we tell?"
1974768726516940949,alighasemi0011,2025-10-05 09:28:48.487000+00:00,داشتم از دانشگاه میومدم خونه پشت یه کامیون لیلند بودم فقط صدای دنده کشیش خیلی قشنگ بود  تا جایی که می‌تونستم پشتش بودم از بچگی از صدای دنده کشیش خوشم میومد ,0,0,0,https://x.com/AliGhasemi0011/status/1974768726516940949,داشتم از دانشگاه میومدم خونه پشت یه کامیون لیلند بودم فقط صدای دنده کشیش خیلی قشنگ بود  تا جایی که می‌تونستم پشتش بودم از بچگی از صدای دنده کشیش خوشم میومد ,"I was coming home from university, I was behind a Leyland truck, but the sound of the pastor's gear was very beautiful, I was behind it as much as I could."
1974742582015217804,alighasemi0011,2025-10-05 07:44:55.152000+00:00,از خونمون تا گویم معادل شیراز تا کوار تا خونه پدر بزرگمو داره مگه دیونه برم گویم تازه اینطوری باید دو ساعت تو راه هم باشم اگه تازه ترافیک نباشه,0,0,0,https://x.com/AliGhasemi0011/status/1974742582015217804,از خونمون تا گویم معادل شیراز تا کوار تا خونه پدر بزرگمو داره مگه دیونه برم گویم تازه اینطوری باید دو ساعت تو راه هم باشم اگه تازه ترافیک نباشه,"From our blood to Goyem, it is equivalent to Shiraz to Kovar to my grandfather's house. Am I going crazy?"
1974422262838120744,alighasemi0011,2025-10-04 10:32:05.109000+00:00,وقتی یکی از بچه ها گفت میخوام X++رو ارائه بدم کل عقب کلاس رفت رو هوا آخه این چه سمیه گفتی مرد   زبون عجیبیه ,0,0,0,https://x.com/AliGhasemi0011/status/1974422262838120744,وقتی یکی از بچه ها گفت میخوام X++رو ارائه بدم کل عقب کلاس رفت رو هوا آخه این چه سمیه گفتی مرد   زبون عجیبیه ,"When one of the kids said that I want to present X++, the whole class went wild."
1974185029988388899,alighasemi0011,2025-10-03 18:49:24.390000+00:00,اینکه میگن دود از کنده بلند میشه به روایت تصویر یارو انقدر بار بهش زده بود فنر شمش‌های تریلر صاف شده بود ,0,0,0,https://x.com/AliGhasemi0011/status/1974185029988388899,اینکه میگن دود از کنده بلند میشه به روایت تصویر یارو انقدر بار بهش زده بود فنر شمش‌های تریلر صاف شده بود ,"It is said that smoke rises from the log. According to the picture, the guy had hit it so hard that the spring of the trailer's ingots was flattened."
1973823171863425311,alighasemi0011,2025-10-02 18:51:30.690000+00:00,اولین باری بود که زورخونه می‌رفتم چه حس و حال خوبی بود و ناراحتم از اینکه بچه محلا  میان اونجا ولی با من هماهنگ نمی‌کردن دهنتو سرویس دارم واستون ,0,0,0,https://x.com/AliGhasemi0011/status/1973823171863425311,اولین باری بود که زورخونه می‌رفتم چه حس و حال خوبی بود و ناراحتم از اینکه بچه محلا  میان اونجا ولی با من هماهنگ نمی‌کردن دهنتو سرویس دارم واستون ,"It was the first time I went to Zorkhun, it was a good feeling and I'm sad that the local kids go there but they don't coordinate with me."
1973491626015334910,alighasemi0011,2025-10-01 20:54:04+00:00,همسایه بغلی حنابندون دخترشونه تموم هم نمیکنن بخوابیم  بیایید پایین سرمون درد گرفت,0,0,0,https://x.com/AliGhasemi0011/status/1973491626015334910,همسایه بغلی حنابندون دخترشونه تموم هم نمیکنن بخوابیم  بیایید پایین سرمون درد گرفت,"Next door neighbor, Hanabandun, their daughter won't even finish. Let's go to sleep, our head hurt"
1973299761676689765,alighasemi0011,2025-10-01 08:11:39.977000+00:00,وحشتناک ترین اتفاقی که میتونست بیوفته اینکه اتوبوس سوارش بودم باد خالی کرده بود از شدت استرس 10کیلو کم کردم بدبخت رانندهه ,0,0,0,https://x.com/AliGhasemi0011/status/1973299761676689765,وحشتناک ترین اتفاقی که میتونست بیوفته اینکه اتوبوس سوارش بودم باد خالی کرده بود از شدت استرس 10کیلو کم کردم بدبخت رانندهه ,"The worst thing that could have happened was that I was on the bus, it was deflated, I lost 10 kilos due to stress, the driver is unfortunate."
1973072574046224702,alighasemi0011,2025-09-30 17:08:54.225000+00:00,نشد یه بار بریم باغ ارم یه مشت آدم غوره بنگی  گلی بگن کاکو گل داری من شاشیدم تو این وضعیت یک یکتون وان بای وان ,0,0,0,https://x.com/AliGhasemi0011/status/1973072574046224702,نشد یه بار بریم باغ ارم یه مشت آدم غوره بنگی  گلی بگن کاکو گل داری من شاشیدم تو این وضعیت یک یکتون وان بای وان ,"I couldn't go to the garden, I have a bunch of people, tell me you have a flower."
1972948587064820033,alighasemi0011,2025-09-30 08:56:13.425000+00:00,داشتیم داریوش گوش میکردیم با بچه ها یارو اومد گفت مگه افسرده این چه ربطی داشت پافیوز ,0,0,0,https://x.com/AliGhasemi0011/status/1972948587064820033,داشتیم داریوش گوش میکردیم با بچه ها یارو اومد گفت مگه افسرده این چه ربطی داشت پافیوز ,"We were listening to Dariush with the kids, a friend came and asked if he is depressed, what does this have to do with Pafiuz"
1972699336711565561,alighasemi0011,2025-09-29 16:25:47.510000+00:00,داشتم شام می‌خوردم داداشم رفت بیرون چند دقیقه بعد یکی  در زد و من همینطور فحش داداشم می‌دادم که چرا با خودش کلید نمی‌بره  درو که باز کردم دیدم عموم هست ,0,0,0,https://x.com/AliGhasemi0011/status/1972699336711565561,داشتم شام می‌خوردم داداشم رفت بیرون چند دقیقه بعد یکی  در زد و من همینطور فحش داداشم می‌دادم که چرا با خودش کلید نمی‌بره  درو که باز کردم دیدم عموم هست ,"I was having dinner, my brother went out, a few minutes later, someone knocked on the door and I was also cursing my brother, why doesn't he lock the key with himself? When I opened the door, I saw that it was public"
1972378154774978966,alighasemi0011,2025-09-28 19:09:31.769000+00:00,دنیاهمچین اسکانیایی بهم بدهکاره باید تصویه حساب کنیم ,0,0,0,https://x.com/AliGhasemi0011/status/1972378154774978966,دنیاهمچین اسکانیایی بهم بدهکاره باید تصویه حساب کنیم ,"The world owes me such a Scania, we have to settle"
1971680987441733769,alighasemi0011,2025-09-26 20:59:14.124000+00:00,سر انار دونه کردن نابود شدم تازه هنوز کلی دیگه مونده ,0,0,0,https://x.com/AliGhasemi0011/status/1971680987441733769,سر انار دونه کردن نابود شدم تازه هنوز کلی دیگه مونده ,"I was destroyed by pomegranate seeds, there is still a whole lot left"
1971491693636854030,alighasemi0011,2025-09-26 08:27:02.964000+00:00,چرا منو داداشم اشتباه میگیرید این وضعیت کثیفه,0,0,0,https://x.com/AliGhasemi0011/status/1971491693636854030,چرا منو داداشم اشتباه میگیرید این وضعیت کثیفه,"Why do you mistake me, my brother, this is a dirty situation"
1971143472112603280,alighasemi0011,2025-09-25 09:23:20.483000+00:00,نمردیمو یه سری هفتاد دو کابین هم دیدیم ,0,0,0,https://x.com/AliGhasemi0011/status/1971143472112603280,نمردیمو یه سری هفتاد دو کابین هم دیدیم ,We did not die and saw a series of seventy-two cabins
1970921521423241230,alighasemi0011,2025-09-24 18:41:23.315000+00:00,چرا اون نارنج های سبز رو میچینی دیوث شیطونه میگه دست بندازم دهن این مرتیکه رو جر بدم ,0,0,0,https://x.com/AliGhasemi0011/status/1970921521423241230,چرا اون نارنج های سبز رو میچینی دیوث شیطونه میگه دست بندازم دهن این مرتیکه رو جر بدم ,Why are you picking those green oranges? The naughty cuckold tells me to stop punching the mouth of this moron
1970578763764375635,alighasemi0011,2025-09-23 19:59:23.521000+00:00,چرا تو هر پمپ بنزینی که میرم بنزین یورو 2داره آخه این چه وضعیه ,0,0,0,https://x.com/AliGhasemi0011/status/1970578763764375635,چرا تو هر پمپ بنزینی که میرم بنزین یورو 2داره آخه این چه وضعیه ,Why is there Euro 2 gasoline in every gas station I go to? What is the situation?
1970223636171948513,alighasemi0011,2025-09-22 20:28:14.505000+00:00,آرامش محض دور بودن از  شهر هم بد نیست بعضی وقتا,0,0,0,https://x.com/AliGhasemi0011/status/1970223636171948513,آرامش محض دور بودن از  شهر هم بد نیست بعضی وقتا,The pure peace of being away from the city is not bad sometimes
1970080608647844152,alighasemi0011,2025-09-22 10:59:54.086000+00:00,درد و بلات بخوره تو سره هرچی اخونده عروسک واقعا خوش به حال صاحبش,0,0,0,https://x.com/AliGhasemi0011/status/1970080608647844152,درد و بلات بخوره تو سره هرچی اخونده عروسک واقعا خوش به حال صاحبش,"No matter what you buy, the doll is really happy for its owner"
1969980123362238851,alighasemi0011,2025-09-22 04:20:36.527000+00:00,از این که دوباره به دوران حرفه ای کارم برمی‌گردم خوش حالم کاش بقیه هم مرام رضا داشتن,0,0,0,https://x.com/AliGhasemi0011/status/1969980123362238851,از این که دوباره به دوران حرفه ای کارم برمی‌گردم خوش حالم کاش بقیه هم مرام رضا داشتن,I am happy that I am going back to my professional career again. I hope others are happy too
1969828640738464193,alighasemi0011,2025-09-21 18:18:40.255000+00:00,بعد عمری امروز نشسته بودم پای تلویزیون ساخت ۸ و نیم اخبار داشت می‌گفت که ونایی که فساد می‌کنن و شناسایی کنید و ثبت بکنید و جایزه بگیرید  دارم از خنده جر می‌خورم این چه سمی بود من امشب شنیدم بخواهیم حساب کنیم الان باید مملکت بره رو هوا ,0,0,0,https://x.com/AliGhasemi0011/status/1969828640738464193,بعد عمری امروز نشسته بودم پای تلویزیون ساخت ۸ و نیم اخبار داشت می‌گفت که ونایی که فساد می‌کنن و شناسایی کنید و ثبت بکنید و جایزه بگیرید  دارم از خنده جر می‌خورم این چه سمی بود من امشب شنیدم بخواهیم حساب کنیم الان باید مملکت بره رو هوا ,"Later today, I was sitting in front of the 8:30 TV and the news was saying that those who commit corruption should be identified and registered and get a reward."
1969783930623815749,alighasemi0011,2025-09-21 15:21:00.533000+00:00,برای بار نمیدونم چندم دوباره النور رو دیدم سبز مشکی بود  ولی حیف که نتونستم باهاش عکس بگیرم پا قدم اون اینترناش ۹۸۰۰ بود ,0,0,0,https://x.com/AliGhasemi0011/status/1969783930623815749,برای بار نمیدونم چندم دوباره النور رو دیدم سبز مشکی بود  ولی حیف که نتونستم باهاش عکس بگیرم پا قدم اون اینترناش ۹۸۰۰ بود ,"I don't know how long I saw Eleanor again. She was green and black, but it's a pity that I couldn't take a picture with her. Her Internet was 9800."
1969511860752839096,alighasemi0011,2025-09-20 21:19:54.021000+00:00,باورم نمیشه محسن لرستانی با جواد یساری کنسرت باهم برگزار کردن رسماً شوتیا با نیسان ها با هم متحد شدند ,0,0,0,https://x.com/AliGhasemi0011/status/1969511860752839096,باورم نمیشه محسن لرستانی با جواد یساری کنسرت باهم برگزار کردن رسماً شوتیا با نیسان ها با هم متحد شدند ,I can't believe that Mohsen Lorestani and Javad Yasari held a concert together. Shotia officially united with Nissan.
1969278514311352790,alighasemi0011,2025-09-20 05:52:39.894000+00:00,یه دونه پژو پارس و 405رو ندیدم مثل آدم. رانندگی کنه چه تو شهرش چه تو جاده جادش که اصلأ مزخرفه چتونه اشغالای لعنتی مثل آدم بروید تخم سگا ,0,0,0,https://x.com/AliGhasemi0011/status/1969278514311352790,یه دونه پژو پارس و 405رو ندیدم مثل آدم. رانندگی کنه چه تو شهرش چه تو جاده جادش که اصلأ مزخرفه چتونه اشغالای لعنتی مثل آدم بروید تخم سگا ,"I did not see a single Peugeot Pars and 405 like Adam. Let him drive, whether in his city or on his road, which is nonsense, how can he be busy, like a human being, you dog's egg."
1969118341080973770,alighasemi0011,2025-09-19 19:16:11.620000+00:00,چرا اون کوه لعنتی رو آتیش زدین دهن سرویس‌ها خدا ازتون نگذره,0,0,0,https://x.com/AliGhasemi0011/status/1969118341080973770,چرا اون کوه لعنتی رو آتیش زدین دهن سرویس‌ها خدا ازتون نگذره,Why did you set that damned mountain on fire? God forbid
1968758568791711873,alighasemi0011,2025-09-18 19:26:35.222000+00:00,منی که هدفونمو که مامانم اول جنگ قایم کرد پیدا کردم به تخمی ترین روش و الان باید جوری رفتار کنم که انگار هیچ اتفاقی نیفتاده دیدی آخر پیداش کردم من بویایی من فقط مرده زنده نمیکنه ,0,0,0,https://x.com/AliGhasemi0011/status/1968758568791711873,منی که هدفونمو که مامانم اول جنگ قایم کرد پیدا کردم به تخمی ترین روش و الان باید جوری رفتار کنم که انگار هیچ اتفاقی نیفتاده دیدی آخر پیداش کردم من بویایی من فقط مرده زنده نمیکنه ,"I found my headphones, which my mother gave me at the beginning of the war, in the most stupid way, and now I have to act as if nothing happened."
1968716896829599870,alighasemi0011,2025-09-18 16:40:59.852000+00:00,فکر کنم بابام فهمیده بود که قراره  یه چلنجر تو راه ببینم و نذاشت تو جاده امروز برونم  وگرنه اتفاقات جالبی نمی‌افتاد چی می‌شد ماشین خوب تو جاده‌ها باشه آدم لذت ببره ,0,0,0,https://x.com/AliGhasemi0011/status/1968716896829599870,فکر کنم بابام فهمیده بود که قراره  یه چلنجر تو راه ببینم و نذاشت تو جاده امروز برونم  وگرنه اتفاقات جالبی نمی‌افتاد چی می‌شد ماشین خوب تو جاده‌ها باشه آدم لذت ببره ,"I think my dad understood that I was going to see a Challenger on the road and he didn't let me go on the road today, otherwise interesting things wouldn't have happened. What if a good car is on the road, you can enjoy it."
1968619777699586086,alighasemi0011,2025-09-18 10:15:04.847000+00:00,از هرچی گربه هست متنفرم میخوام سر به تنشون نباشه لعنتیا ,0,0,0,https://x.com/AliGhasemi0011/status/1968619777699586086,از هرچی گربه هست متنفرم میخوام سر به تنشون نباشه لعنتیا ,"I hate everything that is cats, I want them to stay away, damn it"
1968249473311924304,alighasemi0011,2025-09-17 09:43:37.401000+00:00,طبق روال رفته بودیم مون نمایشگاهی که همیشه می‌رفتیم تو قصر دشت رو دیدیم ماشین‌های جدید اومده بودن برای بازسازی لی اگر اون کاپریس رو من نمی‌دیدم محال ممکن بود از ماشین پیاده شم چقدر عروسک بود می‌خوامش خوش به حال صاحبش ,0,0,0,https://x.com/AliGhasemi0011/status/1968249473311924304,طبق روال رفته بودیم مون نمایشگاهی که همیشه می‌رفتیم تو قصر دشت رو دیدیم ماشین‌های جدید اومده بودن برای بازسازی لی اگر اون کاپریس رو من نمی‌دیدم محال ممکن بود از ماشین پیاده شم چقدر عروسک بود می‌خوامش خوش به حال صاحبش ,"As usual, we had gone to the exhibition we always went to in Qasr Dasht. We saw new cars that had come for restoration. If I hadn't seen that Caprice, I wouldn't have been able to get out of the car. It was such a doll. I want it to be well with its owner."
1968008654612992313,alighasemi0011,2025-09-16 17:46:41.749000+00:00,بابام اومده میگه که این عکسایی که پشت زمینه سیستمته شهر بازیه اخه پدر کی کامیون میاره تو شهربازی اون مال همایش کامیون هست ,0,0,0,https://x.com/AliGhasemi0011/status/1968008654612992313,بابام اومده میگه که این عکسایی که پشت زمینه سیستمته شهر بازیه اخه پدر کی کامیون میاره تو شهربازی اون مال همایش کامیون هست ,"My father came and said that this photo in the background of the amusement park system, who is the father bringing a truck to the amusement park? It belongs to the truck convention."
1967318611527438729,alighasemi0011,2025-09-14 20:04:42.657000+00:00,بعضیا انقدر بد رانندگی می‌کنند که وقتی تو آینه هم می‌بینیشون قشنگ از ۱۰ کیلومتری داد می‌زنه که  طرف یه باکیشه اینو رانندگی زیاد خوب به آدم یاد میده,0,0,0,https://x.com/AliGhasemi0011/status/1967318611527438729,بعضیا انقدر بد رانندگی می‌کنند که وقتی تو آینه هم می‌بینیشون قشنگ از ۱۰ کیلومتری داد می‌زنه که  طرف یه باکیشه اینو رانندگی زیاد خوب به آدم یاد میده,"Some people drive so badly that when you see them in the mirror, you scream from 10 kilometers away, that the side of a bakishe teaches you how to drive very well."
1966887853046329520,alighasemi0011,2025-09-13 15:33:01.832000+00:00,نمیخواد روز برنامه نویس تبریک بگید به جاش یه ویزا و یه سیستم ردیف بریم دنبال کارمون والا دیگه هیچ نمیخواییم ,0,0,0,https://x.com/AliGhasemi0011/status/1966887853046329520,نمیخواد روز برنامه نویس تبریک بگید به جاش یه ویزا و یه سیستم ردیف بریم دنبال کارمون والا دیگه هیچ نمیخواییم ,"He doesn't want to congratulate you on programmer's day. Instead of a visa and a tier system, let's go after our work. We don't want anything else."
1966719989886468456,alighasemi0011,2025-09-13 04:26:00.136000+00:00,دهن سرویس‌ ها حداقل بزارید سایت دانشگاه باز بشه اونوقت حمله کنید برای گرفتن درس هنوز نرفته ظرفیت ها پره چیکار میکنید ,0,0,0,https://x.com/AliGhasemi0011/status/1966719989886468456,دهن سرویس‌ ها حداقل بزارید سایت دانشگاه باز بشه اونوقت حمله کنید برای گرفتن درس هنوز نرفته ظرفیت ها پره چیکار میکنید ,"At least let the university's website be opened, then attack the services. What are you doing to take the course?"
1966377020914340033,alighasemi0011,2025-09-12 05:43:09.961000+00:00,آقای ربیعی چه بر تو گذشت که به یساری گفتی آهنگ صبر ایوب رو بخونه ,0,0,0,https://x.com/AliGhasemi0011/status/1966377020914340033,آقای ربیعی چه بر تو گذشت که به یساری گفتی آهنگ صبر ایوب رو بخونه ,"Mr. Rabiei, what happened to you when you told Yasari to sing Sabr Ayoub's song?"
1966168510545170748,alighasemi0011,2025-09-11 15:54:37.215000+00:00,عاشق این ترکای آذری ام خیلی مشتی هستین  ,0,0,0,https://x.com/AliGhasemi0011/status/1966168510545170748,عاشق این ترکای آذری ام خیلی مشتی هستین  ,I love this Azari Turka so much
1965672075760374218,alighasemi0011,2025-09-10 07:01:57.939000+00:00,خدایی چطوری تو این هوای تهرون نفس می‌کشید دارم خفه میشم قربون شیراز خودمون ‍,0,0,0,https://x.com/AliGhasemi0011/status/1965672075760374218,خدایی چطوری تو این هوای تهرون نفس می‌کشید دارم خفه میشم قربون شیراز خودمون ‍,"God, how can you breathe in this air of Tehran, I'm suffocating, my dear Shiraz"
1965387924788376047,alighasemi0011,2025-09-09 12:12:51.068000+00:00,با شوهر خالم هروقت بیرون می ریم اینقدر دنده مرده می‌ره که ناله ماشین در میاد من به جای ماشین دارم زجر میکشم کاش  از این جهنم خلاص شم ,0,0,0,https://x.com/AliGhasemi0011/status/1965387924788376047,با شوهر خالم هروقت بیرون می ریم اینقدر دنده مرده می‌ره که ناله ماشین در میاد من به جای ماشین دارم زجر میکشم کاش  از این جهنم خلاص شم ,"Whenever we go out with my aunt's husband, the gear goes so dead that the car moans. I am suffering instead of the car. I wish I could get rid of this hell."
1965134938556256575,alighasemi0011,2025-09-08 19:27:34.450000+00:00,صدایی زیبا تر از تراتل و سوپر شارژر نشنیدم ,0,0,0,https://x.com/AliGhasemi0011/status/1965134938556256575,صدایی زیبا تر از تراتل و سوپر شارژر نشنیدم ,I have never heard a more beautiful sound than throttle and supercharger
1964751100286034022,alighasemi0011,2025-09-07 18:02:20.275000+00:00,حالا اگه تو حالت عادی بهتون میگفتن بیاید کوه میگفتین وی سگ می‌ره کوه حالا  خوبه که ماه گرفتگی شده همتون ریخیتین تو کوه خیلی دیوث هستین ,0,0,0,https://x.com/AliGhasemi0011/status/1964751100286034022,حالا اگه تو حالت عادی بهتون میگفتن بیاید کوه میگفتین وی سگ می‌ره کوه حالا  خوبه که ماه گرفتگی شده همتون ریخیتین تو کوه خیلی دیوث هستین ,"Now, if they told you to come to the mountain in a normal situation, you would have said that the dog is going to the mountain. It's good now that the moon is eclipsed."
1964317138564366772,alighasemi0011,2025-09-06 13:17:55.738000+00:00,تو شوخی میکنید ولی من جدی میکنم  ما مثل هم نیستیم ,0,0,0,https://x.com/AliGhasemi0011/status/1964317138564366772,تو شوخی میکنید ولی من جدی میکنم  ما مثل هم نیستیم ,"You are joking, but I am serious, we are not the same"
1962915021580824699,alighasemi0011,2025-09-02 16:26:24.999000+00:00,رفتم یه دوری بزنم یه بادی به کلم بخوره سر کوچه چند تا پسر بچه رو دیدم اهنگ گذاشته بودن و می‌رقصیدن به قول خودشون شاد بودن نتونستم دووم بیارم منم بهشون پیوستم  ما که شادی ندیدیم حداقل شما لذتشو ببرید  و شاد باشید ,0,0,0,https://x.com/AliGhasemi0011/status/1962915021580824699,رفتم یه دوری بزنم یه بادی به کلم بخوره سر کوچه چند تا پسر بچه رو دیدم اهنگ گذاشته بودن و می‌رقصیدن به قول خودشون شاد بودن نتونستم دووم بیارم منم بهشون پیوستم  ما که شادی ندیدیم حداقل شما لذتشو ببرید  و شاد باشید ,I went for a walk and let the wind blow on the cabbage. I saw some boys on the street. They were singing and dancing. They were happy.
1962260237622136917,alighasemi0011,2025-08-31 21:04:32.338000+00:00,The king should finish last race ,0,0,0,https://x.com/AliGhasemi0011/status/1962260237622136917,The king should finish last race ,The king should finish last race
1961909850503364729,alighasemi0011,2025-08-30 21:52:13.539000+00:00,می‌خوام بدونم اگر ماکروسافت اپل رو از ورشکستگی نجات نمی‌داد تازه عاشق چشم و ابرو اپل هم نبود کارش گیر کرده بود بازم میومدی پز ایفونتو بدی معلومه که من صد ملیون پول یه آیفون نمیدم مگه احمقم ,0,0,0,https://x.com/AliGhasemi0011/status/1961909850503364729,می‌خوام بدونم اگر ماکروسافت اپل رو از ورشکستگی نجات نمی‌داد تازه عاشق چشم و ابرو اپل هم نبود کارش گیر کرده بود بازم میومدی پز ایفونتو بدی معلومه که من صد ملیون پول یه آیفون نمیدم مگه احمقم ,"I want to know that if Microsoft did not save Apple from bankruptcy, it was not in love with Apple's eyes and eyebrows, it would have been stuck, would you come back and give me your iPhone? It is clear that I will not pay 100 million for an iPhone, am I stupid?"
1961182666763706690,alighasemi0011,2025-08-28 21:42:39.425000+00:00,برادر امشب زندگی را ۱۰ هیچ برد  دماغ سوخته خریداریم رکب خوردی کیومرث خان ,0,0,0,https://x.com/AliGhasemi0011/status/1961182666763706690,برادر امشب زندگی را ۱۰ هیچ برد  دماغ سوخته خریداریم رکب خوردی کیومرث خان ,"Brother, we bought life tonight with 10 no wins"
1960984720063242247,alighasemi0011,2025-08-28 08:36:05.254000+00:00,رفته بودم پمپ بنزین نزدیک خونمون جالب بود یه تویوتا لندکروز با پلاک دیپلمات دیدم مال تهران بود پسر راننده نمی‌دونم شایدم پسر اون دیپلماته بود یه جوری ینور و اونورو نگاه می‌کرد انگار آدم ندیده بود  جالب بود تو همچین نقطه‌ای از شهر همچین چیزایی گیر بیاد شهر عجیبیه ,0,0,0,https://x.com/AliGhasemi0011/status/1960984720063242247,رفته بودم پمپ بنزین نزدیک خونمون جالب بود یه تویوتا لندکروز با پلاک دیپلمات دیدم مال تهران بود پسر راننده نمی‌دونم شایدم پسر اون دیپلماته بود یه جوری ینور و اونورو نگاه می‌کرد انگار آدم ندیده بود  جالب بود تو همچین نقطه‌ای از شهر همچین چیزایی گیر بیاد شهر عجیبیه ,"I went to the gas station near our house. It was interesting. I saw a Toyota Land Cruiser with a diplomat's license plate. It was from Tehran. The driver's son, I don't know, maybe he was the diplomat's son. He looked at it like he had never seen it before. It was interesting to find such things in such a part of the city. It is a strange city."
1960700760909394070,alighasemi0011,2025-08-27 13:47:44.116000+00:00,چرا نباید از کسایی که کار درست میکنن حمایت کنیم  مثالش جادی وب اموز چرا فرهنگ دونیت کردنو نداریم البته طبیعیه چون تو ایرانیما اریم مفتی استفاده می‌کنیم یا کرکیه برنامه ها برای خودم متاسفم که این عادت رو ندارم و صد البته برای ایرانی‌های خارج نشین‍,0,0,0,https://x.com/AliGhasemi0011/status/1960700760909394070,چرا نباید از کسایی که کار درست میکنن حمایت کنیم  مثالش جادی وب اموز چرا فرهنگ دونیت کردنو نداریم البته طبیعیه چون تو ایرانیما اریم مفتی استفاده می‌کنیم یا کرکیه برنامه ها برای خودم متاسفم که این عادت رو ندارم و صد البته برای ایرانی‌های خارج نشین‍,"Why shouldn't we support those who are doing good work, for example, Jadi is a web learner, why don't we have a culture of donating, of course, it's natural because in Iran we use Erim Mufti or Karkieh programs, I'm sorry for myself that I don't have this habit and of course for Iranians living abroad."
1959920027303297255,alighasemi0011,2025-08-25 10:05:22.719000+00:00,معلومه که صبحی که با آهنگ ها فریدون فروغی شروع بشه روز فوق‌العاده ای هست ,0,0,0,https://x.com/AliGhasemi0011/status/1959920027303297255,معلومه که صبحی که با آهنگ ها فریدون فروغی شروع بشه روز فوق‌العاده ای هست ,"Obviously, a morning that starts with Fereydoun Foroughi's songs is a wonderful day"
1959372223871111176,alighasemi0011,2025-08-23 21:48:36.203000+00:00,امروز تازه متوجه عمق فاجعه شدم که چقدر او حوزه تکنولوژی و ارتباطات از دنیا عقبیم قلبم ترک خورد منم از اون دستگاه های لعنتی میخوام این رسمش نیست ,0,0,0,https://x.com/AliGhasemi0011/status/1959372223871111176,امروز تازه متوجه عمق فاجعه شدم که چقدر او حوزه تکنولوژی و ارتباطات از دنیا عقبیم قلبم ترک خورد منم از اون دستگاه های لعنتی میخوام این رسمش نیست ,"Today, I just realized the depth of the disaster, how much we are behind the world in the field of technology and communication. My heart broke. I also want those damn devices."
1958993580254441967,alighasemi0011,2025-08-22 20:44:00.530000+00:00,جون خودتون دیگه لینکدین رو مثل اینستا و توییتر نکنید که ۹۰ درصد دنبال دوست دختر و دوست پسرن لعنتیا اونجا داریم دنبال کار می‌گردیم جای این چیزا نیست ,0,0,0,https://x.com/AliGhasemi0011/status/1958993580254441967,جون خودتون دیگه لینکدین رو مثل اینستا و توییتر نکنید که ۹۰ درصد دنبال دوست دختر و دوست پسرن لعنتیا اونجا داریم دنبال کار می‌گردیم جای این چیزا نیست ,"Don't use LinkedIn like Insta and Twitter, 90% of them are looking for girlfriends and boyfriends, damn it, we are looking for jobs there, there is no place for these things."
1957471060904779989,alighasemi0011,2025-08-18 15:54:03.630000+00:00,چرا بسته‌های اینترنتی را ثل قبل نمی‌کنید هیچ تنوعی ندارن برکتم ندارن حروم زادها می‌خوایم پول بدیم,0,0,0,https://x.com/AliGhasemi0011/status/1957471060904779989,چرا بسته‌های اینترنتی را ثل قبل نمی‌کنید هیچ تنوعی ندارن برکتم ندارن حروم زادها می‌خوایم پول بدیم,"Why don't you make internet packages like before, they have no variety, they have no blessing, bastards, we want to pay"
1957126876930945272,alighasemi0011,2025-08-17 17:06:23.776000+00:00,معلومه که هیچ راننده کامیون حرفه ایی از دنده  یک و کمک یکش استفاده نمیکنه   علی کاش ماشین‌های عادی هم نیم دنده داشتن,0,0,0,https://x.com/AliGhasemi0011/status/1957126876930945272,معلومه که هیچ راننده کامیون حرفه ایی از دنده  یک و کمک یکش استفاده نمیکنه   علی کاش ماشین‌های عادی هم نیم دنده داشتن,"It is clear that no professional truck driver uses first gear and first gear, I wish normal cars have half gear too."
1956776053407387697,alighasemi0011,2025-08-16 17:52:20.930000+00:00,چتونه چرا اینقدر جنگنده دارید بلند میکنید دیونه شدیم ,0,0,0,https://x.com/AliGhasemi0011/status/1956776053407387697,چتونه چرا اینقدر جنگنده دارید بلند میکنید دیونه شدیم ,"How come you have so many fighters, we are crazy"
1956696061889659312,alighasemi0011,2025-08-16 12:34:29.466000+00:00,خدا ورت داره امین با اون حرکتت  یزید اونجا که محله خودمون نیست همین که یارو زنگ نزده پلیس خدارو شکر جرررر ولی حال داد خاطره شد,0,0,0,https://x.com/AliGhasemi0011/status/1956696061889659312,خدا ورت داره امین با اون حرکتت  یزید اونجا که محله خودمون نیست همین که یارو زنگ نزده پلیس خدارو شکر جرررر ولی حال داد خاطره شد,"God bless you, Amin, with that move in Yazid, where it is not our neighborhood, as soon as you didn't call the police, thank God, but it became a memory."
1955317978842398857,alighasemi0011,2025-08-12 17:18:28.864000+00:00,می‌مردین پیام لعنتی زودتر بدی که  بنزین سوپر داریم من نرم باک ماشینو با بنزین یورو ۵ پر کنم ,0,0,0,https://x.com/AliGhasemi0011/status/1955317978842398857,می‌مردین پیام لعنتی زودتر بدی که  بنزین سوپر داریم من نرم باک ماشینو با بنزین یورو ۵ پر کنم ,"You were dying to send the damn message sooner that we have super gasoline, I will fill the tank of the car with Euro 5 gasoline"
1954973368375189606,alighasemi0011,2025-08-11 18:29:07.326000+00:00,چند وقت پیش ناراحت این بودم که نتونستم دوره پایتون جادی که رایگان شده بود رو بگیرم بعد چند روز پیش دوباره یه دورشو رایگان کرده بود کاش همه مثل تو بودن به خدا که عشقی برنامه‌هاشو که می‌بینم آروم میشم ,0,0,0,https://x.com/AliGhasemi0011/status/1954973368375189606,چند وقت پیش ناراحت این بودم که نتونستم دوره پایتون جادی که رایگان شده بود رو بگیرم بعد چند روز پیش دوباره یه دورشو رایگان کرده بود کاش همه مثل تو بودن به خدا که عشقی برنامه‌هاشو که می‌بینم آروم میشم ,"Some time ago, I was sad that I could not take Jadi's Python course, which was free, then a few days ago, he made it free again."
1954261902533558506,alighasemi0011,2025-08-09 19:22:00.651000+00:00,به خونه خوش اومدی مردی منتظرت بودیم باید بگی چه کردی از اولش ,0,0,0,https://x.com/AliGhasemi0011/status/1954261902533558506,به خونه خوش اومدی مردی منتظرت بودیم باید بگی چه کردی از اولش ,"Welcome home man, we were waiting for you, you should tell me what you did from the beginning"
1954229509789786340,alighasemi0011,2025-08-09 17:13:17.619000+00:00,بعد میگن چرا تو شیراز ابر میاد ولی بارون نمیاد آخه موض با ز ضاد من دیگه حرفی ندارم خفه شدیم از بس هوا دمه,0,0,0,https://x.com/AliGhasemi0011/status/1954229509789786340,بعد میگن چرا تو شیراز ابر میاد ولی بارون نمیاد آخه موض با ز ضاد من دیگه حرفی ندارم خفه شدیم از بس هوا دمه,"Then they say, ""Why are there clouds in Shiraz, but no rain?"""
1953752628137021501,alighasemi0011,2025-08-08 09:38:20.173000+00:00,روت نمیشه کاری انجام بدی دستور sudo بزن روت میشه اونایی که لینوکس کار میکنن می‌فهمن ,0,0,0,https://x.com/AliGhasemi0011/status/1953752628137021501,روت نمیشه کاری انجام بدی دستور sudo بزن روت میشه اونایی که لینوکس کار میکنن می‌فهمن ,"You can't root, you can't do anything, enter the sudo command, it will root, those who work Linux will understand"
1953394194048806943,alighasemi0011,2025-08-07 09:54:02.827000+00:00,اینجا ابرشم قشنگه ,0,0,0,https://x.com/AliGhasemi0011/status/1953394194048806943,اینجا ابرشم قشنگه ,The clouds are beautiful here
1953084511278751790,alighasemi0011,2025-08-06 13:23:28.701000+00:00,هرچی میکشم زیر سر سراتو هست چرا نسل این ماشین منقرض نمیشه ,0,0,0,https://x.com/AliGhasemi0011/status/1953084511278751790,هرچی میکشم زیر سر سراتو هست چرا نسل این ماشین منقرض نمیشه ,"Everything I do is under your head, why is this car's generation not extinct?"
1952636604461248938,alighasemi0011,2025-08-05 07:43:39.394000+00:00,فک انقلاب بزرگ ترین دستاوردی که برای خواننده‌ها داشت که برن خارج از کشور و زندگیشونو بهتر کن واقعا جای تاسف داره که  آقای شهرام شپره  که بیایی با یکی مثل علی ضیا مصاحبه وسیاه نمایی کنی و بقیه خواننده های اون ور آبی رو هم خراب کنی حداقل می‌ذاشتی تصویر خوبی ازت تو ذهنم باشه ,0,0,0,https://x.com/AliGhasemi0011/status/1952636604461248938,فک انقلاب بزرگ ترین دستاوردی که برای خواننده‌ها داشت که برن خارج از کشور و زندگیشونو بهتر کن واقعا جای تاسف داره که  آقای شهرام شپره  که بیایی با یکی مثل علی ضیا مصاحبه وسیاه نمایی کنی و بقیه خواننده های اون ور آبی رو هم خراب کنی حداقل می‌ذاشتی تصویر خوبی ازت تو ذهنم باشه ,The biggest achievement of the revolution was for the singers to go abroad and improve their lives. It is really unfortunate that Mr. Shahram Shapere came to interview and criticize someone like Ali Zia and ruin the rest of the singers. At least you would have left a good image of you in my mind.
1952316123883405499,alighasemi0011,2025-08-04 10:30:10.870000+00:00,ترکیب حسین عرفانی با دنی گلاور یه جوری بود که انگار دوبلر قبل از ضبط یه فنجون فلسفه خورده بود.صداش اونقدر به نقش‌ها می‌اومد که خود گلاور اگه فارسی بلد بود، احتمالا همونو می‌گفت!  ترکیب برنده هست ,0,0,0,https://x.com/AliGhasemi0011/status/1952316123883405499,ترکیب حسین عرفانی با دنی گلاور یه جوری بود که انگار دوبلر قبل از ضبط یه فنجون فلسفه خورده بود.صداش اونقدر به نقش‌ها می‌اومد که خود گلاور اگه فارسی بلد بود، احتمالا همونو می‌گفت!  ترکیب برنده هست ,"The combination of Hossein Irfani with Danny Glover was as if Dobler had eaten a cup of philosophy before recording. His voice fits the roles so much that if Glover himself knew Persian, he would probably say the same thing!  The combination is the winner"
1951655327004287444,alighasemi0011,2025-08-02 14:44:24.617000+00:00,پیرمرده اومده تو پمپ بنزین میگه کو گازش پس مگه گاز ندارن یزید سن پدر بزرگم رو داری این چه سمی بود من امرو دیدم,0,0,0,https://x.com/AliGhasemi0011/status/1951655327004287444,پیرمرده اومده تو پمپ بنزین میگه کو گازش پس مگه گاز ندارن یزید سن پدر بزرگم رو داری این چه سمی بود من امرو دیدم,"The old man came to the gas station and asked where the gas is, so don't they have gas? Yazid, you are the age of my grandfather. What kind of poison was this? I saw it."
1951228265319796748,alighasemi0011,2025-08-01 10:27:25.177000+00:00,چرا وقتی باید دنده 3رو7دوچرخه رو پر کردم بیاید جلوم احمقا تو شیب بودم به بدبختی به اون سرعت رسیده بودم جونم بالا اومدباید لهتون میکردم,0,0,0,https://x.com/AliGhasemi0011/status/1951228265319796748,چرا وقتی باید دنده 3رو7دوچرخه رو پر کردم بیاید جلوم احمقا تو شیب بودم به بدبختی به اون سرعت رسیده بودم جونم بالا اومدباید لهتون میکردم,Why did the bike come in front of me when I had to put it in 3rd gear and 7th gear? I was on a slope. I had unfortunately reached that speed.
1950860025863483529,alighasemi0011,2025-07-31 10:04:10.049000+00:00,بالاخره بابام متقاعد شده و باور کرده ماشین صدا میده و صدا از تسمشس خدا رو شکر,0,0,0,https://x.com/AliGhasemi0011/status/1950860025863483529,بالاخره بابام متقاعد شده و باور کرده ماشین صدا میده و صدا از تسمشس خدا رو شکر,"Finally, my dad is convinced and believes that the car makes a sound and the sound is from the belt, thank God"
1950305007829434852,alighasemi0011,2025-07-29 21:18:43.438000+00:00,دیشب خشکباری مهدی اینا بودیم داشت خوبیت می‌گفت می‌گفت خیلی  لاشی هستی نمیدونست که ما دوتا رفیقای سر تا پا یکی هستیم ,0,0,0,https://x.com/AliGhasemi0011/status/1950305007829434852,دیشب خشکباری مهدی اینا بودیم داشت خوبیت می‌گفت می‌گفت خیلی  لاشی هستی نمیدونست که ما دوتا رفیقای سر تا پا یکی هستیم ,"Last night, we were at Khokhbari Mehdi Inna, he was saying how good you are, he was saying that you are a corpse, he didn't know that we are two friends from head to toe."
1949885878744068169,alighasemi0011,2025-07-28 17:33:15.277000+00:00,دو ساعت پیش داشتم فکر می‌کردم که چرا یه چیکه  بنزین یورو پنج گیر نمیاد با وجود اینکه پالایشگاه مرودشت خط تولیدشو داره  که ده دقیقه پیش متوجه شدم دو تا از پمپ بنزین‌ها دارند کاش همیشه اینقدر زود اتفاق می‌افتاد از فردا پمپ بنزینو مال خودم میکنم ,0,0,0,https://x.com/AliGhasemi0011/status/1949885878744068169,دو ساعت پیش داشتم فکر می‌کردم که چرا یه چیکه  بنزین یورو پنج گیر نمیاد با وجود اینکه پالایشگاه مرودشت خط تولیدشو داره  که ده دقیقه پیش متوجه شدم دو تا از پمپ بنزین‌ها دارند کاش همیشه اینقدر زود اتفاق می‌افتاد از فردا پمپ بنزینو مال خودم میکنم ,"Two hours ago, I was thinking why a 5-euro gasoline is not available, even though Marvdasht Refinery has its own production line, which ten minutes ago I found out that they have two gas stations."
1949539543079637381,alighasemi0011,2025-07-27 18:37:02.420000+00:00,چرا هرچی مهدی دورم هست اشغال هسن (به جز داییم ) می‌دونم که وقتی از کنارم رد شدین فهمیدن هیچی نگفتین ,0,0,0,https://x.com/AliGhasemi0011/status/1949539543079637381,چرا هرچی مهدی دورم هست اشغال هسن (به جز داییم ) می‌دونم که وقتی از کنارم رد شدین فهمیدن هیچی نگفتین ,"Why, Mahdi, everything around me is occupied (except for my uncle). I know that you didn't say anything when you passed by me."
1949211198827761909,alighasemi0011,2025-07-26 20:52:19.050000+00:00,میخوام بدونم این ایران خودرو و سایپا دقیقا چه چیزی رو به عنوان گارانتی به مشتری میدن که  هی اگر نیارید نمایندگی گارانتی میپره بد تر از اون خانواده هان که میگن بریم ماشین صفر بخریم که گارانتی داشته باشه نمی‌دونم که خدا تومن می‌کنن تومن می‌کنن تو پاچه ملت گور بابای همتون ,0,0,0,https://x.com/AliGhasemi0011/status/1949211198827761909,میخوام بدونم این ایران خودرو و سایپا دقیقا چه چیزی رو به عنوان گارانتی به مشتری میدن که  هی اگر نیارید نمایندگی گارانتی میپره بد تر از اون خانواده هان که میگن بریم ماشین صفر بخریم که گارانتی داشته باشه نمی‌دونم که خدا تومن می‌کنن تومن می‌کنن تو پاچه ملت گور بابای همتون ,"I want to know exactly what Iran Khodro and Saipa give to the customer as a warranty. Hey, if you don't come, the dealership will cancel the warranty. It's worse than that family that says let's go and buy a zero car that has a warranty."
1948838458644124010,alighasemi0011,2025-07-25 20:11:10.865000+00:00,عاشق این  ضرب المثل آمریکایی‌ها هستم که میگه مالیبو به لیمو تبدیل شد خوب مرتیکه قوز میت کی میاد میاد شورولت مالیبو (نسل 4) رو بازسازی کنه که تبلیغش میکنی  حداقل یکم از عقبه ماشین بدون برو حداقل از پدربزرگت در مورد این ماشین بپرس که آمریکا چه اشغالی رو به صدام داد که بعدش جنگ شد,0,0,0,https://x.com/AliGhasemi0011/status/1948838458644124010,عاشق این  ضرب المثل آمریکایی‌ها هستم که میگه مالیبو به لیمو تبدیل شد خوب مرتیکه قوز میت کی میاد میاد شورولت مالیبو (نسل 4) رو بازسازی کنه که تبلیغش میکنی  حداقل یکم از عقبه ماشین بدون برو حداقل از پدربزرگت در مورد این ماشین بپرس که آمریکا چه اشغالی رو به صدام داد که بعدش جنگ شد,"I love this American proverb that says the Malibu turned into a lemon, well, when will Mertike Kouz Mitt come to restore the Chevrolet Malibu (generation 4) that you advertise, at least one of the rear of the car, don't go, at least ask your grandfather about this car, what occupation did America give to Saddam, and then there was a war"
1948450257597333927,alighasemi0011,2025-07-24 18:28:36.523000+00:00,در وصف شیراز همی بس که کل ایران تو صف مرغ و گوشت شیرازیا تو صف بابا بستنی وقنادی کامران هرلییی ,0,0,0,https://x.com/AliGhasemi0011/status/1948450257597333927,در وصف شیراز همی بس که کل ایران تو صف مرغ و گوشت شیرازیا تو صف بابا بستنی وقنادی کامران هرلییی ,"It is enough to describe Shiraz, the whole of Iran is in the queue of Shirazian chicken and meat, you are in the queue of Kamran Harli's ice cream and confectionary father."
1947943451548323889,alighasemi0011,2025-07-23 08:54:44.545000+00:00,باور کن اگه 10تا ماشین کارتینگ بندازن تو این پیست صد برابر شلوغ تر میشه تا اینکه توش اسکیت بازی کنی ای کیف میده ,0,0,0,https://x.com/AliGhasemi0011/status/1947943451548323889,باور کن اگه 10تا ماشین کارتینگ بندازن تو این پیست صد برابر شلوغ تر میشه تا اینکه توش اسکیت بازی کنی ای کیف میده ,"Believe me, if they put 10 karting cars in this track, it will be 100 times more crowded than if you skate on it."
1947353478923174171,alighasemi0011,2025-07-21 17:50:24.110000+00:00,یزید این چه سمی نشونم دادی دهنت سرویس دیگه نمیتونم آهنگ دوباره محشر می‌کنم رو گوش کنم فقط به خاطر تو الاغ تش بگیری,0,0,0,https://x.com/AliGhasemi0011/status/1947353478923174171,یزید این چه سمی نشونم دادی دهنت سرویس دیگه نمیتونم آهنگ دوباره محشر می‌کنم رو گوش کنم فقط به خاطر تو الاغ تش بگیری,"Yazid, you showed me how poisonous your mouth is, I can't listen to Mahsher's song again, just because of you, take your ass."
1945099615893598437,alighasemi0011,2025-07-15 12:34:21.289000+00:00,حداقل بزار نسبت سوخت به هواشو عوض کنم ماشین جون نداره ,0,0,0,https://x.com/AliGhasemi0011/status/1945099615893598437,حداقل بزار نسبت سوخت به هواشو عوض کنم ماشین جون نداره ,"At least let me change the fuel to air ratio, the car doesn't work"
1944502490738938124,alighasemi0011,2025-07-13 21:01:35.558000+00:00,چلسی امشب چشه چرا اینقدر هار شدهههه آروم باش لعنتی ,0,0,0,https://x.com/AliGhasemi0011/status/1944502490738938124,چلسی امشب چشه چرا اینقدر هار شدهههه آروم باش لعنتی ,"Chelsea tonight, why is he so angry, calm down, dammit"
1944364462720389529,alighasemi0011,2025-07-13 11:53:07.114000+00:00,مزخرف تر از زبان اسمبلی هیچی ندیدم جون آدم رو بالا میاره سر یه سیمیکالن ,0,0,0,https://x.com/AliGhasemi0011/status/1944364462720389529,مزخرف تر از زبان اسمبلی هیچی ندیدم جون آدم رو بالا میاره سر یه سیمیکالن ,"I haven't seen anything more nonsense than assembly language, it makes a person's life go up in the head of a Simicalon"
1944110255668940999,alighasemi0011,2025-07-12 19:02:59.430000+00:00,امروز بیشتر از زمستون بارون زده عجیبه تابستون همچین بارونی رو داریم توقع داشتم شدید تر از این حرفا باشه ,0,0,0,https://x.com/AliGhasemi0011/status/1944110255668940999,امروز بیشتر از زمستون بارون زده عجیبه تابستون همچین بارونی رو داریم توقع داشتم شدید تر از این حرفا باشه ,"Today, it has rained more than the winter. It is strange that we have this kind of rain in the summer. I expected it to be more intense than this"
1943733519638810942,alighasemi0011,2025-07-11 18:05:58.561000+00:00,بعد از یه ماه تعمیرات امروز یه کورس خوب انداختیم  همیشه هم من میبازم ولی این شروع  کاره بوی بارون هم میومد  خلاصه که هوا هوای مرام و معرفت بود ,0,0,0,https://x.com/AliGhasemi0011/status/1943733519638810942,بعد از یه ماه تعمیرات امروز یه کورس خوب انداختیم  همیشه هم من میبازم ولی این شروع  کاره بوی بارون هم میومد  خلاصه که هوا هوای مرام و معرفت بود ,"After a month of repairs, today we played a good course. I always lose, but this is the beginning of the work, and it smells like rain. In short, the weather was good."
1943622445795102876,alighasemi0011,2025-07-11 10:44:36.493000+00:00,قشنگ ترین جمله ای که پشت یک کامیون می‌تونستم ببینم این بود که چشم نزن همش وامه واقعا جمله حقی بود,0,0,0,https://x.com/AliGhasemi0011/status/1943622445795102876,قشنگ ترین جمله ای که پشت یک کامیون می‌تونستم ببینم این بود که چشم نزن همش وامه واقعا جمله حقی بود,"The most beautiful sentence that I could see on the back of a truck was ""don't look at it all"" but it was really true"
1943398416924528679,alighasemi0011,2025-07-10 19:54:23.848000+00:00,نمی‌دونم از خدا چی خواستم که اون شلبی موستانگ Gt500 زیتونی که پار سال دیدم رو دوباره دیدم حالا یادم میاد قرار بود دوباره روز 6محرم درست همون روز پارسایی ببینمش مثل این که امروز قسمت بود ببینمش دیدنش واقعا از ته دل خوش حالم کرد خستگی از تنم بیرون رفت ,0,0,0,https://x.com/AliGhasemi0011/status/1943398416924528679,نمی‌دونم از خدا چی خواستم که اون شلبی موستانگ Gt500 زیتونی که پار سال دیدم رو دوباره دیدم حالا یادم میاد قرار بود دوباره روز 6محرم درست همون روز پارسایی ببینمش مثل این که امروز قسمت بود ببینمش دیدنش واقعا از ته دل خوش حالم کرد خستگی از تنم بیرون رفت ,"I don't know what I asked God to see again that olive Shelby Mustang Gt500 that I saw last year. Now I remember that I was supposed to see it again on the 6th of Muharram, on the same holy day, like today was my chance to see it."
1942983123114864641,alighasemi0011,2025-07-09 16:24:10.088000+00:00,دیشب داشتم با داداشم بازی چلسی رو میدیم   آخرای بازی به این فکر می‌کردم که آخرین باری که با بچه های محل کی تو کوچه فوتبال بازی کردیم   زمانی با حال شد  که اون پسره  اومد گفت من بهتر بازیکن  باشگاه پویشم اصلأ از روز لیگ فوتبال کوچه تو یه مرحله دیگه ای رفت و از اون روز همسایه ایم,0,0,0,https://x.com/AliGhasemi0011/status/1942983123114864641,دیشب داشتم با داداشم بازی چلسی رو میدیم   آخرای بازی به این فکر می‌کردم که آخرین باری که با بچه های محل کی تو کوچه فوتبال بازی کردیم   زمانی با حال شد  که اون پسره  اومد گفت من بهتر بازیکن  باشگاه پویشم اصلأ از روز لیگ فوتبال کوچه تو یه مرحله دیگه ای رفت و از اون روز همسایه ایم,"Last night, I was watching the Chelsea game with my brother. At the end of the game, I was thinking that when was the last time we played football in the alley with the local kids, when that boy came, he said, ""I'm better as a player in the Poish club. It went to another level since the day of the alley football league, and we've been neighbors since that day."""
1941289735739302346,alighasemi0011,2025-07-05 00:15:15.076000+00:00,که گفتی یه 206تیپ 5دیدم سفید ها ای آدم زرنگ من که می‌دونم منظورتو ولی باشه ,0,0,0,https://x.com/AliGhasemi0011/status/1941289735739302346,که گفتی یه 206تیپ 5دیدم سفید ها ای آدم زرنگ من که می‌دونم منظورتو ولی باشه ,"When you said, I saw a 206 type 5, the white ones, my clever person, I know what you mean, but it's okay."
1940805271254979004,alighasemi0011,2025-07-03 16:10:09.742000+00:00,بعد میگن تو عصبی هستی وسط کار میایی مزاحم میشی توقع داری هیچیت نگم احمق جون ,0,0,0,https://x.com/AliGhasemi0011/status/1940805271254979004,بعد میگن تو عصبی هستی وسط کار میایی مزاحم میشی توقع داری هیچیت نگم احمق جون ,"Then they say you are nervous, you come in the middle of work, you disturb me, you expect me to say nothing, you idiot"
1939962782595608665,alighasemi0011,2025-07-01 08:22:24.793000+00:00,چرا همیشه سر بزنگاه باید یه بلای اسمونی سر ادم بیاد فقط 3ثانیه مونده خروجی کار تموم شه زارتی برق رفت ,0,0,0,https://x.com/AliGhasemi0011/status/1939962782595608665,چرا همیشه سر بزنگاه باید یه بلای اسمونی سر ادم بیاد فقط 3ثانیه مونده خروجی کار تموم شه زارتی برق رفت ,"Why does a heavenly disaster always happen to a person at the start of the day? There are only 3 seconds left, the output is finished, the power went out."
1939236346377445452,alighasemi0011,2025-06-29 08:15:48.902000+00:00,همیشه پای یه دایی علی در میونه عه  خودمم که اسمم علیرضا  است ولی خب میدونی حرف همو خوب میفهمیم میخوامت ,0,0,0,https://x.com/AliGhasemi0011/status/1939236346377445452,همیشه پای یه دایی علی در میونه عه  خودمم که اسمم علیرضا  است ولی خب میدونی حرف همو خوب میفهمیم میخوامت ,"My name is Alireza, but you know, we understand each other very well."
1939230841550590289,alighasemi0011,2025-06-29 07:53:56.449000+00:00,یه سال از دیدنت میگذره فقط میخوام دوباره بیایی چون این دفعه دیگه با دست پر بالا سرتیم ,0,0,0,https://x.com/AliGhasemi0011/status/1939230841550590289,یه سال از دیدنت میگذره فقط میخوام دوباره بیایی چون این دفعه دیگه با دست پر بالا سرتیم ,"It's been a year since I saw you, I just want you to come again because this time we're holding our hands high"
1938488162432782503,alighasemi0011,2025-06-27 06:42:47.949000+00:00,مثل اینکه هنوز زنده ام ,0,0,0,https://x.com/AliGhasemi0011/status/1938488162432782503,مثل اینکه هنوز زنده ام ,Like I'm still alive
1934842814933745823,alighasemi0011,2025-06-17 05:17:29.378000+00:00,تو این 17 سالی که تو این محل زندگی میکنم یه دونه پلیس ندیدم اگر میدیدیم طرف بیشتر از 2روز دوم نمیاورد الان مثل مور وملخ دارن همه جا رو میگردن دمتون گرم مشتی هستین,0,0,0,https://x.com/AliGhasemi0011/status/1934842814933745823,تو این 17 سالی که تو این محل زندگی میکنم یه دونه پلیس ندیدم اگر میدیدیم طرف بیشتر از 2روز دوم نمیاورد الان مثل مور وملخ دارن همه جا رو میگردن دمتون گرم مشتی هستین,"In the 17 years that I have been living in this place, I have not seen a single policeman. If we saw them, they would not come back for more than 2 days. Now they are roaming around like moths and grasshoppers. You are a hot fist."
1934679782031282252,alighasemi0011,2025-06-16 18:29:39.305000+00:00,الان میخوام تیپ 55 هوابرد ارتش وپدافند شیراز دقیقا چه غلطی میکنه یه ساعته صدای تیرو ترقه شهر رو پر کرده,0,0,0,https://x.com/AliGhasemi0011/status/1934679782031282252,الان میخوام تیپ 55 هوابرد ارتش وپدافند شیراز دقیقا چه غلطی میکنه یه ساعته صدای تیرو ترقه شهر رو پر کرده,Now I want to know exactly what the 55th Airborne Brigade of the Shiraz Army and Defense is doing. The sound of gunfire filled the city for an hour.
1934294454330065367,alighasemi0011,2025-06-15 16:58:30.022000+00:00,دیشب زل زده بودم به آسمون، یه حسی ته دلم می‌گفت دوباره قراره خبری بشه. انگار هوا بوی موشک می‌داد... دقیقاً ده دقیقه بعد، ردّ چندتا موشک تو آسمون پیچید. بعضی وقتا دل  زودتر از اخبار خبردار میشه کشور عجیبه,0,0,0,https://x.com/AliGhasemi0011/status/1934294454330065367,دیشب زل زده بودم به آسمون، یه حسی ته دلم می‌گفت دوباره قراره خبری بشه. انگار هوا بوی موشک می‌داد... دقیقاً ده دقیقه بعد، ردّ چندتا موشک تو آسمون پیچید. بعضی وقتا دل  زودتر از اخبار خبردار میشه کشور عجیبه,"Last night I was staring at the sky, a feeling in my heart said that there is going to be news again. It was as if the air smelled of rockets... exactly ten minutes later, the trail of several rockets flew in the sky. Sometimes the heart knows about a strange country sooner than the news"
1933814947617931701,alighasemi0011,2025-06-14 09:13:06.713000+00:00,دلم واسه این سربازا میسوزه دیشب پسرای همسایه رو دیدم اشو لاش بودن اماده باش کامل بودن ,0,0,0,https://x.com/AliGhasemi0011/status/1933814947617931701,دلم واسه این سربازا میسوزه دیشب پسرای همسایه رو دیدم اشو لاش بودن اماده باش کامل بودن ,"My heart aches for these soldiers. I saw the neighbor's boys last night and they were corpses. Get ready, they are perfect"
1933476206558785622,alighasemi0011,2025-06-13 10:47:04.551000+00:00,پس کو این همه پدافند داریم موشک داریم خاک تو سرتون فقط بلدین گنده گوزی کنید مرده شور خودتون  این نظام تون ببرن ابرو نزاشتین واسمون,0,0,0,https://x.com/AliGhasemi0011/status/1933476206558785622,پس کو این همه پدافند داریم موشک داریم خاک تو سرتون فقط بلدین گنده گوزی کنید مرده شور خودتون  این نظام تون ببرن ابرو نزاشتین واسمون,So why do we have all these defenses? We have rockets. You just know how to talk shit. You are dead. They will take away your system. You did not raise an eyebrow at us.
1933243295926530360,alighasemi0011,2025-06-12 19:21:34.329000+00:00,فکر میکردم اون بنز180 زرشکی و اون امریکایی های یا بقیه مدل بنز های کلاسیکی که میببم دیگه تهشن ولی دیشب فهمیدم که چه  اسطوره هایی اینجا اند و ما از حضورشون بیخبریم ولی نمیدونم بقیه رفقات کجان دلم تنگ شده براشون بماند به یادگار نمایشگاه خودرو بین الملی شیراز,0,0,0,https://x.com/AliGhasemi0011/status/1933243295926530360,فکر میکردم اون بنز180 زرشکی و اون امریکایی های یا بقیه مدل بنز های کلاسیکی که میببم دیگه تهشن ولی دیشب فهمیدم که چه  اسطوره هایی اینجا اند و ما از حضورشون بیخبریم ولی نمیدونم بقیه رفقات کجان دلم تنگ شده براشون بماند به یادگار نمایشگاه خودرو بین الملی شیراز,"I thought that crimson Benz 180 and those American or other classic Benz models that I buy are gone, but last night I realized what legends are here and we don't know about their presence, but I don't know where the rest of my friends are."
1932159827054395888,alighasemi0011,2025-06-09 19:36:15.220000+00:00,وقتی بچه بودم بزرگ ترین تفریحم با رفیقم این بود که بگردیم دنبال پیکان های کلاسیک خصوصا اگه رینگ اسپورت داشت عشق میکردیم انگار دنیا رو بهمون داده بودن البته هنوزم همین تفریح رو داریم ولی جدی تر از قبل کاش نگاهت زیر نویس داشت ,0,0,0,https://x.com/AliGhasemi0011/status/1932159827054395888,وقتی بچه بودم بزرگ ترین تفریحم با رفیقم این بود که بگردیم دنبال پیکان های کلاسیک خصوصا اگه رینگ اسپورت داشت عشق میکردیم انگار دنیا رو بهمون داده بودن البته هنوزم همین تفریح رو داریم ولی جدی تر از قبل کاش نگاهت زیر نویس داشت ,"When I was a child, the biggest fun I had with my friend was to look for classic arrows, especially if it had a ring sport, we loved it as if the world had been given to us."
1931055356769440119,alighasemi0011,2025-06-06 18:27:28.984000+00:00,"یه نفر مگه میشه دوتا استان این قدر خوب باشن با هم 
واکنش من: بوشهر + شیراز ",0,0,0,https://x.com/AliGhasemi0011/status/1931055356769440119,"یه نفر مگه میشه دوتا استان این قدر خوب باشن با هم 
واکنش من: بوشهر + شیراز ","One person, how can two provinces be so good together? 
My reaction: Bushehr + Shiraz"
1930375563702874531,alighasemi0011,2025-06-04 21:26:13.687000+00:00,چند روز پیش فیلم her دوباره دیدم وباز اون ترومای لعنتی اومدم سراغم تا یه ازخودم میترسیدم نکنه این که منم این طوری ام و خبر ندارم ,0,0,0,https://x.com/AliGhasemi0011/status/1930375563702874531,چند روز پیش فیلم her دوباره دیدم وباز اون ترومای لعنتی اومدم سراغم تا یه ازخودم میترسیدم نکنه این که منم این طوری ام و خبر ندارم ,"A few days ago, I watched the movie Her again and that damn trauma came back to me, so I was afraid of myself, that I am like this and I don't know."
1929981688551223744,alighasemi0011,2025-06-03 19:21:06.533000+00:00,یک ساعت یه پشتک حموم رو بهم زدم چیزی که میخواستم پیدا نکردم ولی به جاش کارت اینترنتی که 15 سال پیش خریدم رو دیدم چه زود گذشت کافی بود یه نفر به تلفن خونه زنگ بزنه اینترنت می پرید,0,0,0,https://x.com/AliGhasemi0011/status/1929981688551223744,یک ساعت یه پشتک حموم رو بهم زدم چیزی که میخواستم پیدا نکردم ولی به جاش کارت اینترنتی که 15 سال پیش خریدم رو دیدم چه زود گذشت کافی بود یه نفر به تلفن خونه زنگ بزنه اینترنت می پرید,"I rummaged through the back of the bathroom for an hour. I didn't find what I was looking for, but instead I saw the internet card I bought 15 years ago. How quickly it passed, it was enough for someone to call the home phone and the internet would jump."
1929566308581933138,alighasemi0011,2025-06-02 15:50:32.231000+00:00,هرچی بیشتر میگذره  کثافت کاری های خانواده پدریم بیشتر رو میشه گرچه وقتی بچه بودم دستشون رو شده واسم  و ابعاد جالبی از زندگیاشون  دارم میبینم ولی هیچ اهمیتی نداره برام  حقتونه,0,0,0,https://x.com/AliGhasemi0011/status/1929566308581933138,هرچی بیشتر میگذره  کثافت کاری های خانواده پدریم بیشتر رو میشه گرچه وقتی بچه بودم دستشون رو شده واسم  و ابعاد جالبی از زندگیاشون  دارم میبینم ولی هیچ اهمیتی نداره برام  حقتونه,"The more time passes, the more dirty things my father's family does, although I was exposed to them when I was a child, and I see interesting aspects of their lives, but it doesn't matter to me."
1928544843455775088,alighasemi0011,2025-05-30 20:11:35.967000+00:00,چند بار بهتون گفتم بدون من ارشد نرید بدید چیزی نمیارید من لذت میبرم از این که قراره بازم با هم به کثافت کاریامون تو دانشگاه ادامه بدیم همین جمع سال دیگه سربازی,0,0,0,https://x.com/AliGhasemi0011/status/1928544843455775088,چند بار بهتون گفتم بدون من ارشد نرید بدید چیزی نمیارید من لذت میبرم از این که قراره بازم با هم به کثافت کاریامون تو دانشگاه ادامه بدیم همین جمع سال دیگه سربازی,"How many times have I told you, don't go to graduate school without me, you won't get anything, I'm enjoying the fact that we are going to continue our dirty work together in the university."
1927754494869192747,alighasemi0011,2025-05-28 15:51:02.180000+00:00,نمی‌دونم خدا چرا اون روز ما سر این دوراهی گذاشت ما داشتیم می‌رفتیم تو رو از بالا شهر شکار کنیم ولی مثل اینکه خودت با پای خودت آمدی تو دام  ما اونم تو پودونک شیراز این بار سوم بود که می‌دیدمت حواسم بهت هست فقط نمی‌دونم چرا امین داره می‌سوزه امان از گشادی,0,0,0,https://x.com/AliGhasemi0011/status/1927754494869192747,نمی‌دونم خدا چرا اون روز ما سر این دوراهی گذاشت ما داشتیم می‌رفتیم تو رو از بالا شهر شکار کنیم ولی مثل اینکه خودت با پای خودت آمدی تو دام  ما اونم تو پودونک شیراز این بار سوم بود که می‌دیدمت حواسم بهت هست فقط نمی‌دونم چرا امین داره می‌سوزه امان از گشادی,"I don't know why God left us at this crossroads that day. We were going to hunt you down from the top of the city, but it's like you came on your own, you're in our trap, and you're in Pudonak, Shiraz. This was the third time I've seen you, I'm paying attention to you, I just don't know why Amin is burning"
1927368025797247119,alighasemi0011,2025-05-27 14:15:20.773000+00:00,امروز چه قدر وحشی شدن مردم مثل خر رانندگی میکن همین امروز فقط  جلوم چهار تا تصادف شد,0,0,0,https://x.com/AliGhasemi0011/status/1927368025797247119,امروز چه قدر وحشی شدن مردم مثل خر رانندگی میکن همین امروز فقط  جلوم چهار تا تصادف شد,"Today, how wild people are driving like donkeys, I had only four accidents today"
1924562063508332555,alighasemi0011,2025-05-19 20:25:27.231000+00:00,یادمه یه رفیق قدیمی بهم گفت اون کاپ طلایی فقط یه ظرف تو خالیه ,0,0,0,https://x.com/AliGhasemi0011/status/1924562063508332555,یادمه یه رفیق قدیمی بهم گفت اون کاپ طلایی فقط یه ظرف تو خالیه ,I remember an old friend told me that the golden cup is just an empty container
1921997795352871362,alighasemi0011,2025-05-12 18:35:58.061000+00:00,"جالبه جمعه رفته بودم همایش کامیون ها تا اینکه این بنزو دیدم یه لحظه فکر کردم رفتم شاه چراغ باورم نمی‌شد مدل ۵۶ فابریک 
 باشه مثل یه امام زاده متحرک میمونه البته که به پاکستانی ها نمیرسه ",0,0,0,https://x.com/AliGhasemi0011/status/1921997795352871362,"جالبه جمعه رفته بودم همایش کامیون ها تا اینکه این بنزو دیدم یه لحظه فکر کردم رفتم شاه چراغ باورم نمی‌شد مدل ۵۶ فابریک 
 باشه مثل یه امام زاده متحرک میمونه البته که به پاکستانی ها نمیرسه ","It's interesting, I went to the truck convention on Friday, until I saw this Benzo, for a moment I thought I went to Shah Cheragh, I couldn't believe it, the 56 fabric model. 
 Okay, it will move like an Imamzadeh, of course, it will not reach the Pakistanis"
