tweet_id,username,created_at,text,replies,retweets,likes,url,year,month,date,Text_original,Text_en
1370804966374391813,alimojtahedzad3,2021-03-13 20:32:26.965,امشب فعالیت یک کانال تلگرامی را برای انتشار مطالبم آغاز کردم. در این فضا بیشتر درباره مباحث حقوقی و قدری هم دغدغه‌های دیگر خواهم نوشت. ممنون می‌شوم اگر این کانال را دنبال کنید و خوشحال خواهم شد اگر نظرات خود را درباره محتوای آن با من به اشتراک بگذارید.,0,0,0,https://x.com/alimojtahedzad3/status/1370804966374391813,2021,3,2021-03-13,امشب فعالیت یک کانال تلگرامی را برای انتشار مطالبم آغاز کردم. در این فضا بیشتر درباره مباحث حقوقی و قدری هم دغدغه‌های دیگر خواهم نوشت. ممنون می‌شوم اگر این کانال را دنبال کنید و خوشحال خواهم شد اگر نظرات خود را درباره محتوای آن با من به اشتراک بگذارید.,"Tonight I started a Telegram channel to publish my content. In this space, I will write more about legal issues and some other concerns. Thank you for following this channel and I will be happy if you share your thoughts about its content with me."
2022620878232842634,alimojtahedzad3,2026-02-14 12:36:10.506,رایزنی #دولت برای آزادی اصلاح‌طلبان بازداشتی خوب است اما به هیچ عنوان کافی نیست. مسأله ملی در این شرایط، وضعیت هزاران شهروندی است که در بازداشت به سر می‌برند، علی‌الخصوص  دانش‌آموزان و نوجوانانی  که ادامه بازداشت‌شان می‌تواند کل زندگی‌ خود و خانواده‌شان را تا آخر عمر متأثر کند.,0,0,0,https://x.com/alimojtahedzad3/status/2022620878232842634,2026,2,2026-02-14,رایزنی #دولت برای آزادی اصلاح‌طلبان بازداشتی خوب است اما به هیچ عنوان کافی نیست. مسأله ملی در این شرایط، وضعیت هزاران شهروندی است که در بازداشت به سر می‌برند، علی‌الخصوص  دانش‌آموزان و نوجوانانی  که ادامه بازداشت‌شان می‌تواند کل زندگی‌ خود و خانواده‌شان را تا آخر عمر متأثر کند.,"#Government's consultation for the release of detained reformists is good, but it is not enough at all. The national issue in this situation is the situation of thousands of citizens who are in detention, especially students and teenagers whose continued detention can affect their entire lives and their families for the rest of their lives."
1912522621075304823/analytics,alimojtahedzad3,2025-04-16 18:05:00.473,"עדכונים חמים, חדשות ומבזקים שוטפים 24/7 
תיירות. תעופה. לייף סטייל 
 עקבו אחרינו 
x.com/intent/follow?
…",0,0,0,https://x.com/passportnewsil/status/1912522621075304823/analytics,2025,4,2025-04-16,"עדכונים חמים, חדשות ומבזקים שוטפים 24/7 
תיירות. תעופה. לייף סטייל 
 עקבו אחרינו 
x.com/intent/follow?
…","Hot updates, news and current flashes 24/7 
tourism aviation. lifestyle 
 Follow us 
x.com/intent/follow?
…"
2022348349660102952,alimojtahedzad3,2026-02-13 18:33:14.631,"برگزاری مراسمی با عنوان #جشن_استقلال در روزهایی که جامعه داغدار عزیزانش است، چیزی جز نمک پاشیدن بر زخم مردم نیست.
استقلالِ  #وکیل در ایستادن کنار ملت معنا دارد، نه در سالن‌های سخنرانی مجلل و پول‌پاشی‌از جیب وکلا...
سکوتِ عزتمندانه و تعطیلی این بزمِ فرمایشی، تنها راه حفظ شرفِ حرفه",0,0,0,https://x.com/Lohrasbko/status/2022348349660102952,2026,2,2026-02-13,"برگزاری مراسمی با عنوان #جشن_استقلال در روزهایی که جامعه داغدار عزیزانش است، چیزی جز نمک پاشیدن بر زخم مردم نیست.
استقلالِ  #وکیل در ایستادن کنار ملت معنا دارد، نه در سالن‌های سخنرانی مجلل و پول‌پاشی‌از جیب وکلا...
سکوتِ عزتمندانه و تعطیلی این بزمِ فرمایشی، تنها راه حفظ شرفِ حرفه","Holding a ceremony called #Independence_Celebration on the days when the society is grieving its loved ones is nothing but sprinkling salt on people's wounds.
The independence of a #lawyer means standing by the nation, not in luxurious lecture halls and throwing money out of lawyers' pockets...
Honorable silence and closure of this evening is the only way to preserve the honor of the profession"
2022208383018053973,alimojtahedzad3,2026-02-13 09:17:03.983,مساله فقط ادعای #شکوری_راد و دادن فرصت بررسی به او نیست؛ ده‌ها فیلم از هجوم ماموران با سلاح سرد به مردم، تیراندازی از پشت بام‌ها و... وجود دارد. صدها شاهد هست که روایت رسمی از حوادث دیماه را زیر سوال می‌برند. آنها را چه می‌کنید؟ بدون یک هیات تحقیق مستقل، جامعه به چه اعتماد کند؟,0,0,0,https://x.com/alimojtahedzad3/status/2022208383018053973,2026,2,2026-02-13,مساله فقط ادعای #شکوری_راد و دادن فرصت بررسی به او نیست؛ ده‌ها فیلم از هجوم ماموران با سلاح سرد به مردم، تیراندازی از پشت بام‌ها و... وجود دارد. صدها شاهد هست که روایت رسمی از حوادث دیماه را زیر سوال می‌برند. آنها را چه می‌کنید؟ بدون یک هیات تحقیق مستقل، جامعه به چه اعتماد کند؟,"The problem is not only #Shakuri_Rad's claim and giving him the opportunity to investigate; There are dozens of videos of agents attacking people with cold weapons, shooting from rooftops, etc. There are hundreds of witnesses who question the official narrative of Dimah events. what do you do with them Without an independent investigation board, what can society trust?"
2022190785677210114,alimojtahedzad3,2026-02-13 08:07:08.450,مشکل اینجاست که با قطعیت نمیتوان گفت حرفهای آقای #پزشکیان صرفا از بلاهت نشأت می‌گیرد و یا اساسا از روز اول ظاهر ساده ایشان ما را به اشتباه انداخته بود!!؟,0,0,0,https://x.com/alimojtahedzad3/status/2022190785677210114,2026,2,2026-02-13,مشکل اینجاست که با قطعیت نمیتوان گفت حرفهای آقای #پزشکیان صرفا از بلاهت نشأت می‌گیرد و یا اساسا از روز اول ظاهر ساده ایشان ما را به اشتباه انداخته بود!!؟,"The problem is that it is impossible to say with certainty that the words of Mr. #Mr. #Medicalian are just stupidity, or basically, his simple appearance had misled us from the first day!!?"
2021923259185606743,alimojtahedzad3,2026-02-12 14:24:05.164,"با توجه به درخواست جمعی از فعالان مدنی، خانواده و وکلای ویدا، #ویدا_ربانی به اعتصاب غذای خود پایان داد.

به امید آزادی تمامی زندانیان سیاسی",0,0,0,https://x.com/Hamidre38359017/status/2021923259185606743,2026,2,2026-02-12,"با توجه به درخواست جمعی از فعالان مدنی، خانواده و وکلای ویدا، #ویدا_ربانی به اعتصاب غذای خود پایان داد.

به امید آزادی تمامی زندانیان سیاسی","According to the collective request of Vida's civil activists, family and lawyers, #Vida_Rabbani ended her hunger strike.

Hoping for the release of all political prisoners"
2021644673740419333,alimojtahedzad3,2026-02-11 19:57:05.218,"آقای #پزشکیان مدعی است اعتراض را نعمت می‌داند و دولت آماده شنیدن صدای مردم است.

وقتی به جزتعداد زیادی  وکیل، پزشک، کاسب، کارمند،دانش‌آموز و ...،حتی حامیان انتخاباتی رئیس جمهورهم به خاطر یک بیانیه توسط وزارت اطلاعات دولت بازداشت شده‌اند، اشاره ایشان به کدام «نعمت» و «شنیدن» است؟",0,0,0,https://x.com/alimojtahedzad3/status/2021644673740419333,2026,2,2026-02-11,"آقای #پزشکیان مدعی است اعتراض را نعمت می‌داند و دولت آماده شنیدن صدای مردم است.

وقتی به جزتعداد زیادی  وکیل، پزشک، کاسب، کارمند،دانش‌آموز و ...،حتی حامیان انتخاباتی رئیس جمهورهم به خاطر یک بیانیه توسط وزارت اطلاعات دولت بازداشت شده‌اند، اشاره ایشان به کدام «نعمت» و «شنیدن» است؟","Mr. #Medicarian claims that he considers the protest a blessing and that the government is ready to listen to the voice of the people.

When, apart from a large number of lawyers, doctors, professionals, employees, students, etc., even the election supporters of the president have been arrested by the government's intelligence ministry for a statement, which ""blessing"" and ""hearing"" are they referring to?"
2020882521286709319,alimojtahedzad3,2026-02-09 17:28:33.913,"برادرم #احمد_تاج در تاریخ ۲۱ دی هنگام بازگشت به منزل، بازداشت و پس از ۱۰ روز از بازداشتگاه نهاد امنیتی به زندان تهران بزرگ (فشافویه) منتقل شد.
اتهام اجتماع و تبانی..(ماده ۶۱۰ق.م.ا) به او تفهیم و دیروز آخرین دفاع اخذ شد.
او مانند دیگر زندانیان در این مرحله از داشتن وکیل محروم بود.",0,0,0,https://x.com/hosein_taj/status/2020882521286709319,2026,2,2026-02-09,"برادرم #احمد_تاج در تاریخ ۲۱ دی هنگام بازگشت به منزل، بازداشت و پس از ۱۰ روز از بازداشتگاه نهاد امنیتی به زندان تهران بزرگ (فشافویه) منتقل شد.
اتهام اجتماع و تبانی..(ماده ۶۱۰ق.م.ا) به او تفهیم و دیروز آخرین دفاع اخذ شد.
او مانند دیگر زندانیان در این مرحله از داشتن وکیل محروم بود.","My brother #Ahmad_Taj was arrested on December 21 when he was returning home and after 10 days he was transferred from the detention center of the security institution to Tehran Bozor Prison (Fashafouye).
Accusation of assembly and collusion (Article 610 of the Islamic Civil Code) was explained to him and the last defense was taken yesterday.
Like other prisoners, he was deprived of having a lawyer at this stage."
2021213644890022072,alimojtahedzad3,2026-02-10 15:24:19.932,در این مصاحبه به این پرداختم که کدام #اعتراض تاکنون به رسمیت شناخته شده تا قائل به تفکیک «اعتراض» از «جرم امنیتی» باشیم؟ هم موانع حقوقی بسیار هستند و هم توجهی به ضرورت بازسازی اعتماد عمومی برای گذراز وضعیت ضد امنیتی نمی‌شود.تا چنان باشد حکایت ما چنین است.,0,0,0,https://x.com/alimojtahedzad3/status/2021213644890022072,2026,2,2026-02-10,در این مصاحبه به این پرداختم که کدام #اعتراض تاکنون به رسمیت شناخته شده تا قائل به تفکیک «اعتراض» از «جرم امنیتی» باشیم؟ هم موانع حقوقی بسیار هستند و هم توجهی به ضرورت بازسازی اعتماد عمومی برای گذراز وضعیت ضد امنیتی نمی‌شود.تا چنان باشد حکایت ما چنین است.,"In this interview, I discussed which #protest has been recognized so far so that we can separate ""protest"" from ""security crime""? There are many legal obstacles and no attention is paid to the necessity of rebuilding public trust to overcome the anti-security situation. So this is our story."
2020400426185904541,alimojtahedzad3,2026-02-08 09:32:53.484,"وضع حبس #مهدی_محمودیان و #عبدالله_مومنی در #زندان_نوشهر بسیار تاسف‌آور است.
در اتاقی ۲۰ متری با ۳۰ زندانی (اکثرا مرتبط با موادمخدر) بافقط روزی یک‌ساعت هواخوری.دسترسی به غذا افتضاح.
لباس گرم تحویل شد اما هنوز به دستشان نرسیده. در این سیاه زمستان جوراب گرم هم ممنوع بود!
@MKeshtdar",0,0,0,https://x.com/hasanasadiz/status/2020400426185904541,2026,2,2026-02-08,"وضع حبس #مهدی_محمودیان و #عبدالله_مومنی در #زندان_نوشهر بسیار تاسف‌آور است.
در اتاقی ۲۰ متری با ۳۰ زندانی (اکثرا مرتبط با موادمخدر) بافقط روزی یک‌ساعت هواخوری.دسترسی به غذا افتضاح.
لباس گرم تحویل شد اما هنوز به دستشان نرسیده. در این سیاه زمستان جوراب گرم هم ممنوع بود!
@MKeshtdar","The imprisonment of #Mahdi_Mahmoudian and #Abdullah_Mumni in #Noshahr_Prison is very unfortunate.
In a 20-meter room with 30 prisoners (mostly related to drugs) with only one hour of air per day. Access to food is awful.
The warm clothes were delivered, but they have not yet received them. Warm socks were forbidden in this black winter!
@MKeshtdar"
2020189091489542332,alimojtahedzad3,2026-02-07 19:33:07.366,قابل توجه مسئولین محترم #دستگاه_قضا,0,0,0,https://x.com/alimojtahedzad3/status/2020189091489542332,2026,2,2026-02-07,قابل توجه مسئولین محترم #دستگاه_قضا,It is important to the respected officials of #Dashtah_Qadha
2019714028776591449,alimojtahedzad3,2026-02-06 12:05:23.589,"ویدا از زندان تنکابن تماس گرفت. او را به زندان تنکابن منتقل کرده‌اند. با توجه به نبود تفکیک جرائم در این زندان، فشار روانی مضاعف، زمینه‌سازی برای آزار و تهدید، و نقض حقوق قانونی ویدا ایجاد شده است.

#ویدا_ربانی",0,0,0,https://x.com/Hamidre38359017/status/2019714028776591449,2026,2,2026-02-06,"ویدا از زندان تنکابن تماس گرفت. او را به زندان تنکابن منتقل کرده‌اند. با توجه به نبود تفکیک جرائم در این زندان، فشار روانی مضاعف، زمینه‌سازی برای آزار و تهدید، و نقض حقوق قانونی ویدا ایجاد شده است.

#ویدا_ربانی","Vida called from Tankabon prison. He was transferred to Tankabon prison. Due to the lack of segregation of crimes in this prison, double psychological pressure, laying the groundwork for harassment and threats, and violation of Vida's legal rights have been created.

#Vida_Rabbani"
2019359015105634458,alimojtahedzad3,2026-02-05 12:34:41.734,ارجاع پرونده خیل بازداشت شدگان به شعبات خاصی که سابقه بدی درافکار عمومی دارند وخود مسئولان قضایی هم کارنامه آنها را منفی ارزیابی کرده اند عین بی عدالتی و نفت ریختن بر آتش است.وقتی صدها شعبه دیگر برای رسیدگی هست چرا کانالیزه می کنید؟وعده رئیس قوه به برگزاری دادگاههای علنی چه شد؟,0,0,0,https://x.com/emadeddinbaghi/status/2019359015105634458,2026,2,2026-02-05,ارجاع پرونده خیل بازداشت شدگان به شعبات خاصی که سابقه بدی درافکار عمومی دارند وخود مسئولان قضایی هم کارنامه آنها را منفی ارزیابی کرده اند عین بی عدالتی و نفت ریختن بر آتش است.وقتی صدها شعبه دیگر برای رسیدگی هست چرا کانالیزه می کنید؟وعده رئیس قوه به برگزاری دادگاههای علنی چه شد؟,"Referring the cases of many detainees to special branches that have a bad record in public affairs, and the judicial authorities themselves have evaluated their records negatively, is the same as injustice and pouring fuel on the fire. When there are hundreds of other branches to deal with, why do you channel them? What happened to the head of the department's promise to hold open courts?"
2019398333014634840,alimojtahedzad3,2026-02-05 15:10:55.854,۴۸وکیل دادگستری در ایران، در بیانیه‌ای، به نقض حقوق بازداشت‌شدگان #اعتراضات دی ۱۴۰۴، اخذ اقرار تحت فشار،برخوردهای خشن، ممانعت از ورود وکلا به پرونده و…، اعتراض و این روند را مغایر قانون اساسی،قانون آیین دادرسی کیفری،اعلامیه جهانی #حقوق_بشر و اصول دادرسی منصفانه دانستند - امتداد,0,0,0,https://x.com/miladalavii/status/2019398333014634840,2026,2,2026-02-05,۴۸وکیل دادگستری در ایران، در بیانیه‌ای، به نقض حقوق بازداشت‌شدگان #اعتراضات دی ۱۴۰۴، اخذ اقرار تحت فشار،برخوردهای خشن، ممانعت از ورود وکلا به پرونده و…، اعتراض و این روند را مغایر قانون اساسی،قانون آیین دادرسی کیفری،اعلامیه جهانی #حقوق_بشر و اصول دادرسی منصفانه دانستند - امتداد,"48 lawyers in Iran, in a statement, called the violation of the rights of the detainees #Day 1404 protests, obtaining confessions under pressure, violent confrontations, preventing lawyers from entering the case, etc., protesting and this process as contrary to the constitution, the law of criminal procedure, the Universal Declaration of #Human_Rights and the principles of fair trial - Extension"
2019352673192137077,alimojtahedzad3,2026-02-05 12:09:29.704,تعداد زیادی #وکیل_دادگستری بازداشت شده و از وضعیتشان بی خبریم و حداقل توقع از  مسئولان کانونهای وکلای دادگستری و اسکودا این است که بنا به وظیفه پیگیر وضعیت همکارانمان باشند و گزارش اقداماتشان را به جامعه وکلا ارائه دهند و در غیر اینصورت اساسا چه نیازی به وجود این تشکیلات؟؟؟,0,0,0,https://x.com/alimojtahedzad3/status/2019352673192137077,2026,2,2026-02-05,تعداد زیادی #وکیل_دادگستری بازداشت شده و از وضعیتشان بی خبریم و حداقل توقع از  مسئولان کانونهای وکلای دادگستری و اسکودا این است که بنا به وظیفه پیگیر وضعیت همکارانمان باشند و گزارش اقداماتشان را به جامعه وکلا ارائه دهند و در غیر اینصورت اساسا چه نیازی به وجود این تشکیلات؟؟؟,"A large number of #lawyers have been arrested and we don't know about their situation, and the minimum expectation from the officials of the Association of Lawyers and Skoda is that they follow up on the status of our colleagues and report their actions to the lawyers' community. Otherwise, what is the need for these organizations?"
2018967385974169984,alimojtahedzad3,2026-02-04 10:38:30.073,درپی انتشار مطلبی کذب در #خبرگزاری_فارس علیه خانم ربانی ‌و آقایان محمودیان و مومنی، به وکالت از #عبدالله_مومنی و #ویدا_ربانی با همراهی همکارانم آقایان پوربابایی و مجتهدزاده، به اتهام نشر اکاذیب و افتراء علیه این خبرگزاری و مدیرمسئول آن نزد دادسرای فرهنگ ورسانه تهران طرح شکایت شد.,0,0,0,https://x.com/hasanasadiz/status/2018967385974169984,2026,2,2026-02-04,درپی انتشار مطلبی کذب در #خبرگزاری_فارس علیه خانم ربانی ‌و آقایان محمودیان و مومنی، به وکالت از #عبدالله_مومنی و #ویدا_ربانی با همراهی همکارانم آقایان پوربابایی و مجتهدزاده، به اتهام نشر اکاذیب و افتراء علیه این خبرگزاری و مدیرمسئول آن نزد دادسرای فرهنگ ورسانه تهران طرح شکایت شد.,"Following the publication of a false article in #Khabergazzari_Fars against Ms. Rabbani and Mr. Mahmoudian and Momeni, a complaint was filed with the Farhang Varsaneh Prosecutor's Office of Tehran for publishing falsehoods and slander against Ms. Rabbani and Mr. Mahmoudian and #Momini, represented by #Abdullah_Momini and #Vida_Rabbani, along with my colleagues Mr. Pourbabaei and Mojtahedzadeh."
2018323987416182852,alimojtahedzad3,2026-02-02 16:01:51.903,"استقلال وکیل و کانون وکلا یک حرف فانتزی و باکلاس نیست .
یک اصل جهانی است .
یک طرف پرونده ها مخصوصا پرونده های کیفری امنیتی حاکمیت است و اگر وکیل پروانه و مجوز خود را از حاکمیت بگیرد نمی‌تواند آزادانه از متهم دفاع کند.
تبصره کذایی ماده ۴۸ قانون آیین دادرسی کیفری که میگوید وکیل در",0,0,0,https://x.com/sajjadtavasoli/status/2018323987416182852,2026,2,2026-02-02,"استقلال وکیل و کانون وکلا یک حرف فانتزی و باکلاس نیست .
یک اصل جهانی است .
یک طرف پرونده ها مخصوصا پرونده های کیفری امنیتی حاکمیت است و اگر وکیل پروانه و مجوز خود را از حاکمیت بگیرد نمی‌تواند آزادانه از متهم دفاع کند.
تبصره کذایی ماده ۴۸ قانون آیین دادرسی کیفری که میگوید وکیل در","The independence of the lawyer and the lawyers' association is not a fancy and classy word.
It is a universal principle.
One side of the cases, especially criminal security cases, is the government, and if the lawyer gets his license from the government, he cannot freely defend the accused.
Commentary on Article 48 of the Criminal Procedure Law, which says that the lawyer in"
2018264348767011206,alimojtahedzad3,2026-02-02 12:04:52.941,"در این مصاحبه توضیح دادم که چشم انداز رسیدگی عادلانه به پرونده‌های #اعتراضات اخیر چندان امیدوارکننده نیست. انتظار این است که دستگاه قضایی به جای برخی خط و نشان کشیدن‌ها، بسیار بیشتر از این بر حفظ چارچوب قانونی در فرایند رسیدگی به این پرونده‌ها تاکید کند.
didarnews.ir/fa/news/195181
…",0,0,0,https://x.com/alimojtahedzad3/status/2018264348767011206,2026,2,2026-02-02,"در این مصاحبه توضیح دادم که چشم انداز رسیدگی عادلانه به پرونده‌های #اعتراضات اخیر چندان امیدوارکننده نیست. انتظار این است که دستگاه قضایی به جای برخی خط و نشان کشیدن‌ها، بسیار بیشتر از این بر حفظ چارچوب قانونی در فرایند رسیدگی به این پرونده‌ها تاکید کند.
didarnews.ir/fa/news/195181
…","In this interview, I explained that the prospect of fair handling of the recent #protest cases is not very promising. It is expected that the judicial system will emphasize much more on maintaining the legal framework in the process of dealing with these cases, instead of drawing some lines.
didarnews.ir/fa/news/195181
…"
2017335455335718987,alimojtahedzad3,2026-01-30 22:33:47.489,"از همکاران دربند بگوییم
#شیما_قوشه 
#محمد_هادی_جعفرپور",0,0,0,https://x.com/mashD_Darvish/status/2017335455335718987,2026,1,2026-01-30,"از همکاران دربند بگوییم
#شیما_قوشه 
#محمد_هادی_جعفرپور","Let's talk about Darband colleagues
#Shima_Qosheh 
#Mohammed_Hadi_Jafarpour"
2017899510744195449,alimojtahedzad3,2026-02-01 11:55:08.778,کار #صداوسیما شوخی با جانباختگان #اعتراضات نیست، حمله به آرامش موقت عمومی کشور است. اقدام علیه امنیت ملی اگر مصداقی داشته باشد، همینهاست نه مطالب دلسوزانه رسانه‌های مستقل که منجر به برخورد با آنها می‌شود.اگر ذره‌ای عدالت قضایی درکار باشد، کمترین انتظار برکناری مدیر شبکه افق است.,0,0,0,https://x.com/alimojtahedzad3/status/2017899510744195449,2026,2,2026-02-01,کار #صداوسیما شوخی با جانباختگان #اعتراضات نیست، حمله به آرامش موقت عمومی کشور است. اقدام علیه امنیت ملی اگر مصداقی داشته باشد، همینهاست نه مطالب دلسوزانه رسانه‌های مستقل که منجر به برخورد با آنها می‌شود.اگر ذره‌ای عدالت قضایی درکار باشد، کمترین انتظار برکناری مدیر شبکه افق است.,"The work of #Sadaosima is not a joke with the victims of #protests, it is an attack on the temporary peace of the country. Actions against national security, if there is an example, it is this, not the sympathetic content of independent media, that leads to dealing with them. If there is a shred of judicial justice, the least expected is the removal of the director of the Efoq network."
2017511037025579037,alimojtahedzad3,2026-01-31 10:11:29.426,"اگر آقای رئیس جمهور می‌خواهد شفاف‌سازی آمار کشته شدگان اعتراضات مورد اقناع عمومی واقع شود باید در گام اول سه شرط را بپذیرد؛
-امکان تحقیق وکلای مستقل
-امکان گزارش‌دهی رسانه‌ها و روزنامه‌نگاران مستقل
-پذیرش نقش نهادهای مدنی مستقل

غیر از این اقناع ممکن نیست",0,0,0,https://x.com/alimojtahedzad3/status/2017511037025579037,2026,1,2026-01-31,"اگر آقای رئیس جمهور می‌خواهد شفاف‌سازی آمار کشته شدگان اعتراضات مورد اقناع عمومی واقع شود باید در گام اول سه شرط را بپذیرد؛
-امکان تحقیق وکلای مستقل
-امکان گزارش‌دهی رسانه‌ها و روزنامه‌نگاران مستقل
-پذیرش نقش نهادهای مدنی مستقل

غیر از این اقناع ممکن نیست","If Mr. President wants to clarify the number of people killed in the protests, he must accept three conditions in the first step;
- The possibility of research by independent lawyers
- Possibility of reporting by media and independent journalists
Accepting the role of independent civil institutions

Other than this, persuasion is not possible"
2015424871891714436,alimojtahedzad3,2026-01-25 16:01:48.899,"جهت اطلاع افرادی که سوال می‌کنند:
نه من، نه هیچکدام از اعضای خانواده، نه مقیم خارج هستیم، نه پاسپورت خارجی داریم.
از ۸۸ تا کنون هم چندین بار بازداشت و احضار شده‌ام، اما با همه هزینه‌های احتمالی، کشورم را ترک نخواهم کرد
اگر هم سوژه مالی و رانتی داشتند تا الان صد بار منتشر شده بود",0,0,0,https://x.com/hassan26695572/status/2015424871891714436,2026,1,2026-01-25,"جهت اطلاع افرادی که سوال می‌کنند:
نه من، نه هیچکدام از اعضای خانواده، نه مقیم خارج هستیم، نه پاسپورت خارجی داریم.
از ۸۸ تا کنون هم چندین بار بازداشت و احضار شده‌ام، اما با همه هزینه‌های احتمالی، کشورم را ترک نخواهم کرد
اگر هم سوژه مالی و رانتی داشتند تا الان صد بار منتشر شده بود","For the information of people who ask:
Neither I, nor any of my family members, are resident abroad, nor do we have foreign passports.
Since 1988, I have been arrested and summoned several times, but I will not leave my country at all possible costs.
If they had a financial and rent subject, it would have been published a hundred times by now"
2013210063884734841,alimojtahedzad3,2026-01-19 13:20:57.521,"روزنامه #هم_میهن به دلیل انتشار یک گزارش و یک یادداشت درباره اتفاقات اخیر توقیف شد.

وقتی هنوز یک مطلب ساده مطبوعاتی تحمل نمی‌شود چطور این ادعای مراجع رسمی را باور کنیم که «اعتراض با اغتشاش فرق دارد»؟ از راه این برخوردهابه کدام دستاورد رسیدیم که اینقدر برای ادامه‌اش اصرار داریم؟",0,0,0,https://x.com/alimojtahedzad3/status/2013210063884734841,2026,1,2026-01-19,"روزنامه #هم_میهن به دلیل انتشار یک گزارش و یک یادداشت درباره اتفاقات اخیر توقیف شد.

وقتی هنوز یک مطلب ساده مطبوعاتی تحمل نمی‌شود چطور این ادعای مراجع رسمی را باور کنیم که «اعتراض با اغتشاش فرق دارد»؟ از راه این برخوردهابه کدام دستاورد رسیدیم که اینقدر برای ادامه‌اش اصرار داریم؟","#Ham_Mihan newspaper was banned for publishing a report and a note about recent events.

When a simple press article is still not tolerated, how can we believe the claim of official authorities that ""protest is different from disturbance""? What achievement did we reach through these encounters that we insist so much to continue?"
2008852750030041352,alimojtahedzad3,2026-01-07 12:46:32.943,دیروز برای اعلام وکالت جهت پیگیری پرونده بازداشتیهای مراسم هفتم خسرو خوبان #جواد_علیکردی #سپیده_قلیان #طیبه_نظری مادر همکار فقید مریم آروین در شعبه۲۶۷ بازپرسی دادسرای ناحیه ۲ مشهد مراجعه کردم . متاسفانه بعلت تبصره ننگین ماده ۴۸ از پذیرش وکالت و ملاقات خودداری شد .,0,0,0,https://x.com/Al_Sharifzadeh/status/2008852750030041352,2026,1,2026-01-07,دیروز برای اعلام وکالت جهت پیگیری پرونده بازداشتیهای مراسم هفتم خسرو خوبان #جواد_علیکردی #سپیده_قلیان #طیبه_نظری مادر همکار فقید مریم آروین در شعبه۲۶۷ بازپرسی دادسرای ناحیه ۲ مشهد مراجعه کردم . متاسفانه بعلت تبصره ننگین ماده ۴۸ از پذیرش وکالت و ملاقات خودداری شد .,"Yesterday, I went to Branch 267 of Mashhad District 2 Prosecutor's Office to announce the attorney to follow up the case of the detainees of Khosrow Khoban's 7th ceremony. Unfortunately, due to the disgraceful note of Article 48, the acceptance of representation and meeting was refused."
2008844381886071119,alimojtahedzad3,2026-01-07 12:13:17.822,دستورات اخیر #پزشکیان، آزمون مهمی برای وعده‌هایش بابت حقوق شهروندان است؛ گفت وگو بدون آزادی بیان معنا ندارد و آزادی هم بدون شفافیت وبرقراری عدالت حقوقی پایدار نیست. گفت وگو با #معترضان و دستور بررسی وقایع بدون این مولفه‌ها چیزی جزیک نمایش دیگر نخواهد بود.,0,0,0,https://x.com/alimojtahedzad3/status/2008844381886071119,2026,1,2026-01-07,دستورات اخیر #پزشکیان، آزمون مهمی برای وعده‌هایش بابت حقوق شهروندان است؛ گفت وگو بدون آزادی بیان معنا ندارد و آزادی هم بدون شفافیت وبرقراری عدالت حقوقی پایدار نیست. گفت وگو با #معترضان و دستور بررسی وقایع بدون این مولفه‌ها چیزی جزیک نمایش دیگر نخواهد بود.,"The recent orders of doctors are an important test for his promises about citizens' rights; Dialogue has no meaning without freedom of expression, and freedom is not sustainable without transparency and establishment of legal justice. A conversation with #protesters and the order to investigate the events without these components will be nothing but another show."
2006727672257507600,alimojtahedzad3,2026-01-01 16:02:14.920,"با افزایش قیمت ارز و طلا رئیس قوه قضائیه برای «برخورد قاطع با اخلالگران بازار» هشدار داد. در این یادداشت توضیح دادم اقتصاد ایران، بیش از آنکه از «اخلالگران» آسیب دیده باشد، از خطاهای سیاستی رنج می‌برد و برخوردهای قضایی فقط باعث خطا در شناخت مساله می‌شود.
hammihanonline.ir/%D8%A8%D8%AE%D
…",0,0,0,https://x.com/alimojtahedzad3/status/2006727672257507600,2026,1,2026-01-01,"با افزایش قیمت ارز و طلا رئیس قوه قضائیه برای «برخورد قاطع با اخلالگران بازار» هشدار داد. در این یادداشت توضیح دادم اقتصاد ایران، بیش از آنکه از «اخلالگران» آسیب دیده باشد، از خطاهای سیاستی رنج می‌برد و برخوردهای قضایی فقط باعث خطا در شناخت مساله می‌شود.
hammihanonline.ir/%D8%A8%D8%AE%D
…","With the increase in the price of currency and gold, the head of the Judiciary warned for ""decisive dealings with market disruptors"". In this note, I explained that Iran's economy suffers from policy errors more than it is harmed by ""disruptors"" and judicial actions only cause errors in understanding the problem.
hammihanonline.ir/%D8%A8%D8%AE%D
…"
2006048618491314687,alimojtahedzad3,2025-12-30 19:03:55.886,"با پیگیری‌های مدیران #روزنامه_اعتماد،مشخص شد همسرم #مهدی_بیک در بازداشت نیروهای امنیتی و انتظامی است و تلاش ها برای آزادی او ادامه دارد
سوال این جاست چرا برخی نهادها نگران اطلاع رسانی روزنامه نگاران داخلی از اعتراضات به حق مردمی هستند که کمرشان زیربار گرانی ها خم شده؟",0,0,0,https://x.com/zahra89628851/status/2006048618491314687,2025,12,2025-12-30,"با پیگیری‌های مدیران #روزنامه_اعتماد،مشخص شد همسرم #مهدی_بیک در بازداشت نیروهای امنیتی و انتظامی است و تلاش ها برای آزادی او ادامه دارد
سوال این جاست چرا برخی نهادها نگران اطلاع رسانی روزنامه نگاران داخلی از اعتراضات به حق مردمی هستند که کمرشان زیربار گرانی ها خم شده؟","With the follow-up of the managers of #Roznameh_Etemad, it became clear that my wife #Mehdi_Bik is in the custody of the security and law enforcement forces, and the efforts to release her are continuing.
The question here is why some institutions are worried about informing domestic journalists about protests against the rights of people whose backs are bent under the burden of high prices?"
2006023560532197717,alimojtahedzad3,2025-12-30 17:24:21.603,نگران وضعیت خبرنگار متعهد و شریف روزنامه اعتماد آقای #مهدی_بیک هستیم که از دیروز و احتمالا در حال تهیه گزارش اعتراضات بوده هستیم.,0,0,0,https://x.com/alimojtahedzad3/status/2006023560532197717,2025,12,2025-12-30,نگران وضعیت خبرنگار متعهد و شریف روزنامه اعتماد آقای #مهدی_بیک هستیم که از دیروز و احتمالا در حال تهیه گزارش اعتراضات بوده هستیم.,"We are concerned about the condition of the committed and honorable reporter of Etemad newspaper, Mr. Mehdi Beyk, who has been preparing a report on the protests since yesterday."
2005142671090925786,alimojtahedzad3,2025-12-28 07:04:01.194,"گفت کسی خواجه سنائی بمرد
مرگ چنین خواجه نه کاری است خرد
#بهرام_بیضایی",0,0,0,https://x.com/alimojtahedzad3/status/2005142671090925786,2025,12,2025-12-28,"گفت کسی خواجه سنائی بمرد
مرگ چنین خواجه نه کاری است خرد
#بهرام_بیضایی","He said that someone should die
The death of such a eunuch is not an act of wisdom
#Bahram_Beidaei"
2003472545023185269,alimojtahedzad3,2025-12-23 16:27:32.110,"شعبه تجدیدنظر تهران
مستشار شعبه هر چه دلش خواست به موکل گفت، با لحن بسیار توهین آمیز خطاب به من قاطبه وکلا را مورد عنایت قرار داد! ادامه جلسه را تمکین به اهانت های مستشار دیدم،  خطاب به رئیس شعبه که انسان آرام و صبوری بود گفتم جلسه را بجهت رفتار خلاف ادب مستشار ترک می کنم!",0,0,0,https://x.com/parastooki/status/2003472545023185269,2025,12,2025-12-23,"شعبه تجدیدنظر تهران
مستشار شعبه هر چه دلش خواست به موکل گفت، با لحن بسیار توهین آمیز خطاب به من قاطبه وکلا را مورد عنایت قرار داد! ادامه جلسه را تمکین به اهانت های مستشار دیدم،  خطاب به رئیس شعبه که انسان آرام و صبوری بود گفتم جلسه را بجهت رفتار خلاف ادب مستشار ترک می کنم!","Tehran appeals branch
The branch advisor said whatever he wanted to the client, addressed me with a very insulting tone and treated me as a lawyer! I saw the continuation of the meeting as submission to the adviser's insults, I said to the head of the branch, who was a calm and patient person, that I would leave the meeting because of the adviser's disrespectful behavior!"
2002649841768542678,alimojtahedzad3,2025-12-21 09:58:24.369,"1-طبق اصل «قانونی بودن جرم و مجازات»، توهین به رئیس جمهوری سابق جرم نیست و تعقیب آن نیازمندشاکی خصوصی است.
2-جرم مستقلی به نام «تشویش اذهان عمومی» نداریم و طبق ماده ۶۹۸ق.م.ا تحقق این فعل در گرو «نشر اکاذیب» است.

مقام قضایی باید طبق قانون افراد را احضار کند نه براساس علایق شخصی.",0,0,0,https://x.com/alimojtahedzad3/status/2002649841768542678,2025,12,2025-12-21,"1-طبق اصل «قانونی بودن جرم و مجازات»، توهین به رئیس جمهوری سابق جرم نیست و تعقیب آن نیازمندشاکی خصوصی است.
2-جرم مستقلی به نام «تشویش اذهان عمومی» نداریم و طبق ماده ۶۹۸ق.م.ا تحقق این فعل در گرو «نشر اکاذیب» است.

مقام قضایی باید طبق قانون افراد را احضار کند نه براساس علایق شخصی.","1-According to the principle of ""legality of crime and punishment"", insulting the former president is not a crime and its prosecution requires a private plaintiff.
2- We do not have an independent crime called ""confounding the public mind"" and according to Article 698 of the Criminal Code, the realization of this act depends on ""publishing falsehoods"".

The judicial authority should summon people according to the law, not based on personal interests."
1999820009338527894,alimojtahedzad3,2025-12-13 14:33:39.742,"اظهارنظر دبیر ستاد امر به معروف صراحتا تهدید به تعطیلی قانون و جبهه‌سازی علیه دستگاه قضایی است. طبق ماده ۵۷۶ ق.م.ا تلاش هر مقام یا مأمور دولتی برای جلوگیری از اجرای اوامر یا احکام قضایی یا اعمال نفوذ در آن جرم است.

دلیل سکوت #دادستان چیست؟ آیا این افراد واقعا «شهروندتر» هستند؟",0,0,0,https://x.com/alimojtahedzad3/status/1999820009338527894,2025,12,2025-12-13,"اظهارنظر دبیر ستاد امر به معروف صراحتا تهدید به تعطیلی قانون و جبهه‌سازی علیه دستگاه قضایی است. طبق ماده ۵۷۶ ق.م.ا تلاش هر مقام یا مأمور دولتی برای جلوگیری از اجرای اوامر یا احکام قضایی یا اعمال نفوذ در آن جرم است.

دلیل سکوت #دادستان چیست؟ آیا این افراد واقعا «شهروندتر» هستند؟","The statement of the secretary of the Amr Be Maruf Staff is a clear threat to close the law and create a front against the judicial system. According to Article 576 of the Islamic Republic of Iran, the attempt of any official or government official to prevent the execution of judicial orders or rulings or to exert influence is a crime.

What is the reason for the #prosecutor's silence? Are these people really ""more citizens""?"
1998720174212428097,alimojtahedzad3,2025-12-10 13:43:18.614,پس از رسیدگی به فرجام‌خواهی صورت گرفته درباره خانم #وریشه_مرادی در دیوان عالی، به دلیل نقص در تحقیقات و عدم رعایت تشریفات قانونی ( عدم تفهیم اتهام مبنای صدور حکم اعدام در مراحل رسیدگی)دادنامه صادره از شعبه ١۵ دادگاه انقلاب تهران نقض و پرونده مجدد به آن شعبه جهت رسیدگی ارجاع شد.,0,0,0,https://x.com/MostafaNili58/status/1998720174212428097,2025,12,2025-12-10,پس از رسیدگی به فرجام‌خواهی صورت گرفته درباره خانم #وریشه_مرادی در دیوان عالی، به دلیل نقص در تحقیقات و عدم رعایت تشریفات قانونی ( عدم تفهیم اتهام مبنای صدور حکم اعدام در مراحل رسیدگی)دادنامه صادره از شعبه ١۵ دادگاه انقلاب تهران نقض و پرونده مجدد به آن شعبه جهت رسیدگی ارجاع شد.,"After the hearing of the appeal against Mrs. Varisheh Moradi in the Supreme Court, due to defects in the investigation and non-compliance with legal formalities (failure to clarify the charges based on the issuance of the death sentence during the proceedings), the judgment issued by the 15th branch of the Tehran Revolutionary Court was overturned and the case was re-referred to that branch for consideration."
1998671974520741958,alimojtahedzad3,2025-12-10 10:31:46.912,اصرار خانم طالبی دارستانی و حامیانشان در مجلس و رسانه‌ها بر روایت دروغین #سکته حداقل مشمول جرم «نشر اکاذیب به قصد تشویش اذهان عمومی» موضوع طبق ماده ۶۹۸ ق.م.ا می‌شود. چرا #دادستان محترم برخلاف موارد مشابهی که برای روزنامه‌نگاران و کنشگران منتقد رخ می‌دهد، در این خصوص منفعل است؟,0,0,0,https://x.com/alimojtahedzad3/status/1998671974520741958,2025,12,2025-12-10,اصرار خانم طالبی دارستانی و حامیانشان در مجلس و رسانه‌ها بر روایت دروغین #سکته حداقل مشمول جرم «نشر اکاذیب به قصد تشویش اذهان عمومی» موضوع طبق ماده ۶۹۸ ق.م.ا می‌شود. چرا #دادستان محترم برخلاف موارد مشابهی که برای روزنامه‌نگاران و کنشگران منتقد رخ می‌دهد، در این خصوص منفعل است؟,"The insistence of Ms. Talebi Darestani and her supporters in the parliament and media on the false story of #Stroke is at least subject to the crime of ""publishing falsehoods with the intention of disturbing the public mind"" according to Article 698 of the Criminal Code. Why is the honorable #prosecutor passive in this regard, unlike similar cases that happen to critical journalists and activists?"
1998409423837094304,alimojtahedzad3,2025-12-09 17:08:29.951,می‌دانید ریشه فرار جماعت خاص از پاسخگویی و قانونمداری و توسل‌شان به اکاذیب کجاست؟ ریشه در مصونیت فراقانونی است که سال‌ها به این جریان دادید. در جایی که اجازه دادید یک اقلیت صدای خود را به جای اکثریت جا بزنند و خواسته خود را تحمیل کنند و منافع عمومی رابا خیال راحت به بازی بگیرند.,0,0,0,https://x.com/alimojtahedzad3/status/1998409423837094304,2025,12,2025-12-09,می‌دانید ریشه فرار جماعت خاص از پاسخگویی و قانونمداری و توسل‌شان به اکاذیب کجاست؟ ریشه در مصونیت فراقانونی است که سال‌ها به این جریان دادید. در جایی که اجازه دادید یک اقلیت صدای خود را به جای اکثریت جا بزنند و خواسته خود را تحمیل کنند و منافع عمومی رابا خیال راحت به بازی بگیرند.,Do you know where is the root of certain group's escape from accountability and rule of law and their resort to lies? It is rooted in the extra-legal immunity you gave to this movement for years. Where you allowed a minority to put their voice in place of the majority and impose their will and play the public interest safely.
1997931865303609479,alimojtahedzad3,2025-12-08 09:30:51.124,سوال ساده است؛ چرا صدای مدعیان فسادستیزی برای پرونده‌هایی مثل #چای_دبش، فرزندان معاون اول سابق قوه قضائیه و پسر آقای صدیقی بلند نمی‌شود؟ درحالیکه رای دو پرونده اول قطعی  شده اما هنوز از اجرای آن خبری نیست. فسادستيزی گزينشی، بازی جناحی با لباس عدالت است.,0,0,0,https://x.com/alimojtahedzad3/status/1997931865303609479,2025,12,2025-12-08,سوال ساده است؛ چرا صدای مدعیان فسادستیزی برای پرونده‌هایی مثل #چای_دبش، فرزندان معاون اول سابق قوه قضائیه و پسر آقای صدیقی بلند نمی‌شود؟ درحالیکه رای دو پرونده اول قطعی  شده اما هنوز از اجرای آن خبری نیست. فسادستيزی گزينشی، بازی جناحی با لباس عدالت است.,"The question is simple; Why don't the anti-corruption claimants raise their voices for cases like #Chai_Debash, the children of the former first deputy of the Judiciary and Mr. Sediqi's son? While the verdict of the first two cases has been finalized, there is still no news of its implementation. Selective anti-corruption is a factional game dressed as justice."
1997365119911612833,alimojtahedzad3,2025-12-06 19:58:48.493,تصویر بالا مربوط به #ماراتن_کیش در سال 1402 در دولت مرحوم رئیسی است و تصویر پائین مربوط به دور اخیر این رویداد. کاری به دلواپسان #حجاب ندارم، اما مقامات قضایی باید توضیح دهند که فرق پوشش بانوان در این دو رویداد چیست که برای اولی سکوت می‌کنند و علیه برگزاری دومی اعلام جرم؟!,0,0,0,https://x.com/alimojtahedzad3/status/1997365119911612833,2025,12,2025-12-06,تصویر بالا مربوط به #ماراتن_کیش در سال 1402 در دولت مرحوم رئیسی است و تصویر پائین مربوط به دور اخیر این رویداد. کاری به دلواپسان #حجاب ندارم، اما مقامات قضایی باید توضیح دهند که فرق پوشش بانوان در این دو رویداد چیست که برای اولی سکوت می‌کنند و علیه برگزاری دومی اعلام جرم؟!,"The above picture is related to #Kish_marathon in 1402 during the late Raisi government and the lower picture is related to the recent round of this event. I have nothing to do with #hijab concerns, but the judicial authorities should explain what is the difference between women's clothing in these two events, when they are silent for the first one and declare a crime against holding the second one?!"
1997303046527967607,alimojtahedzad3,2025-12-06 15:52:09.045,"هر شب ستاره ای به زمین میکشند وباز
این آسمان غم زده غرق ستاره هاست
از مدافعان حقوق ملت تنی کم شدو همکار پرتلاش #خسرو_علیکردی به دیار باقی شتافت
امید که  وکلای جوان و متعهد ادامه دهنده این مسیر صعب باشند",0,0,0,https://x.com/alimojtahedzad3/status/1997303046527967607,2025,12,2025-12-06,"هر شب ستاره ای به زمین میکشند وباز
این آسمان غم زده غرق ستاره هاست
از مدافعان حقوق ملت تنی کم شدو همکار پرتلاش #خسرو_علیکردی به دیار باقی شتافت
امید که  وکلای جوان و متعهد ادامه دهنده این مسیر صعب باشند","Every night they shoot a star to the ground
This sad sky is full of stars
One of the defenders of the nation's rights lost his body and the hardworking colleague #Khosro_Alikordi rushed to his homeland
Hope that young and committed lawyers continue this difficult path"
1994387830047641976,alimojtahedzad3,2025-11-28 14:48:07.274,,0,0,0,https://x.com/emadeddinbaghi/status/1994387830047641976,2025,11,2025-11-28,,
1990153233063727371,alimojtahedzad3,2025-11-16 22:21:20.678,فرق کاوه مدنی که «خودش را کشت تا بگوید ایران بحران آب دارد»  و رائفی‌پور که گفت «ایران وارد دوره‌ی ۳۰ ساله‌ی ترسالی شده» این است که اولی دکترای عمران و محیط زیست دانشگاه کالیفرنیا دارد و دومی کارشناسی حسابداری پیام‌نور. دومی خوش‌سخن‌‌تر است ولی کار دانشگاه تفکیک سره از ناسره است.,0,0,0,https://x.com/SharifiZarchi/status/1990153233063727371,2025,11,2025-11-16,فرق کاوه مدنی که «خودش را کشت تا بگوید ایران بحران آب دارد»  و رائفی‌پور که گفت «ایران وارد دوره‌ی ۳۰ ساله‌ی ترسالی شده» این است که اولی دکترای عمران و محیط زیست دانشگاه کالیفرنیا دارد و دومی کارشناسی حسابداری پیام‌نور. دومی خوش‌سخن‌‌تر است ولی کار دانشگاه تفکیک سره از ناسره است.,"The difference between Kaveh Madani who ""killed himself to say that Iran has a water crisis"" and Raifipour who said that ""Iran has entered a 30-year period of disaster"" is that the former has a doctorate in civil engineering and environment from the University of California, and the latter has a bachelor's degree in accounting from Payam Noor. The second one is more eloquent, but the job of the university is to separate the good from the bad."
1989636485923181008,alimojtahedzad3,2025-11-15 12:07:58.559,"پيرامون اظهارات اخير رييس عدليه درباره انجام اصلاحات در روند رسيدگی به جرايم سياسی:

-باید انحصار دادگاه‌هاي سياسی شكسته شود
-باید مشخص شود كدام قضات با چه جهت‌گيری‌های سياسی چه احكامي را صادر كرده‌اند.
-باید نگاه ضابطان هم مبتنی بر اين تحولات اصلاح شود.",0,0,0,https://x.com/alimojtahedzad3/status/1989636485923181008,2025,11,2025-11-15,"پيرامون اظهارات اخير رييس عدليه درباره انجام اصلاحات در روند رسيدگی به جرايم سياسی:

-باید انحصار دادگاه‌هاي سياسی شكسته شود
-باید مشخص شود كدام قضات با چه جهت‌گيری‌های سياسی چه احكامي را صادر كرده‌اند.
-باید نگاه ضابطان هم مبتنی بر اين تحولات اصلاح شود.","Regarding the recent statements of the head of the judiciary regarding reforms in the process of dealing with political crimes:

- The monopoly of political courts must be broken
- It should be determined which judges have issued which rulings with which political orientations.
- The view of the officers should be modified based on these developments."
1989231241791451195,alimojtahedzad3,2025-11-14 09:17:40.829,"معاون اجرایی رییس جمهور در پاسخ به امکان دستور مستقیم رییس جمهور بر رفع #فیلترینگ گفته است که طبق قانون بعید است که به‌تنهایی بتواند!
بارها عرض شد که قانوناً رییس جمهور و‌ وزیر ارتباطات می‌توانند اما امان از نداشتن یک مشاور حقوقی باسواد که این مطلب ساده را به حضرات شیرفهم کند.",0,0,0,https://x.com/borhanimohsen1/status/1989231241791451195,2025,11,2025-11-14,"معاون اجرایی رییس جمهور در پاسخ به امکان دستور مستقیم رییس جمهور بر رفع #فیلترینگ گفته است که طبق قانون بعید است که به‌تنهایی بتواند!
بارها عرض شد که قانوناً رییس جمهور و‌ وزیر ارتباطات می‌توانند اما امان از نداشتن یک مشاور حقوقی باسواد که این مطلب ساده را به حضرات شیرفهم کند.","In response to the possibility of the president's direct order to fix #filtering, the executive vice president has said that according to the law, it is unlikely that he can do it alone!
It has been said many times that legally the President and the Minister of Communications can be spared from not having an educated legal advisor to explain this simple matter to the people."
2021898776210976881/analytics,alimojtahedzad3,2026-02-12 12:46:47.968,"The next chapter of AI-powered video begins now.
Create cinematic 8K videos up to 60 seconds with HDR and cutting-edge hybrid intelligence.
Less friction. More momentum. Studio-grade results.",0,0,0,https://x.com/Neuravision_A/status/2021898776210976881/analytics,2026,2,2026-02-12,"The next chapter of AI-powered video begins now.
Create cinematic 8K videos up to 60 seconds with HDR and cutting-edge hybrid intelligence.
Less friction. More momentum. Studio-grade results.","The next chapter of AI-powered video begins now.
Create cinematic 8K videos up to 60 seconds with HDR and cutting-edge hybrid intelligence.
Less friction. More momentum. Studio-grade results."
1988164073138332061,alimojtahedzad3,2025-11-11 10:37:07.995,"مسئول حفاظت مجتمع بعثت مجددا امروز ۲۰آبان از ورود بنده بدلیل بستن کراوات به آن واحد قضایی برای شرکت در جلسه‌ای باهمین موضوع ممانعت بعمل آورده و در کمتر از ۵ دقیقه شکایتی علیه اینجانب تنظیم کردند که با مساعدت ویژه معاون دادستان فورا به شعبه ۵دادیاری ارجاع شد.
شکایت من هنوز شوراست!",0,0,0,https://x.com/reza_shafakhah/status/1988164073138332061,2025,11,2025-11-11,"مسئول حفاظت مجتمع بعثت مجددا امروز ۲۰آبان از ورود بنده بدلیل بستن کراوات به آن واحد قضایی برای شرکت در جلسه‌ای باهمین موضوع ممانعت بعمل آورده و در کمتر از ۵ دقیقه شکایتی علیه اینجانب تنظیم کردند که با مساعدت ویژه معاون دادستان فورا به شعبه ۵دادیاری ارجاع شد.
شکایت من هنوز شوراست!","The security officer of the Ba'ath complex again today, November 20, prevented my servant from entering the judicial unit due to wearing a tie to participate in a meeting with the same issue, and in less than 5 minutes, they filed a complaint against me, which was immediately referred to the 5th branch of the prosecutor's office with the special assistance of the deputy prosecutor.
My complaint is still pending!"
1987776283527315844,alimojtahedzad3,2025-11-10 08:56:11.747,وارد دادگاه که شدم، دقیقه اول که گذشت قاضی گفت من تو را می‌شناسم، تو مجرمی و من حداکثر حکم را به تو می‌دهم و سایتت را هم می‌بندم و اجازه فعالیت در فضای مجازی هم دیگر به تو نمی‌دهم. همین کار را هم کرد. در تجدید نظر هم بلافاصله بعد از ثبت، عین حکم علی رغم مغایرت صریح با قانون،,0,0,0,https://x.com/kheyzaran/status/1987776283527315844,2025,11,2025-11-10,وارد دادگاه که شدم، دقیقه اول که گذشت قاضی گفت من تو را می‌شناسم، تو مجرمی و من حداکثر حکم را به تو می‌دهم و سایتت را هم می‌بندم و اجازه فعالیت در فضای مجازی هم دیگر به تو نمی‌دهم. همین کار را هم کرد. در تجدید نظر هم بلافاصله بعد از ثبت، عین حکم علی رغم مغایرت صریح با قانون،,"When I entered the court, after the first minute passed, the judge said, ""I know you, you are a criminal, and I will give you the maximum sentence, and I will also close your website, and I will not allow you to operate in cyberspace anymore."" He did the same. In the appeal, immediately after the registration, the same sentence, despite the clear contradiction with the law,"
1987745359737577944,alimojtahedzad3,2025-11-10 06:53:18.941,"رئیس دستگاه قضایی پیشنهاد از ظرفیت «صلح‌وسازش» در مسائل امنیتی را داده و گفته‌است: «در این راستا، باید از ظرفیت افراد خبره، آشنا به مسائل، دلسوز و دارای بیان شیوا و رسا بهره گرفت.»

کلیت این پیشنهاد مثبت است اما نمی توان از اهمیت جزئیات آن گذشت و نسبت به چند نکته بی‌تفاوت بود:",0,0,0,https://x.com/alimojtahedzad3/status/1987745359737577944,2025,11,2025-11-10,"رئیس دستگاه قضایی پیشنهاد از ظرفیت «صلح‌وسازش» در مسائل امنیتی را داده و گفته‌است: «در این راستا، باید از ظرفیت افراد خبره، آشنا به مسائل، دلسوز و دارای بیان شیوا و رسا بهره گرفت.»

کلیت این پیشنهاد مثبت است اما نمی توان از اهمیت جزئیات آن گذشت و نسبت به چند نکته بی‌تفاوت بود:","The head of the judicial system suggested the capacity of ""reconciliation"" in security issues and said: ""In this regard, the capacity of experts, familiar with the issues, sympathetic and eloquent should be used.""

The generality of this proposal is positive, but one cannot ignore the importance of its details and be indifferent to several points:"
1987227274169459163,alimojtahedzad3,2025-11-08 20:34:37.716,"متاسفانه استفاده از تلفن همراه توسط قضات در جلسه رسیدگی داره خیلی زیاد میشه 
هیچ راه کنترلی هم جز نصب دوربین در محاکم و رصد جلسات وجود نداره 
 
من ندیدم وکیلی در جلسه رسیدگی سرش تو گوشیش باشه پس بهتره دادگستری به جای گرفتن موبایل وکلا دم در یک فکری به حال جلسات کنه",0,0,0,https://x.com/sajjadtavasoli/status/1987227274169459163,2025,11,2025-11-08,"متاسفانه استفاده از تلفن همراه توسط قضات در جلسه رسیدگی داره خیلی زیاد میشه 
هیچ راه کنترلی هم جز نصب دوربین در محاکم و رصد جلسات وجود نداره 
 
من ندیدم وکیلی در جلسه رسیدگی سرش تو گوشیش باشه پس بهتره دادگستری به جای گرفتن موبایل وکلا دم در یک فکری به حال جلسات کنه","Unfortunately, the use of cell phones by judges during hearings is increasing 
There is no way of control other than installing cameras in the courts and monitoring the sessions 
 
I didn't see a lawyer with his head on his phone during the hearing, so it is better for the judiciary to think about the hearings instead of taking the lawyers' mobile phones."
1986101244834804190,alimojtahedzad3,2025-11-05 18:00:11.402,"این کفاش را سال‌هاست می‌شناسم؛ جلوی خروجی مفتح بساط می‌کند، بسیار محترم است و وجدان کاری‌ش فوق‌العاده! افغانی هم نیست و لهجه شیرین مشهدی دارد.
فردا که ببینمش سعی می‌کنم یک وکالت از او بگیرم برای پیگیری این افترا؛ به امید ریشه‌کنی فاشیسم از ایران...",0,0,0,https://x.com/Mimkhazaei12/status/1986101244834804190,2025,11,2025-11-05,"این کفاش را سال‌هاست می‌شناسم؛ جلوی خروجی مفتح بساط می‌کند، بسیار محترم است و وجدان کاری‌ش فوق‌العاده! افغانی هم نیست و لهجه شیرین مشهدی دارد.
فردا که ببینمش سعی می‌کنم یک وکالت از او بگیرم برای پیگیری این افترا؛ به امید ریشه‌کنی فاشیسم از ایران...","I have known this shoemaker for many years; He opens the door in front of the exit, he is very respectful and his work conscience is great! He is not Afghan and has a sweet Mashhad accent.
When I see him tomorrow, I will try to get a lawyer from him to pursue this slander; In the hope of eradicating fascism from Iran..."
1986049334249394489,alimojtahedzad3,2025-11-05 14:33:54.954,"آشتی کنان ناظم و خانواده #دانش‌آموز تنبیه شده و آسیب دیده در بوکان با وساطت امام جمعه و فرمانده سپاه و عدم اعمال آئین‌نامه انضباطی معلمان در خصوص این ناظم، یک انحراف حقوقی و ترک فعل مشهود آموزش و پرورش است.

اولا این اتفاق دارای جنبه عمومی است که قابل گذشت نیست و دادستان موظف به",0,0,0,https://x.com/alimojtahedzad3/status/1986049334249394489,2025,11,2025-11-05,"آشتی کنان ناظم و خانواده #دانش‌آموز تنبیه شده و آسیب دیده در بوکان با وساطت امام جمعه و فرمانده سپاه و عدم اعمال آئین‌نامه انضباطی معلمان در خصوص این ناظم، یک انحراف حقوقی و ترک فعل مشهود آموزش و پرورش است.

اولا این اتفاق دارای جنبه عمومی است که قابل گذشت نیست و دادستان موظف به","Reconciling the moderator and the family of the punished and injured #student in Bukan with the mediation of Imam Juma and the commander of the Islamic Revolutionary Guard Corps and not applying the teachers' disciplinary code regarding this moderator is a legal deviation and an obvious abandonment of education.

First of all, this incident has a general aspect that cannot be forgiven and the prosecutor is obliged to"
1985774514593284145,alimojtahedzad3,2025-11-04 20:21:52.842,"علیرغم توضیحات داده شده، بازداشت آقای #تاجزاده و بازگرداندن ایشان به زندان ۲ اشکال اساسی دارد:
اول اینکه با عدالت قضایی منطبق نیست، وقتی سختگیری به او در برابر مجرمانی با جرائم سنگین اقتصادی یا اخلاقی چندین برابر شدیدتر است. این یعنی ایجاد سوالات و تردیدهایی در ذهن جامعه.
دوم",0,0,0,https://x.com/alimojtahedzad3/status/1985774514593284145,2025,11,2025-11-04,"علیرغم توضیحات داده شده، بازداشت آقای #تاجزاده و بازگرداندن ایشان به زندان ۲ اشکال اساسی دارد:
اول اینکه با عدالت قضایی منطبق نیست، وقتی سختگیری به او در برابر مجرمانی با جرائم سنگین اقتصادی یا اخلاقی چندین برابر شدیدتر است. این یعنی ایجاد سوالات و تردیدهایی در ذهن جامعه.
دوم","Despite the explanations given, arresting Mr. #Tajzadeh and returning him to prison has 2 fundamental problems:
First, it is not compatible with judicial justice, when the strictness to him is several times more severe against criminals with serious economic or moral crimes. This means creating questions and doubts in the minds of the community.
Second"
1984658661671911885,alimojtahedzad3,2025-11-01 18:27:52.774,"سرپرست ستاد امر  به معروف از بازداشت فردی مسلح و مدعی مبارزه با #بی_حجابی خبر داده که قصد داشته برای این کار گروه مسلح تشکیل دهد.

اولا اگر این ادعا درست باشد این فرد متهم به افساد فی الارض است و اگر نه، جناب سرپرست متهم به نشر اکاذیب. پس واجب است ابعاد قضیه و خبر دقیقا روشن شود",0,0,0,https://x.com/alimojtahedzad3/status/1984658661671911885,2025,11,2025-11-01,"سرپرست ستاد امر  به معروف از بازداشت فردی مسلح و مدعی مبارزه با #بی_حجابی خبر داده که قصد داشته برای این کار گروه مسلح تشکیل دهد.

اولا اگر این ادعا درست باشد این فرد متهم به افساد فی الارض است و اگر نه، جناب سرپرست متهم به نشر اکاذیب. پس واجب است ابعاد قضیه و خبر دقیقا روشن شود","The head of the headquarters of Amr Ba Maruf informed about the arrest of an armed person who claims to fight against #Hijabi and that he intended to form an armed group for this purpose.

First of all, if this claim is true, this person is accused of corruption in the world, and if not, the chairman is accused of spreading lies. Therefore, it is necessary to clarify the dimensions of the case and the news exactly"
1984242285794521124,alimojtahedzad3,2025-10-31 14:53:21.029,"ایراد خروج #پژمان_جمشیدی از کشور، کجاست؟

طبق قوانین فعلی ایران قرار «وثیقه»  به معنای قرار «ممنوع الخروجی» نیست. یعنی اگر کسی به موجب صدور قرار ممنوعیت خروج از کشور ممنوع‌الخروج نباشد می‌تواند پس از خروج از بازداشت از کشور خارج شود. ایراد این است که شاهد بود ایم  برخی از فعالان",0,0,0,https://x.com/dadban4/status/1984242285794521124,2025,10,2025-10-31,"ایراد خروج #پژمان_جمشیدی از کشور، کجاست؟

طبق قوانین فعلی ایران قرار «وثیقه»  به معنای قرار «ممنوع الخروجی» نیست. یعنی اگر کسی به موجب صدور قرار ممنوعیت خروج از کشور ممنوع‌الخروج نباشد می‌تواند پس از خروج از بازداشت از کشور خارج شود. ایراد این است که شاهد بود ایم  برخی از فعالان","Where is the problem of #Pejman_Jamshidi leaving the country?

According to the current laws of Iran, the ""bail"" order does not mean the ""banned"" order. That is, if someone is not prohibited from leaving the country due to the issuance of the prohibition order, he can leave the country after leaving the detention. The problem is that we have seen some activists"
1984192897139483133,alimojtahedzad3,2025-10-31 11:37:05.856,"ایراد خروج #پژمان_جمشیدی از کشور، کجاست؟

طبق قوانین فعلی ایران قرار «وثیقه»  به معنای قرار «ممنوع الخروجی» نیست. یعنی اگر کسی به موجب صدور قرار ممنوعیت خروج از کشور ممنوع‌الخروج نباشد می‌تواند پس از خروج از بازداشت از کشور خارج شود. ایراد این است که شاهد بود ایم  برخی از فعالان",0,0,0,https://x.com/alimojtahedzad3/status/1984192897139483133,2025,10,2025-10-31,"ایراد خروج #پژمان_جمشیدی از کشور، کجاست؟

طبق قوانین فعلی ایران قرار «وثیقه»  به معنای قرار «ممنوع الخروجی» نیست. یعنی اگر کسی به موجب صدور قرار ممنوعیت خروج از کشور ممنوع‌الخروج نباشد می‌تواند پس از خروج از بازداشت از کشور خارج شود. ایراد این است که شاهد بود ایم  برخی از فعالان","Where is the problem of #Pejman_Jamshidi leaving the country?

According to the current laws of Iran, the ""bail"" order does not mean the ""banned"" order. That is, if someone is not prohibited from leaving the country due to the issuance of the prohibition order, he can leave the country after leaving the detention. The problem is that we have seen some activists"
1983559683450556866,alimojtahedzad3,2025-10-29 17:40:55.948,"با تصمیم ریاست محترم قوه قضاییه، حکم اعدام خانم #شریفه_محمدی با یک‌ درجه تخفیف به حبس درجه یک(سی سال) تبدیل شد.
خوشبختانه فعلا خطر بروز فاجعه برطرف شد ولی کماکان از طریق اعاده دادرسی و یا اعمال ماده ۴۷۷ پیگیر هستیم که محکومیت ایشان نقض شود و ایشان از اتهام بغی تبرئه شود.",0,0,0,https://x.com/amirreiis/status/1983559683450556866,2025,10,2025-10-29,"با تصمیم ریاست محترم قوه قضاییه، حکم اعدام خانم #شریفه_محمدی با یک‌ درجه تخفیف به حبس درجه یک(سی سال) تبدیل شد.
خوشبختانه فعلا خطر بروز فاجعه برطرف شد ولی کماکان از طریق اعاده دادرسی و یا اعمال ماده ۴۷۷ پیگیر هستیم که محکومیت ایشان نقض شود و ایشان از اتهام بغی تبرئه شود.","With the decision of the Honorable Head of the Judiciary, the death sentence of Mrs. #Sharifah_Mohammadi was changed to first degree imprisonment (thirty years) with a reduction of one degree.
Fortunately, the risk of a disaster has been removed for now, but we are still pursuing through the resumption of proceedings or the application of Article 477 to overturn his conviction and acquit him of the charges of corruption."
1983455481613144516,alimojtahedzad3,2025-10-29 10:46:52.294,"عفو ۱۱۵ زندانی سیاسی اقدامی مثبت در جهت اصلاح رویکرد قضایی کشور است.

این اقدام قوه قضائیه میتواند زمینه‌ساز تحولی پایدار در نحوه برخورد با منتقدان سیاسی باشد، مشروط بر انکه معیارهای عفو به‌طور شفاف،عادلانه و بدون اعمال سلیقه اجرا شوند.
@alimojtahedzad3
 
@ejei_org
 
@EtemadDaily",0,0,0,https://x.com/HicksElahe/status/1983455481613144516,2025,10,2025-10-29,"عفو ۱۱۵ زندانی سیاسی اقدامی مثبت در جهت اصلاح رویکرد قضایی کشور است.

این اقدام قوه قضائیه میتواند زمینه‌ساز تحولی پایدار در نحوه برخورد با منتقدان سیاسی باشد، مشروط بر انکه معیارهای عفو به‌طور شفاف،عادلانه و بدون اعمال سلیقه اجرا شوند.
@alimojtahedzad3
 
@ejei_org
 
@EtemadDaily","The amnesty of 115 political prisoners is a positive step towards reforming the judicial approach of the country.

This action of the judiciary can be the basis for a sustainable change in the way of dealing with political critics, provided that the amnesty criteria are implemented transparently, fairly and without bias.
@alimojtahedzad3
 
@ejei_org
 
@EtemadDaily"
1983443450768109941,alimojtahedzad3,2025-10-29 09:59:03.917,"در این گفتگو درباره #عفو 115 زندانی سیاسی 3 نکته را تاکید کرده‌ام
1- باید از این رویکرد و مسیر قوه قضائیه حمایت کرد
2- باید جلوی دخالت ضابط در اعطاء عفو گرفته شود
3- منوط کردن اعطاء عفو به درخواست زندانیان هم شرطی است که باید تغییر کند",0,0,0,https://x.com/alimojtahedzad3/status/1983443450768109941,2025,10,2025-10-29,"در این گفتگو درباره #عفو 115 زندانی سیاسی 3 نکته را تاکید کرده‌ام
1- باید از این رویکرد و مسیر قوه قضائیه حمایت کرد
2- باید جلوی دخالت ضابط در اعطاء عفو گرفته شود
3- منوط کردن اعطاء عفو به درخواست زندانیان هم شرطی است که باید تغییر کند","In this conversation about the #amnesty of 115 political prisoners, I have emphasized 3 points
1- This approach and path of the judiciary should be supported
2- It should be prevented from interfering with the bailiff in granting amnesty
3- Subjecting the granting of amnesty to the request of prisoners is also a condition that must be changed"
1983243628874215667,alimojtahedzad3,2025-10-28 20:45:02.665,از دسترس خارج کردن سایت روزنامه و کانال خبری بدعت جدیدی است که #دستگاه_قضا  به صرف اینکه نقشی در موضوع ندارد نمیتواند در قبال آن فاقد مسئولیت باشد وچنین اقداماتی تنها #حاکمیت_قانون را در نزد جامعه بی اعتبار میکند,0,0,0,https://x.com/alimojtahedzad3/status/1983243628874215667,2025,10,2025-10-28,از دسترس خارج کردن سایت روزنامه و کانال خبری بدعت جدیدی است که #دستگاه_قضا  به صرف اینکه نقشی در موضوع ندارد نمیتواند در قبال آن فاقد مسئولیت باشد وچنین اقداماتی تنها #حاکمیت_قانون را در نزد جامعه بی اعتبار میکند,Taking the newspaper website and news channel out of reach is a new heresy that #judiciary cannot be without responsibility just because it has no role in the issue and such actions only discredit the rule of law in the eyes of the society.
1983238028278550775,alimojtahedzad3,2025-10-28 20:22:47.379, صفحه اول روزنامه اعتماد روز ‌‌‌‌‌‌‌‌‌‌‌‌‌‌‌‌‌‌‌‌‌‌چهار‌شنبه‌ ۷ آبان ۱۴۰۴,0,0,0,https://x.com/EtemadDaily/status/1983238028278550775,2025,10,2025-10-28, صفحه اول روزنامه اعتماد روز ‌‌‌‌‌‌‌‌‌‌‌‌‌‌‌‌‌‌‌‌‌‌چهار‌شنبه‌ ۷ آبان ۱۴۰۴,"The first page of Etemad newspaper on Wednesday, November 7, 1404"
1982150629217771559,alimojtahedzad3,2025-10-25 21:21:51.240,امروز جلسه رسیدگی به پرونده #مجید_اسکندری در شعبه ۳دادگاه انقلاب قزوین مستقر در دادگستری محمدیه (زیباشهر) بود ولی عملا جلسه‌ای برگزار نگردید و قاضی محترم وارد ماهیت دعوا نشد و پس از استماع تلفنی اظهارات موکل در غیاب بنده که بیرون منتظر بودم، اتهام تحریق را از مصادیق محاربه دانست!,0,0,0,https://x.com/reza_shafakhah/status/1982150629217771559,2025,10,2025-10-25,امروز جلسه رسیدگی به پرونده #مجید_اسکندری در شعبه ۳دادگاه انقلاب قزوین مستقر در دادگستری محمدیه (زیباشهر) بود ولی عملا جلسه‌ای برگزار نگردید و قاضی محترم وارد ماهیت دعوا نشد و پس از استماع تلفنی اظهارات موکل در غیاب بنده که بیرون منتظر بودم، اتهام تحریق را از مصادیق محاربه دانست!,"Today, the hearing of the case of #Majid_Eskandari was held in Branch 3 of the Qazvin Revolutionary Court located in Mohammadiyeh (Zibashahr), but no hearing was actually held and the respected judge did not enter into the nature of the case, and after listening to the client's statements over the phone, in the absence of my servant, who was waiting outside, he considered the accusation of incitement to be an example of war."
1981630024697450674,alimojtahedzad3,2025-10-24 10:53:09.450,"زیان انباشته ۵۰۰ همتی #بانک_آینده و سهم بالای ۵ درصدی آن از تورم سالانه که به پشتوانه سندسازی، قیمت‌گذاری غیرواقعی اموال بانک و بازی با منابع عمومی کشور صورت گرفته، مصداق بارز جرائم زیر است:
-اخلال در نظام اقتصادی کشور
-اخلال عمده در نظام پولی و بانکی
-پولشویی
-اختلاس و",0,0,0,https://x.com/alimojtahedzad3/status/1981630024697450674,2025,10,2025-10-24,"زیان انباشته ۵۰۰ همتی #بانک_آینده و سهم بالای ۵ درصدی آن از تورم سالانه که به پشتوانه سندسازی، قیمت‌گذاری غیرواقعی اموال بانک و بازی با منابع عمومی کشور صورت گرفته، مصداق بارز جرائم زیر است:
-اخلال در نظام اقتصادی کشور
-اخلال عمده در نظام پولی و بانکی
-پولشویی
-اختلاس و","The accumulated loss of 500 hemtis of #Future_Bank and its share of more than 5% of the annual inflation, which was based on fraud, unrealistic pricing of the bank's property and playing with the country's public resources, is a clear example of the following crimes:
Disturbance in the economic system of the country
Major disruption in the monetary and banking system
- Money laundering
- Embezzlement and"
1981398008207216957,alimojtahedzad3,2025-10-23 19:31:12.408,"یک جوان ۲۶ ساله در بوستان علوی قم به‌دلیل پوشیدن شلوارک هنگام اسکیت‌سواری، توسط مأموران کلانتری شهرک پردیسان بازداشت شد.

به گفته‌ی پدر او که وکیل دادگستری است، مأموران پسرش را با دست‌بند به کلانتری منتقل کرده و به دستور قاضی کشیک شب، در بازداشت‌گاه نگه داشته‌اند.

روز بعد، در",0,0,0,https://x.com/dadban4/status/1981398008207216957,2025,10,2025-10-23,"یک جوان ۲۶ ساله در بوستان علوی قم به‌دلیل پوشیدن شلوارک هنگام اسکیت‌سواری، توسط مأموران کلانتری شهرک پردیسان بازداشت شد.

به گفته‌ی پدر او که وکیل دادگستری است، مأموران پسرش را با دست‌بند به کلانتری منتقل کرده و به دستور قاضی کشیک شب، در بازداشت‌گاه نگه داشته‌اند.

روز بعد، در","A 26-year-old young man was arrested by officers of Pardisan police station in Qom's Alavi Park for wearing shorts while skating.

According to his father, who is a lawyer, the officers took his son to the police station in handcuffs and kept him in detention on the order of the night duty judge.

The next day, at"
1980964642152206787,alimojtahedzad3,2025-10-22 14:49:09.889,"گفت و گو با روزنامه هم میهن درباره #اتاق_وضعیت_حجاب:

- اگر دولت واقعاً دولت باشد، از اختیاراتش است که بتواند جلوی تخصیص بودجه برای چنین اقداماتی را بگیرد.
- وقتی صحبت از این می‌کنند که می‌خواهند به وظیفه شرعی عمل کنند، دیگر بودجه و این مسائل معنی ندارد. اگر برای رضای خدا عمل می",0,0,0,https://x.com/alimojtahedzad3/status/1980964642152206787,2025,10,2025-10-22,"گفت و گو با روزنامه هم میهن درباره #اتاق_وضعیت_حجاب:

- اگر دولت واقعاً دولت باشد، از اختیاراتش است که بتواند جلوی تخصیص بودجه برای چنین اقداماتی را بگیرد.
- وقتی صحبت از این می‌کنند که می‌خواهند به وظیفه شرعی عمل کنند، دیگر بودجه و این مسائل معنی ندارد. اگر برای رضای خدا عمل می","A conversation with Ham Mihan newspaper about the #Hijab_Situation_Room:

- If the government is really the government, it is within its authority to prevent the allocation of funds for such actions.
- When they talk about that they want to fulfill their religious duty, the budget and these issues no longer make sense. If you act for the pleasure of God"
1980601893308027147,alimojtahedzad3,2025-10-21 14:47:43.825,#قانون_حجاب به دلایلی چون ایجاد خطرات عمومی از طریق افزایش شکاف‌های اجتماعی توسط شورای عالی امنیت ملی تعلیق شد. چطور است که تلاش تندروها برای احیاء روح این قانون معلق از طریق کارهایی چون تشکیل #اتاق_وضعیت_حجاب، اقدام علیه امنیت ملی محسوب نمی‌شود؟,0,0,0,https://x.com/alimojtahedzad3/status/1980601893308027147,2025,10,2025-10-21,#قانون_حجاب به دلایلی چون ایجاد خطرات عمومی از طریق افزایش شکاف‌های اجتماعی توسط شورای عالی امنیت ملی تعلیق شد. چطور است که تلاش تندروها برای احیاء روح این قانون معلق از طریق کارهایی چون تشکیل #اتاق_وضعیت_حجاب، اقدام علیه امنیت ملی محسوب نمی‌شود؟,#The hijab law was suspended by the Supreme National Security Council for reasons such as creating public dangers through increasing social gaps. How is it that the hard-liners' efforts to revive the spirit of this suspended law through things like the formation of #Hijab_Situation_Room is not considered an action against national security?
1979240195120599449,alimojtahedzad3,2025-10-17 20:36:49.678,با شکل گیری هر تجمع با توجیه شرایط خاص کشور مخالفت میشود و بسیاری فعالان با همین مستمسک محکوم به سکوت جهت حفظ مصالح کشور هستند اما گویا عده ای کم فهم برای برهم زدن امنیت روانی جامعه و چه بسا به آشوب کشیدن کشور چک سفید دارند #حجاب,0,0,0,https://x.com/alimojtahedzad3/status/1979240195120599449,2025,10,2025-10-17,با شکل گیری هر تجمع با توجیه شرایط خاص کشور مخالفت میشود و بسیاری فعالان با همین مستمسک محکوم به سکوت جهت حفظ مصالح کشور هستند اما گویا عده ای کم فهم برای برهم زدن امنیت روانی جامعه و چه بسا به آشوب کشیدن کشور چک سفید دارند #حجاب,"With the formation of any gathering, it is opposed by justifying the special conditions of the country, and many activists are condemned to remain silent in order to protect the interests of the country, but it seems that some people with little understanding have a blank check to disrupt the psychological security of the society and possibly to cause chaos in the country #Hijab"
1979216351169294767,alimojtahedzad3,2025-10-17 19:02:04.837,#اتاق_وضعیت_حجاب تلاشی است از سوی تندروها برای احیا دو چیز؛ #گشت_ارشاد و #قانون_حجاب. مشکل اصلی به قانون حمایت از آمران به معروف بر می‌گردد که یک اصل دینی که هدفش کنترل حاکمان و مردمی کردن حکومت بوده را تبدیل به ابزار ایجاد شکاف اجتماعی کرده است. صریح بگویم؛ تا این قانون وجود,0,0,0,https://x.com/alimojtahedzad3/status/1979216351169294767,2025,10,2025-10-17,#اتاق_وضعیت_حجاب تلاشی است از سوی تندروها برای احیا دو چیز؛ #گشت_ارشاد و #قانون_حجاب. مشکل اصلی به قانون حمایت از آمران به معروف بر می‌گردد که یک اصل دینی که هدفش کنترل حاکمان و مردمی کردن حکومت بوده را تبدیل به ابزار ایجاد شکاف اجتماعی کرده است. صریح بگویم؛ تا این قانون وجود,"#Ataq_Avezhit_Hijab is an attempt by extremists to revive two things; #Gesht_Arshad and #Hijab_law. The main problem goes back to the Law on Protection of Rulers, which has turned a religious principle that aims to control the rulers and popularize the government into a tool for creating social divide. To be clear; Until this law exists"
1978440464027074858,alimojtahedzad3,2025-10-15 15:38:58.927,"به عنوان وکیل رسانه #دیدار_نیوز سوالاتی از مسئولان محترم قضایی دارم؛ این رسانه بر اساس کدام قانون بدون اطلاع قبلی فیلتر و از دسترس خارج شده است؟ نهاد فیلتر کننده کدام مرجع بوده است؟ 
از این‌ها بدتر اینکه ما هنوز اتهامی که منجر به این اقدام شده را نمی‌دانیم. چرا اتهام این سایت",0,0,0,https://x.com/alimojtahedzad3/status/1978440464027074858,2025,10,2025-10-15,"به عنوان وکیل رسانه #دیدار_نیوز سوالاتی از مسئولان محترم قضایی دارم؛ این رسانه بر اساس کدام قانون بدون اطلاع قبلی فیلتر و از دسترس خارج شده است؟ نهاد فیلتر کننده کدام مرجع بوده است؟ 
از این‌ها بدتر اینکه ما هنوز اتهامی که منجر به این اقدام شده را نمی‌دانیم. چرا اتهام این سایت","As a lawyer for #Deedar_News media, I have questions for the respected judicial authorities; According to which law has this media been filtered and unavailable without prior notice? Which authority was the filtering institution? 
What's worse is that we still don't know the charge that led to this action. Why charge this site"
1978053399032553552,alimojtahedzad3,2025-10-14 14:00:55.441,دیروز در سالن ملاقات اوین ، افتخار دیدار با همکار شجاع و شریف جناب #فقیهی نصیبم شد حسابی وزن کم کرده بود و دیدار با ایشان یادآور این حقیقت است که زندان گاهی در بیرون از دیوارهاست و آزادی در درون انسان معنا می‌یابد گفت‌وگوی با ایشان ، سفری بود از بند جسم به رهایی اندیشه,0,0,0,https://x.com/Al_Sharifzadeh/status/1978053399032553552,2025,10,2025-10-14,دیروز در سالن ملاقات اوین ، افتخار دیدار با همکار شجاع و شریف جناب #فقیهی نصیبم شد حسابی وزن کم کرده بود و دیدار با ایشان یادآور این حقیقت است که زندان گاهی در بیرون از دیوارهاست و آزادی در درون انسان معنا می‌یابد گفت‌وگوی با ایشان ، سفری بود از بند جسم به رهایی اندیشه,"Yesterday in the meeting hall of Evin, I had the honor of meeting a brave and honorable colleague Mr. Faqihi. He had lost a lot of weight and meeting him is a reminder of the fact that sometimes the prison is outside the walls and freedom is found inside the person. Talking with him was a journey from the bondage of the body to the liberation of the mind."
1978026628589510936,alimojtahedzad3,2025-10-14 12:14:32.870,به گفته سخنگوی قوه قضائیه رسیدگی به پرونده فرزند و عروس #کاظم_صدیقی از هفته آینده در شعبه ۱۰۶۵ دادگاه عمومی تهران آغاز می‌شود. پیشتر خود ایشان تاکید داشت که بی‌ارتباط با این پرونده است و فرزندش از نفوذ او برای مفاسد خود سوءاستفاده نکرده است. بخشی از اصولگرایان تندرو هم برای دفاع,0,0,0,https://x.com/alimojtahedzad3/status/1978026628589510936,2025,10,2025-10-14,به گفته سخنگوی قوه قضائیه رسیدگی به پرونده فرزند و عروس #کاظم_صدیقی از هفته آینده در شعبه ۱۰۶۵ دادگاه عمومی تهران آغاز می‌شود. پیشتر خود ایشان تاکید داشت که بی‌ارتباط با این پرونده است و فرزندش از نفوذ او برای مفاسد خود سوءاستفاده نکرده است. بخشی از اصولگرایان تندرو هم برای دفاع,"According to the spokesman of the judiciary, the hearing of the case of the son and daughter-in-law of #Kazem_Sadighi will start next week in Branch 1065 of the Tehran General Court. Earlier, Ishan himself emphasized that he is unrelated to this case and that his son did not abuse his influence for his own corruption. A part of radical fundamentalists also for defense"
1976240020869841065,alimojtahedzad3,2025-10-09 13:55:12.396,"با توجه به اینکه هیچ رسانه داخلی و هیچ روزنامه‌نگارِ ساکن ایران، تمایلی به انعکاس وضعیت پرونده #امیرحسین_موسوی علیرغم پخش اعترافات اجباری او از سوی بخش خبری ۲۰:۳۰ ندارند، یادداشتی در واکنش به این اقدام ضابطین قبل از برگزاری جلسه دادگاه در سایتم منتشر کردم؛
rezashafakhah.com/2025/10/09/%d9
…",0,0,0,https://x.com/reza_shafakhah/status/1976240020869841065,2025,10,2025-10-09,"با توجه به اینکه هیچ رسانه داخلی و هیچ روزنامه‌نگارِ ساکن ایران، تمایلی به انعکاس وضعیت پرونده #امیرحسین_موسوی علیرغم پخش اعترافات اجباری او از سوی بخش خبری ۲۰:۳۰ ندارند، یادداشتی در واکنش به این اقدام ضابطین قبل از برگزاری جلسه دادگاه در سایتم منتشر کردم؛
rezashafakhah.com/2025/10/09/%d9
…","Considering that no domestic media and no journalists living in Iran have the desire to reflect the situation of #Amirhossein_Mousavi's case despite the broadcast of his forced confession by the 20:30 news section, I published a note on my website in response to this action of the bailiffs before the court session was held;
rezashafakhah.com/2025/10/09/%d9
…"
1976242211617452205,alimojtahedzad3,2025-10-09 14:03:54.711,بارها در خصوص غیر مشروع و خلاف قانون بودن  #اعترافات_تلویزیونی  گفته ایم حتی استفتائات صریح مراجع در این خصوص هم وجوددارد اما انگار برخی  تعمدا سعی در بی اعتبار کرد قانون و قضا  در پیشگاه ملت  را دارند و القصه که نرود میخ آهنین در سنگ…,0,0,0,https://x.com/alimojtahedzad3/status/1976242211617452205,2025,10,2025-10-09,بارها در خصوص غیر مشروع و خلاف قانون بودن  #اعترافات_تلویزیونی  گفته ایم حتی استفتائات صریح مراجع در این خصوص هم وجوددارد اما انگار برخی  تعمدا سعی در بی اعتبار کرد قانون و قضا  در پیشگاه ملت  را دارند و القصه که نرود میخ آهنین در سنگ…,"We have said many times about the illegitimacy and illegality of #television_confessions, there are even explicit inquiries from the authorities in this regard, but it seems that some people are deliberately trying to discredit the law and justice in front of the nation, and the story should not go as an iron nail in the stone..."
1973348781333848321,alimojtahedzad3,2025-10-01 14:26:27.174,"تحقیر دستگاه قضا در #صداوسیما

دیدن این فیلم دل هر اهل حقوقی را می‌سوزاند.
#استقلال_قضایی شرط اصلی توسعه یک کشور و بالندگی هر ساختار سیاسی است.",0,0,0,https://x.com/borhanimohsen1/status/1973348781333848321,2025,10,2025-10-01,"تحقیر دستگاه قضا در #صداوسیما

دیدن این فیلم دل هر اهل حقوقی را می‌سوزاند.
#استقلال_قضایی شرط اصلی توسعه یک کشور و بالندگی هر ساختار سیاسی است.","Humiliation of the judicial system in #Sadaosima

Watching this movie will burn the heart of every lawyer.
#Judicial independence is the main condition for the development of a country and the growth of any political structure."
1972000161829474448,alimojtahedzad3,2025-09-27 21:07:31.228,در قضیه بلاگر وکیل نما، متهم اصلی موسسه حقوقی است که چنین سفارشی به این بلاگر داده است. اولا باید بساط این دست موسسات جمع شود و ثانیا اندکی به هشدارهای سال‌های اخیر دلسوزان درباره برخی قوانین و مقررات مخرب در این حوزه بیاندیشیم که کار نهاد #وکالت را به چنین سقوطی رسانده است.,0,0,0,https://x.com/alimojtahedzad3/status/1972000161829474448,2025,9,2025-09-27,در قضیه بلاگر وکیل نما، متهم اصلی موسسه حقوقی است که چنین سفارشی به این بلاگر داده است. اولا باید بساط این دست موسسات جمع شود و ثانیا اندکی به هشدارهای سال‌های اخیر دلسوزان درباره برخی قوانین و مقررات مخرب در این حوزه بیاندیشیم که کار نهاد #وکالت را به چنین سقوطی رسانده است.,"In the case of blogger Vakil Nama, the main defendant is the law firm that gave such an order to this blogger. First of all, we should gather the size of such institutions, and secondly, we should think a little about the warnings of sympathizers in recent years about some destructive laws and regulations in this area, which has brought the work of the #lawyer institution to such a downfall."
1970803910266015901,alimojtahedzad3,2025-09-24 13:54:02.630,"اگر علیرغم فتوای صریح رهبری خواهان ساخت بمب اتم شوید و یا از لزوم تعطیلی انتخابات و اصل جمهوریت حرف بزنید، اشکالی ندارد. اما اگر مثل #جبهه_اصلاحات  در بیانیه‌ای خیرخواهانه خواستار تغییر برخی سیاست‌ها شوید، احضارتان می‌کنند.

#عدالت_حقوقی برای هر جامعه‌ای از نان شب هم واجب‌تراست.",0,0,0,https://x.com/alimojtahedzad3/status/1970803910266015901,2025,9,2025-09-24,"اگر علیرغم فتوای صریح رهبری خواهان ساخت بمب اتم شوید و یا از لزوم تعطیلی انتخابات و اصل جمهوریت حرف بزنید، اشکالی ندارد. اما اگر مثل #جبهه_اصلاحات  در بیانیه‌ای خیرخواهانه خواستار تغییر برخی سیاست‌ها شوید، احضارتان می‌کنند.

#عدالت_حقوقی برای هر جامعه‌ای از نان شب هم واجب‌تراست.","If you want to build atomic bombs despite the clear fatwa of the leadership, or talk about the need to close elections and the principle of republicanism, there is no problem. But if you call for the change of some policies in a benevolent statement like the #Reform_Front, they will summon you.

Legal justice is more obligatory for every society than bread."
1970710353937080364,alimojtahedzad3,2025-09-24 07:42:17.063,وقتی همه چیز رو به ابتذال مطلق است #وکالت هم در امان نمیماند شغلی که زمانی شأن و ارج و قربی داشت و امثال مرحوم #بهمن_کشاورز نماد آن‌بودند امروز تا حد برقراری خانه های فساد از سوی عده ای تنزل پیدا کرده .حداقل توقع تعطیلی و لغو مجوز این بدنام خانه است,0,0,0,https://x.com/alimojtahedzad3/status/1970710353937080364,2025,9,2025-09-24,وقتی همه چیز رو به ابتذال مطلق است #وکالت هم در امان نمیماند شغلی که زمانی شأن و ارج و قربی داشت و امثال مرحوم #بهمن_کشاورز نماد آن‌بودند امروز تا حد برقراری خانه های فساد از سوی عده ای تنزل پیدا کرده .حداقل توقع تعطیلی و لغو مجوز این بدنام خانه است,"When everything is turning to absolute vulgarity, #lawyership is not spared. A profession that once had dignity and respect and the likes of the late #Bahman_Keshavarz were a symbol of it. Today, it has degraded to the point of establishing corruption houses by a few."
1970017815588663728,alimojtahedzad3,2025-09-22 09:50:23.054,"سرهنگ محمد طالعی مسئول حفاظت مجتمع قضایی بعثت بدلیل بستن کراوات اجازه ورود اینجانب را جهت شرکت در ادامه جلسه و ارائه مستندات در شعبه ۱۷۷دادگاه حقوقی نداد و هر چه از او مستندات خواستم با تندخویی گفت دستور دادند. پروانه‌ت را بده گزارش کنم.
چه کسی دستور داده؟
همین امروز شکایت میکنم.",0,0,0,https://x.com/reza_shafakhah/status/1970017815588663728,2025,9,2025-09-22,"سرهنگ محمد طالعی مسئول حفاظت مجتمع قضایی بعثت بدلیل بستن کراوات اجازه ورود اینجانب را جهت شرکت در ادامه جلسه و ارائه مستندات در شعبه ۱۷۷دادگاه حقوقی نداد و هر چه از او مستندات خواستم با تندخویی گفت دستور دادند. پروانه‌ت را بده گزارش کنم.
چه کسی دستور داده؟
همین امروز شکایت میکنم.","Colonel Mohammad Talei, the person in charge of the security of the judicial complex of Basat, did not allow me to enter to participate in the meeting and present the documents in the 177th branch of the legal court due to the fact that he was wearing a tie. Give me your license to report.
who ordered
I am complaining today."
1969494550382088478,alimojtahedzad3,2025-09-20 23:11:06.907,"هنجار شکن قزوینی, هنجارشکن قمی، هنجار شکن تهرانی و....
 اگر هنجاری در همه جا شکسته می‌شود، آیا نباید به این فکر کنیم که در تعریف آن تجدید نظری لازم است؟",0,0,0,https://x.com/kheyzaran/status/1969494550382088478,2025,9,2025-09-20,"هنجار شکن قزوینی, هنجارشکن قمی، هنجار شکن تهرانی و....
 اگر هنجاری در همه جا شکسته می‌شود، آیا نباید به این فکر کنیم که در تعریف آن تجدید نظری لازم است؟","Qazvini norm breaker, Qomi norm breaker, Tehrani norm breaker and....
 If a norm is broken everywhere, shouldn't we think that its definition needs to be revised?"
1968986780247396365,alimojtahedzad3,2025-09-19 13:33:25.073,"وزارت کشور دولت #رئیسی برای دل حامیانش با بخشنامه غیرقانونی حجاب و عفاف، به جنگ حقوق شهروندی رفت.چطور وقتی مانع قانونی و شرعی برای #موتورسواری_بانوان وجود ندارد، دولت #پزشکیان حاضر نیست به جای تدوین بی‌دلیل لایحه، ازطریق وزارت کشورش اقدامی کند؟

ترس برادرمرگ است آقای رئیس جمهور!",0,0,0,https://x.com/alimojtahedzad3/status/1968986780247396365,2025,9,2025-09-19,"وزارت کشور دولت #رئیسی برای دل حامیانش با بخشنامه غیرقانونی حجاب و عفاف، به جنگ حقوق شهروندی رفت.چطور وقتی مانع قانونی و شرعی برای #موتورسواری_بانوان وجود ندارد، دولت #پزشکیان حاضر نیست به جای تدوین بی‌دلیل لایحه، ازطریق وزارت کشورش اقدامی کند؟

ترس برادرمرگ است آقای رئیس جمهور!","For the sake of its supporters, the Ministry of Interior of the #Raisi government went to the civil rights war with the illegal circular of hijab and chastity. How come when there is no legal and religious obstacle for #women_riding_motorcycles, the #Medical Government is not willing to take action through its Ministry of Interior instead of drafting a bill for no reason?

Fear is the death of a brother, Mr. President!"
1968666962981998941,alimojtahedzad3,2025-09-18 16:22:34.695,"در گفتگوی زیر درباره #عفو_معیاری  اخیر سه نکته را تاکید کردم:
-اصل این حرکت شایسته حمایت است و نقش شخص آقای اژه‌ای را در آن نباید نادیده گرفت
-محرومیت شاخص‌ترین زندانیان سیاسی از این عفو بدسلیقگی بود
-برای احقاق حقوق عامه، عفو شرط لازم است اما کافی نیست.
hammihanonline.ir/%D8%A8%D8%AE%D
…",0,0,0,https://x.com/alimojtahedzad3/status/1968666962981998941,2025,9,2025-09-18,"در گفتگوی زیر درباره #عفو_معیاری  اخیر سه نکته را تاکید کردم:
-اصل این حرکت شایسته حمایت است و نقش شخص آقای اژه‌ای را در آن نباید نادیده گرفت
-محرومیت شاخص‌ترین زندانیان سیاسی از این عفو بدسلیقگی بود
-برای احقاق حقوق عامه، عفو شرط لازم است اما کافی نیست.
hammihanonline.ir/%D8%A8%D8%AE%D
…","In the following conversation about the recent amnesty, I emphasized three points:
- The principle of this movement deserves support and Mr. Ajei's personal role in it should not be ignored
- Deprivation of the most prominent political prisoners from this amnesty was disgusting
-For the realization of public rights, amnesty is a necessary condition, but it is not sufficient.
hammihanonline.ir/%D8%A8%D8%AE%D
…"
1967974842902396928,alimojtahedzad3,2025-09-16 18:32:20.409,"مخالفان #موتورسواری_بانوان هیچ دلیل شرعی یا عقلی یا اخلاقی بر وجود چنین محرومیت جنسیتی ندارند.
این محرومیت همانقدر خنده‌دار است که چند سال قبل بر عدم مجاز بودن رانندگی برای زنان در عربستان می‌‌خندیدیم.",0,0,0,https://x.com/borhanimohsen1/status/1967974842902396928,2025,9,2025-09-16,"مخالفان #موتورسواری_بانوان هیچ دلیل شرعی یا عقلی یا اخلاقی بر وجود چنین محرومیت جنسیتی ندارند.
این محرومیت همانقدر خنده‌دار است که چند سال قبل بر عدم مجاز بودن رانندگی برای زنان در عربستان می‌‌خندیدیم.","Opponents of women's motorcycling do not have any religious or intellectual or moral reasons for the existence of such gender deprivation.
This prohibition is as funny as a few years ago we laughed at not being allowed to drive for women in Saudi Arabia."
1967875527014048042,alimojtahedzad3,2025-09-16 11:57:41.656,ای کاش #دادستان محترم تهران روشن کنند چرا آنچه که نماینده سابق تهران در خصوص کاترین اشکدم می‌گوید احتیاج به اثبات دارد  و گوینده تحت تعقیب قضایی قرار می‌گیرد ولی ادعای روزنامه #کیهان در خصوص قتل مرحوم #مهسا_امينی‌‌ توسط پسرخاله!! احتیاج به ادله ندارد؟ مصونیت آهنین آفت عدالت است,0,0,0,https://x.com/alimojtahedzad3/status/1967875527014048042,2025,9,2025-09-16,ای کاش #دادستان محترم تهران روشن کنند چرا آنچه که نماینده سابق تهران در خصوص کاترین اشکدم می‌گوید احتیاج به اثبات دارد  و گوینده تحت تعقیب قضایی قرار می‌گیرد ولی ادعای روزنامه #کیهان در خصوص قتل مرحوم #مهسا_امينی‌‌ توسط پسرخاله!! احتیاج به ادله ندارد؟ مصونیت آهنین آفت عدالت است,"I wish the respected #prosecutor of Tehran would clarify why what the former representative of Tehran says about Catherine Ashkedem needs to be proven and the speaker will be prosecuted, but the claim of #Kihan newspaper regarding the murder of the late #Mehsa_Amini by her cousin!! Does it not need evidence? Iron immunity is the bane of justice"
1967674926166634893,alimojtahedzad3,2025-09-15 22:40:34.687,اینکه از امثال علیرضا دبیر چقدر بدم می‌آید یک چیز است و اینکه قهرمانی تیم ملی کشتی ایران در جهان تا چه اندازه باعث خوشحالی‌ام شده، چیزی دیگر. اختلافات و دعواها و حتی جنگ ما  زیر پرچم نباید باعث تردید در ضرورت بالا ماندن آن شود.,0,0,0,https://x.com/EhsanBodaghi/status/1967674926166634893,2025,9,2025-09-15,اینکه از امثال علیرضا دبیر چقدر بدم می‌آید یک چیز است و اینکه قهرمانی تیم ملی کشتی ایران در جهان تا چه اندازه باعث خوشحالی‌ام شده، چیزی دیگر. اختلافات و دعواها و حتی جنگ ما  زیر پرچم نباید باعث تردید در ضرورت بالا ماندن آن شود.,"How much I dislike the likes of Alireza Dabir is one thing, and how much the Iranian national wrestling team's championship in the world made me happy is another. Disputes and fights and even war under our flag should not make us doubt the necessity of keeping it high."
1966440074314215468,alimojtahedzad3,2025-09-12 12:53:43.063,تجمع آزادانه و بدون مجوز مقابل دبیرخانه شورای عالی امنیت ملی مصداق بارز #تبعیض_حقوقی و اقلیت سالاری است. تا وقتی گروه‌های اجتماعی دیگر چنین امکانی نداشته باشند حرف زدن از #وحدت_ملی چیزی بیشتر از یک لطیفه نیست.,0,0,0,https://x.com/alimojtahedzad3/status/1966440074314215468,2025,9,2025-09-12,تجمع آزادانه و بدون مجوز مقابل دبیرخانه شورای عالی امنیت ملی مصداق بارز #تبعیض_حقوقی و اقلیت سالاری است. تا وقتی گروه‌های اجتماعی دیگر چنین امکانی نداشته باشند حرف زدن از #وحدت_ملی چیزی بیشتر از یک لطیفه نیست.,"Gathering freely and without permission in front of the Secretariat of the Supreme National Security Council is a clear example of #legal_discrimination and minority rule. As long as other social groups do not have such a possibility, talking about #national_unity is nothing more than a joke."
1965828158764233079,alimojtahedzad3,2025-09-10 20:22:11.027,هر اقدامی چون #عفو_عمومی که به بهبود آزادی افراد منجر شود، مثبت است. اما نیاز ایران اقدامات راهبردی برای تثبیت آزادی‌های عمومی است؛ چیزی که حقوق اساسی شهروندان  را تضمین کند. مراجع ذی‌ربط از جمله #دستگاه_قضا  باید به این مهم بیاندیشند و به اقدامات مقطعی و غیرراهبردی بسنده نکنند.,0,0,0,https://x.com/alimojtahedzad3/status/1965828158764233079,2025,9,2025-09-10,هر اقدامی چون #عفو_عمومی که به بهبود آزادی افراد منجر شود، مثبت است. اما نیاز ایران اقدامات راهبردی برای تثبیت آزادی‌های عمومی است؛ چیزی که حقوق اساسی شهروندان  را تضمین کند. مراجع ذی‌ربط از جمله #دستگاه_قضا  باید به این مهم بیاندیشند و به اقدامات مقطعی و غیرراهبردی بسنده نکنند.,"Any action such as a general amnesty that leads to the improvement of people's freedom is positive. But Iran needs strategic measures to stabilize public freedoms; Something that guarantees the basic rights of citizens. The relevant authorities, including the #judicial_apparatus, should think about this and not be satisfied with temporary and non-strategic measures."
1965093699534422060,alimojtahedzad3,2025-09-08 19:43:42.301,به #کوچک‌زاده توصیه می‌کنم یا به بیمارستان فارابی و کلینیک‌های تخصصی چشم مراجعه کند یا به وزارت کشور دولت سابق که اقدام ‌به جبران خسارت از بخشی از شهروندان کرد تا در مورد #ساچمه و آسیب‌های چشمی از جهل خارج شود.,0,0,0,https://x.com/borhanimohsen1/status/1965093699534422060,2025,9,2025-09-08,به #کوچک‌زاده توصیه می‌کنم یا به بیمارستان فارابی و کلینیک‌های تخصصی چشم مراجعه کند یا به وزارت کشور دولت سابق که اقدام ‌به جبران خسارت از بخشی از شهروندان کرد تا در مورد #ساچمه و آسیب‌های چشمی از جهل خارج شود.,"I advise #Kuchakzadeh to either go to Farabi Hospital and specialized eye clinics or to the Ministry of Interior of the former government, which tried to compensate some of the citizens, in order to get out of ignorance about #Sacheme and eye injuries."
2021947421706834105/analytics,alimojtahedzad3,2026-02-12 16:00:05.958,"""זה לא בסדר שארגונים שעוסקים ברווחה או בריאות הופכים את העובדים שלהם למיליונרים"".

חגיגת השכר של הבכירים בארגוני גיוס התרומות לישראל נחשפת - והאם יש קשר בין המיליונים שמגויסים בתרומות ובין שכרו של המנכ""ל?

עיתונאי שומרים 
@shukisadeh
 עם המספרים המלאים >>",0,0,0,https://x.com/HashomrimOrg/status/2021947421706834105/analytics,2026,2,2026-02-12,"""זה לא בסדר שארגונים שעוסקים ברווחה או בריאות הופכים את העובדים שלהם למיליונרים"".

חגיגת השכר של הבכירים בארגוני גיוס התרומות לישראל נחשפת - והאם יש קשר בין המיליונים שמגויסים בתרומות ובין שכרו של המנכ""ל?

עיתונאי שומרים 
@shukisadeh
 עם המספרים המלאים >>","""It is wrong that organizations that deal with welfare or health make their employees millionaires.""

The celebration of the salaries of the senior officials in the fundraising organizations for Israel is revealed - and is there a connection between the millions raised in donations and the CEO's salary?

Guardian journalist 
@shukisadeh
 with the full numbers >>"
1965481959788044541,alimojtahedzad3,2025-09-09 21:26:30.759,ایران کشوری فدرال نیست، قوانین محلی ندارد و همه قوانین وجه ملی دارند. استدلال رئیس پلیس نظارت بر اماکن عمومی استان قم و جلوگیری از صدور مجوز برای کافه‌ها در این استان خلاف ماده 26 قانون  نظام صنفی کشور است و طبق مواد 570 و 576 قانون مجازات اسلامی، جرم و مستوجب پیگرد می‌باشد.,0,0,0,https://x.com/alimojtahedzad3/status/1965481959788044541,2025,9,2025-09-09,ایران کشوری فدرال نیست، قوانین محلی ندارد و همه قوانین وجه ملی دارند. استدلال رئیس پلیس نظارت بر اماکن عمومی استان قم و جلوگیری از صدور مجوز برای کافه‌ها در این استان خلاف ماده 26 قانون  نظام صنفی کشور است و طبق مواد 570 و 576 قانون مجازات اسلامی، جرم و مستوجب پیگرد می‌باشد.,"Iran is not a federal country, it does not have local laws and all laws have a national dimension. The argument of the police chief to monitor public places in Qom province and prevent the issuance of licenses for cafes in this province is against Article 26 of the Trade Union Law of the country, and according to Articles 570 and 576 of the Islamic Penal Code, it is a crime and warrants prosecution."
1964248329061032322,alimojtahedzad3,2025-09-06 11:44:30.274,"گفت‌وگو با حقوقدانان درباره بازداشت ۳ وکیل در رشت
@beyk7777
 

در لینک زیر بخوانید
etemadnewspaper.ir/fa/main/detail
…",0,0,0,https://x.com/EtemadDaily/status/1964248329061032322,2025,9,2025-09-06,"گفت‌وگو با حقوقدانان درباره بازداشت ۳ وکیل در رشت
@beyk7777
 

در لینک زیر بخوانید
etemadnewspaper.ir/fa/main/detail
…","A conversation with lawyers about the arrest of 3 lawyers in Rasht
@beyk7777
 

Read in the link below
etemadnewspaper.ir/fa/main/detail
…"
1963947672743649769,alimojtahedzad3,2025-09-05 15:49:48.222,"وقتی وکیلی به اتهام تبلیغ علیه نظام متهم میشود، به این معنی نیست که به قوانین اشراف نداشته یا سرش بوی قرمه‌سبزی میدهد، بلکه اینقدر نقد را واجب می‌دانسته و گفتنش را برای جامعه ضروری، که دیگر سکوت و عافیت را جایز ندانسته.
ما تا کی سکوت و عافیت را جایز میدانیم؟!
#وکلای_در_معرض_خطر",0,0,0,https://x.com/reza_shafakhah/status/1963947672743649769,2025,9,2025-09-05,"وقتی وکیلی به اتهام تبلیغ علیه نظام متهم میشود، به این معنی نیست که به قوانین اشراف نداشته یا سرش بوی قرمه‌سبزی میدهد، بلکه اینقدر نقد را واجب می‌دانسته و گفتنش را برای جامعه ضروری، که دیگر سکوت و عافیت را جایز ندانسته.
ما تا کی سکوت و عافیت را جایز میدانیم؟!
#وکلای_در_معرض_خطر","When a lawyer is accused of propagandizing against the system, it does not mean that he does not follow the rules of nobility or that his head smells of black and green, but that he considered criticism so much obligatory and saying it is necessary for the society, that silence and peace are no longer allowed.
How long do we consider silence and wellness permissible?!
#lawyers_at_risk_of_danger"
1963605495584850012,alimojtahedzad3,2025-09-04 17:10:06.830,سه #وکیل_دادگستری در #رشت بازداشت شده و نمیدانیم اتهامشان چیست بنا نیست به صرف عدم شناخت از همکارانمان ساکت باشیم و اگر برای شغل خود شرافت قائلیم باید از حقوق همکارانمان دفاع کنیم و خواهان روشن شدن ابهامات باشیم #دستگاه_قضا اتهامات ودلیل   بازداشت وکلا را اعلام کند,0,0,0,https://x.com/alimojtahedzad3/status/1963605495584850012,2025,9,2025-09-04,سه #وکیل_دادگستری در #رشت بازداشت شده و نمیدانیم اتهامشان چیست بنا نیست به صرف عدم شناخت از همکارانمان ساکت باشیم و اگر برای شغل خود شرافت قائلیم باید از حقوق همکارانمان دفاع کنیم و خواهان روشن شدن ابهامات باشیم #دستگاه_قضا اتهامات ودلیل   بازداشت وکلا را اعلام کند,"Three #lawyers have been arrested in #Rasht and we don't know what their charges are. We should not be silent just because we don't know our colleagues. If we respect our jobs, we should defend the rights of our colleagues and demand clarification of the ambiguities."
1962168593681920498,alimojtahedzad3,2025-08-31 18:00:22.720,رفتار وحشیانه مأموران اجرائیات #شهرداری_قزوین در قبال شهروندان که فیلم آن منتشر شده چه تفاوتی با قدرت نمایی اوباش برهم زننده امنیت دارد که برای اولی ظاهرا تنها پرونده قضایی تشکیل شده اما برای دومی به فوریت بساط گرداندن  در محله به راه انداخته میشود!!؟,0,0,0,https://x.com/alimojtahedzad3/status/1962168593681920498,2025,8,2025-08-31,رفتار وحشیانه مأموران اجرائیات #شهرداری_قزوین در قبال شهروندان که فیلم آن منتشر شده چه تفاوتی با قدرت نمایی اوباش برهم زننده امنیت دارد که برای اولی ظاهرا تنها پرونده قضایی تشکیل شده اما برای دومی به فوریت بساط گرداندن  در محله به راه انداخته میشود!!؟,"What is the difference between the brutal behavior of #Qazvin_municipality officials towards the citizens, the video of which has been released, with the show of power of the security-disrupting mob, for the former, apparently, only a court case has been filed, but for the latter, it will be launched as a matter of urgency in the neighborhood!!?"
1961770303895359950,alimojtahedzad3,2025-08-30 15:37:43.035,افراد بی پناه بواسطه داشتن محکومیت اندک کیفری امکان اخذ گواهی عدم سوء پیشینه جهت اشتغال و در آوردن نان خانواده را ندارند اما بحمدالله اخلال گر نظام اقتصادی که محکوم به #اعدام بوده ودر روند پر ابهامی آزاد شده به فوریت امپراطوری خودرا مجددا بنا کرده است #بابک‌زنجانی,0,0,0,https://x.com/alimojtahedzad3/status/1961770303895359950,2025,8,2025-08-30,افراد بی پناه بواسطه داشتن محکومیت اندک کیفری امکان اخذ گواهی عدم سوء پیشینه جهت اشتغال و در آوردن نان خانواده را ندارند اما بحمدالله اخلال گر نظام اقتصادی که محکوم به #اعدام بوده ودر روند پر ابهامی آزاد شده به فوریت امپراطوری خودرا مجددا بنا کرده است #بابک‌زنجانی,"Homeless people, due to having a minor criminal conviction, do not have the possibility to obtain a certificate of no bad background for employment and to earn bread for the family, but thank God, the disruptor of the economic system, who was sentenced to #death and was released in an ambiguous process, has urgently rebuilt his empire #Babak Zanjani"
1961140604995354706,alimojtahedzad3,2025-08-28 21:55:31.118,گویا آقایان اساسا از مرحله پرت هستند که عنوان میکنند #اسنپ_بک را به رسمیت نمیشناسیم این حرف مثل این میماند که کسی که‌ محکوم به حبس یا مجازات قطعی شده دیگری شده باشد بگوید دادگاه صالح به رسیدگی نبوده یا مجازات ناعادلانه است اما به هر حال حکم در قبالش اجرا خواهد شد.بیچاره ملت,0,0,0,https://x.com/alimojtahedzad3/status/1961140604995354706,2025,8,2025-08-28,گویا آقایان اساسا از مرحله پرت هستند که عنوان میکنند #اسنپ_بک را به رسمیت نمیشناسیم این حرف مثل این میماند که کسی که‌ محکوم به حبس یا مجازات قطعی شده دیگری شده باشد بگوید دادگاه صالح به رسیدگی نبوده یا مجازات ناعادلانه است اما به هر حال حکم در قبالش اجرا خواهد شد.بیچاره ملت,"It seems that the gentlemen are fundamentally out of step when they claim that we do not recognize #snapback. This is like a person who has been sentenced to imprisonment or another definite punishment saying that the court did not have jurisdiction or that the punishment was unfair, but the sentence will be carried out against him anyway. Poor nation."
1961023151095103577,alimojtahedzad3,2025-08-28 14:08:47.926,امثال #عراقچی و رئیس ایشان آقای #پزشکیان فردا  نمیتوانند بهانه نیاورند که ما اختیاری نداشتیم برای #مذاکرات چرا که با ساختار سیاسی کشور کاملا آشنا بوده و با علم به این موضوع وارد میدان شدند واین روزها تفاوت معناداری میان اینان با #سعید_جلیلی وجود ندارد,0,0,0,https://x.com/alimojtahedzad3/status/1961023151095103577,2025,8,2025-08-28,امثال #عراقچی و رئیس ایشان آقای #پزشکیان فردا  نمیتوانند بهانه نیاورند که ما اختیاری نداشتیم برای #مذاکرات چرا که با ساختار سیاسی کشور کاملا آشنا بوده و با علم به این موضوع وارد میدان شدند واین روزها تفاوت معناداری میان اینان با #سعید_جلیلی وجود ندارد,"The likes of #Iraqchi and his boss, Mr. #Medicians, will not be able to excuse tomorrow that we did not have authority for #negotiations because they are fully familiar with the political structure of the country and entered the field with knowledge, and these days there is no meaningful difference between them and #Saeed_Jalili."
1960996653789290503,alimojtahedzad3,2025-08-28 12:23:30.476,اگر دلیلی واقعی استعفای مشاور وزیر خارجه و احضار عضو مجمع تشخیص به دادسرا، اظهارات آقای #صدر درباره #روسیه باشد، اتفاق تاسف‌باری است. خصوصا در شرایطی که عده‌ای علنا بسیاری از شخصیت‌های کشور واز جمله رئیس جمهوری را به خیانت وجاسوسی متهم می‌کنند و کسی نمی‌گوید بالای چشمتان ابروست.,0,0,0,https://x.com/alimojtahedzad3/status/1960996653789290503,2025,8,2025-08-28,اگر دلیلی واقعی استعفای مشاور وزیر خارجه و احضار عضو مجمع تشخیص به دادسرا، اظهارات آقای #صدر درباره #روسیه باشد، اتفاق تاسف‌باری است. خصوصا در شرایطی که عده‌ای علنا بسیاری از شخصیت‌های کشور واز جمله رئیس جمهوری را به خیانت وجاسوسی متهم می‌کنند و کسی نمی‌گوید بالای چشمتان ابروست.,"If the real reason for the resignation of the adviser to the foreign minister and the summoning of the member of the recognition panel to the courthouse is Mr. #Sadr's statements about #Russia, it is an unfortunate incident. Especially in a situation where some people publicly accuse many personalities of the country, including the president, of treason and espionage, and no one says that there is a cloud over your eye."
1959591496862117890,alimojtahedzad3,2025-08-24 15:19:54.958,"جمله‌ای از نماینده ۴درصدی با سابقه مجری‌گری به وزیرنفت:  ”این در حالی است که در کارنامه قبادیان حتی یک روز سابقه در حوزه نفت و انرژی وجود ندارد و مشخص نیست با فشار و سفارش چه افرادی این صندلی را غصب کرده است.“

بخشی از سوابق همسرم، برات قبادیان:

دکترای مهندسی مکانیک (گرایش",0,0,0,https://x.com/P_Salahshouri/status/1959591496862117890,2025,8,2025-08-24,"جمله‌ای از نماینده ۴درصدی با سابقه مجری‌گری به وزیرنفت:  ”این در حالی است که در کارنامه قبادیان حتی یک روز سابقه در حوزه نفت و انرژی وجود ندارد و مشخص نیست با فشار و سفارش چه افرادی این صندلی را غصب کرده است.“

بخشی از سوابق همسرم، برات قبادیان:

دکترای مهندسی مکانیک (گرایش","A statement from a 4% representative with executive experience to the Minister of Oil: ""This is despite the fact that there is not even a single day of experience in the field of oil and energy in Ghobadian's record, and it is not clear who has usurped this seat by pressure and orders.""

Part of my wife's records, Barat Qabadian:

PhD in mechanical engineering (grad"
1959527668476424307,alimojtahedzad3,2025-08-24 11:06:17.085,این نماینده چند درصدی نه فهمی از تحولات  اجتماعی دارد و نه درکی از جایگاه #قضاوت و نمیدانند که اکثریت قاطع قضات و کارکنان #قوه_قضائیه هم‌  خوشبختانه غارنشین نیستند وزندگی همچون سایر افراد جامعه دارند متاسفانه این #مجلس  است که به دلیل حضور برخی افرادبازیچه دست کودکان شده است,0,0,0,https://x.com/alimojtahedzad3/status/1959527668476424307,2025,8,2025-08-24,این نماینده چند درصدی نه فهمی از تحولات  اجتماعی دارد و نه درکی از جایگاه #قضاوت و نمیدانند که اکثریت قاطع قضات و کارکنان #قوه_قضائیه هم‌  خوشبختانه غارنشین نیستند وزندگی همچون سایر افراد جامعه دارند متاسفانه این #مجلس  است که به دلیل حضور برخی افرادبازیچه دست کودکان شده است,This representative of a few percent has no understanding of social developments and no understanding of the position of the #judiciary and they do not know that the overwhelming majority of judges and employees of the #judiciary are fortunately not cave dwellers and live like other members of the society.
1959239588062302649,alimojtahedzad3,2025-08-23 16:01:33.362,"وکالت حقوق بشری صرفا پذیرش دفاع از زندانیان سیاسی نیست؛
حقوق اولیه بشر، شامل حق داشتن هویت و برخورداری از اوراق هویت از همه مهمتر است که با حضور وکلای شریفی مانند پرتو برهانپور محقق میشود.
پرتو جان عزیز، خداقوت و تبریک بابت گرفتن شناسنامه‌های خانواده‌های مددجو. 
@PartoBorhanpour",0,0,0,https://x.com/reza_shafakhah/status/1959239588062302649,2025,8,2025-08-23,"وکالت حقوق بشری صرفا پذیرش دفاع از زندانیان سیاسی نیست؛
حقوق اولیه بشر، شامل حق داشتن هویت و برخورداری از اوراق هویت از همه مهمتر است که با حضور وکلای شریفی مانند پرتو برهانپور محقق میشود.
پرتو جان عزیز، خداقوت و تبریک بابت گرفتن شناسنامه‌های خانواده‌های مددجو. 
@PartoBorhanpour","Advocacy for human rights is not just accepting the defense of political prisoners;
The basic human rights include the right to have an identity and having identity documents is the most important thing that can be realized with the presence of honorable lawyers like Parto Burhanpour.
Dear Partojan, God bless you and congratulations on getting the birth certificates of the families of the applicants. 
@PartoBorhanpour"
1958864410300051764,alimojtahedzad3,2025-08-22 15:10:44.013,وقتی که آقای #احمد_خاتمی که نماینده تفکر چند درصدی و البته حاکم بر جامعه است  از تریبون نماز جمعه سخن صحیح و صریح #استاندار_مازندران که حرف دل اکثریت خاموش و بی قدرت جامعه است را صراحتا اراجیف مینامدازاهل قدرت  توقع تغییر وقبول واقعیات جامعه دور از منطق است,0,0,0,https://x.com/alimojtahedzad3/status/1958864410300051764,2025,8,2025-08-22,وقتی که آقای #احمد_خاتمی که نماینده تفکر چند درصدی و البته حاکم بر جامعه است  از تریبون نماز جمعه سخن صحیح و صریح #استاندار_مازندران که حرف دل اکثریت خاموش و بی قدرت جامعه است را صراحتا اراجیف مینامدازاهل قدرت  توقع تغییر وقبول واقعیات جامعه دور از منطق است,"When Mr. Ahmed Khatami, who is a representative of the few percent thinking and of course the ruler of the society, from the platform of Friday prayers, the correct and clear words of the #Estandar_Mazandaran, who is the voice of the silent and powerless majority of the society, openly criticizes the people of power to expect change and accept the realities of the society is far from logic."
1958422828430000633,alimojtahedzad3,2025-08-21 09:56:02.691,حضور یک یا دو نفر در قدرت، دولت را اصلاح‌طلب نمیکند اصلاح‌طلبی یعنی تغییر سیاست‌ و کارکرد.اصلاح‌طلب بودن یعنی دفاع از #صلح نمیتوان اصلاح‌طلب بود و هزینه‌ جنگ‌طلبی بر مردم را نادیده گرفت #اصلاح‌طلبی یعنی ایستادن در برابر #جنگ‌طلبی و عدم تکرار اشتباهات گذشته. اصلاح واقعی همین سیستم,0,0,0,https://x.com/e_asgharzadeh/status/1958422828430000633,2025,8,2025-08-21,حضور یک یا دو نفر در قدرت، دولت را اصلاح‌طلب نمیکند اصلاح‌طلبی یعنی تغییر سیاست‌ و کارکرد.اصلاح‌طلب بودن یعنی دفاع از #صلح نمیتوان اصلاح‌طلب بود و هزینه‌ جنگ‌طلبی بر مردم را نادیده گرفت #اصلاح‌طلبی یعنی ایستادن در برابر #جنگ‌طلبی و عدم تکرار اشتباهات گذشته. اصلاح واقعی همین سیستم,The presence of one or two people in power does not make the government reformist. Reformism means changing policies and functions. Being reformist means defending peace. You cannot be reformist and ignore the cost of war on the people. Reformism means standing against war and not repeating past mistakes. The actual modification of this system
1958105922133192865,alimojtahedzad3,2025-08-20 12:56:46.342,"در پاسخ به فراخوان رئیس ق.ق برای ارائه پیشنهادات جهت اصلاح قوانین حوزه #رسانه نوشتم که هر تغییری بدون تضمین #آزادی_بیان، شفافیت و رفع انحصار منجر به نتیجه نخواهد شد.مضافا اینکه برخی موانع مثل عدم تشکیل هیات منصفه ودادگاه‌های علنی نیازمند تغییر قانون نیست.
hammihanonline.ir/%D8%A8%D8%AE%D
…",0,0,0,https://x.com/alimojtahedzad3/status/1958105922133192865,2025,8,2025-08-20,"در پاسخ به فراخوان رئیس ق.ق برای ارائه پیشنهادات جهت اصلاح قوانین حوزه #رسانه نوشتم که هر تغییری بدون تضمین #آزادی_بیان، شفافیت و رفع انحصار منجر به نتیجه نخواهد شد.مضافا اینکه برخی موانع مثل عدم تشکیل هیات منصفه ودادگاه‌های علنی نیازمند تغییر قانون نیست.
hammihanonline.ir/%D8%A8%D8%AE%D
…","In response to the call of the head of Q.Q. to submit proposals to amend the laws of the #media field, I wrote that any change without guaranteeing #freedom of expression, transparency, and eliminating monopoly will not lead to results. In addition, some obstacles such as the lack of formation of juries and public courts do not require a change in the law.
hammihanonline.ir/%D8%A8%D8%AE%D
…"
1956755690393157722,alimojtahedzad3,2025-08-16 19:31:26.009,"هجمه‌ها علیه #استاندار_مازندران، دکتر یونسی، پزشک و سیاستمدار، از ترس فروپاشی سلطه‌ی پوشالی‌شان است. ساختار معیوب به آن‌ها مجال رشد داده است. 
هرگونه کوتاه‌آمدن #پزشکیان دولتش را بیش‌تر در مقابل این فرقه‌ی پرهیاهو تضعیف می‌کند.",0,0,0,https://x.com/P_Salahshouri/status/1956755690393157722,2025,8,2025-08-16,"هجمه‌ها علیه #استاندار_مازندران، دکتر یونسی، پزشک و سیاستمدار، از ترس فروپاشی سلطه‌ی پوشالی‌شان است. ساختار معیوب به آن‌ها مجال رشد داده است. 
هرگونه کوتاه‌آمدن #پزشکیان دولتش را بیش‌تر در مقابل این فرقه‌ی پرهیاهو تضعیف می‌کند.","The attacks against the #Governor of Mazandaran, Dr. Yunsi, a doctor and politician, are for fear of the collapse of their fake rule. The flawed structure has allowed them to grow. 
Any shortage of doctors weakens his government more against this noisy sect."
2013225426278363271/analytics,alimojtahedzad3,2026-01-19 14:22:00.201,"בעלי עסקים? bizi מציעה לכם מסגרת אשראי של  עד 500,000 ₪ בפריים + 2% במודל דיגיטלי ייחודי:

קליק אחד ובלי לצאת מהמשרד. בלי הבנק ובלי רואה החשבון. יעיל, מהיר ופשוט

לפרטים לחצו עכשיו>

*מותנה במחזור חודשי של 60,000 ש""ח ומעלה
*היסטוריית אשראי נקייה
*מעל לשנתיים של פעילות",0,0,0,https://x.com/BiziFinance/status/2013225426278363271/analytics,2026,1,2026-01-19,"בעלי עסקים? bizi מציעה לכם מסגרת אשראי של  עד 500,000 ₪ בפריים + 2% במודל דיגיטלי ייחודי:

קליק אחד ובלי לצאת מהמשרד. בלי הבנק ובלי רואה החשבון. יעיל, מהיר ופשוט

לפרטים לחצו עכשיו>

*מותנה במחזור חודשי של 60,000 ש""ח ומעלה
*היסטוריית אשראי נקייה
*מעל לשנתיים של פעילות","Business owners? bizi offers you a credit limit of up to NIS 500,000 in prime + 2% in a unique digital model:

One click and without leaving the office. Without the bank and without the accountant. Efficient, fast and simple

Click now> for details

* Conditional on a monthly turnover of NIS 60,000 or more
*Clean credit history
*Over two years of activity"
1956726683995607265,alimojtahedzad3,2025-08-16 17:36:10.345,سخنان #استاندار_مازندران حقیقتی است که مسئولان زیادی در خفا مطرح می‌کنند، اما ترس از به خطر افتادن منافع‌ مانع بازگویی علنی آن می‌شود. ایران نیازمند گسترش این صراحت لهجه و نفی پنهانکاری واقعیت است. امیدواریم شاهد حمایت تمام قدآقای #پزشکیان از استاندارش در مقابل تندروها باشیم.,0,0,0,https://x.com/alimojtahedzad3/status/1956726683995607265,2025,8,2025-08-16,سخنان #استاندار_مازندران حقیقتی است که مسئولان زیادی در خفا مطرح می‌کنند، اما ترس از به خطر افتادن منافع‌ مانع بازگویی علنی آن می‌شود. ایران نیازمند گسترش این صراحت لهجه و نفی پنهانکاری واقعیت است. امیدواریم شاهد حمایت تمام قدآقای #پزشکیان از استاندارش در مقابل تندروها باشیم.,"The words of #Governor_Mazandaran are the truth that many officials raise in secret, but the fear of jeopardizing their interests prevents them from telling it publicly. Iran needs to expand this frankness of accent and deny the concealment of reality. We hope to see the full support of Mr. #Medicians for his governor against the extremists."
1956443175632945505,alimojtahedzad3,2025-08-15 22:49:36.684,ای کاش شهامت و‌ جسارت #استاندار_مازندران برای اهل #دولت واگیر دار باشد,0,0,0,https://x.com/alimojtahedzad3/status/1956443175632945505,2025,8,2025-08-15,ای کاش شهامت و‌ جسارت #استاندار_مازندران برای اهل #دولت واگیر دار باشد,I wish the bravery of the #Governor of Mazandaran would be contagious to the people of the #government
1956396932798308360,alimojtahedzad3,2025-08-15 19:45:51.533,"تحسین برانگیز است که نمایندهٔ عالی دولت با صراحت و بدون لکنت اعلام می‌کند: وظیفهٔ حکومت، توجه به معیشت مردم است، نه دخالت در نوع پوشش افراد.
باید از مواضعِ چنین سیاست‌گذاران شجاع و ایران‌دوستی در برابر تندروها دفاع کرد.
#استاندار_مازندران",0,0,0,https://x.com/HSelahvarzi/status/1956396932798308360,2025,8,2025-08-15,"تحسین برانگیز است که نمایندهٔ عالی دولت با صراحت و بدون لکنت اعلام می‌کند: وظیفهٔ حکومت، توجه به معیشت مردم است، نه دخالت در نوع پوشش افراد.
باید از مواضعِ چنین سیاست‌گذاران شجاع و ایران‌دوستی در برابر تندروها دفاع کرد.
#استاندار_مازندران","It is admirable that the high representative of the government declares clearly and without stuttering: the duty of the government is to pay attention to the livelihood of the people, not to interfere in the type of clothing of the people.
The positions of such brave and Iran-friendly policymakers should be defended against the extremists.
#Governor of Mazandaran"
1955687357732008413,alimojtahedzad3,2025-08-13 20:46:15.654,من با افتخار با رای مردم نماینده شدم. با افتخار در کشورم زندگی میکنم. برای نجات کشورم دل در گرو جنایتکاران بیگانه نبسته‌ام. زندان در همین نظام و حتی مرگ برایم قابل قبول  است تا اینکه رژیم جنایتکار اسرائیل برایمان  مانند عده‌ای نقش منجی را داشته باشد.,0,0,0,https://x.com/P_Salahshouri/status/1955687357732008413,2025,8,2025-08-13,من با افتخار با رای مردم نماینده شدم. با افتخار در کشورم زندگی میکنم. برای نجات کشورم دل در گرو جنایتکاران بیگانه نبسته‌ام. زندان در همین نظام و حتی مرگ برایم قابل قبول  است تا اینکه رژیم جنایتکار اسرائیل برایمان  مانند عده‌ای نقش منجی را داشته باشد.,"I was proudly represented by the people's vote. I live with pride in my country. To save my country, I have not given my heart to foreign criminals. Prison in this system and even death are acceptable to me until the criminal regime of Israel plays the role of savior for us like some people."
1955364776777060717,alimojtahedzad3,2025-08-12 23:24:26.361,وقتی بدلیل ناکارآمدی اکثریت ملت  ناراضی باشند  و خود را حامی حاکمیت ندانند جنایتکار خون آشامی چون #نتانیاهو  هم به خود اجازه میدهد برای ملت بزرگ #ایران تعیین تکلیف کند. آقایان تا دیر تر نشده فکری کنید,0,0,0,https://x.com/alimojtahedzad3/status/1955364776777060717,2025,8,2025-08-12,وقتی بدلیل ناکارآمدی اکثریت ملت  ناراضی باشند  و خود را حامی حاکمیت ندانند جنایتکار خون آشامی چون #نتانیاهو  هم به خود اجازه میدهد برای ملت بزرگ #ایران تعیین تکلیف کند. آقایان تا دیر تر نشده فکری کنید,"When the majority of the nation is unhappy due to the inefficiency and does not consider itself a supporter of the government, a vampiric criminal like #Netanyahu allows himself to set a task for the great nation of #Iran. Gentlemen, think before it's too late"
1955242695892566299,alimojtahedzad3,2025-08-12 15:19:20.010,"۸۰ درصد نیروهای شریف و زحمتکش پاکبان ردمرز شده‌اند؛
#حقوق_مهاجرین",0,0,0,https://x.com/reza_shafakhah/status/1955242695892566299,2025,8,2025-08-12,"۸۰ درصد نیروهای شریف و زحمتکش پاکبان ردمرز شده‌اند؛
#حقوق_مهاجرین","80% of the noble and hard-working forces of Pakban have crossed the border;
#immigrants' rights"
1955250380675162206,alimojtahedzad3,2025-08-12 15:49:52.205,دلیل اینکه فهرست #زندانیان_سیاسی روی کاغذ زیاد نیست این است که قانون «جرم سیاسی» در اکثر دادگاه ها نادیده گرفته می‌شود و متهمان تحت عناوین «امنیتی» محاکمه می‌شوند. اگر دستگاه قضایی نیاز به مصداق داشته باشد، می‌شودلیست بلندی از زندانیان سیاسی را ارائه کرد.,0,0,0,https://x.com/alimojtahedzad3/status/1955250380675162206,2025,8,2025-08-12,دلیل اینکه فهرست #زندانیان_سیاسی روی کاغذ زیاد نیست این است که قانون «جرم سیاسی» در اکثر دادگاه ها نادیده گرفته می‌شود و متهمان تحت عناوین «امنیتی» محاکمه می‌شوند. اگر دستگاه قضایی نیاز به مصداق داشته باشد، می‌شودلیست بلندی از زندانیان سیاسی را ارائه کرد.,"The reason that the list of #political_prisoners is not much on paper is that the ""political crime"" law is ignored in most courts and the accused are tried under ""security"" headings. If the judicial system needs an example, a long list of political prisoners can be presented."
1955210662810144940,alimojtahedzad3,2025-08-12 13:12:02.728,#زندانیان_سیاسی را همچون اینترنت،طبقاتی نکنید.فهرست همه آنها شامل افراد بی کس از شهرهای مختلف برای شورای امنیت کشور معلوم است.تا حد امکان جرم انگاری امنیتی آنها را تغییر داده و به آغوش خانواده بازگردانید.,0,0,0,https://x.com/drfalahatpishe/status/1955210662810144940,2025,8,2025-08-12,#زندانیان_سیاسی را همچون اینترنت،طبقاتی نکنید.فهرست همه آنها شامل افراد بی کس از شهرهای مختلف برای شورای امنیت کشور معلوم است.تا حد امکان جرم انگاری امنیتی آنها را تغییر داده و به آغوش خانواده بازگردانید.,Don't categorize political prisoners like the internet. The list of all of them includes homeless people from different cities is known to the country's security council. Change their security criminalization as much as possible and bring them back to their families.
1954586095217176634,alimojtahedzad3,2025-08-10 19:50:14.210,با توجه به اطلاع از لیست‌های ارائه شده این حرف موجب شگفتی بود.ظاهرا می‌خواهند بگویند اینها زندانی سیاسی نیستند و ما زندانی سیاسی نداریم. اگر لازم بدانند و بخوانند،دهها نوشته درباره تفاوت زندانی سیاسی و امنیتی را برایشان ارسال می‌کنیم. انکار وجود زندانی سیاسی واقعیت را عوض نمی کند,0,0,0,https://x.com/emadeddinbaghi/status/1954586095217176634,2025,8,2025-08-10,با توجه به اطلاع از لیست‌های ارائه شده این حرف موجب شگفتی بود.ظاهرا می‌خواهند بگویند اینها زندانی سیاسی نیستند و ما زندانی سیاسی نداریم. اگر لازم بدانند و بخوانند،دهها نوشته درباره تفاوت زندانی سیاسی و امنیتی را برایشان ارسال می‌کنیم. انکار وجود زندانی سیاسی واقعیت را عوض نمی کند,"Considering the information about the lists presented, this was surprising. Apparently, they want to say that these are not political prisoners and we do not have political prisoners. If they need to know and read, we will send them dozens of articles about the difference between political and security prisoners. Denying the existence of a political prisoner does not change the reality"
1954572054151262238,alimojtahedzad3,2025-08-10 18:54:26.559,نمیتوان پذیرفت که جناب #اژه_ای اسامی #زندانیان_سیاسی را واقعا طلب میکنند و نمی یابند!!! و باور نمیکنم سخن ایشان  جدی باشد چرا که لیست اسامی بسیار طولانی است اما جهت آگاهی چند نفر از سرشناس ترینها را به حضورشان معرفی میکنیم   #مصطفی_تاجزاده #ابوالفضل_قدیانی #مهدی_محمودیان,0,0,0,https://x.com/alimojtahedzad3/status/1954572054151262238,2025,8,2025-08-10,نمیتوان پذیرفت که جناب #اژه_ای اسامی #زندانیان_سیاسی را واقعا طلب میکنند و نمی یابند!!! و باور نمیکنم سخن ایشان  جدی باشد چرا که لیست اسامی بسیار طولانی است اما جهت آگاهی چند نفر از سرشناس ترینها را به حضورشان معرفی میکنیم   #مصطفی_تاجزاده #ابوالفضل_قدیانی #مهدی_محمودیان,"It can't be accepted that Mr. Ajhe is really asking for the names of political prisoners and not finding them!!! And I don't believe that his words are serious, because the list of names is very long, but for the sake of information, we will introduce some of the most famous people to their presence."
1954495093739536807,alimojtahedzad3,2025-08-10 13:48:37.767,اگر آمار شهادت محیط بانان ایران بسیار بالاست، اگر تخریب منابع طبیعی ما وضعیتی بحرانی دارد، اگر سایه خطر بالای سر اکوسیستم کشور سنگینی می‌کند به این دلیل است که حوزه محیط زیست از نظر حقوقی بی‌پناه است و قدرت خاصی متناسب با اهمیت این حوزه به آن اعطا نشده.,0,0,0,https://x.com/alimojtahedzad3/status/1954495093739536807,2025,8,2025-08-10,اگر آمار شهادت محیط بانان ایران بسیار بالاست، اگر تخریب منابع طبیعی ما وضعیتی بحرانی دارد، اگر سایه خطر بالای سر اکوسیستم کشور سنگینی می‌کند به این دلیل است که حوزه محیط زیست از نظر حقوقی بی‌پناه است و قدرت خاصی متناسب با اهمیت این حوزه به آن اعطا نشده.,"If the number of martyrdom of Iranian environmentalists is very high, if the destruction of our natural resources is in a critical situation, if the shadow of danger hangs over the head of the country's ecosystem, it is because the field of the environment is legally helpless and no special power has been granted to it in accordance with the importance of this field."
1954128652217577867,alimojtahedzad3,2025-08-09 13:32:31.300,"امثال بابک زنجانی طبق اخبار، در دوران حبس سوئیتی خود، رفت و آمد میکنن و با مدیران بانک مرکزی جلسه میگذارن و حالا هم که در بیرون زندان، برگشتن به روزهای اوج خود.
آن وقت پیرمرد ۸۰ساله شریفی همچون #ابوالفضل_قدیانی برای اظهارنظر، باید با دستبند و پابند راهی این زندان و آن زندان شوند!",0,0,0,https://x.com/reza_shafakhah/status/1954128652217577867,2025,8,2025-08-09,"امثال بابک زنجانی طبق اخبار، در دوران حبس سوئیتی خود، رفت و آمد میکنن و با مدیران بانک مرکزی جلسه میگذارن و حالا هم که در بیرون زندان، برگشتن به روزهای اوج خود.
آن وقت پیرمرد ۸۰ساله شریفی همچون #ابوالفضل_قدیانی برای اظهارنظر، باید با دستبند و پابند راهی این زندان و آن زندان شوند!","According to the news, the likes of Babak Zanjani go back and forth and have meetings with Central Bank managers during their imprisonment, and now that they are out of prison, they are back to their peak days.
At that time, an honorable 80-year-old man like #Abulfazl_Qadiani should go to this prison and that prison with handcuffs and handcuffs!"
1953867160939298994,alimojtahedzad3,2025-08-08 20:13:26.921,"به اسیر کن مدارا...

اخباری که از ضرب و شتم #زندانیان_سیاسی در زمان انتقال به گوش می‌رسد نه فقط حمل بر اقتدار قضایی نیست بلکه پیام‌ مظلومیت این عزیزان  است. نفع چنین اقداماتی تا امروز برای نظام قضایی واقعا چه بوده است؟؟ چنین اقداماتی در راستای ایجاد اتحاد و انسجام ملی است!!؟",0,0,0,https://x.com/alimojtahedzad3/status/1953867160939298994,2025,8,2025-08-08,"به اسیر کن مدارا...

اخباری که از ضرب و شتم #زندانیان_سیاسی در زمان انتقال به گوش می‌رسد نه فقط حمل بر اقتدار قضایی نیست بلکه پیام‌ مظلومیت این عزیزان  است. نفع چنین اقداماتی تا امروز برای نظام قضایی واقعا چه بوده است؟؟ چنین اقداماتی در راستای ایجاد اتحاد و انسجام ملی است!!؟","Capturing tolerance...

The news that is heard about the beating of #political_prisoners during the transfer is not only an attack on judicial authority, but also a message of the oppression of these loved ones. What has been the benefit of such actions for the judicial system so far? Such actions are aimed at creating unity and national unity!!?"
1953047382897168612,alimojtahedzad3,2025-08-06 13:55:56.605,از کاریکاتور #هادی_حیدری با سختگیری عجیب برداشت توهین به مردم میشود و #دادستان اعلام جرم میکند ول بحمدالله از لا طائلات #سعید_جلیلی در خصوص گوساله پرستی بنی اسرائیل و قیاسش با زمان حال بوی توهین به مشام نمیرسد,0,0,0,https://x.com/alimojtahedzad3/status/1953047382897168612,2025,8,2025-08-06,از کاریکاتور #هادی_حیدری با سختگیری عجیب برداشت توهین به مردم میشود و #دادستان اعلام جرم میکند ول بحمدالله از لا طائلات #سعید_جلیلی در خصوص گوساله پرستی بنی اسرائیل و قیاسش با زمان حال بوی توهین به مشام نمیرسد,"From the cartoon of #Hadi_Heidari, people are insulted with strange strictness, and the #prosecutor declares a crime, but thank God, there is no smell of insult from #Saeed_Jalili's comments regarding the calf worship of the Israelites and its comparison with the present time."
1953047737835938111,alimojtahedzad3,2025-08-06 13:57:21.229,ولی,0,0,0,https://x.com/alimojtahedzad3/status/1953047737835938111,2025,8,2025-08-06,ولی,but
1952790436520837296,alimojtahedzad3,2025-08-05 20:54:55.815,دوبار اتهام اقدام در راستای تقویت رژیم صهیونیستی را شنیده ام‌ یک بار در خصوص مجله دیدار نیوز که مدیرش از رزمندگان دفاع مقدس بوده و دیگری حسن یونسی .در هردو موردحتی طرح چنین اتهامی راتوهین به شخصیت آنان میدانم بابرچسب حمایت از #اسرائیل دوستان را دل شکسته و دشمنان را شاد نکنیم,0,0,0,https://x.com/alimojtahedzad3/status/1952790436520837296,2025,8,2025-08-05,دوبار اتهام اقدام در راستای تقویت رژیم صهیونیستی را شنیده ام‌ یک بار در خصوص مجله دیدار نیوز که مدیرش از رزمندگان دفاع مقدس بوده و دیگری حسن یونسی .در هردو موردحتی طرح چنین اتهامی راتوهین به شخصیت آنان میدانم بابرچسب حمایت از #اسرائیل دوستان را دل شکسته و دشمنان را شاد نکنیم,"I have heard two accusations of acting in the direction of strengthening the Zionist regime, once regarding the Didar News magazine, whose editor is a warrior of the holy defense, and the other Hassan Younisi."
1952436335257821366,alimojtahedzad3,2025-08-04 21:27:51.495,"براساس بخش‌نامه مورخ ۱۴۰۳/۰۲/۲۳ معاون اول قوه قضاییه مسدودسازی کدملی برای «محکومان» فاقد وجاهت قانونی است.
براساس استدلالات دقیق مندرج در بخش‌نامه و به طریق اولی #مسدودسازی_سیم‌کارت برای «متهم»، «مظنون» و «شهروندی که نه متهم است و نه مظنون» قطعاً فاقد وجاهت قانونی است.",0,0,0,https://x.com/borhanimohsen1/status/1952436335257821366,2025,8,2025-08-04,"براساس بخش‌نامه مورخ ۱۴۰۳/۰۲/۲۳ معاون اول قوه قضاییه مسدودسازی کدملی برای «محکومان» فاقد وجاهت قانونی است.
براساس استدلالات دقیق مندرج در بخش‌نامه و به طریق اولی #مسدودسازی_سیم‌کارت برای «متهم»، «مظنون» و «شهروندی که نه متهم است و نه مظنون» قطعاً فاقد وجاهت قانونی است.","According to the circular dated 02/23/1403 of the first deputy of the judiciary, the blocking of the national code for ""convicts"" has no legal basis.
Based on the detailed arguments contained in the circular and in the first way, blocking SIM cards for ""accused"", ""suspect"" and ""citizen who is neither an accused nor a suspect"" definitely has no legal basis."
1952300408078029277,alimojtahedzad3,2025-08-04 12:27:43.930,شأن و منزلت #دادستان_کل_کشور ایجاب میکند مدافع حقوق عامه و ملجأ شهروندان بی پناه باشد اما شاهدیم در اقدامی خلاف قانون و نامشروع سیم کارت شهروندان توسط معاونت فضای مجازی دادستان کل قطع و خلق الله به اجبار و اکراه به منظور وصل سیم کارت خود مجبور به حذف پستهای انتقادی می‌شوند,0,0,0,https://x.com/alimojtahedzad3/status/1952300408078029277,2025,8,2025-08-04,شأن و منزلت #دادستان_کل_کشور ایجاب میکند مدافع حقوق عامه و ملجأ شهروندان بی پناه باشد اما شاهدیم در اقدامی خلاف قانون و نامشروع سیم کارت شهروندان توسط معاونت فضای مجازی دادستان کل قطع و خلق الله به اجبار و اکراه به منظور وصل سیم کارت خود مجبور به حذف پستهای انتقادی می‌شوند,"The dignity of the #Attorney General of the country requires him to be a defender of public rights and a refuge for the helpless citizens, but we are witnessing that in an illegal and illegal act, the citizens' SIM cards are cut off by the deputy attorney general's virtual space, and by God's creation, they are forced to delete critical posts in order to connect their SIM cards."
1951546981542760893,alimojtahedzad3,2025-08-02 10:33:53.046,"مگر دادگاه مهمانسراست که به ارباب رجوع گفته میشود قاضی مهمان دارد ! 
بعضا تا یک ساعت جلسه دادگاه به تعویق می افتد یا مردم برای یک دستور باید معطل بمانند به خاطر اینکه یک نفر از همکاران قضایی یا همکلاسی دوران دانشگاه رفته داخل شعبه برای گپ و گفت با قاضی و صرف چای ! 
جالب است نصب",0,0,0,https://x.com/sajjadtavasoli/status/1951546981542760893,2025,8,2025-08-02,"مگر دادگاه مهمانسراست که به ارباب رجوع گفته میشود قاضی مهمان دارد ! 
بعضا تا یک ساعت جلسه دادگاه به تعویق می افتد یا مردم برای یک دستور باید معطل بمانند به خاطر اینکه یک نفر از همکاران قضایی یا همکلاسی دوران دانشگاه رفته داخل شعبه برای گپ و گفت با قاضی و صرف چای ! 
جالب است نصب","Is the court hospitable when the client is told that the judge has a guest? 
Sometimes the court session is postponed for an hour or people have to wait for an order because one of the judicial colleagues or a classmate from the university went into the branch to chat with the judge and have tea! 
It is interesting to install"
1951572811861876872,alimojtahedzad3,2025-08-02 12:16:31.474,#لایحه_خفقان صرفا یک اشتباه نبود که بشود جبرانش را به استرداد از مجلس تخفیف داد. این لایحه نشانه وجود اشکالات ساختاری بنیادینی در فرآیندهای تصمیم‌گیری #دولت است که عدم توجه به آنها می‌تواند آثاری ویران‌کننده داشته باشد و مدیریتی پرخطا را بر دولت حاکم کند.,0,0,0,https://x.com/alimojtahedzad3/status/1951572811861876872,2025,8,2025-08-02,#لایحه_خفقان صرفا یک اشتباه نبود که بشود جبرانش را به استرداد از مجلس تخفیف داد. این لایحه نشانه وجود اشکالات ساختاری بنیادینی در فرآیندهای تصمیم‌گیری #دولت است که عدم توجه به آنها می‌تواند آثاری ویران‌کننده داشته باشد و مدیریتی پرخطا را بر دولت حاکم کند.,"#Khafkan bill was not just a mistake that can be compensated by extradition from the parliament. This bill is a sign of the existence of fundamental structural problems in the government's decision-making processes, which failure to pay attention to them can have devastating effects and rule the government with error-prone management."
1950445202281234766,alimojtahedzad3,2025-07-30 09:35:48.400,استرداد تشکر دارد؟ نه،ضرورتی برای تشکر نیست.استرداد لایحه عقب‌نشینی ازیک خطای حقوقی‌و‌سیاسی است،نه یک لطف یا امتیاز. دولت باید بابت ورود به حوزه‌ای که صراحتاً درتقابل با حقوق‌اساسی مردم است،پاسخگو باشد.تشکر،بدون اذعان به اشتباه، بمعنای مشروعیت‌بخشی به خطای بنیادین دولت است #وفاق,0,0,0,https://x.com/e_asgharzadeh/status/1950445202281234766,2025,7,2025-07-30,استرداد تشکر دارد؟ نه،ضرورتی برای تشکر نیست.استرداد لایحه عقب‌نشینی ازیک خطای حقوقی‌و‌سیاسی است،نه یک لطف یا امتیاز. دولت باید بابت ورود به حوزه‌ای که صراحتاً درتقابل با حقوق‌اساسی مردم است،پاسخگو باشد.تشکر،بدون اذعان به اشتباه، بمعنای مشروعیت‌بخشی به خطای بنیادین دولت است #وفاق,"Is there a refund? No, there is no need for thanks. The return of the bill is a reversal of a legal and political error, not a favor or privilege. The government should be held accountable for entering an area that is clearly against the fundamental rights of the people. Thank you, without acknowledging the mistake, it means legitimizing the fundamental mistake of the government #Wafaq"
1950443504468885575,alimojtahedzad3,2025-07-30 09:29:03.610,لایحه خطرناک و نابود کننده #آزادی_بیان  با عقلانیت #دولت مسترد و فعلا خطرش از سر ملت رفع شد اما اگر جایگاه معاونت حقوقی ریاست جمهور به امثال دکتر گرجی و برهانی میرسید اساسا چنین لایحه ای امکان تصویب در هیئت وزیران پیدا می‌کرد!؟,0,0,0,https://x.com/alimojtahedzad3/status/1950443504468885575,2025,7,2025-07-30,لایحه خطرناک و نابود کننده #آزادی_بیان  با عقلانیت #دولت مسترد و فعلا خطرش از سر ملت رفع شد اما اگر جایگاه معاونت حقوقی ریاست جمهور به امثال دکتر گرجی و برهانی میرسید اساسا چنین لایحه ای امکان تصویب در هیئت وزیران پیدا می‌کرد!؟,"The dangerous and destructive #freedom_of_speech bill was returned by the rationality of the #government and its danger was removed from the nation for the time being, but if the position of the legal assistant of the president reached the likes of Dr. Gurji and Burhani, basically such a bill would have been approved by the cabinet!?"
1950120652368687218,alimojtahedzad3,2025-07-29 12:06:09.671,"دولت چگونه می‌تواند #لایحه_خفقان را پس بگیرد؟

1/4-فوریت لایحه انتشار محتواهای خلاف واقع در مجلس تصویب شده و اکنون در انتظار بررسی کلیات قرار دارد. این یعنی بر اساس قانون شمارش معکوس برای مهلت پس گرفتن این لایحه توسط رئیس جمهوری آغاز شده است.",0,0,0,https://x.com/alimojtahedzad3/status/1950120652368687218,2025,7,2025-07-29,"دولت چگونه می‌تواند #لایحه_خفقان را پس بگیرد؟

1/4-فوریت لایحه انتشار محتواهای خلاف واقع در مجلس تصویب شده و اکنون در انتظار بررسی کلیات قرار دارد. این یعنی بر اساس قانون شمارش معکوس برای مهلت پس گرفتن این لایحه توسط رئیس جمهوری آغاز شده است.","How can the government withdraw the Khafkan bill?

1/4-Urgently, the bill on the publication of false content has been approved in the parliament and is now awaiting general review. This means that according to the law, the countdown for the deadline for withdrawing this bill has started by the President."
1950120698124423275,alimojtahedzad3,2025-07-29 12:06:20.580,3/4-بند اول ماده 134 قانون آئین‌نامه داخلی مجلس گفته «درصورتی که استرداد پیش از تصویب کلیات لایحه در مجلس باشد رئیس جمهور کتباً با ذکر دلیل آن را مسترد می نماید و گزارش آن در جلسه علنی اعلام می شود.» پس فعلا تا دیر نشده آقای پزشکیان باید فورا اقدام به این کار بکند.,0,0,0,https://x.com/alimojtahedzad3/status/1950120698124423275,2025,7,2025-07-29,3/4-بند اول ماده 134 قانون آئین‌نامه داخلی مجلس گفته «درصورتی که استرداد پیش از تصویب کلیات لایحه در مجلس باشد رئیس جمهور کتباً با ذکر دلیل آن را مسترد می نماید و گزارش آن در جلسه علنی اعلام می شود.» پس فعلا تا دیر نشده آقای پزشکیان باید فورا اقدام به این کار بکند.,"3/4-Paragraph 1 of Article 134 of the Law of Internal Regulations of the Parliament says ""If the return is before the general approval of the bill in the Parliament, the President shall return it in writing, stating the reason, and the report will be announced in the open session."" So, for now, before it's too late, the doctor should do this immediately."
1950120703820218420,alimojtahedzad3,2025-07-29 12:06:21.938,4/4-خطر اینجاست که این اقدام رئیس جمهوری به تعویق بیفتد. طبق بند دوم ماده 134 ق.آ.د.م اگر تقاضای استرداد #لایحه_خفقان به بعد از تصویب کلیات آن موکول گردد، درخواست رئیس جمهوری نیازمند دفاع یک وزیر در صحن، نطق موافقان و مخالفان و در نهایت رای‌گیری است که نتیجه آن قابل پیش‌بینی است,0,0,0,https://x.com/alimojtahedzad3/status/1950120703820218420,2025,7,2025-07-29,4/4-خطر اینجاست که این اقدام رئیس جمهوری به تعویق بیفتد. طبق بند دوم ماده 134 ق.آ.د.م اگر تقاضای استرداد #لایحه_خفقان به بعد از تصویب کلیات آن موکول گردد، درخواست رئیس جمهوری نیازمند دفاع یک وزیر در صحن، نطق موافقان و مخالفان و در نهایت رای‌گیری است که نتیجه آن قابل پیش‌بینی است,"4/4- The danger is that this action of the president will be postponed. According to the second paragraph of Article 134 of the Islamic Republic of Iran, if the request for the extradition of the Khafkan Bill is postponed until after its general approval, the president's request requires the defense of a minister in the courtroom, the speeches of the supporters and opponents, and finally a vote, the result of which is predictable."
1949846831426392345,alimojtahedzad3,2025-07-28 17:58:05.671,اگرآقای #پزشکیان چنین افراد نا آگاهی را بعنوان مشاور و همراه انتخاب میکند باید هم برداشتشان از معنای #وفاق آن باشد که امروز اکثریت حامیان پیشین ایشان را به کل ناامید کرده است,0,0,0,https://x.com/alimojtahedzad3/status/1949846831426392345,2025,7,2025-07-28,اگرآقای #پزشکیان چنین افراد نا آگاهی را بعنوان مشاور و همراه انتخاب میکند باید هم برداشتشان از معنای #وفاق آن باشد که امروز اکثریت حامیان پیشین ایشان را به کل ناامید کرده است,"If Mr. #Physician chooses such ignorant people as advisors and companions, they must also understand the meaning of #fafaq, which today has completely disappointed the majority of his former supporters."
1949045800832520451,alimojtahedzad3,2025-07-26 12:55:05.095,برای جانیان تروریست تنها چیزی که ارزشی ندارد جان شهروندان بی گناه است پس یک روز #زندان_اوین را به خون میکشند و روز دیگر #دادگستری_زاهدان را. در شرایط جنگ و ترور انسجام ملی رمز عبور از بحران است,0,0,0,https://x.com/alimojtahedzad3/status/1949045800832520451,2025,7,2025-07-26,برای جانیان تروریست تنها چیزی که ارزشی ندارد جان شهروندان بی گناه است پس یک روز #زندان_اوین را به خون میکشند و روز دیگر #دادگستری_زاهدان را. در شرایط جنگ و ترور انسجام ملی رمز عبور از بحران است,"For terrorists, the only thing that has no value is the life of innocent citizens, so one day they kill #Evin_prison and the next #Zahedan_court. In the conditions of war and terror, national cohesion is the password of the crisis"
1948755707370561628,alimojtahedzad3,2025-07-25 17:42:21.424,"این گفتگو درباره لایحه مقابله با خلاف‌ها در فضای مجازی، چهارشنبه انجام شده و جمعه انتشار یافته. درباره تضادهای آن با قانون اساسی و دیگر قوانین صحبت و پیشنهاد بازپس‌گیری و اصلاح آن به نفع آزادی خبر، نقد و گردش اطلاعات مطرح شد.
didbaniran.ir/fa/tiny/news-2
…",0,0,0,https://x.com/emadeddinbaghi/status/1948755707370561628,2025,7,2025-07-25,"این گفتگو درباره لایحه مقابله با خلاف‌ها در فضای مجازی، چهارشنبه انجام شده و جمعه انتشار یافته. درباره تضادهای آن با قانون اساسی و دیگر قوانین صحبت و پیشنهاد بازپس‌گیری و اصلاح آن به نفع آزادی خبر، نقد و گردش اطلاعات مطرح شد.
didbaniran.ir/fa/tiny/news-2
…","This conversation about the bill to deal with violations in cyberspace was conducted on Wednesday and published on Friday. It was discussed about its contradictions with the constitution and other laws and the proposal to withdraw and amend it in favor of freedom of news, criticism and circulation of information was raised.
didbaniran.ir/fa/tiny/news-2
…"
1948743985507299472,alimojtahedzad3,2025-07-25 16:55:46.714,زیرپوست تعاریف حقوقی بی‌سر و ته لایحه «مقابله با انشتار محتوای خلاف واقع» فقط یک چیز وجود دارد و آن هم تعمیق بیشتر خفقان عمومی است.  #دولت با هیچ توجیهی نمی‌تواند این لایحه را بزک کند. آقای #پزشکیان یا باید این لایحه را پس بگیرد، یا شرمسار تاریخ خواهد شد. راه سومی وجود ندارد.,0,0,0,https://x.com/alimojtahedzad3/status/1948743985507299472,2025,7,2025-07-25,زیرپوست تعاریف حقوقی بی‌سر و ته لایحه «مقابله با انشتار محتوای خلاف واقع» فقط یک چیز وجود دارد و آن هم تعمیق بیشتر خفقان عمومی است.  #دولت با هیچ توجیهی نمی‌تواند این لایحه را بزک کند. آقای #پزشکیان یا باید این لایحه را پس بگیرد، یا شرمسار تاریخ خواهد شد. راه سومی وجود ندارد.,"Beneath the absurd legal definitions of the anti-falsity bill, there is only one thing, and that is to further deepen public suffocation.  #The government cannot reject this bill with any justification. Mr. #Medicarian must either withdraw this bill, or he will be ashamed of history. There is no third way."
1948706736057008155,alimojtahedzad3,2025-07-25 14:27:45.753,"مجتهدزاده: 

لایحه «مقابله با انتشار محتوای خلاف واقع در فضای مجازی» برخلاف اصل ۱۷۵ قانون اساسی است 

 کل جامعه با قانونی شدن لایحه متهم می شوند

تعریف ""محتوای خلاف واقع"" بی سروته و دست مراجع قضایی برای برخورد بازتر میشود
didbaniran.ir/fa/tiny/news-2
…",0,0,0,https://x.com/didbaniran/status/1948706736057008155,2025,7,2025-07-25,"مجتهدزاده: 

لایحه «مقابله با انتشار محتوای خلاف واقع در فضای مجازی» برخلاف اصل ۱۷۵ قانون اساسی است 

 کل جامعه با قانونی شدن لایحه متهم می شوند

تعریف ""محتوای خلاف واقع"" بی سروته و دست مراجع قضایی برای برخورد بازتر میشود
didbaniran.ir/fa/tiny/news-2
…","Mojtahedzadeh: 

The bill ""combating the publication of illegal content in cyberspace"" is against Article 175 of the Constitution 

 The whole society is charged with the legalization of the bill

The definition of ""false content"" is vague and the hands of the judicial authorities are more open to dealing with
didbaniran.ir/fa/tiny/news-2
…"
1948709037513609412,alimojtahedzad3,2025-07-25 14:36:54.463,ترور ترامپ و هیچ مقام سیاسی دیگری، هیچگونه مشروعیت حقوقی در عرصه بین‌الملل ندارد. خصوصا برای کشوری که خودش قربانی و طلبکار این پدیده است، این حرف آن هم در شرایط کنونی چیزی جز ضرر مطلق نیست. سوال اینجاست که چرا نهادهای امنیتی به هزینه‌سازی‌های امثال #جواد_لاریجانی ظنین نمی‌شوند؟,0,0,0,https://x.com/alimojtahedzad3/status/1948709037513609412,2025,7,2025-07-25,ترور ترامپ و هیچ مقام سیاسی دیگری، هیچگونه مشروعیت حقوقی در عرصه بین‌الملل ندارد. خصوصا برای کشوری که خودش قربانی و طلبکار این پدیده است، این حرف آن هم در شرایط کنونی چیزی جز ضرر مطلق نیست. سوال اینجاست که چرا نهادهای امنیتی به هزینه‌سازی‌های امثال #جواد_لاریجانی ظنین نمی‌شوند؟,"The assassination of Trump and any other political official has no legal legitimacy in the international arena. Especially for a country that is itself a victim and creditor of this phenomenon, this word is nothing but absolute loss in the current situation. The question is why the security institutions are not suspicious of the likes of #Javad_Larijani?"
1948337343200444620,alimojtahedzad3,2025-07-24 13:59:55.633,ادعای گفتگو با #اپوزیسیون و معترضان را باور کنیم یا قطع سیم‌کارت یکی از برجسته‌ترین اساتید حقوق اساسی کشور، دکتر گرجی به دلیل بیان انتقادات در #فضای_مجازی را؟ این مسیر حتی در شرایط صلح هم بی‌تدبیری محض است، زیر سایه #جنگ و آتش‌بس ناپایدار دیگر بماند. کی قرار است درس بگیریم؟,0,0,0,https://x.com/alimojtahedzad3/status/1948337343200444620,2025,7,2025-07-24,ادعای گفتگو با #اپوزیسیون و معترضان را باور کنیم یا قطع سیم‌کارت یکی از برجسته‌ترین اساتید حقوق اساسی کشور، دکتر گرجی به دلیل بیان انتقادات در #فضای_مجازی را؟ این مسیر حتی در شرایط صلح هم بی‌تدبیری محض است، زیر سایه #جنگ و آتش‌بس ناپایدار دیگر بماند. کی قرار است درس بگیریم؟,"Are we to believe the claim of talking to the #opposition and protesters, or to cut off the SIM card of one of the country's most prominent professors of constitutional rights, Dr. Gurji, because of his criticisms in #cyberspace? This path is pure imprudence even in peaceful conditions, it will remain under the shadow of #war and another unstable ceasefire. When are we going to study?"
1948070973015544161,alimojtahedzad3,2025-07-23 20:21:28.032,آقای پزشکیان! چطور از آمادگی برای گفتگو با اپوزیسیون حرف می‌زنید در حالیکه تنها یک روز قبل از آن سخنان، لایحه‌ای در دولتتان تصویب شده که در واقع داغ و درفش جدیدی است برای بستن زبان شهروندان داخل؟ چرا دولت مقابل لایحه پیشنهادی قوه قضائیه نایستاد و از اندک آزادی موجود، حراست نکرد؟,0,0,0,https://x.com/EhsanBodaghi/status/1948070973015544161,2025,7,2025-07-23,آقای پزشکیان! چطور از آمادگی برای گفتگو با اپوزیسیون حرف می‌زنید در حالیکه تنها یک روز قبل از آن سخنان، لایحه‌ای در دولتتان تصویب شده که در واقع داغ و درفش جدیدی است برای بستن زبان شهروندان داخل؟ چرا دولت مقابل لایحه پیشنهادی قوه قضائیه نایستاد و از اندک آزادی موجود، حراست نکرد؟,"Mr. Doctors! How do you talk about being ready to talk with the opposition, when only a day before those words, a bill was approved in your government, which is actually hot and a new way to silence the citizens inside? Why didn't the government stand against the bill proposed by the judiciary and protect the little freedom available?"
1948044016907415833,alimojtahedzad3,2025-07-23 18:34:21.195,اگر بناست این اقدامات غیرقانونی و خلاف عقل و‌منطق  بدون تشریفات دادرسی و برگزاری دادگاه انجام پذیرد  پس اساسا چه نیازی به وجود #دستگاه_قضا است؟ جناب آقای #اژه_ای به نظرتان با این اوضاع شأن و اعتباری برای #قانون باقی خواهد ماند!!!؟,0,0,0,https://x.com/alimojtahedzad3/status/1948044016907415833,2025,7,2025-07-23,اگر بناست این اقدامات غیرقانونی و خلاف عقل و‌منطق  بدون تشریفات دادرسی و برگزاری دادگاه انجام پذیرد  پس اساسا چه نیازی به وجود #دستگاه_قضا است؟ جناب آقای #اژه_ای به نظرتان با این اوضاع شأن و اعتباری برای #قانون باقی خواهد ماند!!!؟,"If these illegal and contrary actions are to be carried out without formalities of proceedings and holding a court, then basically what is the need for the existence of a #judicial_apparatus? Dear Mr. Ajhe, do you think that there will be dignity and prestige for #law in this situation!!!?"
1947970243441135734,alimojtahedzad3,2025-07-23 13:41:12.230,آقای #پزشکیان! هنوز یک سال نگذشته، بیش از این ما را شرمنده نکنید. لایحه «مقابله با انتشار محتوای خبری خلاف واقع در فضای مجازی» شرم‌آور و ترسناک است. اگر دولت  #جلیلی  هم بر سر کار بود نمی‌توانست بیشتر از این بر روی #آزادی_بیان و #حقوق_شهروندی تیغ بکشد.,0,0,0,https://x.com/alimojtahedzad3/status/1947970243441135734,2025,7,2025-07-23,آقای #پزشکیان! هنوز یک سال نگذشته، بیش از این ما را شرمنده نکنید. لایحه «مقابله با انتشار محتوای خبری خلاف واقع در فضای مجازی» شرم‌آور و ترسناک است. اگر دولت  #جلیلی  هم بر سر کار بود نمی‌توانست بیشتر از این بر روی #آزادی_بیان و #حقوق_شهروندی تیغ بکشد.,"Mr. doctors! Not a year has passed yet, don't embarrass us any more. The bill ""combating the publication of false news content in cyber space"" is shameful and scary. If the #Jalili government was at work, it would not be able to cut down on #freedom of expression and #civil rights more than this."
