tweet_id,username,created_at,text,replies,retweets,likes,url,year,month,date,Text_original,Text_en
2021303310464987335,alirezaabasi_ir,2026-02-10 21:20:37.871,"مردم ایران در روز #۲۲_بهمن، سالروز پیروزی انقلاب اسلامی، همچون گذشته با بصیرت و زمان‌شناسی کامل، با حضور میلیونی و دشمن‌شکن خود حماسه‌آفرینی خواهند کرد.
 آنان با خلق صحنه‌ شکو‌همند دیگری که مورد رصد رسانه‌های جهانی و سفارتخانه‌های خارجی در کشور قرار می‌گیرد،محاسبات دشمنان خارجی/۱",0,0,0,https://x.com/alirezaabasi_ir/status/2021303310464987335,2026,2,2026-02-10,"مردم ایران در روز #۲۲_بهمن، سالروز پیروزی انقلاب اسلامی، همچون گذشته با بصیرت و زمان‌شناسی کامل، با حضور میلیونی و دشمن‌شکن خود حماسه‌آفرینی خواهند کرد.
 آنان با خلق صحنه‌ شکو‌همند دیگری که مورد رصد رسانه‌های جهانی و سفارتخانه‌های خارجی در کشور قرار می‌گیرد،محاسبات دشمنان خارجی/۱","On the 22nd day of Bahman, the anniversary of the victory of the Islamic Revolution, the people of Iran will create an epic, as in the past, with full insight and timing, with the presence of millions and defeating their enemies.
 By creating another glorious scene, which is monitored by the world media and foreign embassies in the country, the calculations of foreign enemies/1"
2021303330329231870,alirezaabasi_ir,2026-02-10 21:20:42.607,"پیش‌دستانه‌ای است که نقشه‌ها و برنامه‌های دشمنان نظام اسلامی را شکست خواهد داد.
 فردا، در لبیک به ندای حکیمانه رهبر فرزانه انقلاب، بار دیگر گرد هم می‌آییم تا دشمن را ناامید ساخته و معادلات آنان را در مواجهه با نظام اسلامی دگرگون کنیم./۳",0,0,0,https://x.com/alirezaabasi_ir/status/2021303330329231870,2026,2,2026-02-10,"پیش‌دستانه‌ای است که نقشه‌ها و برنامه‌های دشمنان نظام اسلامی را شکست خواهد داد.
 فردا، در لبیک به ندای حکیمانه رهبر فرزانه انقلاب، بار دیگر گرد هم می‌آییم تا دشمن را ناامید ساخته و معادلات آنان را در مواجهه با نظام اسلامی دگرگون کنیم./۳","It is a forehand that will defeat the plans and plans of the enemies of the Islamic system.
 Tomorrow, in response to the wise call of the wise leader of the revolution, we will gather once again to make the enemy desperate and change their equations in the face of the Islamic system./3"
2021303617307791649,alirezaabasi_ir,2026-02-10 21:21:51.028,"قدرت نرم ایران اسلامی را در کنار قدرت سخت آن به نمایش خواهیم گذاشت./۴
ان‌شاءالله",0,0,0,https://x.com/alirezaabasi_ir/status/2021303617307791649,2026,2,2026-02-10,"قدرت نرم ایران اسلامی را در کنار قدرت سخت آن به نمایش خواهیم گذاشت./۴
ان‌شاءالله","We will display the soft power of Islamic Iran alongside its hard power./4
God willing"
2020701570095366475,alirezaabasi_ir,2026-02-09 05:29:31.787,"اصلاح طلبانی مثل میرحسین موسوی، کروبی، روحانی، شکوری‌راد و ... اطمینان پیدا کرده‌اند که هرچقدر هم سخنان و رفتارهای هنجار شکنانه و ساختار شکنانه داشته باشند، نظام اسلامی با آنان کریمانه و با رافت برخورد می‌کند.
این افراد دچار توهم شده و بی‌توجه به ملاحظات #امنیت_ملی /۱",0,0,0,https://x.com/alirezaabasi_ir/status/2020701570095366475,2026,2,2026-02-09,"اصلاح طلبانی مثل میرحسین موسوی، کروبی، روحانی، شکوری‌راد و ... اطمینان پیدا کرده‌اند که هرچقدر هم سخنان و رفتارهای هنجار شکنانه و ساختار شکنانه داشته باشند، نظام اسلامی با آنان کریمانه و با رافت برخورد می‌کند.
این افراد دچار توهم شده و بی‌توجه به ملاحظات #امنیت_ملی /۱","Reformists like Mirhossein Mousavi, Karroubi, Rouhani, Shakuri-Rad, etc., have become confident that no matter how much their words and behavior break the norms and break the structure, the Islamic system will deal with them kindly and politely.
These people are delusional and careless about #national_security/1 considerations"
2020701573081645436,alirezaabasi_ir,2026-02-09 05:29:32.499,و انسجام داخلی، بیانیه‌ها و اظهارات ساختارشکنانه صادر می‌کنند و به شدت در حال فاصله‌گیری از نظام و ورود به فاز جدیدی از کنش سیاسی رادیکال هستند و با اظهارات هنجارشکنانه برای فرصت‌طلبی و شکار سیاسی تلاش مذبوحانه می کنند./۲,0,0,0,https://x.com/alirezaabasi_ir/status/2020701573081645436,2026,2,2026-02-09,و انسجام داخلی، بیانیه‌ها و اظهارات ساختارشکنانه صادر می‌کنند و به شدت در حال فاصله‌گیری از نظام و ورود به فاز جدیدی از کنش سیاسی رادیکال هستند و با اظهارات هنجارشکنانه برای فرصت‌طلبی و شکار سیاسی تلاش مذبوحانه می کنند./۲,"and internal cohesion, they issue destructive statements and statements, and they are seriously distancing themselves from the system and entering a new phase of radical political action, and they are desperately trying for opportunism and political hunting with norm-breaking statements./2"
2020701577926050150,alirezaabasi_ir,2026-02-09 05:29:33.654,لذا دادستان محترم باید پرونده چنین افرادی که با اتهام‌زنی و انتشار مواضع خلاف واقع علیه کشور در جهت تخریب انسجام ملی اقدام می‌کنند را در دستور کار قرار داده و برای رسیدگی قضایی به جریان بیندازد./۳,0,0,0,https://x.com/alirezaabasi_ir/status/2020701577926050150,2026,2,2026-02-09,لذا دادستان محترم باید پرونده چنین افرادی که با اتهام‌زنی و انتشار مواضع خلاف واقع علیه کشور در جهت تخریب انسجام ملی اقدام می‌کنند را در دستور کار قرار داده و برای رسیدگی قضایی به جریان بیندازد./۳,"Therefore, the honorable prosecutor should put the case of such people who act against the country by making accusations and spreading false positions against the country in order to destroy the national unity and put it in the agenda for judicial proceedings./3"
2019855987440599383,alirezaabasi_ir,2026-02-06 21:29:29.172,"آقای دکتر پزشکیان!
با مشورت کدام کارشناسان بعد از رها سازی قیمت ارز، قیمت جو و ذرت را در #سامانه_بازارگاه ۴۳ هزارتومان اعلام کردید؟
آیا وارد کنندگان خاص در این قیمت گذاری نقش داشته‌اند؟!
قیمت جو و ذرت را در سامانه بازارگاه اصلاح و قیمت واقعی آنها را اعلام کنید که حتما کمتر از/۱",0,0,0,https://x.com/alirezaabasi_ir/status/2019855987440599383,2026,2,2026-02-06,"آقای دکتر پزشکیان!
با مشورت کدام کارشناسان بعد از رها سازی قیمت ارز، قیمت جو و ذرت را در #سامانه_بازارگاه ۴۳ هزارتومان اعلام کردید؟
آیا وارد کنندگان خاص در این قیمت گذاری نقش داشته‌اند؟!
قیمت جو و ذرت را در سامانه بازارگاه اصلاح و قیمت واقعی آنها را اعلام کنید که حتما کمتر از/۱","Mr. medical doctor!
With the consultation of which experts, after releasing the currency price, did you announce the price of barley and corn in the #market_system of 43 thousand tomans?
Have specific importers played a role in this pricing?!
Adjust the price of barley and corn in the market system and announce their real price, which must be less than 1"
2019855990087163993,alirezaabasi_ir,2026-02-06 21:29:29.803,"۳۵ هزارتومان خواهد بود، با این اصلاح یک رانت مجدد را از وارد کنندگان حذف کنید.
 قیمت گندم را هم با این اصلاح در محدوده ۴۰ هزار تومان برای سال بعد تعیین نمایید که قابل پذیرش خواهد بود./۲",0,0,0,https://x.com/alirezaabasi_ir/status/2019855990087163993,2026,2,2026-02-06,"۳۵ هزارتومان خواهد بود، با این اصلاح یک رانت مجدد را از وارد کنندگان حذف کنید.
 قیمت گندم را هم با این اصلاح در محدوده ۴۰ هزار تومان برای سال بعد تعیین نمایید که قابل پذیرش خواهد بود./۲","It will be 35 thousand tomans, with this modification remove a new rent from importers.
 Determine the price of wheat with this correction in the range of 40 thousand tomans for the next year, which will be acceptable./2"
2019128891940696452,alirezaabasi_ir,2026-02-04 21:20:16.096,"آقای رئیس‌جمهور! شما و معاون اجرایی‌تان اخیرا گفته‌اید که حاکم باید برای جلب رضایت اکثریت مردم بکوشد، نه خواص و گروه‌ها و دسته‌ها، و باید بعد از اتفاقات اخیر همه به این توصیه مهم که رضایتمندی اکثریت مردم است توجه داشته باشیم.
سوال این است که کدام آمار و طرح پژوهشی شما را به این/۱",0,0,0,https://x.com/alirezaabasi_ir/status/2019128891940696452,2026,2,2026-02-04,"آقای رئیس‌جمهور! شما و معاون اجرایی‌تان اخیرا گفته‌اید که حاکم باید برای جلب رضایت اکثریت مردم بکوشد، نه خواص و گروه‌ها و دسته‌ها، و باید بعد از اتفاقات اخیر همه به این توصیه مهم که رضایتمندی اکثریت مردم است توجه داشته باشیم.
سوال این است که کدام آمار و طرح پژوهشی شما را به این/۱","Mr. President! You and your executive vice president recently said that the ruler should try to satisfy the majority of the people, not the properties and groups and factions, and after the recent events, we should all pay attention to this important recommendation, which is the satisfaction of the majority of the people.
The question is which statistics and research plan will lead you to this/1"
2019128894549553498,alirezaabasi_ir,2026-02-04 21:20:16.718,"نتيجه رساند که صدور مجوز #موتورسواری_بانوان مشکل اکثریت است و رضایتمندی عموم را ایجاد می‌کند؟
لطفا مشاورانتان را تغییر دهید و موضوعات را اصلی و فرعی کنید و کمی هم به موضوعات اصلی که #اقتصاد و #معیشت مردم و #تورم است بپردازید./۲",0,0,0,https://x.com/alirezaabasi_ir/status/2019128894549553498,2026,2,2026-02-04,"نتيجه رساند که صدور مجوز #موتورسواری_بانوان مشکل اکثریت است و رضایتمندی عموم را ایجاد می‌کند؟
لطفا مشاورانتان را تغییر دهید و موضوعات را اصلی و فرعی کنید و کمی هم به موضوعات اصلی که #اقتصاد و #معیشت مردم و #تورم است بپردازید./۲","concluded that the issuance of women's #motorcycle_riding license is the problem of the majority and creates public satisfaction?
Please change your advisers and make the subjects main and secondary and pay a little attention to the main subjects which are #economy, #people's livelihood and #inflation./2"
2017187430147772601,alirezaabasi_ir,2026-01-30 12:45:35.534,"سپاه پاسداران انقلاب اسلامی، نهادی مردمی و برآمده از انقلاب، در چهار دهه گذشته سد استواری در دفاع از #امنیت ایران و منطقه بوده است.
اقدام اخیر #اتحادیه_اروپا در «برچسب تروریستی» زدن به سپاه، اعترافی است از ترس دشمنان از اقتدار این نهاد./۱",0,0,0,https://x.com/alirezaabasi_ir/status/2017187430147772601,2026,1,2026-01-30,"سپاه پاسداران انقلاب اسلامی، نهادی مردمی و برآمده از انقلاب، در چهار دهه گذشته سد استواری در دفاع از #امنیت ایران و منطقه بوده است.
اقدام اخیر #اتحادیه_اروپا در «برچسب تروریستی» زدن به سپاه، اعترافی است از ترس دشمنان از اقتدار این نهاد./۱","The Islamic Revolutionary Guard Corps, a popular institution born out of the revolution, has been a solid barrier in the defense of the security of Iran and the region in the past four decades.
The recent action of the European Union in labeling the IRGC ""terrorist"" is an acknowledgment of the enemies' fear of the authority of this institution./1"
2017187433125675030,alirezaabasi_ir,2026-01-30 12:45:36.244,"ما ملت ایران، همواره پشتیبان سپاه پاسداران و نیروهای مسلح خود هستیم. از وزارت خارجه می‌خواهیم در برابر این اقدام غیرحقوقی اروپا، با پاسخ متقابل و قاطع، هزینه‌ای برابر برای آنان ایجاد کند./۲
#امنیت
#مقاومت
#پاسخ_متقابل 
#دفاع_مقدس",0,0,0,https://x.com/alirezaabasi_ir/status/2017187433125675030,2026,1,2026-01-30,"ما ملت ایران، همواره پشتیبان سپاه پاسداران و نیروهای مسلح خود هستیم. از وزارت خارجه می‌خواهیم در برابر این اقدام غیرحقوقی اروپا، با پاسخ متقابل و قاطع، هزینه‌ای برابر برای آنان ایجاد کند./۲
#امنیت
#مقاومت
#پاسخ_متقابل 
#دفاع_مقدس","We, the people of Iran, always support the Revolutionary Guards and our armed forces. We ask the Ministry of Foreign Affairs to create an equal cost for them with a reciprocal and decisive response against this illegal action of Europe./2
#Security
#Resistance
#mutual_reply 
#Holy Defense"
2009262942106062976,alirezaabasi_ir,2026-01-08 15:56:30.355,"دیانت بر سیاست چیره شد، آری جهان فهمید
رضاجان است شاه مردم ایران، رضاخان نه!

به جمهوری اسلامی ایران گفته‌ایم ""آری""
به هرچه غیر #جمهوری_اسلامی_ایران: ""نه""",0,0,0,https://x.com/alirezaabasi_ir/status/2009262942106062976,2026,1,2026-01-08,"دیانت بر سیاست چیره شد، آری جهان فهمید
رضاجان است شاه مردم ایران، رضاخان نه!

به جمهوری اسلامی ایران گفته‌ایم ""آری""
به هرچه غیر #جمهوری_اسلامی_ایران: ""نه""","Religion prevailed over politics, yes, the world understood
Rezajan is the king of Iranian people, not Reza Khan!

We have said ""yes"" to the Islamic Republic of Iran.
To anything other than #Islamic_Republic_of_Iran: ""No"""
2008252758504468868,alirezaabasi_ir,2026-01-05 21:02:23.816,"حذف #ارز_ترجیحی و پرداخت بخشی از منابع حاصل از آن به مصرف‌کننده و هزینه‌کرد مابقی برای جبران کسری بودجه دولت، به تولید داخلی به شدت آسیب خواهد زد.
ازاین‌رو دولت باید بخشی از منابع ناشی از آزادسازی ارز ترجیحی را به‌صورت مستقیم و هدفمند، مانند شارژ کیف پول /۱",0,0,0,https://x.com/alirezaabasi_ir/status/2008252758504468868,2026,1,2026-01-05,"حذف #ارز_ترجیحی و پرداخت بخشی از منابع حاصل از آن به مصرف‌کننده و هزینه‌کرد مابقی برای جبران کسری بودجه دولت، به تولید داخلی به شدت آسیب خواهد زد.
ازاین‌رو دولت باید بخشی از منابع ناشی از آزادسازی ارز ترجیحی را به‌صورت مستقیم و هدفمند، مانند شارژ کیف پول /۱","Removing the #preferential_currency and paying a part of its resources to the consumer and spending the rest to compensate for the government's budget deficit will severely damage domestic production.
Therefore, the government should use part of the resources resulting from the release of the preferred currency in a direct and targeted manner, such as charging the wallet/1"
2008252761193017473,alirezaabasi_ir,2026-01-05 21:02:24.457,"#تولید_کنندگان درسامانه بازارگاه، در اختیار آنان قرار دهد تا حداقل در سه ماه آینده در تأمین نقدینگی خرید نهاده با مشکل مواجه نشوند.
همچنین پشتیبانی امور دام می‌تواند در یک بازه زمانی مشخص، نهاده‌ها را به‌صورت امانی یا اعتباری در اختیار مرغداران و دامداران قرار دهد تا چرخه/۲",0,0,0,https://x.com/alirezaabasi_ir/status/2008252761193017473,2026,1,2026-01-05,"#تولید_کنندگان درسامانه بازارگاه، در اختیار آنان قرار دهد تا حداقل در سه ماه آینده در تأمین نقدینگی خرید نهاده با مشکل مواجه نشوند.
همچنین پشتیبانی امور دام می‌تواند در یک بازه زمانی مشخص، نهاده‌ها را به‌صورت امانی یا اعتباری در اختیار مرغداران و دامداران قرار دهد تا چرخه/۲","#Tulīd _ Ṣāḥārītīn in the Bazargah system, to make it available to them so that they do not face problems in providing liquidity for the purchase of inputs at least in the next three months.
Also, the support of livestock affairs can provide the inputs in the form of trust or credit to poultry farmers and livestock farmers in a certain period of time until cycle/2."
2008252765768941657,alirezaabasi_ir,2026-01-05 21:02:25.548,"تولید بدون وقفه ادامه یابد.
در غیر این صورت، تولید با آسیب جدی مواجه شده، وابستگی به واردات افزایش می‌یابد و در نهایت #سفره_مردم با رشد قیمت‌ها تهدید خواهد شد./۳",0,0,0,https://x.com/alirezaabasi_ir/status/2008252765768941657,2026,1,2026-01-05,"تولید بدون وقفه ادامه یابد.
در غیر این صورت، تولید با آسیب جدی مواجه شده، وابستگی به واردات افزایش می‌یابد و در نهایت #سفره_مردم با رشد قیمت‌ها تهدید خواهد شد./۳","Production continues without interruption.
Otherwise, the production will be seriously damaged, the dependence on imports will increase, and eventually the table of the people will be threatened by the increase in prices./3"
2007892452280250494,alirezaabasi_ir,2026-01-04 21:10:40.118,"آقای رئیس‌جمهور، آیا اطلاع دارید صدها هزار تن شکر، روغن و #نهاده‌های_دامی با ارز ۲۸۵۰۰ تومان وارد کشور شده، اما هنوز به دست تولیدکنندگان و مصرف‌کنندگان نرسیده است؟
این در حالی است که عده‌ای با تعلل در توزیعِ این محصولات اساسی، در انتظار آزادسازی ارز و سوء‌استفاده از این تفاوت/۱",0,0,0,https://x.com/alirezaabasi_ir/status/2007892452280250494,2026,1,2026-01-04,"آقای رئیس‌جمهور، آیا اطلاع دارید صدها هزار تن شکر، روغن و #نهاده‌های_دامی با ارز ۲۸۵۰۰ تومان وارد کشور شده، اما هنوز به دست تولیدکنندگان و مصرف‌کنندگان نرسیده است؟
این در حالی است که عده‌ای با تعلل در توزیعِ این محصولات اساسی، در انتظار آزادسازی ارز و سوء‌استفاده از این تفاوت/۱","Mr. President, do you know that hundreds of thousands of tons of sugar, oil, and livestock inputs worth 28,500 Tomans have entered the country, but they have not yet reached the hands of producers and consumers?
Meanwhile, some people are delaying the distribution of these basic products, waiting for the currency to be released and abusing this difference/1"
2007892455044317228,alirezaabasi_ir,2026-01-04 21:10:40.777,"قیمتی هستند!!!
برنامه دولت شما برای محاسبه این مابه‌التفاوت و بازگرداندن حقوق تضییع‌شده #مردم چیست؟/۲",0,0,0,https://x.com/alirezaabasi_ir/status/2007892455044317228,2026,1,2026-01-04,"قیمتی هستند!!!
برنامه دولت شما برای محاسبه این مابه‌التفاوت و بازگرداندن حقوق تضییع‌شده #مردم چیست؟/۲","They are precious!!!
What is your government's plan to calculate this difference and restore the violated rights of #people?/2"
2007847509016875503,alirezaabasi_ir,2026-01-04 18:12:04.809,"برای استکبار جهانی به سرکردگی آمریکا نه اسلام و کفر دولت‌ها اهمیت دارد، نه جمهوری و پادشاهی بودن حکومتشان و نه جغرافیای آنها، تنها معیار، تسلیم‌پذیری یا #مقاومت آنهاست.
هر دولتی که منافع راهبردی نظامی، اقتصادی یا بنیان‌های فرهنگی غرب را تهدید کند، هدف دشمنی قرار می‌گیرد /۱",0,0,0,https://x.com/alirezaabasi_ir/status/2007847509016875503,2026,1,2026-01-04,"برای استکبار جهانی به سرکردگی آمریکا نه اسلام و کفر دولت‌ها اهمیت دارد، نه جمهوری و پادشاهی بودن حکومتشان و نه جغرافیای آنها، تنها معیار، تسلیم‌پذیری یا #مقاومت آنهاست.
هر دولتی که منافع راهبردی نظامی، اقتصادی یا بنیان‌های فرهنگی غرب را تهدید کند، هدف دشمنی قرار می‌گیرد /۱","For global arrogance led by America, neither Islam nor the blasphemy of the governments is important, nor is their government a republic or a kingdom, nor their geography, the only criterion is their surrender or #resistance.
Any government that threatens the strategic military, economic, or cultural foundations of the West will be a target of enmity."
2007847519414583644,alirezaabasi_ir,2026-01-04 18:12:07.288,"و محکوم به نابودیست.
و این تنها فلسفه دوستی و دشمنی استکبار است. /۲

""فَاعْتَبِرُوا يَا أُولِی الْأَبْصَارِ """,0,0,0,https://x.com/alirezaabasi_ir/status/2007847519414583644,2026,1,2026-01-04,"و محکوم به نابودیست.
و این تنها فلسفه دوستی و دشمنی استکبار است. /۲

""فَاعْتَبِرُوا يَا أُولِی الْأَبْصَارِ ""","And it is doomed to destruction.
And this is the only philosophy of friendship and enmity of arrogance. /2

""Faa'atbarwa, O first of Al-Absar"""
2007326714431770987,alirezaabasi_ir,2026-01-03 07:42:37.704,#جمهوری_اسلامی_ایران، کشوری مستقل و مقتدر است که حاکمیت و تمامیت ارضی خود را با قدرت و درایت حفظ کرده و خواهد کرد. اظهارات مداخله‌جویانه معلوم‌الحالانی مثل رئیس جمهور امریکا نه تنها تغییری در اراده ملی ملت منسجم #ایران_مقتدر  ایجاد نمی‌کند بلکه آنرا تقویت نموده و همچنین بر عدم /۱,0,0,0,https://x.com/alirezaabasi_ir/status/2007326714431770987,2026,1,2026-01-03,#جمهوری_اسلامی_ایران، کشوری مستقل و مقتدر است که حاکمیت و تمامیت ارضی خود را با قدرت و درایت حفظ کرده و خواهد کرد. اظهارات مداخله‌جویانه معلوم‌الحالانی مثل رئیس جمهور امریکا نه تنها تغییری در اراده ملی ملت منسجم #ایران_مقتدر  ایجاد نمی‌کند بلکه آنرا تقویت نموده و همچنین بر عدم /۱,"The #Islamic_Republic_of_Iran is an independent and powerful country that has and will maintain its sovereignty and territorial integrity with strength and tact. The known interventionist statements of the President of the United States not only do not change the national will of the united nation of #Iran_Moqtadar, but also strengthen it and also on the lack of 1."
2007326717040603321,alirezaabasi_ir,2026-01-03 07:42:38.326,"درک آنان از واقعیت‌های منطقه وعواقب بی‌ثبات‌کننده چنین سخنانی صحه می‌گذارد.
ملت ایران همواره برای دفاع ازمنافع وامنیت خود آماده است و هرگونه اقدام مداخله گرانه، پاسخی قاطع وفراموش نشدنی در پی خواهدداشت.
تاریخ منطقه گواهی می‌دهدکه مداخلات خارجی به کجا انجامیده است./۲
#ShutUpTrump",0,0,0,https://x.com/alirezaabasi_ir/status/2007326717040603321,2026,1,2026-01-03,"درک آنان از واقعیت‌های منطقه وعواقب بی‌ثبات‌کننده چنین سخنانی صحه می‌گذارد.
ملت ایران همواره برای دفاع ازمنافع وامنیت خود آماده است و هرگونه اقدام مداخله گرانه، پاسخی قاطع وفراموش نشدنی در پی خواهدداشت.
تاریخ منطقه گواهی می‌دهدکه مداخلات خارجی به کجا انجامیده است./۲
#ShutUpTrump","Their understanding of the realities of the region and the destabilizing consequences of such words validates.
The Iranian nation is always ready to defend its interests and security, and any interventionist action will result in a decisive and unforgettable response.
The history of the region proves where foreign interventions have led./2
#ShutUpTrump"
2002641178211332141,alirezaabasi_ir,2025-12-21 09:23:58.816,"جامعه بداند مجلس مطالبات عموم مردم را رها نکرده و پیگیری آن را وظیفه اصلی خود می‌داند.
#وفاق و انسجام یعنی پرداختن به مسائل اساسی کشور برای تأمین رضایتمندی #عامه_مردم بخش قابل‌توجهی از مشکلات امروز نتیجه سوء‌تدبیر دولتمردان است./۱",0,0,0,https://x.com/alirezaabasi_ir/status/2002641178211332141,2025,12,2025-12-21,"جامعه بداند مجلس مطالبات عموم مردم را رها نکرده و پیگیری آن را وظیفه اصلی خود می‌داند.
#وفاق و انسجام یعنی پرداختن به مسائل اساسی کشور برای تأمین رضایتمندی #عامه_مردم بخش قابل‌توجهی از مشکلات امروز نتیجه سوء‌تدبیر دولتمردان است./۱","The society should know that the parliament has not abandoned the demands of the public and considers its main duty to follow them.
#Wefaq and unity means dealing with the basic issues of the country to ensure the satisfaction of the #people. A significant part of today's problems is the result of mismanagement by the statesmen./1"
2002641180841173423,alirezaabasi_ir,2025-12-21 09:23:59.443,حمایت از دولت به معنای چشم‌پوشی از خطاها نیست؛ گاه برای تقویت دولت، #اصلاح_تیم اجرایی چه از سوی خود دولت و چه با نظارت مجلس ضروری است./۲,0,0,0,https://x.com/alirezaabasi_ir/status/2002641180841173423,2025,12,2025-12-21,حمایت از دولت به معنای چشم‌پوشی از خطاها نیست؛ گاه برای تقویت دولت، #اصلاح_تیم اجرایی چه از سوی خود دولت و چه با نظارت مجلس ضروری است./۲,"Supporting the government does not mean ignoring the mistakes; Sometimes, in order to strengthen the government, it is necessary to reform the executive team either by the government itself or with the supervision of the parliament./2"
2000176945858810111,alirezaabasi_ir,2025-12-14 14:12:00.040,"قانون فقط اجازه ساخت اتاقک نگهبانی و کارگری را داده نه ویلاسازی، #امنیت_غذایی را قربانی ویلاسازی نکنید!
باید با دقت جلوی تبدیل اتاقکهای نگهبانی و کارگری به ویلاها گرفته شود.
اگر قانون ایراد دارد، آن را اصلاح و تقویت خواهیم کرد چرا که حفظ امنیت غذایی کشور، اولویت اصلی ماست.",0,0,0,https://x.com/alirezaabasi_ir/status/2000176945858810111,2025,12,2025-12-14,"قانون فقط اجازه ساخت اتاقک نگهبانی و کارگری را داده نه ویلاسازی، #امنیت_غذایی را قربانی ویلاسازی نکنید!
باید با دقت جلوی تبدیل اتاقکهای نگهبانی و کارگری به ویلاها گرفته شود.
اگر قانون ایراد دارد، آن را اصلاح و تقویت خواهیم کرد چرا که حفظ امنیت غذایی کشور، اولویت اصلی ماست.","The law only allowed the construction of guard and worker cabins, not villa construction, don't sacrifice #food_security for villa construction!
It should be carefully prevented from converting guard and worker's quarters into villas.
If the law is flawed, we will amend and strengthen it because maintaining the country's food security is our main priority."
1999011609398898999,alirezaabasi_ir,2025-12-11 09:01:22.177,"پیگیری‌های کمیسیون کشاورزی و همکاری #وزارت_جهاد_کشاورزی و سایر دستگاههای مسئول عرصه گسترده #نهادهای_دامی شامل (۸۰۰هزار تن ذرت، ۱۵۰ هزارتن جو و ۱۵۰ هزارتن کنجاله سویا) در سامانه #بازارگاه از دیشب آغاز شد.
امیدواریم که با آغاز این عرضه و نظارت دقیق وزارت جهاد کشاورزی خصوصا /۱",0,0,0,https://x.com/alirezaabasi_ir/status/1999011609398898999,2025,12,2025-12-11,"پیگیری‌های کمیسیون کشاورزی و همکاری #وزارت_جهاد_کشاورزی و سایر دستگاههای مسئول عرصه گسترده #نهادهای_دامی شامل (۸۰۰هزار تن ذرت، ۱۵۰ هزارتن جو و ۱۵۰ هزارتن کنجاله سویا) در سامانه #بازارگاه از دیشب آغاز شد.
امیدواریم که با آغاز این عرضه و نظارت دقیق وزارت جهاد کشاورزی خصوصا /۱","Follow-ups of the Agriculture Commission and the cooperation of #Ministry_of_Jihad_Agriculture and other agencies responsible for the wide area of ​​#livestock institutions including (800,000 tons of corn, 150,000 tons of barley and 150,000 tons of soybean meal) in the #Bazargah system started last night.
We hope that with the start of this supply and the strict supervision of the Ministry of Jihad Agriculture, especially / 1"
1999011612418597340,alirezaabasi_ir,2025-12-11 09:01:22.897,#معاونت_بازرگانی و پشتیبانی امور #دام با دقت و سرعت مناسب، بدون حضور واسطه‌ها و پشت فاکتورها، نهاده‌ها با قیمت و کیفیت مناسب به دست #دامداران، #مرغداران و #عشایر کشور که در خط مقدم #جهاد_اقتصادی هستند برسد./۲,0,0,0,https://x.com/alirezaabasi_ir/status/1999011612418597340,2025,12,2025-12-11,#معاونت_بازرگانی و پشتیبانی امور #دام با دقت و سرعت مناسب، بدون حضور واسطه‌ها و پشت فاکتورها، نهاده‌ها با قیمت و کیفیت مناسب به دست #دامداران، #مرغداران و #عشایر کشور که در خط مقدم #جهاد_اقتصادی هستند برسد./۲,"#Commercial_assistance and support for #livestock affairs with proper accuracy and speed, without the presence of intermediaries and behind invoices, the inputs will reach the hands of #livestock farmers, #poultry farmers and #tribals of the country, who are at the forefront of #economic_jihad./2"
1997283915783094762,alirezaabasi_ir,2025-12-06 14:36:07.920,"آقای پزشکیان!
دیروز دانشگاه تهران، امروز کیش، فردا کجا؟
آیا این هنجارشکنی‌ها و عدم اجرای قانون در دولت شما حد و مرزی هم دارد؟
#ماراتن_کیش با بی‌توجهی آشکار به #ارزشهای_دینی و #قانون_حجاب برگزار شد؛ اقدامی که افکار عمومی را به‌حق جریحه‌دار کرد./۱",0,0,0,https://x.com/alirezaabasi_ir/status/1997283915783094762,2025,12,2025-12-06,"آقای پزشکیان!
دیروز دانشگاه تهران، امروز کیش، فردا کجا؟
آیا این هنجارشکنی‌ها و عدم اجرای قانون در دولت شما حد و مرزی هم دارد؟
#ماراتن_کیش با بی‌توجهی آشکار به #ارزشهای_دینی و #قانون_حجاب برگزار شد؛ اقدامی که افکار عمومی را به‌حق جریحه‌دار کرد./۱","Mr. Doctors!
Yesterday Tehran University, today Kish, tomorrow where?
Is there a limit to these norm violations and lack of law enforcement in your government?
#Kish_marathon was held with obvious disregard for #religious_values ​​and #hijab_law; An action that rightly hurt public opinion./1"
1997283919700631953,alirezaabasi_ir,2025-12-06 14:36:08.854,"#ورزش_بانوان ارزشمند است، اما نه با زیرپا گذاشتن قانون و شئونات اسلامی.
مطالبه‌ اصلی مردم از دولت و دستگاه قضایی، شفاف‌سازی، برخورد با متخلفان و جلوگیری از تکرار رفتارهایی اینچنینی است./۲",0,0,0,https://x.com/alirezaabasi_ir/status/1997283919700631953,2025,12,2025-12-06,"#ورزش_بانوان ارزشمند است، اما نه با زیرپا گذاشتن قانون و شئونات اسلامی.
مطالبه‌ اصلی مردم از دولت و دستگاه قضایی، شفاف‌سازی، برخورد با متخلفان و جلوگیری از تکرار رفتارهایی اینچنینی است./۲","#Women's sports is valuable, but not by violating Islamic law and ethics.
The main demand of the people from the government and judicial system is clarification, dealing with violators and preventing the repetition of such behaviors./2"
1994365911680299156,alirezaabasi_ir,2025-11-28 13:21:01.528,روزنامه‌ «هاآرتص» و نشریه «کالکالیست» گزارش داده‌اند که پس از #طوفان_الاقصی و همچنین پاسخ مقتدرانه نیروی هوافضای #جمهوری_اسلامی در جنگ ۱۲ روزه، رژیم جعلی صهیونیستی اسناد حساس خود را به خارج از اراضی اشغالی منتقل می‌کند./۱,0,0,0,https://x.com/alirezaabasi_ir/status/1994365911680299156,2025,11,2025-11-28,روزنامه‌ «هاآرتص» و نشریه «کالکالیست» گزارش داده‌اند که پس از #طوفان_الاقصی و همچنین پاسخ مقتدرانه نیروی هوافضای #جمهوری_اسلامی در جنگ ۱۲ روزه، رژیم جعلی صهیونیستی اسناد حساس خود را به خارج از اراضی اشغالی منتقل می‌کند./۱,"""Haaretz"" newspaper and ""Calcalist"" newspaper have reported that after the #Al-Aqsa storm and also the powerful response of the #Islamic_Republic's aerospace force in the 12-day war, the fake Zionist regime is moving its sensitive documents outside the occupied territories./1"
1994365915698540984,alirezaabasi_ir,2025-11-28 13:21:02.486,بازار مسکن لوکس تل‌آویو فرو ریخته و دانشگاه هاروارد نیز مشغول جمع‌آوری اسناد و آماده‌سازی «میراث دوران پس از اسرائیل» است.این اخبار یعنی حتی متحدان این رژیم هم به #بقای آن باور ندارند؛ #رژیم_کودک‌کش به فضل الهی دهه آینده خود را نخواهد دید./۲,0,0,0,https://x.com/alirezaabasi_ir/status/1994365915698540984,2025,11,2025-11-28,بازار مسکن لوکس تل‌آویو فرو ریخته و دانشگاه هاروارد نیز مشغول جمع‌آوری اسناد و آماده‌سازی «میراث دوران پس از اسرائیل» است.این اخبار یعنی حتی متحدان این رژیم هم به #بقای آن باور ندارند؛ #رژیم_کودک‌کش به فضل الهی دهه آینده خود را نخواهد دید./۲,"Tel Aviv's luxury housing market has collapsed and Harvard University is busy collecting documents and preparing ""the legacy of the post-Israel era"". This news means that even the allies of this regime do not believe in its #survival; #Child-killing diet, by God's grace, will not see its next decade./2"
1993388241266114759,alirezaabasi_ir,2025-11-25 20:36:06.737,"آقای نوری!
در واردات #نهاده‌های_کشاورزی نه تنها باید مراقب انحصار و رانت برای شرکت‌های داخلی باشید بلکه در سفرهای خارجی هم باید به طرز اولی مراقب ایجاد #رانت و #انحصار برای شرکت‌های خارجی باشید.",0,0,0,https://x.com/alirezaabasi_ir/status/1993388241266114759,2025,11,2025-11-25,"آقای نوری!
در واردات #نهاده‌های_کشاورزی نه تنها باید مراقب انحصار و رانت برای شرکت‌های داخلی باشید بلکه در سفرهای خارجی هم باید به طرز اولی مراقب ایجاد #رانت و #انحصار برای شرکت‌های خارجی باشید.","Mr. Noori!
In importing #agricultural_inputs, you should not only be careful about monopoly and rent for domestic companies, but also in foreign trips, you should be careful about creating #rent and #monopoly for foreign companies."
1992492903525158923,alirezaabasi_ir,2025-11-23 09:18:21.585,"آقای پزشکیان!
طبق ماده ۴۴ #برنامه_هفتم، راه‌اندازی «سامانه جامع مدیریت هوشمند انرژی» تکلیف قانونی شماست.
تعویق در اجرای آن نه‌تنها جلوی #قاچاق چندمیلیارددلاری سوخت را نمی‌گیرد، بلکه آن را بیشتر هم می‌کند.

به‌جای گران‌کردن #سوخت، سیاست‌های غیرقیمتی و اجرای همین تکلیف قانونی را/۱",0,0,0,https://x.com/alirezaabasi_ir/status/1992492903525158923,2025,11,2025-11-23,"آقای پزشکیان!
طبق ماده ۴۴ #برنامه_هفتم، راه‌اندازی «سامانه جامع مدیریت هوشمند انرژی» تکلیف قانونی شماست.
تعویق در اجرای آن نه‌تنها جلوی #قاچاق چندمیلیارددلاری سوخت را نمی‌گیرد، بلکه آن را بیشتر هم می‌کند.

به‌جای گران‌کردن #سوخت، سیاست‌های غیرقیمتی و اجرای همین تکلیف قانونی را/۱","Mr. Doctors!
According to Article 44 of #7th_Program, it is your legal responsibility to set up a ""comprehensive intelligent energy management system"".
The delay in its implementation not only does not prevent multi-billion-dollar fuel smuggling, but also increases it.

Instead of increasing the price of #fuel, non-price policies and the implementation of this legal duty/1"
1992492906926768541,alirezaabasi_ir,2025-11-23 09:18:22.396,در اولویت بگذارید تا با رصد لحظه‌ای و میزان در جریان کالا و #فرآورده‌های_نفتی از برداشت تا مصرف در خطوط لوله و کليه مخازن و انبارها و شفافیت در توزیع و مصرف، از هدررفت میلیاردها دلار سوخت جلوگیری شود./۲,0,0,0,https://x.com/alirezaabasi_ir/status/1992492906926768541,2025,11,2025-11-23,در اولویت بگذارید تا با رصد لحظه‌ای و میزان در جریان کالا و #فرآورده‌های_نفتی از برداشت تا مصرف در خطوط لوله و کليه مخازن و انبارها و شفافیت در توزیع و مصرف، از هدررفت میلیاردها دلار سوخت جلوگیری شود./۲,Make it a priority to prevent the wastage of billions of dollars of fuel by monitoring the flow of goods and petroleum products from harvest to consumption in pipelines and all tanks and warehouses and transparency in distribution and consumption.
1990464546327478370,alirezaabasi_ir,2025-11-17 18:58:23.544,"آقای وزیر علوم!
آیا رئیس‌جمهور مانع اجرای سند اسلامی شدن دانشگاه‌ها هم شده که امروز شاهد مسابقه بی‌بندوباری و هنجارشکنی در دانشگاه‌ها هستیم؟
شما در حکم رئیس دانشگاه تهران، اجرای همین سند را مطالبه کرده بودید.
این رفتارها چه نسبتی با آن سند دارد؟
حداقل به امضای خود پایبند باشید/۱",0,0,0,https://x.com/alirezaabasi_ir/status/1990464546327478370,2025,11,2025-11-17,"آقای وزیر علوم!
آیا رئیس‌جمهور مانع اجرای سند اسلامی شدن دانشگاه‌ها هم شده که امروز شاهد مسابقه بی‌بندوباری و هنجارشکنی در دانشگاه‌ها هستیم؟
شما در حکم رئیس دانشگاه تهران، اجرای همین سند را مطالبه کرده بودید.
این رفتارها چه نسبتی با آن سند دارد؟
حداقل به امضای خود پایبند باشید/۱","Mr. Minister of Science!
Has the president prevented the implementation of the Islamization document of universities, as we are witnessing unrestrained and norm-breaking competition in universities today?
As the president of Tehran University, you demanded the execution of this document.
How do these behaviors relate to that document?
At least stick to your signature/1"
1990464549888418256,alirezaabasi_ir,2025-11-17 18:58:24.393,و در این موضوع فعالانه اقدام کنید./۲,0,0,0,https://x.com/alirezaabasi_ir/status/1990464549888418256,2025,11,2025-11-17,و در این موضوع فعالانه اقدام کنید./۲,And act actively in this matter./2
1990125705682715062,alirezaabasi_ir,2025-11-16 20:31:57.639,بی‌توجهی به #مدیریت_منابع_آب، از یک‌طرف #امنیت_غذایی را با خطر مواجه نموده و از طرف دیگر #فرونشست را در پی خواهد داشت و می‌تواند به #زیرساخت‌های استان البرز از جمله پل‌ها، اتوبان‌ها، خطوط انتقال آب، گاز و ریل‌های راه‌آهن آسیب جدی وارد کند./۱,0,0,0,https://x.com/alirezaabasi_ir/status/1990125705682715062,2025,11,2025-11-16,بی‌توجهی به #مدیریت_منابع_آب، از یک‌طرف #امنیت_غذایی را با خطر مواجه نموده و از طرف دیگر #فرونشست را در پی خواهد داشت و می‌تواند به #زیرساخت‌های استان البرز از جمله پل‌ها، اتوبان‌ها، خطوط انتقال آب، گاز و ریل‌های راه‌آهن آسیب جدی وارد کند./۱,"Ignoring the management of water resources, on the one hand, endangers food security, and on the other hand, it will lead to subsidence and can cause serious damage to the infrastructure of Alborz province, including bridges, highways, water transmission lines, gas and railway tracks./1"
1990125708878725312,alirezaabasi_ir,2025-11-16 20:31:58.401,اگر منابع آب مدیریت نشود، #آبخیزداری، #آبخوانداری به کارگرفته نشود، #بهره‌وری_کشاورزی و آب با ظرفیت دانش بنیانی ارتقاء نیابد و #بازچرخانی_آب اجرا نشود و طرح‌ها و قوانین فقط روی کاغذ بماند، #استان_البرز تاوانش را با تشدید فرونشست خواهد داد./۲,0,0,0,https://x.com/alirezaabasi_ir/status/1990125708878725312,2025,11,2025-11-16,اگر منابع آب مدیریت نشود، #آبخیزداری، #آبخوانداری به کارگرفته نشود، #بهره‌وری_کشاورزی و آب با ظرفیت دانش بنیانی ارتقاء نیابد و #بازچرخانی_آب اجرا نشود و طرح‌ها و قوانین فقط روی کاغذ بماند، #استان_البرز تاوانش را با تشدید فرونشست خواهد داد./۲,"If water resources are not managed, #watersheds, #aquifers are not used, #agricultural productivity and water are not improved with the capacity of basic knowledge, and #water_recycling is not implemented and plans and laws remain only on paper, #Alborz_province will pay the price by intensifying subsidence./2"
1987094254917738931,alirezaabasi_ir,2025-11-08 11:46:03.455,"آقای قائم پناه! دغدغه #معیشت مردم وظیفه اصلی شماست که امروز باید بابت آن پاسخگو باشید نه نگران!
آیا وقتی معاون بازرگانی وزارت جهاد را صرفاً برای پرکردن #سهمیه انتخاب کردید به این فکر کردید که یک انتخاب اشتباه چه بلایی سر #سفره_مردم می‌آورد؟ /۱",0,0,0,https://x.com/alirezaabasi_ir/status/1987094254917738931,2025,11,2025-11-08,"آقای قائم پناه! دغدغه #معیشت مردم وظیفه اصلی شماست که امروز باید بابت آن پاسخگو باشید نه نگران!
آیا وقتی معاون بازرگانی وزارت جهاد را صرفاً برای پرکردن #سهمیه انتخاب کردید به این فکر کردید که یک انتخاب اشتباه چه بلایی سر #سفره_مردم می‌آورد؟ /۱","Mr. Ghaempanah! Worrying about people's lives is your main duty, which you should be responsible for today, not worried!
When you chose the vice president of the Ministry of Jihad just to fill the #quota, did you think about what a wrong choice would do to the #people's table? /1"
1987094258034315600,alirezaabasi_ir,2025-11-08 11:46:04.198,همان‌زمان هم حضوری به شما تذکر دادم و امروز نتیجه این تصمیم اشتباه را مردم با گرانی سرسام‌آور  می‌بینند./۲,0,0,0,https://x.com/alirezaabasi_ir/status/1987094258034315600,2025,11,2025-11-08,همان‌زمان هم حضوری به شما تذکر دادم و امروز نتیجه این تصمیم اشتباه را مردم با گرانی سرسام‌آور  می‌بینند./۲,"At the same time, I warned you in person, and today people are seeing the result of this wrong decision at a staggering cost./2"
1985071059339518451,alirezaabasi_ir,2025-11-02 21:46:36.040,"آقای وزیر بهداشت!
گزارش‌های متعدد از #تخلفات_مالی و اداری در #دانشگاه_علوم_پزشکی_ایران زنگ خطر جدی برای نظام سلامت است.
سکوت #وزارت_بهداشت در برابر هدر رفت #بیت‌المال نشانه ضعف مدیریتی و بی ارادگی در مقابله با #فساد است.
مردم شفاف‌سازی فوری می‌خواهند.",0,0,0,https://x.com/alirezaabasi_ir/status/1985071059339518451,2025,11,2025-11-02,"آقای وزیر بهداشت!
گزارش‌های متعدد از #تخلفات_مالی و اداری در #دانشگاه_علوم_پزشکی_ایران زنگ خطر جدی برای نظام سلامت است.
سکوت #وزارت_بهداشت در برابر هدر رفت #بیت‌المال نشانه ضعف مدیریتی و بی ارادگی در مقابله با #فساد است.
مردم شفاف‌سازی فوری می‌خواهند.","Mr. Minister of Health!
Numerous reports of #financial and administrative violations in #Iran_University_of_Medical_Sciences are a serious alarm for the health system.
The silence of the #Health_Ministry against the wastage of #Beitul Mal is a sign of managerial weakness and lack of will to deal with #corruption.
People want immediate clarification."
1983992604762272190,alirezaabasi_ir,2025-10-30 22:21:12.432,#شیخ_فتنه‌گر که در انتخابات۸۸ با ترفندهای پوپولیستی حتی نتوانست رأی رئیس ستاد انتخاباتی خود را جذب کند و به #آراء_باطله هم باخت و با پررویی تمام مدعی تقلب شد،با شورش علیه #جمهوریت به صورت نظام چنگ زد و به همراه دوستان خود ۸ماه کشور رادر آشوب و فتنه نگاه داشت و تحریم‌های ظالمانه/۱,0,0,0,https://x.com/alirezaabasi_ir/status/1983992604762272190,2025,10,2025-10-30,#شیخ_فتنه‌گر که در انتخابات۸۸ با ترفندهای پوپولیستی حتی نتوانست رأی رئیس ستاد انتخاباتی خود را جذب کند و به #آراء_باطله هم باخت و با پررویی تمام مدعی تقلب شد،با شورش علیه #جمهوریت به صورت نظام چنگ زد و به همراه دوستان خود ۸ماه کشور رادر آشوب و فتنه نگاه داشت و تحریم‌های ظالمانه/۱,"#Shaikh Fatnegar, who could not even attract the votes of his head of the election headquarters with populist tricks in the 1988 elections, and lost to invalid votes and arrogantly claimed fraud, seized the system with a rebellion against the #Republic, and together with his friends, kept the country in chaos and sedition for 8 months and cruel sanctions/1"
1983992607333347519,alirezaabasi_ir,2025-10-30 22:21:13.045,"را بر کشور تحمیل کرد!
امروز در جایگاه مدعی نشسته و برای #اقتصاد مردم اشک می‌ریزد!
خوب است رقیب #آراء_باطله پاسخ دهد: 
چرا روزی که رئیس مجلس بود، ۳۰۰ میلیون تومان از شهرام جزایری گرفت و میل کرد؟ ارزش آن هدیه!! امروز چقدر است ۱۰۰۰ میلیارد یا بیشتر؟!/۲",0,0,0,https://x.com/alirezaabasi_ir/status/1983992607333347519,2025,10,2025-10-30,"را بر کشور تحمیل کرد!
امروز در جایگاه مدعی نشسته و برای #اقتصاد مردم اشک می‌ریزد!
خوب است رقیب #آراء_باطله پاسخ دهد: 
چرا روزی که رئیس مجلس بود، ۳۰۰ میلیون تومان از شهرام جزایری گرفت و میل کرد؟ ارزش آن هدیه!! امروز چقدر است ۱۰۰۰ میلیارد یا بیشتر؟!/۲","imposed on the country!
Today, he is sitting in the position of the claimant and is shedding tears for the #economy of the people!
It is good for the competitor of #Battle_Votes to answer: 
Why did he take 300 million tomans from Shahram Jazayeri on the day he was Speaker of the Parliament? Worth the gift!! How much is 1000 billion or more today?!/2"
1983847622034256090,alirezaabasi_ir,2025-10-30 12:45:05.856,"مزدوران داخلی و سرمایه‌های رژیم صهیونیستی در ایران، کینه دیرینه‌شان از زنان محجبه و مدافع انقلاب را پنهان نمیکنند.
به اسم کار رسانه‌ای از هر بهانه‌ای برای هجمه به ارزشهای دینی استفاده میکنند.
وقت آن است دستگاههای مسئول بدون مماشات با عوامل این دسیسه برخوردی عبرت‌آموز داشته باشند.",0,0,0,https://x.com/alirezaabasi_ir/status/1983847622034256090,2025,10,2025-10-30,"مزدوران داخلی و سرمایه‌های رژیم صهیونیستی در ایران، کینه دیرینه‌شان از زنان محجبه و مدافع انقلاب را پنهان نمیکنند.
به اسم کار رسانه‌ای از هر بهانه‌ای برای هجمه به ارزشهای دینی استفاده میکنند.
وقت آن است دستگاههای مسئول بدون مماشات با عوامل این دسیسه برخوردی عبرت‌آموز داشته باشند.","Internal mercenaries and capitals of the Zionist regime in Iran do not hide their long-standing grudge against veiled women and defenders of the revolution.
In the name of media work, they use any excuse to attack religious values.
It is time for the responsible agencies to deal with the perpetrators of this conspiracy without appeasement."
1981693321665008046,alirezaabasi_ir,2025-10-24 15:04:40.623,"سیرک پرتغال نمادی از #ترک‌فعل، #بی‌تدبیری و #بی‌مسئولیتی دستگاه‌های اجرایی در البرز و کرج است.
به بهانه نشاط و وفاق نباید #ارزش‌های_دینی ذبح و #قانون لگدمال گردد.
مسئولان صادرکننده مجوز باید پاسخگو و با متخلفین برخورد گردد و مجوز این #هنجارشکنی آشکار فوراً لغو شود.",0,0,0,https://x.com/alirezaabasi_ir/status/1981693321665008046,2025,10,2025-10-24,"سیرک پرتغال نمادی از #ترک‌فعل، #بی‌تدبیری و #بی‌مسئولیتی دستگاه‌های اجرایی در البرز و کرج است.
به بهانه نشاط و وفاق نباید #ارزش‌های_دینی ذبح و #قانون لگدمال گردد.
مسئولان صادرکننده مجوز باید پاسخگو و با متخلفین برخورد گردد و مجوز این #هنجارشکنی آشکار فوراً لغو شود.","The Portuguese circus is a symbol of #inaction, #recklessness and #irresponsibility of executive bodies in Alborz and Karaj.
Religious values ​​should not be slaughtered and the law should not be trampled under the pretext of happiness and peace.
Licensing officials should be held accountable and violators should be dealt with, and the license of this blatant violation of #norms should be canceled immediately."
1981236721208775131,alirezaabasi_ir,2025-10-23 08:50:18.591,"با پیگیری‌ بسیاری از نمایندگان، سرانجام سران قوا تصمیم به انحلال #بانک_آینده گرفتند که انشاءالله این اقدام شروعی برای اصلاح در مجموعه اقتصاد کشور باشد.
ولی فراموش نشود تا وقتی خسارت‌های مالی فراوانی که صاحبان بانک آینده به اقتصاد کشور زده اند، از مجموع دارایی‌های سهامدار اصلی/۱",0,0,0,https://x.com/alirezaabasi_ir/status/1981236721208775131,2025,10,2025-10-23,"با پیگیری‌ بسیاری از نمایندگان، سرانجام سران قوا تصمیم به انحلال #بانک_آینده گرفتند که انشاءالله این اقدام شروعی برای اصلاح در مجموعه اقتصاد کشور باشد.
ولی فراموش نشود تا وقتی خسارت‌های مالی فراوانی که صاحبان بانک آینده به اقتصاد کشور زده اند، از مجموع دارایی‌های سهامدار اصلی/۱","With the follow-up of many representatives, the leaders finally decided to liquidate #Aindeh Bank, God willing, this will be the beginning of reforming the country's economy.
But let's not forget until the huge financial losses that the owners of the future bank have caused to the country's economy, from the total assets of the main shareholder/1"
1981236726426468518,alirezaabasi_ir,2025-10-23 08:50:19.835,و متخلف آن پرداخت نگردد و عاملان آن به گونه‌ای مورد محاکمه و بازخواست قرار نگیرند که بازدارندگی داشته باشد، این انحلال به ضد خودش تبدیل خواهد شد و در اصلاح #اقتصاد کشور هیچ تاثیری نخواهد داشت./۲,0,0,0,https://x.com/alirezaabasi_ir/status/1981236726426468518,2025,10,2025-10-23,و متخلف آن پرداخت نگردد و عاملان آن به گونه‌ای مورد محاکمه و بازخواست قرار نگیرند که بازدارندگی داشته باشد، این انحلال به ضد خودش تبدیل خواهد شد و در اصلاح #اقتصاد کشور هیچ تاثیری نخواهد داشت./۲,"And if the violator is not paid and the perpetrators are not tried and prosecuted in a way that has deterrence, this liquidation will turn against itself and will not have any effect on the reform of the #economy of the country./2"
1980569099844612393,alirezaabasi_ir,2025-10-21 12:37:25.254,"آقای رئیس جمهور! اگر برای اصلاح نظام اداری کشور به مُر #قانون عمل کنید، مطمئن باشید کسی علیه شما جوسازی نمی‌کند.
مشکل این است که #قانون و اجرای آن برای دولت شما اهمیتی ندارد!",0,0,0,https://x.com/alirezaabasi_ir/status/1980569099844612393,2025,10,2025-10-21,"آقای رئیس جمهور! اگر برای اصلاح نظام اداری کشور به مُر #قانون عمل کنید، مطمئن باشید کسی علیه شما جوسازی نمی‌کند.
مشکل این است که #قانون و اجرای آن برای دولت شما اهمیتی ندارد!","Mr. President! If you follow the law to reform the country's administrative system, be sure that no one will plot against you.
The problem is that #law and its implementation are not important for your government!"
1978358073900077490,alirezaabasi_ir,2025-10-15 10:11:35.590,اخیرا امپراطور واردات نهاده‌های دامی اقدام به دریافت کد کوتاژ غیر واقعی، عرضه در سامانه بازارگاه، فروش صوری به دامداران داخلی و مطالبه دریافت #ارز_ترجیحی، برای ۱۰ کشتی کالایی نموده که اساسا ۸ کشتی آن وجود خارجی ندارد.,0,0,0,https://x.com/alirezaabasi_ir/status/1978358073900077490,2025,10,2025-10-15,اخیرا امپراطور واردات نهاده‌های دامی اقدام به دریافت کد کوتاژ غیر واقعی، عرضه در سامانه بازارگاه، فروش صوری به دامداران داخلی و مطالبه دریافت #ارز_ترجیحی، برای ۱۰ کشتی کالایی نموده که اساسا ۸ کشتی آن وجود خارجی ندارد.,"Recently, Emperor Import of Livestock Inputs has tried to obtain fake cottage code, offer it in the market system, make a fake sale to domestic ranchers and demand to receive #preferential_currency, for 10 cargo ships, of which basically 8 ships do not exist abroad."
1978358076148273390,alirezaabasi_ir,2025-10-15 10:11:36.126,آقای پزشکیان! انحصار، رانت اطلاعاتی و عدم نظارت موثر، فساد در زنجیره تامین #کالاهای_اساسی را تثبیت و #امنیت_غذایی کشور را به خطر خواهد انداخت.,0,0,0,https://x.com/alirezaabasi_ir/status/1978358076148273390,2025,10,2025-10-15,آقای پزشکیان! انحصار، رانت اطلاعاتی و عدم نظارت موثر، فساد در زنجیره تامین #کالاهای_اساسی را تثبیت و #امنیت_غذایی کشور را به خطر خواهد انداخت.,"Mr. Doctors! Monopoly, information rent and lack of effective supervision will stabilize corruption in the supply chain of #basic_goods and endanger #food_security of the country."
1978348017552957710,alirezaabasi_ir,2025-10-15 09:31:37.970,"آقای پزشکیان
انحصار، رانت اطلاعاتی و عدم نظارت موثر، فساد در زنجیره تامین #کالاهای_اساسی را تثبیت و #امنیت_غذایی کشور را به خطر انداخته است.",0,0,0,https://x.com/alirezaabasi_ir/status/1978348017552957710,2025,10,2025-10-15,"آقای پزشکیان
انحصار، رانت اطلاعاتی و عدم نظارت موثر، فساد در زنجیره تامین #کالاهای_اساسی را تثبیت و #امنیت_غذایی کشور را به خطر انداخته است.","Mr. Doctors
Monopoly, information rent and lack of effective supervision have established corruption in the supply chain of #basic_goods and endangered the #food_security of the country."
1975079931219685440,alirezaabasi_ir,2025-10-06 09:05:25.470,"سامانه بازارگاه راه اندازی شد تا امضای طلایی برای واردات حذف و نهاده‌ها مستقیم و سریع توزیع شود، ولی امضای طلایی عوامل توزیع را هم اضافه کرد.
آقای نوری عدم مقابله با عوامل توزیع، فاکتورهای دوم و پشت فاکتورها در دوره شما قیمت مرغ را آسمانی و سفره های مردم را کوچ و کوچکتر کرده است.",0,0,0,https://x.com/alirezaabasi_ir/status/1975079931219685440,2025,10,2025-10-06,"سامانه بازارگاه راه اندازی شد تا امضای طلایی برای واردات حذف و نهاده‌ها مستقیم و سریع توزیع شود، ولی امضای طلایی عوامل توزیع را هم اضافه کرد.
آقای نوری عدم مقابله با عوامل توزیع، فاکتورهای دوم و پشت فاکتورها در دوره شما قیمت مرغ را آسمانی و سفره های مردم را کوچ و کوچکتر کرده است.","Bazargah system was launched to remove the golden signature for imports and distribute inputs directly and quickly, but the golden signature also added distribution agents.
Mr. Nouri, failure to deal with distribution factors, second invoices and back invoices during your period has made the price of chicken sky high and people's tables have moved and become smaller."
1975103133002162662,alirezaabasi_ir,2025-10-06 10:37:37.206,*کوچک,0,0,0,https://x.com/alirezaabasi_ir/status/1975103133002162662,2025,10,2025-10-06,*کوچک,*small
1974708660166402293,alirezaabasi_ir,2025-10-05 08:30:07.553,آقای باهنر! گویا شکست در انتخابات مجلس دوازدهم خیلی به شما گران تمام شده که تمامی هنرتان رابرای انتقام از جریان انقلابی به میدان آورده‌ و با دشمنان نظام اسلامی در #حرام_شرعی و #حرام_سیاسی کشف #حجاب همراه شده‌اید! تا دیر نشده از این مسیر انحرافی برگردید و اشتباه خود را اصلاح کنید.,0,0,0,https://x.com/alirezaabasi_ir/status/1974708660166402293,2025,10,2025-10-05,آقای باهنر! گویا شکست در انتخابات مجلس دوازدهم خیلی به شما گران تمام شده که تمامی هنرتان رابرای انتقام از جریان انقلابی به میدان آورده‌ و با دشمنان نظام اسلامی در #حرام_شرعی و #حرام_سیاسی کشف #حجاب همراه شده‌اید! تا دیر نشده از این مسیر انحرافی برگردید و اشتباه خود را اصلاح کنید.,Mr. Bahner! It seems that defeat in the elections of the 12th parliament cost you so much that you brought all your art to the field to take revenge on the revolutionary movement and joined the enemies of the Islamic system in #Sharia_Haram and #Political_Haram Kashf #Hijab! Return from this detour before it is too late and correct your mistake.
1973825960865857830,alirezaabasi_ir,2025-10-02 22:02:35.640,"ده سال پیش فقط #برجام شد تصمیم نظام!
اما از سه ماه گذشته تاکنون ظريف شد سرباز نظام!
بی حجابی شد تدبیر نظام!
و اخیرا هم تصویب #پالرمو_و_سی‌اف‌تی شد مصلحت نظام!
به نظر؛ آقایان و خانم‌ها در رابطه با مصلحت و نظام زیرکانه در حال #توریه هستند...
حَضَرات به کجا چنین شتابان!",0,0,0,https://x.com/alirezaabasi_ir/status/1973825960865857830,2025,10,2025-10-02,"ده سال پیش فقط #برجام شد تصمیم نظام!
اما از سه ماه گذشته تاکنون ظريف شد سرباز نظام!
بی حجابی شد تدبیر نظام!
و اخیرا هم تصویب #پالرمو_و_سی‌اف‌تی شد مصلحت نظام!
به نظر؛ آقایان و خانم‌ها در رابطه با مصلحت و نظام زیرکانه در حال #توریه هستند...
حَضَرات به کجا چنین شتابان!","Ten years ago, only the decision of the system was implemented!
But since the last three months, he has become a military soldier!
Hijab became the plan of the system!
And recently the approval of #Palermo_and_CFT was expedient!
to the opinion; Gentlemen and ladies are being confused about expediency and the clever system...
Where are you in such a hurry?"
1972044428203512163,alirezaabasi_ir,2025-09-28 00:03:25.154,"داستان حزب‌الله لبنان،
داستان دنباله‌داری است...",0,0,0,https://x.com/Khamenei_fa/status/1972044428203512163,2025,9,2025-09-28,"داستان حزب‌الله لبنان،
داستان دنباله‌داری است...","The story of Lebanon's Hezbollah
The story is a sequel..."
1970165121038327953,alirezaabasi_ir,2025-09-22 19:35:43.410,"آقای رئیس‌جمهور!
زمزمه‌ ارتباط یکی از معاونان شما با مافیای واردات #نهاده‌های_دامی درحال انتشار است، هرچه سریعتر موضوع را بررسی و نسبت به‌ اصلاح آن اقدام و شفاف‌سازی نمائید.
فساد، رانت و انحصار و همچنین حمایت از آن، در هر دولتی و از طرف هر فردی مذموم است و باید با آن مقابله شود.",0,0,0,https://x.com/alirezaabasi_ir/status/1970165121038327953,2025,9,2025-09-22,"آقای رئیس‌جمهور!
زمزمه‌ ارتباط یکی از معاونان شما با مافیای واردات #نهاده‌های_دامی درحال انتشار است، هرچه سریعتر موضوع را بررسی و نسبت به‌ اصلاح آن اقدام و شفاف‌سازی نمائید.
فساد، رانت و انحصار و همچنین حمایت از آن، در هر دولتی و از طرف هر فردی مذموم است و باید با آن مقابله شود.","Mr. President!
Rumors of one of your deputy's connections with the mafia of importing #livestock_inputs are being published, investigate the issue as soon as possible and correct it and make it clear.
Corruption, rent and monopoly, as well as its support, are reprehensible in any government and by any individual and must be dealt with."
1969072793527423037,alirezaabasi_ir,2025-09-19 19:15:12.237,"#مکانیسم_ماشه ای که مدعی بودند در #برجام وجود ندارد، امروز فعال شد و تحریم‌هایی که ادعا می‌کردند دیگر برنمی‌گردد نیز، امروز برگشت!
۱۰ سال پیش با فریبکاری، به مسببین #خسارت_محض نشان افتخار اعطا و صدها سکه نیز اهدا گردید و هموار کنندگان مسیر سازش با غرب، بهره سیاسی خود را در /۱",0,0,0,https://x.com/alirezaabasi_ir/status/1969072793527423037,2025,9,2025-09-19,"#مکانیسم_ماشه ای که مدعی بودند در #برجام وجود ندارد، امروز فعال شد و تحریم‌هایی که ادعا می‌کردند دیگر برنمی‌گردد نیز، امروز برگشت!
۱۰ سال پیش با فریبکاری، به مسببین #خسارت_محض نشان افتخار اعطا و صدها سکه نیز اهدا گردید و هموار کنندگان مسیر سازش با غرب، بهره سیاسی خود را در /۱","The #trigger_mechanism that they claimed does not exist in the #JCPOA was activated today and the sanctions that they claimed would never return came back today!
10 years ago, with deception, those who caused the damage were given the badge of honor and hundreds of coins were also given, and those who paved the way for reconciliation with the West, their political benefit in 1/"
1969072795913961870,alirezaabasi_ir,2025-09-19 19:15:12.806,"انتخابات بردند ولی نظام را در یک #تله_دیپلماتیک مشکوک انداختند.
امروز انتظار می‌رود مسئولین #دستگاه_قضا مسببین و عاملین این تله مشکوک را به زیر کشانده و مواخذه و بازخواست نماید./۲",0,0,0,https://x.com/alirezaabasi_ir/status/1969072795913961870,2025,9,2025-09-19,"انتخابات بردند ولی نظام را در یک #تله_دیپلماتیک مشکوک انداختند.
امروز انتظار می‌رود مسئولین #دستگاه_قضا مسببین و عاملین این تله مشکوک را به زیر کشانده و مواخذه و بازخواست نماید./۲","They won the elections, but they threw the system into a dubious #diplomatic_trap.
Today, it is expected that the officials of the #Judicial_Department will bring down the culprits and the perpetrators of this suspicious trap, indict and hold them accountable./2"
1967055098137481438,alirezaabasi_ir,2025-09-14 05:37:36.169,"#تجربه_تلخ برجام و خسارت‌های حاصل از آن، برعکس ادعاهایی که در زمان مذاکرات و تصویب این #خسارت_محض مطرح می‌شد، نگرانی‌ها را دو چندان و حساسیت‌ها را به متن توافق قاهره بیشتر کرده است تا مبادا خطاهای سابق تکرار شود
و فرانچسکوهای داخلی و خارجی با اضافه و کم کردن عباراتی در متن، از /۱",0,0,0,https://x.com/alirezaabasi_ir/status/1967055098137481438,2025,9,2025-09-14,"#تجربه_تلخ برجام و خسارت‌های حاصل از آن، برعکس ادعاهایی که در زمان مذاکرات و تصویب این #خسارت_محض مطرح می‌شد، نگرانی‌ها را دو چندان و حساسیت‌ها را به متن توافق قاهره بیشتر کرده است تا مبادا خطاهای سابق تکرار شود
و فرانچسکوهای داخلی و خارجی با اضافه و کم کردن عباراتی در متن، از /۱","The bitter experience of the JCPOA and the damages resulting from it, contrary to the claims that were made during the negotiations and the approval of this damage, have doubled the concerns and sensitivities to the text of the Cairo Agreement, so as not to repeat the mistakes of the past.
and internal and external Francescos by adding and subtracting phrases in the text, from 1"
1967055100427620374,alirezaabasi_ir,2025-09-14 05:37:36.715,خطوط قرمز و مصوبات مجلس عبور و #خسارت_محض دیگری را به کشور تحمیل کنند./۲,0,0,0,https://x.com/alirezaabasi_ir/status/1967055100427620374,2025,9,2025-09-14,خطوط قرمز و مصوبات مجلس عبور و #خسارت_محض دیگری را به کشور تحمیل کنند./۲,crossing red lines and the approvals of the parliament and inflicting other damages on the country./2
1966089601086533856,alirezaabasi_ir,2025-09-11 13:41:03.734,بی‌صبرانه روزی را آرزو می‌کنم و مجدانه در مجلس نیز پیگیر خواهم بود تا #صلاحیت_علمی اعضای هیات علمی در هیات ممیزه دانشگاه‌ها بصورت #علنی_و_شفاف مورد بررسی قرار بگیرد و نتیجه آن به اطلاع عموم نیز برسد و #عدم_شایستگی_علمی افرادی مانند شریفی زارچی را همگان بدانند تا بعد از اعلام /۱,0,0,0,https://x.com/alirezaabasi_ir/status/1966089601086533856,2025,9,2025-09-11,بی‌صبرانه روزی را آرزو می‌کنم و مجدانه در مجلس نیز پیگیر خواهم بود تا #صلاحیت_علمی اعضای هیات علمی در هیات ممیزه دانشگاه‌ها بصورت #علنی_و_شفاف مورد بررسی قرار بگیرد و نتیجه آن به اطلاع عموم نیز برسد و #عدم_شایستگی_علمی افرادی مانند شریفی زارچی را همگان بدانند تا بعد از اعلام /۱,I eagerly wish for a day and I will diligently follow up in the parliament so that the #scientific_competence of the members of the academic staff is examined in a #public_and_transparent way and the result is made known to the public and the #lack of_scientific_competence of people like Sharifi Zarchi is known to everyone until after the announcement/1
1966089627967869104,alirezaabasi_ir,2025-09-11 13:41:10.143,عدم شایستگی علمی‌شان در دانشگاه، جوسازی سیاسی نکنند و با نامه نگاری به مسولین رده بالای کشور، قانون را دور نزنند.همین افراد با فراری رو به جلو #فریبکارانه، طلبکارانه و بدور از انصاف دم از قانون و انتخابات آزاد در همه سطوح هم می زنند./۲,0,0,0,https://x.com/alirezaabasi_ir/status/1966089627967869104,2025,9,2025-09-11,عدم شایستگی علمی‌شان در دانشگاه، جوسازی سیاسی نکنند و با نامه نگاری به مسولین رده بالای کشور، قانون را دور نزنند.همین افراد با فراری رو به جلو #فریبکارانه، طلبکارانه و بدور از انصاف دم از قانون و انتخابات آزاد در همه سطوح هم می زنند./۲,"Their academic incompetence in the university should not create a political atmosphere and they should not circumvent the law by writing letters to the country's high-ranking officials. These same people, by fleeing forward, are deceiving, dishonest and unfair, and are also destroying the law and free elections at all levels./2"
1966089634590634347,alirezaabasi_ir,2025-09-11 13:41:11.722,برگزاری جلسات هیات ممیزه و کمیسیون‌های تخصصی به صورت علنی و شفاف در دانشگاه‌ها، تنها راه خلع سلاح این افراد و بازگشت #قدرت_علمی به دانشگاه‌ها و وزارت علوم، تحقیقات و فناوری و نجات آینده علمی ایران از فشارهای #سیاسی و #رانت_بازی افرادی مثل #شریفی_زارچی است./۳,0,0,0,https://x.com/alirezaabasi_ir/status/1966089634590634347,2025,9,2025-09-11,برگزاری جلسات هیات ممیزه و کمیسیون‌های تخصصی به صورت علنی و شفاف در دانشگاه‌ها، تنها راه خلع سلاح این افراد و بازگشت #قدرت_علمی به دانشگاه‌ها و وزارت علوم، تحقیقات و فناوری و نجات آینده علمی ایران از فشارهای #سیاسی و #رانت_بازی افرادی مثل #شریفی_زارچی است./۳,"The only way to disarm these people and return scientific power to the universities and the Ministry of Science, Research and Technology and to save Iran's scientific future from political pressures and the bribery of people like Sharifi Zarchi is to hold meetings of audit committees and specialized commissions openly and transparently in universities."
1965783513816547481,alirezaabasi_ir,2025-09-10 17:24:46.842,آقای عراقچی! شک نکنید گروسی به وظیفه ذاتی خود یعنی محکوم کردن حملات وحشیانه آمریکا و رژیم صهیونیستی به تاسیسات هسته‌ای کشورمان، عمل نمی‌کند، این عمله و جاسوس آمریکا و اسرائیل بعد از تامین خواسته های اربابانش، اگر گرای حمله ندهد، جلوی اجرای قطعنامه‌ها و دستپخت مذاکره‌کننده ارشد/۱,0,0,0,https://x.com/alirezaabasi_ir/status/1965783513816547481,2025,9,2025-09-10,آقای عراقچی! شک نکنید گروسی به وظیفه ذاتی خود یعنی محکوم کردن حملات وحشیانه آمریکا و رژیم صهیونیستی به تاسیسات هسته‌ای کشورمان، عمل نمی‌کند، این عمله و جاسوس آمریکا و اسرائیل بعد از تامین خواسته های اربابانش، اگر گرای حمله ندهد، جلوی اجرای قطعنامه‌ها و دستپخت مذاکره‌کننده ارشد/۱,"Mr. Araghchi! Do not doubt that Grossi does not fulfill his inherent duty of condemning the barbaric attacks of America and the Zionist regime on the nuclear facilities of our country. After meeting the demands of his masters, this agent and spy of America and Israel, if he does not attack, will prevent the implementation of the resolutions and the handiwork of the chief negotiator/1"
1965783516597325839,alirezaabasi_ir,2025-09-10 17:24:47.505,"و ظريف #دولت_عبرت یعنی #مکانیسم_ماشه را نخواهد گرفت، لذا در مذاکراتتان:
- مصوبه مجلس الزام دولت به #تعلیق_همکاری_با_آژانس را به تمام  و کمال رعایت کنید
- از منافع و مصالح ملی مراقبت کنید
- راوی و حافظ قوت و قدرت ایران باشید
- فرانچسکوهای داخلی و خارجی را هم رصد کنید./۲",0,0,0,https://x.com/alirezaabasi_ir/status/1965783516597325839,2025,9,2025-09-10,"و ظريف #دولت_عبرت یعنی #مکانیسم_ماشه را نخواهد گرفت، لذا در مذاکراتتان:
- مصوبه مجلس الزام دولت به #تعلیق_همکاری_با_آژانس را به تمام  و کمال رعایت کنید
- از منافع و مصالح ملی مراقبت کنید
- راوی و حافظ قوت و قدرت ایران باشید
- فرانچسکوهای داخلی و خارجی را هم رصد کنید./۲","And Zarif won't take the lesson of the #government, that is, the #trigger mechanism, so in your negotiations:
- Comply with the resolution of the parliament requiring the government to #suspend cooperation with the agency
- Take care of national interests and interests
- Be the narrator and preserver of Iran's strength and power
- Observe the internal and external Francescos./2"
1965783521961865394,alirezaabasi_ir,2025-09-10 17:24:48.784,در صورت رعایت موارد ذکر شده، از شما و توافق حاصله حمایت خواهیم کرد ولی در غیر اینصورت، بر اساس سوگندی که خورده‌ایم و عهدی که با مردم بسته‌ایم به #وظایف_قانونی_و_نظارتی خود در این رابطه عمل خواهیم کرد./۳,0,0,0,https://x.com/alirezaabasi_ir/status/1965783521961865394,2025,9,2025-09-10,در صورت رعایت موارد ذکر شده، از شما و توافق حاصله حمایت خواهیم کرد ولی در غیر اینصورت، بر اساس سوگندی که خورده‌ایم و عهدی که با مردم بسته‌ایم به #وظایف_قانونی_و_نظارتی خود در این رابطه عمل خواهیم کرد./۳,"If you comply with the mentioned items, we will support you and the resulting agreement, but otherwise, based on the oath we took and the covenant we made with the people, we will act on our #legal_and_supervisory_duties in this regard./3"
1965528975989768603,alirezaabasi_ir,2025-09-10 00:33:20.295,وقتی در پاسخ تجاوز نظامی آمریکا به تاسیسات هسته‌ای ایران، پایگاه آمریکایی العدید قطر موشک باران شد، بزرگترین عملیات سامانه پدافند آمریکایی مستقر در قطر به فعالیت درآمد، ولی در تجاوز صهیونیست‌ها به پایتخت قطر، به خیال ترور مقامات حماس آن هم در حین مذاکره، هیچ گزارشی از شلیک /۱,0,0,0,https://x.com/alirezaabasi_ir/status/1965528975989768603,2025,9,2025-09-10,وقتی در پاسخ تجاوز نظامی آمریکا به تاسیسات هسته‌ای ایران، پایگاه آمریکایی العدید قطر موشک باران شد، بزرگترین عملیات سامانه پدافند آمریکایی مستقر در قطر به فعالیت درآمد، ولی در تجاوز صهیونیست‌ها به پایتخت قطر، به خیال ترور مقامات حماس آن هم در حین مذاکره، هیچ گزارشی از شلیک /۱,"When, in response to the US military aggression against Iran's nuclear facilities, missiles were fired at the Al-Adeed American base in Qatar, the largest operation of the American defense system based in Qatar was activated, but during the Zionist invasion of the Qatari capital, with the idea of ​​assassinating Hamas officials during the negotiations, there was no report of firing. 1"
1965528994872525228,alirezaabasi_ir,2025-09-10 00:33:24.797,"سامانه‌های پدافندی پیشرفته امریکایی مخابره نشد.
تو خود حدیث مفصل بخوان از این مجمل.../۲",0,0,0,https://x.com/alirezaabasi_ir/status/1965528994872525228,2025,9,2025-09-10,"سامانه‌های پدافندی پیشرفته امریکایی مخابره نشد.
تو خود حدیث مفصل بخوان از این مجمل.../۲","American advanced defense systems were not transmitted.
Read a detailed hadith from this collection yourself.../2"
1964698290517409961,alirezaabasi_ir,2025-09-07 17:32:29.445,بیش از یک سال از استقرار #دولت_چهاردهم و تقریبا سه ماه از تاریخ کسب رای اعتماد وزیر جدید اقتصاد می گذرد، خانم مهاجرانی و آقایان حضرتی، احمدنیا، طباطبایی و ... که در هر نوع حاشیه‌سازی و حاشیه‌بازی سیاسی پیشقدم هستند، الان دقیقا کجا هستند تا یک اطلاع‌رسانی حداقلی در رابطه با /۱,0,0,0,https://x.com/alirezaabasi_ir/status/1964698290517409961,2025,9,2025-09-07,بیش از یک سال از استقرار #دولت_چهاردهم و تقریبا سه ماه از تاریخ کسب رای اعتماد وزیر جدید اقتصاد می گذرد، خانم مهاجرانی و آقایان حضرتی، احمدنیا، طباطبایی و ... که در هر نوع حاشیه‌سازی و حاشیه‌بازی سیاسی پیشقدم هستند، الان دقیقا کجا هستند تا یک اطلاع‌رسانی حداقلی در رابطه با /۱,"More than a year has passed since the establishment of the #Fourteenth_Government and almost three months since the vote of confidence of the new Minister of Economy, Mrs. Mohajerani and Mr. Hazrati, Ahmadnia, Tabatabai, etc., who are the pioneers in any kind of marginalization and political marginalization, where exactly are they now, except for a minimal information regarding"
1964698293163987022,alirezaabasi_ir,2025-09-07 17:32:30.076,#نرخ_تورم، #ارزش_پول_ملی، #رشد_اقتصادی و سایر دستاوردهای اقتصادی و همچنین برنامه‌ها، اولویت‌ها و راه‌حل‌های در دستور کار دولت به مردم ارائه کنند./۲,0,0,0,https://x.com/alirezaabasi_ir/status/1964698293163987022,2025,9,2025-09-07,#نرخ_تورم، #ارزش_پول_ملی، #رشد_اقتصادی و سایر دستاوردهای اقتصادی و همچنین برنامه‌ها، اولویت‌ها و راه‌حل‌های در دستور کار دولت به مردم ارائه کنند./۲,"#inflation_rate, #value_of_national_money, #economic_growth and other economic achievements as well as programs, priorities and solutions on the agenda of the government to present to the people./2"
1964402056476708982,alirezaabasi_ir,2025-09-06 21:55:21.746,"#مترو بی‌تردید برای کلانشهری مثل #کرج مفید است اما مسئولین مدیریت‌شهری آگاه باشندکه ارائه خدمت عمومی و رضایتمندی وقتی تحقق می‌یابد که #ایمن، کامل و قابل‌اعتماد باشد.
افتتاح‌های نمایشی،ویترینی و شتاب‌زده در بلند‌مدت اعتماد عمومی را خدشه‌دار و نارضایتی مردم را به همراه خواهد داشت.",0,0,0,https://x.com/alirezaabasi_ir/status/1964402056476708982,2025,9,2025-09-06,"#مترو بی‌تردید برای کلانشهری مثل #کرج مفید است اما مسئولین مدیریت‌شهری آگاه باشندکه ارائه خدمت عمومی و رضایتمندی وقتی تحقق می‌یابد که #ایمن، کامل و قابل‌اعتماد باشد.
افتتاح‌های نمایشی،ویترینی و شتاب‌زده در بلند‌مدت اعتماد عمومی را خدشه‌دار و نارضایتی مردم را به همراه خواهد داشت.","#Metro is undoubtedly useful for a metropolis like #Karaj, but city management officials should be aware that the provision of public and satisfactory service is realized when it is #safe, complete and reliable.
Demonstration, showcase and hasty openings in the long run will damage public trust and bring people's dissatisfaction."
1961705184486101218,alirezaabasi_ir,2025-08-30 11:18:57.358,آقای رئیس جمهور در رابطه با حل مشکل #آب برنامه خواستید راه دوری نروید به اجزاء فصل‌های هفتم و هشتم قانون #برنامه_هفتم پیشرفت مراجعه کنید آنجا به جزئیات آمده است، فقط پایبند به قانون و اجرای آن باشید مشکلات حل خواهد شد/۱,0,0,0,https://x.com/alirezaabasi_ir/status/1961705184486101218,2025,8,2025-08-30,آقای رئیس جمهور در رابطه با حل مشکل #آب برنامه خواستید راه دوری نروید به اجزاء فصل‌های هفتم و هشتم قانون #برنامه_هفتم پیشرفت مراجعه کنید آنجا به جزئیات آمده است، فقط پایبند به قانون و اجرای آن باشید مشکلات حل خواهد شد/۱,"Mr. President, in relation to solving the #water problem, you asked for a program, don't go far, refer to the seventh and eighth chapters of the #7th_Progress_Program Law, there are details, just stick to the law and implement it, the problems will be solved/1"
1961705198763577641,alirezaabasi_ir,2025-08-30 11:19:00.762,البته اگر کارشناس نماهای اطراف شما بگذارند و موضوعات فرعی و دست چندم را برای شما اصلی نمایی نکنند!/۲,0,0,0,https://x.com/alirezaabasi_ir/status/1961705198763577641,2025,8,2025-08-30,البته اگر کارشناس نماهای اطراف شما بگذارند و موضوعات فرعی و دست چندم را برای شما اصلی نمایی نکنند!/۲,"Of course, if the experts put views around you and do not show you the main and secondary topics!/2"
1961310345236287976,alirezaabasi_ir,2025-08-29 09:10:00.345,برخی اظهار نظرها و رفتارها از معدودی از احزاب، فعالین سیاسی و برخی مسولین دولتی، دشمنان نظام جمهوری اسلامی را دچار اشتباه محاسباتی نمود، اشتباه محاسباتی دشمن بعد از حمله رژیم‌صهیونیستی و آمریکا، با عکس‌العمل نیروهای‌مسلح و مردم، اصلاح و آنان را به گدایی آتش‌بس وادار کرد، /۱,0,0,0,https://x.com/alirezaabasi_ir/status/1961310345236287976,2025,8,2025-08-29,برخی اظهار نظرها و رفتارها از معدودی از احزاب، فعالین سیاسی و برخی مسولین دولتی، دشمنان نظام جمهوری اسلامی را دچار اشتباه محاسباتی نمود، اشتباه محاسباتی دشمن بعد از حمله رژیم‌صهیونیستی و آمریکا، با عکس‌العمل نیروهای‌مسلح و مردم، اصلاح و آنان را به گدایی آتش‌بس وادار کرد، /۱,"Some comments and behaviors of a few parties, political activists and some government officials caused the enemies of the Islamic Republic to miscalculate. After the attack of the Zionist regime and the United States, the enemy's miscalculation forced them to reform and beg for a ceasefire with the reaction of the armed forces and the people."
1961310348709171233,alirezaabasi_ir,2025-08-29 09:10:01.173,در رابطه با اسنب‌بک هم، یک‌بار دیگر دشمن دچار اشتباه محاسباتی شد، حتما در مجلس مجددا خطای‌محاسباتی دشمنان را اصلاح و آنها را از کرده خود پشیمان خواهیم کرد./۲,0,0,0,https://x.com/alirezaabasi_ir/status/1961310348709171233,2025,8,2025-08-29,در رابطه با اسنب‌بک هم، یک‌بار دیگر دشمن دچار اشتباه محاسباتی شد، حتما در مجلس مجددا خطای‌محاسباتی دشمنان را اصلاح و آنها را از کرده خود پشیمان خواهیم کرد./۲,"Regarding Snabback, once again the enemy made a calculation error, we will surely correct the calculation error of the enemies in the parliament and make them regret what they did./2"
1959992741196157371,alirezaabasi_ir,2025-08-25 17:54:19.062,یاد و خاطره #شهدای_دولت، شهیدان رجایی، باهنر، رئیسی و تمامی #شهدای_خدمت را گرامی داشته و ضمن تبریک #هفته_دولت به تمامی دولتمردان عزیز، برای موفقیت آنان دعا می‌کنم و در راستای حل مشکلات اساسی مردم و کشور، #رفع_ناترازیها، افزایش خدمت‌رسانی و رضایتمندی مردم شریف و تقویت/۱,0,0,0,https://x.com/alirezaabasi_ir/status/1959992741196157371,2025,8,2025-08-25,یاد و خاطره #شهدای_دولت، شهیدان رجایی، باهنر، رئیسی و تمامی #شهدای_خدمت را گرامی داشته و ضمن تبریک #هفته_دولت به تمامی دولتمردان عزیز، برای موفقیت آنان دعا می‌کنم و در راستای حل مشکلات اساسی مردم و کشور، #رفع_ناترازیها، افزایش خدمت‌رسانی و رضایتمندی مردم شریف و تقویت/۱,"I honor the memory of the martyrs of the government, the martyrs of Rajai, Bahoner, Raisi and all the martyrs of the service, and while congratulating all the dear governmentmen on the week of the government, I pray for their success and in order to solve the basic problems of the people and the country, to resolve the dissatisfactions, to increase the service and satisfaction of the noble people, and to strengthen/1"
1959992744526708859,alirezaabasi_ir,2025-08-25 17:54:19.856,"#مبانی_نظام_جمهوری_اسلامی تمام قد از خدمتگزاران #صادق، #دلسوز، #پرکار، #پرتلاش و #پیگیر کشور حمایت و از هر پیشنهاد و لایحه دولت که منجر به تحقق این اهداف گردد پشتیبانی خواهم کرد
و اطمینان دارم که تحقق این اهداف، قوی شدن #ایران_اسلامی و رضایتمندی رهبر معظم انقلاب را در پی داشته،/۲",0,0,0,https://x.com/alirezaabasi_ir/status/1959992744526708859,2025,8,2025-08-25,"#مبانی_نظام_جمهوری_اسلامی تمام قد از خدمتگزاران #صادق، #دلسوز، #پرکار، #پرتلاش و #پیگیر کشور حمایت و از هر پیشنهاد و لایحه دولت که منجر به تحقق این اهداف گردد پشتیبانی خواهم کرد
و اطمینان دارم که تحقق این اهداف، قوی شدن #ایران_اسلامی و رضایتمندی رهبر معظم انقلاب را در پی داشته،/۲","I will fully support the foundations of the Islamic Republic of the country's honest, compassionate, hard-working, hard-working and persistent servants, and I will support any proposal and bill of the government that will lead to the realization of these goals.
And I am confident that the realization of these goals will lead to the strengthening of #Islamic_Iran and the satisfaction of the supreme leader of the revolution,/2"
1959992748896866357,alirezaabasi_ir,2025-08-25 17:54:20.898,وحدت و #انسجام_ملی را تقویت نموده و چشم طمع دشمنان نظام اسلامی را نیز کور خواهد کرد./۳,0,0,0,https://x.com/alirezaabasi_ir/status/1959992748896866357,2025,8,2025-08-25,وحدت و #انسجام_ملی را تقویت نموده و چشم طمع دشمنان نظام اسلامی را نیز کور خواهد کرد./۳,It will strengthen national unity and cohesion and blind the greedy eyes of the enemies of the Islamic system./3
1959553127423595006,alirezaabasi_ir,2025-08-24 12:47:26.971,"#رشتو
در #تاریخ_تلخ و خیانت‌بار رضاخانی، قسمتی کوچک و ناچیز از سرزمین ایران به نام #قره‌سو، به ترکیه بخشیده شد و امروز همین سرزمین کوچک، ولی #فوق_استراتژیک که وسعت آن به کمتر از ۸۰۰کیلومترمربع می‌رسد بسترساز حضور مستقیم ترکیه در قفقاز وآذربایجان شده است.
همچنین براساس توافقنامه/۱",0,0,0,https://x.com/alirezaabasi_ir/status/1959553127423595006,2025,8,2025-08-24,"#رشتو
در #تاریخ_تلخ و خیانت‌بار رضاخانی، قسمتی کوچک و ناچیز از سرزمین ایران به نام #قره‌سو، به ترکیه بخشیده شد و امروز همین سرزمین کوچک، ولی #فوق_استراتژیک که وسعت آن به کمتر از ۸۰۰کیلومترمربع می‌رسد بسترساز حضور مستقیم ترکیه در قفقاز وآذربایجان شده است.
همچنین براساس توافقنامه/۱","#Rashto
In the bitter and treacherous history of Rezakhani, a small and insignificant part of Iran's land named Qarasu was given to Turkey, and today this small, but super-strategic land with an area of less than 800 square kilometers has become the basis for Turkey's direct presence in the Caucasus and Azerbaijan.
Also based on the agreement/1"
1959553138785980479,alirezaabasi_ir,2025-08-24 12:47:29.680,"اصلاح‌طلب و در غفلت و انفعال آنها وکوچک و ناچیز دیدن این بخش، کریدور مهم #زنگزور، با هدف تسهیل صلح میان باکو و ایروان با یک طرح آمریکایی به اجاره ۱۰۰ساله آمریکا درآمد!
هرچند #زنگزور درظاهر برای حَضَرات کوچک و ناچیز بنظرمی‌آید اما مرز میان ایران وارمنستان باموقعیت #ژئوپلیتیکی آن/۴",0,0,0,https://x.com/alirezaabasi_ir/status/1959553138785980479,2025,8,2025-08-24,"اصلاح‌طلب و در غفلت و انفعال آنها وکوچک و ناچیز دیدن این بخش، کریدور مهم #زنگزور، با هدف تسهیل صلح میان باکو و ایروان با یک طرح آمریکایی به اجاره ۱۰۰ساله آمریکا درآمد!
هرچند #زنگزور درظاهر برای حَضَرات کوچک و ناچیز بنظرمی‌آید اما مرز میان ایران وارمنستان باموقعیت #ژئوپلیتیکی آن/۴","Reformist and in their neglect and passivity and seeing this part as small and insignificant, the important corridor of #Zangzor was leased to America for 100 years with the aim of facilitating peace between Baku and Yerevan with an American plan!
Although #Zangzor seems small and insignificant to civilizations, but the border between Iran and Armenia with its #geopolitical location/4"
1959553142858609143,alirezaabasi_ir,2025-08-24 12:47:30.651,"فراتر از یک مرز دوجانبه و مسیر ارتباطی بلکه نقطه‌ای راهبردی درمعادلات قفقازجنوبی می‌باشد.
مسندداران دولت چهاردهم مراقب باشند این طرح پیامدهای #ژئوپلیتیکی متعددی ازافزایش #نفوذ ترکیه و ناتو گرفته تا #حذف مزیّت ترانزیتی ایران و #کاهش نقش آن درمعادلات قفقاز را به دنبال خواهد داشت./۵",0,0,0,https://x.com/alirezaabasi_ir/status/1959553142858609143,2025,8,2025-08-24,"فراتر از یک مرز دوجانبه و مسیر ارتباطی بلکه نقطه‌ای راهبردی درمعادلات قفقازجنوبی می‌باشد.
مسندداران دولت چهاردهم مراقب باشند این طرح پیامدهای #ژئوپلیتیکی متعددی ازافزایش #نفوذ ترکیه و ناتو گرفته تا #حذف مزیّت ترانزیتی ایران و #کاهش نقش آن درمعادلات قفقاز را به دنبال خواهد داشت./۵","Beyond a bilateral border and communication route, it is also a strategic point in the equations of the South Caucasus.
The officials of the 14th government should be careful, this plan will have many #geopolitical consequences, from increasing #influence of Turkey and NATO to #eliminating Iran's transit advantage and #reducing its role in the Caucasus equations./5"
1958912920349548890,alirezaabasi_ir,2025-08-22 18:23:29.710,"آقای پزشکیان گفتیدبدون هماهنگی با مقام معظم رهبری هیچ کاری نمی‌کنید،حتی اگرمخالف نظرخودتان باشد!
آیا برای عيادت از کسی که با فتنه‌گری پنجه به صورت نظام کشید و بارفتار خودوحامیانش زمینه #تحریم‌های_ظالمانه را فراهم کردهم با رهبری هماهنگ کردید؟یا هماهنگی را با جای دیگری انجام دادید؟",0,0,0,https://x.com/alirezaabasi_ir/status/1958912920349548890,2025,8,2025-08-22,"آقای پزشکیان گفتیدبدون هماهنگی با مقام معظم رهبری هیچ کاری نمی‌کنید،حتی اگرمخالف نظرخودتان باشد!
آیا برای عيادت از کسی که با فتنه‌گری پنجه به صورت نظام کشید و بارفتار خودوحامیانش زمینه #تحریم‌های_ظالمانه را فراهم کردهم با رهبری هماهنگ کردید؟یا هماهنگی را با جای دیگری انجام دادید؟","You said that you don't do anything without coordinating with the Supreme Leader, even if it is against your opinion!
Did you coordinate with the leadership to visit the person who, with sedition, dragged his claws into the system and the self-defence of his supporters created the ground for cruel #sanctions? Or did you coordinate with another place?"
1958555481896636473,alirezaabasi_ir,2025-08-21 18:43:09.742,"در دولت #اعتدالیون به تصور این که با #برجام حتی مشکل آب خوردن کشور هم حل می‌شود، همه صف کشیده بودند از برجام تمجید کنند ولی #عبرت_تاریخ شدند!
در  دولت #وفاق به جای حل مشکلات مردم، دنبال آزادی #فتنه‌گران و ملاقات با #سران_فتنه هستند و امروز از صدر تا ذیل دولت صف کشیده‌اند/۱",0,0,0,https://x.com/alirezaabasi_ir/status/1958555481896636473,2025,8,2025-08-21,"در دولت #اعتدالیون به تصور این که با #برجام حتی مشکل آب خوردن کشور هم حل می‌شود، همه صف کشیده بودند از برجام تمجید کنند ولی #عبرت_تاریخ شدند!
در  دولت #وفاق به جای حل مشکلات مردم، دنبال آزادی #فتنه‌گران و ملاقات با #سران_فتنه هستند و امروز از صدر تا ذیل دولت صف کشیده‌اند/۱","In the government of #Etdalion, thinking that even the problem of drinking water in the country will be solved with the #JCPOA, everyone lined up to praise the JCPOA, but they became a lesson in #history!
In the #Unfaq government, instead of solving the problems of the people, they are looking for the freedom of #seditionists and meeting with the #leaders of sedition, and today they are lined up from the top to the bottom of the government/1"
1958555484257931754,alirezaabasi_ir,2025-08-21 18:43:10.305,"تا به ملاقات بیمار صورتی‌پوش و #باغی_نظام بروند!
قرار بود صدای بی‌صدایان باشید نه اقلیتی که پرهیاهو هستند.
در کل اگر از بازی‌های حزبی‌تان فارغ شدید و فرصت کردید کمی هم به فکر #آب، #برق، اقتصاد و #معیشت مردم باشید./۲",0,0,0,https://x.com/alirezaabasi_ir/status/1958555484257931754,2025,8,2025-08-21,"تا به ملاقات بیمار صورتی‌پوش و #باغی_نظام بروند!
قرار بود صدای بی‌صدایان باشید نه اقلیتی که پرهیاهو هستند.
در کل اگر از بازی‌های حزبی‌تان فارغ شدید و فرصت کردید کمی هم به فکر #آب، #برق، اقتصاد و #معیشت مردم باشید./۲","To visit the patient in pink and #Baghi_Nizam!
You were meant to be the voice of the voiceless, not the vocal minority.
In general, if you finish your party games and have a chance, think a little about #water, #electricity, economy and people's #livelihood./2"
1957553707563806935,alirezaabasi_ir,2025-08-19 00:22:28.129,آمریکا و اسرائیل پس از شکست در جنگ ۱۲ روزه، آرزوهای خود را هر روز انشاء می‌کنند و سرمایه‌های رژیم صهیونیستی در کشور هم در غالب #بیانیه_جبهه_اصلاحات، #پارادایم_تغییر و بیان خواب‌های آشفته رئیس #دولت_عبرت همان آرزوها را املاء می‌کنند./۱,0,0,0,https://x.com/alirezaabasi_ir/status/1957553707563806935,2025,8,2025-08-19,آمریکا و اسرائیل پس از شکست در جنگ ۱۲ روزه، آرزوهای خود را هر روز انشاء می‌کنند و سرمایه‌های رژیم صهیونیستی در کشور هم در غالب #بیانیه_جبهه_اصلاحات، #پارادایم_تغییر و بیان خواب‌های آشفته رئیس #دولت_عبرت همان آرزوها را املاء می‌کنند./۱,"After the defeat in the 12-day war, America and Israel compose their dreams every day, and the Zionist regime's capital in the country also spells out the same dreams in the majority of the #reform_front_statement, #paradigm_change and the expression of the troubled dreams of the head of the #example government./1"
1957553710164222074,alirezaabasi_ir,2025-08-19 00:22:28.749,حَضرات!عملگی هم حدی دارد، شرم‌آور است که یک روز برای رسیدن به خواسته غيرقانونی خود #فتنه به پا می‌کنید و گرای #تحریم کشور را به دشمنان می‌دهید و در زمانی دیگر برای #آرزوهای_شیطانی خود به بهانه رفع #تحریم‌های_خودساخته نسخه سازش، تسلیم وتعطیلی آرمان‌ها و ارزشهای نظام را می‌پیچید./۲,0,0,0,https://x.com/alirezaabasi_ir/status/1957553710164222074,2025,8,2025-08-19,حَضرات!عملگی هم حدی دارد، شرم‌آور است که یک روز برای رسیدن به خواسته غيرقانونی خود #فتنه به پا می‌کنید و گرای #تحریم کشور را به دشمنان می‌دهید و در زمانی دیگر برای #آرزوهای_شیطانی خود به بهانه رفع #تحریم‌های_خودساخته نسخه سازش، تسلیم وتعطیلی آرمان‌ها و ارزشهای نظام را می‌پیچید./۲,"Ladies and gentlemen, practicality has its limits, it is shameful that one day you instigate a conspiracy to achieve your illegal desire and give the country's sanctions to the enemies, and at another time, for your evil desires, under the pretext of lifting the self-imposed sanctions, you wrap the version of compromise, surrender and suspend the ideals and values ​​of the system./2"
1957005416077893662,alirezaabasi_ir,2025-08-17 12:03:45.252,وقتی مجلس قانون منع به کارگیری #دوتابعیتی‌ها، #اقدام_راهبردی برای لغو تحریم‌ها، #قطع_همکاری با آژانس بین‌المللی انرژی اتمی، #تشدید_مجازات جاسوسان و همکاری‌کنندگان با رژیم‌صهیونیستی و کشورهای متخاصم و...را تصویب می‌کند یعنی تغییر پارادایم اتفاق افتاده است، فقط باید تلاش و اصرار /۱,0,0,0,https://x.com/alirezaabasi_ir/status/1957005416077893662,2025,8,2025-08-17,وقتی مجلس قانون منع به کارگیری #دوتابعیتی‌ها، #اقدام_راهبردی برای لغو تحریم‌ها، #قطع_همکاری با آژانس بین‌المللی انرژی اتمی، #تشدید_مجازات جاسوسان و همکاری‌کنندگان با رژیم‌صهیونیستی و کشورهای متخاصم و...را تصویب می‌کند یعنی تغییر پارادایم اتفاق افتاده است، فقط باید تلاش و اصرار /۱,"When the parliament approves the law prohibiting the use of #dual nationalities, #strategic action to cancel sanctions, #cease cooperation with the International Atomic Energy Agency, #intensify the punishments for spies and collaborators with the Zionist regime and hostile countries, etc., it means that a paradigm shift has occurred, you just need to try and insist/1"
1957005418665771453,alirezaabasi_ir,2025-08-17 12:03:45.869,داشته باشیم درست اجرا شود./۲,0,0,0,https://x.com/alirezaabasi_ir/status/1957005418665771453,2025,8,2025-08-17,داشته باشیم درست اجرا شود./۲,Let's have it run correctly./2
1956471146809016397,alirezaabasi_ir,2025-08-16 00:40:45.532,"آقای استاندار!
#معیشت مهم است ولی اجرای #واجب_شرعی_و_سیاسی هم ضروری است.
جهت سرپوش بر #ناتوانی‌های_مدیریتی، لطفا دوگانه‌های شیطانی در جامعه مطرح نکنید و به جمیع وظایف خود اهتمام داشته باشید./۱",0,0,0,https://x.com/alirezaabasi_ir/status/1956471146809016397,2025,8,2025-08-16,"آقای استاندار!
#معیشت مهم است ولی اجرای #واجب_شرعی_و_سیاسی هم ضروری است.
جهت سرپوش بر #ناتوانی‌های_مدیریتی، لطفا دوگانه‌های شیطانی در جامعه مطرح نکنید و به جمیع وظایف خود اهتمام داشته باشید./۱","Mr. Governor!
#Livelihood is important, but it is also necessary to implement #Shari'a_and_political_obligations.
In order to cover up #management_failures, please do not raise evil doubles in the society and pay attention to all your duties./1"
1956471150793384033,alirezaabasi_ir,2025-08-16 00:40:46.482,البته مدیریت عالی شماها بر همگان مسجل است، بطور مثال قیمت برنج را در یکسالی که گذشت حداقل ۳ برابر گران کردید و معیشتی که به اصطلاح به آن اعتقاد دارید را با مشکل مواجه نمودید./۲,0,0,0,https://x.com/alirezaabasi_ir/status/1956471150793384033,2025,8,2025-08-16,البته مدیریت عالی شماها بر همگان مسجل است، بطور مثال قیمت برنج را در یکسالی که گذشت حداقل ۳ برابر گران کردید و معیشتی که به اصطلاح به آن اعتقاد دارید را با مشکل مواجه نمودید./۲,"Of course, your excellent management is obvious to everyone, for example, you made the price of rice at least 3 times more expensive in the past year, and you made the livelihood that you so-called believe in difficult./2"
1955529856328012010,alirezaabasi_ir,2025-08-13 10:20:24.393,"فرزند مبدع نظریه ""عصر گفتمان نه موشک"" مراقب باشد واقعیت‌ها را تحریف نکند، بین ""مذاکره نمی‌کنیم، جنگ هم نمی‌شود"" و ""در حال #مذاکره بودیم، #جنگ را شروع کردند""  تفاوت بسیار زیاد است!
در ضمن اگر به توصیه ابوی گرامشان عمل می‌شد، بعد از دسته گل هم‌طیفانشان، دشمن، کشور را می‌بلعید،/۱",0,0,0,https://x.com/alirezaabasi_ir/status/1955529856328012010,2025,8,2025-08-13,"فرزند مبدع نظریه ""عصر گفتمان نه موشک"" مراقب باشد واقعیت‌ها را تحریف نکند، بین ""مذاکره نمی‌کنیم، جنگ هم نمی‌شود"" و ""در حال #مذاکره بودیم، #جنگ را شروع کردند""  تفاوت بسیار زیاد است!
در ضمن اگر به توصیه ابوی گرامشان عمل می‌شد، بعد از دسته گل هم‌طیفانشان، دشمن، کشور را می‌بلعید،/۱","The creator of the ""Era of Discourse Not Missiles"" theory should be careful not to distort the facts, there is a huge difference between ""We don't negotiate, there will be no war"" and ""We were #negotiating, they started the #war""!
In addition, if the advice of their grandfather was followed, the enemy would swallow the country after the bouquet of their comrades."
1955529858681016377,alirezaabasi_ir,2025-08-13 10:20:24.954,ولی تدابیر حکیمانه رهبر معظم انقلاب اسلامی #امام_خامنه‌ای، #قدرت_موشکی_و_نظامی کشور، همراه با #انسجام_ملی اجازه این کار را نداد و هیمنه پوشالی دشمن را با خاک یکسان کرد./۲,0,0,0,https://x.com/alirezaabasi_ir/status/1955529858681016377,2025,8,2025-08-13,ولی تدابیر حکیمانه رهبر معظم انقلاب اسلامی #امام_خامنه‌ای، #قدرت_موشکی_و_نظامی کشور، همراه با #انسجام_ملی اجازه این کار را نداد و هیمنه پوشالی دشمن را با خاک یکسان کرد./۲,"But the wise measures of the Supreme Leader of the Islamic Revolution #Imam_Khamenei, the country's #missile_and_military_power, along with #national_cohesion, did not allow this to happen and the enemy's hideous hegemony was razed to the ground./2"
1955284497932365968,alirezaabasi_ir,2025-08-12 18:05:26.393,"تا نیمه مرداد سال گذشته حدود ۹۴همت از مطالبات گندمکاران پرداخت شده بود و امسال تا همین تاریخ، فقط ۶۵ همت پرداخت شده است!
سال گذشته واردات گندم نداشتیم ولی امسال حداقل باید۴ میلیون تن گندم وارد کنیم.
پ‌ن:عموم مردم بالاخص کشاورزان و گندمکاران موارد را مقایسه کنند!/۱",0,0,0,https://x.com/alirezaabasi_ir/status/1955284497932365968,2025,8,2025-08-12,"تا نیمه مرداد سال گذشته حدود ۹۴همت از مطالبات گندمکاران پرداخت شده بود و امسال تا همین تاریخ، فقط ۶۵ همت پرداخت شده است!
سال گذشته واردات گندم نداشتیم ولی امسال حداقل باید۴ میلیون تن گندم وارد کنیم.
پ‌ن:عموم مردم بالاخص کشاورزان و گندمکاران موارد را مقایسه کنند!/۱","Until the middle of August last year, about 94 hemats of wheat farmers' demands were paid, and this year, only 65 hemats have been paid!
Last year we did not import wheat, but this year we must import at least 4 million tons of wheat.
P.N.: General people, especially farmers and wheat farmers, should compare the cases!/1"
1955284500377657590,alirezaabasi_ir,2025-08-12 18:05:26.976,واقعاً فرق میکند چه کسی #رئیس_جمهور باشد./۲,0,0,0,https://x.com/alirezaabasi_ir/status/1955284500377657590,2025,8,2025-08-12,واقعاً فرق میکند چه کسی #رئیس_جمهور باشد./۲,It really makes a difference who is the president./2
1954580720438984961,alirezaabasi_ir,2025-08-10 19:28:52.763,"آقای پزشکیان، دائم در جلسات عمومی از عباراتی مانند «نداریم»، «نمی‌توانیم» و «نمی‌شود» استفاده می‌کنید.
 رسانه ریاست جمهوری نیز این نوع مطالب را که ارسال پیام ضعف به دشمن است را با حرص ولع تمام منتشر می‌کند. شما آمده‌اید تا مشکلات را حل کنید، اما حتی با #وفاق حداکثری/۱",0,0,0,https://x.com/alirezaabasi_ir/status/1954580720438984961,2025,8,2025-08-10,"آقای پزشکیان، دائم در جلسات عمومی از عباراتی مانند «نداریم»، «نمی‌توانیم» و «نمی‌شود» استفاده می‌کنید.
 رسانه ریاست جمهوری نیز این نوع مطالب را که ارسال پیام ضعف به دشمن است را با حرص ولع تمام منتشر می‌کند. شما آمده‌اید تا مشکلات را حل کنید، اما حتی با #وفاق حداکثری/۱","Mr. Mezikian, you constantly use phrases like ""we don't have"", ""can't"" and ""can't"" in public meetings.
 The presidential media also publishes this type of content, which sends a message of weakness to the enemy, with full greed. You have come to solve problems, but even with maximum agreement/1"
1954580722636689515,alirezaabasi_ir,2025-08-10 19:28:53.287,"مدام سیاست‌هایی مانند تعطیلی،
گران‌سازی و قطع خدمات را پیاده می‌کنید(گران‌کردن نان، قطع: آب، برق، گاز، بنزین، یارانه نقدی و ارز کالاهای اساسی؛ تعطیلی ادارات، کنار گذاشتن احکام الهی و توقف غنی‌سازی هسته‌ای).
 آیا برای #مهار_تورم، #افزایش_تولید، حفظ و ارتقاء #عزت_و_اقتدار کشور /۲",0,0,0,https://x.com/alirezaabasi_ir/status/1954580722636689515,2025,8,2025-08-10,"مدام سیاست‌هایی مانند تعطیلی،
گران‌سازی و قطع خدمات را پیاده می‌کنید(گران‌کردن نان، قطع: آب، برق، گاز، بنزین، یارانه نقدی و ارز کالاهای اساسی؛ تعطیلی ادارات، کنار گذاشتن احکام الهی و توقف غنی‌سازی هسته‌ای).
 آیا برای #مهار_تورم، #افزایش_تولید، حفظ و ارتقاء #عزت_و_اقتدار کشور /۲","Continuous policies such as closing
You increase the price and cut off services (raising the price of bread, cutting: water, electricity, gas, gasoline, cash subsidies and currency of basic goods; closing offices, abandoning divine decrees and stopping nuclear enrichment).
 Is it for #controlling_inflation, #increasing_production, maintaining and promoting the #respect and authority of the country/2"
1954580727166587158,alirezaabasi_ir,2025-08-10 19:28:54.367,و اجرای #احکام_الهی هم برنامه‌ای دارید؟/۳,0,0,0,https://x.com/alirezaabasi_ir/status/1954580727166587158,2025,8,2025-08-10,و اجرای #احکام_الهی هم برنامه‌ای دارید؟/۳,And do you have a plan to implement #divine_orders?/3
1954240592755704121,alirezaabasi_ir,2025-08-09 20:57:20.004,"آقای رئیس جمهور!مرزهای کشور خصوصاً مرزهای شمال غربی که مسائل جزئی هستند!
راجع به آب، برق، معیشت و فرهنگ هم که حساسیت نداشته باشیم!
لطفاً تعدادی از موضوعات اصلی که شما نسبت به آن نگرانید را لیست کنید تا جامعه روی همان‌ها حساسیت داشته باشد و ما هم به عنوان نماینده مجلس همان‌ها /۱",0,0,0,https://x.com/alirezaabasi_ir/status/1954240592755704121,2025,8,2025-08-09,"آقای رئیس جمهور!مرزهای کشور خصوصاً مرزهای شمال غربی که مسائل جزئی هستند!
راجع به آب، برق، معیشت و فرهنگ هم که حساسیت نداشته باشیم!
لطفاً تعدادی از موضوعات اصلی که شما نسبت به آن نگرانید را لیست کنید تا جامعه روی همان‌ها حساسیت داشته باشد و ما هم به عنوان نماینده مجلس همان‌ها /۱","Mr. President, the borders of the country, especially the northwestern borders, which are minor issues!
Let's not be sensitive about water, electricity, livelihood and culture!
Please list some of the main issues that you are concerned about so that the society is sensitive to them and we, as members of the parliament, are sensitive to them. 1"
1954240595330809911,alirezaabasi_ir,2025-08-09 20:57:20.618,را از شما پیگیری و مطالبه کنیم./۲,0,0,0,https://x.com/alirezaabasi_ir/status/1954240595330809911,2025,8,2025-08-09,را از شما پیگیری و مطالبه کنیم./۲,follow up and demand from you./2
1953878290738901023,alirezaabasi_ir,2025-08-08 20:57:40.472,"شهرداری #کرج برخی چشمه‌ها را کف‌شکنی و برخی قنات‌های قدیمی را هم لایروبی کرده و برای فضای سبز از آنها استفاده می‌کند.
بر اساس #برنامه_هفتم شهرداری‌ها مکلف هستند از #آب‌_نامتعارف و مهار #روان_آب‌ها جهت آبیاری #فضای‌_سبز استفاده کنند نه اینکه تخلیه #سفره‌های_آب_زیرزمینی را به /۱",0,0,0,https://x.com/alirezaabasi_ir/status/1953878290738901023,2025,8,2025-08-08,"شهرداری #کرج برخی چشمه‌ها را کف‌شکنی و برخی قنات‌های قدیمی را هم لایروبی کرده و برای فضای سبز از آنها استفاده می‌کند.
بر اساس #برنامه_هفتم شهرداری‌ها مکلف هستند از #آب‌_نامتعارف و مهار #روان_آب‌ها جهت آبیاری #فضای‌_سبز استفاده کنند نه اینکه تخلیه #سفره‌های_آب_زیرزمینی را به /۱","#Karaj Municipality has ground some springs and dredged some old aqueducts and uses them for green space.
According to the #7th_Program, municipalities are obliged to use #unconventional_water and control #water_flows to irrigate #green_spaces instead of draining #groundwater_tables to/1"
1953878293129601345,alirezaabasi_ir,2025-08-08 20:57:41.042,عنوان دستاورد ارائه کنند./۲,0,0,0,https://x.com/alirezaabasi_ir/status/1953878293129601345,2025,8,2025-08-08,عنوان دستاورد ارائه کنند./۲,Provide the title of achievement./2
1953786917893423268,alirezaabasi_ir,2025-08-08 14:54:35.488,"#بسم‌الله
سخنگوی دولتی که مدعی است فهم درستی از اوضاع کشور دارد، بهتر است در یک‌سالگی #دولت_چهاردهم سیاهه‌ای از دستاوردها و حتی اقدامات در دست انجام  دولت را به جامعه ارائه دهد تا جامعه قضاوت کند چه کسانی درک درستی از اوضاع کشور دارند.",0,0,0,https://x.com/alirezaabasi_ir/status/1953786917893423268,2025,8,2025-08-08,"#بسم‌الله
سخنگوی دولتی که مدعی است فهم درستی از اوضاع کشور دارد، بهتر است در یک‌سالگی #دولت_چهاردهم سیاهه‌ای از دستاوردها و حتی اقدامات در دست انجام  دولت را به جامعه ارائه دهد تا جامعه قضاوت کند چه کسانی درک درستی از اوضاع کشور دارند.","#Bismillah
The spokesperson of the government who claims to have a correct understanding of the country's situation, it is better to present a list of achievements and even actions being taken by the government to the society in one year of the #fourteenth government so that the society can judge who has a correct understanding of the country's situation."
1952443256689619281,alirezaabasi_ir,2025-08-04 21:55:21.693,"اگر تصویب و ابلاغ سند الزامات اصلاح ساختار #جهاد_كشاورزی صحت داشته باشد، یعنی کاری که اسرائیل در حذف زیرساخت‌های کشور نتوانست انجام دهد را با دست خودمان انجام دادیم.
سازمان اداری و استخدامی، وزارت جهاد کشاورزی و معاون اول رئیس جمهور همگی خسته نباشید.",0,0,0,https://x.com/alirezaabasi_ir/status/1952443256689619281,2025,8,2025-08-04,"اگر تصویب و ابلاغ سند الزامات اصلاح ساختار #جهاد_كشاورزی صحت داشته باشد، یعنی کاری که اسرائیل در حذف زیرساخت‌های کشور نتوانست انجام دهد را با دست خودمان انجام دادیم.
سازمان اداری و استخدامی، وزارت جهاد کشاورزی و معاون اول رئیس جمهور همگی خسته نباشید.","If the approval and notification of the document on the requirements for reforming the structure of #Agricultural_Jihad is true, it means that we have done with our own hands what Israel could not do in removing the country's infrastructure.
The administrative and employment organization, the Ministry of Agricultural Jihad, and the first vice president, don't get tired."
1952417773490987133,alirezaabasi_ir,2025-08-04 20:14:06.025,"دولت ژنرال‌ها آنقدر منتظر گلابی های #برجام شد که اجرای قوانین و تقویت تولید در حوزه برق و حفاظت از ذخایر آبی کشور را به کلی فراموش کرد و عبرت تاریخ شد.
دولت چهاردهم اگر می‌خواهد ناترازی‌ها را برطرف کند مراقب باشد در چاهی که دولت اعتدالیون و ژنرال‌های آن کنده‌اند نیفتد.",0,0,0,https://x.com/alirezaabasi_ir/status/1952417773490987133,2025,8,2025-08-04,"دولت ژنرال‌ها آنقدر منتظر گلابی های #برجام شد که اجرای قوانین و تقویت تولید در حوزه برق و حفاظت از ذخایر آبی کشور را به کلی فراموش کرد و عبرت تاریخ شد.
دولت چهاردهم اگر می‌خواهد ناترازی‌ها را برطرف کند مراقب باشد در چاهی که دولت اعتدالیون و ژنرال‌های آن کنده‌اند نیفتد.","The government of the generals waited so long for the pears of #Jarjam that they completely forgot to implement laws and strengthen production in the field of electricity and protect the country's water reserves, and it became a lesson of history.
If the 14th government wants to resolve the disagreements, it should be careful not to fall into the well dug by the moderate government and its generals."
1951941734566420714,alirezaabasi_ir,2025-08-03 12:42:29.501,"چرا دولت درشنیدن صدای مردم تبعیض قائل میشود و #صدای_مردم در خصوص گرانی و حذف برنج از سفره‌هایشان، توسط دولت شنیده نمی‌شود؟
موضوع گرانی بیش از ۳۰۰درصدی برنج و افزایش قیمت سایر اقلام ضروری را که دولت نمی‌خواهد بشنود در کمیسیون کشاورزی تا معرفی ترک فعل‌کنندگان به قوه قضاییه پیگیر /۱",0,0,0,https://x.com/alirezaabasi_ir/status/1951941734566420714,2025,8,2025-08-03,"چرا دولت درشنیدن صدای مردم تبعیض قائل میشود و #صدای_مردم در خصوص گرانی و حذف برنج از سفره‌هایشان، توسط دولت شنیده نمی‌شود؟
موضوع گرانی بیش از ۳۰۰درصدی برنج و افزایش قیمت سایر اقلام ضروری را که دولت نمی‌خواهد بشنود در کمیسیون کشاورزی تا معرفی ترک فعل‌کنندگان به قوه قضاییه پیگیر /۱","Why does the government discriminate in hearing the voice of the people and the voice of the people is not heard by the government regarding the high price and removal of rice from their tables?
The issue of more than 300% price increase of rice and price increase of other essential items, which the government does not want to hear, will be pursued in the Agriculture Commission until the perpetrators are introduced to the judiciary."
1951941737879883990,alirezaabasi_ir,2025-08-03 12:42:30.291,بوده و خواهیم بود./۲,0,0,0,https://x.com/alirezaabasi_ir/status/1951941737879883990,2025,8,2025-08-03,بوده و خواهیم بود./۲,We have been and will be./2
1951670272974577684,alirezaabasi_ir,2025-08-02 18:43:48.014,در یک سال اخیر غالب مطالبات و اولویت‌های عموم مردم از سوی #دولت_چهاردهم مورد بی‌اعتنایی قرار گرفته و در عوض موضوعاتی فرعی و دست چندم که نیاز افراد خاص بوده در اولویت دولت قرار گرفته است!/۱,0,0,0,https://x.com/alirezaabasi_ir/status/1951670272974577684,2025,8,2025-08-02,در یک سال اخیر غالب مطالبات و اولویت‌های عموم مردم از سوی #دولت_چهاردهم مورد بی‌اعتنایی قرار گرفته و در عوض موضوعاتی فرعی و دست چندم که نیاز افراد خاص بوده در اولویت دولت قرار گرفته است!/۱,"In the last one year, most of the demands and priorities of the general public have been neglected by the 14th government, and instead, minor issues that are the needs of certain people have been prioritized by the government!"
1951670275625361868,alirezaabasi_ir,2025-08-02 18:43:48.646,به عنوان نمونه برای گرانی‌های افسار گسیخته، سوءمدیریت در بخش‌های مختلف اقتصادی از جمله قطعی برق و آب، رکود کارخانه‌ها، تعطیلی‌های بی‌ضابطه و خسارت‌بار و اطلاع‌رسانی‌های متناقض و آشفته در این‌باره، هیچ گوش شنوایی در دولت وجود ندارد./۲,0,0,0,https://x.com/alirezaabasi_ir/status/1951670275625361868,2025,8,2025-08-02,به عنوان نمونه برای گرانی‌های افسار گسیخته، سوءمدیریت در بخش‌های مختلف اقتصادی از جمله قطعی برق و آب، رکود کارخانه‌ها، تعطیلی‌های بی‌ضابطه و خسارت‌بار و اطلاع‌رسانی‌های متناقض و آشفته در این‌باره، هیچ گوش شنوایی در دولت وجود ندارد./۲,"As an example, there is no listening ear in the government for unbridled inflation, mismanagement in various economic sectors, including electricity and water outages, factory stagnation, unregulated and damaging closures, and contradictory and chaotic information about this./2"
1951670279488381267,alirezaabasi_ir,2025-08-02 18:43:49.567,بهتر است دولت به جای شنیدن صدای قشری معدود و خاص، #صدای_عموم_مردم را بشنود و برای حل مشکلات آنان بر اساس ظرفیت‌های قانونی موجود اقدام نماید و یا در صورت نیاز البته با کار کارشناسی! لایحه دو فوریتی ارائه کند تا در مجلس مورد تصویب قرار گیرد./۳,0,0,0,https://x.com/alirezaabasi_ir/status/1951670279488381267,2025,8,2025-08-02,بهتر است دولت به جای شنیدن صدای قشری معدود و خاص، #صدای_عموم_مردم را بشنود و برای حل مشکلات آنان بر اساس ظرفیت‌های قانونی موجود اقدام نماید و یا در صورت نیاز البته با کار کارشناسی! لایحه دو فوریتی ارائه کند تا در مجلس مورد تصویب قرار گیرد./۳,"It is better for the government to listen to the general voice of the people instead of listening to the voice of a few and special strata and act to solve their problems based on the existing legal capacities, or if needed, of course, with expert work! To submit two urgent bills to be approved in the parliament. 3"
1950902014587883906,alirezaabasi_ir,2025-07-31 15:51:00.941,"در رابطه با ارسال و بررسی لایحه  #مقابله_با_محتوای_خلاف_واقع و پس گرفتن آن توسط دولت توجه به چند نکته لازم است:
۱.چرا عده ای خاص از اسم مقابله با محتوای خلاف واقع وحشت دارند!
مگر اساس کارهای رسانه‌ای و تبليغاتی این جریان بر #محتوای_خلاف_واقع چیده شده که اینگونه از طرح این موضوع/۱",0,0,0,https://x.com/alirezaabasi_ir/status/1950902014587883906,2025,7,2025-07-31,"در رابطه با ارسال و بررسی لایحه  #مقابله_با_محتوای_خلاف_واقع و پس گرفتن آن توسط دولت توجه به چند نکته لازم است:
۱.چرا عده ای خاص از اسم مقابله با محتوای خلاف واقع وحشت دارند!
مگر اساس کارهای رسانه‌ای و تبليغاتی این جریان بر #محتوای_خلاف_واقع چیده شده که اینگونه از طرح این موضوع/۱","In relation to the submission and review of the #counteract_with_false_content bill and its withdrawal by the government, it is necessary to pay attention to several points:
1. Why are certain people afraid of the name of dealing with false content?
Is the basis of the media and propaganda work of this stream based on the #contrary_of_the_fact content, which is how the design of this issue/1"
1950902016932184315,alirezaabasi_ir,2025-07-31 15:51:01.500,"واهمه دارند!و مگر خدشه به جریان دروغگویی در کشور، بر داشته‌های سیاسی و اجتماعی  این جریان چه تاثیری دارد؟
۲.اگر برای لایحه #مقابله_با_محتوای_خلاف_واقع کار کارشناسی نشده بود، چرا دولت آنرا به مجلس ارسال کرد و وقت مجلس که باید به موضوعات مهمتری اختصاص داده می شد را گرفت! و اگر/۲",0,0,0,https://x.com/alirezaabasi_ir/status/1950902016932184315,2025,7,2025-07-31,"واهمه دارند!و مگر خدشه به جریان دروغگویی در کشور، بر داشته‌های سیاسی و اجتماعی  این جریان چه تاثیری دارد؟
۲.اگر برای لایحه #مقابله_با_محتوای_خلاف_واقع کار کارشناسی نشده بود، چرا دولت آنرا به مجلس ارسال کرد و وقت مجلس که باید به موضوعات مهمتری اختصاص داده می شد را گرفت! و اگر/۲","They are afraid! And what is the effect of harming the flow of lying in the country on the political and social results of this flow?
2. If there was no expert work for the #confrontation_with_contrary_content bill, why did the government send it to the parliament and take the time of the parliament that should have been devoted to more important issues! And if/2"
1950902021004963961,alirezaabasi_ir,2025-07-31 15:51:02.471,"کارشناسی شده بود، چرا بااظهار نظر وفضاسازی معدودی از افراد وجریانات و بدون بررسی صحت و سقم آن، لایحه پس گرفته شد؟
۳.کم کم داریم با مفهوم استفاده از نظر کارشناسان، نظر مردم و...بیشتر متوجه می‌شویم که اگر روزگاری یک نفر جمعه صبح مطلع شد! در این دولت،همه دولت یکشنبه صبح مطلع شدند!/۳",0,0,0,https://x.com/alirezaabasi_ir/status/1950902021004963961,2025,7,2025-07-31,"کارشناسی شده بود، چرا بااظهار نظر وفضاسازی معدودی از افراد وجریانات و بدون بررسی صحت و سقم آن، لایحه پس گرفته شد؟
۳.کم کم داریم با مفهوم استفاده از نظر کارشناسان، نظر مردم و...بیشتر متوجه می‌شویم که اگر روزگاری یک نفر جمعه صبح مطلع شد! در این دولت،همه دولت یکشنبه صبح مطلع شدند!/۳","It had been expertized, why was the bill withdrawn by expressing the opinion and slandering of a few people and processes and without checking its validity?
3. Little by little, with the concept of using the opinion of experts, people's opinion, etc., we are realizing that if ever a person was informed on Friday morning! In this government, all governments were informed on Sunday morning!/3"
1949553422346166636,alirezaabasi_ir,2025-07-27 22:32:11.495,"جنس خواسته‌های مطرح شده در نامه برخی افراد و جریانات، به گونه‌ای است که گویی طرف شکست خورده در جنگ، به نمایندگانش در کشور ماموریت داده تا با ابزارهای داخلی خود، خواسته‌های رژیم صهيونيستی که در جنگ ۱۲روزه حاصل نشد را مطرح، پیگیری و تکمیل نمایند.
دستگاه‌های نظارتی مراقب نفوذ باشند.",0,0,0,https://x.com/alirezaabasi_ir/status/1949553422346166636,2025,7,2025-07-27,"جنس خواسته‌های مطرح شده در نامه برخی افراد و جریانات، به گونه‌ای است که گویی طرف شکست خورده در جنگ، به نمایندگانش در کشور ماموریت داده تا با ابزارهای داخلی خود، خواسته‌های رژیم صهيونيستی که در جنگ ۱۲روزه حاصل نشد را مطرح، پیگیری و تکمیل نمایند.
دستگاه‌های نظارتی مراقب نفوذ باشند.","The nature of the demands raised in the letters of some people and currents is as if the defeated side in the war has given a mission to its representatives in the country to raise, pursue and complete the demands of the Zionist regime that were not achieved in the 12-day war with their internal means.
Surveillance devices to watch out for intrusion."
1948821167906980265,alirezaabasi_ir,2025-07-25 22:02:28.432,بر اساس قانون تعلیق همکاری‌های ایران با آژانس بین المللی انرژی اتمی که بعد از جاسوسی‌های بازرسان و عدم محکوم کردن حمله به تاسیسات هسته‌ای کشورمان به تصویب مجلس رسید، هیچ بازرسی از آژانس، حق حضور در اماکن هسته‌ای ایران را ندارد و دولت هم مکلف است قانون تعلیق همکاری با /۱,0,0,0,https://x.com/alirezaabasi_ir/status/1948821167906980265,2025,7,2025-07-25,بر اساس قانون تعلیق همکاری‌های ایران با آژانس بین المللی انرژی اتمی که بعد از جاسوسی‌های بازرسان و عدم محکوم کردن حمله به تاسیسات هسته‌ای کشورمان به تصویب مجلس رسید، هیچ بازرسی از آژانس، حق حضور در اماکن هسته‌ای ایران را ندارد و دولت هم مکلف است قانون تعلیق همکاری با /۱,"According to the law suspending Iran's cooperation with the International Atomic Energy Agency, which was approved by the parliament after the spies of the inspectors and the failure to condemn the attack on our country's nuclear facilities, no inspector from the agency has the right to visit Iran's nuclear facilities, and the government is also obliged to comply with the law to suspend cooperation with 1."
1948821170670714910,alirezaabasi_ir,2025-07-25 22:02:29.091,آژانس بین‌المللی اتمی را بصورت کامل اجرا کند و اگر نقصی در اجرای قانون ایجاد شود حتما وزیر خارجه را در مجلس بازخواست خواهیم کرد./۲,0,0,0,https://x.com/alirezaabasi_ir/status/1948821170670714910,2025,7,2025-07-25,آژانس بین‌المللی اتمی را بصورت کامل اجرا کند و اگر نقصی در اجرای قانون ایجاد شود حتما وزیر خارجه را در مجلس بازخواست خواهیم کرد./۲,"The International Atomic Energy Agency should be fully implemented, and if there is a defect in the implementation of the law, we will definitely hold the Foreign Minister accountable in the parliament./2"
1948025017108746286,alirezaabasi_ir,2025-07-23 17:18:51.290,در شرایطی که در کل کشور و #استان_البرز بامشکل آب و برق مواجه هستیم،بهتر است مسئولین امر به جای فشار بیشتر بر مردم عادی؛به چاههای غیر مجاز آب،برق ویلاهای غیرمجاز ومصرف بی رویه آنها و مراکز تجاری پرمصرف توجهی ویژه داشته باشندوقسمت عمده کسری آب وبرق را از محدودیت بر آنها تامین کنند.,0,0,0,https://x.com/alirezaabasi_ir/status/1948025017108746286,2025,7,2025-07-23,در شرایطی که در کل کشور و #استان_البرز بامشکل آب و برق مواجه هستیم،بهتر است مسئولین امر به جای فشار بیشتر بر مردم عادی؛به چاههای غیر مجاز آب،برق ویلاهای غیرمجاز ومصرف بی رویه آنها و مراکز تجاری پرمصرف توجهی ویژه داشته باشندوقسمت عمده کسری آب وبرق را از محدودیت بر آنها تامین کنند.,"In the situation that we are facing water and electricity problem in the whole country and Alborz Province, instead of putting more pressure on the common people, it is better for the authorities to pay special attention to the unauthorized water wells, the unauthorized villas and their excessive consumption of electricity, and the high consumption commercial centers and supply the majority of the water and electricity deficit to them."
1947772092172112195,alirezaabasi_ir,2025-07-23 00:33:49.286,"در سکوت مرگبار جهان، ملت مظلوم فلسطین و بطور خاص کودکان فلسطینی با قساوت بی‌رحمانه رژیم غاصب صهیونیستی در بند گرسنگی، درد و وحشت بی‌پایان؛ قربانی می‌شوند.
این جنایت علیه بشریت، لکه ننگ تاریخ است و سکوت یعنی همدستی با نسل‌کشی و کودک‌کشی.
امروز زمان محکومیت و ایستادگی /۱",0,0,0,https://x.com/alirezaabasi_ir/status/1947772092172112195,2025,7,2025-07-23,"در سکوت مرگبار جهان، ملت مظلوم فلسطین و بطور خاص کودکان فلسطینی با قساوت بی‌رحمانه رژیم غاصب صهیونیستی در بند گرسنگی، درد و وحشت بی‌پایان؛ قربانی می‌شوند.
این جنایت علیه بشریت، لکه ننگ تاریخ است و سکوت یعنی همدستی با نسل‌کشی و کودک‌کشی.
امروز زمان محکومیت و ایستادگی /۱","In the deathly silence of the world, the oppressed Palestinian nation, and especially the Palestinian children, are in the grip of hunger, pain and endless terror due to the cruel cruelty of the Zionist usurper regime; They become victims.
This crime against humanity is a stain on history, and silence means complicity with genocide and infanticide.
Today is the time of condemnation and standing. 1"
1947772108844442102,alirezaabasi_ir,2025-07-23 00:33:53.261,"مقابل این رژیم کودک‌کش است./۲
#فلسطین_آزاد
#کودک_کشی_متوقف_شود",0,0,0,https://x.com/alirezaabasi_ir/status/1947772108844442102,2025,7,2025-07-23,"مقابل این رژیم کودک‌کش است./۲
#فلسطین_آزاد
#کودک_کشی_متوقف_شود","The opposite of this regime is infanticide./2
#Free_Palestine
#child_killing_to_be_stopped"
1943733918835818502,alirezaabasi_ir,2025-07-11 21:07:33.737,میرِ فتنه در سال ۸۸ حضور مردم و نتیجه انتخابات را برنتافت و با برپایی فتنه به منافع و امنیت ملی خیانت کرد، کشور را تا مرز جنگ داخلی پیش برد، با گرای همدستانش تحریم‌های ظالمانه را بر کشور تحمیل نمود و امروز دنبال فرصت طلبی از فضای بعد از پیروزی جنگ تحمیلی ۱۲ روزه است./۱,0,0,0,https://x.com/alirezaabasi_ir/status/1943733918835818502,2025,7,2025-07-11,میرِ فتنه در سال ۸۸ حضور مردم و نتیجه انتخابات را برنتافت و با برپایی فتنه به منافع و امنیت ملی خیانت کرد، کشور را تا مرز جنگ داخلی پیش برد، با گرای همدستانش تحریم‌های ظالمانه را بر کشور تحمیل نمود و امروز دنبال فرصت طلبی از فضای بعد از پیروزی جنگ تحمیلی ۱۲ روزه است./۱,"In 2008, Mir-e-Fatna ignored the people's presence and the results of the elections and betrayed the interests and national security by setting up a fitna, pushed the country to the border of civil war, imposed cruel sanctions on the country with his accomplices, and today he is seeking opportunism from the atmosphere after the victory of the 12-day imposed war./1"
1943733922082197619,alirezaabasi_ir,2025-07-11 21:07:34.511,"سرمایه‌های رژیم صهيونيستی در ایران بدانند:
ملت ایران هوشیار، متحد، یکپارچه و مطیع امر رهبر حکیم انقلاب، در برابر هر گونه توطئه و فتنه‌گری عوامل داخلی و خارجی ایستاده و خواهد ایستاد.ضمنا فتنه‌گران بدانند ضامن نجات کشور، همان حضوری است که ۱۵ سال پیش آنرا برنتافتند و بر جمهوریت /۲",0,0,0,https://x.com/alirezaabasi_ir/status/1943733922082197619,2025,7,2025-07-11,"سرمایه‌های رژیم صهيونيستی در ایران بدانند:
ملت ایران هوشیار، متحد، یکپارچه و مطیع امر رهبر حکیم انقلاب، در برابر هر گونه توطئه و فتنه‌گری عوامل داخلی و خارجی ایستاده و خواهد ایستاد.ضمنا فتنه‌گران بدانند ضامن نجات کشور، همان حضوری است که ۱۵ سال پیش آنرا برنتافتند و بر جمهوریت /۲","The funds of the Zionist regime in Iran should know:
The nation of Iran is vigilant, united, unified and obedient to the wise leader of the revolution, and will stand against any conspiracy and sedition by internal and external agents. At the same time, the seditionists should know that the guarantor of the country's salvation is the same presence that they did not find 15 years ago and over the republic/2"
1943733926641447390,alirezaabasi_ir,2025-07-11 21:07:35.598,"و رای مردم شوریدند!
امروز انتظار مردم از حاکمیت؛ محاکمه عوامل فتنه و یافتن نفوذی‌هایی است که با دشمنان دین و دنیای مردم ایران در عرصه‌های مختلف حتی در جنگ همراهی می‌کنند./۳",0,0,0,https://x.com/alirezaabasi_ir/status/1943733926641447390,2025,7,2025-07-11,"و رای مردم شوریدند!
امروز انتظار مردم از حاکمیت؛ محاکمه عوامل فتنه و یافتن نفوذی‌هایی است که با دشمنان دین و دنیای مردم ایران در عرصه‌های مختلف حتی در جنگ همراهی می‌کنند./۳","And the people's votes were revolted!
Today, people expect from the government; It is to try the agents of sedition and find the infiltrators who accompany the enemies of the religion and the world of the Iranian people in various fields, even in war./3"
1942649006678540676,alirezaabasi_ir,2025-07-08 21:16:30.522,"آقای پزشکیان در مشاوران خود تجدید نظر کنید که در خوشبینانه‌ترین حالت نه زمان‌شناسند، نه مکان‌شناس، نه موقعیت‌شناس، نه دشمن‌شناس و نه دشمنی‌شناس...
آقای پزشکیان استفاده از مشاوره‌های آنان تنها اعتبار شما را زیر سوال نمی‌برد بلکه عزت و اقتدار ایران اسلامی را کاهش می‌دهد.",0,0,0,https://x.com/alirezaabasi_ir/status/1942649006678540676,2025,7,2025-07-08,"آقای پزشکیان در مشاوران خود تجدید نظر کنید که در خوشبینانه‌ترین حالت نه زمان‌شناسند، نه مکان‌شناس، نه موقعیت‌شناس، نه دشمن‌شناس و نه دشمنی‌شناس...
آقای پزشکیان استفاده از مشاوره‌های آنان تنها اعتبار شما را زیر سوال نمی‌برد بلکه عزت و اقتدار ایران اسلامی را کاهش می‌دهد.","Mr. Medicals, reconsider your advisors, who are neither time experts, nor location experts, nor situation experts, nor enemy experts, nor enemy experts in the most optimistic state...
Mr. Bizikian, using their advice will not only question your credibility, but also reduce the dignity and authority of Islamic Iran."
1941850195672658270,alirezaabasi_ir,2025-07-06 16:22:19.137,امام حسین علیه السلام در شب عاشورا بیعتش را برداشت تا در لشگر امام فقط صالحان بمانند و روز عاشورا ندای هل من ناصر سر داد تا فقط اشقیا مقابل امام باشند./۱,0,0,0,https://x.com/alirezaabasi_ir/status/1941850195672658270,2025,7,2025-07-06,امام حسین علیه السلام در شب عاشورا بیعتش را برداشت تا در لشگر امام فقط صالحان بمانند و روز عاشورا ندای هل من ناصر سر داد تا فقط اشقیا مقابل امام باشند./۱,"Imam Hussain, peace be upon him, took his oath of allegiance on the night of Ashura so that only the righteous would remain in the Imam's army, and on the day of Ashura, he called out Hel Man Nasser, so that only the righteous would be in front of the Imam./1"
1941850944993378327,alirezaabasi_ir,2025-07-06 16:25:17.789,رفتار و گفتار #نائب_امام هم دارد ناخالصی‌های جبهه حق را می‌گیرد و مستعدین هدایت در جبهه باطل را هم از صف گمراهان جدا می‌کند تا با انسجام جبهه حق، ضربه تمام کننده را به جبهه کفر جهانی وارد کند./۲,0,0,0,https://x.com/alirezaabasi_ir/status/1941850944993378327,2025,7,2025-07-06,رفتار و گفتار #نائب_امام هم دارد ناخالصی‌های جبهه حق را می‌گیرد و مستعدین هدایت در جبهه باطل را هم از صف گمراهان جدا می‌کند تا با انسجام جبهه حق، ضربه تمام کننده را به جبهه کفر جهانی وارد کند./۲,The behavior and speech of the #deputy_imam is also taking the impurities of the front of truth and separating those who are capable of guidance in the front of falsehood from the ranks of the misguided in order to deliver the finishing blow to the front of global disbelief with the unity of the front of truth./2
1940267797000728683,alirezaabasi_ir,2025-07-02 07:34:25.894,طبق قانون الزام دولت به تعلیق همکاری با آژانس بین المللی انرژی اتمی، همکاری با آژانس تا تحقق اطمینان‌ از امنیت مراکز و دانشمندان هسته‌ای و همچنین بهره‌مندی از کلیۀ حقوق NPT به‌ویژه مادۀ ۴ آن یعنی حق تحقیق، توسعه و بهره‌برداری صلح‌آمیز انرژی هسته‌ای متوقف شده است./۱,0,0,0,https://x.com/alirezaabasi_ir/status/1940267797000728683,2025,7,2025-07-02,طبق قانون الزام دولت به تعلیق همکاری با آژانس بین المللی انرژی اتمی، همکاری با آژانس تا تحقق اطمینان‌ از امنیت مراکز و دانشمندان هسته‌ای و همچنین بهره‌مندی از کلیۀ حقوق NPT به‌ویژه مادۀ ۴ آن یعنی حق تحقیق، توسعه و بهره‌برداری صلح‌آمیز انرژی هسته‌ای متوقف شده است./۱,"According to the law, the government's obligation to suspend cooperation with the International Atomic Energy Agency, cooperation with the agency until ensuring the safety of nuclear centers and scientists, as well as benefiting from all the rights of the NPT, especially its article 4, i.e. the right to research, development and peaceful exploitation of nuclear energy, has been suspended./1"
1940267799810908505,alirezaabasi_ir,2025-07-02 07:34:26.564,و بر اساس تبصرۀ این قانون هرکس در اجرای قانون ترک فعل کند یا ناقص آنرا اجرا کند جرم مرتکب شده و با او برخورد می‌شود.و اطمینان از تحقق این دو شرط فقط به سازمان ملی انرژی اتمی کشور و تصویب شورای عالی امنیت ملی سپرده شده است./۲,0,0,0,https://x.com/alirezaabasi_ir/status/1940267799810908505,2025,7,2025-07-02,و بر اساس تبصرۀ این قانون هرکس در اجرای قانون ترک فعل کند یا ناقص آنرا اجرا کند جرم مرتکب شده و با او برخورد می‌شود.و اطمینان از تحقق این دو شرط فقط به سازمان ملی انرژی اتمی کشور و تصویب شورای عالی امنیت ملی سپرده شده است./۲,"And according to the note of this law, anyone who fails to act in the implementation of the law or fails to implement it incompletely, has committed a crime and will be dealt with. Ensuring the fulfillment of these two conditions is entrusted only to the National Atomic Energy Organization of the country and the approval of the Supreme National Security Council./2"
1938248880761520166,alirezaabasi_ir,2025-06-26 17:51:58.753,دفاع مقدس ۱۲ روزه #جمهوری_اسلامی در مقابل جبهه عبری-غربی وهمراهی برخی کشورهای منطقه،هیمنه پوشالی رژیم صهيونيستی را درجهان شکست واقتدار آن رابه سخره گرفت و امنیت وآرامش تضمینی مهاجرین درداخل سرزمین‌های اشغالی را بر هم زد ودر نهایت این رژیم کودک‌کش رابه نابودی کامل بسیار نزدیک کرد.,0,0,0,https://x.com/alirezaabasi_ir/status/1938248880761520166,2025,6,2025-06-26,دفاع مقدس ۱۲ روزه #جمهوری_اسلامی در مقابل جبهه عبری-غربی وهمراهی برخی کشورهای منطقه،هیمنه پوشالی رژیم صهيونيستی را درجهان شکست واقتدار آن رابه سخره گرفت و امنیت وآرامش تضمینی مهاجرین درداخل سرزمین‌های اشغالی را بر هم زد ودر نهایت این رژیم کودک‌کش رابه نابودی کامل بسیار نزدیک کرد.,"The 12-day holy defense of the #Islamic_Republic against the Hebrew-Western Front and the support of some countries in the region mocked the cover of the Zionist regime to the degree of defeat and its authority, and disrupted the guaranteed security and peace of the immigrants inside the occupied territories, and finally brought this child-killing regime very close to complete destruction."
1937370552701702573,alirezaabasi_ir,2025-06-24 07:41:49.025,نوع، شکل و میزان خسارت حاصله از حمله آمریکا به سایت‌های هسته‌ای کشور اهمیتی ندارد بلکه آنچه مهم است، محاسبه اشتباه کاخ سفید در تعرض به سایت‌های هسته‌ای کشور است لذا باید پاسخ به قدری سخت و پشیمان کننده باشد که محاسبات آنها برای همیشه تغییر کند و اهدافشان نیز خنثی گردد.,0,0,0,https://x.com/alirezaabasi_ir/status/1937370552701702573,2025,6,2025-06-24,نوع، شکل و میزان خسارت حاصله از حمله آمریکا به سایت‌های هسته‌ای کشور اهمیتی ندارد بلکه آنچه مهم است، محاسبه اشتباه کاخ سفید در تعرض به سایت‌های هسته‌ای کشور است لذا باید پاسخ به قدری سخت و پشیمان کننده باشد که محاسبات آنها برای همیشه تغییر کند و اهدافشان نیز خنثی گردد.,"The type, form and amount of damage resulting from the US attack on the nuclear sites of the country is not important, but what is important is the miscalculation of the White House in attacking the nuclear sites of the country, so the response should be so harsh and regrettable that their calculations will be changed forever and their goals will be neutralized."
1937370214783467837,alirezaabasi_ir,2025-06-24 07:40:28.459,غلط بزرگی که ترامپ در بمباران سایتهای هسته‌ای انجام داد، دانش هسته‌ای بومی و مستقل ما را نه نابود می‌کند نه متوقف، بلکه عزم ما را برای حمایت همه جانبه از این حق مسلم و فناوری پیشرو تقویت می‌کند و سربازان و پایگاه‌های آمریکا در منطقه را هدف مشروع ما برای پاسخ و مقابله قرار داده /۱,0,0,0,https://x.com/alirezaabasi_ir/status/1937370214783467837,2025,6,2025-06-24,غلط بزرگی که ترامپ در بمباران سایتهای هسته‌ای انجام داد، دانش هسته‌ای بومی و مستقل ما را نه نابود می‌کند نه متوقف، بلکه عزم ما را برای حمایت همه جانبه از این حق مسلم و فناوری پیشرو تقویت می‌کند و سربازان و پایگاه‌های آمریکا در منطقه را هدف مشروع ما برای پاسخ و مقابله قرار داده /۱,"The big mistake that Trump made in bombing nuclear sites will not destroy or stop our indigenous and independent nuclear knowledge, but will strengthen our determination to fully support this inalienable right and advanced technology, and make American soldiers and bases in the region a legitimate target for our response and countermeasures/1"
1937370217434279978,alirezaabasi_ir,2025-06-24 07:40:29.091,و اخراج ذلیلانه آمریکا از منطقه را تسریع خواهد نمود.,0,0,0,https://x.com/alirezaabasi_ir/status/1937370217434279978,2025,6,2025-06-24,و اخراج ذلیلانه آمریکا از منطقه را تسریع خواهد نمود.,And it will accelerate the humiliating expulsion of America from the region.
1937227190002942050,alirezaabasi_ir,2025-06-23 22:12:08.694,"ما تعرّض به کسی نکردیم
و به هیچ وجه تعرّض احدی را هم قبول نمیکنیم
و تسلیم تعرّض هیچ کس نمیشویم؛
این منطق ملّت ایران است.

#بشارت_فتح #الله_اکبر",0,0,0,https://x.com/Khamenei_fa/status/1937227190002942050,2025,6,2025-06-23,"ما تعرّض به کسی نکردیم
و به هیچ وجه تعرّض احدی را هم قبول نمیکنیم
و تسلیم تعرّض هیچ کس نمیشویم؛
این منطق ملّت ایران است.

#بشارت_فتح #الله_اکبر","We did not expose anyone
And we do not accept anyone's offer in any way
And we do not submit to anyone's suggestion;
This is the logic of the Iranian nation.

#Bashart_Fath #Allah_Akbar"
1935091514083778752,alirezaabasi_ir,2025-06-18 00:45:43.876,"به نام نامی #حیدر، نبرد آغاز می‌گردد
علی با ذوالفقار خود، به #خیبر باز می‌گردد

#الله_اکبر",0,0,0,https://x.com/Khamenei_fa/status/1935091514083778752,2025,6,2025-06-18,"به نام نامی #حیدر، نبرد آغاز می‌گردد
علی با ذوالفقار خود، به #خیبر باز می‌گردد

#الله_اکبر","In the name of Haider, the battle begins
Ali returns to Khyber with his Zulfikar

#Allah_Akbar"
1933922743277236393,alirezaabasi_ir,2025-06-14 19:21:27.201,"تشکر بی‌کران از غیورمردان عرصه هوا و فضای کشور که با دانش و شجاعت، باعث شادی دل ملت بزرگ #ایران_مقتدر شدند.
یاد و نام پرافتخار سرداران شهید مخصوصا سردار حاجی‌زاده، نماد ایستادگی و قدرت ایران اسلامی، همیشه در قلب‌ها زنده است.",0,0,0,https://x.com/alirezaabasi_ir/status/1933922743277236393,2025,6,2025-06-14,"تشکر بی‌کران از غیورمردان عرصه هوا و فضای کشور که با دانش و شجاعت، باعث شادی دل ملت بزرگ #ایران_مقتدر شدند.
یاد و نام پرافتخار سرداران شهید مخصوصا سردار حاجی‌زاده، نماد ایستادگی و قدرت ایران اسلامی، همیشه در قلب‌ها زنده است.","Endless thanks to the zealous men of the country's air and space field, who brought joy to the great nation of #Iran_Moqtadar with their knowledge and courage.
The proud memory and name of martyred generals, especially General Hajizadeh, a symbol of the standing and power of Islamic Iran, is always alive in our hearts."
1933922746192343068,alirezaabasi_ir,2025-06-14 19:21:27.896,"در برابر ظلم ایستاده‌ایم و تا نابودی رژیم اشغالگر کودک‌کش، دست از مبارزه برنمی‌داریم.
ای ایران، ای سرزمین سربلندی، آینده از آن توست و تاریخ این روزهای پرافتخار را به یاد خواهد سپرد.",0,0,0,https://x.com/alirezaabasi_ir/status/1933922746192343068,2025,6,2025-06-14,"در برابر ظلم ایستاده‌ایم و تا نابودی رژیم اشغالگر کودک‌کش، دست از مبارزه برنمی‌داریم.
ای ایران، ای سرزمین سربلندی، آینده از آن توست و تاریخ این روزهای پرافتخار را به یاد خواهد سپرد.","We stand against oppression and we will not stop fighting until the destruction of the child-killing occupying regime.
O Iran, O proud land, the future belongs to you and history will remember these proud days."
1933120546897789381,alirezaabasi_ir,2025-06-12 14:13:48.680,"قطعنامهٔ ظالمانه شورای حکام نشان می‌دهد آژانس دنبال رفع مسائل ادعایی نیست و همکاری‌های فراتر از قواعد با آژانس نیز نتیجه‌ای جز جاسوسی از مراکز هسته‌ای نداشته و نخواهد داشت.
کلوخ اندازان را با سنگ پاسخ خواهیم داد و بدخواهان نظام اسلامی را به شدت پشیمان خواهیم کرد.",0,0,0,https://x.com/alirezaabasi_ir/status/1933120546897789381,2025,6,2025-06-12,"قطعنامهٔ ظالمانه شورای حکام نشان می‌دهد آژانس دنبال رفع مسائل ادعایی نیست و همکاری‌های فراتر از قواعد با آژانس نیز نتیجه‌ای جز جاسوسی از مراکز هسته‌ای نداشته و نخواهد داشت.
کلوخ اندازان را با سنگ پاسخ خواهیم داد و بدخواهان نظام اسلامی را به شدت پشیمان خواهیم کرد.","The cruel resolution of the Board of Governors shows that the agency does not seek to resolve the alleged issues, and cooperation beyond the rules with the agency has not and will not have any result other than spying on nuclear centers.
We will respond with stones to stone throwers, and we will deeply regret the ill-wishers of the Islamic system."
1931300486273016195,alirezaabasi_ir,2025-06-07 13:41:32.412,"لطفاً از سیاسی‌کاری بپرهیزید و آدرس غلط ندهید!
وقتی برای منافع حزبی و انتخاباتی، پلیس تضعیف می‌گردد، قوانین اجرا نمی‌شود و یا ناقص اجرا می‌شود و قانون‌گذاری نیز به دلایل مختلف به تعویق می‌افتد، مجرمان جسارت و جرات پیدا می‌کنند تا آرامش و امنیت شهروندان مرد و زن ما را سلب کنند.",0,0,0,https://x.com/alirezaabasi_ir/status/1931300486273016195,2025,6,2025-06-07,"لطفاً از سیاسی‌کاری بپرهیزید و آدرس غلط ندهید!
وقتی برای منافع حزبی و انتخاباتی، پلیس تضعیف می‌گردد، قوانین اجرا نمی‌شود و یا ناقص اجرا می‌شود و قانون‌گذاری نیز به دلایل مختلف به تعویق می‌افتد، مجرمان جسارت و جرات پیدا می‌کنند تا آرامش و امنیت شهروندان مرد و زن ما را سلب کنند.","Please avoid politics and don't give wrong address!
When the police is weakened for party and electoral interests, laws are not implemented or incompletely implemented, and legislation is delayed for various reasons, criminals gain courage and courage to deprive our male and female citizens of peace and security."
1931087267767939219,alirezaabasi_ir,2025-06-06 23:34:17.159,"آقای همتی! شاید در گذشته برای ارتقاء آسانسوری و ماندن در پستهای مدیریتی، امتیازات فراوانی داده‌اید و این شیوه در ماندنتان در وزارت موثر نبوده که از روی عصبانیت به همه نمایندگان اتهام می زنید.
اگر راست می‌گویید مصادیق اثبات ادعای خود را اعلام کنید تا سیه روی شودهر که در او غش باشد",0,0,0,https://x.com/alirezaabasi_ir/status/1931087267767939219,2025,6,2025-06-06,"آقای همتی! شاید در گذشته برای ارتقاء آسانسوری و ماندن در پستهای مدیریتی، امتیازات فراوانی داده‌اید و این شیوه در ماندنتان در وزارت موثر نبوده که از روی عصبانیت به همه نمایندگان اتهام می زنید.
اگر راست می‌گویید مصادیق اثبات ادعای خود را اعلام کنید تا سیه روی شودهر که در او غش باشد","Mr. Hemmati! Maybe in the past, you have given a lot of points to get a lift and stay in management positions, and this method was not effective in staying in the ministry, and you accuse all the representatives out of anger.
If you are telling the truth, state the examples to prove your claim, so that whoever faints in him will turn dark."
1928472234047255026,alirezaabasi_ir,2025-05-30 18:23:04.535,در ماجرای آقای قاسمیان، نکته‌ای که در حب و بغض‌های انتخابات گذشته نادیده گرفته شد این است که #فضای_مجازی در همه کشورها قانون‌مند است، اما در کشور ما، بی‌قانون و رهاست و تلاش برای قانون‌مند کردن آن به دلیل منافع جناحی و سیاسی، مانند مسئله #حجاب_و_عفاف، با مخالفت روبرو می‌شود.,0,0,0,https://x.com/alirezaabasi_ir/status/1928472234047255026,2025,5,2025-05-30,در ماجرای آقای قاسمیان، نکته‌ای که در حب و بغض‌های انتخابات گذشته نادیده گرفته شد این است که #فضای_مجازی در همه کشورها قانون‌مند است، اما در کشور ما، بی‌قانون و رهاست و تلاش برای قانون‌مند کردن آن به دلیل منافع جناحی و سیاسی، مانند مسئله #حجاب_و_عفاف، با مخالفت روبرو می‌شود.,"In the story of Mr. Ghasemian, the point that was ignored in the ups and downs of the last election is that the #virtual_space is legal in all countries, but in our country, it is lawless and free, and the attempt to make it legal is faced with opposition due to factional and political interests, such as the issue of #hijab and chastity."
1923119240812347525,alirezaabasi_ir,2025-05-15 23:52:11.494,از آنجا که تصویب لایحه پیوستن ایران به کنوانسیون پالرمو در مجلس دهم شروع و با نظر مثبت مجمع تصویب شد در نهایت باید توسط رئیس مجلس برای اجرا به رئیس جمهور ابلاغ گردد، لذا از آقای قالیباف رئیس محترم مجلس می‌خواهیم همانطور که جلوی ابلاغ قانون حجاب و عفاف را گرفتند از ابلاغ مصوبه /۱,0,0,0,https://x.com/alirezaabasi_ir/status/1923119240812347525,2025,5,2025-05-15,از آنجا که تصویب لایحه پیوستن ایران به کنوانسیون پالرمو در مجلس دهم شروع و با نظر مثبت مجمع تصویب شد در نهایت باید توسط رئیس مجلس برای اجرا به رئیس جمهور ابلاغ گردد، لذا از آقای قالیباف رئیس محترم مجلس می‌خواهیم همانطور که جلوی ابلاغ قانون حجاب و عفاف را گرفتند از ابلاغ مصوبه /۱,"Since the approval of the bill for Iran's accession to the Palermo Convention began in the 10th parliament and was approved with the positive opinion of the assembly, it must be notified to the president by the speaker of the parliament for implementation, therefore, we ask Mr. Qalibaf, the honorable speaker of the parliament, to notify the resolution 1/"
1923119245979791383,alirezaabasi_ir,2025-05-15 23:52:12.726,پالرمو هم جلوگیری کنند./۲,0,0,0,https://x.com/alirezaabasi_ir/status/1923119245979791383,2025,5,2025-05-15,پالرمو هم جلوگیری کنند./۲,Palermo should also be prevented./2
1922472984406577242,alirezaabasi_ir,2025-05-14 05:04:11.960,"وظیفه سخنگوی دولت اطلاع رسانی و پاسخگویی در رابطه با اتفاقاتی است که در دولت واقع می‌شود و سفر استانی ارتباطی با وظایف سخنگو ندارد!
 ضمنا اگر قرار بود پیامی ارسال شود بهتر بود همزمان با حمله به نام #خلیج_فارس، نشست هفتگی سخنگوی دولت در سواحل خلیج‌فارس برگزار شود /۱",0,0,0,https://x.com/alirezaabasi_ir/status/1922472984406577242,2025,5,2025-05-14,"وظیفه سخنگوی دولت اطلاع رسانی و پاسخگویی در رابطه با اتفاقاتی است که در دولت واقع می‌شود و سفر استانی ارتباطی با وظایف سخنگو ندارد!
 ضمنا اگر قرار بود پیامی ارسال شود بهتر بود همزمان با حمله به نام #خلیج_فارس، نشست هفتگی سخنگوی دولت در سواحل خلیج‌فارس برگزار شود /۱","The duty of the government spokesperson is to inform and answer about the events that happen in the government and the provincial trip has nothing to do with the speaker's duties!
 In addition, if a message was to be sent, it would be better to hold the weekly meeting of the government spokesperson on the shores of the Persian Gulf at the same time as the attack in the name of #Persian_Gulf."
1922472986948325730,alirezaabasi_ir,2025-05-14 05:04:12.566,نه با بد سلیقگی آنهم با تشریفات خاص  در ساحل خزر و منطقه آزاد انزلی برگزار گردد! /۲,0,0,0,https://x.com/alirezaabasi_ir/status/1922472986948325730,2025,5,2025-05-14,نه با بد سلیقگی آنهم با تشریفات خاص  در ساحل خزر و منطقه آزاد انزلی برگزار گردد! /۲,نه با بد سلیقگی آنهم با تشریفات خاص  در ساحل خزر و منطقه آزاد انزلی برگزار گردد! /2
1921526476165243090,alirezaabasi_ir,2025-05-11 14:23:06.810,"خلیج فارس، تاریخ و هویتی است که هزاران سال پابرجاست.
ترامپ و سایر همفکرانش بدانند جعل نام‌ها، حقیقت را عوض نمی‌کند؛ خلیج‌فارس تا ابد فارس خواهد ماند.
این بازی‌های سیاسی، تنها نشان از ضعف و درماندگی و دلیل آن شکست پروژه‌های متعدد طراحان آن است.
#خلیج_فارس
#PersianGulf",0,0,0,https://x.com/alirezaabasi_ir/status/1921526476165243090,2025,5,2025-05-11,"خلیج فارس، تاریخ و هویتی است که هزاران سال پابرجاست.
ترامپ و سایر همفکرانش بدانند جعل نام‌ها، حقیقت را عوض نمی‌کند؛ خلیج‌فارس تا ابد فارس خواهد ماند.
این بازی‌های سیاسی، تنها نشان از ضعف و درماندگی و دلیل آن شکست پروژه‌های متعدد طراحان آن است.
#خلیج_فارس
#PersianGulf","The Persian Gulf is a history and identity that has existed for thousands of years.
Trump and other like-minded people should know that falsifying names does not change the truth; The Persian Gulf will remain Persian forever.
These political games are only a sign of weakness and helplessness and the reason for that is the failure of many projects of its designers.
#Persian_Gulf
#PersianGulf"
1921477612305625186,alirezaabasi_ir,2025-05-11 11:08:56.758,"رفع ممنوعیت واردات کالاهایی که نمونه ایرانی دارند به ضرر تولید و کارگر است.
ترویج تولیدات داخلی باید اولویت باشد.
حتی اگر کیفیت برخی کالاها پایین است با تلاش و حمایت می‌توان آن‌ را به سطح بالاتری رساند.
توان ایرانی را باور، به تولید ملی افتخار و از پایداری تولید داخلی حمایت کنیم.",0,0,0,https://x.com/alirezaabasi_ir/status/1921477612305625186,2025,5,2025-05-11,"رفع ممنوعیت واردات کالاهایی که نمونه ایرانی دارند به ضرر تولید و کارگر است.
ترویج تولیدات داخلی باید اولویت باشد.
حتی اگر کیفیت برخی کالاها پایین است با تلاش و حمایت می‌توان آن‌ را به سطح بالاتری رساند.
توان ایرانی را باور، به تولید ملی افتخار و از پایداری تولید داخلی حمایت کنیم.","Lifting the ban on the import of goods that have Iranian designs is detrimental to production and workers.
Promotion of domestic products should be a priority.
Even if the quality of some goods is low, with effort and support, it can be brought to a higher level.
To believe in Iranian ability, to be proud of national production and to support the sustainability of domestic production."
1918233636094070794,alirezaabasi_ir,2025-05-02 12:18:32.559,"ترامپ و هم‌پیمانان منطقه‌ای و جهانی آن بدانند:
ما ملت بزرگ #ایران_مقتدر پنجاه سال پیش برای اینکه بایدها و نبایدهای کشور را خودمان تعیین کنیم انقلاب کردیم، مزدوران و عمله‌های آمریکا را سرنگون کرده و برای تداوم #نظام_مقدس_جمهوری_اسلامی هزاران شهید دادیم و/۱",0,0,0,https://x.com/alirezaabasi_ir/status/1918233636094070794,2025,5,2025-05-02,"ترامپ و هم‌پیمانان منطقه‌ای و جهانی آن بدانند:
ما ملت بزرگ #ایران_مقتدر پنجاه سال پیش برای اینکه بایدها و نبایدهای کشور را خودمان تعیین کنیم انقلاب کردیم، مزدوران و عمله‌های آمریکا را سرنگون کرده و برای تداوم #نظام_مقدس_جمهوری_اسلامی هزاران شهید دادیم و/۱","Trump and his regional and global allies should know:
We, the great nation of #Iran, made a revolution fifty years ago in order to determine the do's and don'ts of the country ourselves, we overthrew American mercenaries and agents, and gave thousands of martyrs for the continuation of the #Islamic_Republic's_Holy_System and/1"
1918233638103117924,alirezaabasi_ir,2025-05-02 12:18:33.038,"تحریم‌های ظالمانه جهانی را تحمل کردیم تا از حقوق مسلم #ایران_اسلامی ذره‌ای کوتاه نیاییم، لذا ""برو این دام بر مرغی دگر نه که عنقا را بلند است آشیانه"" /۲",0,0,0,https://x.com/alirezaabasi_ir/status/1918233638103117924,2025,5,2025-05-02,"تحریم‌های ظالمانه جهانی را تحمل کردیم تا از حقوق مسلم #ایران_اسلامی ذره‌ای کوتاه نیاییم، لذا ""برو این دام بر مرغی دگر نه که عنقا را بلند است آشیانه"" /۲","We endured the cruel global sanctions so as not to fall short of the fundamental rights of #Islamic_Iran, so ""go this trap on another hen that has a high nest""/2"
1915461775799026056,alirezaabasi_ir,2025-04-24 20:44:09.566,امروز که به خاطر ترک‌فعل‌های متعدد دولت عبرت با ناترازی برق مواجه هستیم و توسعه انرزی‌های تجدیدپذیر توصیه و تبلیغ می‌گردد، در سال #سرمایه‌گذاری_برای_تولید به جای حمایت از تولید پنل‌های خورشیدی توسط شرکت‌های دانش‌بنیان و غیر دانش بنیان داخلی،/۱,0,0,0,https://x.com/alirezaabasi_ir/status/1915461775799026056,2025,4,2025-04-24,امروز که به خاطر ترک‌فعل‌های متعدد دولت عبرت با ناترازی برق مواجه هستیم و توسعه انرزی‌های تجدیدپذیر توصیه و تبلیغ می‌گردد، در سال #سرمایه‌گذاری_برای_تولید به جای حمایت از تولید پنل‌های خورشیدی توسط شرکت‌های دانش‌بنیان و غیر دانش بنیان داخلی،/۱,"Today, when we are faced with electricity imbalance due to the numerous omissions of the Ebrat government, and the development of renewable energies is recommended and promoted, in the year of #investment_for_production instead of supporting the production of solar panels by domestic knowledge-based and non-knowledge-based companies,/1"
1915486878993711429,alirezaabasi_ir,2025-04-24 22:23:54.634,*انرژی,0,0,0,https://x.com/alirezaabasi_ir/status/1915486878993711429,2025,4,2025-04-24,*انرژی,* Energy
1915461778474991784,alirezaabasi_ir,2025-04-24 20:44:10.204,بازهم برای سوء استفاده افراد معلوم الحال، مسبب وضع موجود و ابربدهکار سیستم بانکی، مسیری برای تامين سرمایه آنهم از #صندوق_توسعه_ملی  این‌بار به اسم واردات پنل خورشیدی ایجاد می‌گردد./۲,0,0,0,https://x.com/alirezaabasi_ir/status/1915461778474991784,2025,4,2025-04-24,بازهم برای سوء استفاده افراد معلوم الحال، مسبب وضع موجود و ابربدهکار سیستم بانکی، مسیری برای تامين سرمایه آنهم از #صندوق_توسعه_ملی  این‌بار به اسم واردات پنل خورشیدی ایجاد می‌گردد./۲,"Again, for the abuse of the known people, the cause of the current situation and the super-debtor of the banking system, a path is created to secure capital from the #National_Development_Fund, this time in the name of importing solar panels./2"
1910395196677800371,alirezaabasi_ir,2025-04-10 21:11:22.971,"آقای رئیس‌جمهور وقتی بدون قید و شرط می‌گویید ""صادرات آزاد و در صورت کمبود، واردات انجام می‌دهیم"" یعنی از فردا قسمت عمده‌ای از گوشت قرمز و سفید، تخم‌مرغ، میوه، سبزی، صیفی و محصولات زراعی تولیدی کشور صادر خواهد شد و ارز حاصل شده یا به کشور برنمی‌گردد یا درصد کمی برخواهدگشت! /۱",0,0,0,https://x.com/alirezaabasi_ir/status/1910395196677800371,2025,4,2025-04-10,"آقای رئیس‌جمهور وقتی بدون قید و شرط می‌گویید ""صادرات آزاد و در صورت کمبود، واردات انجام می‌دهیم"" یعنی از فردا قسمت عمده‌ای از گوشت قرمز و سفید، تخم‌مرغ، میوه، سبزی، صیفی و محصولات زراعی تولیدی کشور صادر خواهد شد و ارز حاصل شده یا به کشور برنمی‌گردد یا درصد کمی برخواهدگشت! /۱","Mr. President, when you unconditionally say ""we will export freely and in case of shortage, we will import"", it means that from tomorrow, a major part of red and white meat, eggs, fruits, vegetables, summer and crops produced in the country will be exported, and the currency obtained will either not return to the country or a small percentage will return! /1"
1910395198749765854,alirezaabasi_ir,2025-04-10 21:11:23.465,"و شما هم برای واردات همین کالاها در سقف بودجه ارز دارید و این یعنی جهش قیمت و بهم ریختگی بازار کالاهای اساسی!
لذا با این وضع لطفا اقتصاد را هم مثل فرهنگ از اولویت‌های خود خارج کنید./۲",0,0,0,https://x.com/alirezaabasi_ir/status/1910395198749765854,2025,4,2025-04-10,"و شما هم برای واردات همین کالاها در سقف بودجه ارز دارید و این یعنی جهش قیمت و بهم ریختگی بازار کالاهای اساسی!
لذا با این وضع لطفا اقتصاد را هم مثل فرهنگ از اولویت‌های خود خارج کنید./۲","And you also have currency within the budget limit to import the same goods, and this means price jumps and confusion in the basic goods market!
Therefore, with this situation, please remove economy from your priorities like culture./2"
1909550977268474262,alirezaabasi_ir,2025-04-08 13:16:45.379,"حضرت امیرالمؤمنین علی(ع)پاسخ نامه معاویه را آماده و«طرماح»مسئول ارسال نامه گردید.
حضرت بعداز آگاه کردن طرماح ازمتن تند نامه، فرمودند: طرماح! به شام که رفتی مواظب آبروى على باش،طرماح گفت:سمعاً و طاعةً
آقای عراقچی شماهم مراقب آبروی نظام مقدس جمهوری اسلامی و رهبرمعظم انقلاب باشید.",0,0,0,https://x.com/alirezaabasi_ir/status/1909550977268474262,2025,4,2025-04-08,"حضرت امیرالمؤمنین علی(ع)پاسخ نامه معاویه را آماده و«طرماح»مسئول ارسال نامه گردید.
حضرت بعداز آگاه کردن طرماح ازمتن تند نامه، فرمودند: طرماح! به شام که رفتی مواظب آبروى على باش،طرماح گفت:سمعاً و طاعةً
آقای عراقچی شماهم مراقب آبروی نظام مقدس جمهوری اسلامی و رهبرمعظم انقلاب باشید.","Hazrat Amir al-Mu'minin Ali (a.s.) prepared the reply to Mu'awiya's letter and Tarmah was responsible for sending the letter.
After informing Tarmah about the harsh text of the letter, the Prophet said: Tarmah! Take care of Ali's reputation when you go to dinner, Tarmah said: Obediently and obediently
Mr. Araghchi, you should also take care of the reputation of the holy system of the Islamic Republic and the supreme leader of the revolution."
1909320388850729336,alirezaabasi_ir,2025-04-07 22:00:28.816,ضد انقلاب، فتنه‌گران و بازوان رسانه‌ای آنها از روشنگری‌های کیهان در رابطه با خسارت محض برجام، حمایت از جبهه مقاومت، نفی مذاکره و سازش با امریکا، جریان انحراف و فتنه‌های ۷۸، ۸۸، ۹۶، ۹۸ و... ضربه‌هایی اساسی خورده‌اند و دلیل حملات امروزشان کینه‌هایی است که از این جهاد تبیین دارند.,0,0,0,https://x.com/alirezaabasi_ir/status/1909320388850729336,2025,4,2025-04-07,ضد انقلاب، فتنه‌گران و بازوان رسانه‌ای آنها از روشنگری‌های کیهان در رابطه با خسارت محض برجام، حمایت از جبهه مقاومت، نفی مذاکره و سازش با امریکا، جریان انحراف و فتنه‌های ۷۸، ۸۸، ۹۶، ۹۸ و... ضربه‌هایی اساسی خورده‌اند و دلیل حملات امروزشان کینه‌هایی است که از این جهاد تبیین دارند.,"The anti-revolutionaries, seditionists and their media arms have been seriously hit by the revelations of the universe regarding the sheer damage of the JCPOA, support for the resistance front, negation of negotiation and compromise with the US, the flow of deviations and seditions of 78, 88, 96, 98, etc., and the reason for their attacks today is the grudges that explain this jihad."
1908989433321562570,alirezaabasi_ir,2025-04-07 00:05:22.869,"در شرایطی که صادرات نفت از مرز یک میلیون و نهصدهزار بشکه در روز عبورکرده وصادرات غیرنفتی کشور در سال۱۴۰۳رقم بی‌سابقه‌ ۱۳۰.۲ میلیارددلار را ثبت کرده است، تصویب لوایح  استعماریCFTو پالرمو، با مصلحت کشور در تعارض است.
مجمع تشخیص مصلحت نظام مراقب باشد برخلاف مصالح نظام تصمیم نگیرد!",0,0,0,https://x.com/alirezaabasi_ir/status/1908989433321562570,2025,4,2025-04-07,"در شرایطی که صادرات نفت از مرز یک میلیون و نهصدهزار بشکه در روز عبورکرده وصادرات غیرنفتی کشور در سال۱۴۰۳رقم بی‌سابقه‌ ۱۳۰.۲ میلیارددلار را ثبت کرده است، تصویب لوایح  استعماریCFTو پالرمو، با مصلحت کشور در تعارض است.
مجمع تشخیص مصلحت نظام مراقب باشد برخلاف مصالح نظام تصمیم نگیرد!","In a situation where oil exports have exceeded one million nine hundred thousand barrels per day and the country's non-oil exports in 1403 have recorded an unprecedented amount of 130.2 billion dollars, the approval of the CFT and Palermo colonial bills is in conflict with the country's interests.
The Expediency Council should be careful not to make decisions against the interests of the system!"
1908486283426488444,alirezaabasi_ir,2025-04-05 14:46:02.586,"آقای پزشکیان
سفر لاکچری معاون پارلمانی دولت شما نمکی بر زخم مردم وعاملی برای افزایش یاس و ناامیدی در شرایط نامناسب اقتصادی کشور بود، ولی رفتارصادقانه شما در برکناری ایشان، مرهمی بر زخم جامعه وارتقای سرمایه اجتماعی نظام خواهدبود،از شما بابت این رفتارانقلابی تشکر وقدردانی می‌کنم.",0,0,0,https://x.com/alirezaabasi_ir/status/1908486283426488444,2025,4,2025-04-05,"آقای پزشکیان
سفر لاکچری معاون پارلمانی دولت شما نمکی بر زخم مردم وعاملی برای افزایش یاس و ناامیدی در شرایط نامناسب اقتصادی کشور بود، ولی رفتارصادقانه شما در برکناری ایشان، مرهمی بر زخم جامعه وارتقای سرمایه اجتماعی نظام خواهدبود،از شما بابت این رفتارانقلابی تشکر وقدردانی می‌کنم.","Mr. Doctors
The luxury trip of the parliamentary deputy of your government was salt on the people's wounds and a factor to increase despair and despair in the unfavorable economic conditions of the country, but your honest behavior in removing him will be a salve on the wounds of the society and the development of the social capital of the system. I thank and appreciate you for this revolutionary behavior."
1906797428935623099,alirezaabasi_ir,2025-03-31 22:55:08.298,آقای رییس‌جمهور! از شما بسیار شنیدیم که همه باید بر سر یک سفره بنشینیم تا مردم به ما اعتماد کنند، متاسفانه این روزها اظهار نظرها و رفتارهایی از دولت‌مردان و دولت‌زنان شما شنیده و دیده می‌شود که نشانگر این است که نه تنها سفره دولتیان شما از سفره مردم جداست بلکه، دغدغه های آنان /۱,0,0,0,https://x.com/alirezaabasi_ir/status/1906797428935623099,2025,3,2025-03-31,آقای رییس‌جمهور! از شما بسیار شنیدیم که همه باید بر سر یک سفره بنشینیم تا مردم به ما اعتماد کنند، متاسفانه این روزها اظهار نظرها و رفتارهایی از دولت‌مردان و دولت‌زنان شما شنیده و دیده می‌شود که نشانگر این است که نه تنها سفره دولتیان شما از سفره مردم جداست بلکه، دغدغه های آنان /۱,"Mr. President! We have heard a lot from you that we all have to sit at the same table so that people can trust us. Unfortunately, these days we hear and see comments and behaviors from your government men and women, which shows that not only the table of your government officials is separate from the people's table, but also their concerns/1"
1906797431641022642,alirezaabasi_ir,2025-03-31 22:55:08.943,"هم از دغدغه‌های مردم کاملا متفاوت است.
 فاین تذهبون! لم تقولون ما لا تفعلون! /۲",0,0,0,https://x.com/alirezaabasi_ir/status/1906797431641022642,2025,3,2025-03-31,"هم از دغدغه‌های مردم کاملا متفاوت است.
 فاین تذهبون! لم تقولون ما لا تفعلون! /۲","It is completely different from people's concerns.
 Good luck! You say, we don't do it! /2"
1905306740645560490,alirezaabasi_ir,2025-03-27 19:11:40.514,"روز جهانی قدس نماد دفاع از مظلوم و مبارزه با ظلم و تروریسم دولتی و در یک کلمه نماد مقاومت اسلامی است که ضمن معرفی رژیم صهیونیستی به عنوان دشمن مشترک همه مسلمانان بر مبارزه مداوم با هرگونه تفکر استکباری تا آزادی قدس شریف تاکید می کند.
#روز_قدس",0,0,0,https://x.com/alirezaabasi_ir/status/1905306740645560490,2025,3,2025-03-27,"روز جهانی قدس نماد دفاع از مظلوم و مبارزه با ظلم و تروریسم دولتی و در یک کلمه نماد مقاومت اسلامی است که ضمن معرفی رژیم صهیونیستی به عنوان دشمن مشترک همه مسلمانان بر مبارزه مداوم با هرگونه تفکر استکباری تا آزادی قدس شریف تاکید می کند.
#روز_قدس","International Quds Day is a symbol of defending the oppressed and fighting government oppression and terrorism.
#Quds_Day"
1904885945905615061,alirezaabasi_ir,2025-03-26 15:19:35.230,منتظر توضیحات و پاسخگویی سخنگوی محترمه دولت در رابطه با سفرهای لاکچری برخی از معاونان رئیس دولت چهاردهم هستیم، ضمنا لازم است ایشان توضیح دهند آیا اجرای قانون حجاب و عفاف تبعات سنگین اجتماعی دارد یا رفتارها و مسافرتهای لاکچری دولتیان؟,0,0,0,https://x.com/alirezaabasi_ir/status/1904885945905615061,2025,3,2025-03-26,منتظر توضیحات و پاسخگویی سخنگوی محترمه دولت در رابطه با سفرهای لاکچری برخی از معاونان رئیس دولت چهاردهم هستیم، ضمنا لازم است ایشان توضیح دهند آیا اجرای قانون حجاب و عفاف تبعات سنگین اجتماعی دارد یا رفتارها و مسافرتهای لاکچری دولتیان؟,"We are waiting for the explanation and response of the speaker of the government regarding the luxury trips of some of the vice presidents of the 14th government. At the same time, it is necessary for them to explain whether the implementation of the hijab and chastity law has serious social consequences or the behavior and luxury trips of government officials?"
1903528892478210544,alirezaabasi_ir,2025-03-22 21:27:08.480,"#بانک_آینده در شاخصِ ""ارائه تسهیلات به اشخاص مرتبط با بانک"" و ""مانده تسهیلات غیر جاری"" بدترین رتبه را کسب و نقدینگی افسار گسیخته حاصل را صرف سرمایه‌گذاری شخصی سهامدار عمده بانک نموده و بانک را به خزانه شخصی سهامدار اصلی تبدیل کرده ولی تورم شدید حاصل از آنرا بر اقشار کم درآمد /۱",0,0,0,https://x.com/alirezaabasi_ir/status/1903528892478210544,2025,3,2025-03-22,"#بانک_آینده در شاخصِ ""ارائه تسهیلات به اشخاص مرتبط با بانک"" و ""مانده تسهیلات غیر جاری"" بدترین رتبه را کسب و نقدینگی افسار گسیخته حاصل را صرف سرمایه‌گذاری شخصی سهامدار عمده بانک نموده و بانک را به خزانه شخصی سهامدار اصلی تبدیل کرده ولی تورم شدید حاصل از آنرا بر اقشار کم درآمد /۱","#Future_Bank got the worst rank in the index of ""offering facilities to persons related to the bank"" and ""remaining non-current facilities"" and spent the resulting unbridled liquidity on the personal investment of the major shareholder of the bank and turned the bank into the personal treasury of the main shareholder, but the severe inflation resulting from it affects the low-income groups/1"
1903528896412234072,alirezaabasi_ir,2025-03-22 21:27:09.418,"تحمیل نموده است.
لذا در سال #سرمایه‌گذاری_برای_تولید بانک‌های اینچنینی باید تعطیل و نقدینگی موجود بدون انحصار و رانت، برای رونق تولید در سرتاسر کشور و برای عموم صرف گردد./۲",0,0,0,https://x.com/alirezaabasi_ir/status/1903528896412234072,2025,3,2025-03-22,"تحمیل نموده است.
لذا در سال #سرمایه‌گذاری_برای_تولید بانک‌های اینچنینی باید تعطیل و نقدینگی موجود بدون انحصار و رانت، برای رونق تولید در سرتاسر کشور و برای عموم صرف گردد./۲","has imposed
Therefore, in the year #investment_for_the_production of such banks should be closed and the available liquidity without monopoly and rent should be spent for the development of production throughout the country and for the public./2"
1902916274579001486,alirezaabasi_ir,2025-03-21 04:52:48.991,بر اساس ترازنامه عملکرد بانکها، سهم بانک آینده در پایه پولی کشور از ۲۲ درصد به ۴۲ درصد و امسال به ۵۱ درصد رسیده و این بانک به یکی از موتورهای اصلی خلق پایه پولی در کشور تبدیل شده است./۱,0,0,0,https://x.com/alirezaabasi_ir/status/1902916274579001486,2025,3,2025-03-21,بر اساس ترازنامه عملکرد بانکها، سهم بانک آینده در پایه پولی کشور از ۲۲ درصد به ۴۲ درصد و امسال به ۵۱ درصد رسیده و این بانک به یکی از موتورهای اصلی خلق پایه پولی در کشور تبدیل شده است./۱,"According to the performance balance sheet of the banks, the share of the future bank in the monetary base of the country has increased from 22% to 42% and this year it has reached 51% and this bank has become one of the main engines of creating the monetary base in the country."
1902916277611504101,alirezaabasi_ir,2025-03-21 04:52:49.714,لذا عدم انحلال یا ادغام این بانک، روزانه ۲۷۹ میلیارد تومان زیان به کشور وارد می‌کند و با افزایش نرخ تورم، هزینه‌های سنگینی به خانوارهای ایرانی تحمیل خواهد کرد./۲,0,0,0,https://x.com/alirezaabasi_ir/status/1902916277611504101,2025,3,2025-03-21,لذا عدم انحلال یا ادغام این بانک، روزانه ۲۷۹ میلیارد تومان زیان به کشور وارد می‌کند و با افزایش نرخ تورم، هزینه‌های سنگینی به خانوارهای ایرانی تحمیل خواهد کرد./۲,"Therefore, the failure to liquidate or merge this bank will cause a loss of 279 billion tomans per day to the country, and with the increase in the inflation rate, it will impose heavy costs on Iranian households./2"
1900619914752250097,alirezaabasi_ir,2025-03-14 20:47:54.144,اداره کل آموزش و پرورش و دانشگاه‌ آزاد اسلامی استان باید پاسخگوی کوتاهی خود در ایجاد هنجارشکنی و حرمت‌شکنی در ماه مبارک رمضان باشند و ضمن عذرخواهی از عموم مردم متعهد گردند از تکرار اتفاقات مشابه جلوگیری نمایند./۱,0,0,0,https://x.com/alirezaabasi_ir/status/1900619914752250097,2025,3,2025-03-14,اداره کل آموزش و پرورش و دانشگاه‌ آزاد اسلامی استان باید پاسخگوی کوتاهی خود در ایجاد هنجارشکنی و حرمت‌شکنی در ماه مبارک رمضان باشند و ضمن عذرخواهی از عموم مردم متعهد گردند از تکرار اتفاقات مشابه جلوگیری نمایند./۱,"The General Department of Education and the Islamic Azad University of the province should be held accountable for their failure to break norms and disrespect during the holy month of Ramadan, and while apologizing to the public, they should commit to prevent the repetition of similar incidents./1"
1900619921576378714,alirezaabasi_ir,2025-03-14 20:47:55.771,دستگاه‌های نظارتی نیز باید به وظایف خود عمل کنند تا دیگر شاهد این اتفاقات در سایر دستگاه‌های دولتی و غیردولتی استان نباشیم./۲,0,0,0,https://x.com/alirezaabasi_ir/status/1900619921576378714,2025,3,2025-03-14,دستگاه‌های نظارتی نیز باید به وظایف خود عمل کنند تا دیگر شاهد این اتفاقات در سایر دستگاه‌های دولتی و غیردولتی استان نباشیم./۲,The regulatory bodies must also fulfill their duties so that we do not witness these incidents in other governmental and non-governmental organizations of the province./2
1898280817358446990,alirezaabasi_ir,2025-03-08 09:53:09.867,"آقای رئیس جمهور!
مصوبه ممنوعیت صادرات محصولات کشاورزی دولت شما کمر صادر کنندگان محصولات کشاورزی را خواهد شکست، چرا مقابل #مردم می‌ایستید و بر خلاف #قانون صادرات محصولات کشاورزی را ممنوع می‌کنید؟",0,0,0,https://x.com/alirezaabasi_ir/status/1898280817358446990,2025,3,2025-03-08,"آقای رئیس جمهور!
مصوبه ممنوعیت صادرات محصولات کشاورزی دولت شما کمر صادر کنندگان محصولات کشاورزی را خواهد شکست، چرا مقابل #مردم می‌ایستید و بر خلاف #قانون صادرات محصولات کشاورزی را ممنوع می‌کنید؟","Mr. President!
Your government's decision to ban the export of agricultural products will break the backs of exporters of agricultural products, why do you stand in front of the #people and ban the export of agricultural products against the #law?"
1897542720199012507,alirezaabasi_ir,2025-03-06 09:00:13.791,جناب آقای رئیس جمهور! باید در همان زمان انتخابات و بعد از مشورت با کارشناسان اطراف خود، لیستی از قوانینی که می‌خواستید و یا می‌توانستید اجرا کنید را به شورای نگهبان و مردم ارائه می‌کردید تا در آن زمان همه به تکلیف خود عمل می‌کردند./۱,0,0,0,https://x.com/alirezaabasi_ir/status/1897542720199012507,2025,3,2025-03-06,جناب آقای رئیس جمهور! باید در همان زمان انتخابات و بعد از مشورت با کارشناسان اطراف خود، لیستی از قوانینی که می‌خواستید و یا می‌توانستید اجرا کنید را به شورای نگهبان و مردم ارائه می‌کردید تا در آن زمان همه به تکلیف خود عمل می‌کردند./۱,"Dear Mr. President! You should have presented a list of laws that you wanted or could implement to the Guardian Council and the people at the same time as the elections and after consulting with the experts around you, so that everyone would do their duty at that time./1"
1897542723285983291,alirezaabasi_ir,2025-03-06 09:00:14.527,ضمنا به بند ۱۷ سیاست‌های کلی نظام قانون‌گذاری (ترویج و نهادینه‌سازی فرهنگ رعایت، تمکین و احترام به قانون و تبدیل آن به یک مطالبه‌ی عمومی) که به آن استناد کرده‌اید هم توجه کنید و بدانید که عدم تمکین به قانون منجر به دیکتاتوری خواهد شد./۲,0,0,0,https://x.com/alirezaabasi_ir/status/1897542723285983291,2025,3,2025-03-06,ضمنا به بند ۱۷ سیاست‌های کلی نظام قانون‌گذاری (ترویج و نهادینه‌سازی فرهنگ رعایت، تمکین و احترام به قانون و تبدیل آن به یک مطالبه‌ی عمومی) که به آن استناد کرده‌اید هم توجه کنید و بدانید که عدم تمکین به قانون منجر به دیکتاتوری خواهد شد./۲,"At the same time, pay attention to paragraph 17 of the general policies of the legislative system (promotion and institutionalization of the culture of compliance, obedience and respect for the law and turning it into a public demand) that you cited and know that disobeying the law will lead to dictatorship./2"
1897123557723058467,alirezaabasi_ir,2025-03-05 05:14:37.669,از جدیت و سرعت دستگاه قضا در محکومیت دو وزیر دولت سیزدهم بابت ترک‌فعل‌ها و قصور در وظایف‌شان سپاسگزاری می‌کنیم ولی انتظار داریم همان جدیت و سرعت را در ترک‌فعل‌ها و قصورهای متعددی که آقایان روحانی و ظریف(در برجام)، آخوندی(در ساخت مسکن)، زنگنه(در کرسنت)، نعمت‌زاده(در صنعت /۱,0,0,0,https://x.com/alirezaabasi_ir/status/1897123557723058467,2025,3,2025-03-05,از جدیت و سرعت دستگاه قضا در محکومیت دو وزیر دولت سیزدهم بابت ترک‌فعل‌ها و قصور در وظایف‌شان سپاسگزاری می‌کنیم ولی انتظار داریم همان جدیت و سرعت را در ترک‌فعل‌ها و قصورهای متعددی که آقایان روحانی و ظریف(در برجام)، آخوندی(در ساخت مسکن)، زنگنه(در کرسنت)، نعمت‌زاده(در صنعت /۱,"We are grateful for the seriousness and speed of the judicial system in condemning the two ministers of the 13th government for their omissions and negligence in their duties, but we expect the same seriousness and speed in the numerous omissions and omissions that Mr. Rouhani and Zarif (in the JCPOA), Akhundi (in housing construction), Zanganeh (in Crescent), Nematzadeh (in Sanat/1)"
1897123559975407731,alirezaabasi_ir,2025-03-05 05:14:38.206,و بازرگانی)، رحمانی فضلی و روحانی(در افزایش قیمت بنزین، اغتشاشات ۹۸ و بورس)، وزرای جهاد کشاورزی و صمت دولت روحانی(در موضوع چای دبش)، وزارت نفت و نیروی دولت چهاردهم(در خاموشی‌های مکرر و طولانی امسال) و همچنین همتی (در سقوط آزاد ارزش پول ملی) و ... مرتکب شده‌اند نیز به کار ببرد /۲,0,0,0,https://x.com/alirezaabasi_ir/status/1897123559975407731,2025,3,2025-03-05,و بازرگانی)، رحمانی فضلی و روحانی(در افزایش قیمت بنزین، اغتشاشات ۹۸ و بورس)، وزرای جهاد کشاورزی و صمت دولت روحانی(در موضوع چای دبش)، وزارت نفت و نیروی دولت چهاردهم(در خاموشی‌های مکرر و طولانی امسال) و همچنین همتی (در سقوط آزاد ارزش پول ملی) و ... مرتکب شده‌اند نیز به کار ببرد /۲,"and commerce), Rahmani Fazli and Rouhani (in the increase in gasoline prices, the disturbances of 1998 and the stock market), the ministers of agricultural jihad and the silence of the Rouhani government (in the matter of Dabash tea), the Ministry of Petroleum and Energy of the 14th government (in the frequent and long blackouts this year), as well as Hemmati (in the free fall of the value of the national currency) and..."
1897123564698128746,alirezaabasi_ir,2025-03-05 05:14:39.332,و از این طریق اعتماد مردم به دستگاه قضا را ارتقاء داده و سرمایه اجتماعی نظام را نیز تقویت نماید./۳,0,0,0,https://x.com/alirezaabasi_ir/status/1897123564698128746,2025,3,2025-03-05,و از این طریق اعتماد مردم به دستگاه قضا را ارتقاء داده و سرمایه اجتماعی نظام را نیز تقویت نماید./۳,"And in this way, to increase people's trust in the judicial system and to strengthen the social capital of the system. 3"
1895523662067102169,alirezaabasi_ir,2025-02-28 19:17:12.820,با کاهش ارزش پول ملی(بیش از ۵۰٪) و کوچک‌تر شدن سفره مردم با سیاست‌های ارزی و اقتصادی نادرست دولت چهاردهم و خاصه وزارت اقتصاد، اصلاح سیاست‌های ارزی، ثبات نرخ ارز، تقویت پول ملی و مهار تورم را انتظار داشتیم، ولی با مشاهده بی‌تفاوتی دولت به این موضوع، #استیضاح وزیر به جریان افتاد/۱,0,0,0,https://x.com/alirezaabasi_ir/status/1895523662067102169,2025,2,2025-02-28,با کاهش ارزش پول ملی(بیش از ۵۰٪) و کوچک‌تر شدن سفره مردم با سیاست‌های ارزی و اقتصادی نادرست دولت چهاردهم و خاصه وزارت اقتصاد، اصلاح سیاست‌های ارزی، ثبات نرخ ارز، تقویت پول ملی و مهار تورم را انتظار داشتیم، ولی با مشاهده بی‌تفاوتی دولت به این موضوع، #استیضاح وزیر به جریان افتاد/۱,"With the decrease in the value of the national currency (more than 50%) and the shrinking of the people's table due to the incorrect currency and economic policies of the 14th government, especially the Ministry of Economy, we expected the reform of the currency policies, the stability of the exchange rate, the strengthening of the national currency and the control of inflation, but seeing the government's indifference to this issue, the impeachment of the minister took place/1"
1895523664759816661,alirezaabasi_ir,2025-02-28 19:17:13.462,انتظار می‌رود به جای سیاسی جلوه دادن وظیفه قانونی مجلس، دولت نسبت به اصلاح اقدامات نادرست اقتصادی و ارزی خود اقدام و بعد ا استیضاح وزیر اقتصاد نیز، معیشت مردم را گروگان نگرفته و نسبت به معرفی یک میدان‌دار اقتصادی شایسته، توانمند و معتقد به اقتصاد مقاومتی اقدام نماید./۲,0,0,0,https://x.com/alirezaabasi_ir/status/1895523664759816661,2025,2,2025-02-28,انتظار می‌رود به جای سیاسی جلوه دادن وظیفه قانونی مجلس، دولت نسبت به اصلاح اقدامات نادرست اقتصادی و ارزی خود اقدام و بعد ا استیضاح وزیر اقتصاد نیز، معیشت مردم را گروگان نگرفته و نسبت به معرفی یک میدان‌دار اقتصادی شایسته، توانمند و معتقد به اقتصاد مقاومتی اقدام نماید./۲,"It is expected that instead of politicizing the legal duty of the parliament, the government will act to correct its wrong economic and currency actions and after impeaching the Minister of Economy, will not take the people's livelihood hostage and will introduce a competent, capable economic leader who believes in resistance economy./2"
1893896796180504928,alirezaabasi_ir,2025-02-24 07:32:37.767,تشييع میلیونی سیدمقاومت دراوج تهدیدهای رژیم‌صهیونیستی نشان داد حزب‌الله بدنه وپایگاه مردمی گسترده دارد ومیتواند این سرمایه اجتماعی رادرسخت‌ترین شرایط سازماندهی کند وقدرت نرم وسخت برای خودایجاد نماید و این یعنی حزب الله با شهادت فرمانده‌هانش زنده وبیدار کننده وجدان‌ها و فطرت‌هاست.,0,0,0,https://x.com/alirezaabasi_ir/status/1893896796180504928,2025,2,2025-02-24,تشييع میلیونی سیدمقاومت دراوج تهدیدهای رژیم‌صهیونیستی نشان داد حزب‌الله بدنه وپایگاه مردمی گسترده دارد ومیتواند این سرمایه اجتماعی رادرسخت‌ترین شرایط سازماندهی کند وقدرت نرم وسخت برای خودایجاد نماید و این یعنی حزب الله با شهادت فرمانده‌هانش زنده وبیدار کننده وجدان‌ها و فطرت‌هاست.,"The million funeral of Seyyed Mogamoat at the height of the threats of the Zionist regime showed that Hezbollah has a large body and popular base and can organize this social capital in the most difficult conditions and create soft and hard power for itself, and this means that Hezbollah is alive and awakening consciences and natures with the testimony of its commanders."
1893626375224922538,alirezaabasi_ir,2025-02-23 13:38:04.387,"آقای حضرتی رئیس شورای اطلاع رسانی دولت!
اگر ازدستاوردسازی برای دولت چهاردهم ازجمله بی‌تفاوتی نسبت به اجرای واجب سیاسی وشرعی #حجاب،سهل‌انگاری در رابطه باقانون گزینش ورجیستری آیفون فارغ شدید،از عملکرددولت وفاق دررابطه بااقتصاد،سفره مردم،جهش قیمت ارز،سکه،طلا و..نیزگزارشی ارائه دهید.",0,0,0,https://x.com/alirezaabasi_ir/status/1893626375224922538,2025,2,2025-02-23,"آقای حضرتی رئیس شورای اطلاع رسانی دولت!
اگر ازدستاوردسازی برای دولت چهاردهم ازجمله بی‌تفاوتی نسبت به اجرای واجب سیاسی وشرعی #حجاب،سهل‌انگاری در رابطه باقانون گزینش ورجیستری آیفون فارغ شدید،از عملکرددولت وفاق دررابطه بااقتصاد،سفره مردم،جهش قیمت ارز،سکه،طلا و..نیزگزارشی ارائه دهید.","Mr. Hazrati, the head of the government information council!
If you get rid of the achievements for the 14th government, including indifference to the obligatory political and legal implementation of the #hijab, negligence regarding the iPhone registration and selection law, please provide a report on the performance of the federal government in relation to the economy, the people's table, the jump in the price of currency, coins, gold, etc."
1893368208964415568,alirezaabasi_ir,2025-02-22 20:32:12.754,هرچند با شهادت سید حسن نصرالله، لبنان و تمامی آزادگان جهان از فلسطین تا ایران و یمن در سوگ او عزادار شدند ولی شهادت او و سایر فرماندهان محور مقاومت باعث زنده و بیدارتر شدن فطرت‌ها و وجدان‌های پاک آزادگان عالم گردید./۱,0,0,0,https://x.com/alirezaabasi_ir/status/1893368208964415568,2025,2,2025-02-22,هرچند با شهادت سید حسن نصرالله، لبنان و تمامی آزادگان جهان از فلسطین تا ایران و یمن در سوگ او عزادار شدند ولی شهادت او و سایر فرماندهان محور مقاومت باعث زنده و بیدارتر شدن فطرت‌ها و وجدان‌های پاک آزادگان عالم گردید./۱,"Although with the martyrdom of Seyed Hassan Nasrallah, Lebanon and all the free people of the world mourned his death, from Palestine to Iran and Yemen, but his martyrdom and other commanders of the axis of resistance made the pure natures and consciences of the free people of the world alive and awake."
1893368211342500134,alirezaabasi_ir,2025-02-22 20:32:13.321,"او و تمام یاران شهیدش همیشه برای امنیت و شرافت ملت‌ها ایستادند و امروز تمام ملت‌های آزاده جهان در کنار مردم لبنان برای وداع باشکوه با پیکر او و پایداری در راه او ایستاده‌اند./۲
#إنّا_على_العهد",0,0,0,https://x.com/alirezaabasi_ir/status/1893368211342500134,2025,2,2025-02-22,"او و تمام یاران شهیدش همیشه برای امنیت و شرافت ملت‌ها ایستادند و امروز تمام ملت‌های آزاده جهان در کنار مردم لبنان برای وداع باشکوه با پیکر او و پایداری در راه او ایستاده‌اند./۲
#إنّا_على_العهد","He and all his martyr companions always stood for the security and honor of the nations and today all the free nations of the world are standing with the people of Lebanon for a glorious farewell to his body and stability in his path./2
#إنّا_على_الاحد"
1892531506746134870,alirezaabasi_ir,2025-02-20 13:07:27.400,"آقای استاندار!
جایگاه شاخص‌های توانمندی،کارآمدی و سلامت در انتصاب مدیران استانی دولت وفاق کجاست؟
شایسته‌گزینی که یکی از اصلی‌ترین ادعاها و شعارهای دولت بود هم متاسفانه بسیار زود فراموش شد و دوری و نزدیکی به باندهای قدرت و ثروت جایگزین آن گردید.",0,0,0,https://x.com/alirezaabasi_ir/status/1892531506746134870,2025,2,2025-02-20,"آقای استاندار!
جایگاه شاخص‌های توانمندی،کارآمدی و سلامت در انتصاب مدیران استانی دولت وفاق کجاست؟
شایسته‌گزینی که یکی از اصلی‌ترین ادعاها و شعارهای دولت بود هم متاسفانه بسیار زود فراموش شد و دوری و نزدیکی به باندهای قدرت و ثروت جایگزین آن گردید.","Mr. Governor!
Where is the position of indicators of ability, efficiency and health in the appointment of provincial managers of the federal government?
Merit selection, which was one of the main claims and slogans of the government, was unfortunately forgotten very soon and it was replaced by distance and proximity to power and wealth gangs."
1891223971577659622,alirezaabasi_ir,2025-02-16 22:31:46.723,"صداقت وپایبندی به اصول اخلاقی ازجمله ضروریات بازی جوانمردانه است.
قهرمان واقعی در یک چارچوب صحیح اخلاقی ورزش می‌کند، #عباس_علی_اکبری بازیکن تیم فوتبال فرد البرز با نمایش منش پهلوانی، الگویی برای جوانان خواهد شد تا افتخار کنیم به جوانانی که راه پهلوانانی چون تختی را ادامه می دهند.",0,0,0,https://x.com/alirezaabasi_ir/status/1891223971577659622,2025,2,2025-02-16,"صداقت وپایبندی به اصول اخلاقی ازجمله ضروریات بازی جوانمردانه است.
قهرمان واقعی در یک چارچوب صحیح اخلاقی ورزش می‌کند، #عباس_علی_اکبری بازیکن تیم فوتبال فرد البرز با نمایش منش پهلوانی، الگویی برای جوانان خواهد شد تا افتخار کنیم به جوانانی که راه پهلوانانی چون تختی را ادامه می دهند.","Honesty and adherence to moral principles are among the necessities of fair play.
A true hero plays sports in a correct moral framework, #Abbas_Ali_Akbari, a player of the Fard Alborz football team, will become a role model for the youth, so that we can be proud of the youth who continue the path of heroes like Takhti."
1890802219617796505,alirezaabasi_ir,2025-02-15 18:35:53.220,قتل یک فرد با هر جنسیت، قومیت، مذهب و جایگاه، دردناک و تالم بار است و باید توسط مسئولین انتظامی و امنیتی کشور مورد بررسی و پیگیری دقیق قرار گیرد و با عاملان، آمران و پشت پرده‌های آن به شدت برخورد شود تا از تکرار آن در آینده بطور کامل جلوگیری شود ولی اینکه عده‌ای بخواهند بر موج /۱,0,0,0,https://x.com/alirezaabasi_ir/status/1890802219617796505,2025,2,2025-02-15,قتل یک فرد با هر جنسیت، قومیت، مذهب و جایگاه، دردناک و تالم بار است و باید توسط مسئولین انتظامی و امنیتی کشور مورد بررسی و پیگیری دقیق قرار گیرد و با عاملان، آمران و پشت پرده‌های آن به شدت برخورد شود تا از تکرار آن در آینده بطور کامل جلوگیری شود ولی اینکه عده‌ای بخواهند بر موج /۱,"The murder of a person of any gender, ethnicity, religion and status is painful and painful and must be investigated and followed up by the law enforcement and security officials of the country and the perpetrators, leaders and those behind the scenes should be dealt with severely in order to completely prevent its repetition in the future, but if some people want to go on the wave/1"
1890802228664979850,alirezaabasi_ir,2025-02-15 18:35:55.377,"سوار شوند و براساس خواسته‌ها واغراض سیاسی خود، نظام آموزش عالی کشور ومجموعه نظام اسلامی رادچار چالش کنند به هیچ وجه پذیرفته نیست.
درکنار پیگیری صادقانه و مجدانه مسئولین، دانشجویان عزیز نیز در عین پیگیری مطالبات به حق خود باحفظ آرامش، باردیگر نقشه‌های دشمنان را ناکام خواهندگذارد/۲",0,0,0,https://x.com/alirezaabasi_ir/status/1890802228664979850,2025,2,2025-02-15,"سوار شوند و براساس خواسته‌ها واغراض سیاسی خود، نظام آموزش عالی کشور ومجموعه نظام اسلامی رادچار چالش کنند به هیچ وجه پذیرفته نیست.
درکنار پیگیری صادقانه و مجدانه مسئولین، دانشجویان عزیز نیز در عین پیگیری مطالبات به حق خود باحفظ آرامش، باردیگر نقشه‌های دشمنان را ناکام خواهندگذارد/۲","to ride and challenge the country's higher education system and Islamic system based on their political wishes is not accepted in any way.
In addition to the honest and diligent follow-up of the authorities, dear students will also thwart the plans of the enemies while following the demands for their rights and keeping calm/2"
1889210143939665959,alirezaabasi_ir,2025-02-11 09:09:32.799,از ملت بزرگ، زمان شناس و همیشه در صحنه ایران اسلامی تشکر می‌کنم که یکبار دیگر همراهی امت با امام را به تصویر کشیدند، همچنین از اظهارات صریح و قاطع آقای رئیس جمهور در سخنرانی راهپیمایی ۲۲ بهمن که دشمنان و بدخواهان نظام اسلامی را ناامید کرد، سپاسگزارم/۱,0,0,0,https://x.com/alirezaabasi_ir/status/1889210143939665959,2025,2,2025-02-11,از ملت بزرگ، زمان شناس و همیشه در صحنه ایران اسلامی تشکر می‌کنم که یکبار دیگر همراهی امت با امام را به تصویر کشیدند، همچنین از اظهارات صریح و قاطع آقای رئیس جمهور در سخنرانی راهپیمایی ۲۲ بهمن که دشمنان و بدخواهان نظام اسلامی را ناامید کرد، سپاسگزارم/۱,"I thank the great nation, the time-keeper and always on the stage of Islamic Iran, for portraying the Ummah's companionship with the Imam once again. I am also grateful for the clear and decisive statements of Mr. President in the speech of the 22 Bahman rally, which disappointed the enemies and ill-wishers of the Islamic system/1"
1889210146951200855,alirezaabasi_ir,2025-02-11 09:09:33.517,دولت و مجلس نیز باید با اقدامات به موقع و جهادی و اجرای کامل سیاست‌های اقتصاد مقاومتی علاوه بر خنثی کردن تحریم‌ها، کاهش مشکلات معیشتی و اقتصادی مردم را در اولویت کارهای خود قرار دهند./۲,0,0,0,https://x.com/alirezaabasi_ir/status/1889210146951200855,2025,2,2025-02-11,دولت و مجلس نیز باید با اقدامات به موقع و جهادی و اجرای کامل سیاست‌های اقتصاد مقاومتی علاوه بر خنثی کردن تحریم‌ها، کاهش مشکلات معیشتی و اقتصادی مردم را در اولویت کارهای خود قرار دهند./۲,"The government and the parliament should also prioritize the reduction of people's livelihood and economic problems with timely and jihadist measures and the full implementation of resistance economy policies, in addition to neutralizing sanctions./2"
1888066484972253322,alirezaabasi_ir,2025-02-08 05:25:03.253,بعد از #اتمام_حجت رهبر فرزانه انقلاب اسلامی، خواص جامعه باید محکم و صریح سکوت خود را بشکنند و مکمل پازل عمله‌های دشمن نباشند و اجازه ندهند شیفتگان آشنا و غریبهِ مذاکره و پیاده نظام دشمن در تریبون‌های رسمی و غیررسمی این مواضع مقتدارانه را تحریف و از آن عدول کنند.,0,0,0,https://x.com/alirezaabasi_ir/status/1888066484972253322,2025,2,2025-02-08,بعد از #اتمام_حجت رهبر فرزانه انقلاب اسلامی، خواص جامعه باید محکم و صریح سکوت خود را بشکنند و مکمل پازل عمله‌های دشمن نباشند و اجازه ندهند شیفتگان آشنا و غریبهِ مذاکره و پیاده نظام دشمن در تریبون‌های رسمی و غیررسمی این مواضع مقتدارانه را تحریف و از آن عدول کنند.,"After the conclusion of the wise leader of the Islamic Revolution, the members of the society must firmly and clearly break their silence and not be a complement to the puzzle of the enemy's operatives and not allow familiar and unfamiliar enthusiasts of negotiation and the enemy's infantry to distort and deviate from these authoritative positions in official and unofficial platforms."
1886721252288532880,alirezaabasi_ir,2025-02-04 12:19:34.788,از رای شایسته هیات تجدیدنظر شورای‌رقابت و اقدامات دستگاه قضایی به ویژه ریاست محترم دیوان عدالت اداری، که از به تاراج رفتن و بلعیده شدن ایران خودرو توسط مافیای موجود در صنعت خودرو جلوگیری نمود، تشکر می‌کنیم و امیدواریم برنامه خصوصی سازی این شرکت بعد از تجدید ارزیابی دارایی‌ها/۱,0,0,0,https://x.com/alirezaabasi_ir/status/1886721252288532880,2025,2,2025-02-04,از رای شایسته هیات تجدیدنظر شورای‌رقابت و اقدامات دستگاه قضایی به ویژه ریاست محترم دیوان عدالت اداری، که از به تاراج رفتن و بلعیده شدن ایران خودرو توسط مافیای موجود در صنعت خودرو جلوگیری نمود، تشکر می‌کنیم و امیدواریم برنامه خصوصی سازی این شرکت بعد از تجدید ارزیابی دارایی‌ها/۱,"We thank the meritorious decision of the appeal board of the Competition Council and the actions of the judicial system, especially the honorable chairman of the Administrative Court, which prevented Iran Khodro from being looted and swallowed up by the mafia in the automobile industry, and we hope that the privatization plan of this company after the revaluation of assets/1"
1886721255597896188,alirezaabasi_ir,2025-02-04 12:19:35.577,"و  ارزش‌گذاری واقعی سهام آن، با رعایت کامل قوانین و مقررات مربوطه، به بخش خصوصی که منع قانونی نداشته و دارای صلاحیت و اهلیت لازم باشد، واگذار شود./۲
#کروز 
#تعارض_منافع
#رانت",0,0,0,https://x.com/alirezaabasi_ir/status/1886721255597896188,2025,2,2025-02-04,"و  ارزش‌گذاری واقعی سهام آن، با رعایت کامل قوانین و مقررات مربوطه، به بخش خصوصی که منع قانونی نداشته و دارای صلاحیت و اهلیت لازم باشد، واگذار شود./۲
#کروز 
#تعارض_منافع
#رانت","And the real valuation of its shares, in full compliance with relevant laws and regulations, should be entrusted to the private sector that has no legal restrictions and has the necessary qualifications./2.
#Cruise 
#conflict_of_interests
#Rent"
1886301242512527505,alirezaabasi_ir,2025-02-03 08:30:36.654,"جناب آقای استاندار!
 شایسته‌سالاری یکی از اصلی‌ترین شعارها و وعده‌های دولت وفاق بود ولی به نظر می‌رسد این شعار رنگ باخته و توصیه‌ها، سهم‌خواهی‌ها و جناح‌بازی‌ها در حال غلبه بر شایستگی افراد است.
مردم استان البرز انتظار بیشتری از شما دارند. /۱",0,0,0,https://x.com/alirezaabasi_ir/status/1886301242512527505,2025,2,2025-02-03,"جناب آقای استاندار!
 شایسته‌سالاری یکی از اصلی‌ترین شعارها و وعده‌های دولت وفاق بود ولی به نظر می‌رسد این شعار رنگ باخته و توصیه‌ها، سهم‌خواهی‌ها و جناح‌بازی‌ها در حال غلبه بر شایستگی افراد است.
مردم استان البرز انتظار بیشتری از شما دارند. /۱","Mr. Governor!
 Meritism was one of the main slogans and promises of the federal government, but it seems that this slogan has lost its color and recommendations, share-seeking and factionalism are overcoming the merits of individuals.
The people of Alborz province expect more from you. /1"
1886301246421713355,alirezaabasi_ir,2025-02-03 08:30:37.586,به این موضوع مهم توجه جدی داشته باشید و در انتخاب‌های خود به توانمندی، تعهد، اعتقاد به نظام جمهوری اسلامی، پاکدستی، فسادستیزی و بومی بودن افراد توجه ویژه داشته باشید./۲,0,0,0,https://x.com/alirezaabasi_ir/status/1886301246421713355,2025,2,2025-02-03,به این موضوع مهم توجه جدی داشته باشید و در انتخاب‌های خود به توانمندی، تعهد، اعتقاد به نظام جمهوری اسلامی، پاکدستی، فسادستیزی و بومی بودن افراد توجه ویژه داشته باشید./۲,"Pay serious attention to this important issue and pay special attention to ability, commitment, belief in the Islamic Republic system, cleanliness, anti-corruption and nativeness of people in your choices./2"
1884503499553001525,alirezaabasi_ir,2025-01-29 09:27:01.332,"اگر برای جهاد در راه من و طلب خشنودی من بیرون آمده‌اید، پس چرا مخفیانه به دشمن پیام می‌دهید که دوستشان دارید؟ در حالیکه من به آنچه پنهان می داشتید و آنچه آشکار کردید داناترم و هرکس از شما با دشمنان من رابطه دوستی برقرار کند، مسلماً از راه راست منحرف شده است.
ممتحنه_۱
#مذاکره_مخفی",0,0,0,https://x.com/alirezaabasi_ir/status/1884503499553001525,2025,1,2025-01-29,"اگر برای جهاد در راه من و طلب خشنودی من بیرون آمده‌اید، پس چرا مخفیانه به دشمن پیام می‌دهید که دوستشان دارید؟ در حالیکه من به آنچه پنهان می داشتید و آنچه آشکار کردید داناترم و هرکس از شما با دشمنان من رابطه دوستی برقرار کند، مسلماً از راه راست منحرف شده است.
ممتحنه_۱
#مذاکره_مخفی","If you have come out for jihad in my cause and seeking my pleasure, then why are you secretly sending a message to the enemy that you love them? While I am more aware of what you have hidden and what you have revealed, and anyone of you who establishes a friendship with my enemies is definitely deviating from the right path.
Examiner_1
#secret_negotiation"
1883618541427163208,alirezaabasi_ir,2025-01-26 22:50:30.873,"حامی دو آتشه برجام: با خروج آمریکا از برجام، ایران ۲۴۰ میلیارد دلار خسارت دیده است!
ظريف به جای متوسل شدن به خارجی‌ها برای ماندن در قدرت و رضایت از عدم اجرای حکم شرعی و قانونی حجاب، باید پاسخگوی عملکرد مساله‌دار خود در رابطه با توافق برجام و #خسارت_محض حاصل از آن باشد.",0,0,0,https://x.com/alirezaabasi_ir/status/1883618541427163208,2025,1,2025-01-26,"حامی دو آتشه برجام: با خروج آمریکا از برجام، ایران ۲۴۰ میلیارد دلار خسارت دیده است!
ظريف به جای متوسل شدن به خارجی‌ها برای ماندن در قدرت و رضایت از عدم اجرای حکم شرعی و قانونی حجاب، باید پاسخگوی عملکرد مساله‌دار خود در رابطه با توافق برجام و #خسارت_محض حاصل از آن باشد.","Supporter of the JCPOA: With the withdrawal of the United States from the JCPOA, Iran has suffered 240 billion dollars in damages!
Zarif, instead of resorting to foreigners to stay in power and be satisfied with the non-implementation of the Sharia and legal decree of hijab, should answer for his problematic performance in relation to the JCPOA agreement and the resulting #damage."
1882156119491305703,alirezaabasi_ir,2025-01-22 21:59:22.313,"اتّقوا من مواضع التّهم، آشیخ تو هم!
جناب ظريف برای ماندن در پست‌های اجرایی برای چندمین‌بار به خارجی‌ها متوسل شد و بعد از #خسارت_محض، حمایت از حرام شرعی و معامله بر سر #حجاب در دولت را به غربی‌ها وعده داد و به سران قوا هم اتهام زد!
جهت رفع این تهمت، آقایان اژه‌ای، قالیباف و .../۱",0,0,0,https://x.com/alirezaabasi_ir/status/1882156119491305703,2025,1,2025-01-22,"اتّقوا من مواضع التّهم، آشیخ تو هم!
جناب ظريف برای ماندن در پست‌های اجرایی برای چندمین‌بار به خارجی‌ها متوسل شد و بعد از #خسارت_محض، حمایت از حرام شرعی و معامله بر سر #حجاب در دولت را به غربی‌ها وعده داد و به سران قوا هم اتهام زد!
جهت رفع این تهمت، آقایان اژه‌ای، قالیباف و .../۱","Attqwa, I blame you, Ashikh you too!
Mr. Zarif appealed to foreigners for the umpteenth time to stay in the executive positions and after the #damage, he promised the Westerners to support the forbidden Sharia and deal on #Hijab in the government, and he also accused the leaders of the forces!
In order to solve this slander, Mr. Ajei, Qalibaf and.../1"
1882156123530404102,alirezaabasi_ir,2025-01-22 21:59:23.276,احمدیان هر چه زودتر موضع‌گیری شفاف و صریح داشته باشند./۲,0,0,0,https://x.com/alirezaabasi_ir/status/1882156123530404102,2025,1,2025-01-22,احمدیان هر چه زودتر موضع‌گیری شفاف و صریح داشته باشند./۲,Ahmadis should take a clear and explicit position as soon as possible./2
1880821204040524083,alirezaabasi_ir,2025-01-19 05:34:53.668,طوفان الاقصی، نهایت قدرت پوشالی رژیم جعلی اسرائیل را عیان نمود و کوس ناکارآمدی، ناتوانی، ضعف اطلاعاتی، شکست استراتژیک و نابودی رژیم اشغالگر قدس را  به صدا درآورد و افسانه شکست ناپذیری، بازدارندگی ساختگی و مظلوم نمایی این رژیم کودک‌کش را باطل کرد/۱,0,0,0,https://x.com/alirezaabasi_ir/status/1880821204040524083,2025,1,2025-01-19,طوفان الاقصی، نهایت قدرت پوشالی رژیم جعلی اسرائیل را عیان نمود و کوس ناکارآمدی، ناتوانی، ضعف اطلاعاتی، شکست استراتژیک و نابودی رژیم اشغالگر قدس را  به صدا درآورد و افسانه شکست ناپذیری، بازدارندگی ساختگی و مظلوم نمایی این رژیم کودک‌کش را باطل کرد/۱,"Al-Aqsa storm revealed the ultimate covert power of the fake Israeli regime and voiced the inefficiency, incapacity, intelligence weakness, strategic failure and destruction of the occupying Jerusalem regime and nullified the myth of invincibility, fake deterrence and oppression of this child-killing regime/1"
1880821207064584349,alirezaabasi_ir,2025-01-19 05:34:54.389,و در نهایت، پذیرش ذلیلانه و از روی استیصال آتش‌بس نشان داد رژیمی جنایتکار و تا بن‌دندان مسلح، حتی با آخرین سطح حمایت از طرف آمریکا، اروپا و ناتو در مقابل مقاومت چند گروه مسلحی که به قدرت ایمان و اراده مجهز باشند شکست خواهد خورد./۲,0,0,0,https://x.com/alirezaabasi_ir/status/1880821207064584349,2025,1,2025-01-19,و در نهایت، پذیرش ذلیلانه و از روی استیصال آتش‌بس نشان داد رژیمی جنایتکار و تا بن‌دندان مسلح، حتی با آخرین سطح حمایت از طرف آمریکا، اروپا و ناتو در مقابل مقاومت چند گروه مسلحی که به قدرت ایمان و اراده مجهز باشند شکست خواهد خورد./۲,"And finally, the humiliating and desperate acceptance of the ceasefire showed that a criminal regime armed to the teeth, even with the last level of support from America, Europe and NATO, will fail against the resistance of a few armed groups equipped with the power of faith and will./2"
1880221113961312294,alirezaabasi_ir,2025-01-17 13:50:21.044,ابراهیم نبوی، هتاک نظام و ارزشهای اسلامی در روزنامه‌های اصلاح‌طلب که حتی پس از محکومیت قضایی وخروج از ایران علاوه بر اینکه هم‌صدا باضدانقلاب علیه نظام و ارزش‌های اسلامی مطالب موهن و مبتذل درقالب طنز منتشر می‌کرد،از سلمان رشدی حمایت و به سیدمقاومت شهیدسیدحسن نصرالله توهین می‌کرد/۱,0,0,0,https://x.com/alirezaabasi_ir/status/1880221113961312294,2025,1,2025-01-17,ابراهیم نبوی، هتاک نظام و ارزشهای اسلامی در روزنامه‌های اصلاح‌طلب که حتی پس از محکومیت قضایی وخروج از ایران علاوه بر اینکه هم‌صدا باضدانقلاب علیه نظام و ارزش‌های اسلامی مطالب موهن و مبتذل درقالب طنز منتشر می‌کرد،از سلمان رشدی حمایت و به سیدمقاومت شهیدسیدحسن نصرالله توهین می‌کرد/۱,"Ebrahim Nabawi, insulting the Islamic system and values ​​in the reformist newspapers, which even after being condemned by the court and leaving Iran, in addition to publishing derogatory and vulgar material in the form of satire against the Islamic system and values, supported Salman Rushdie and insulted Seyyed Mogawamat Martyr Seyed Hasan Nasrallah/1"
1880221116549276084,alirezaabasi_ir,2025-01-17 13:50:21.661,"خودکشی کرد!
از آنجا که قانون نانوشته‌ای بین اهل وفاق وجود دارد که هر کس لگدی به نظام اسلامی زده باشد و یا علیه ارزش‌ها و مقدسات اقدامی انجام داده باشد حتما باید مورد کریم قرارگیرد، علی ربیعی مشاور آقای پزشکیان مرگ‌ او‌ راتسلیت گفت و‌باخانواده اش ابراز همدردی کرد./۲
""این تذهبون!""",0,0,0,https://x.com/alirezaabasi_ir/status/1880221116549276084,2025,1,2025-01-17,"خودکشی کرد!
از آنجا که قانون نانوشته‌ای بین اهل وفاق وجود دارد که هر کس لگدی به نظام اسلامی زده باشد و یا علیه ارزش‌ها و مقدسات اقدامی انجام داده باشد حتما باید مورد کریم قرارگیرد، علی ربیعی مشاور آقای پزشکیان مرگ‌ او‌ راتسلیت گفت و‌باخانواده اش ابراز همدردی کرد./۲
""این تذهبون!""","He committed suicide!
Since there is an unwritten law among the people of Wefaq that anyone who has kicked the Islamic system or has done something against the values and sanctities must be honored, Ali Rabiei, the advisor of Mr. Medzikian, expressed his condolences on his death and expressed his condolences to his family./2
""Here you go!"""
1878303186001220033,alirezaabasi_ir,2025-01-12 06:49:11.385,"آقای رئیس جمهور! درسفر شهرستانی اخیر خود، وضع آن منطقه را بدتر از زمان طاغوت اعلام کردید!
بر فرض محال، اگر مطلب شما صحیح باشد که نیست، با توجه به وزیر و وکیل بودنتان شما یکی از بانیان وضع موجودید و امروز باید پاسخگو باشید و در صورتیکه ادعای شما صحیح نباشد که حتما نیست، /۱",0,0,0,https://x.com/alirezaabasi_ir/status/1878303186001220033,2025,1,2025-01-12,"آقای رئیس جمهور! درسفر شهرستانی اخیر خود، وضع آن منطقه را بدتر از زمان طاغوت اعلام کردید!
بر فرض محال، اگر مطلب شما صحیح باشد که نیست، با توجه به وزیر و وکیل بودنتان شما یکی از بانیان وضع موجودید و امروز باید پاسخگو باشید و در صورتیکه ادعای شما صحیح نباشد که حتما نیست، /۱","Mr. President! In your recent trip to a city, you announced that the situation in that region is worse than during the Taghut period!
On the assumption that it is impossible, if your statement is correct, which it is not, considering that you are a minister and a lawyer, you are one of the founders of the current situation, and you must be accountable today, and if your claim is not correct, which it certainly is not, 1."
1878303188408770612,alirezaabasi_ir,2025-01-12 06:49:11.959,باید این ظلم به نظام اسلامی را در اسرع وقت جبران کنید./۲,0,0,0,https://x.com/alirezaabasi_ir/status/1878303188408770612,2025,1,2025-01-12,باید این ظلم به نظام اسلامی را در اسرع وقت جبران کنید./۲,You must compensate this injustice to the Islamic system as soon as possible./2
1878063949557399621,alirezaabasi_ir,2025-01-11 14:58:32.972,"خودباختگانی که وقوع حوادث و بلایای طبیعی و مقابله با آن را در #ایران_مقتدر به ناکارآمدی و تحریم گره می‌زنند، آتش‌سوزی لس‌آنجلس و ناتوانی در مهار آنرا ناکارآمدی کدام نظام می‌دانند؟ آیا نردبان آتشنشانی و سیستم اطفاء‌حریق و...آنها را هم آمریکا تحریم کرده است؟
#توهم_اقتدار_دشمن",0,0,0,https://x.com/alirezaabasi_ir/status/1878063949557399621,2025,1,2025-01-11,"خودباختگانی که وقوع حوادث و بلایای طبیعی و مقابله با آن را در #ایران_مقتدر به ناکارآمدی و تحریم گره می‌زنند، آتش‌سوزی لس‌آنجلس و ناتوانی در مهار آنرا ناکارآمدی کدام نظام می‌دانند؟ آیا نردبان آتشنشانی و سیستم اطفاء‌حریق و...آنها را هم آمریکا تحریم کرده است؟
#توهم_اقتدار_دشمن","The self-defeating people who tie the occurrence of natural disasters and disasters in #Maqtadar_Iran to inefficiency and sanctions, consider the fire of Los Angeles and the inability to contain it to be the inefficiency of which system? Has America sanctioned fire ladders and fire extinguishing systems?
#Illusion_of_enemy_authority"
1877758968157671659,alirezaabasi_ir,2025-01-10 18:46:39.740,"آقای پزشکیان چطور ادعا می‌کنید در انتخابات وعده ندادید و عدد و رقمی نگفتید!
حال آنکه برخلاف ادعایتان، بزرگترین وعده‌ها را شما دادید گویا فراموش کرده‌اید که مدام عمل بر اساس نهج البلاغه امیرمؤمنان(ع)، سیاست‌های کلی‌نظام، قانون‌اساسی و اجرای برنامه هفتم را بیان می‌کردید /۱",0,0,0,https://x.com/alirezaabasi_ir/status/1877758968157671659,2025,1,2025-01-10,"آقای پزشکیان چطور ادعا می‌کنید در انتخابات وعده ندادید و عدد و رقمی نگفتید!
حال آنکه برخلاف ادعایتان، بزرگترین وعده‌ها را شما دادید گویا فراموش کرده‌اید که مدام عمل بر اساس نهج البلاغه امیرمؤمنان(ع)، سیاست‌های کلی‌نظام، قانون‌اساسی و اجرای برنامه هفتم را بیان می‌کردید /۱","How do you claim that you didn't promise in the election and didn't say numbers and figures?
However, contrary to your claim, you made the biggest promises, as if you forgot that you were constantly acting on the basis of Nahj al-Balagheh of Amir al-Mu'minan (AS), the general policies of the system, the constitution and the implementation of the Seventh Plan."
1877758970267390322,alirezaabasi_ir,2025-01-10 18:46:40.243,"و این یعنی: اجرای احکام اسلام، برقراری عدالت، انصاف، شایسته سالاری، رفع فقر، رشد اقتصادی ۸ درصد، تورم زیر ۱۰ درصد، ساخت سالانه ۱ میلیون مسکن و ۳ میلیون خودرو و ...
 پس به وعده های خود عمل کنید که برای ملت غیور ایران اسلامی هیچ عذری پذیرفته نیست./۲
#بسم‌الله",0,0,0,https://x.com/alirezaabasi_ir/status/1877758970267390322,2025,1,2025-01-10,"و این یعنی: اجرای احکام اسلام، برقراری عدالت، انصاف، شایسته سالاری، رفع فقر، رشد اقتصادی ۸ درصد، تورم زیر ۱۰ درصد، ساخت سالانه ۱ میلیون مسکن و ۳ میلیون خودرو و ...
 پس به وعده های خود عمل کنید که برای ملت غیور ایران اسلامی هیچ عذری پذیرفته نیست./۲
#بسم‌الله","And this means: implementing the rules of Islam, establishing justice, fairness, meritocracy, eliminating poverty, economic growth of 8%, inflation below 10%, annual construction of 1 million houses and 3 million cars, etc.
 So, fulfill your promises that no excuse is accepted for the zealous nation of Islamic Iran./2
#Bismillah"
1877733583588118869,alirezaabasi_ir,2025-01-10 17:05:47.587,"رئیس یکی از کشورهای شمالی #ایران‌قوی که برای بقاء خودش دست به دامن رژیم غاصب‌صهیونیست شده است،اخیرا اظهاراتی داشته که درجواب او باید گفت:
همراه وحامی جنایات رژیم‌جعلی وکودک‌کش صهیونیست، تادیرنشده باید بابت از پشت خنجر زدن به جهان اسلام،از امت اسلام و خصوصاً مردم غزه عذرخواهی کند.",0,0,0,https://x.com/alirezaabasi_ir/status/1877733583588118869,2025,1,2025-01-10,"رئیس یکی از کشورهای شمالی #ایران‌قوی که برای بقاء خودش دست به دامن رژیم غاصب‌صهیونیست شده است،اخیرا اظهاراتی داشته که درجواب او باید گفت:
همراه وحامی جنایات رژیم‌جعلی وکودک‌کش صهیونیست، تادیرنشده باید بابت از پشت خنجر زدن به جهان اسلام،از امت اسلام و خصوصاً مردم غزه عذرخواهی کند.","The head of one of the northern countries of #strongIran, who has joined the hands of the usurping Zionist regime for his own survival, recently made statements that should be answered:
The accomplice and supporter of the crimes of the fake and child-killing Zionist regime must apologize to the Islamic nation and especially the people of Gaza for stabbing the Islamic world in the back."
1874201227564900812,alirezaabasi_ir,2024-12-31 23:09:28.283,"آقای پزشکیان!
#نهم_دی روز بصیرت ومیثاق امت با امام و نماد وحدت و همدلی ملت ایران بود، ولی متاسفانه هرچه گشتم هیچ اظهارنظری در هفته بصیرت از شما و کابینه‌تان ندیدم، شما که دم از وفاق ملی می‌زنید! آیا ۹دی نماد وفاق ملی و همبستگی ملت ایران نبود که در این زمینه روزه سکوت گرفته‌اید؟",0,0,0,https://x.com/alirezaabasi_ir/status/1874201227564900812,2024,12,2024-12-31,"آقای پزشکیان!
#نهم_دی روز بصیرت ومیثاق امت با امام و نماد وحدت و همدلی ملت ایران بود، ولی متاسفانه هرچه گشتم هیچ اظهارنظری در هفته بصیرت از شما و کابینه‌تان ندیدم، شما که دم از وفاق ملی می‌زنید! آیا ۹دی نماد وفاق ملی و همبستگی ملت ایران نبود که در این زمینه روزه سکوت گرفته‌اید؟","Mr. Doctors!
#9th_Day was the day of insight and the ummah's covenant with the Imam and a symbol of the unity and solidarity of the Iranian nation, but unfortunately, wherever I looked, I did not see any comments from you and your cabinet during the week of insight, you who are calling for national reconciliation! Wasn't the 9th a symbol of the national unity and solidarity of the Iranian nation that you have kept a silent fast in this regard?"
1872722721328775649,alirezaabasi_ir,2024-12-27 21:14:24.927,"آقای پزشکیان بسم‌الله
اگر موضوعات سفارشی و اولویت‌دار کارشناسان‌تان اعم از فیلترینگ، دوتابعیتی‌ها، مخالفت با قانون عفاف و حجاب و... به اتمام رسیده، منتظر ارائه ایده‌های حَضرات در خصوص مهار تورم، کنترل نرخ ارز، مبارزه با قاچاق و ... در قالب لایحه به مجلس هستیم /۱",0,0,0,https://x.com/alirezaabasi_ir/status/1872722721328775649,2024,12,2024-12-27,"آقای پزشکیان بسم‌الله
اگر موضوعات سفارشی و اولویت‌دار کارشناسان‌تان اعم از فیلترینگ، دوتابعیتی‌ها، مخالفت با قانون عفاف و حجاب و... به اتمام رسیده، منتظر ارائه ایده‌های حَضرات در خصوص مهار تورم، کنترل نرخ ارز، مبارزه با قاچاق و ... در قالب لایحه به مجلس هستیم /۱","Mr. Dr. Bismillah
If the customized and prioritized topics of your experts, including filtering, dual citizenships, opposition to the law of chastity and hijab, etc., have been completed, we are waiting to present your ideas regarding curbing inflation, controlling the exchange rate, combating smuggling, etc. in the form of a bill to the parliament/1"
1872722724050878467,alirezaabasi_ir,2024-12-27 21:14:25.576,تا در اولین فرصت و با قید فوریت آنها را بررسی و تصویب کنیم و دست شما را در این زمینه باز کنیم. /۲,0,0,0,https://x.com/alirezaabasi_ir/status/1872722724050878467,2024,12,2024-12-27,تا در اولین فرصت و با قید فوریت آنها را بررسی و تصویب کنیم و دست شما را در این زمینه باز کنیم. /۲,to review and approve them as soon as possible and to open your hand in this field. /2
1871211218427605479,alirezaabasi_ir,2024-12-23 17:08:14.553,"آقای پزشکیان!
ترجیع بند سخنرانی‌های شما در ایام انتخابات #عمل_به_قانون و #اجرای سیاست‌های کلی ابلاغی مقام معظم رهبری بود، امروز که ۵ ماه است در دولت مستقر شده‌اید، بفرمایید برای اجرای سیاست‌های کلی خانواده خصوصا بندهای سوم، پنجم و هشتم آن چه اقدامی داشته و چه برنامه‌ای دارید؟/۱",0,0,0,https://x.com/alirezaabasi_ir/status/1871211218427605479,2024,12,2024-12-23,"آقای پزشکیان!
ترجیع بند سخنرانی‌های شما در ایام انتخابات #عمل_به_قانون و #اجرای سیاست‌های کلی ابلاغی مقام معظم رهبری بود، امروز که ۵ ماه است در دولت مستقر شده‌اید، بفرمایید برای اجرای سیاست‌های کلی خانواده خصوصا بندهای سوم، پنجم و هشتم آن چه اقدامی داشته و چه برنامه‌ای دارید؟/۱","Mr. Doctors!
The emphasis of your speeches during the elections was #action_to_the_law and #implementation of the general policies announced by the supreme leader. Today, you have been in the government for 5 months, please tell me what actions you have taken and what are your plans for the implementation of the general policies of the family, especially the third, fifth and eighth paragraphs of it?/1"
1871216073002893446,alirezaabasi_ir,2024-12-23 17:27:31.974,نکند با مشورت کارشناسان‌تان برای توقف و یا اصلاح سیاست‌های کلی هم در حال برنامه‌ریزی هستید؟,0,0,0,https://x.com/alirezaabasi_ir/status/1871216073002893446,2024,12,2024-12-23,نکند با مشورت کارشناسان‌تان برای توقف و یا اصلاح سیاست‌های کلی هم در حال برنامه‌ریزی هستید؟,Are you planning to stop or modify general policies with the advice of your experts?
1869445910922711289,alirezaabasi_ir,2024-12-18 20:13:32.446,"شورای عالی امنیت ملی
شورای نقلاب فرهنگی
شورای فضای مجازی
نمایندگان مجلس شورای اسلامی
مراقب باشید!
جریان غرب‌زده مدعی اصلاحات به دنبال مشارکت فعال و ارائه نسخه‌های مناسب برای مهار ناترازی‌ها، تورم و سوداگری، شناسایی فرارهای مالیاتی، ساماندهی فضای مجازی و حدودپوشش در فضای اجتماعی/۱",0,0,0,https://x.com/alirezaabasi_ir/status/1869445910922711289,2024,12,2024-12-18,"شورای عالی امنیت ملی
شورای نقلاب فرهنگی
شورای فضای مجازی
نمایندگان مجلس شورای اسلامی
مراقب باشید!
جریان غرب‌زده مدعی اصلاحات به دنبال مشارکت فعال و ارائه نسخه‌های مناسب برای مهار ناترازی‌ها، تورم و سوداگری، شناسایی فرارهای مالیاتی، ساماندهی فضای مجازی و حدودپوشش در فضای اجتماعی/۱","Supreme National Security Council
Cultural Revolution Council
Cyber Space Council
Representatives of the Islamic Council
Be careful!
The westernized trend claiming reforms in pursuit of active participation and providing suitable versions to curb discontent, inflation and speculation, identify tax evasions, organize virtual space and cover limits in social space/1"
1869445929910346125,alirezaabasi_ir,2024-12-18 20:13:36.973,و... نیست بلکه به دنبال نفی قانون‌گذاری و اصرار بر قانون‌ زدایی در همه این حوزه‌هاست و با هرگونه انضباط سیاسی، اقتصادی، اجتماعی، فرهنگی و... مخالف است و علیه هر شکلی از نظم و قانون فضاسازی می‌کند و جامعه را به سمت هرج‌ومرج سوق می‌دهد و می خواهد با اخلال در نظم عمومی و عقیم کردن/۲,0,0,0,https://x.com/alirezaabasi_ir/status/1869445929910346125,2024,12,2024-12-18,و... نیست بلکه به دنبال نفی قانون‌گذاری و اصرار بر قانون‌ زدایی در همه این حوزه‌هاست و با هرگونه انضباط سیاسی، اقتصادی، اجتماعی، فرهنگی و... مخالف است و علیه هر شکلی از نظم و قانون فضاسازی می‌کند و جامعه را به سمت هرج‌ومرج سوق می‌دهد و می خواهد با اخلال در نظم عمومی و عقیم کردن/۲,"And... but it seeks to negate legislation and insist on de-legislation in all these areas and is against any political, economic, social, cultural, etc. discipline and creates space against any form of law and order and pushes the society towards anarchy and wants to disrupt the public order and sterilize/2"
1869445942530945065,alirezaabasi_ir,2024-12-18 20:13:39.982,قانون و ساز و کارهای قانونی، نظام اجرائی کشور را ناکارآمد کند./۳,0,0,0,https://x.com/alirezaabasi_ir/status/1869445942530945065,2024,12,2024-12-18,قانون و ساز و کارهای قانونی، نظام اجرائی کشور را ناکارآمد کند./۳,Laws and legal mechanisms make the executive system of the country ineffective. 3
1867646025651171590,alirezaabasi_ir,2024-12-13 21:01:26.357,"آقای رئیس جمهور!
دیدید مشکل آلودگی هوا فقط مازوت سوزی نبود؟
لذا لازم است در کارشناسان اطراف خود تجدید نظر کنید.
نکند در موضوعات اساسی کشور هم، به نظر این کارشناس‌نماها اعتماد کنید و پس از تحمیل خسارت محض و جبران ناپذیر به کشور به اشتباه يا ناقص بودن نظر آنان پی ببرید /۱",0,0,0,https://x.com/alirezaabasi_ir/status/1867646025651171590,2024,12,2024-12-13,"آقای رئیس جمهور!
دیدید مشکل آلودگی هوا فقط مازوت سوزی نبود؟
لذا لازم است در کارشناسان اطراف خود تجدید نظر کنید.
نکند در موضوعات اساسی کشور هم، به نظر این کارشناس‌نماها اعتماد کنید و پس از تحمیل خسارت محض و جبران ناپذیر به کشور به اشتباه يا ناقص بودن نظر آنان پی ببرید /۱","Mr. President!
Did you see that the problem of air pollution was not only fuel burning?
Therefore, it is necessary to reconsider the experts around you.
Don't trust the opinion of these experts on the basic issues of the country and find out that their opinion is wrong or incomplete after causing pure and irreparable damage to the country."
1867646028670726439,alirezaabasi_ir,2024-12-13 21:01:27.077,"که آنوقت دیگر راه برگشتی وجود ندارد! /۲
#ناترازی_انرژی
#برجام
#FATF
#تورم",0,0,0,https://x.com/alirezaabasi_ir/status/1867646028670726439,2024,12,2024-12-13,"که آنوقت دیگر راه برگشتی وجود ندارد! /۲
#ناترازی_انرژی
#برجام
#FATF
#تورم","That then there is no way back! /2
#Natrazi_Energy
#Jaram
#FATF
#Inflation"
1865090553584509055,alirezaabasi_ir,2024-12-06 19:46:54.338,آقای پزشکیان! شما بعنوان وکیل مردم، با تجربه ۴ دوره نمایندگی، در زمان بررسی لایحه حجاب و عفاف و طرح به کارگیری افراد در مشاغل حساس در مجلس حضور داشتید، متاسفانه هر چه گشتم حتی یک پیشنهاد حذف، اصلاح و یا تکمیلی از طرف شما راجع به این موضوعات پیدا نکردم! /۱,0,0,0,https://x.com/alirezaabasi_ir/status/1865090553584509055,2024,12,2024-12-06,آقای پزشکیان! شما بعنوان وکیل مردم، با تجربه ۴ دوره نمایندگی، در زمان بررسی لایحه حجاب و عفاف و طرح به کارگیری افراد در مشاغل حساس در مجلس حضور داشتید، متاسفانه هر چه گشتم حتی یک پیشنهاد حذف، اصلاح و یا تکمیلی از طرف شما راجع به این موضوعات پیدا نکردم! /۱,"Mr. Doctors! As a people's lawyer, with the experience of 4 terms of representation, you were present in the parliament during the review of the Hijab and Chastity Bill and the plan to employ people in sensitive jobs. Unfortunately, no matter what I looked for, I did not find even a proposal to remove, amend or supplement on these issues! /1"
1865090564116398363,alirezaabasi_ir,2024-12-06 19:46:56.849,حتما می دانید که کار را باید مسئولانه و به موقع انجام داد! امروز هم این موارد تبدیل به قانون شده و شما بعنوان رئیس‌جمهور مکلف به اجرای قوانین مصوب مجلس شورای اسلامی هستید./۲,0,0,0,https://x.com/alirezaabasi_ir/status/1865090564116398363,2024,12,2024-12-06,حتما می دانید که کار را باید مسئولانه و به موقع انجام داد! امروز هم این موارد تبدیل به قانون شده و شما بعنوان رئیس‌جمهور مکلف به اجرای قوانین مصوب مجلس شورای اسلامی هستید./۲,"You must know that the work must be done responsibly and on time! Even today, these cases have become law and you, as the president, are obliged to implement the laws approved by the Islamic Council./2"
1863854878331699670,alirezaabasi_ir,2024-12-03 09:56:46.400,"#رشتو
گفتگوی تلویزیونی رئیس‌جمهور:
قول نمیدهم، برنامه هم نداریم باید کارشناسان را جمع کنیم و نظر بگیریم، در زمینه‌های مختلف ناترازی داریم، پول هم نداریم...

و نتیجه این گفتگو:
_پمپاژ یاس و ناامیدی به جامعه
_عدم اراده برای حل مشکل با توان داخلی و نگاه به خارج 
/۱",0,0,0,https://x.com/alirezaabasi_ir/status/1863854878331699670,2024,12,2024-12-03,"#رشتو
گفتگوی تلویزیونی رئیس‌جمهور:
قول نمیدهم، برنامه هم نداریم باید کارشناسان را جمع کنیم و نظر بگیریم، در زمینه‌های مختلف ناترازی داریم، پول هم نداریم...

و نتیجه این گفتگو:
_پمپاژ یاس و ناامیدی به جامعه
_عدم اراده برای حل مشکل با توان داخلی و نگاه به خارج 
/۱","#Rashto
President's televised interview:
I don't promise, we don't have a plan, we have to gather experts and give opinions, we have disagreements in various fields, we don't have money either...

And the result of this conversation:
_ Pumping despair and despair to the society
Lack of will to solve the problem with internal power and look outside 
/1"
1863854880378503475,alirezaabasi_ir,2024-12-03 09:56:46.888,_ظریف‌ها با ظرافت درحال دوگانه‌سازی و بسترسازی برای مذاکره با دولت‌های بدعهد /۲,0,0,0,https://x.com/alirezaabasi_ir/status/1863854880378503475,2024,12,2024-12-03,_ظریف‌ها با ظرافت درحال دوگانه‌سازی و بسترسازی برای مذاکره با دولت‌های بدعهد /۲,_ Zarifs are delicately doubling down and creating a platform for negotiations with uncommitted governments/2
1863294501323718875,alirezaabasi_ir,2024-12-01 20:50:02.110,"آقای معاون اول رئیس جمهور! ابتدا گزارش بدهید سال ۱۴۰۰، بعد از ۸ سال که دولت در دست شما، همفکران و ژن‌های خوبتان بود چه چیزی تحویل دادید، سپس گزارش بدهید بعد از گذشت فقط سه سال در ۱۴۰۳ چه چیزی تحویل را گرفتید!
 تا سیه روی شود هر که در او غش باشد.",0,0,0,https://x.com/alirezaabasi_ir/status/1863294501323718875,2024,12,2024-12-01,"آقای معاون اول رئیس جمهور! ابتدا گزارش بدهید سال ۱۴۰۰، بعد از ۸ سال که دولت در دست شما، همفکران و ژن‌های خوبتان بود چه چیزی تحویل دادید، سپس گزارش بدهید بعد از گذشت فقط سه سال در ۱۴۰۳ چه چیزی تحویل را گرفتید!
 تا سیه روی شود هر که در او غش باشد.","Mr. First Vice President! First report what you delivered in 1400, after 8 years when the government was in your hands, like-minded people and your good genes, then report what you delivered after only three years in 1403!
 until he turns dark, whoever faints in him."
1860662190941901052,alirezaabasi_ir,2024-11-24 14:30:10.409,"تا کجا آزموده را آزمودن!
برخی مسئولین اعتماد نابجا به دشمن کردند و شد آنچه نباید می‌شد.
 به دنبال سیاست غلطِ برخی مسئولین واداده و پشیمان از گذشته، دشمن در رابطه با ایران اسلامی دچار خطای محاسباتی گردیده و امروز نه تهدیدات ما را جدی می‌گیرد و نه امتیاز می‌دهد /۱",0,0,0,https://x.com/alirezaabasi_ir/status/1860662190941901052,2024,11,2024-11-24,"تا کجا آزموده را آزمودن!
برخی مسئولین اعتماد نابجا به دشمن کردند و شد آنچه نباید می‌شد.
 به دنبال سیاست غلطِ برخی مسئولین واداده و پشیمان از گذشته، دشمن در رابطه با ایران اسلامی دچار خطای محاسباتی گردیده و امروز نه تهدیدات ما را جدی می‌گیرد و نه امتیاز می‌دهد /۱","How far to test the tested!
Some officials misplaced trust in the enemy and what should not have happened.
 Following the wrong policy of some officials who regretted the past, the enemy has made a calculation error in relation to Islamic Iran and today neither takes our threats seriously nor gives points/1"
1860662196100792746,alirezaabasi_ir,2024-11-24 14:30:11.639,"و فقط به فکر امتیازگیری هر چه بیشتر از غربگدایان داخلی است.
لذا با ابتکار عمل انقلابی، باید محاسبات دشمن را تغییر داده و آنها را از پیگیری سیاست دوگانه ساختگی امتیاز دهی حداکثری و تقابل ناامید کنیم./۲",0,0,0,https://x.com/alirezaabasi_ir/status/1860662196100792746,2024,11,2024-11-24,"و فقط به فکر امتیازگیری هر چه بیشتر از غربگدایان داخلی است.
لذا با ابتکار عمل انقلابی، باید محاسبات دشمن را تغییر داده و آنها را از پیگیری سیاست دوگانه ساختگی امتیاز دهی حداکثری و تقابل ناامید کنیم./۲","And he is only thinking of getting as many points as possible from the domestic beggars.
Therefore, with a revolutionary initiative, we must change the enemy's calculations and discourage them from pursuing the fake dual policy of maximum scoring and confrontation./2"
1859669079851925560,alirezaabasi_ir,2024-11-21 20:43:54.274,"نماینده‌های اتحادیه اروپا و ایالات متحده آمریکا، در نشست شورای حکام آژانس بین‌المللی انرژی اتمی غلط زیادی کرده و اتهامات و باید ونبایدهایی  را علیه برنامه صلح آمیز هسته‌ای ایران مطرح نمودند!
حَضَرات گویا فراموش کرده‌اند که ملت غیور ایران، عمال ۵۰ سال پیش آنها را به زباله دان /۱",0,0,0,https://x.com/alirezaabasi_ir/status/1859669079851925560,2024,11,2024-11-21,"نماینده‌های اتحادیه اروپا و ایالات متحده آمریکا، در نشست شورای حکام آژانس بین‌المللی انرژی اتمی غلط زیادی کرده و اتهامات و باید ونبایدهایی  را علیه برنامه صلح آمیز هسته‌ای ایران مطرح نمودند!
حَضَرات گویا فراموش کرده‌اند که ملت غیور ایران، عمال ۵۰ سال پیش آنها را به زباله دان /۱","Representatives of the European Union and the United States of America made a lot of mistakes in the meeting of the Board of Governors of the International Atomic Energy Agency and raised accusations and dos and don'ts against Iran's peaceful nuclear program!
Humanities seem to have forgotten that the zealous people of Iran threw them into the garbage dump 50 years ago."
1859669083161285090,alirezaabasi_ir,2024-11-21 20:43:55.063,"تاریخ انداختند.
متوهمین بدانند امروز باید و نباید را ملت بزرگ ایران خودش تعیین می‌کند و اگر خطایی از آنان سربزند درسی فراموش نشدنی به آنها خواهیم داد./۲",0,0,0,https://x.com/alirezaabasi_ir/status/1859669083161285090,2024,11,2024-11-21,"تاریخ انداختند.
متوهمین بدانند امروز باید و نباید را ملت بزرگ ایران خودش تعیین می‌کند و اگر خطایی از آنان سربزند درسی فراموش نشدنی به آنها خواهیم داد./۲","They made a date.
Those who are suspicious should know that the great nation of Iran decides what should and should not be done today, and if they make a mistake, we will teach them an unforgettable lesson./2"
1858123830960562321,alirezaabasi_ir,2024-11-17 14:23:38.229,آقای پزشکیان! لایحه دو فوریتی دولت برای حل مشکل دو تابعیتی‌ها نشان داد که ناترازی آب، برق، انرژی و مشکلات معیشتی مردم در اولویت دولت شما نیست، بلکه حل مشکل معدود افرادی که براساس قانون نمی‌توانند در مشاغل حساس قرار گیرند، در اولویت دولت چهاردهم است.,0,0,0,https://x.com/alirezaabasi_ir/status/1858123830960562321,2024,11,2024-11-17,آقای پزشکیان! لایحه دو فوریتی دولت برای حل مشکل دو تابعیتی‌ها نشان داد که ناترازی آب، برق، انرژی و مشکلات معیشتی مردم در اولویت دولت شما نیست، بلکه حل مشکل معدود افرادی که براساس قانون نمی‌توانند در مشاغل حساس قرار گیرند، در اولویت دولت چهاردهم است.,"Mr. Doctors! The government's two-urgent bill to solve the problem of dual citizenships showed that the water, electricity, energy and livelihood problems of the people are not the priority of your government, but the priority of the 14th government is to solve the problem of the few people who cannot be placed in sensitive jobs according to the law."
1858123833900700014,alirezaabasi_ir,2024-11-17 14:23:38.930,یادآوری می‌کنیم برای حل مشکلات معیشتی مردم و حل ناترازی در انرژی، آب و برق، اگر لایحه بدون فوریت و عادی هم بياوريد حتما آنرا در اولویت بررسی در مجلس قرار خواهیم داد.,0,0,0,https://x.com/alirezaabasi_ir/status/1858123833900700014,2024,11,2024-11-17,یادآوری می‌کنیم برای حل مشکلات معیشتی مردم و حل ناترازی در انرژی، آب و برق، اگر لایحه بدون فوریت و عادی هم بياوريد حتما آنرا در اولویت بررسی در مجلس قرار خواهیم داد.,"We would like to remind you that if you bring a non-urgent and normal bill to solve people's livelihood problems and resolve the imbalance in energy, water and electricity, we will definitely put it as a priority for consideration in the parliament."
1856777634392195135,alirezaabasi_ir,2024-11-13 21:14:19.956,"آقای رئیس‌جمهور مگر قرار نبود صدای بی‌صدایان باشید؟
درحالیکه مدام اعلام می‌کنید باید دنبال رضایت توده مردم بود، وزیر نفت اعلام می‌کند دارندگان خودروهای لوکس وارداتی انتظار سوخت مناسب باخودروهای گرانقیمت خود دارند و واردات بنزین سوپر را آزاد و آنرا یک مطالبه اجتماعی می‌داند!",0,0,0,https://x.com/alirezaabasi_ir/status/1856777634392195135,2024,11,2024-11-13,"آقای رئیس‌جمهور مگر قرار نبود صدای بی‌صدایان باشید؟
درحالیکه مدام اعلام می‌کنید باید دنبال رضایت توده مردم بود، وزیر نفت اعلام می‌کند دارندگان خودروهای لوکس وارداتی انتظار سوخت مناسب باخودروهای گرانقیمت خود دارند و واردات بنزین سوپر را آزاد و آنرا یک مطالبه اجتماعی می‌داند!","Mr. President, weren't you supposed to be the voice of the voiceless?
While you keep announcing that you should seek the satisfaction of the people, the Minister of Oil announces that the owners of imported luxury cars expect the right fuel for their expensive cars, and he considers the import of super gasoline free and a social demand!"
1856777636938125372,alirezaabasi_ir,2024-11-13 21:14:20.563,این نشان می‌دهد بسیاری از تصمیمات دولت شما فقط به نفع کسانی است که صدایشان گوش فلک را هم کر کرده است، کارشناسان اطراف شما در حال آدرس غلط دادن به شما هستند و خرده سلبریتی‌ها و دارندگان خودروهای لوکس و آیفون داران را توده مردم تعریف می‌کنند و فقط دنبال تامین رضایت این قشر هستند.‌,0,0,0,https://x.com/alirezaabasi_ir/status/1856777636938125372,2024,11,2024-11-13,این نشان می‌دهد بسیاری از تصمیمات دولت شما فقط به نفع کسانی است که صدایشان گوش فلک را هم کر کرده است، کارشناسان اطراف شما در حال آدرس غلط دادن به شما هستند و خرده سلبریتی‌ها و دارندگان خودروهای لوکس و آیفون داران را توده مردم تعریف می‌کنند و فقط دنبال تامین رضایت این قشر هستند.‌,"This shows that many of your government's decisions are only for the benefit of those whose voices have fallen on deaf ears, the experts around you are giving you the wrong address, and small celebrities and owners of luxury cars and iPhone owners are defined as the mass of people and they are only looking for the satisfaction of this group."
1856062770296258925,alirezaabasi_ir,2024-11-11 21:53:43.074,"آقای رئیس جمهور! بهتر است در دامنه محدود و بسته کارشناسان خود تجدید نظر کنید، ممنوعیت استفاده از سوخت مازوت و قطع زمان بندی شده برق، حلال مشکل نیست.
شرکت‌های دانش بنیان و نخبگان را به کار بگیرید و با افزایش راندمان، ذخیره‌سازی و کیفی سازی سوخت و کاهش گوگرد مازوت و آلایندگی /۱",0,0,0,https://x.com/alirezaabasi_ir/status/1856062770296258925,2024,11,2024-11-11,"آقای رئیس جمهور! بهتر است در دامنه محدود و بسته کارشناسان خود تجدید نظر کنید، ممنوعیت استفاده از سوخت مازوت و قطع زمان بندی شده برق، حلال مشکل نیست.
شرکت‌های دانش بنیان و نخبگان را به کار بگیرید و با افزایش راندمان، ذخیره‌سازی و کیفی سازی سوخت و کاهش گوگرد مازوت و آلایندگی /۱","Mr. President! It is better to reconsider the limited scope of your experts, banning the use of diesel fuel and scheduled power cuts are not the solution to the problem.
Employ knowledge-based and elite companies and by increasing the efficiency, storage and quality of fuel and reducing fuel oil sulfur and pollution/1"
1856062778399723977,alirezaabasi_ir,2024-11-11 21:53:45.006,نیروگاه‌ها، به جای پاک کردن صورت مساله، برای حل آن اقدام کنید./۲,0,0,0,https://x.com/alirezaabasi_ir/status/1856062778399723977,2024,11,2024-11-11,نیروگاه‌ها، به جای پاک کردن صورت مساله، برای حل آن اقدام کنید./۲,"Power plants, instead of erasing the face of the problem, act to solve it./2"
1853789186148401375,alirezaabasi_ir,2024-11-05 15:19:18.372,"جناب ظريف!
دور میز بودن شما یکبار خسارت محضی رابه کشور تحمیل کردکه برای صدسالمان کافیست.
تا امثال شما بر مسند هستید،دور میز باروی میز بودن تفاوتی ندارد،ما را به خیر شما امیدی نیست شر مرسانید و با این توجیهات،زمینه‌سازی حضور مقامات ارشد کشور درCOP29 وخسارت محض دیگری رافراهم نکنید.",0,0,0,https://x.com/alirezaabasi_ir/status/1853789186148401375,2024,11,2024-11-05,"جناب ظريف!
دور میز بودن شما یکبار خسارت محضی رابه کشور تحمیل کردکه برای صدسالمان کافیست.
تا امثال شما بر مسند هستید،دور میز باروی میز بودن تفاوتی ندارد،ما را به خیر شما امیدی نیست شر مرسانید و با این توجیهات،زمینه‌سازی حضور مقامات ارشد کشور درCOP29 وخسارت محض دیگری رافراهم نکنید.","Mr. Zarif!
Your presence at the table once caused pure damage to the country, which is enough for our hundred years.
As long as people like you are on the table, it doesn't matter if you are around the table, there is no hope of harming us, and with these justifications, don't create the context for the presence of the country's top officials in COP29 and other pure damage."
1852971891553693756,alirezaabasi_ir,2024-11-03 09:11:40.156,"دستاورد یک دولت در ماه‌های اول شروع به کار:
احیا و راه‌اندازی صدها کارخانه تعطیل شده و نیمه فعال
و
دستاورد دولت دیگری:
واردات کالاهای لوکس و آزادسازی رجیستری آیفون
 آنهم در زمانی که به بهانه کمبود منابع ارزی، ارز کالاهای اساسی را از ۱۵ به ۱۲ میلیارد دلار کاهش داده‌اند.",0,0,0,https://x.com/alirezaabasi_ir/status/1852971891553693756,2024,11,2024-11-03,"دستاورد یک دولت در ماه‌های اول شروع به کار:
احیا و راه‌اندازی صدها کارخانه تعطیل شده و نیمه فعال
و
دستاورد دولت دیگری:
واردات کالاهای لوکس و آزادسازی رجیستری آیفون
 آنهم در زمانی که به بهانه کمبود منابع ارزی، ارز کالاهای اساسی را از ۱۵ به ۱۲ میلیارد دلار کاهش داده‌اند.","The achievement of a government in the first months of starting work:
Revival and start-up of hundreds of closed and semi-active factories
and
Achievement of another government:
Importing luxury goods and releasing the iPhone registry
 Also, at a time when they have reduced the currency of basic goods from 15 to 12 billion dollars due to the lack of foreign exchange resources."
1851936712835969162,alirezaabasi_ir,2024-10-31 12:38:14.317,"دولت درحالی به دنبال کاهش ارز کالاهای اساسی از ۱۵ به ۱۲ میلیارددلار و افزایش نرخ دلار ترجیحی و نیمایی در لایحه بودجه 1404است که نیم میلیاردیورو برای واردات گوشی‌های بالای 600 دلار در بودجه در نظر گرفته است!
دولتمردان! معیشت مردم اولویت است یا واردات کالاهای لوکس و رجیستری آیفون‌؟",0,0,0,https://x.com/alirezaabasi_ir/status/1851936712835969162,2024,10,2024-10-31,"دولت درحالی به دنبال کاهش ارز کالاهای اساسی از ۱۵ به ۱۲ میلیارددلار و افزایش نرخ دلار ترجیحی و نیمایی در لایحه بودجه 1404است که نیم میلیاردیورو برای واردات گوشی‌های بالای 600 دلار در بودجه در نظر گرفته است!
دولتمردان! معیشت مردم اولویت است یا واردات کالاهای لوکس و رجیستری آیفون‌؟","Meanwhile, the government is seeking to reduce the exchange rate of basic goods from 15 to 12 billion dollars and increase the preferential dollar rate by half in the 1404 budget bill, which has considered half a billion euros in the budget for the import of phones above 600 dollars!
Statesmen! Is people's livelihood a priority or import of luxury goods and iPhone registry?"
1850886507256766920,alirezaabasi_ir,2024-10-28 15:05:05.795,خطای محاسباتی باند تجاوز و ترور رابا پاسخی پشیمان کننده اصلاح خواهیم نمود و دستان دراز شده رژیم صهیونیستی به سمت #ایران_قوی را قطع خواهیم کرد و علاوه برآن، منافع و منابع حامیان رژیم اشغالگر را نیز جزء اهداف مشروع وقانونی قرار داده و با پاسخ مقتدرانه آنهارا عبرت تاریخ خواهیم نمود.,0,0,0,https://x.com/alirezaabasi_ir/status/1850886507256766920,2024,10,2024-10-28,خطای محاسباتی باند تجاوز و ترور رابا پاسخی پشیمان کننده اصلاح خواهیم نمود و دستان دراز شده رژیم صهیونیستی به سمت #ایران_قوی را قطع خواهیم کرد و علاوه برآن، منافع و منابع حامیان رژیم اشغالگر را نیز جزء اهداف مشروع وقانونی قرار داده و با پاسخ مقتدرانه آنهارا عبرت تاریخ خواهیم نمود.,"We will correct the calculation error of the gang of aggression and terror with a regretful response and we will cut off the outstretched hands of the Zionist regime towards a strong #Iran, and in addition, we will include the interests and resources of the supporters of the occupying regime as legitimate and legal goals, and we will make them a lesson in history with a powerful response."
