tweet_id,username,created_at,text,replies,retweets,likes,url,Text_original,Text_en
2007167618193510839,alirabiei_iran,2026-01-02 19:10:26.205000+00:00,"اکنون که دولت اعتراضات معیشتی را به رسمیت شناخته وراه گفت‌وگو را باز کرده،اظهارات ترامپ درکنار نتانیاهو یک معنا دارد: بی‌ثبات‌سازی و اخلال داخلی.
دموکراسی و حل مشکلات مردم از گفت‌وگو می‌آید، نه از مداخله خارجی.
باید در کنار و همدل با خواسته‌های مردم،در مقابل مداخلات خارجی ایستاد.",0,0,0,https://x.com/AliRabiei_Iran/status/2007167618193510839,"اکنون که دولت اعتراضات معیشتی را به رسمیت شناخته وراه گفت‌وگو را باز کرده،اظهارات ترامپ درکنار نتانیاهو یک معنا دارد: بی‌ثبات‌سازی و اخلال داخلی.
دموکراسی و حل مشکلات مردم از گفت‌وگو می‌آید، نه از مداخله خارجی.
باید در کنار و همدل با خواسته‌های مردم،در مقابل مداخلات خارجی ایستاد.","Now that the government has recognized the livelihood protests and opened the dialogue, Trump's statements together with Netanyahu have one meaning: destabilization and internal disruption.
Democracy and solving people's problems comes from dialogue, not from foreign intervention.
One should stand by and sympathize with the people's demands, in front of foreign interventions."
1995529068771516801,alirabiei_iran,2025-12-01 16:22:59.789000+00:00,"در این روزهای سخت، به یاد نویسنده‌ای هستیم که «منِ او» را از عمق انسان نوشت، در «قیدار» از استقامت گفت و در «جانستانِ کابلستان» معنای سفر و بازگشت را جست.  
امید داریم حادثه‌ی اخیر تنها مکثی کوتاه باشد و #رضا_امیرخانی با سلامت کامل، دوباره به مسیر روشنِ خلق کلمه بازگردد.",0,0,0,https://x.com/AliRabiei_Iran/status/1995529068771516801,"در این روزهای سخت، به یاد نویسنده‌ای هستیم که «منِ او» را از عمق انسان نوشت، در «قیدار» از استقامت گفت و در «جانستانِ کابلستان» معنای سفر و بازگشت را جست.  
امید داریم حادثه‌ی اخیر تنها مکثی کوتاه باشد و #رضا_امیرخانی با سلامت کامل، دوباره به مسیر روشنِ خلق کلمه بازگردد.","In these difficult days, we remember the writer who wrote ""Man O"" from the depth of human being, spoke about endurance in ""Qidar"" and searched for the meaning of travel and return in ""Janstan-e Kabulistan"".  
We hope that the recent incident will be only a short pause and that #Reza_Amirkhani will return to the clear path of creating words with full health."
2022374666573078540/analytics,alirabiei_iran,,سمارة تؤكد صحّة التسريبات!,0,0,0,https://x.com/beirut_politics/status/2022374666573078540/analytics,سمارة تؤكد صحّة التسريبات!,Samara confirms the validity of the leaks!
1993627597696389605,alirabiei_iran,2025-11-26 10:27:13.757000+00:00,"جنگ، فرهنگ، حافظه جمعی و شیوه‌های روایت معنا را برای نسل‌ها تحت تأثیر قرار می‌دهد. ما با تکیه بر هنر و حقیقت، می‌توانیم این حافظه را غنی و از انحراف نگاه تاریخی جلوگیری کنیم. 
این روزها گشودگی برای هنر را فراموش نکنیم.",0,0,0,https://x.com/AliRabiei_Iran/status/1993627597696389605,"جنگ، فرهنگ، حافظه جمعی و شیوه‌های روایت معنا را برای نسل‌ها تحت تأثیر قرار می‌دهد. ما با تکیه بر هنر و حقیقت، می‌توانیم این حافظه را غنی و از انحراف نگاه تاریخی جلوگیری کنیم. 
این روزها گشودگی برای هنر را فراموش نکنیم.","War affects culture, collective memory, and ways of narrating meaning for generations. By relying on art and truth, we can enrich this memory and prevent the distortion of historical perspective. 
Let's not forget the openness to art these days."
1988542957243265514,alirabiei_iran,2025-11-12 09:42:41.005000+00:00,فرسايشِ اعتماد، خطرناك‌تر از شاخص‌هاي اقتصادي است. جامعه‌اي كه در آن اعتماد در اشكال مختلف، وضعيت مناسبي داشته باشد، قادر است با ترميم روابط بين‌نهادي، ظرفيت نارسايي‌هاي عرصه‌هاي اقتصادي، فرهنگي، سياسي، اجتماعي و زيست‌ محيطي  را بازسازي كند.,0,0,0,https://x.com/AliRabiei_Iran/status/1988542957243265514,فرسايشِ اعتماد، خطرناك‌تر از شاخص‌هاي اقتصادي است. جامعه‌اي كه در آن اعتماد در اشكال مختلف، وضعيت مناسبي داشته باشد، قادر است با ترميم روابط بين‌نهادي، ظرفيت نارسايي‌هاي عرصه‌هاي اقتصادي، فرهنگي، سياسي، اجتماعي و زيست‌ محيطي  را بازسازي كند.,"Erosion of trust is more dangerous than economic indicators. A society in which trust in various forms has a proper condition, is able to restore the capacity of inadequacies in the economic, cultural, political, social and environmental fields by restoring inter-institutional relations."
1970496333481148611,alirabiei_iran,2025-09-23 14:31:50.610000+00:00,"دانشگاه‌ها در شرایط سیاسی و اجتماعی ویژه‌ای بازگشایی می‌شوند، اما هنوز برخی سیاستها اسیر عقب‌ماندگی‌اند. با تغییر یافتن دانشجویان، زن‌پایه شدن تحولات، بی‌عدالتی آموزشی، تجاری‌سازی و بی‌اعتنایی به استقلال علمی،  کار سختی در پیش داریم.
متن کامل را در روزنامه اعتماد امروز  بخوانید.",0,0,0,https://x.com/AliRabiei_Iran/status/1970496333481148611,"دانشگاه‌ها در شرایط سیاسی و اجتماعی ویژه‌ای بازگشایی می‌شوند، اما هنوز برخی سیاستها اسیر عقب‌ماندگی‌اند. با تغییر یافتن دانشجویان، زن‌پایه شدن تحولات، بی‌عدالتی آموزشی، تجاری‌سازی و بی‌اعتنایی به استقلال علمی،  کار سختی در پیش داریم.
متن کامل را در روزنامه اعتماد امروز  بخوانید.","Universities reopen in special political and social conditions, but some policies are still backward. With changing students, feminization of developments, educational injustice, commercialization, and disregard for scientific independence, we have a difficult task ahead of us.
Read the full text in Etemad Today newspaper."
1966802427291501008,alirabiei_iran,2025-09-13 09:53:34.745000+00:00,"نادیده گرفتن قدرت معنایی ایران یعنی تضعیف سپر فرهنگی و ملی ما. هنر، ادبیات و موسیقی فقط سرگرمی نیستند؛ ستون‌های مقاومت‌اند. با غفلت، امید مردم و امنیت کشور فرسوده می‌شود. 
#ایران #قدرت_معنایی
متن کامل یادداشت را در کانال تلگرامم بخوانید؛",0,0,0,https://x.com/AliRabiei_Iran/status/1966802427291501008,"نادیده گرفتن قدرت معنایی ایران یعنی تضعیف سپر فرهنگی و ملی ما. هنر، ادبیات و موسیقی فقط سرگرمی نیستند؛ ستون‌های مقاومت‌اند. با غفلت، امید مردم و امنیت کشور فرسوده می‌شود. 
#ایران #قدرت_معنایی
متن کامل یادداشت را در کانال تلگرامم بخوانید؛","Ignoring Iran's semantic power means weakening our cultural and national shield. Art, literature and music are not just entertainment; They are the pillars of resistance. With neglect, the hope of the people and the security of the country wears out. 
#Iran #meaningful_power
Read the full text of the note on my Telegram channel;"
1953855799354139085,alirabiei_iran,2025-08-08 16:28:18.108000+00:00,"#رشتو
۱/ در روزهای دفاع میهنی، معلوم شد که چقدر ظرفیت‌های ملی نادیده داریم. روزنامه‌نگاری که بعد از خروج از زندان، در روزهای جنگ علیه رژیم اسرائیل نوشت. فیلسوفی که در غربت، «سروش» رسوایی بیگانگان علیه ایران شد.",0,0,0,https://x.com/AliRabiei_Iran/status/1953855799354139085,"#رشتو
۱/ در روزهای دفاع میهنی، معلوم شد که چقدر ظرفیت‌های ملی نادیده داریم. روزنامه‌نگاری که بعد از خروج از زندان، در روزهای جنگ علیه رژیم اسرائیل نوشت. فیلسوفی که در غربت، «سروش» رسوایی بیگانگان علیه ایران شد.","#Rashto
1/ During the days of national defense, it became clear how many unseen national capacities we have. A journalist who wrote against the Israeli regime during the war after being released from prison. Philosopher who became the source of foreigners' scandals against Iran in his sojourn."
1953855801384141071,alirabiei_iran,2025-08-08 16:28:18.592000+00:00,"۲/ بانوی خبرنگاری که با عرق وطن، تلاش کرد حتی از تریبون رسانه‌های بیگانه، فرصتی برای دفاع از واقعیت میهن و رسوایی تجاوزگران بسازد. اینها «هسته سخت» ایران هستند.
روز خبرنگار گرامی باد
یادداشت مرا با عنوان جنگها با کلمات آغاز می‌شوند در روزنامه اعتماد فردا بخوانید.",0,0,0,https://x.com/AliRabiei_Iran/status/1953855801384141071,"۲/ بانوی خبرنگاری که با عرق وطن، تلاش کرد حتی از تریبون رسانه‌های بیگانه، فرصتی برای دفاع از واقعیت میهن و رسوایی تجاوزگران بسازد. اینها «هسته سخت» ایران هستند.
روز خبرنگار گرامی باد
یادداشت مرا با عنوان جنگها با کلمات آغاز می‌شوند در روزنامه اعتماد فردا بخوانید.","2/ The female journalist who, with the passion of the homeland, tried to create an opportunity to defend the reality of the homeland and the scandal of the aggressors even from the platform of foreign media. These are the ""hard core"" of Iran.
Happy journalist's day
Read my note entitled ""Wars start with words"" in Etemad Farda newspaper."
1951988333883650446,alirabiei_iran,2025-08-03 12:47:39.644000+00:00,عمیقا دریافته‌ام ایجاد گشودگی در بکارگیری افراد ازعمیق‌ترین لایه‌های جامعه بادیدگاه‌های مختلف،ضروری است تا جهت‌گیری گفتمانی «دولت برای همه ایرانیان وهمه ایرانیان در دولت» شکل گیرد و موانع ذهنی و عملی برای امکان حضور هرکس که توانی برای حل مسائل و کاستن از رنج مردم دارد،فراهم شود.,0,0,0,https://x.com/AliRabiei_Iran/status/1951988333883650446,عمیقا دریافته‌ام ایجاد گشودگی در بکارگیری افراد ازعمیق‌ترین لایه‌های جامعه بادیدگاه‌های مختلف،ضروری است تا جهت‌گیری گفتمانی «دولت برای همه ایرانیان وهمه ایرانیان در دولت» شکل گیرد و موانع ذهنی و عملی برای امکان حضور هرکس که توانی برای حل مسائل و کاستن از رنج مردم دارد،فراهم شود.,"I have deeply realized that it is necessary to create openness in employing people from the deepest layers of society with different points of view, so that the discourse orientation of ""the government is for all Iranians and all Iranians in the government"" is formed and mental and practical obstacles are provided for the possibility of the presence of anyone who has the ability to solve problems and reduce the suffering of the people."
1951537343585771653,alirabiei_iran,2025-08-02 06:55:35.178000+00:00,هیچ سیستم و نظامی پیش و پس از بحران یکسان نخواهد بود. تجارب تاریخی و علمی این ضرورت را تحمیل‌گرانه نشان می‌دهد که با تفکرها و ساختارهای پیش از بحران- به خصوص جنگ- نمی‌توان به مسائل حین و پس از بحران پاسخ داد. این به معنای بحرانی جدید است. به تنظیمات کارخانه برنگردیم.,0,0,0,https://x.com/AliRabiei_Iran/status/1951537343585771653,هیچ سیستم و نظامی پیش و پس از بحران یکسان نخواهد بود. تجارب تاریخی و علمی این ضرورت را تحمیل‌گرانه نشان می‌دهد که با تفکرها و ساختارهای پیش از بحران- به خصوص جنگ- نمی‌توان به مسائل حین و پس از بحران پاسخ داد. این به معنای بحرانی جدید است. به تنظیمات کارخانه برنگردیم.,"No system and military will be the same before and after the crisis. Historical and scientific experiences forcefully show this necessity that the problems during and after the crisis cannot be answered with pre-crisis thinking and structures, especially war. This means a new crisis. Do not go back to factory settings."
1944052679455482027,alirabiei_iran,2025-07-12 15:14:12.191000+00:00,هنوز غبار آوارهای پس از انفجارها فروننشسته که صداهای ناموزون دوقطبی‌سازی، بلندتر و تلخ‌تر از صدای موشک‌ها جان وطن را می‌آزارد.هیچ چیز به جز مردم،نداشته ونخواهیم داشت.جامعه را تکه‌تکه و پاره‌پاره نخواهید.این همان هدف اصلی متجاوزین کینه‌توز است و صدایش به همان نحسی بمب‌های سنگرشکن.,0,0,0,https://x.com/AliRabiei_Iran/status/1944052679455482027,هنوز غبار آوارهای پس از انفجارها فروننشسته که صداهای ناموزون دوقطبی‌سازی، بلندتر و تلخ‌تر از صدای موشک‌ها جان وطن را می‌آزارد.هیچ چیز به جز مردم،نداشته ونخواهیم داشت.جامعه را تکه‌تکه و پاره‌پاره نخواهید.این همان هدف اصلی متجاوزین کینه‌توز است و صدایش به همان نحسی بمب‌های سنگرشکن.,"The dust of the debris after the explosions has not yet settled, and the uneven sounds of polarization are louder and more bitter than the sound of rockets. We have had and will never have anything except people. Do not tear society into pieces."
1937810173978153442,alirabiei_iran,2025-06-25 09:48:42.905000+00:00,"سپاس بازدارنده
روز شنبه تشییع پیکر فرماندهانی است که جلوه‌گر چهار دهه تجربه نظامی، دانش بومی، اخلاص و فداکاری بودند.
حضور در مراسم تشییع روز شنبه، بدرقه‌ای است هم به پاس قدردانی از فداکاری‌ها و هم بازدارندگی متجاوزین به خاک پاک میهن.",0,0,0,https://x.com/AliRabiei_Iran/status/1937810173978153442,"سپاس بازدارنده
روز شنبه تشییع پیکر فرماندهانی است که جلوه‌گر چهار دهه تجربه نظامی، دانش بومی، اخلاص و فداکاری بودند.
حضور در مراسم تشییع روز شنبه، بدرقه‌ای است هم به پاس قدردانی از فداکاری‌ها و هم بازدارندگی متجاوزین به خاک پاک میهن.","Thanks for stopping
Saturday is the funeral of commanders who were the manifestation of four decades of military experience, local knowledge, sincerity and sacrifice.
Attending the funeral ceremony on Saturday is a way to both appreciate the sacrifices and deter the invaders of the pure land of the homeland."
1937385744617607247,alirabiei_iran,2025-06-24 05:42:11.060000+00:00,۱/جنگ دوازده روزه به رغم همه‌ی تلخی‌ها دستاوردها و درس‌‌آموخته‌های بزرگی داشت.هدف، کوچک کردن ایران بزرگ بود.عقب‌نشینی دشمنان وطن، جز با ائتلاف بزرگ اجتماعی که بین مردم، رهبری،دولت، نیروهای مسلح ونیروهای مدنی شکل گرفت مقدور نبود.باید قدر این سرمایه نهادی و اجتماعی بزرگ را بدانیم.,0,0,0,https://x.com/AliRabiei_Iran/status/1937385744617607247,۱/جنگ دوازده روزه به رغم همه‌ی تلخی‌ها دستاوردها و درس‌‌آموخته‌های بزرگی داشت.هدف، کوچک کردن ایران بزرگ بود.عقب‌نشینی دشمنان وطن، جز با ائتلاف بزرگ اجتماعی که بین مردم، رهبری،دولت، نیروهای مسلح ونیروهای مدنی شکل گرفت مقدور نبود.باید قدر این سرمایه نهادی و اجتماعی بزرگ را بدانیم.,"1/ The 12-day war had great achievements and lessons learned despite all the bitterness. The goal was to shrink the great Iran. The retreat of the enemies of the homeland was not possible except with the great social coalition that was formed between the people, the leadership, the government, the armed forces and the civil forces. We must appreciate this great institutional and social capital."
1937385746488259058,alirabiei_iran,2025-06-24 05:42:11.506000+00:00,۲/ این دستاورد توشه راه ایران برای پویایی وطن و حل مسائل بزرگ داخلی و بین‌المللی خواهد بود.,0,0,0,https://x.com/AliRabiei_Iran/status/1937385746488259058,۲/ این دستاورد توشه راه ایران برای پویایی وطن و حل مسائل بزرگ داخلی و بین‌المللی خواهد بود.,2/ This achievement will be the baggage of Iran's way for the dynamism of the homeland and solving major domestic and international issues.
1933972453027700929,alirabiei_iran,2025-06-14 19:38:58.929000+00:00,"من حسن اسدی لاری، با وجود اینکه از سر تصمیات و اشتباهات ج.ا، نزدیک‌ترین آدم‌های زندگیم رو از دست دادم ولی بخاطر ایران عزیز و فرزندان این آب و خاک که یکیش متین خودمه، با تمام توان و داراییم، پشت نیروهای دفاعی ایران خواهم ایستاد.
#من_سمت_ایرانم",0,0,0,https://x.com/AsadiHassan/status/1933972453027700929,"من حسن اسدی لاری، با وجود اینکه از سر تصمیات و اشتباهات ج.ا، نزدیک‌ترین آدم‌های زندگیم رو از دست دادم ولی بخاطر ایران عزیز و فرزندان این آب و خاک که یکیش متین خودمه، با تمام توان و داراییم، پشت نیروهای دفاعی ایران خواهم ایستاد.
#من_سمت_ایرانم","I, Hassan Esdi Lari, even though I lost the closest people in my life due to J.A.'s decisions and mistakes, but for the sake of dear Iran and the children of this country, one of whom is my own, I will stand behind the defense forces of Iran with all my strength and resources.
#I'm_from_Iran"
1933967070993244340,alirabiei_iran,2025-06-14 19:17:35.752000+00:00,"۱/ نابود کردن امروز وآینده ایران هدف اصلی رژیم صهیونیستی است. بقیه حرفها واهی است. آنچه می‌گویند تنها پوششی دروغین است که ریشه در ذات فریب‌گر آنها دارد. 
از بدو تشکیل این رژیم منحوس،هدف آنها پاره پاره کردن وتضعیف ایران بوده است.
درک همه ما از شرایط برای سرنوشت ایران، حیاتی است.",0,0,0,https://x.com/AliRabiei_Iran/status/1933967070993244340,"۱/ نابود کردن امروز وآینده ایران هدف اصلی رژیم صهیونیستی است. بقیه حرفها واهی است. آنچه می‌گویند تنها پوششی دروغین است که ریشه در ذات فریب‌گر آنها دارد. 
از بدو تشکیل این رژیم منحوس،هدف آنها پاره پاره کردن وتضعیف ایران بوده است.
درک همه ما از شرایط برای سرنوشت ایران، حیاتی است.","1/ Destroying today and the future of Iran is the main goal of the Zionist regime. The rest of the words are false. What they say is only a false cover rooted in their deceptive nature. 
Since the formation of this infamous regime, their goal has been to tear and weaken Iran.
It is vital for all of us to understand the conditions for the fate of Iran."
1933967074017333515,alirabiei_iran,2025-06-14 19:17:36.473000+00:00,"۲/ هرکسی باید با هر تفکر، سابقه و گذشته‌ای برای ایران با اقتدار ملی تلاش کند.
وقتی پای منافع در میان باشد،«جهان قدرت» بیرحم است و شعارهای انسانی پوچ و توخالی است.",0,0,0,https://x.com/AliRabiei_Iran/status/1933967074017333515,"۲/ هرکسی باید با هر تفکر، سابقه و گذشته‌ای برای ایران با اقتدار ملی تلاش کند.
وقتی پای منافع در میان باشد،«جهان قدرت» بیرحم است و شعارهای انسانی پوچ و توخالی است.","2/ Everyone should strive for Iran with national authority, regardless of their thinking, history and past.
When interests are involved, the ""world of power"" is ruthless and human slogans are empty and empty."
1933396464610185535,alirabiei_iran,2025-06-13 05:30:12.589000+00:00,۱/ در پی شبیخون رژیم اسرائیل و به شهادت رساندن فرزندانی از جبهه علم و دفاع، امروز همه ایرانیان در غم و درد مشترک به این نتیجه رسیده‌‌اند که در برابر ظلم جهانی و درنده‌خویی رژیمی مثل اسرائیل باید قوی و متحد بود. ایران ضعیف در این جهان ناعادلانه، هرگز آرامشی نخواهد داشت.,0,0,0,https://x.com/AliRabiei_Iran/status/1933396464610185535,۱/ در پی شبیخون رژیم اسرائیل و به شهادت رساندن فرزندانی از جبهه علم و دفاع، امروز همه ایرانیان در غم و درد مشترک به این نتیجه رسیده‌‌اند که در برابر ظلم جهانی و درنده‌خویی رژیمی مثل اسرائیل باید قوی و متحد بود. ایران ضعیف در این جهان ناعادلانه، هرگز آرامشی نخواهد داشت.,"1/ In the wake of the Israeli regime's mockery and the martyrdom of children from the front of science and defense, today all Iranians have come to the conclusion in common sorrow and pain that they must be strong and united against the global oppression and rapacity of a regime like Israel. A weak Iran will never have peace in this unfair world."
1933396466623488469,alirabiei_iran,2025-06-13 05:30:13.069000+00:00,"۲/ هرگاه ایران گامهایی برای صلح در منطقه و جهان برمی دارد رژیم اسرائیل که شالوده حیاتش برپایه ناامنی و خونریزی است دست به اقدامات غیرانسانی می‌زند.
ما در کنار هم با قدرت و تدبیر از این لحظات سخت تاریخی، بدون تردید  پیروزمندانه عبور خواهیم کرد.
ایران تسلیت
#رژیم_صهیونیستی",0,0,0,https://x.com/AliRabiei_Iran/status/1933396466623488469,"۲/ هرگاه ایران گامهایی برای صلح در منطقه و جهان برمی دارد رژیم اسرائیل که شالوده حیاتش برپایه ناامنی و خونریزی است دست به اقدامات غیرانسانی می‌زند.
ما در کنار هم با قدرت و تدبیر از این لحظات سخت تاریخی، بدون تردید  پیروزمندانه عبور خواهیم کرد.
ایران تسلیت
#رژیم_صهیونیستی","2/ Whenever Iran takes steps for peace in the region and the world, the Israeli regime, whose life is based on insecurity and bloodshed, takes inhuman actions.
Together, with strength and resourcefulness, we will pass through these difficult historical moments, without doubt victorious.
Condolences to Iran
#Zionist_regime"
1930565815234912352,alirabiei_iran,2025-06-05 10:02:13.187000+00:00,"۱/ هم‌زیستی زمین، آب ، خاک و مردم معنا بخش یک سرزمین اند. فرسایش هر کدام تهدیدی است برای حیات اجتماعی هر ملت. 
فشار بر خاک و بی مهری با آب تبدیل به تهدیدی بزرگ علیه ایران و نسل های آینده ی ما شده است.",0,0,0,https://x.com/AliRabiei_Iran/status/1930565815234912352,"۱/ هم‌زیستی زمین، آب ، خاک و مردم معنا بخش یک سرزمین اند. فرسایش هر کدام تهدیدی است برای حیات اجتماعی هر ملت. 
فشار بر خاک و بی مهری با آب تبدیل به تهدیدی بزرگ علیه ایران و نسل های آینده ی ما شده است.","1/ The coexistence of land, water, soil and people are part of the meaning of a land. The erosion of each is a threat to the social life of any nation. 
The pressure on soil and lack of love with water has become a big threat against Iran and our future generations."
1930565817214660940,alirabiei_iran,2025-06-05 10:02:13.659000+00:00,۲/ با تخریب و سو استفاده از محیط زیست بدون آنکه بدانیم به دشمنانی علیه سرزمین و مردمان آینده مان تبدیل می‌شویم ؛ و بدتر از آن سیاست‌های ناآگاهانه و توده‌ستایانه دولت‌ها و آدم‌هایی که ثروتشان را از رنج مردم و مرگ آینده با تخریب محیط زیست به چنگ می‌آورند.,0,0,0,https://x.com/AliRabiei_Iran/status/1930565817214660940,۲/ با تخریب و سو استفاده از محیط زیست بدون آنکه بدانیم به دشمنانی علیه سرزمین و مردمان آینده مان تبدیل می‌شویم ؛ و بدتر از آن سیاست‌های ناآگاهانه و توده‌ستایانه دولت‌ها و آدم‌هایی که ثروتشان را از رنج مردم و مرگ آینده با تخریب محیط زیست به چنگ می‌آورند.,"2/ By destroying and abusing the environment, without knowing it, we become enemies against our future land and people; And worse than that, the ignorant and populist policies of governments and people who get their wealth from people's suffering and future death by destroying the environment."
1930565820968517749,alirabiei_iran,2025-06-05 10:02:14.554000+00:00,۳/ بیایید احترام به محیط زیست ، از خانه و خیابان تا جامعه را به میثاقی بزرگ تبدیل کنیم و در مقابل خطای دیگران- چه افراد ناآگاه باشند و چه سیاست ها و سواستفاده‌ها- بی تفاوت نباشیم.,0,0,0,https://x.com/AliRabiei_Iran/status/1930565820968517749,۳/ بیایید احترام به محیط زیست ، از خانه و خیابان تا جامعه را به میثاقی بزرگ تبدیل کنیم و در مقابل خطای دیگران- چه افراد ناآگاه باشند و چه سیاست ها و سواستفاده‌ها- بی تفاوت نباشیم.,"3/ Let's turn respect for the environment, from home and street to society, into a big covenant and not be indifferent to the mistakes of others - whether they are ignorant people or policies and abuses."
1923462373563650216,alirabiei_iran,2025-05-16 19:35:40.717000+00:00," مهم‌ترین چالش‌های اجتماعی دولت در سال ۱۴۰۴؛ چرا قانون حجاب اجرایی نبود؟

مشروح این گفت وگو را در کانال یوتیوب رویداد۲۴ تماشا کنید:
youtu.be/4TLLQ9axO1s?si
…",0,0,0,https://x.com/AliRabiei_Iran/status/1923462373563650216," مهم‌ترین چالش‌های اجتماعی دولت در سال ۱۴۰۴؛ چرا قانون حجاب اجرایی نبود؟

مشروح این گفت وگو را در کانال یوتیوب رویداد۲۴ تماشا کنید:
youtu.be/4TLLQ9axO1s?si
…","The most important social challenges of the government in 1404; Why was the hijab law not implemented?

Watch the details of this conversation on the YouTube channel of Event 24:
youtu.be/4TLLQ9axO1s?si
…"
2019829945514533208/analytics,alirabiei_iran,,"كل شي ... تقريبًا

قم بزيارة موقعنا الإلكتروني لمعرفة آخر الأخبار و المقالات الخاصة:",0,0,0,https://x.com/CafeInPress/status/2019829945514533208/analytics,"كل شي ... تقريبًا

قم بزيارة موقعنا الإلكتروني لمعرفة آخر الأخبار و المقالات الخاصة:","Everything...almost

Visit our website for the latest news and special articles:"
1918332121141088544,alirabiei_iran,2025-05-02 15:49:53.224000+00:00,"طرد شدن آغاز یک پایان است. راهی تلخ به سوی تنهایی در خیابان که امتدادش مرگی غمگین در شبی سرد و یا روزی دردآلود است.  پیرامون همه‌ی ما آدمهایی وجود دارند که نیازمند آغوش حمایت‌گرمان هستند.
با آغوشی باز و دستانی یاری‌گر، نگذاریم طردها به دردهای لاعلاج تبدیل شوند...",0,0,0,https://x.com/AliRabiei_Iran/status/1918332121141088544,"طرد شدن آغاز یک پایان است. راهی تلخ به سوی تنهایی در خیابان که امتدادش مرگی غمگین در شبی سرد و یا روزی دردآلود است.  پیرامون همه‌ی ما آدمهایی وجود دارند که نیازمند آغوش حمایت‌گرمان هستند.
با آغوشی باز و دستانی یاری‌گر، نگذاریم طردها به دردهای لاعلاج تبدیل شوند...","Rejection is the beginning of an end. A bitter road to loneliness on the street, which leads to a sad death in a cold night or a painful day.  There are people around all of us who need a supportive hug.
With open arms and helping hands, let's not let rejections turn into incurable pain..."
1918045063885492703,alirabiei_iran,2025-05-01 20:49:13.441000+00:00,"۱/ با توجه به تحولات جهانی و تحولات بازار کار ایران:
- ایجاد فضای ارتقای مهارت‌ها متناسب با فضای کار در عصر دیجیتال
- متاسفانه سیاستگذاران فضای مجازی دچار عدم فهم درست از تحولات جهانی در حوزه تکنولوژی‌های اطلاعاتی و ارتباطاتی و بازار کار آینده جهان هستند",0,0,0,https://x.com/AliRabiei_Iran/status/1918045063885492703,"۱/ با توجه به تحولات جهانی و تحولات بازار کار ایران:
- ایجاد فضای ارتقای مهارت‌ها متناسب با فضای کار در عصر دیجیتال
- متاسفانه سیاستگذاران فضای مجازی دچار عدم فهم درست از تحولات جهانی در حوزه تکنولوژی‌های اطلاعاتی و ارتباطاتی و بازار کار آینده جهان هستند","1/ According to global developments and developments in Iran's labor market:
- Creating an environment for improving skills in accordance with the work environment in the digital age
- Unfortunately, the policymakers of the virtual space have a lack of understanding of the global developments in the field of information and communication technologies and the future job market of the world."
1918045065760379380,alirabiei_iran,2025-05-01 20:49:13.888000+00:00,"۲/ و بسیار مایوس کننده است که تعدادی از افراد در شورای ذیربط، با دلایل نامعلوم و نگاهی محدودکننده سرنوشت جوانان و آینده کار را متاثر می‌کنند.
-  رفع فیلترینگ و ایجاد زمینه‌های رشد کار در فضای دیجیتال؛ در حال حاضر بیشترین فضای شغل برای نیروهای تحصیل کرده و ماهر به شمار می‌رود.",0,0,0,https://x.com/AliRabiei_Iran/status/1918045065760379380,"۲/ و بسیار مایوس کننده است که تعدادی از افراد در شورای ذیربط، با دلایل نامعلوم و نگاهی محدودکننده سرنوشت جوانان و آینده کار را متاثر می‌کنند.
-  رفع فیلترینگ و ایجاد زمینه‌های رشد کار در فضای دیجیتال؛ در حال حاضر بیشترین فضای شغل برای نیروهای تحصیل کرده و ماهر به شمار می‌رود.","2/ And it is very disappointing that a number of people in the relevant council affect the fate of the youth and the future of work with unknown reasons and a limiting view.
- Removing filtering and creating areas for the growth of work in the digital space; Currently, the most job space is for educated and skilled workers."
1918045069879242911,alirabiei_iran,2025-05-01 20:49:14.870000+00:00,"۳/ کشور ما نیازمند سیاست‌گذاری‌های کار مبتنی بر تغییرات اجتماعی، تحولات عصر پساصنعتی و پاسخگویی به نیازهای دانشی جدید است در غیر این‌صورت موضوع نیروی کار و نیز اشتغال و ابربحرانی در آینده نه چندان دور خواهد بود.

اول ماه می، #روز_کارگر گرامی باد",0,0,0,https://x.com/AliRabiei_Iran/status/1918045069879242911,"۳/ کشور ما نیازمند سیاست‌گذاری‌های کار مبتنی بر تغییرات اجتماعی، تحولات عصر پساصنعتی و پاسخگویی به نیازهای دانشی جدید است در غیر این‌صورت موضوع نیروی کار و نیز اشتغال و ابربحرانی در آینده نه چندان دور خواهد بود.

اول ماه می، #روز_کارگر گرامی باد","3/ Our country needs labor policies based on social changes, developments of the post-industrial era and responding to new knowledge needs, otherwise the issue of labor force and employment will be a super-crisis in the not-so-distant future.

Happy May 1st, #Worker_Day"
1914251922686542027,alirabiei_iran,2025-04-21 09:36:38.106000+00:00,"نگاه کنید به یکی از کامتهای توییت من درخصوص جامعه شاد... 
x.com/leilee00350956
…",0,0,0,https://x.com/AliRabiei_Iran/status/1914251922686542027,"نگاه کنید به یکی از کامتهای توییت من درخصوص جامعه شاد... 
x.com/leilee00350956
…","Look at one of my tweets about happy society... 
x.com/leilee00350956
…"
1914239098795053521,alirabiei_iran,2025-04-21 08:45:40.652000+00:00,"به نظرم کمترین اهتمام و حتی دانش لازم را برای سیاست گذاری معطوف به شادی داریم.
می شد و می‌شود برنامه برخواسته از متن جامعه مثل «فستیوال کوچه» را مدیریت و سامان داد.
 دو قطبی‌سازی، آفت این‌گونه موارد است. باید برای داشتن جامعه‌ای شاد و بدون تنش، رویه‌های درست را به کار گرفت.",0,0,0,https://x.com/AliRabiei_Iran/status/1914239098795053521,"به نظرم کمترین اهتمام و حتی دانش لازم را برای سیاست گذاری معطوف به شادی داریم.
می شد و می‌شود برنامه برخواسته از متن جامعه مثل «فستیوال کوچه» را مدیریت و سامان داد.
 دو قطبی‌سازی، آفت این‌گونه موارد است. باید برای داشتن جامعه‌ای شاد و بدون تنش، رویه‌های درست را به کار گرفت.","In my opinion, we have the least attention and even the necessary knowledge for policy-making aimed at happiness.
It was and is possible to manage and organize a program based on the context of the society, such as the ""Street Festival"".
 Bipolarization is the bane of such cases. In order to have a happy and tension-free society, the right procedures should be used."
2018681912869703833/analytics,alirabiei_iran,,Trade with a trusted Modern Prop Trading firm and gain up to 90% of your simulated profits. Start today!,0,0,0,https://x.com/FTMO_com/status/2018681912869703833/analytics,Trade with a trusted Modern Prop Trading firm and gain up to 90% of your simulated profits. Start today!,Trade with a trusted Modern Prop Trading firm and gain up to 90% of your simulated profits. Start today!
1909705834935755079,alirabiei_iran,2025-04-08 20:32:06.324000+00:00,"۱/  سال ۱۴۰۴ رسید، به هیچ‌کدام از اهداف اقتصادی سند چشم‌انداز نرسیدیم حتی در برخی از شاخصها  عقب‌گرد نیز داشته‌ایم. این وضعیت در آموزش و فرهنگ نیز کمابیش جاری است. 
  عدم توجه به الزامات اجرایی سیاست‌ها به خصوص در حل مسائل بین‌المللی، آنها را صرفا به آرزوهای بیانی تبدیل می‌کند.",0,0,0,https://x.com/AliRabiei_Iran/status/1909705834935755079,"۱/  سال ۱۴۰۴ رسید، به هیچ‌کدام از اهداف اقتصادی سند چشم‌انداز نرسیدیم حتی در برخی از شاخصها  عقب‌گرد نیز داشته‌ایم. این وضعیت در آموزش و فرهنگ نیز کمابیش جاری است. 
  عدم توجه به الزامات اجرایی سیاست‌ها به خصوص در حل مسائل بین‌المللی، آنها را صرفا به آرزوهای بیانی تبدیل می‌کند.","1/ The year 1404 arrived, we did not reach any of the economic goals of the vision document, even we had a setback in some indicators. This situation is more or less current in education and culture. 
  Failure to pay attention to the implementation requirements of policies, especially in solving international issues, turns them into mere wishes."
1909705836781248710,alirabiei_iran,2025-04-08 20:32:06.764000+00:00,"۲/  امسال، سال سرمایه‌گذاری برای تولید نام گرفته؛ که به نظر می‌رسد بدون توجه به الزامات آن، سرنوشتی همانند سند چشم‌انداز بیست ساله پیدا می‌کند.

مطالعه کامل یاداشت در:",0,0,0,https://x.com/AliRabiei_Iran/status/1909705836781248710,"۲/  امسال، سال سرمایه‌گذاری برای تولید نام گرفته؛ که به نظر می‌رسد بدون توجه به الزامات آن، سرنوشتی همانند سند چشم‌انداز بیست ساله پیدا می‌کند.

مطالعه کامل یاداشت در:","2/ This year is called the year of investment for production; which seems to have the same fate as the 20-year vision document regardless of its requirements.

Read the full note at:"
1907098292371984764,alirabiei_iran,2025-04-01 15:50:39.731000+00:00,"جمهوری اسلامی از میان گل ولای یک نبرد مسلحانه زاده نشد، این مولودی مبارک بود که در زهدان پاک ومشروع ومنزه یک رفراندم متولد شد.
با غنی‌کردن نهادهای پیشا و پساصندوق رای و بیشتر و بیشتر کردن جمهوریت می‌توان استقلال ، آزادی و جمهوریت را هر روز نو و عمیق‌تر کرد.",0,0,0,https://x.com/AliRabiei_Iran/status/1907098292371984764,"جمهوری اسلامی از میان گل ولای یک نبرد مسلحانه زاده نشد، این مولودی مبارک بود که در زهدان پاک ومشروع ومنزه یک رفراندم متولد شد.
با غنی‌کردن نهادهای پیشا و پساصندوق رای و بیشتر و بیشتر کردن جمهوریت می‌توان استقلال ، آزادی و جمهوریت را هر روز نو و عمیق‌تر کرد.","The Islamic Republic was not born out of an armed battle, it was a blessed child that was born in the pure, legitimate and blessed womb of a referendum.
By enriching the institutions before and after the ballot box and making the republic more and more, independence, freedom and republic can be renewed and deepened every day."
1906788111754916103,alirabiei_iran,2025-03-31 19:18:06.909000+00:00,۲/ معتقدم نابرابری در سه بعد فرصت های اقتصادی، اجتماعی و توزیع قدرت قابل بررسی است و رفع آن بدون توجه به در هم تنیدگی این ابعاد ناممکن است. برای از بین بردن نابرابری در ثروت که موضوعی بسیار جدی است، بدون توجه به نابرابری در کسب قدرت و نابرابری های  اجتماعی نمی توان اقدام کرد.,0,0,0,https://x.com/AliRabiei_Iran/status/1906788111754916103,۲/ معتقدم نابرابری در سه بعد فرصت های اقتصادی، اجتماعی و توزیع قدرت قابل بررسی است و رفع آن بدون توجه به در هم تنیدگی این ابعاد ناممکن است. برای از بین بردن نابرابری در ثروت که موضوعی بسیار جدی است، بدون توجه به نابرابری در کسب قدرت و نابرابری های  اجتماعی نمی توان اقدام کرد.,"2/ I believe that inequality can be examined in the three dimensions of economic, social and power distribution, and it is impossible to solve it without paying attention to the intertwining of these dimensions. In order to eliminate wealth inequality, which is a very serious issue, it is impossible to take action without paying attention to inequality in gaining power and social inequalities."
1906788116108841255,alirabiei_iran,2025-03-31 19:18:07.947000+00:00,"۳/ باید بپذیریم که نظریه  ""ریشه اصلی اعتراضات در دنیا نا امیدی ناشی از شکاف های و  نابرابری در قدرت و فرصت ها است""، در ایران نیز مفهوم دارد. بنابراین اقدام فوری در مسیر استفاده از ظرفیت های داخلی به دور از تنگ نظری، خصومت، رقابت های ناسالم و در جهت منافع ملی امری ضروری است.",0,0,0,https://x.com/AliRabiei_Iran/status/1906788116108841255,"۳/ باید بپذیریم که نظریه  ""ریشه اصلی اعتراضات در دنیا نا امیدی ناشی از شکاف های و  نابرابری در قدرت و فرصت ها است""، در ایران نیز مفهوم دارد. بنابراین اقدام فوری در مسیر استفاده از ظرفیت های داخلی به دور از تنگ نظری، خصومت، رقابت های ناسالم و در جهت منافع ملی امری ضروری است.","3/ We must accept that the theory ""the main root of protests in the world is frustration caused by gaps and inequality in power and opportunities"" has meaning in Iran as well. Therefore, it is necessary to take immediate action in the direction of using domestic capacities, away from narrow-mindedness, hostility, and unhealthy competition, and in the direction of national interests."
1906788119883485552,alirabiei_iran,2025-03-31 19:18:08.847000+00:00,۴/ توجه داشته باشیم که تراز خود تحریمی ها و تحریم‌های بین المللی نتیجه ای جز ناترازی در برابری به دنبال نخواهد داشت.نمی‌توان صدای مردم را نشنید و زمینه استفاده از ظرفیت سرمایه های کشور را فراهم نساخت، ولی انتظار حل مسایل را داشت. مردم سرمایه اصلی ایران هستند.,0,0,0,https://x.com/AliRabiei_Iran/status/1906788119883485552,۴/ توجه داشته باشیم که تراز خود تحریمی ها و تحریم‌های بین المللی نتیجه ای جز ناترازی در برابری به دنبال نخواهد داشت.نمی‌توان صدای مردم را نشنید و زمینه استفاده از ظرفیت سرمایه های کشور را فراهم نساخت، ولی انتظار حل مسایل را داشت. مردم سرمایه اصلی ایران هستند.,"4/ It should be noted that the balance of self-imposed sanctions and international sanctions will not result in anything but disharmony in equality. It is impossible not to listen to the voice of the people and not provide the basis for the use of the country's capital capacity, but it was expected to solve the problems. People are the main capital of Iran."
1906788109125120377,alirabiei_iran,2025-03-31 19:18:06.282000+00:00,"#رشتو
۱/ باید توجه داشت که تحریم‌ها به طور جدی منجر به ناتراز کردن زمین بازی اقتصاد بر علیه گروه های اجتماعی متعدد عمل کرده است. اقتصاد تحریمی زمینه ساز بزرگ نابرابری و فساد در سالهای اخیر بوده است.",0,0,0,https://x.com/AliRabiei_Iran/status/1906788109125120377,"#رشتو
۱/ باید توجه داشت که تحریم‌ها به طور جدی منجر به ناتراز کردن زمین بازی اقتصاد بر علیه گروه های اجتماعی متعدد عمل کرده است. اقتصاد تحریمی زمینه ساز بزرگ نابرابری و فساد در سالهای اخیر بوده است.","#Rashto
1/ It should be noted that the sanctions have seriously led to unleveling the playing field of the economy against many social groups. Sanctioned economy has been a major source of inequality and corruption in recent years."
1904951589095567434,alirabiei_iran,2025-03-26 17:40:25.786000+00:00,"وقتی حرف از بازگشت به جامعه می‌زنیم در مقابل این پرسش قرار می‌گیریم که مگر تاکنون دولت‌ها در میان جامعه نبوده‌اند؟ و بلافاصله بحث مردمی بودن مطرح شده و برای مثال به اجتماعات مردمی اشاره می‌شود.
 من معتقدم نخست اینکه «مردم» یک مفهوم انتزاعی است؛ وقتی صحبت از  مردم، استفاده از مردم",0,0,0,https://x.com/AliRabiei_Iran/status/1904951589095567434,"وقتی حرف از بازگشت به جامعه می‌زنیم در مقابل این پرسش قرار می‌گیریم که مگر تاکنون دولت‌ها در میان جامعه نبوده‌اند؟ و بلافاصله بحث مردمی بودن مطرح شده و برای مثال به اجتماعات مردمی اشاره می‌شود.
 من معتقدم نخست اینکه «مردم» یک مفهوم انتزاعی است؛ وقتی صحبت از  مردم، استفاده از مردم","When we talk about returning to the society, we face the question that until now, the governments have not been among the society? And immediately the issue of being popular is brought up and, for example, people's gatherings are mentioned.
 I believe, first, that ""people"" is an abstract concept; When talking about people, use people"
1903341950465343573,alirabiei_iran,2025-03-22 07:04:18.031000+00:00,"جمعه نامه 

مادرانگی با طعم حسرت و دوری",0,0,0,https://x.com/AliRabiei_Iran/status/1903341950465343573,"جمعه نامه 

مادرانگی با طعم حسرت و دوری","Friday letter 

Motherhood with a taste of longing and distance"
1902688996070654323,alirabiei_iran,2025-03-20 11:49:41.572000+00:00," سال نو را در کنار سالمندان تنها که هرکدام پر از خاطرات شیرین نوروزی بودند، در خانه‌شان با هم تحویل کردیم. 
این گروه از زنان و مردان تنها که دیگر حتی خانواده‌ای ندارند در کنار هم نوروز را به شادی گرامی داشتند. 
 به یاد آوریم کودکان و جوانان پرشور دیروز را که اکنون منتظر بهانه",0,0,0,https://x.com/AliRabiei_Iran/status/1902688996070654323," سال نو را در کنار سالمندان تنها که هرکدام پر از خاطرات شیرین نوروزی بودند، در خانه‌شان با هم تحویل کردیم. 
این گروه از زنان و مردان تنها که دیگر حتی خانواده‌ای ندارند در کنار هم نوروز را به شادی گرامی داشتند. 
 به یاد آوریم کودکان و جوانان پرشور دیروز را که اکنون منتظر بهانه","We delivered the New Year together with the lonely elderly, each of whom was full of sweet memories of Nowruz, at their home. 
This group of lonely men and women who don't even have a family anymore celebrated Nowruz with joy. 
 Let's remember the passionate children and youth of yesterday who are now waiting for an excuse"
1901934911507816748,alirabiei_iran,2025-03-18 09:53:13.802000+00:00,می‌گویم که در تاریخ به یادگار بماند که چه افرادی، چگونه در این برهه‌ حساس از تاریخ اندیشیدند و اندیشه آنها چه تاثیری بر زندگی مردم این سرزمین و نسل‌های آینده داشت!,0,0,0,https://x.com/AliRabiei_Iran/status/1901934911507816748,می‌گویم که در تاریخ به یادگار بماند که چه افرادی، چگونه در این برهه‌ حساس از تاریخ اندیشیدند و اندیشه آنها چه تاثیری بر زندگی مردم این سرزمین و نسل‌های آینده داشت!,"I say that it should be remembered in history what kind of people, how they thought in this critical period of history and what impact their thinking had on the lives of the people of this land and future generations!"
1896261623771254980,alirabiei_iran,2025-03-02 18:09:36.601000+00:00,"افتادن #همتی علامتی بزرگ برای دنیای سیاست در ایران امروز است:
۱ـ  آنانی به دنبال استیضاح بودند که تاکنون سیاست‌های سیاسی و اجتماعی موجد وضع موجود را رقم زده‌اند. 
۲- عده‌ای می‌گفتند باید حال دولت را گرفت. عده‌ای هم بر اساس دست نیافتن به خواست‌هایشان، رنگ کارتشان مشخص شد.
۳-  در",0,0,0,https://x.com/AliRabiei_Iran/status/1896261623771254980,"افتادن #همتی علامتی بزرگ برای دنیای سیاست در ایران امروز است:
۱ـ  آنانی به دنبال استیضاح بودند که تاکنون سیاست‌های سیاسی و اجتماعی موجد وضع موجود را رقم زده‌اند. 
۲- عده‌ای می‌گفتند باید حال دولت را گرفت. عده‌ای هم بر اساس دست نیافتن به خواست‌هایشان، رنگ کارتشان مشخص شد.
۳-  در","The fall of #Hemti is a big sign for the world of politics in Iran today:
1- They were looking for the impeachment of those who have created political and social policies that created the current situation. 
2- Some people said that the state should be taken care of. Some people had their card color determined based on not achieving their wishes.
3- Door"
1895114307550994674,alirabiei_iran,2025-02-27 14:10:35.098000+00:00,"امتناع از  توسعه
 موضوع توسعه، دهه‌هاست ذهن‌مشغولی بسیاری از کنش‌گران فکری در حوزه‌های مختلف بوده است. من بر اساس همین دل‌مشغولی کتاب «معمای دولت مدنی در کشورهای جهان سوم» را در سال ۸۰ به اتمام رسانده و در سال ۸۶ منتشر کردم. 
داشتن ذهنیت توسعه و وجود دولتی کارآمد برآمده از نخبگی",0,0,0,https://x.com/AliRabiei_Iran/status/1895114307550994674,"امتناع از  توسعه
 موضوع توسعه، دهه‌هاست ذهن‌مشغولی بسیاری از کنش‌گران فکری در حوزه‌های مختلف بوده است. من بر اساس همین دل‌مشغولی کتاب «معمای دولت مدنی در کشورهای جهان سوم» را در سال ۸۰ به اتمام رسانده و در سال ۸۶ منتشر کردم. 
داشتن ذهنیت توسعه و وجود دولتی کارآمد برآمده از نخبگی","Refusal to develop
 The issue of development has been the preoccupation of many intellectual activists in various fields for decades. Based on this preoccupation, I finished the book ""The Enigma of Civil Government in Third World Countries"" in 1980 and published it in 1986. 
Having a development mentality and the existence of an efficient government arising from the elite"
1894759704171086124,alirabiei_iran,2025-02-26 14:41:31.064000+00:00,"در مورد عدالت آموزشی در مدارس هزاره سوم سخن می‌گفتم. بحث کاربرد هوش مصنوعی در آموزش و مدارس شد. به نظرم رسید عدم دسترسی همگان به وسایل و تجهیزات سخت‌افزاری و نرم‌افزاری باز هم سبب افزایش نابرابری می‌شود.
فیلترینگ هم نابرابری‌افزا است و هزینه دستیابی فرزندان فقرا را می‌افزاید.",0,0,0,https://x.com/AliRabiei_Iran/status/1894759704171086124,"در مورد عدالت آموزشی در مدارس هزاره سوم سخن می‌گفتم. بحث کاربرد هوش مصنوعی در آموزش و مدارس شد. به نظرم رسید عدم دسترسی همگان به وسایل و تجهیزات سخت‌افزاری و نرم‌افزاری باز هم سبب افزایش نابرابری می‌شود.
فیلترینگ هم نابرابری‌افزا است و هزینه دستیابی فرزندان فقرا را می‌افزاید.","I was talking about educational justice in the schools of the third millennium. The use of artificial intelligence in education and schools was discussed. It seemed to me that the lack of access to hardware and software equipment for everyone will increase inequality again.
Filtering also increases inequality and increases the cost of access for the children of the poor."
1894456652868587674,alirabiei_iran,2025-02-25 18:37:18.003000+00:00,راهبرد «بازآفرینی دولت جامعه‌پایه» از طریق تقویت حلقه‌های میانجی میان دولت و جامعه باید به‌عنوان یکی از اولویت‌های اساسی سیاست‌گذاری مورد توجه قرار گیرد. بازگشت به جامعه از طریق سیاست‌گذاری‌های معطوف به نیازها و ظرفیت‌های جامعه،  احیای اعتماد عمومی و افزایش کارآمدی حکمرانی و,0,0,0,https://x.com/AliRabiei_Iran/status/1894456652868587674,راهبرد «بازآفرینی دولت جامعه‌پایه» از طریق تقویت حلقه‌های میانجی میان دولت و جامعه باید به‌عنوان یکی از اولویت‌های اساسی سیاست‌گذاری مورد توجه قرار گیرد. بازگشت به جامعه از طریق سیاست‌گذاری‌های معطوف به نیازها و ظرفیت‌های جامعه،  احیای اعتماد عمومی و افزایش کارآمدی حکمرانی و,"The strategy of ""recreating the society-based government"" through strengthening the mediating links between the government and the society should be considered as one of the basic policy priorities. Returning to the society through policies aimed at the needs and capacities of the society, restoring public trust and increasing the efficiency of governance and"
1893015802741432808,alirabiei_iran,2025-02-21 19:11:52.563000+00:00,این روزها بحث استیضاح داغ شده است. آری! به نظرم باید استیضاح کرد اما باید جریان‌هایی را استیضاح کرد که تا امروز نه تنها کمکی به حل مسائل نکرده‌اند، بلکه برای حذف رقبای خود، همواره بر حجم مشکلات افزوده و فرصت.های ملی را هدر داده.اند. باید  گروههای فشاری  را استیضاح کرد که تفکرشان,0,0,0,https://x.com/AliRabiei_Iran/status/1893015802741432808,این روزها بحث استیضاح داغ شده است. آری! به نظرم باید استیضاح کرد اما باید جریان‌هایی را استیضاح کرد که تا امروز نه تنها کمکی به حل مسائل نکرده‌اند، بلکه برای حذف رقبای خود، همواره بر حجم مشکلات افزوده و فرصت.های ملی را هدر داده.اند. باید  گروههای فشاری  را استیضاح کرد که تفکرشان,"These days, the impeachment debate has become hot. Yes! In my opinion, it should be impeached, but we should impeach currents that have not only not helped to solve the issues, but have always added to the volume of problems and wasted national opportunities in order to eliminate their competitors. Pressure groups should be impeached for their thinking"
1891072137395425727,alirabiei_iran,2025-02-16 10:28:26.633000+00:00,داغ از دست دادن فرزند، اندوهی جبران‌ناپذیر است. در گفت‌وگوی تلفنی با خانواده امیرمحمد عزیز، ضمن ابراز عمیق‌ترین تأسف‌ها، قول پیگیری موضوع را دادم. تجربه‌ی تلخ مدیریتی من در حادثه سال ۱۳۷۸ یادآور آن است که در شرایطی که جامعه ملتهب و حساس است و تاب آوری پایینی را تجربه می‌کند،,0,0,0,https://x.com/AliRabiei_Iran/status/1891072137395425727,داغ از دست دادن فرزند، اندوهی جبران‌ناپذیر است. در گفت‌وگوی تلفنی با خانواده امیرمحمد عزیز، ضمن ابراز عمیق‌ترین تأسف‌ها، قول پیگیری موضوع را دادم. تجربه‌ی تلخ مدیریتی من در حادثه سال ۱۳۷۸ یادآور آن است که در شرایطی که جامعه ملتهب و حساس است و تاب آوری پایینی را تجربه می‌کند،,"The pain of losing a child is an irreparable sorrow. In a telephone conversation with Amir Mohammad Aziz's family, I promised to follow up on the matter while expressing my deepest regrets. My bitter managerial experience in the incident of 2008 reminds me that in a situation where the society is inflamed and sensitive and experiences low resilience,"
1889222060188070088,alirabiei_iran,2025-02-11 07:56:53.854000+00:00,بحث پیرامون انقلاب پس از گذشت نیم‌قرن از وقوع آن، ظرایف و پیچیدگی‌های خاص خود را دارد. به خصوص که یک نظام سیاسی در نتیجه انقلاب شکل گرفته و به نام انقلاب نیز تداوم یافته است. بنابراین هرگونه تحلیل پیرامون پدیده انقلاب، به طور ناخودآگاه با نوعی «اکنون‌زدگی» ذهنی در هم آمیخته و با,0,0,0,https://x.com/AliRabiei_Iran/status/1889222060188070088,بحث پیرامون انقلاب پس از گذشت نیم‌قرن از وقوع آن، ظرایف و پیچیدگی‌های خاص خود را دارد. به خصوص که یک نظام سیاسی در نتیجه انقلاب شکل گرفته و به نام انقلاب نیز تداوم یافته است. بنابراین هرگونه تحلیل پیرامون پدیده انقلاب، به طور ناخودآگاه با نوعی «اکنون‌زدگی» ذهنی در هم آمیخته و با,"After half a century of the revolution, the discussion about the revolution has its own subtleties and complexities. Especially since a political system was formed as a result of the revolution and continued in the name of the revolution. Therefore, any analysis about the phenomenon of the revolution is unconsciously mixed with a kind of mental ""presentness"" and with"
1887955387413913725,alirabiei_iran,2025-02-07 20:03:35.531000+00:00,ناخدای مسیرهای پرتلاطم دریا، از مسیر آینده ایران می‌گوید,0,0,0,https://x.com/AliRabiei_Iran/status/1887955387413913725,ناخدای مسیرهای پرتلاطم دریا، از مسیر آینده ایران می‌گوید,The captain of turbulent sea routes tells about Iran's future path
1886875901318898088,alirabiei_iran,2025-02-04 20:34:05.990000+00:00,"وقتی می‌خواهیم جامعه‌ای را نسبت به انسانی بودن و اخلاقی بودن آن بسنجیم باید میزان توجه به سالمندان، توان‌خواهان دارای فرصت‌های نابرابر و کودکان را درنظر بگیریم.
توجه به کودکان توجه به آینده کشور است. 
۴۸.۷ درصد از کودکان کار و خیابان بازمانده از تحصیل هستند و حدود ۲۱ درصد از این",0,0,0,https://x.com/AliRabiei_Iran/status/1886875901318898088,"وقتی می‌خواهیم جامعه‌ای را نسبت به انسانی بودن و اخلاقی بودن آن بسنجیم باید میزان توجه به سالمندان، توان‌خواهان دارای فرصت‌های نابرابر و کودکان را درنظر بگیریم.
توجه به کودکان توجه به آینده کشور است. 
۴۸.۷ درصد از کودکان کار و خیابان بازمانده از تحصیل هستند و حدود ۲۱ درصد از این","When we want to measure a society in terms of its humanity and morality, we must consider the amount of attention paid to the elderly, the disabled with unequal opportunities, and children.
Paying attention to children is paying attention to the future of the country. 
48.7% of working and street children are left out of school and about 21% of this"
1886123211319914687,alirabiei_iran,2025-02-02 18:43:10.710000+00:00,"یک جریان‌ که از خارج کشور هدایت می‌شود همواره در تلاش است با نظریه‌سازی‌های مجعول و غیرمستند بدون توجه به علل واقعی شکل‌گیری جنبش عظیم اجتماعی مردم ایران در اواخر دهه پنجاه، حتی دلایل وقوع انقلاب اسلامی را انکار و تحریف نماید.  
در مقابل نیز عده‌ای به نام انقلاب، انگیزه مشارکت",0,0,0,https://x.com/AliRabiei_Iran/status/1886123211319914687,"یک جریان‌ که از خارج کشور هدایت می‌شود همواره در تلاش است با نظریه‌سازی‌های مجعول و غیرمستند بدون توجه به علل واقعی شکل‌گیری جنبش عظیم اجتماعی مردم ایران در اواخر دهه پنجاه، حتی دلایل وقوع انقلاب اسلامی را انکار و تحریف نماید.  
در مقابل نیز عده‌ای به نام انقلاب، انگیزه مشارکت","A trend that is directed from abroad is always trying to deny and distort even the reasons for the occurrence of the Islamic revolution with fake and undocumented theories without paying attention to the real causes of the formation of the great social movement of the Iranian people in the late fifties.  
On the other hand, some people called the revolution, the motive of participation"
1885748387791646920,alirabiei_iran,2025-02-01 17:53:45.817000+00:00,مطالعاتی که پیرامون انقلاب‌های بزرگ کلاسیک صورت گرفته (برای نمونه نگاه کنید به کتاب کالبد‌شکافی چهار انقلاب) نشان می‌دهد همواره خطر بازگشت به مناسباتی که انقلاب به همان دلایل صورت گرفته، وجود دارد. به نظر من، ما همواره نیازمند مرور مداوم علل وقوع انقلاب اسلامی همچون نابرابری،,0,0,0,https://x.com/AliRabiei_Iran/status/1885748387791646920,مطالعاتی که پیرامون انقلاب‌های بزرگ کلاسیک صورت گرفته (برای نمونه نگاه کنید به کتاب کالبد‌شکافی چهار انقلاب) نشان می‌دهد همواره خطر بازگشت به مناسباتی که انقلاب به همان دلایل صورت گرفته، وجود دارد. به نظر من، ما همواره نیازمند مرور مداوم علل وقوع انقلاب اسلامی همچون نابرابری،,"The studies that have been conducted around the great classic revolutions (for example, see the book Autopsy of the Four Revolutions) show that there is always a risk of returning to the relations that the revolution took place for the same reasons. In my opinion, we always need to continuously review the causes of the Islamic revolution, such as inequality,"
1885376779122037201,alirabiei_iran,2025-01-31 17:17:07.406000+00:00,"مسیر آینده ایران در روستای بابا‌میدان؛ با طعم فلافل و بندری
#یاسوج #فلافل #بندری #علی_ربیعی",0,0,0,https://x.com/AliRabiei_Iran/status/1885376779122037201,"مسیر آینده ایران در روستای بابا‌میدان؛ با طعم فلافل و بندری
#یاسوج #فلافل #بندری #علی_ربیعی","Iran's future path in Baba Maidan village; With falafel and port flavor
#Yasuj #Falafel #Bandari #Ali Rabiei"
1884584342468382724,alirabiei_iran,2025-01-29 12:48:15.785000+00:00,"چرا ظریف؟ 
#محمدجوادظریف #ظریف",0,0,0,https://x.com/AliRabiei_Iran/status/1884584342468382724,"چرا ظریف؟ 
#محمدجوادظریف #ظریف","Why Zarif? 
#Mohammed Javad Zarif #Zarif"
1884317987295162603,alirabiei_iran,2025-01-28 19:09:51.763000+00:00," امروز ؛ حاشیه‌ی شهر یاسوج، روستای مادوان، افتتاح مدرسه 
انجمن روشنگران فردای کودک (ارفک)",0,0,0,https://x.com/AliRabiei_Iran/status/1884317987295162603," امروز ؛ حاشیه‌ی شهر یاسوج، روستای مادوان، افتتاح مدرسه 
انجمن روشنگران فردای کودک (ارفک)","today; Margin of Yasouj city, Madawan village, school opening 
Children's Future Illumination Association (Arfak)"
1882522900269248904,alirabiei_iran,2025-01-23 20:16:49.665000+00:00,مسیری که در انتصابات و بکارگیری افراد از همه جناح‌ها طی شد با همه کم و زیادی، مسیر درستی است اما دو ملاحظه دارم: نخست آنکه محدود به جناح‌ها سیاسی نشود و سپس باید مراقب باشیم که وفاق تبدیل به ابزار سیاسی برای عده‌ای نشود که یا به نمایندگان و یا به جناح‌های سیاسی برای ماندگاری,0,0,0,https://x.com/AliRabiei_Iran/status/1882522900269248904,مسیری که در انتصابات و بکارگیری افراد از همه جناح‌ها طی شد با همه کم و زیادی، مسیر درستی است اما دو ملاحظه دارم: نخست آنکه محدود به جناح‌ها سیاسی نشود و سپس باید مراقب باشیم که وفاق تبدیل به ابزار سیاسی برای عده‌ای نشود که یا به نمایندگان و یا به جناح‌های سیاسی برای ماندگاری,"The path followed in the appointment and employment of people from all factions is the right path, but I have two observations: first, it should not be limited to political factions, and then we must be careful that Wefaq does not become a political tool for some people who are either representatives or political factions for survival."
1882432631478145252,alirabiei_iran,2025-01-23 14:18:07.908000+00:00,اگر شرایط تغییر نکرده و اصلاح نشود با سرنوشتی همراه با کاهندگی روزافزون، ضعیف و تهی شدن از درون مواجه ‌می‌شویم و این همان خواست بدخواهان تاریخی ایران است. ما به اصلاحات سخت اقتصادی، بهبود وضعیت اجتماعی، زیستن آسوده مردم در جامعه و حضور در اقتصاد جهانی نیاز  داریم.,0,0,0,https://x.com/AliRabiei_Iran/status/1882432631478145252,اگر شرایط تغییر نکرده و اصلاح نشود با سرنوشتی همراه با کاهندگی روزافزون، ضعیف و تهی شدن از درون مواجه ‌می‌شویم و این همان خواست بدخواهان تاریخی ایران است. ما به اصلاحات سخت اقتصادی، بهبود وضعیت اجتماعی، زیستن آسوده مردم در جامعه و حضور در اقتصاد جهانی نیاز  داریم.,"If the conditions do not change and are not corrected, we will face a fate with increasing depletion, weakening and emptying from within, and this is the wish of Iran's historical ill-wishers. We need hard economic reforms, improvement of social situation, comfortable living of people in the society and participation in the global economy."
1882058135407608201,alirabiei_iran,2025-01-22 13:30:01.087000+00:00,برخی هنوز هم در خصوص علت پدید آمدن وضعیت غیرقابل تداوم فعلی به دنبال توجیه و فرافکنی هستند! و علت چنین شرایطی را سیاست‌های برخی از دولت‌ها می‌دانند، هرچند هشت سال دولت نهم و دهم و نزدیک بیش از سه سال دولت سیزدهم را هم کاملا از تاریخ دولت‌ها جدا کرده و درصدد هستند نتیجه این امر را,0,0,0,https://x.com/AliRabiei_Iran/status/1882058135407608201,برخی هنوز هم در خصوص علت پدید آمدن وضعیت غیرقابل تداوم فعلی به دنبال توجیه و فرافکنی هستند! و علت چنین شرایطی را سیاست‌های برخی از دولت‌ها می‌دانند، هرچند هشت سال دولت نهم و دهم و نزدیک بیش از سه سال دولت سیزدهم را هم کاملا از تاریخ دولت‌ها جدا کرده و درصدد هستند نتیجه این امر را,"Some are still looking for justification and projections about the cause of the current unsustainable situation! And the reason for such a situation is the policies of some governments, although eight years of the 9th and 10th governments and almost more than three years of the 13th government have been completely separated from the history of the governments and they are trying to hide the result of this."
1881621692952518872,alirabiei_iran,2025-01-21 08:35:45.097000+00:00,یکی از مهم‌ترین مباحث، تحولات ارزشی است که در جامعه صورت گرفته است؛ هرچه رو به جلو می‌رویم، ارزش‌های دینی، منفعلانه‌تر عمل می‌کنند. من لائیسیته شدن ایران را قبول ندارم اما با وجود اینکه جامعه ایران همواره جامعه‌ای با بنیان‌های مذهبی بوده اما در شرایط پدید آمده در ایران امروز،,0,0,0,https://x.com/AliRabiei_Iran/status/1881621692952518872,یکی از مهم‌ترین مباحث، تحولات ارزشی است که در جامعه صورت گرفته است؛ هرچه رو به جلو می‌رویم، ارزش‌های دینی، منفعلانه‌تر عمل می‌کنند. من لائیسیته شدن ایران را قبول ندارم اما با وجود اینکه جامعه ایران همواره جامعه‌ای با بنیان‌های مذهبی بوده اما در شرایط پدید آمده در ایران امروز،,"One of the most important topics is the value changes that have taken place in society; As we move forward, religious values ​​act more passively. I do not accept Iran's laicization, but despite the fact that Iranian society has always been a society with religious foundations, but in the conditions that have arisen in Iran today,"
1881416025696240076,alirabiei_iran,2025-01-20 18:58:30.202000+00:00,این روزها افراد زیادی با نگرش‌های مختلف در خصوص یک جمله متفق‌القول هستند: «این روندها باید اصلاح شود؛ به این شکل نمی‌شود ادامه داد.» به رغم اینکه طیف مختلفی از دیدگاه‌ها درباره اینکه چه باید کرد وجود دارد اما در این گزاره که «اینگونه نباید باشد»، اشتراک نظر وجود دارد.,0,0,0,https://x.com/AliRabiei_Iran/status/1881416025696240076,این روزها افراد زیادی با نگرش‌های مختلف در خصوص یک جمله متفق‌القول هستند: «این روندها باید اصلاح شود؛ به این شکل نمی‌شود ادامه داد.» به رغم اینکه طیف مختلفی از دیدگاه‌ها درباره اینکه چه باید کرد وجود دارد اما در این گزاره که «اینگونه نباید باشد»، اشتراک نظر وجود دارد.,"These days, many people with different attitudes agree on one sentence: ""These trends must be corrected; It cannot continue like this."" Although there is a wide range of views on what should be done, there is consensus on the statement that ""it shouldn't be like this""."
1881245165496455544,alirabiei_iran,2025-01-20 07:39:33.956000+00:00,"مقاومت به فضل الهی نتیجه داد. ستمگر صهیونیستی با همه قتل‌عام‌ها، نسل‌کشی‌ها، بمباران‌ها وشنیع‌ترین شکنجه‌ها به هیچ یک از اهداف اعلام شده خود نرسید. 
امروز همه مسلمانان، همه روشنفکران و آزادیخواهان و انسان‌های حق‌جو خوشحالند، و برعکس، در صفوف صهیونیستها بهت وتفرقه حاکم است است و",0,0,0,https://x.com/AliRabiei_Iran/status/1881245165496455544,"مقاومت به فضل الهی نتیجه داد. ستمگر صهیونیستی با همه قتل‌عام‌ها، نسل‌کشی‌ها، بمباران‌ها وشنیع‌ترین شکنجه‌ها به هیچ یک از اهداف اعلام شده خود نرسید. 
امروز همه مسلمانان، همه روشنفکران و آزادیخواهان و انسان‌های حق‌جو خوشحالند، و برعکس، در صفوف صهیونیستها بهت وتفرقه حاکم است است و","Resistance to God's grace gave results. The Zionist oppressor did not achieve any of his declared goals with all the massacres, genocides, bombings and the most heinous tortures. 
Today, all Muslims, all intellectuals, libertarians and righteous people are happy, and on the contrary, there is idolatry and division in the ranks of Zionists."
1881081675926712562,alirabiei_iran,2025-01-19 20:49:55.005000+00:00,"چنانیم بی‌تو؛ که ماهی به خاک....

ایران زمین، مدیون کوشش بزرگانی است که در حفظ فرهنگ و هویت آن با جان کار کرده‌اند. همواره باید آنان را پاس بداریم. 

سالروز میلاد شاعر بزرگ ایران، ابوالقاسم فردوسی گرامی باد",0,0,0,https://x.com/AliRabiei_Iran/status/1881081675926712562,"چنانیم بی‌تو؛ که ماهی به خاک....

ایران زمین، مدیون کوشش بزرگانی است که در حفظ فرهنگ و هویت آن با جان کار کرده‌اند. همواره باید آنان را پاس بداریم. 

سالروز میلاد شاعر بزرگ ایران، ابوالقاسم فردوسی گرامی باد","We are like this without you; that fish to earth...

Iran, the land, owes the efforts of the elders who have worked hard to preserve its culture and identity. We must always pass them. 

Happy birthday to the great poet of Iran, Abolghasem Ferdowsi"
1880568101684580607,alirabiei_iran,2025-01-18 10:49:09.364000+00:00,"هروقت روزنه‌ای از امید و گشایش برای حل مسائل پدیدار می‌شود، بدخواهان ایران با خشونت و به‌طور هدفمند و منافقانه اقدام به ترور با عملیات خونین همانند آنچه که امروز با ترور در قوه قضاییه اتفاق افتاد، می‌کنند. 
 مردم ایران همواره تنفر خودرا از این تروریستهای وابسته ابراز کرده‌اند.",0,0,0,https://x.com/AliRabiei_Iran/status/1880568101684580607,"هروقت روزنه‌ای از امید و گشایش برای حل مسائل پدیدار می‌شود، بدخواهان ایران با خشونت و به‌طور هدفمند و منافقانه اقدام به ترور با عملیات خونین همانند آنچه که امروز با ترور در قوه قضاییه اتفاق افتاد، می‌کنند. 
 مردم ایران همواره تنفر خودرا از این تروریستهای وابسته ابراز کرده‌اند.","Whenever there is a window of hope and openness to solve issues, Iran's ill-wishers violently and purposefully and hypocritically attempt to assassinate with bloody operations like what happened today with the assassination of the judiciary. 
 Iranian people have always expressed their hatred for these affiliated terrorists."
1879624023841378451,alirabiei_iran,2025-01-15 20:17:43.666000+00:00,"الان در خبرها خواندم سید ابراهیم نبوی به طور غم‌انگیزی به زندگی خود پایان داد. طنزنویس و پژوهشگر حوزه ادبیات بود. در جای جای خانه‌اش، می‌شد کتاب دید. هیچ نقطه‌ای از خانه‌اش خالی از کتاب نبود. 
با آنکه ناراضی و مننقد بود اما هیچ‌گاه نه تنها به دام بدخواهان ایران نیفتاد بلکه حتی",0,0,0,https://x.com/AliRabiei_Iran/status/1879624023841378451,"الان در خبرها خواندم سید ابراهیم نبوی به طور غم‌انگیزی به زندگی خود پایان داد. طنزنویس و پژوهشگر حوزه ادبیات بود. در جای جای خانه‌اش، می‌شد کتاب دید. هیچ نقطه‌ای از خانه‌اش خالی از کتاب نبود. 
با آنکه ناراضی و مننقد بود اما هیچ‌گاه نه تنها به دام بدخواهان ایران نیفتاد بلکه حتی","Now I read in the news that Sayyid Ibrahim Nabawi tragically ended his life. He was a satirist and researcher in the field of literature. Books could be seen everywhere in his house. No part of his house was free of books. 
Although he was unhappy and critical, he never fell into the trap of ill-wishers of Iran, but even"
1875994346425876975,alirabiei_iran,2025-01-05 19:54:41.134000+00:00,بخش اعظمی از ناآرامی‌های سیاسی و بی‌ثباتی در کشورها ناشی از فقر است. در بسیاری از کشورها، فقر پایه بسیاری از ناآرامی‌ها است‌. #فقر در ذات خود ناآرامی تولید می‌کند؛ بر همین اساس در بسیاری از کشورها، سیاست‌های تامین اجتماعی و رفاهی در واقع راهی برای کنترل سیاسی و ثبات اجتماعی است.,0,0,0,https://x.com/AliRabiei_Iran/status/1875994346425876975,بخش اعظمی از ناآرامی‌های سیاسی و بی‌ثباتی در کشورها ناشی از فقر است. در بسیاری از کشورها، فقر پایه بسیاری از ناآرامی‌ها است‌. #فقر در ذات خود ناآرامی تولید می‌کند؛ بر همین اساس در بسیاری از کشورها، سیاست‌های تامین اجتماعی و رفاهی در واقع راهی برای کنترل سیاسی و ثبات اجتماعی است.,"A large part of political unrest and instability in countries is caused by poverty. In many countries, poverty is the basis of much unrest. #Poverty in its nature produces unrest; Accordingly, in many countries, social security and welfare policies are actually a way of political control and social stability."
1874516059174453687,alirabiei_iran,2025-01-01 18:00:29.988000+00:00,می‌خواهم از پدیده دیگری رونمایی کنم که شاید کمتر به آن پرداخته شده و آن فرسودگی اجتماعی است. مردم ایران بسیار خسته‌اند. نسل‌های جدید نوعی عصیان را تجربه می‌کنند. ترمیم این فرسودگی اجتماعی نیازمند بازسازی اجتماعی است. در اینجا نیاز به سرمایه‌گذاری خارجی نیست هرچند معتقدم بخشی از,0,0,0,https://x.com/AliRabiei_Iran/status/1874516059174453687,می‌خواهم از پدیده دیگری رونمایی کنم که شاید کمتر به آن پرداخته شده و آن فرسودگی اجتماعی است. مردم ایران بسیار خسته‌اند. نسل‌های جدید نوعی عصیان را تجربه می‌کنند. ترمیم این فرسودگی اجتماعی نیازمند بازسازی اجتماعی است. در اینجا نیاز به سرمایه‌گذاری خارجی نیست هرچند معتقدم بخشی از,"I want to unveil another phenomenon that is perhaps less discussed and that is social exhaustion. Iranian people are very tired. New generations experience a kind of rebellion. Repairing this social wear and tear requires social reconstruction. There is no need for foreign investment here, although I believe it is a part of"
1874356867989987650,alirabiei_iran,2025-01-01 07:27:55.852000+00:00,"در تعجبم که عده‌ای هنوز بر نظریه باطل رشد هشت درصد بدون سرمایه‌گذاری اصرار دارند.
 یک دانشجوی کارشناسی که در رشته اقتصاد یا رشته‌های مرتبط در دانشگاه پذیرفته شده و چند واحد اقتصاد خرد و کلان و سیاست‌گذاری مالی را گذرانده و یا حتی فردی که یک صنعت کوچک را اداره کرده باشد به خوبی می",0,0,0,https://x.com/AliRabiei_Iran/status/1874356867989987650,"در تعجبم که عده‌ای هنوز بر نظریه باطل رشد هشت درصد بدون سرمایه‌گذاری اصرار دارند.
 یک دانشجوی کارشناسی که در رشته اقتصاد یا رشته‌های مرتبط در دانشگاه پذیرفته شده و چند واحد اقتصاد خرد و کلان و سیاست‌گذاری مالی را گذرانده و یا حتی فردی که یک صنعت کوچک را اداره کرده باشد به خوبی می","I am surprised that some people still insist on the false theory of 8% growth without investment.
 An undergraduate student who has been admitted to the university in the field of economics or related fields and has completed several units of micro and macroeconomics and financial policy, or even a person who has managed a small industry, will do well."
1874197927507484931,alirabiei_iran,2024-12-31 20:56:21.488000+00:00,"این روزها، جریانی که تاکنون ثمره نظرات، دیدگاه‌ها وسیاست‌هایشان کشور را به وضعیتی رسانده که همه مطلعین اوضاع و دلسوزان ایران را نگران کرده است، فشارهای زیادی در قالب‌های مختلف از جمله نامه‌نگاری بر دولت وارد می‌کنند. 
من این افراد را می‌شناسم. این جریان وقتی مردم از هرگونه اصلاح",0,0,0,https://x.com/AliRabiei_Iran/status/1874197927507484931,"این روزها، جریانی که تاکنون ثمره نظرات، دیدگاه‌ها وسیاست‌هایشان کشور را به وضعیتی رسانده که همه مطلعین اوضاع و دلسوزان ایران را نگران کرده است، فشارهای زیادی در قالب‌های مختلف از جمله نامه‌نگاری بر دولت وارد می‌کنند. 
من این افراد را می‌شناسم. این جریان وقتی مردم از هرگونه اصلاح","These days, the movement whose opinions, views and policies have brought the country to a situation that has worried all those who are informed about the situation and sympathizers of Iran, are putting a lot of pressure on the government in various formats, including writing letters. 
I know these people. This flow when people from any modification"
1872305016280949183,alirabiei_iran,2024-12-26 15:34:36.283000+00:00,"‌
‌در شب کریسمس، با هموطنان سالمند مسیحی، میلاد حضرت مسیح را به جشن نشستیم. در بازدید از مرکز خیریه گئورگ مقدس، پای درددل تک تک آنها نیز نشستم و حرفهایشان را شنیدم.

از خدای مهربان، برای همه انسانها به خصوص تمام ایرانیان و هموطنان مسیحی‌مان طلب مهر و خیر و آسایش دارم.

#کریسمس",0,0,0,https://x.com/AliRabiei_Iran/status/1872305016280949183,"‌
‌در شب کریسمس، با هموطنان سالمند مسیحی، میلاد حضرت مسیح را به جشن نشستیم. در بازدید از مرکز خیریه گئورگ مقدس، پای درددل تک تک آنها نیز نشستم و حرفهایشان را شنیدم.

از خدای مهربان، برای همه انسانها به خصوص تمام ایرانیان و هموطنان مسیحی‌مان طلب مهر و خیر و آسایش دارم.

#کریسمس","The
On Christmas night, we celebrated the birth of Christ with our elderly Christian compatriots. During my visit to the St. George Charity Center, I sat at the feet of each one of them and listened to their words.

From the merciful God, I ask for love and comfort for all people, especially all Iranians and our fellow Christians.

#Christmas"
1871981511840329987,alirabiei_iran,2024-12-25 18:09:06.814000+00:00,برای مرد آرمان‌خواه «سنوار» گریستم و سوگنامه‌ای هم در همین‌جا منتشر کردم. اما امروز شنیدم، متاسفانه در اوج کج‌سلیقگی‌های مستمر، با وجود این‌همه خیابان، نام خیابان «بیستون» که یادآور تمدن کهن ایرانی است را به «سنوار» تغییر داده‌اند. آیا این‌چنین فرهنگ آرمان‌خواهی مردی تنها در,0,0,0,https://x.com/AliRabiei_Iran/status/1871981511840329987,برای مرد آرمان‌خواه «سنوار» گریستم و سوگنامه‌ای هم در همین‌جا منتشر کردم. اما امروز شنیدم، متاسفانه در اوج کج‌سلیقگی‌های مستمر، با وجود این‌همه خیابان، نام خیابان «بیستون» که یادآور تمدن کهن ایرانی است را به «سنوار» تغییر داده‌اند. آیا این‌چنین فرهنگ آرمان‌خواهی مردی تنها در,"I cried for the idealistic man ""Senwar"" and published an obituary here. But today I heard that, unfortunately, at the height of the continuous bias, despite all these streets, the name of ""Biston"" street, which is a reminder of the ancient Iranian civilization, has been changed to ""Senwar"". Is such a culture of idealism a lonely man in"
1871605110541103488,alirabiei_iran,2024-12-24 17:13:25.751000+00:00,یکی از بهترین آرزوها برای حکمرانی توسعه‌محور ایران: بساط همه شوراهای عالی جز شورای عالی امنیت ملی و حداکثر یکی دو شورای دیگر جمع شود. شوراهای عالی، جز فضایی برای اختیار بی‌مسئولیت، تمرکززدایی از اختیارات و فشل کردن دولت؛ اعمال نفوذ بدون پاسخگویی، و تراشیدن شغل برای خواص نیستند.,0,0,0,https://x.com/Mfazeli114/status/1871605110541103488,یکی از بهترین آرزوها برای حکمرانی توسعه‌محور ایران: بساط همه شوراهای عالی جز شورای عالی امنیت ملی و حداکثر یکی دو شورای دیگر جمع شود. شوراهای عالی، جز فضایی برای اختیار بی‌مسئولیت، تمرکززدایی از اختیارات و فشل کردن دولت؛ اعمال نفوذ بدون پاسخگویی، و تراشیدن شغل برای خواص نیستند.,"One of the best wishes for Iran's development-oriented governance is to gather all the supreme councils except the Supreme National Security Council and at most one or two other councils. Supreme councils, except for a space for irresponsible authority, decentralization of authority and failure of the government; Exercising influence without accountability, and shaving jobs are not for properties."
1871454006918148512,alirabiei_iran,2024-12-24 07:12:59.840000+00:00,ای کسانی که نمی‌دانم با چه استدلال و نیتی تاکنون جلوی رفع فیلترینگ را گرفته‌اید، بدون اینکه هیچ پاسخی برای فایده این امر داشته باشید! آیا فیلمی بود که دیده نشد، آیا پیامی هست که خوانده نشده باشد؟!!! چه دستاوردی تاکنون به جز عصبانیت و هزینه اضافه بر زندگی مردم و گسترش بدبینی به,0,0,0,https://x.com/AliRabiei_Iran/status/1871454006918148512,ای کسانی که نمی‌دانم با چه استدلال و نیتی تاکنون جلوی رفع فیلترینگ را گرفته‌اید، بدون اینکه هیچ پاسخی برای فایده این امر داشته باشید! آیا فیلمی بود که دیده نشد، آیا پیامی هست که خوانده نشده باشد؟!!! چه دستاوردی تاکنون به جز عصبانیت و هزینه اضافه بر زندگی مردم و گسترش بدبینی به,"O people, I don't know with what reasoning and intention you have stopped the filtering until now, without having any answer for the benefit of this matter! Was there a movie that was not seen, is there a message that was not read?!!! What has been achieved so far except anger and additional cost on people's lives and the spread of pessimism"
1870713060261765344,alirabiei_iran,2024-12-22 06:08:44.391000+00:00,"این روزها مطلبی راجع به استعفا، هرچند کم‌‌اثر و  محدود در فضای مجازی دیدم. چنین مواضعی در داخل و انتشار آن به این سرعت برایم غریب بود.
در صحبتی که با چند کارشناس فضای مجازی داشتم، با پیگیری اولین توییت دریافتیم سرنخ اولیه موضوع استعفای رییس جمهور و دولت،  از سوی گروههای خارج‌نشین",0,0,0,https://x.com/AliRabiei_Iran/status/1870713060261765344,"این روزها مطلبی راجع به استعفا، هرچند کم‌‌اثر و  محدود در فضای مجازی دیدم. چنین مواضعی در داخل و انتشار آن به این سرعت برایم غریب بود.
در صحبتی که با چند کارشناس فضای مجازی داشتم، با پیگیری اولین توییت دریافتیم سرنخ اولیه موضوع استعفای رییس جمهور و دولت،  از سوی گروههای خارج‌نشین","These days, I saw an article about resignation, although it was limited and limited, in cyberspace. Such positions inside and spreading it so quickly were strange to me.
In the conversation I had with some experts in cyberspace, by following up on the first tweet, we found the initial clue about the resignation of the president and the government, from foreign groups."
1869802886160380146,alirabiei_iran,2024-12-19 17:52:01.975000+00:00,"‌
 نه به یک‌دست‌سازی همدستانه؛ با هم بودگی مسیر ایران ما

در هم اندیشی با تشکل های مردم نهاد اصفهان، پیرامون مسایل و مشکلات سازمان‌های مردم نهاد، در یک گفتگوی مشترک به بحث و گفتگو نشستیم.

شرط عبور از بحران‌های ایران امروز، بالا بردن ظرفیت کشور از طریق با هم بودگی و وفاق با",0,0,0,https://x.com/AliRabiei_Iran/status/1869802886160380146,"‌
 نه به یک‌دست‌سازی همدستانه؛ با هم بودگی مسیر ایران ما

در هم اندیشی با تشکل های مردم نهاد اصفهان، پیرامون مسایل و مشکلات سازمان‌های مردم نهاد، در یک گفتگوی مشترک به بحث و گفتگو نشستیم.

شرط عبور از بحران‌های ایران امروز، بالا بردن ظرفیت کشور از طریق با هم بودگی و وفاق با","The
 Not to complicit homogenization; togetherness of our path to Iran

We sat down to discuss issues and problems of non-governmental organizations in a joint discussion with Isfahan non-governmental organizations.

The condition for overcoming the crises in Iran today is to increase the country's capacity through being together and agreeing with"
1868011226703560734,alirabiei_iran,2024-12-14 19:12:37.073000+00:00,سپاس از رییس جمهور که اجرای این قانون را با توجه به تبعات اجتماعی آن در دستور کار شورای امنیت ملی قرار داد.,0,0,0,https://x.com/AliRabiei_Iran/status/1868011226703560734,سپاس از رییس جمهور که اجرای این قانون را با توجه به تبعات اجتماعی آن در دستور کار شورای امنیت ملی قرار داد.,"Thanks to the president who put the implementation of this law on the agenda of the National Security Council, considering its social consequences."
1867296776061170048,alirabiei_iran,2024-12-12 19:53:38.766000+00:00,"انتشار خیر جمعی از هر طریقی ممکن و زیباست. آدمهای مرجع و قهرمانان ذهنی مردم می‌توانند الگو و گسترش دهنده نیکوکاری و خیرجمعی باشند. خوشبختانه این قهرمانان نیکوکار که در کنار مردم ایستاده‌اند، در جامعه ایران بسیارند.
این مسابقه #فوتبال ابتکاری از خداداد عزیزی است که با کار تیمی علی",0,0,0,https://x.com/AliRabiei_Iran/status/1867296776061170048,"انتشار خیر جمعی از هر طریقی ممکن و زیباست. آدمهای مرجع و قهرمانان ذهنی مردم می‌توانند الگو و گسترش دهنده نیکوکاری و خیرجمعی باشند. خوشبختانه این قهرمانان نیکوکار که در کنار مردم ایستاده‌اند، در جامعه ایران بسیارند.
این مسابقه #فوتبال ابتکاری از خداداد عزیزی است که با کار تیمی علی","It is possible and beautiful to spread collective good in any way. Reference people and mental heroes of the people can be role models and extenders of charity and charity. Fortunately, these benevolent heroes who stand by the people are many in Iranian society.
This #football competition is an initiative of Khodadad Azizi with the team work of Ali"
1867106153722986598,alirabiei_iran,2024-12-12 07:16:10.859000+00:00,"فساد از بین نمی‌رود، فساد کنترل می‌شود

یکی از دلایل ایجاد و توسعه فساد، برخورد با فاسد به جای فساد است 

گزینش‌های محدود کننده مانع از ورود طبقه میانی جامعه برای ارائه کمک در مبارزه با فساد شده است. با این نوع گزینش‌ها،  آرام آرام، بروکراسی تهی از نخبگی می‌شود.

بزرگتر از فساد،",0,0,0,https://x.com/AliRabiei_Iran/status/1867106153722986598,"فساد از بین نمی‌رود، فساد کنترل می‌شود

یکی از دلایل ایجاد و توسعه فساد، برخورد با فاسد به جای فساد است 

گزینش‌های محدود کننده مانع از ورود طبقه میانی جامعه برای ارائه کمک در مبارزه با فساد شده است. با این نوع گزینش‌ها،  آرام آرام، بروکراسی تهی از نخبگی می‌شود.

بزرگتر از فساد،","Corruption does not disappear, corruption is controlled

One of the reasons for the creation and development of corruption is dealing with the corrupt instead of corruption 

Restrictive choices have prevented the middle class from coming in to help fight corruption. With these types of selections, slowly, the bureaucracy becomes devoid of elites.

bigger than corruption"
1866192385610314098,alirabiei_iran,2024-12-09 18:45:11.564000+00:00,"در این روزها با هر یک از افراد دلسوز نظام از هر طیفی صحبت می‌کنم، معتقدند قانون حجاب و عفاف عملی نیست و نافرمانی مدنی در پی خواهد داشت و در نهایت به سرنوشتی همانند قانون ماهواره دچار می‌شود.

من با وجود همه تجارب، دلبستگی‌ و اعتقاداتم نگران ابلاغ این قانون هستم. با اندکی تفکر و",0,0,0,https://x.com/AliRabiei_Iran/status/1866192385610314098,"در این روزها با هر یک از افراد دلسوز نظام از هر طیفی صحبت می‌کنم، معتقدند قانون حجاب و عفاف عملی نیست و نافرمانی مدنی در پی خواهد داشت و در نهایت به سرنوشتی همانند قانون ماهواره دچار می‌شود.

من با وجود همه تجارب، دلبستگی‌ و اعتقاداتم نگران ابلاغ این قانون هستم. با اندکی تفکر و","These days, I talk to every sympathetic person of the system from all spectrums, they believe that the hijab and chastity law is not practical and will lead to civil disobedience and will eventually suffer the same fate as the satellite law.

Despite all my experiences, attachment and beliefs, I am worried about the promulgation of this law. With a little thought and"
1865487645616553996,alirabiei_iran,2024-12-07 20:04:48.456000+00:00,"چند شب پیش، وقتی در مراسم بدرقه کاروان ورزشکاران ناشنوا برای اعزام به بازی‌های آسیایی، به فدراسیون رفتم، در گفتگویی صمیمانه‌ با آنان مسایل و مشکلات ورزشکاران دارای معلولیت را بررسی کردیم. 

در سخنانم به این مطلب مهم اشاره کردم که شما می‌توانید الگو و نمادی از موفقیت شوید، چیزی که",0,0,0,https://x.com/AliRabiei_Iran/status/1865487645616553996,"چند شب پیش، وقتی در مراسم بدرقه کاروان ورزشکاران ناشنوا برای اعزام به بازی‌های آسیایی، به فدراسیون رفتم، در گفتگویی صمیمانه‌ با آنان مسایل و مشکلات ورزشکاران دارای معلولیت را بررسی کردیم. 

در سخنانم به این مطلب مهم اشاره کردم که شما می‌توانید الگو و نمادی از موفقیت شوید، چیزی که","A few nights ago, when I went to the Federation during the ceremony of seeing off the deaf athletes' convoy to the Asian Games, we discussed the issues and problems of athletes with disabilities in a sincere conversation with them. 

In my speech, I mentioned this important thing that you can become a role model and a symbol of success, something that"
1862894008608944616,alirabiei_iran,2024-11-30 16:18:37.206000+00:00,"طراحان و حامیان قانون #حجاب_و_عفاف تجربه منع ویدئو و ماهواره را دارند و خوب می‌دانند به هدف اعلانی نمی‌رسد. اما هدف پنهانی آن را مد نظر دارند. 
۱. تولید نارضایتی گسترده
۲. شکست خورده نشان دادن دولت پزشکیان در عمل به وعده‌ها 
۳. پلیسی کردن جو اجتماعی
۴. تحقیر عمدی اکثریت ایرانیان",0,0,0,https://x.com/Mfazeli114/status/1862894008608944616,"طراحان و حامیان قانون #حجاب_و_عفاف تجربه منع ویدئو و ماهواره را دارند و خوب می‌دانند به هدف اعلانی نمی‌رسد. اما هدف پنهانی آن را مد نظر دارند. 
۱. تولید نارضایتی گسترده
۲. شکست خورده نشان دادن دولت پزشکیان در عمل به وعده‌ها 
۳. پلیسی کردن جو اجتماعی
۴. تحقیر عمدی اکثریت ایرانیان","The designers and supporters of the #Hijab_and_Afaf law have the experience of banning video and satellite and know very well that it does not reach the stated goal. But they consider its hidden purpose. 
1. generating widespread discontent
2. Failed to show the medical government in keeping the promises 
3. Policing the social atmosphere
4. Intentional humiliation of the majority of Iranians"
1862403978857681404,alirabiei_iran,2024-11-29 07:51:25.009000+00:00,"در تعجبم چرا عده‌ای تاب دیدن حال خوب مردم را ندارند. هرچیزی که حتی به قدری اندک، موجب شادی، سرگرمی و دل خوش جامعه می‌شود را برنمی‌تابند. 
در خبرها خواندم که ساترا دستور ممنوعیت  «گزارش» #عادل_فردوسی‌پور و «اکنون» #سروش_صحت را صادر کرده است.مثل اکثر هم‌وطنان دوستشان دارم. 
نمی",0,0,0,https://x.com/AliRabiei_Iran/status/1862403978857681404,"در تعجبم چرا عده‌ای تاب دیدن حال خوب مردم را ندارند. هرچیزی که حتی به قدری اندک، موجب شادی، سرگرمی و دل خوش جامعه می‌شود را برنمی‌تابند. 
در خبرها خواندم که ساترا دستور ممنوعیت  «گزارش» #عادل_فردوسی‌پور و «اکنون» #سروش_صحت را صادر کرده است.مثل اکثر هم‌وطنان دوستشان دارم. 
نمی","I wonder why some people don't have the patience to see people in a good mood. They don't take anything that even a little bit brings happiness, entertainment and good heart to the society. 
I read in the news that Satra has issued an order to ban ""Report"" by #Adel_Fardosipour and ""Akonon"" by #Sorosh_Saht. Like most of my countrymen, I like them. 
not"
1861687804238975074,alirabiei_iran,2024-11-27 08:25:35.674000+00:00,باز هم فیلترینگ!!!,0,0,0,https://x.com/AliRabiei_Iran/status/1861687804238975074,باز هم فیلترینگ!!!,Filtering again!!!
1860773528276226052,alirabiei_iran,2024-11-24 19:52:35.298000+00:00,حوادث چند سال پیش و خون‌های ایرانیانی که از هر قومی در سیستان و بلوچستان ریخته می‌شد، جانکاه و دلخراش بود. با تصمیم تابوشکن دولت چهاردهم در خصوص انتخاب یک #استاندار_بلوچ ، تحلیلی در سطح عمیق صورت نگرفت. زمانی که #مولوی_عبدالحمید در یک جمع محدود و سپس در جمع نخبگان استان متشکل از,0,0,0,https://x.com/AliRabiei_Iran/status/1860773528276226052,حوادث چند سال پیش و خون‌های ایرانیانی که از هر قومی در سیستان و بلوچستان ریخته می‌شد، جانکاه و دلخراش بود. با تصمیم تابوشکن دولت چهاردهم در خصوص انتخاب یک #استاندار_بلوچ ، تحلیلی در سطح عمیق صورت نگرفت. زمانی که #مولوی_عبدالحمید در یک جمع محدود و سپس در جمع نخبگان استان متشکل از,"The events of a few years ago and the blood of Iranians of all ethnicities that were shed in Sistan and Baluchistan were deadly and heartbreaking. With the controversial decision of the 14th government regarding the selection of a Baloch Governor, no deep level analysis was done. When #Maulavi_Abd al-Hamid was in a limited group and then in the elite group of the province consisting of"
1858048925212565969,alirabiei_iran,2024-11-17 07:25:59.307000+00:00,"همین الان،  در حین پیاده روی با جمعیت معترض بازنشستگان صنعت نفت برخورد کردم. به میان‌شان رفتم و با آنها به گفت‌و شنود پرداختم.
طیف مختلفی از خواسته‌ها در میان صحبت‌هایشان  وجود داشت. نباید در این نقطه می ایستادیم اما خالص سازی و جارو کردن مشکلات به زیر فرش نه تنها مشکلی را حل",0,0,0,https://x.com/AliRabiei_Iran/status/1858048925212565969,"همین الان،  در حین پیاده روی با جمعیت معترض بازنشستگان صنعت نفت برخورد کردم. به میان‌شان رفتم و با آنها به گفت‌و شنود پرداختم.
طیف مختلفی از خواسته‌ها در میان صحبت‌هایشان  وجود داشت. نباید در این نقطه می ایستادیم اما خالص سازی و جارو کردن مشکلات به زیر فرش نه تنها مشکلی را حل","Just now, while walking, I ran into a protesting crowd of oil industry retirees. I went among them and talked with them.
There was a range of demands among their talks. We shouldn't have stopped at this point, but purifying and sweeping problems under the carpet will not only solve the problem"
1856994896256667692,alirabiei_iran,2024-11-14 09:37:39.221000+00:00,"برخی از حوادث و اتفاقات سبب متمایز شدن یک مسأله اجتماعی که جریان داشته اما چندان مورد توجه نبوده گشته و آن را در معرض گفت‌وگوی جامعه قرار می‌دهد.

فرایند خودکشی مرحوم سنجری باید دستمایه واکاوی علل و توجه به روان اجتماعی باشد.
در سالهای اخیر #خودکشی در رزیدنت‌ها و یا نوجوانان،",0,0,0,https://x.com/AliRabiei_Iran/status/1856994896256667692,"برخی از حوادث و اتفاقات سبب متمایز شدن یک مسأله اجتماعی که جریان داشته اما چندان مورد توجه نبوده گشته و آن را در معرض گفت‌وگوی جامعه قرار می‌دهد.

فرایند خودکشی مرحوم سنجری باید دستمایه واکاوی علل و توجه به روان اجتماعی باشد.
در سالهای اخیر #خودکشی در رزیدنت‌ها و یا نوجوانان،","Some incidents and events cause a social issue to be distinguished that has been going on but has not been given much attention and exposes it to the discussion of the society.

The suicide process of the late Senjari should be the basis for analyzing the causes and paying attention to the social psyche.
In recent years #suicide in residents or teenagers,"
1855217105274015768,alirabiei_iran,2024-11-09 11:53:20.821000+00:00,"هر چقدر فکر می‌کنم، نمی‌فهمم فایده فیلترینگ چیست؟ یک فیلم و خبر مخرب را نشان دهید که با فیلترینگ جلوی پخش آن را گرفنه‌اید؟ مردم سالانه ۱ میلیارد دلار از فیلترینگ ضرر می‌کنند.

 تصمیمات غیر مسئولانه درباره فیلترینگ جامعه را درگیر کرده است. سوال من این است فیلترینگ جلوی تبادل چه",0,0,0,https://x.com/AliRabiei_Iran/status/1855217105274015768,"هر چقدر فکر می‌کنم، نمی‌فهمم فایده فیلترینگ چیست؟ یک فیلم و خبر مخرب را نشان دهید که با فیلترینگ جلوی پخش آن را گرفنه‌اید؟ مردم سالانه ۱ میلیارد دلار از فیلترینگ ضرر می‌کنند.

 تصمیمات غیر مسئولانه درباره فیلترینگ جامعه را درگیر کرده است. سوال من این است فیلترینگ جلوی تبادل چه","No matter how much I think, I don't understand what is the benefit of filtering? Show a malicious video and news that you blocked by filtering? People lose $1 billion a year from filtering.

 Irresponsible decisions about filtering have plagued the community. My question is what is filtering in front of the exchange"
1854175439293456391,alirabiei_iran,2024-11-06 14:54:08.298000+00:00,"مسئولیت اجتماعی یعنی هرکسی آثار مفید و زیان‌بار کنش خود را محاسبه و سپس تصمیم‌گیری کند.
با وجود فشار زیادی که بر دستگاههای دولتی وارد  خواهد شد، دستور شجاعانه‌ای از سوی دکتر پزشکیان، مبنی بر متوقف شدن مصرف سوخت مازوت در اراک و شازند صادر شد.
هیچ سیاستی نیز بدون سنجش تاثیر آن و در",0,0,0,https://x.com/AliRabiei_Iran/status/1854175439293456391,"مسئولیت اجتماعی یعنی هرکسی آثار مفید و زیان‌بار کنش خود را محاسبه و سپس تصمیم‌گیری کند.
با وجود فشار زیادی که بر دستگاههای دولتی وارد  خواهد شد، دستور شجاعانه‌ای از سوی دکتر پزشکیان، مبنی بر متوقف شدن مصرف سوخت مازوت در اراک و شازند صادر شد.
هیچ سیاستی نیز بدون سنجش تاثیر آن و در","Social responsibility means that everyone calculates the beneficial and harmful effects of their actions and then makes a decision.
Despite the great pressure that will be exerted on the government agencies, a brave order was issued by Dr. Mezikian to stop the consumption of diesel fuel in Arak and Shazand.
No policy without measuring its impact"
1853151585079275741,alirabiei_iran,2024-11-03 19:05:42.431000+00:00," تابوشکنی با وفاق

اخیرا شاهد، انتصاب سه استاندار #عرب، #کرد و #بلوچ در استان‌های خوزستان، کردستان و سیستان و بلوچستان بودیم. این امر، از آرزوهای دیرین ساکنان این مناطق بوده که همواره تاکنون به عنوان تابو محسوب می‌شده تا آنجا که حتی انتصاب معاون سیاسی استانداران اهل سنت نیز",0,0,0,https://x.com/AliRabiei_Iran/status/1853151585079275741," تابوشکنی با وفاق

اخیرا شاهد، انتصاب سه استاندار #عرب، #کرد و #بلوچ در استان‌های خوزستان، کردستان و سیستان و بلوچستان بودیم. این امر، از آرزوهای دیرین ساکنان این مناطق بوده که همواره تاکنون به عنوان تابو محسوب می‌شده تا آنجا که حتی انتصاب معاون سیاسی استانداران اهل سنت نیز","Breaking the taboo with agreement

Recently, we witnessed the appointment of three #Arab, #Kurd and #Baloch governors in the provinces of Khuzestan, Kurdistan and Sistan and Baluchistan. This has been one of the long-standing wishes of the residents of these areas, which has always been considered a taboo until now, to the extent that even the appointment of the political deputy of Sunni governors"
1852382777036935453,alirabiei_iran,2024-11-01 16:10:44.310000+00:00,"آرامش در میان ویرانه‌ها

بعضی آدمها حتی در میانه غم و ویرانی، با تکیه بر دنیای عارفانه خود، هاله‌ای از آرامش پیرامون خود می‌سازند. 
در این تصویر، مرد فلسطینی تنهایی غمبار خود  در احاطه ویرانی‌های مرگبار را در نیایشی عمیق با خدای خود در میان می‌گذارد. انگار او، حرفهایش را به",0,0,0,https://x.com/AliRabiei_Iran/status/1852382777036935453,"آرامش در میان ویرانه‌ها

بعضی آدمها حتی در میانه غم و ویرانی، با تکیه بر دنیای عارفانه خود، هاله‌ای از آرامش پیرامون خود می‌سازند. 
در این تصویر، مرد فلسطینی تنهایی غمبار خود  در احاطه ویرانی‌های مرگبار را در نیایشی عمیق با خدای خود در میان می‌گذارد. انگار او، حرفهایش را به","Peace among the ruins

Some people, even in the middle of sadness and destruction, build an aura of peace around them by relying on their mystical world. 
In this image, the Palestinian man shares his sad loneliness surrounded by deadly destruction in deep prayer with his God. As if he, his words to"
1851722931614748724,alirabiei_iran,2024-10-30 20:28:44.902000+00:00,"کارهای زشت نژادپرستانه در قبال مهاجرین غیرقابل توجیه بوده  و با فرهنگ و روحیه #ایرانی نیز سازگار نیست.
همانگونه که اگر یک دختر ایرانی در اثر ظلم، متحمل رنج شود، قلبمان می‌لرزد؛ دیدن سیلی خوردن #دختران_افغانستانی هم باید موجب درد و تاسف شود.
مسئله پناهجویان صرفا در چارچوب منطقی و",0,0,0,https://x.com/AliRabiei_Iran/status/1851722931614748724,"کارهای زشت نژادپرستانه در قبال مهاجرین غیرقابل توجیه بوده  و با فرهنگ و روحیه #ایرانی نیز سازگار نیست.
همانگونه که اگر یک دختر ایرانی در اثر ظلم، متحمل رنج شود، قلبمان می‌لرزد؛ دیدن سیلی خوردن #دختران_افغانستانی هم باید موجب درد و تاسف شود.
مسئله پناهجویان صرفا در چارچوب منطقی و","Ugly racist acts towards immigrants are inexcusable and not compatible with #Iranian culture and spirit.
Just as if an Iranian girl suffers due to oppression, our hearts tremble; Seeing #Afghanistan_girls being slapped should also cause pain and regret.
The issue of asylum seekers only in the logical framework and"
1847367956843417733,alirabiei_iran,2024-10-18 20:03:38.005000+00:00,"بغضی که از دیدن تصاویر شهادت #یحیی_سنوار در گلویم خانه کرده، لحظه‌ای رهایم نمی‌کند.  
مرد آرمان‌گرای مبارز، خسته، یکه و تنها حتی در آخرین لحظات، با چوبی در دست، علیه جهانی از خشونت، ظلم و نابرابری ایستاد. 
این صحنه حماسی غم‌انگیز، تابلویی بی‌روتوش از جنایت‌های قدرتهای جهانی است",0,0,0,https://x.com/AliRabiei_Iran/status/1847367956843417733,"بغضی که از دیدن تصاویر شهادت #یحیی_سنوار در گلویم خانه کرده، لحظه‌ای رهایم نمی‌کند.  
مرد آرمان‌گرای مبارز، خسته، یکه و تنها حتی در آخرین لحظات، با چوبی در دست، علیه جهانی از خشونت، ظلم و نابرابری ایستاد. 
این صحنه حماسی غم‌انگیز، تابلویی بی‌روتوش از جنایت‌های قدرتهای جهانی است","The anger that has settled in my throat after seeing the pictures of #Yahya_Senwar's martyrdom will not leave me for a moment.  
A struggling idealist man, tired, alone and alone even in his last moments, with a stick in his hand, stood against a world of violence, oppression and inequality. 
This sad epic scene is an unretouched picture of the crimes of world powers"
1846574211575234675,alirabiei_iran,2024-10-16 15:29:34.386000+00:00,"‌
به همین سادگی می‌توان در جامعه امید آفرید، مهم نیست در کجا و کدام عرصه باشد. هر ایرانی که موفق شود، موفقیت همه ایران است. نگاه کنید این دختران قهرمان را؛ از منطقه‌ای با امکانات کم، با صعود به جمع ۸ تیم برتر اسیا غرورآفرینی کردند. نمی‌دانم چرا برخی با شادی مسئله دارند. اغلب سنجش",0,0,0,https://x.com/AliRabiei_Iran/status/1846574211575234675,"‌
به همین سادگی می‌توان در جامعه امید آفرید، مهم نیست در کجا و کدام عرصه باشد. هر ایرانی که موفق شود، موفقیت همه ایران است. نگاه کنید این دختران قهرمان را؛ از منطقه‌ای با امکانات کم، با صعود به جمع ۸ تیم برتر اسیا غرورآفرینی کردند. نمی‌دانم چرا برخی با شادی مسئله دارند. اغلب سنجش","The
It is as simple as that to create hope in the society, no matter where and in which field. Every Iranian who succeeds is the success of all Iran. Look at these heroic girls; From a region with few facilities, they made themselves proud by climbing to the top 8 teams in Asia. I don't know why some people have a problem with happiness. Often measured"
1846286481750679862,alirabiei_iran,2024-10-15 20:26:14.250000+00:00," کار اقتصادی با جهان

در دوران اخیر، هیچ کشوری بدون تعامل با جهان، آزادی مبادله، در حالت #تحریم و در زیر لیست سیاه FATF نمی‌تواند توسعه یابد. برخی دیدگاه‌ها شرایطی پیش آورده و فلسفه‌ای برای کشور تعریف کرده که هم الزامات توسعه -رابطه عادی با جهان- و هم آثار و نتایج توسعه-رشد",0,0,0,https://x.com/AliRabiei_Iran/status/1846286481750679862," کار اقتصادی با جهان

در دوران اخیر، هیچ کشوری بدون تعامل با جهان، آزادی مبادله، در حالت #تحریم و در زیر لیست سیاه FATF نمی‌تواند توسعه یابد. برخی دیدگاه‌ها شرایطی پیش آورده و فلسفه‌ای برای کشور تعریف کرده که هم الزامات توسعه -رابطه عادی با جهان- و هم آثار و نتایج توسعه-رشد","Economic work with the world

In the recent era, no country can develop without interaction with the world, freedom of exchange, in #sanction mode and under the FATF blacklist. Some viewpoints have created conditions and defined a philosophy for the country that both the requirements of development - normal relationship with the world - and the effects and results of development - growth."
1844355824350536062,alirabiei_iran,2024-10-10 12:34:29.656000+00:00,"مدتهاست که همه سنجش‌ها و شواهد نشان می‌دهد که متاسفانه #مرجعیت_خبری از داخل کشور به بیرون مرزها انتقال یافته است. 
سنجشی که اخیرا ایسپا، در مورد استفاده از فیلم‌ها و سریال‌های مورد علاقه مخاطبین منتشر کرده، حاکی از آن است که علاقه به محتواهای تفریحی و تماشای فیلم نیز، دیرزمانی",0,0,0,https://x.com/AliRabiei_Iran/status/1844355824350536062,"مدتهاست که همه سنجش‌ها و شواهد نشان می‌دهد که متاسفانه #مرجعیت_خبری از داخل کشور به بیرون مرزها انتقال یافته است. 
سنجشی که اخیرا ایسپا، در مورد استفاده از فیلم‌ها و سریال‌های مورد علاقه مخاطبین منتشر کرده، حاکی از آن است که علاقه به محتواهای تفریحی و تماشای فیلم نیز، دیرزمانی","For a long time, all measurements and evidence show that, unfortunately, #news_reference has been transferred from inside the country to outside the borders. 
The measurement that ISPA recently published on the use of films and series that are liked by the audience, indicates that the interest in entertainment content and watching movies is also long overdue."
1842185112286310440,alirabiei_iran,2024-10-04 12:48:51.570000+00:00,به نظر من، بیان خطبه امروز رهبر انقلاب به ویژه این گزاره «ما در انجام این وظیفه نه تعلل می‌کنیم، نه شتاب‌زده عمل می‌کنیم؛ آن وظیفه در وقت خود انجام می‌گیرد و انجام هم گرفت و در آینده هم اگر لازم شد باز انجام خواهدشد.» حاوی پیامی نه تنها مبتنی بر صلح‌جویی و عدم تمایل به جنگ و,0,0,0,https://x.com/AliRabiei_Iran/status/1842185112286310440,به نظر من، بیان خطبه امروز رهبر انقلاب به ویژه این گزاره «ما در انجام این وظیفه نه تعلل می‌کنیم، نه شتاب‌زده عمل می‌کنیم؛ آن وظیفه در وقت خود انجام می‌گیرد و انجام هم گرفت و در آینده هم اگر لازم شد باز انجام خواهدشد.» حاوی پیامی نه تنها مبتنی بر صلح‌جویی و عدم تمایل به جنگ و,"In my opinion, the expression of today's sermon of the leader of the revolution, especially this proposition, ""We do not delay in fulfilling this duty, nor do we act hastily; That duty will be done in its own time, and it was done, and it will be done again in the future if necessary."" It contains a message not only based on pacifism and unwillingness to war"
1841212740016246901,alirabiei_iran,2024-10-01 20:24:59.955000+00:00,"ایرانیان و دولت منتخب، صلح‌جو هستند و جنگ‌افروزی را دوست ندارند، اما روح ایرانی هرگز در مقابل تهدید و تحقیر، بی‌تفاوت نبوده است.
عملیات امشب نیروهای مسلح، یک خواست ملی و پاسخی به زورگویی، جنایت و تجاوز  صهیونیست‌هاست.
اتحاد و انسجام ایرانیان برای عزت ملی و حفظ خاک به مثابه سدی",0,0,0,https://x.com/AliRabiei_Iran/status/1841212740016246901,"ایرانیان و دولت منتخب، صلح‌جو هستند و جنگ‌افروزی را دوست ندارند، اما روح ایرانی هرگز در مقابل تهدید و تحقیر، بی‌تفاوت نبوده است.
عملیات امشب نیروهای مسلح، یک خواست ملی و پاسخی به زورگویی، جنایت و تجاوز  صهیونیست‌هاست.
اتحاد و انسجام ایرانیان برای عزت ملی و حفظ خاک به مثابه سدی","Iranians and the elected government are peaceful and do not like war-mongering, but the Iranian spirit has never been indifferent to threats and humiliation.
Tonight's operation of the armed forces is a national demand and a response to Zionist violence, crime and aggression.
The unity and cohesion of Iranians for national honor and preserving the soil as a barrier"
1840836439199924390,alirabiei_iran,2024-09-30 19:29:42.849000+00:00,"دوست دارم با نسل‌های جدید سخن بگویم. بگویم که این است چهره واقعی قدرت‌ها. هیچ حمایتی از سوی بیگانگان برای آزادی را باور نکنید. #آزادی گوهری است که در درون شماست و باید در درون جامعه دنبال شود.
 نسل ما تلخی و خشونت را هم از جانب غرب و هم از طرف شرق چشیده بود. حمله و اشغال سرزمین",0,0,0,https://x.com/AliRabiei_Iran/status/1840836439199924390,"دوست دارم با نسل‌های جدید سخن بگویم. بگویم که این است چهره واقعی قدرت‌ها. هیچ حمایتی از سوی بیگانگان برای آزادی را باور نکنید. #آزادی گوهری است که در درون شماست و باید در درون جامعه دنبال شود.
 نسل ما تلخی و خشونت را هم از جانب غرب و هم از طرف شرق چشیده بود. حمله و اشغال سرزمین","I like to talk to new generations. To say that this is the true face of the powers. Do not believe any support from outsiders for freedom. #Freedom is a gem that is inside you and should be followed in society.
 Our generation had tasted bitterness and violence from both the West and the East. Land invasion and occupation"
1838920918464180523,alirabiei_iran,2024-09-25 12:38:07.117000+00:00,پزشکیان در سازمان ملل، وحدت و انسجام معنایی میان برنامه وفاق ملی در داخل و تعامل جویی سازنده در سطح جهانی  را با دقتی خردمندانه ترسیم کرد. او نه تنها عزم خود برای تمهید بنیان های ورود کشور به یک عصر جدید را به نمایش گذاشت بلکه نشان داد که به الزامات منطقی کسب جایگاه شایسته ایران,0,0,0,https://x.com/AliRabiei_Iran/status/1838920918464180523,پزشکیان در سازمان ملل، وحدت و انسجام معنایی میان برنامه وفاق ملی در داخل و تعامل جویی سازنده در سطح جهانی  را با دقتی خردمندانه ترسیم کرد. او نه تنها عزم خود برای تمهید بنیان های ورود کشور به یک عصر جدید را به نمایش گذاشت بلکه نشان داد که به الزامات منطقی کسب جایگاه شایسته ایران,"Physicians in the United Nations drew with wise precision the unity and coherence of meaning between the program of national reconciliation at home and the search for constructive interaction at the global level. He not only demonstrated his determination to lay the foundations for the country's entry into a new era, but also showed that he was following the logical requirements of gaining Iran's rightful position."
1837965829603725405,alirabiei_iran,2024-09-22 21:22:56.188000+00:00,"حادثه تاسف بار #انفجار_معدن زغال سنگ در طبس، که منجر به از دست رفتن جان جمعی از کارگرانی که با جان کار می‌کنند و کار جان، شد؛ ضایعه‌ای تلخ است که متاسفانه هرازچندگاهی، در اقصی نقاط جهان و به خصوص کشورهای کمتر توسعه یافته شاهد آن هستیم.

این مصیبت را به تمامی هموطنان خصوصا جامعه",0,0,0,https://x.com/AliRabiei_Iran/status/1837965829603725405,"حادثه تاسف بار #انفجار_معدن زغال سنگ در طبس، که منجر به از دست رفتن جان جمعی از کارگرانی که با جان کار می‌کنند و کار جان، شد؛ ضایعه‌ای تلخ است که متاسفانه هرازچندگاهی، در اقصی نقاط جهان و به خصوص کشورهای کمتر توسعه یافته شاهد آن هستیم.

این مصیبت را به تمامی هموطنان خصوصا جامعه","The unfortunate incident of the #explosion of the coal mine in Tabas, which led to the loss of the lives of a group of workers who work with John and John's work; It is a bitter loss that unfortunately we see from time to time in all parts of the world, especially in less developed countries.

This calamity to all fellow countrymen, especially the community"
1836700528635470276,alirabiei_iran,2024-09-19 09:35:04.929000+00:00,"در اقدامی مذموم و تکراری، عکس وعنوانی جعلی را به #نفیسه_زارع_کهن نسبت داده‌اند. جعلی بودن این عکس حتی در نگاه اول، کاملا آشکار است.
  نفیسه‌، فرزند شهیدی که از زمان دانشجویی‌اش تا به امروز، حدود ۲ دهه است که می‌شناسم را همواره پایبند به اصول دینی دیده‌ام.
شما که می‌خواهید دولت",0,0,0,https://x.com/AliRabiei_Iran/status/1836700528635470276,"در اقدامی مذموم و تکراری، عکس وعنوانی جعلی را به #نفیسه_زارع_کهن نسبت داده‌اند. جعلی بودن این عکس حتی در نگاه اول، کاملا آشکار است.
  نفیسه‌، فرزند شهیدی که از زمان دانشجویی‌اش تا به امروز، حدود ۲ دهه است که می‌شناسم را همواره پایبند به اصول دینی دیده‌ام.
شما که می‌خواهید دولت","In a reprehensible and repetitive action, the fake photo and title have been attributed to #Nafisa_Zare_Kohn. The fakeness of this photo is obvious even at first glance.
  Nafiseh, the child of a martyr whom I have known for about 2 decades since she was a student, has always seen her adhere to religious principles.
You want the government"
1833577184478564591,alirabiei_iran,2024-09-10 18:44:01.653000+00:00,"يكی از مشكلات كشور در حوزه سياستگذاري، عدم فهم مشترك از مسائل و فقدان اشتراك نظري پيرامون مسائل كشور است.
فقدان نظریه، اميدهاي سينوسي ايجاد می‌کند و پس از آن موج نااميدي به وجود مي‌آيد.  شعارها و سياست‌های زيبا مانند رشد ۸درصدی، قدرت اول در منطقه، جامعه منزه، عدالت، آزادي،",0,0,0,https://x.com/AliRabiei_Iran/status/1833577184478564591,"يكی از مشكلات كشور در حوزه سياستگذاري، عدم فهم مشترك از مسائل و فقدان اشتراك نظري پيرامون مسائل كشور است.
فقدان نظریه، اميدهاي سينوسي ايجاد می‌کند و پس از آن موج نااميدي به وجود مي‌آيد.  شعارها و سياست‌های زيبا مانند رشد ۸درصدی، قدرت اول در منطقه، جامعه منزه، عدالت، آزادي،","One of the country's problems in the field of policymaking is the lack of common understanding of the issues and the lack of theoretical sharing regarding the country's issues.
The lack of theory creates sinusoidal expectations and then a wave of despair.  Beautiful slogans and policies such as 8% growth, first power in the region, beautiful society, justice, freedom,"
1831786918222115268,alirabiei_iran,2024-09-05 20:10:08.916000+00:00,امروز، #روز_جهانی_خیریه است. متأسفانه فعالیت خیریه‌ها در ایران، با فراز و نشیب بسیاری روبرو بوده است. عواملی چون  مدیریت افراد ناآشنا و غیراجتماعی بر سازمان‌های مرتبط که بعضاً با انتصابات جناحی بر وخامت آثار آن افزوده می‌شود، فقدان سیاست‌گذاری معطوف به گسترش حوزه عمومی و نهادهای,0,0,0,https://x.com/AliRabiei_Iran/status/1831786918222115268,امروز، #روز_جهانی_خیریه است. متأسفانه فعالیت خیریه‌ها در ایران، با فراز و نشیب بسیاری روبرو بوده است. عواملی چون  مدیریت افراد ناآشنا و غیراجتماعی بر سازمان‌های مرتبط که بعضاً با انتصابات جناحی بر وخامت آثار آن افزوده می‌شود، فقدان سیاست‌گذاری معطوف به گسترش حوزه عمومی و نهادهای,"Today is #World_Charity_Day. Unfortunately, the activities of charities in Iran have faced many ups and downs. Factors such as the management of unfamiliar and anti-social people over related organizations, which are sometimes aggravated by factional appointments, the lack of policies aimed at expanding the public sphere and institutions"
1830263090564227540,alirabiei_iran,2024-09-01 15:15:00.091000+00:00,"محمد علی بهمنی، شاعری که چند نسل با شعرهایش، عاشقانه‌ها را زندگی کردند، هم از میان ما رفت.
بهمنی و شعرایی از جنس او، به زندگی، لطافتی دلپذیر می‌دهند‌.

می‌اندیشم نخبگان سیاسی‌ای که آشنایی و پیوندی با شعر، ادبیات، رمان و سینما ندارند نه تنها نمی‌توانند ارتباطی موثر با جامعه برقرار",0,0,0,https://x.com/AliRabiei_Iran/status/1830263090564227540,"محمد علی بهمنی، شاعری که چند نسل با شعرهایش، عاشقانه‌ها را زندگی کردند، هم از میان ما رفت.
بهمنی و شعرایی از جنس او، به زندگی، لطافتی دلپذیر می‌دهند‌.

می‌اندیشم نخبگان سیاسی‌ای که آشنایی و پیوندی با شعر، ادبیات، رمان و سینما ندارند نه تنها نمی‌توانند ارتباطی موثر با جامعه برقرار","Mohammad Ali Bahmani, a poet who lived romance for several generations with his poems, also passed away.
Bahmani and poets of his type give a pleasant softness to life.

I think that political elites who are not familiar with poetry, literature, novels and cinema, not only cannot establish effective communication with the society."
1829563169536168345,alirabiei_iran,2024-08-30 16:53:45.914000+00:00,با روی کارآمدن تفکری که در مقابل #پزشکیان قرار داشت، یاس و ناامیدی بیشتری بر جامعه غالب می‌شد. متاسفانه آنطور که شاهد بودیم، عقب‌گردهای زیاد سه سال گذشته، با بازنمایی‌های آماری، وارونه جلوه داده می‌شد. هرچند شاید امروز دیگر نقبی به گذشته زدن ضرورت و فایده‌ای نداشته باشد اما همین,0,0,0,https://x.com/AliRabiei_Iran/status/1829563169536168345,با روی کارآمدن تفکری که در مقابل #پزشکیان قرار داشت، یاس و ناامیدی بیشتری بر جامعه غالب می‌شد. متاسفانه آنطور که شاهد بودیم، عقب‌گردهای زیاد سه سال گذشته، با بازنمایی‌های آماری، وارونه جلوه داده می‌شد. هرچند شاید امروز دیگر نقبی به گذشته زدن ضرورت و فایده‌ای نداشته باشد اما همین,"With the effectiveness of the thinking that was in front of #doctors, more despair and hopelessness prevailed in the society. Unfortunately, as we have seen, the many regressions of the past three years were made upside down by statistical representations. Although today it may not be necessary or useful to delve into the past, but that's it"
1826676858621935866,alirabiei_iran,2024-08-22 17:44:35.767000+00:00,"برای درک گفتار صادقانه #پزشکیان در مورد انتخاب #کابینه در #مجلس و در پاسخ به نقدهایی که بدون توجه به پشتوانه نظری و همچنین واقعیت‌های ایران امروز بیان می‌شوند، اصولاً در حوزه سیاست داخلی و نسبت بین دولت و جامعه، می‌توان سه نظریه برشمرد:

الف) نظریه حاکمیت و دولت قوی همراه با",0,0,0,https://x.com/AliRabiei_Iran/status/1826676858621935866,"برای درک گفتار صادقانه #پزشکیان در مورد انتخاب #کابینه در #مجلس و در پاسخ به نقدهایی که بدون توجه به پشتوانه نظری و همچنین واقعیت‌های ایران امروز بیان می‌شوند، اصولاً در حوزه سیاست داخلی و نسبت بین دولت و جامعه، می‌توان سه نظریه برشمرد:

الف) نظریه حاکمیت و دولت قوی همراه با","In order to understand the honest speech of #doctors regarding the selection of the #cabinet in the #Majlis and in response to the criticisms that are expressed regardless of the theoretical support as well as the realities of Iran today, basically in the field of internal politics and the relationship between the government and society, three theories can be listed:

A) theory of sovereignty and strong government along with"
1826673622939005293,alirabiei_iran,2024-08-22 17:31:44.320000+00:00,"روز پزشک امسال، با پیچ خوردن نام پزشک در انتخابات ریاست‌جمهوری، مفهوم گسترده‌‌تری را مطرح می‌کند.
روز پزشک بار دیگر مهاجرت پزشکان و پرستاران و اضافه شدن به مشکلات درونی نظام سلامت، افت سلامت، گسترش بیماری‌های زمینه‌ای و خطر افزایش بیماری‌های واگیردار، جامعه فقیر شده و افزایش خروج",0,0,0,https://x.com/AliRabiei_Iran/status/1826673622939005293,"روز پزشک امسال، با پیچ خوردن نام پزشک در انتخابات ریاست‌جمهوری، مفهوم گسترده‌‌تری را مطرح می‌کند.
روز پزشک بار دیگر مهاجرت پزشکان و پرستاران و اضافه شدن به مشکلات درونی نظام سلامت، افت سلامت، گسترش بیماری‌های زمینه‌ای و خطر افزایش بیماری‌های واگیردار، جامعه فقیر شده و افزایش خروج","This year's doctor's day, with the doctor's name twisting in the presidential election, raises a wider concept.
Doctor's Day is once again the migration of doctors and nurses and adding to the internal problems of the health system, the decline of health, the spread of underlying diseases and the risk of increasing infectious diseases, the impoverished society and the increase in emigration."
1825929438887874974,alirabiei_iran,2024-08-20 16:14:37.016000+00:00,"نمایندگان محترم مجلس

اگر شما نگران وضع سلامت مردم و آشفتگی در نظام فعلی سلامت هستید و اگر واقعا دغدغه فقر، عدالت، و وضع اسفبار اشتغال را دارید، نگذارید ایران از حضور ظفرقندی و میدری در دولت محروم شود.

نگاه کنید به موج حمایت همه فعالان حوزه سلامت فارغ از مشرب‌های سیاسی از",0,0,0,https://x.com/AliRabiei_Iran/status/1825929438887874974,"نمایندگان محترم مجلس

اگر شما نگران وضع سلامت مردم و آشفتگی در نظام فعلی سلامت هستید و اگر واقعا دغدغه فقر، عدالت، و وضع اسفبار اشتغال را دارید، نگذارید ایران از حضور ظفرقندی و میدری در دولت محروم شود.

نگاه کنید به موج حمایت همه فعالان حوزه سلامت فارغ از مشرب‌های سیاسی از","Honorable Members of Parliament

If you are concerned about the health of the people and the chaos in the current health system, and if you are really concerned about poverty, justice, and the miserable situation of employment, don't let Iran be deprived of the presence of Zafarqandi and Midari in the government.

Look at the wave of support from all health activists, regardless of political parties"
1825185846758162943,alirabiei_iran,2024-08-18 14:59:50.837000+00:00,"به عنوان یک فعال در شورای راهبری می‌دانم که تایید صلاحیت نامزدها  تک‌تک صورت گرفته و هیچ تایید صلاحیت لیستی در کار نبوده است. همه نهادها، از جمله اطلاعاتی مصرح در قانون به طور جداگانه نظر خود را اعلام کرده‌اند.

#کابینه_پزشکیان #مجلس #رای_اعتماد",0,0,0,https://x.com/AliRabiei_Iran/status/1825185846758162943,"به عنوان یک فعال در شورای راهبری می‌دانم که تایید صلاحیت نامزدها  تک‌تک صورت گرفته و هیچ تایید صلاحیت لیستی در کار نبوده است. همه نهادها، از جمله اطلاعاتی مصرح در قانون به طور جداگانه نظر خود را اعلام کرده‌اند.

#کابینه_پزشکیان #مجلس #رای_اعتماد","As an active member of the governing council, I know that the qualification of the candidates was confirmed individually and there was no list of qualifications. All institutions, including the information specified in the law, have expressed their opinion separately.

#cabinet_of_doctors #parliament #vote_of_confidence"
1825181183325388839,alirabiei_iran,2024-08-18 14:41:18.988000+00:00,"گروهی اندک، می‌خواهند نظریه وفاق دولت چهاردهم را به بن بست بکشانند. آنها می‌خواهند کاری بکنند که چند تن از افراد معرفی شده برجسته اصلاح طلب رای نیاورند و به تعبیر خودشان دولت را با بن‌بست مواجه کنند. 
انتظار جامعه از وجدان جمعی مجلس این است که تسلیم این تصمیم محفلی نشوند. بگذارید",0,0,0,https://x.com/AliRabiei_Iran/status/1825181183325388839,"گروهی اندک، می‌خواهند نظریه وفاق دولت چهاردهم را به بن بست بکشانند. آنها می‌خواهند کاری بکنند که چند تن از افراد معرفی شده برجسته اصلاح طلب رای نیاورند و به تعبیر خودشان دولت را با بن‌بست مواجه کنند. 
انتظار جامعه از وجدان جمعی مجلس این است که تسلیم این تصمیم محفلی نشوند. بگذارید","A small group wants to bring the consensus theory of the 14th government to a dead end. They want to prevent a few prominent reformist candidates from voting and, in their own words, bring the government to an impasse. 
Society's expectation from the collective conscience of the parliament is that they will not submit to this collective decision. leave"
1824902507992101249,alirabiei_iran,2024-08-17 20:13:57.611000+00:00,کودتای شوم و تلخ ۲۸ مرداد را ترکیب دولتی محبوب اما متزلزل، اختلاف نخبگان و گروههای مرجع وقت و هم چنین عدم گفتگو با مردم و در جریان قرار نگرفتن جامعه و ناامیدی مردم رقم زد که حاصل شوم آن به تاراج رفتن منابع، از دست رفتن دستاوردهای بزرگ تاریخی به ویژه مشروطه، سیطره و دخالت فزاینده,0,0,0,https://x.com/AliRabiei_Iran/status/1824902507992101249,کودتای شوم و تلخ ۲۸ مرداد را ترکیب دولتی محبوب اما متزلزل، اختلاف نخبگان و گروههای مرجع وقت و هم چنین عدم گفتگو با مردم و در جریان قرار نگرفتن جامعه و ناامیدی مردم رقم زد که حاصل شوم آن به تاراج رفتن منابع، از دست رفتن دستاوردهای بزرگ تاریخی به ویژه مشروطه، سیطره و دخالت فزاینده,"The ominous and bitter coup d'état on August 28 was determined by the popular but shaky government composition, the differences between the elites and the reference groups of the time, as well as the lack of dialogue with the people and the lack of information about the society and the people's frustration, which resulted in the looting of resources, the loss of great historical achievements, especially the constitution, control and increasing interference."
1824534870485315963,alirabiei_iran,2024-08-16 19:53:05.999000+00:00,ترکیب کابینه دکتر پزشکیان، نشان‌دهنده توجه او به وفاق بین گروه‌های سیاسی و مهم‌تر از آن وفاق دولت و حاکمیت با جامعه است. کابینه از همه گروه‌ها و مشرب‌های فکری است. او همچنان بر نقش نظارتی مردم و جامعه تأکید دارد، اما برخی افراد و گروه‌ها بدون توجه به این نظریه، ایده اصلی دولت او,0,0,0,https://x.com/AliRabiei_Iran/status/1824534870485315963,ترکیب کابینه دکتر پزشکیان، نشان‌دهنده توجه او به وفاق بین گروه‌های سیاسی و مهم‌تر از آن وفاق دولت و حاکمیت با جامعه است. کابینه از همه گروه‌ها و مشرب‌های فکری است. او همچنان بر نقش نظارتی مردم و جامعه تأکید دارد، اما برخی افراد و گروه‌ها بدون توجه به این نظریه، ایده اصلی دولت او,"The composition of the cabinet of Dr. Mezikian shows his attention to harmony between political groups and, more importantly, harmony between the government and society. The cabinet is made up of all groups and intellectual parties. He still emphasizes on the supervisory role of people and society, but some people and groups regardless of this theory, the main idea of ​​his government."
1821603720301301863,alirabiei_iran,2024-08-08 17:45:45.337000+00:00,بی‌تردید فاصله بین ملت و دولت نگران‌کننده بوده و می‌توان این فاصله را مهم‌ترین بحران اجتماعی و سیاسی ایران امروز دانست. نگرانی دیگر، رودررویی‌های گروههای اجتماعی است که به کشور ما آسیب زده است. ضرورت ایران امروز، آن است که همه اصحاب قلم، به عنوان میانجی همت کنند تا گفتگو را به,0,0,0,https://x.com/AliRabiei_Iran/status/1821603720301301863,بی‌تردید فاصله بین ملت و دولت نگران‌کننده بوده و می‌توان این فاصله را مهم‌ترین بحران اجتماعی و سیاسی ایران امروز دانست. نگرانی دیگر، رودررویی‌های گروههای اجتماعی است که به کشور ما آسیب زده است. ضرورت ایران امروز، آن است که همه اصحاب قلم، به عنوان میانجی همت کنند تا گفتگو را به,"Undoubtedly, the gap between the nation and the government is worrying, and this gap can be considered the most important social and political crisis in Iran today. Another concern is the confrontations between social groups that have harmed our country. The necessity of Iran today is that all the writers strive as mediators to bring the dialogue to"
1820914649023312353,alirabiei_iran,2024-08-06 20:07:37.942000+00:00,خبرنگاران مستقل، در عین حال که از نامرادی‌هایی همچون اخراج اساتید، فسادهای خانمان‌سوز مانند چای دبش و... پرده برداشتند، در میانه بحران‌های سیاسی به عقلانی کردن رفتار جامعه و آرامش آن کمک کرده و برای ایجاد جامعه‌ای سالم کوشیدند. در بزنگاه انتخابات ریاست‌جمهوری چهاردهم نیز، برای,0,0,0,https://x.com/AliRabiei_Iran/status/1820914649023312353,خبرنگاران مستقل، در عین حال که از نامرادی‌هایی همچون اخراج اساتید، فسادهای خانمان‌سوز مانند چای دبش و... پرده برداشتند، در میانه بحران‌های سیاسی به عقلانی کردن رفتار جامعه و آرامش آن کمک کرده و برای ایجاد جامعه‌ای سالم کوشیدند. در بزنگاه انتخابات ریاست‌جمهوری چهاردهم نیز، برای,"Independent journalists, at the same time that they uncovered injustices such as the dismissal of professors, women-burning corruptions such as Chai Debash, etc., in the midst of political crises, helped to rationalize the behavior of the society and its peace and tried to create a healthy society. At the time of the 14th presidential election, for"
1819469304196202502,alirabiei_iran,2024-08-02 20:24:20.882000+00:00,"در سوگ برادرم، محمد

سالهاست با از دست رفتن ها خو گرفته ا‌م. وقتی کسی از کنارمان می رود و تنهایی به خاک سپرده می شود، خاطراتش تا همیشه می‌ماند و هرگز فراموش نمی‌شود. دیوارها، کوچه‌ها، گذرگاه و هر جایی که با کسی خاطره داشته باشیم، با تو می‌مانند. 
ما خانواده ای در جنوب شهر، و دو",0,0,0,https://x.com/AliRabiei_Iran/status/1819469304196202502,"در سوگ برادرم، محمد

سالهاست با از دست رفتن ها خو گرفته ا‌م. وقتی کسی از کنارمان می رود و تنهایی به خاک سپرده می شود، خاطراتش تا همیشه می‌ماند و هرگز فراموش نمی‌شود. دیوارها، کوچه‌ها، گذرگاه و هر جایی که با کسی خاطره داشته باشیم، با تو می‌مانند. 
ما خانواده ای در جنوب شهر، و دو","In mourning for my brother, Muhammad

I have been used to losing for years. When someone passes away and is buried alone, his memories remain forever and will never be forgotten. Walls, alleys, passageways and anywhere we have memories with someone stay with you. 
We are a family in the south of the city, and two"
1818546160748958032,alirabiei_iran,2024-07-31 07:16:06.333000+00:00,ترور میهمان مراسم تحلیف رئیس جمهور، علاوه بر اینکه اقدامی بر علیه مقاومت ملت فلسطین است، شلیکی شوم به شکوه انتخاباتی ملت ایران بود. ملتی که بارها بلوغ و رشد خود را در عرصه‌های مختلف ملی از جمله انتخابات اخیر به نمایش گذاشته  و اکنون بیش از هر زمان دیگر در حمایت از مقاومت مشروع,0,0,0,https://x.com/AliRabiei_Iran/status/1818546160748958032,ترور میهمان مراسم تحلیف رئیس جمهور، علاوه بر اینکه اقدامی بر علیه مقاومت ملت فلسطین است، شلیکی شوم به شکوه انتخاباتی ملت ایران بود. ملتی که بارها بلوغ و رشد خود را در عرصه‌های مختلف ملی از جمله انتخابات اخیر به نمایش گذاشته  و اکنون بیش از هر زمان دیگر در حمایت از مقاومت مشروع,"The assassination of the guest of the inauguration ceremony of the president, besides being an act against the resistance of the Palestinian nation, was a sinister shot at the electoral glory of the Iranian nation. A nation that has repeatedly demonstrated its maturity and growth in various national arenas, including the recent elections, and now more than ever in supporting the legitimate resistance."
1816525210373296347,alirabiei_iran,2024-07-25 17:25:34.216000+00:00,"در روزهای اخیر، شاهد عملیات روانی در قالب فیک‌نیوزها هستیم.

برنامه‌ آنها تخریب دستاورد پیشاتشکیل دولت پزشکیان، یعنی نتایج و روند کمیته‌ها، شورای راهبری و همچنین دکتر ظریف است.

همه بر اساس میثاق‌مان با عدالت و انصاف، آرا مردم را که با رنج و امید به صندوق‌ها ریخته‌اند، پاس داشته",0,0,0,https://x.com/AliRabiei_Iran/status/1816525210373296347,"در روزهای اخیر، شاهد عملیات روانی در قالب فیک‌نیوزها هستیم.

برنامه‌ آنها تخریب دستاورد پیشاتشکیل دولت پزشکیان، یعنی نتایج و روند کمیته‌ها، شورای راهبری و همچنین دکتر ظریف است.

همه بر اساس میثاق‌مان با عدالت و انصاف، آرا مردم را که با رنج و امید به صندوق‌ها ریخته‌اند، پاس داشته","In recent days, we are witnessing psychological operations in the form of fake news.

Their plan is to destroy the achievements of the pre-formation of the medical government, that is, the results and process of the committees, the steering council and also Dr. Zarif.

All according to our covenant with justice and fairness, the votes of the people who have poured into the boxes with suffering and hope have passed."
1816351578816680215,alirabiei_iran,2024-07-25 05:55:37.227000+00:00,"ما امید داریم که در دولت #پزشکیان ، نهادهای مدنی به عنوان میانجی‌های بزرگ اجتماعی،  روزبه‌روز گسترش یافته و نقش آنها در تصمیم‌سازی‌ها موثر شده و از ساحت نهادهای مدنی، امنیتی‌زدایی شود. حوزه عمومی، هرروز فربه‌تر و حوزه خصوصی نیز محترم‌ شمرده خواهد شد.

متن کامل یادداشت را در",0,0,0,https://x.com/AliRabiei_Iran/status/1816351578816680215,"ما امید داریم که در دولت #پزشکیان ، نهادهای مدنی به عنوان میانجی‌های بزرگ اجتماعی،  روزبه‌روز گسترش یافته و نقش آنها در تصمیم‌سازی‌ها موثر شده و از ساحت نهادهای مدنی، امنیتی‌زدایی شود. حوزه عمومی، هرروز فربه‌تر و حوزه خصوصی نیز محترم‌ شمرده خواهد شد.

متن کامل یادداشت را در","We hope that in the government of #Medicians, civil institutions will expand day by day as great social mediators and their role in decision-making will be effective and the field of civil institutions will be de-securitized. The public sphere will become fatter every day and the private sphere will also be respected.

The full text of the note in"
1812753944554111062,alirabiei_iran,2024-07-15 07:39:54.378000+00:00,"در وزارت علوم و کمیته مرکزی جذب چه‌خبر است؟ چرا افراد بدون ضابطه استخدام می‌شوند؟ 
استخدام هیئت علمی بدون طی کردن روندها و چارچوب‌های مشخص‌شده معمول در کنار بازنشستگی‌های زودرس، کاری غیرمنصفانه، غیراخلاقی و دور زدن قانون بوده و موجب آسیب به ساحت علم، دانشگاه و جفا به نسل‌های",0,0,0,https://x.com/AliRabiei_Iran/status/1812753944554111062,"در وزارت علوم و کمیته مرکزی جذب چه‌خبر است؟ چرا افراد بدون ضابطه استخدام می‌شوند؟ 
استخدام هیئت علمی بدون طی کردن روندها و چارچوب‌های مشخص‌شده معمول در کنار بازنشستگی‌های زودرس، کاری غیرمنصفانه، غیراخلاقی و دور زدن قانون بوده و موجب آسیب به ساحت علم، دانشگاه و جفا به نسل‌های","What is going on in the Ministry of Science and the Central Recruitment Committee? Why are people hired without rules? 
Hiring faculty members without going through the usual specified processes and frameworks, along with early retirements, is unfair, unethical, and circumventing the law, and has caused damage to the field of science, the university, and generations to come."
1812550495522746606,alirabiei_iran,2024-07-14 18:11:28.349000+00:00,"کار غیراخلاقی مدعیان ارزشی بودن!!!

متاسفانه به رغم تذکرات متعهدانه و جدی سرپرست محترم ریاست‌جمهوری، تبدیل وضعیت و استخدام در سمت‌های مدیریتی برای بکارگیری و تثبیت وضعیت نیروهای تازه‌وارد کم‌دانش فاقد تجربه صرفا به دلیل عضویت در حلقه‌های جناحی تندرو، در حال انجام است. 
در نظام",0,0,0,https://x.com/AliRabiei_Iran/status/1812550495522746606,"کار غیراخلاقی مدعیان ارزشی بودن!!!

متاسفانه به رغم تذکرات متعهدانه و جدی سرپرست محترم ریاست‌جمهوری، تبدیل وضعیت و استخدام در سمت‌های مدیریتی برای بکارگیری و تثبیت وضعیت نیروهای تازه‌وارد کم‌دانش فاقد تجربه صرفا به دلیل عضویت در حلقه‌های جناحی تندرو، در حال انجام است. 
در نظام","The unethical work of those who claim to be valuable!!!

Unfortunately, despite the committed and serious reminders of the esteemed head of the presidency, the transformation of the situation and recruitment in management positions to employ and stabilize the status of new recruits with little knowledge and no experience is being done simply because of membership in extremist factional circles. 
in the system"
1809478745234829617,alirabiei_iran,2024-07-06 06:45:26.010000+00:00,"قَالَ اللَّهُ هَذَا يَوْمُ يَنْفَعُ الصَّادِقِينَ صِدْقُهُمْ
پزشکیان رییس‌جمهور همه ایرانیان است، چه آنانی که به او رای دادند و چه آنانی‌که به رقیب او رای دادند. نخستین اقدام شنیدن صدای آنانی است که به پای صندوق رای نیامدند.

خوشا آن راهی که آغازش حسین(ع) است.",0,0,0,https://x.com/AliRabiei_Iran/status/1809478745234829617,"قَالَ اللَّهُ هَذَا يَوْمُ يَنْفَعُ الصَّادِقِينَ صِدْقُهُمْ
پزشکیان رییس‌جمهور همه ایرانیان است، چه آنانی که به او رای دادند و چه آنانی‌که به رقیب او رای دادند. نخستین اقدام شنیدن صدای آنانی است که به پای صندوق رای نیامدند.

خوشا آن راهی که آغازش حسین(ع) است.","God said, ""This day will benefit the righteous.""
Medeshian is the president of all Iranians, both those who voted for him and those who voted for his rival. The first step is to hear the voices of those who did not come to the polls.

Blessed is the path whose beginning is Hussain (a.s.)."
1808974249157406830,alirabiei_iran,2024-07-04 21:20:44.772000+00:00,"گزارش های متعدد ازاعزام روحانیون برای تبلیغ جهت یک کاندیدا -حتما با هزینه های غیرشخصی- و همچنین چند فیلم از منازعه آن‌ها با مردم بر علیه آقای پزشکیان پخش شده است.

 فارغ از نتایج انتخابات، بی‌تردید این امر، کارکردهای نهاد روحانیت را فدای امیال سیاسی می‌نماید.
 چرا از روندها درس",0,0,0,https://x.com/AliRabiei_Iran/status/1808974249157406830,"گزارش های متعدد ازاعزام روحانیون برای تبلیغ جهت یک کاندیدا -حتما با هزینه های غیرشخصی- و همچنین چند فیلم از منازعه آن‌ها با مردم بر علیه آقای پزشکیان پخش شده است.

 فارغ از نتایج انتخابات، بی‌تردید این امر، کارکردهای نهاد روحانیت را فدای امیال سیاسی می‌نماید.
 چرا از روندها درس","There have been numerous reports of clerics being sent to advertise for a candidate - definitely with impersonal expenses - as well as some videos of their conflict with the people against Mr. Mezikian.

 Regardless of the results of the elections, this undoubtedly sacrifices the functions of the clerical institution to political desires.
 Why study trends?"
1808873135472628144,alirabiei_iran,2024-07-04 14:38:57.391000+00:00,"همه دوره‌های انتخابات را دنبال کرده‌ام. در هیچ دوره‌ای، دولتی‌ها در سطوح مختلف، چنین بی‌پروا و آشکار، در انتخابات دخالت نکرده‌اند.

 تازه‌واردان کم‌دانش، پر مدعا، و طلبکار از ملت که در سالهای اخیر در نظام اداری جا خوش کرده‌اند، برای ماندن دست و پا می‌زنند.

 ورای شکست یا پیروزی",0,0,0,https://x.com/AliRabiei_Iran/status/1808873135472628144,"همه دوره‌های انتخابات را دنبال کرده‌ام. در هیچ دوره‌ای، دولتی‌ها در سطوح مختلف، چنین بی‌پروا و آشکار، در انتخابات دخالت نکرده‌اند.

 تازه‌واردان کم‌دانش، پر مدعا، و طلبکار از ملت که در سالهای اخیر در نظام اداری جا خوش کرده‌اند، برای ماندن دست و پا می‌زنند.

 ورای شکست یا پیروزی","I have followed all the election periods. In no period, governments at different levels have interfered in the elections so recklessly and openly.

 Newcomers with little knowledge, full of claims, and indebted to the nation, who have settled in the administrative system in recent years, are struggling to stay.

 Beyond defeat or victory"
1808479400989519897,alirabiei_iran,2024-07-03 12:34:23.775000+00:00,"سنجش‌ها و روندهای انتخابات را نگاه‌ می‌کردم. مرددین، در دور اول پدیده انتخابات شدند؛  شواهد نشان می دهد در دور دوم هم به نوعی دیگر شگفتی‌ساز خواهند شد.

""تمایل بدون کنش به پزشکیان""، در حال تبدیل به موج  ""اقدام به رای برای پزشکیان"" است.
از فرهیختگان و بزرگان علم، ادب و فرهنگ تا",0,0,0,https://x.com/AliRabiei_Iran/status/1808479400989519897,"سنجش‌ها و روندهای انتخابات را نگاه‌ می‌کردم. مرددین، در دور اول پدیده انتخابات شدند؛  شواهد نشان می دهد در دور دوم هم به نوعی دیگر شگفتی‌ساز خواهند شد.

""تمایل بدون کنش به پزشکیان""، در حال تبدیل به موج  ""اقدام به رای برای پزشکیان"" است.
از فرهیختگان و بزرگان علم، ادب و فرهنگ تا","I was looking at the evaluations and trends of the elections. Mardadin was elected in the first round of the phenomenon;  The evidence shows that in the second round they will be surprising in some way.

""Action without action for doctors"" is turning into a wave of ""action to vote for doctors"".
From the intellectuals and elders of science, literature and culture to"
1808029919173038347,alirabiei_iran,2024-07-02 06:48:18.959000+00:00,متاسفانه بار دیگر در مناظره‌، ارجاعی نادرست به من داده شد. قبلاً گفتم، درست گفتم، با علم گفتم و باز هم تاکید می‌کنم همبسته تحریم و FATF مانع همه مبادلات خارجی از جمله واردات واکسن بوده است که وزارت خارجه وقت از طرق مختلف تلاش زیادی در جهت رفع این مانع انجام داد و گزارش آن در همان,0,0,0,https://x.com/AliRabiei_Iran/status/1808029919173038347,متاسفانه بار دیگر در مناظره‌، ارجاعی نادرست به من داده شد. قبلاً گفتم، درست گفتم، با علم گفتم و باز هم تاکید می‌کنم همبسته تحریم و FATF مانع همه مبادلات خارجی از جمله واردات واکسن بوده است که وزارت خارجه وقت از طرق مختلف تلاش زیادی در جهت رفع این مانع انجام داد و گزارش آن در همان,"Unfortunately, I was once again given a wrong reference in the debate. I said before, I said it right, I said it with knowledge and I emphasize again that the correlation between sanctions and FATF has hindered all foreign exchanges, including the import of vaccines."
1807867410453876988,alirabiei_iran,2024-07-01 20:02:33.861000+00:00,"امشب پزشکیان به جز جلیلی با صدا و سیما هم مناظره کرد. تفاوت تعداد سوالات ثانویه مجری میان دو کاندیدا کاملا مشهود بود. محتوای سوالات هم در تداوم عملیات روانی بود که جبهه رقیب با همه توان راه انداخته است.
پزشکیان با قوت در برابر همه این روش‌های سازماندهی شده پاسخگو بود.

#انتخابات",0,0,0,https://x.com/AliRabiei_Iran/status/1807867410453876988,"امشب پزشکیان به جز جلیلی با صدا و سیما هم مناظره کرد. تفاوت تعداد سوالات ثانویه مجری میان دو کاندیدا کاملا مشهود بود. محتوای سوالات هم در تداوم عملیات روانی بود که جبهه رقیب با همه توان راه انداخته است.
پزشکیان با قوت در برابر همه این روش‌های سازماندهی شده پاسخگو بود.

#انتخابات","Tonight, except for Jalili, doctors also debated with radio and television. The difference in the number of secondary questions of the moderator between the two candidates was quite evident. The content of the questions was in the continuation of the psychological operation that the rival front has launched with all its might.
Physicians strongly responded to all these organized methods.

#Elections"
1807843055636304062,alirabiei_iran,2024-07-01 18:25:47.220000+00:00,"امروز ویدیویی از یک مبلغ! دیدم. 
بر اساس آموزه‌هایمان از اسلام کودکی، همواره بر این باوریم که دروغگو دشمن خداست.
اما اکنون، با افسوس، نگاه می‌کنم و می‌بینم که برخی‌ها به چه راحتی، دروغ می‌گویند.

مدعیان ارزشی بودن!!!! وقتی می‌دانید که گران شدن بنزین یک دروغ بزرگ و یک عملیات روانی",0,0,0,https://x.com/AliRabiei_Iran/status/1807843055636304062,"امروز ویدیویی از یک مبلغ! دیدم. 
بر اساس آموزه‌هایمان از اسلام کودکی، همواره بر این باوریم که دروغگو دشمن خداست.
اما اکنون، با افسوس، نگاه می‌کنم و می‌بینم که برخی‌ها به چه راحتی، دروغ می‌گویند.

مدعیان ارزشی بودن!!!! وقتی می‌دانید که گران شدن بنزین یک دروغ بزرگ و یک عملیات روانی","Today, a video of a missionary! i saw 
Based on our teachings from childhood Islam, we always believe that a liar is an enemy of God.
But now, sadly, I look and see how easily some lie.

Claimants of value!!!! When you know that the price of gasoline is a big lie and a psychological operation"
1807665716448923870,alirabiei_iran,2024-07-01 06:41:06.263000+00:00,جامعه ایران دست‌خوش تحولات عظیمی در لایه‌های پایین اجتماعی شده است. نوک کوه یخ پیدا بود. انتخابات روز جمعه بخش دیگری از این تحولات را نمایان کرد. امروز با جمعی از تحلیل‌گران برجسته نگرش‌سنجی صحبت می‌کردم.تعدادی با هرگونه مشارکت مخالفند. تعداد زیادی هم تردید دارند.  مرددین در دور,0,0,0,https://x.com/AliRabiei_Iran/status/1807665716448923870,جامعه ایران دست‌خوش تحولات عظیمی در لایه‌های پایین اجتماعی شده است. نوک کوه یخ پیدا بود. انتخابات روز جمعه بخش دیگری از این تحولات را نمایان کرد. امروز با جمعی از تحلیل‌گران برجسته نگرش‌سنجی صحبت می‌کردم.تعدادی با هرگونه مشارکت مخالفند. تعداد زیادی هم تردید دارند.  مرددین در دور,Iranian society has undergone huge changes in the lower social layers. The tip of the iceberg was visible. Friday's election revealed another part of these developments. Today I was talking to a group of leading attitude analysts. Some of them are opposed to any participation. A lot of people have doubts.  Murddin in the distance
1807501715056324666,alirabiei_iran,2024-06-30 19:49:25.284000+00:00,"عملیات‌های روانی بر پایه دروغ و با دو محتوا کلید خورده است. چندی پیش شنیدم در جلساتی تصمیم گرفته‌اند کلید واژه دولت سوم روحانی را با هر دروغ‌پردازی، کانون عملیات روانی قرار دهند.می‌دانم که بدون تردید دولت پزشکیان، دولت اول خودش با استفاده از ظرفیت تمامی ایرانیان خواهد بود.
از",0,0,0,https://x.com/AliRabiei_Iran/status/1807501715056324666,"عملیات‌های روانی بر پایه دروغ و با دو محتوا کلید خورده است. چندی پیش شنیدم در جلساتی تصمیم گرفته‌اند کلید واژه دولت سوم روحانی را با هر دروغ‌پردازی، کانون عملیات روانی قرار دهند.می‌دانم که بدون تردید دولت پزشکیان، دولت اول خودش با استفاده از ظرفیت تمامی ایرانیان خواهد بود.
از","Psychological operations are based on lies and keyed with two contents. Not long ago, I heard that in some meetings, they decided to make the key word of Rouhani's third government the center of psychological operations with every lie. I know that without a doubt, the government of doctors will be the first government by using the capacity of all Iranians.
from"
1807451269478449626,alirabiei_iran,2024-06-30 16:28:58.121000+00:00,"پیش‌تر گفتم که روندها و کاهش معنادار مشارکت در انتخابات با ما حرف می‌زنند و کسی نباید آدرس غلط بدهد. 

یکی از نشانه‌های رشد جامعه ایران، گسترش استدلال‌هاست و هم شرکت کنندگان و هم حضورنایافتگان پای صندوق برای کنش‌گری خود، سویه عقلانی برگزیده‌اند. 

پانزدهم تیر ماه فرصتی است تا",0,0,0,https://x.com/AliRabiei_Iran/status/1807451269478449626,"پیش‌تر گفتم که روندها و کاهش معنادار مشارکت در انتخابات با ما حرف می‌زنند و کسی نباید آدرس غلط بدهد. 

یکی از نشانه‌های رشد جامعه ایران، گسترش استدلال‌هاست و هم شرکت کنندگان و هم حضورنایافتگان پای صندوق برای کنش‌گری خود، سویه عقلانی برگزیده‌اند. 

پانزدهم تیر ماه فرصتی است تا","I said earlier that trends and a significant decrease in participation in the elections speak to us and no one should give the wrong address. 

One of the signs of the growth of Iranian society is the expansion of arguments, and both participants and non-attendees have chosen a rational way for their activism. 

July 15th is an opportunity to"
1807019147882086806,alirabiei_iran,2024-06-29 11:51:52.304000+00:00,"روندها با ما حرف می‌زنند...

کاهش آرا در سال ۱۴۰۰ نسبت به سال‌های ۹۲ و ۹۶ نتیجه ناامیدی طبقه متوسط از دستاوردهایی بود که تصور می‌شد با وقوع برجام و گشایش‌های اقتصادی، فرهنگی و اجتماعی رخ خواهد داد که آن‌هم شما قدرت‌گرایان ضدتوسعه مانع شدید. 

سقوط منحنی مشارکت در ۱۴۰۳ نسبت به",0,0,0,https://x.com/AliRabiei_Iran/status/1807019147882086806,"روندها با ما حرف می‌زنند...

کاهش آرا در سال ۱۴۰۰ نسبت به سال‌های ۹۲ و ۹۶ نتیجه ناامیدی طبقه متوسط از دستاوردهایی بود که تصور می‌شد با وقوع برجام و گشایش‌های اقتصادی، فرهنگی و اجتماعی رخ خواهد داد که آن‌هم شما قدرت‌گرایان ضدتوسعه مانع شدید. 

سقوط منحنی مشارکت در ۱۴۰۳ نسبت به","Trends talk to us...

The decrease in votes in 1400 compared to 1992 and 1996 was the result of the disappointment of the middle class from the achievements that were thought to happen with the JCPOA and the economic, cultural and social openings that you anti-development authoritarians prevented. 

Falling participation curve in 1403 compared to"
1806926418518966723,alirabiei_iran,2024-06-29 05:43:23.901000+00:00,"چند روز پیش، نوشته بودم: «رقیب پزشکیان، این چهار نفر نیستند! رقیب پزشکیان، ناامیدی از نتایج مشارکت است که آن هم برآمده از کارشکنی‌ها در گذشته و در مقابله با رای مردم و همچنین عملکرد جریان یک‌دست‌شده سالهای اخیر می‌باشد.»

پیام کسانی که مشارکت نکردند، واضح، روشن و قابل دریافت است.",0,0,0,https://x.com/AliRabiei_Iran/status/1806926418518966723,"چند روز پیش، نوشته بودم: «رقیب پزشکیان، این چهار نفر نیستند! رقیب پزشکیان، ناامیدی از نتایج مشارکت است که آن هم برآمده از کارشکنی‌ها در گذشته و در مقابله با رای مردم و همچنین عملکرد جریان یک‌دست‌شده سالهای اخیر می‌باشد.»

پیام کسانی که مشارکت نکردند، واضح، روشن و قابل دریافت است.","A few days ago, I wrote: ""These four are not rivals of doctors!"" The rival of the doctors is the disappointment of the results of the participation, which is also a result of the failures in the past and in confronting the people's vote, as well as the performance of the unified flow of recent years.

The message of those who did not participate is clear, clear and understandable."
1806604936026735069,alirabiei_iran,2024-06-28 08:25:56.502000+00:00,"آنچه که شدنی است؛ هرگونه تغییر (هرچند آرام)  برای بهبود زندگی، تنها از طریق صندوق میسر است. 
صندوق رای را همواره به مثابه یک میانجی بزرگ اجتماعی پاس بداریم.

روستای سیل زده دیزی در منطقه دشتیاری بلوچستان _ ساعت نه صبح هشتم تیرماه ۱۴۰۳

#برای_ایران
instagram.com/p/C8wG06DqQcv/",0,0,0,https://x.com/AliRabiei_Iran/status/1806604936026735069,"آنچه که شدنی است؛ هرگونه تغییر (هرچند آرام)  برای بهبود زندگی، تنها از طریق صندوق میسر است. 
صندوق رای را همواره به مثابه یک میانجی بزرگ اجتماعی پاس بداریم.

روستای سیل زده دیزی در منطقه دشتیاری بلوچستان _ ساعت نه صبح هشتم تیرماه ۱۴۰۳

#برای_ایران
instagram.com/p/C8wG06DqQcv/","what is possible; Any change (however slow) to improve life is possible only through the fund. 
We should always consider the ballot box as a great social mediator.

The flooded village of Dizi in the Dashtiari region of Balochistan - at nine o'clock in the morning on the 8th of July 1403

#for_Iran
instagram.com/p/C8wG06DqQcv/"
1806060350002901439,alirabiei_iran,2024-06-26 20:21:57.076000+00:00,"همه نظرسنجی‌ها، حاکی از پیشتاز بودن آرای پزشکیان با درصد قابل‌توجهی است. 

این وظیفه تاریخی و سرنوشت‌ساز همه ما است: هر ایرانی، چند رای؛ یعنی هر فرد به عنوان یک رسانه، برای رای به تغییر و عبور از وضع موجود در این ساعات اندک باقی مانده تلاش و اطلاع‌رسانی کند.

#پزشکیان
#برای_ایران",0,0,0,https://x.com/AliRabiei_Iran/status/1806060350002901439,"همه نظرسنجی‌ها، حاکی از پیشتاز بودن آرای پزشکیان با درصد قابل‌توجهی است. 

این وظیفه تاریخی و سرنوشت‌ساز همه ما است: هر ایرانی، چند رای؛ یعنی هر فرد به عنوان یک رسانه، برای رای به تغییر و عبور از وضع موجود در این ساعات اندک باقی مانده تلاش و اطلاع‌رسانی کند.

#پزشکیان
#برای_ایران","All polls indicate that doctors are in the lead with a significant percentage. 

This is the historical and fateful duty of all of us: every Iranian, how many votes; It means that every person, as a media, should try and inform in these few remaining hours to vote for change and overcome the existing situation.

#Doctors
#for_Iran"
1806047523858972901,alirabiei_iran,2024-06-26 19:30:59.085000+00:00,"وقتی می‌بینم عده‌ای بعد از سانحه دلخراش برای رئیس جمهور فقید، ناکارامدی امیدزدای خود را آن‌چنان پنهان می‌کنند که گویی سه سال از تاریخ ایران حذف شده است.

بر اساس جامعه شناسی سیاسی در تبیین این وضعیت،  در بحران دستاورد، دو واکنش و یک نتیجه وجود دارد:
۱. غیر واقع گویی پر تکرار
۲.",0,0,0,https://x.com/AliRabiei_Iran/status/1806047523858972901,"وقتی می‌بینم عده‌ای بعد از سانحه دلخراش برای رئیس جمهور فقید، ناکارامدی امیدزدای خود را آن‌چنان پنهان می‌کنند که گویی سه سال از تاریخ ایران حذف شده است.

بر اساس جامعه شناسی سیاسی در تبیین این وضعیت،  در بحران دستاورد، دو واکنش و یک نتیجه وجود دارد:
۱. غیر واقع گویی پر تکرار
۲.","When I see some people after the heartbreaking accident for the late president, they hide their hopeless incompetence as if three years have been removed from Iran's history.

According to political sociology in explaining this situation, in the crisis of achievement, there are two reactions and one result:
1. Repetitive unreality
2."
1805998238593438134,alirabiei_iran,2024-06-26 16:15:08.562000+00:00,نتیجه دولت عمیق و پنهان در دهه نود و تداوم آن با حمایت همه جانبه درسه سال اخیر، فقط سیصد میلیارد دلار زیان ملی و نابودی زیرساختها وزندگی پررنج و فقر مردم ناشی از فشار تحریم نبود، بلکه سبب پدید آمدن آثار نگران‌کننده‌‌تری همچون تنگ‌شدن فضای زندگی اجتماعی، تعارض با زندگی روزمره مردم,0,0,0,https://x.com/AliRabiei_Iran/status/1805998238593438134,نتیجه دولت عمیق و پنهان در دهه نود و تداوم آن با حمایت همه جانبه درسه سال اخیر، فقط سیصد میلیارد دلار زیان ملی و نابودی زیرساختها وزندگی پررنج و فقر مردم ناشی از فشار تحریم نبود، بلکه سبب پدید آمدن آثار نگران‌کننده‌‌تری همچون تنگ‌شدن فضای زندگی اجتماعی، تعارض با زندگی روزمره مردم,"The result of the deep and hidden government in the nineties and its continuation with all-round support for the last three years, was not only three hundred billion dollars in national losses and the destruction of infrastructures and the painful life and poverty of the people due to the pressure of sanctions, but also caused the emergence of more worrying effects such as narrowing the space of social life, conflict with the daily life of the people."
1805931309249790455,alirabiei_iran,2024-06-26 11:49:11.363000+00:00,"مسئله، تنها سیاست خارجی،  تحریم و مناسبات عادی ایران با جهان نیست‌.

پیش از آن، اولویت مسائل ایران امروز، سیاست‌های داخلی، فرهنگی،  اجتماعی و زندگی روزمره ایرانیان است.
از چهار کاندیدی که در مقابل پزشکیان قرار دارند، نه تنها اراده‌ای بر تغییر سیاست‌های داخلی مشاهده نمی‌شود، بلکه",0,0,0,https://x.com/AliRabiei_Iran/status/1805931309249790455,"مسئله، تنها سیاست خارجی،  تحریم و مناسبات عادی ایران با جهان نیست‌.

پیش از آن، اولویت مسائل ایران امروز، سیاست‌های داخلی، فرهنگی،  اجتماعی و زندگی روزمره ایرانیان است.
از چهار کاندیدی که در مقابل پزشکیان قرار دارند، نه تنها اراده‌ای بر تغییر سیاست‌های داخلی مشاهده نمی‌شود، بلکه","The problem is not only Iran's foreign policy, sanctions and normal relations with the world.

Before that, the priority of today's Iranian issues is the domestic, cultural, social policies and daily life of Iranians.
From the four candidates who are in front of the doctors, not only is there no will to change domestic policies, but also"
1805878352873468130,alirabiei_iran,2024-06-26 08:18:45.579000+00:00,"پورمحمدی درست می‌گوید . یکی از مشکلات وزرا مقابله با فشارهای گروه‌های فشار با اهرم‌هایی مثل سوال، استیضاح و...  بود. سهم‌خواهی جناح‌های سیاسی عمدتا عامل فساد و ناکارآمدی است.

 متاسفانه امروز اخباری دارم که شرکتهای بزرگ دولتی و خصولتی تبدیل به شرکتهای سهامی احزاب سیاسی به ظاهر",0,0,0,https://x.com/AliRabiei_Iran/status/1805878352873468130,"پورمحمدی درست می‌گوید . یکی از مشکلات وزرا مقابله با فشارهای گروه‌های فشار با اهرم‌هایی مثل سوال، استیضاح و...  بود. سهم‌خواهی جناح‌های سیاسی عمدتا عامل فساد و ناکارآمدی است.

 متاسفانه امروز اخباری دارم که شرکتهای بزرگ دولتی و خصولتی تبدیل به شرکتهای سهامی احزاب سیاسی به ظاهر","Pourmohammadi is right. One of the problems of the ministers was to deal with the pressures of the pressure groups with levers such as questions, impeachment, etc. Political factions' interest is mainly the cause of corruption and inefficiency.

 Unfortunately, today I have news that large state-owned companies have turned into joint-stock companies of political parties"
1805589281290748223,alirabiei_iran,2024-06-25 13:10:05.543000+00:00,"دارم مناظرات را می‌بینم. فقدان دانش و رفتار توده‌ستا غوغا می‌کند. به جای صحبت از آینده‌ای با دستاوردهای ملموس، رویا‌فروشی رواج دارد.

 با القای تصویری از یک غایب به عنوان دشمن موهوم و با اتهام زدن به او، برای حذف پزشکیان تلاش می‌کنند. 
انگار هیچ عملکردی در این سه سال وجود نداشته",0,0,0,https://x.com/AliRabiei_Iran/status/1805589281290748223,"دارم مناظرات را می‌بینم. فقدان دانش و رفتار توده‌ستا غوغا می‌کند. به جای صحبت از آینده‌ای با دستاوردهای ملموس، رویا‌فروشی رواج دارد.

 با القای تصویری از یک غایب به عنوان دشمن موهوم و با اتهام زدن به او، برای حذف پزشکیان تلاش می‌کنند. 
انگار هیچ عملکردی در این سه سال وجود نداشته","I am watching the debates. The lack of knowledge and behavior of the masses is uproar. Instead of talking about a future with concrete achievements, selling dreams is prevalent.

 By instilling an image of an absentee as an imaginary enemy and accusing him, they try to eliminate doctors. 
It is as if there has been no performance in these three years"
1805484951850156506,alirabiei_iran,2024-06-25 06:15:31.466000+00:00,"آخرین نظرسنجی‌ها حاکی از رشد خیره‌کننده تمایل رای به پزشکیان است. 

رقیب پزشکیان، این چهار نفر نیستند! رقیب پزشکیان، ناامیدی از نتایج مشارکت است که آن هم برآمده از کارشکنی‌ها در گذشته و در مقابله با رای مردم و همچنین عملکرد جریان یک‌دست‌شده سالهای اخیر می‌باشد.

مردم؛ با مشارکت",0,0,0,https://x.com/AliRabiei_Iran/status/1805484951850156506,"آخرین نظرسنجی‌ها حاکی از رشد خیره‌کننده تمایل رای به پزشکیان است. 

رقیب پزشکیان، این چهار نفر نیستند! رقیب پزشکیان، ناامیدی از نتایج مشارکت است که آن هم برآمده از کارشکنی‌ها در گذشته و در مقابله با رای مردم و همچنین عملکرد جریان یک‌دست‌شده سالهای اخیر می‌باشد.

مردم؛ با مشارکت","The latest polls show a staggering growth in the desire to vote for doctors. 

Competitors of doctors, these four people are not! The rival of the doctors is the disappointment of the results of the participation, which is also a result of the failures in the past and in confronting the people's vote, as well as the performance of the unified flow of recent years.

the people; with participation"
1805334973924393353,alirabiei_iran,2024-06-24 20:19:33.942000+00:00,"از روز اول شناسایی کرونا تا آخرین روزهای مسئولیتم در تمام جلسات بودم. 
یادم نمی‌رود همه دوگانگی‌هایی که ساختید. از یاد نمی‌برم گفتید انتخابات است، اعلام نکنید. دوگانه واکسن داخلی و خارجی را شما ساختید. امروز که همه در مسئولیت هستید، چگونه چشم در چشم ملت  امضاهایتان را انکار می",0,0,0,https://x.com/AliRabiei_Iran/status/1805334973924393353,"از روز اول شناسایی کرونا تا آخرین روزهای مسئولیتم در تمام جلسات بودم. 
یادم نمی‌رود همه دوگانگی‌هایی که ساختید. از یاد نمی‌برم گفتید انتخابات است، اعلام نکنید. دوگانه واکسن داخلی و خارجی را شما ساختید. امروز که همه در مسئولیت هستید، چگونه چشم در چشم ملت  امضاهایتان را انکار می","From the first day of detection of Corona until the last days of my responsibility, I was in all the meetings. 
I don't remember all the dichotomies you made. I don't forget, you said that it's an election, don't announce it. You made the dual internal and external vaccine. Today, when you are all in charge, how can you deny your signatures in the eyes of the nation?"
1805326120654618783,alirabiei_iran,2024-06-24 19:44:23.158000+00:00,"امشب چهار نفر با انکار آثار زیان‌بار یکدست‌سازی، سعی در یک القای همدستانه داشتند. 

دولت پزشکیان، دولت اول او خواهد بود و به جای یکدست‌سازی، با هم بودن و انسجام را دنبال خواهد کرد.

در تداوم شما نه تنها توسعه‌ای حاصل نمی‌شود بلکه بقایی با زجر بیشتر و جامعه ای ضعیف‌تر پدید می‌آید.",0,0,0,https://x.com/AliRabiei_Iran/status/1805326120654618783,"امشب چهار نفر با انکار آثار زیان‌بار یکدست‌سازی، سعی در یک القای همدستانه داشتند. 

دولت پزشکیان، دولت اول او خواهد بود و به جای یکدست‌سازی، با هم بودن و انسجام را دنبال خواهد کرد.

در تداوم شما نه تنها توسعه‌ای حاصل نمی‌شود بلکه بقایی با زجر بیشتر و جامعه ای ضعیف‌تر پدید می‌آید.","Tonight, four people tried to induce a conspiracy by denying the harmful effects of homogenization. 

The government of doctors will be his first government and instead of homogenization, it will pursue togetherness and cohesion.

In your continuation, not only development will not be achieved, but survival with more suffering and a weaker society will emerge."
1804249036041465955,alirabiei_iran,2024-06-21 20:24:26.175000+00:00,"دو رویکرد در مواجهه با فرهنگ وجود دارد: اولی مهندسی فرهنگ با نگاهی ساخت و سازی مثل پول دادن و بتن ریختن، و رویکرد دوم  پرورشی و رشد فرهنگ از بطن جامعه.

در حوزه فرهنگ؛ آزادی اندیشه، تکثرگرایی، مدارا و گفتگو در بطن جامعه موجب پویایی است.

 در مناظره امشب، پزشکیان بر عدم اجبار و",0,0,0,https://x.com/AliRabiei_Iran/status/1804249036041465955,"دو رویکرد در مواجهه با فرهنگ وجود دارد: اولی مهندسی فرهنگ با نگاهی ساخت و سازی مثل پول دادن و بتن ریختن، و رویکرد دوم  پرورشی و رشد فرهنگ از بطن جامعه.

در حوزه فرهنگ؛ آزادی اندیشه، تکثرگرایی، مدارا و گفتگو در بطن جامعه موجب پویایی است.

 در مناظره امشب، پزشکیان بر عدم اجبار و","There are two approaches in dealing with culture: the first is culture engineering with a construction perspective such as giving money and pouring concrete, and the second approach is nurturing and growing culture from the heart of society.

in the field of culture; Freedom of thought, pluralism, tolerance and dialogue in the heart of the society cause dynamism.

 In tonight's debate, doctors on non-compulsion and"
1804237075140743404,alirabiei_iran,2024-06-21 19:36:54.474000+00:00,"در حال مشاهده مناظره سوم هستم. 
با خود می‌اندیشم این‌گونه است که اخلاق و بی‌اخلاقی از سمت نخبگان سیاسی، جامعه را متاثر می‌کند! 

ایران امروز به اخلاق، آرامش و باهم‌بودگی نیاز دارد.

 کشورمان بیش از همه از بی‌اخلاقی، تقسیم هر روزه آدم‌ها، انگ زدن‌ها، وعده‌های بی‌مبنا و جاخالی دادن",0,0,0,https://x.com/AliRabiei_Iran/status/1804237075140743404,"در حال مشاهده مناظره سوم هستم. 
با خود می‌اندیشم این‌گونه است که اخلاق و بی‌اخلاقی از سمت نخبگان سیاسی، جامعه را متاثر می‌کند! 

ایران امروز به اخلاق، آرامش و باهم‌بودگی نیاز دارد.

 کشورمان بیش از همه از بی‌اخلاقی، تقسیم هر روزه آدم‌ها، انگ زدن‌ها، وعده‌های بی‌مبنا و جاخالی دادن","I am watching the third debate. 
I think to myself, this is how morality and immorality on the part of the political elite affects the society! 

Iran today needs ethics, peace and togetherness.

 Most of all, our country suffers from immorality, daily division of people, stigmatization, baseless promises and evasion."
1803481955851194588,alirabiei_iran,2024-06-19 17:36:20.006000+00:00,"لَّا يُحِبُّ اللَّهُ الْجَهْرَ بِالسُّوءِ مِنَ الْقَوْلِ إِلَّا مَن ظُلِمَ ۚ وَكَانَ اللَّهُ سَمِيعًا عَلِيمًا

سوره نساء آیه ۱۴۸

خدا بلند كردن صدا را به بدگويى دوست ندارد، مگر از آن كس كه به او ستمى شده باشد، و خدا شنوا و داناست.

#برای_ایران 
#پزشکیان
#محمد_فاضلی",0,0,0,https://x.com/AliRabiei_Iran/status/1803481955851194588,"لَّا يُحِبُّ اللَّهُ الْجَهْرَ بِالسُّوءِ مِنَ الْقَوْلِ إِلَّا مَن ظُلِمَ ۚ وَكَانَ اللَّهُ سَمِيعًا عَلِيمًا

سوره نساء آیه ۱۴۸

خدا بلند كردن صدا را به بدگويى دوست ندارد، مگر از آن كس كه به او ستمى شده باشد، و خدا شنوا و داناست.

#برای_ایران 
#پزشکیان
#محمد_فاضلی","Allah does not like the appearance of bad words except those who are unjust. And Allah is All-Hearing, All-Knowing.

Surah Nisa verse 148

God does not like raising the voice to speak evil, except from the one who has wronged Him, and God is All-Hearing and All-Knowing.

#for_Iran 
#Doctors
#Mohammed_Fazli"
1803406072058728533,alirabiei_iran,2024-06-19 12:34:47.900000+00:00,"«سلام استاد گرامی، از شما دعوت می شود در گردهمایی بزرگ اساتید کشور با حضور دکتر ... شرکت فرمائید.
زمان: چهارشنبه 30 خردادماه، ساعت 8 الی 10 صبح. آدرس: خیابان انقلاب، دانشگاه تهران، تالار علامه امینی.
لغو11»

این پیام ۲ روز پیاپی برای من آمده است. چه کسانی به شماره اساتید دسترسی",0,0,0,https://x.com/AliRabiei_Iran/status/1803406072058728533,"«سلام استاد گرامی، از شما دعوت می شود در گردهمایی بزرگ اساتید کشور با حضور دکتر ... شرکت فرمائید.
زمان: چهارشنبه 30 خردادماه، ساعت 8 الی 10 صبح. آدرس: خیابان انقلاب، دانشگاه تهران، تالار علامه امینی.
لغو11»

این پیام ۲ روز پیاپی برای من آمده است. چه کسانی به شماره اساتید دسترسی","""Hello dear professor, you are invited to participate in the big meeting of the country's professors with the presence of Dr.
Time: Wednesday, June 30, 8-10 am. Address: Allameh Amini Hall, Tehran University, Elkhebal St.
Cancel 11""

This message has come to me 2 days in a row. Who has access to professors' numbers?"
1803131143861993788,alirabiei_iran,2024-06-18 18:22:19.910000+00:00,"در میزگرد فرهنگی فردا، #پزشکیان را محمد بهشتی و محمد فاضلی همراهی خواهند کرد.

 افراد همراه، نشانی از سیاست‌های آینده کاندیدا در خصوص فرهنگ، هنر، ادبیات، سبنما، کتاب،  دانشگاه و علم به خصوص علوم انسانی و.... دارند.

#برای_ایران
#بازگشت_زندگی",0,0,0,https://x.com/AliRabiei_Iran/status/1803131143861993788,"در میزگرد فرهنگی فردا، #پزشکیان را محمد بهشتی و محمد فاضلی همراهی خواهند کرد.

 افراد همراه، نشانی از سیاست‌های آینده کاندیدا در خصوص فرهنگ، هنر، ادبیات، سبنما، کتاب،  دانشگاه و علم به خصوص علوم انسانی و.... دارند.

#برای_ایران
#بازگشت_زندگی","In tomorrow's cultural round table, doctors will be accompanied by Mohammad Beheshti and Mohammad Fazeli.

 The accompanying persons have an indication of the candidate's future policies regarding culture, art, literature, books, university and science, especially humanities, etc.

#for_Iran
#return_of_life"
1803044766831067520,alirabiei_iran,2024-06-18 12:39:06.021000+00:00,"راهبرد #پزشکیان در مناظره امروز سیاست خارجی: برای زندگی بهتر مردم، راه درست ائتلاف در داخل و کار با همه جهان است. بازگشت به انسجام داخلی و گرفتن سهم  و حق مردم ایران ازنظام اقتصاد جهانی مسیری است که باید با جدیت دنبال شود.

تورم، عقب‌ماندگی، فقر، نابرابری و فساد نتیجه تداوم تحریم",0,0,0,https://x.com/AliRabiei_Iran/status/1803044766831067520,"راهبرد #پزشکیان در مناظره امروز سیاست خارجی: برای زندگی بهتر مردم، راه درست ائتلاف در داخل و کار با همه جهان است. بازگشت به انسجام داخلی و گرفتن سهم  و حق مردم ایران ازنظام اقتصاد جهانی مسیری است که باید با جدیت دنبال شود.

تورم، عقب‌ماندگی، فقر، نابرابری و فساد نتیجه تداوم تحریم","#Physicians' strategy in today's foreign policy debate: for a better life for people, the right way is coalition inside and working with the whole world. Returning to internal cohesion and taking the share and rights of the Iranian people from the global economic system is a path that must be followed seriously.

Inflation, backwardness, poverty, inequality and corruption are the result of continued embargo"
1802738611747541334,alirabiei_iran,2024-06-17 16:22:32.961000+00:00,"روند سنجش‌های موجود، حاکی از آن است که توجه به #پزشکیان در افکار عمومی در سطح کشور رو به افزایش است.
 با این وصف، به نظر می‌رسد رسیدن از  توجه و تمایل به ایجاد انگیزه و کنش رای‌دهندگی فاصله زیادی نداشته باشد.

شاید در زمانی قهر و عدم مشارکت، واکنشی طبیعی در پاسخ به شرایط باشد اما",0,0,0,https://x.com/AliRabiei_Iran/status/1802738611747541334,"روند سنجش‌های موجود، حاکی از آن است که توجه به #پزشکیان در افکار عمومی در سطح کشور رو به افزایش است.
 با این وصف، به نظر می‌رسد رسیدن از  توجه و تمایل به ایجاد انگیزه و کنش رای‌دهندگی فاصله زیادی نداشته باشد.

شاید در زمانی قهر و عدم مشارکت، واکنشی طبیعی در پاسخ به شرایط باشد اما","The trend of existing measurements indicates that attention to doctors is increasing in public opinion at the country level.
 With this description, it seems that reaching the attention and desire to create motivation and voting action is not far away.

Maybe in a time of anger and non-participation, it is a natural reaction in response to the situation"
1802391019792564411,alirabiei_iran,2024-06-16 17:21:20.581000+00:00,"امروز خبر تلخ محبوس شدن کارگران معدن شازند در زیر آوار را شنیدم.

 ضمن تسلیت به جامعه کارگری و خانواده دو معدن‌کار جانباخته، برای سلامت و رهایی بقیه معدنکاران از دل معدن و زیر آوار دعا می‌کنم. ما ایرانیان نیز در نهایت همدلی، همراه با خانواده‌های این عزیزان،  چشم‌انتظار و نگران",0,0,0,https://x.com/AliRabiei_Iran/status/1802391019792564411,"امروز خبر تلخ محبوس شدن کارگران معدن شازند در زیر آوار را شنیدم.

 ضمن تسلیت به جامعه کارگری و خانواده دو معدن‌کار جانباخته، برای سلامت و رهایی بقیه معدنکاران از دل معدن و زیر آوار دعا می‌کنم. ما ایرانیان نیز در نهایت همدلی، همراه با خانواده‌های این عزیزان،  چشم‌انتظار و نگران","Today, I heard the bitter news that Shazand mine workers were trapped under the rubble.

 While offering my condolences to the labor community and the families of the two deceased miners, I pray for the health and release of the rest of the miners from the mine and under the rubble. We Iranians also sympathize with the families of these loved ones, waiting and worried"
1801608354810179810,alirabiei_iran,2024-06-14 13:31:18.708000+00:00,"آنچه از پزشکیان دریافته‌ام: او قصد بیان دروغ به هیچ شکلی حتی به صورت غیرآگاهانه را هم ندارد.

 مردم ایران چوب‌خورده و ناامید از رویا فروشی‌های رایج از سوی کارنابلدان، با جملات پرطمطراق هستند. تجربه‌‌های گذشته و اخیر، نشان داد که با پرواز خیال‌ و عدم فهم از الزامات آن، دو  جهان؛",0,0,0,https://x.com/AliRabiei_Iran/status/1801608354810179810,"آنچه از پزشکیان دریافته‌ام: او قصد بیان دروغ به هیچ شکلی حتی به صورت غیرآگاهانه را هم ندارد.

 مردم ایران چوب‌خورده و ناامید از رویا فروشی‌های رایج از سوی کارنابلدان، با جملات پرطمطراق هستند. تجربه‌‌های گذشته و اخیر، نشان داد که با پرواز خیال‌ و عدم فهم از الزامات آن، دو  جهان؛","What I have learned from the doctors: He does not intend to tell a lie in any way, even unconsciously.

 The people of Iran are fed up and disappointed with the common dream sales by carnabeldans, with ambitious statements. Past and recent experiences showed that with the flight of imagination and lack of understanding of its requirements, two worlds;"
1800446428633792777,alirabiei_iran,2024-06-11 08:34:13.920000+00:00,"جامعه، از نزاع های سیاسی، از حذف نخبگان و بازی برای قدرت خسته است.

از تخریب و تهمت به این و آن، از سرک کشیدن به حوزه خصوصی و... دلزده شده است.

جامعه تغییر و آرامش می‌خواهد. جامعه عبور از یکدستی در عین باهم‌بودگی می‌خواهد و به دنبال تحقق دوباره امید در زندگی است.

مردم خواهان",0,0,0,https://x.com/AliRabiei_Iran/status/1800446428633792777,"جامعه، از نزاع های سیاسی، از حذف نخبگان و بازی برای قدرت خسته است.

از تخریب و تهمت به این و آن، از سرک کشیدن به حوزه خصوصی و... دلزده شده است.

جامعه تغییر و آرامش می‌خواهد. جامعه عبور از یکدستی در عین باهم‌بودگی می‌خواهد و به دنبال تحقق دوباره امید در زندگی است.

مردم خواهان","The society is tired of political fights, of eliminating elites and playing for power.

It is saddened by the destruction and slander of this and that, by going into the private sphere, etc.

Society wants change and peace. The society wants to pass from uniformity while being together and seeks to realize hope in life again.

demanding people"
1799904892493942868,alirabiei_iran,2024-06-09 20:42:21.643000+00:00,"وقتی جامعه تشنه امید است، حتی یک تایید صلاحیت متفاوت، چنین موج و حس خوبی را در میان مردم ایجاد می‌کند.

 با شناخت دیرینم از #پزشکیان ، قاطعانه می‌گویم: او می‌تواند.

 ویژگی‌های آشکار او «صداقت، روراستی با مردم، اخلاق گرایی، اعتقاد به همه ایرانیان، ...» خواست وجدان جمعی جامعه",0,0,0,https://x.com/AliRabiei_Iran/status/1799904892493942868,"وقتی جامعه تشنه امید است، حتی یک تایید صلاحیت متفاوت، چنین موج و حس خوبی را در میان مردم ایجاد می‌کند.

 با شناخت دیرینم از #پزشکیان ، قاطعانه می‌گویم: او می‌تواند.

 ویژگی‌های آشکار او «صداقت، روراستی با مردم، اخلاق گرایی، اعتقاد به همه ایرانیان، ...» خواست وجدان جمعی جامعه","When society is hungry for hope, even a different qualification creates such a wave and good feeling among people.

 Knowing doctors for a long time, I firmly say: He can.

 His obvious characteristics ""honesty, honesty with the people, moralism, belief in all Iranians,..."" demanded by the collective conscience of the society."
1799904740462985489,alirabiei_iran,2024-06-09 20:41:45.396000+00:00,"نتایج اعلامی #شورای_نگهبان ، در روندی همیشگی، گیج کننده و فاقد منطق اقناعی است. چرا عده‌ای رد و برخی دیگر تایید می‌شوند. 
امروز همه‌جا و در صحبت با هر کسی، ابهامی بزرگ و غیرقابل توجیه از مقایسه رد صلاحیت شدگان #اصلاح‌طلب و اعتدالی با برخی تاییدشدگان #اصولگرا را شاهد بودم.",0,0,0,https://x.com/AliRabiei_Iran/status/1799904740462985489,"نتایج اعلامی #شورای_نگهبان ، در روندی همیشگی، گیج کننده و فاقد منطق اقناعی است. چرا عده‌ای رد و برخی دیگر تایید می‌شوند. 
امروز همه‌جا و در صحبت با هر کسی، ابهامی بزرگ و غیرقابل توجیه از مقایسه رد صلاحیت شدگان #اصلاح‌طلب و اعتدالی با برخی تاییدشدگان #اصولگرا را شاهد بودم.","The announced results of the Guardian Council are confusing and lack persuasive logic as usual. Why are some rejected and others approved? 
Today, everywhere and in talking with anyone, I witnessed a great and unjustifiable ambiguity comparing the disqualified #reformers and moderates with some confirmed #fundamentalists."
1798712643814928793,alirabiei_iran,2024-06-06 13:44:47.407000+00:00,"در روز جهانی محیط زیست، فکر می‌کنم  نگاه امنیتی غلط به فعالیت‌های زیست محیطی در چند سال گذشته، منجر به تبعاتی همچون زندان و محکومیت برای این فعالان شده است. باید از محیط زیست، امنیتی‌زدایی شود و به جای آن «امنیت زیست محیطی» را درک و جاری کنیم.

#فعالان_محیط_زیست
متن کامل یادداشت",0,0,0,https://x.com/AliRabiei_Iran/status/1798712643814928793,"در روز جهانی محیط زیست، فکر می‌کنم  نگاه امنیتی غلط به فعالیت‌های زیست محیطی در چند سال گذشته، منجر به تبعاتی همچون زندان و محکومیت برای این فعالان شده است. باید از محیط زیست، امنیتی‌زدایی شود و به جای آن «امنیت زیست محیطی» را درک و جاری کنیم.

#فعالان_محیط_زیست
متن کامل یادداشت","On World Environment Day, I think that the wrong security view of environmental activities in the past few years has led to consequences such as prison and conviction for these activists. The environment should be de-securitized and instead we should understand and implement ""environmental security"".

#environmental_activists
Full text of the note"
2021958268382294464/photo/1,alirabiei_iran,,"Lebanon’s deterrence model is under strain, but the state lacks the capacity for conventional military power.
Can deterrence be rebuilt through institutions, diplomacy, and legitimacy rather than non-state armed actors?

Join our online panel: 5pm Beirut | 3pm GMT| 10am",0,0,0,https://x.com/Badilmedia/status/2021958268382294464/photo/1,"Lebanon’s deterrence model is under strain, but the state lacks the capacity for conventional military power.
Can deterrence be rebuilt through institutions, diplomacy, and legitimacy rather than non-state armed actors?

Join our online panel: 5pm Beirut | 3pm GMT| 10am","Lebanon’s deterrence model is under strain, but the state lacks the capacity for conventional military power.
Can deterrence be rebuilt through institutions, diplomacy, and legitimacy rather than non-state armed actors?

Join our online panel: 5pm Beirut | 3pm GMT| 10am"
1798079657939714179,alirabiei_iran,2024-06-04 19:49:31.814000+00:00,اکنون که باز فرصتی برای مطرح شدن صندوق رأی و فرصتی برای رأی‌دهندگان فراهم شده است، هم حکومت و هم جامعه می‌توانند این انتخابات را فرصتی برای بازیابی جامعه، فرصت‌یابی‌ها و برآورده کردن خواست عمومی تبدیل کنند. بدون‌شک نقش تصمیم‌گیران و سیاستگذاران #انتخابات و فرصتی که به جامعه می,0,0,0,https://x.com/AliRabiei_Iran/status/1798079657939714179,اکنون که باز فرصتی برای مطرح شدن صندوق رأی و فرصتی برای رأی‌دهندگان فراهم شده است، هم حکومت و هم جامعه می‌توانند این انتخابات را فرصتی برای بازیابی جامعه، فرصت‌یابی‌ها و برآورده کردن خواست عمومی تبدیل کنند. بدون‌شک نقش تصمیم‌گیران و سیاستگذاران #انتخابات و فرصتی که به جامعه می,"Now that there is an opportunity to raise the ballot box and an opportunity for the voters, both the government and the society can turn this election into an opportunity to restore the society, find opportunities and fulfill the public will. Undoubtedly, the role of decision-makers and policy-makers in #elections and the opportunity it brings to the society"
1798005439835086855,alirabiei_iran,2024-06-04 14:54:36.839000+00:00,"آنچه که این روزها جامعه در صحنه سیاسی #انتخابات با تعجب شاهد بود، به نظرم نگران‌کننده و موروث انتخابات مهندسی شده، کوچک و کوچکتر شدن مداوم گردش نخبگان، غربالگری مداوم در نظام سیاسی و بیرون ماندن بسیاری از بزرگان، جامعه بی‌میانجی و بی‌سامانی سیاسی است.
اهتمام به صندوق‌ها به عنوان",0,0,0,https://x.com/AliRabiei_Iran/status/1798005439835086855,"آنچه که این روزها جامعه در صحنه سیاسی #انتخابات با تعجب شاهد بود، به نظرم نگران‌کننده و موروث انتخابات مهندسی شده، کوچک و کوچکتر شدن مداوم گردش نخبگان، غربالگری مداوم در نظام سیاسی و بیرون ماندن بسیاری از بزرگان، جامعه بی‌میانجی و بی‌سامانی سیاسی است.
اهتمام به صندوق‌ها به عنوان","What the society witnessed with surprise these days in the political scene of the #elections is, in my opinion, alarming and a legacy of engineered elections, the continuous shrinking of the circulation of elites, continuous screening in the political system and the exclusion of many elders, a society of unmediated and political disorganization.
attention to funds as"
1798003428381131089,alirabiei_iran,2024-06-04 14:46:37.271000+00:00,"دموکراسی مبتنی بر #انتخابات فرایندی سه مرحله‌ای است که صندوق‌های رأی در مرحله میانی آن جای دارد. 
  مرحله «پیشاصندوق»، اهمیتی بیشتر دارد و مرحله‌ای مبنایی‌تر در این فرایند است. قبل از صندوق رأی وجود نهادهای متکثر و قوی صنفی، اجتماعی، هنری و حتی مقدم بر نهادهای سیاسی بوده و جزء",0,0,0,https://x.com/AliRabiei_Iran/status/1798003428381131089,"دموکراسی مبتنی بر #انتخابات فرایندی سه مرحله‌ای است که صندوق‌های رأی در مرحله میانی آن جای دارد. 
  مرحله «پیشاصندوق»، اهمیتی بیشتر دارد و مرحله‌ای مبنایی‌تر در این فرایند است. قبل از صندوق رأی وجود نهادهای متکثر و قوی صنفی، اجتماعی، هنری و حتی مقدم بر نهادهای سیاسی بوده و جزء","Democracy based on #elections is a three-stage process with ballot boxes in the middle stage. 
  The ""cashier"" stage is more important and is a more basic stage in this process. Before the ballot box, there were numerous and strong trade union, social, artistic institutions and even before the political institutions and were part of"
1794583916076032511,alirabiei_iran,2024-05-26 04:18:42.006000+00:00,"۱_ به سهم خودم، از تک‌تک اساتید پوزش می خواهم وسپاسگزارم؛ برای ایران‌دوستی شما، برای فهم و انتقال اندوخته‌های علمی‌تان به جامعه، برای بودن‌تان در کنار مردم و التیام بخشی به آنان و بخاطر دلسوزی‌تان. 
.
۲_از پنجه کشیدن بر چهره علوم اجتماعی و جامعه‌شناسی، چه بهره‌ای جز نفرت‌پراکنی،",0,0,0,https://x.com/AliRabiei_Iran/status/1794583916076032511,"۱_ به سهم خودم، از تک‌تک اساتید پوزش می خواهم وسپاسگزارم؛ برای ایران‌دوستی شما، برای فهم و انتقال اندوخته‌های علمی‌تان به جامعه، برای بودن‌تان در کنار مردم و التیام بخشی به آنان و بخاطر دلسوزی‌تان. 
.
۲_از پنجه کشیدن بر چهره علوم اجتماعی و جامعه‌شناسی، چه بهره‌ای جز نفرت‌پراکنی،","1_ For my part, I apologize and thank each and every professor; For your love for Iran, for understanding and transferring your scientific knowledge to the society, for being with the people and healing them, and for your compassion. 
.
2- What is the benefit of clawing at the face of social sciences and sociology except spreading hatred?"
1794416215969931664,alirabiei_iran,2024-05-25 17:12:19.185000+00:00,"این روزها همدلی و همراهی شکل‌گرفته در سوگ ملی، می‌تواند فرصت و سرمایه‌ای برای آینده سیاسی و اجتماعی کشور باشد. بدون تردید عبور موفق از مسائل مختلفی که امروز در #ایران هست بدون همراهی و همدلی، درک مشترک و مشارکت همگان میسر نخواهد بود.
هرچند چشم‌اندازی نمی‌بینم اما باز هم فرصتی",0,0,0,https://x.com/AliRabiei_Iran/status/1794416215969931664,"این روزها همدلی و همراهی شکل‌گرفته در سوگ ملی، می‌تواند فرصت و سرمایه‌ای برای آینده سیاسی و اجتماعی کشور باشد. بدون تردید عبور موفق از مسائل مختلفی که امروز در #ایران هست بدون همراهی و همدلی، درک مشترک و مشارکت همگان میسر نخواهد بود.
هرچند چشم‌اندازی نمی‌بینم اما باز هم فرصتی","These days, the empathy and companionship formed in the national mourning can be an opportunity and capital for the political and social future of the country. Undoubtedly, it will not be possible to successfully overcome the various issues that exist in #Iran today without companionship and empathy, common understanding and participation of all.
Although I do not see a prospect, but still an opportunity"
1794415845927535098,alirabiei_iran,2024-05-25 17:10:50.960000+00:00,علت اصلی پدیده #دوم_خرداد ، ارزش‌های تغییریافته و تغییرخواهی به خصوص از سوی جوانان آن دوره است. به نظر می‌رسد آغاز شکل‌گیری ارزش‌های ابراز وجود که به یک پدیده عمومی در نسل‌های امروز نمایان است از آن دوره قابل مشاهده بود که منجر به انتخاب و رفتار سیاسی مشخصی شد؛ از سوی دیگر، حس,0,0,0,https://x.com/AliRabiei_Iran/status/1794415845927535098,علت اصلی پدیده #دوم_خرداد ، ارزش‌های تغییریافته و تغییرخواهی به خصوص از سوی جوانان آن دوره است. به نظر می‌رسد آغاز شکل‌گیری ارزش‌های ابراز وجود که به یک پدیده عمومی در نسل‌های امروز نمایان است از آن دوره قابل مشاهده بود که منجر به انتخاب و رفتار سیاسی مشخصی شد؛ از سوی دیگر، حس,"The main reason for the phenomenon of #2nd_Khordad is the changed values ​​and desire for change, especially from the youth of that period. It seems that the beginning of the formation of the values ​​of self-expression, which is visible to a general phenomenon in today's generations, was visible from that period, which led to a certain political choice and behavior; On the other hand, sense"
1792508179273638155,alirabiei_iran,2024-05-20 10:50:27.787000+00:00,"در طول سالهای مدید، ملت فهیم و قدرشناس ایران، شهدای گرانقدری را در راه کشور و خدمت تقدیم کرده است. از شهدای انقلاب، جنگ تحمیلی تا خادمانی که در راه خدمت به فیض عظیم شهادت نائل آمد‌ه‌اند. در تمام این سالها، همدلی عمومی و همدردی بدرقه راه این عزیزان بوده است.
اینجانب به سهم خود",0,0,0,https://x.com/AliRabiei_Iran/status/1792508179273638155,"در طول سالهای مدید، ملت فهیم و قدرشناس ایران، شهدای گرانقدری را در راه کشور و خدمت تقدیم کرده است. از شهدای انقلاب، جنگ تحمیلی تا خادمانی که در راه خدمت به فیض عظیم شهادت نائل آمد‌ه‌اند. در تمام این سالها، همدلی عمومی و همدردی بدرقه راه این عزیزان بوده است.
اینجانب به سهم خود","Over the years, the understanding and appreciative nation of Iran has offered precious martyrs for the country and service. From the martyrs of the revolution, the imposed war, to the servants who have achieved the great grace of martyrdom on the way of service. In all these years, public sympathy and sympathy have been the escorts of these loved ones.
I, for my part"
1792289928040042704,alirabiei_iran,2024-05-19 20:23:12.638000+00:00,سانحه هلی‌کوپتر حامل رئیس جمهور و همراهان ایشان موجب نگرانی همه دلسوزان کشور است. به سهم خودم برای رئیس جمهور و سایر اعضای دولت و همراهان آرزوی صحت و سلامت دارم.,0,0,0,https://x.com/AliRabiei_Iran/status/1792289928040042704,سانحه هلی‌کوپتر حامل رئیس جمهور و همراهان ایشان موجب نگرانی همه دلسوزان کشور است. به سهم خودم برای رئیس جمهور و سایر اعضای دولت و همراهان آرزوی صحت و سلامت دارم.,"The accident of the helicopter carrying the president and his companions is causing concern to all the sympathizers of the country. For my part, I wish the president and other members of the government and companions good health."
1791928310219383244,alirabiei_iran,2024-05-18 20:26:16.231000+00:00,"تبریک در تبریک برای #الهه_محمدی که به رغم جفاهایی که بر ایشان رفت، وجه انسانی روزنامه نگاری ایرانی را زنده نگه داشت.
خبرنگاری که نشان داد #حقیقت در هر کجای دنیا باشد، به آن پایبند است. 
وی پس از دریافت بیست و یکمین جایزه آزادی مطبوعات ""خوزه کوزو"" آنرا به سایر خبرنگاران، به خصوص",0,0,0,https://x.com/AliRabiei_Iran/status/1791928310219383244,"تبریک در تبریک برای #الهه_محمدی که به رغم جفاهایی که بر ایشان رفت، وجه انسانی روزنامه نگاری ایرانی را زنده نگه داشت.
خبرنگاری که نشان داد #حقیقت در هر کجای دنیا باشد، به آن پایبند است. 
وی پس از دریافت بیست و یکمین جایزه آزادی مطبوعات ""خوزه کوزو"" آنرا به سایر خبرنگاران، به خصوص","Congratulations in congratulations to #Elaha_Mohammadi, who kept the human face of Iranian journalism alive despite the persecutions that happened to her.
A reporter who showed that the #truth is everywhere in the world, he sticks to it. 
After receiving the 21st ""José Cuzo"" press freedom award, he gave it to other journalists, especially"
1791600561847935002,alirabiei_iran,2024-05-17 22:43:54.930000+00:00,اثربخشی ارتباطات تابعی از میزان اعتماد در جامعه است.  مطالعات و شواهد عینی نشان می‌دهد پیام‌های رسمی اثربخشی فراگیر در جامعه ندارند و گویی پیام‌های تولیدشده از ساختارهای رسمی، تنها برای بخش محدودی از جامعه تولید می‌شوند و فاقد ارتباط معنایی مشترک با اکثریت جامعه هستند. این امر,0,0,0,https://x.com/AliRabiei_Iran/status/1791600561847935002,اثربخشی ارتباطات تابعی از میزان اعتماد در جامعه است.  مطالعات و شواهد عینی نشان می‌دهد پیام‌های رسمی اثربخشی فراگیر در جامعه ندارند و گویی پیام‌های تولیدشده از ساختارهای رسمی، تنها برای بخش محدودی از جامعه تولید می‌شوند و فاقد ارتباط معنایی مشترک با اکثریت جامعه هستند. این امر,"The effectiveness of communication is a function of the level of trust in society.  Studies and objective evidence show that official messages do not have a widespread effectiveness in society, and it is as if the messages produced by official structures are only produced for a limited part of society and lack a common semantic connection with the majority of society. This matter"
1791600018123546972,alirabiei_iran,2024-05-17 22:41:45.296000+00:00,در روز جهانی ارتباطات ،معتقدم و از همین حالا پیش‌بینی می‌کنم طرح صیانت در دستور کار، فرجامی جز شکست همانند طرح جمع‌آوری ماهواره‌ها نخواهد داشت و مهمترین نتیجه آن درگیری بیشتر حکومت با مردم و دوقطبی سازی خواهد بود و هیچ کدام از کارکردهای فرهنگی و سیاسی مدنظر طراحان را هم در بر,0,0,0,https://x.com/AliRabiei_Iran/status/1791600018123546972,در روز جهانی ارتباطات ،معتقدم و از همین حالا پیش‌بینی می‌کنم طرح صیانت در دستور کار، فرجامی جز شکست همانند طرح جمع‌آوری ماهواره‌ها نخواهد داشت و مهمترین نتیجه آن درگیری بیشتر حکومت با مردم و دوقطبی سازی خواهد بود و هیچ کدام از کارکردهای فرهنگی و سیاسی مدنظر طراحان را هم در بر,Error 500 (Server Error)!!1500.That’s an error.There was an error. Please try again later.That’s all we know.
1789730611508150427,alirabiei_iran,2024-05-12 18:53:24.027000+00:00,مشکل اصلی به‌قدرت‌رسیدگان امروز، این‌ است که چون به دلیل درک نادرست یا غرض سیاسی آثار #تحریم را انکار می‌کردند، حتی زبانشان هم علیه تحریم و تحریم‌گران نمی‌تواند بچرخد و ظاهرا مسئول نارسایی‌های فعلی هم بی دفاع دم دستشان است!، مسببان وضع موجود! گویا همه تاریخ گذشته مقصرند جز اینها.,0,0,0,https://x.com/AliRabiei_Iran/status/1789730611508150427,مشکل اصلی به‌قدرت‌رسیدگان امروز، این‌ است که چون به دلیل درک نادرست یا غرض سیاسی آثار #تحریم را انکار می‌کردند، حتی زبانشان هم علیه تحریم و تحریم‌گران نمی‌تواند بچرخد و ظاهرا مسئول نارسایی‌های فعلی هم بی دفاع دم دستشان است!، مسببان وضع موجود! گویا همه تاریخ گذشته مقصرند جز اینها.,مشکل اصلی به‌قدرت‌رسیدگان امروز، این‌ است که چون به دلیل درک نادرست یا غرض سیاسی آثار #تحریم را انکار می‌کردند، حتی زبانشان هم علیه تحریم و تحریم‌گران نمی‌تواند بچرخد و ظاهرا مسئول نارسایی‌های فعلی هم بی دفاع دم دستشان است!، مسببان وضع موجود! It seems that all the past history is guilty except these.
1789729744327475412,alirabiei_iran,2024-05-12 18:49:57.275000+00:00,"این هم جهت اطلاع #مخالفان_برجام :

 «از یکی از دوستانم که از حامیان بزرگ اسرائیل است پرسیدم: از میان اقداماتی مانند به رسمیت شناختن حاکمیت اسرائیل بر بلندی‌های جولان و به رسمیت شناختن اورشلیم به عنوان پایتخت و غیره کدامش برای شما مهم‌تر بود؟...او پاسخ داد:...بزرگترین و مهم‌ترین،",0,0,0,https://x.com/AliRabiei_Iran/status/1789729744327475412,"این هم جهت اطلاع #مخالفان_برجام :

 «از یکی از دوستانم که از حامیان بزرگ اسرائیل است پرسیدم: از میان اقداماتی مانند به رسمیت شناختن حاکمیت اسرائیل بر بلندی‌های جولان و به رسمیت شناختن اورشلیم به عنوان پایتخت و غیره کدامش برای شما مهم‌تر بود؟...او پاسخ داد:...بزرگترین و مهم‌ترین،","This is for the information of #opponents of the JCPOA:

 ""I asked one of my friends, who is a big supporter of Israel: among measures such as the recognition of Israel's sovereignty over the Golan Heights and the recognition of Jerusalem as the capital, etc., which one was the most important to you?... He answered:... the biggest and most important,"
1789728493791547689,alirabiei_iran,2024-05-12 18:44:59.124000+00:00,به نظر من در انتخابات اخیر ریاست‌جمهوری (سال۱۴۰۰)، لو رفتن فایل مصاحبه ظریف، بخشی از طراحی انجام شده‌ای بود که سیاست خارجی از معادله رفتار رای‌دهندگی خارج شود. اساسا علاوه بر از میدان به در کردن #ظریف ، از تأثیرگذاری در انتخابات و ایجاد فضای دوگانه میدان و دیپلماسی، کاستن از,0,0,0,https://x.com/AliRabiei_Iran/status/1789728493791547689,به نظر من در انتخابات اخیر ریاست‌جمهوری (سال۱۴۰۰)، لو رفتن فایل مصاحبه ظریف، بخشی از طراحی انجام شده‌ای بود که سیاست خارجی از معادله رفتار رای‌دهندگی خارج شود. اساسا علاوه بر از میدان به در کردن #ظریف ، از تأثیرگذاری در انتخابات و ایجاد فضای دوگانه میدان و دیپلماسی، کاستن از,"In my opinion, in the recent presidential election (1400), the leaking of Zarif's interview file was part of a plan to remove foreign policy from the equation of voting behavior. Basically, in addition to removing Zarif from the field, influencing the elections and creating a dual atmosphere of the field and diplomacy, reducing"
1788963898768367667,alirabiei_iran,2024-05-10 16:06:45.465000+00:00,"صبح که بیدارشدم به کارکردن با گوشی مشغول شدم. چشمانم که به صفحات مجازی و گروه‌ها افتاد دیدم که هیچ خبری از انتخابات در آنها نیست. آن هم امروز که #انتخابات نیمی از وکلای ملت در تهران است. باز می‌اندیشیدم که چرا و چگونه صندوق انقدر بی‌اهمیت شده است؟
چه بلایی بر سر نسبت جامعه و",0,0,0,https://x.com/AliRabiei_Iran/status/1788963898768367667,"صبح که بیدارشدم به کارکردن با گوشی مشغول شدم. چشمانم که به صفحات مجازی و گروه‌ها افتاد دیدم که هیچ خبری از انتخابات در آنها نیست. آن هم امروز که #انتخابات نیمی از وکلای ملت در تهران است. باز می‌اندیشیدم که چرا و چگونه صندوق انقدر بی‌اهمیت شده است؟
چه بلایی بر سر نسبت جامعه و","When I woke up in the morning, I started working on the phone. When my eyes fell on virtual pages and groups, I saw that there was no news about the elections in them. Today, the #elections of half of the nation's lawyers are in Tehran. I was thinking again why and how the fund has become so insignificant?
What is wrong with the ratio of society and"
