tweet_id,username,created_at,text,replies,retweets,likes,url,year,month,date,Text_original,Text_en
1961413769302872375,alishakourirad,2025-08-29 16:00:58.564,"#ایران روزهاى سرنوشت‌سازی را می‌گذراند.آینده ایران و‌ مردم به فرصت‌شناسی و تدبیر حکومت و دولت گره خورده‌است.
#جامعه‌_مدنی در این فرایند فرصت عاملیت و نقش فعال ندارد و بانگرانی و بی‌اطلاع از آنچه در ذهن‌ها و پس‌پرده می‌گذرد فقط نظاره‌گر سرنوشتی‌ست که برای مردم و ايران رقم می‌خورد.",0,0,0,https://x.com/alishakourirad/status/1961413769302872375,2025,8,2025-08-29,"#ایران روزهاى سرنوشت‌سازی را می‌گذراند.آینده ایران و‌ مردم به فرصت‌شناسی و تدبیر حکومت و دولت گره خورده‌است.
#جامعه‌_مدنی در این فرایند فرصت عاملیت و نقش فعال ندارد و بانگرانی و بی‌اطلاع از آنچه در ذهن‌ها و پس‌پرده می‌گذرد فقط نظاره‌گر سرنوشتی‌ست که برای مردم و ايران رقم می‌خورد.","#Iran is passing fateful days. The future of Iran and its people is tied to the opportunism and planning of the government.
#Civil society does not have the opportunity to act and play an active role in this process, and is concerned and unaware of what is going on in the minds and behind the scenes."
1706468313142862172,alishakourirad,2023-09-26 03:38:45.158,۱۳سال تداوم حصر نمونه بارزی از #جنگ_اراده‌ها است. دراین مصاف یک طرف تصمیم‌گیرنده است و #حیثیت می‌بازد و طرف دیگر مقاومت می‌کند و #عمر_و_جان می‌بازد. شروع را اراده تصمیم‌گیرنده رقم زده است اما سرنوشت آن را اراده مقاومت مشخص می‌کند. مرگ بدترین پایان است. پیش از آن باید تصمیم گرفت.,0,0,0,https://x.com/alishakourirad/status/1706468313142862172,2023,9,2023-09-26,۱۳سال تداوم حصر نمونه بارزی از #جنگ_اراده‌ها است. دراین مصاف یک طرف تصمیم‌گیرنده است و #حیثیت می‌بازد و طرف دیگر مقاومت می‌کند و #عمر_و_جان می‌بازد. شروع را اراده تصمیم‌گیرنده رقم زده است اما سرنوشت آن را اراده مقاومت مشخص می‌کند. مرگ بدترین پایان است. پیش از آن باید تصمیم گرفت.,"13 years of continuous siege is a clear example of #war_of_wills. In this confrontation, one side is the decision-maker and loses status, and the other side resists and loses life and death. The beginning is determined by the will of the decision maker, but its fate is determined by the will of resistance. Death is the worst ending. A decision must be made before that."
1696961633711505516,alishakourirad,2023-08-30 22:02:36.156,"در دویست سال دوره صفوی، در نجوم و کائنات الجو و فالنامه نویسی و تعبیر خواب و طب سنتی، شبه علم تولید کردیم.
همان وقتی که غرب دنیا را با کشتی های غول پیکر و مسلح خود گرفت و فیزیک، شیمی، نجوم و پزشکی را متحول کرد.
ما سقوط کردیم و آنها دنیا را گرفتند.
بعید میدانم هنوز بیدار شده باشیم",0,0,0,https://x.com/jafarian1964/status/1696961633711505516,2023,8,2023-08-30,"در دویست سال دوره صفوی، در نجوم و کائنات الجو و فالنامه نویسی و تعبیر خواب و طب سنتی، شبه علم تولید کردیم.
همان وقتی که غرب دنیا را با کشتی های غول پیکر و مسلح خود گرفت و فیزیک، شیمی، نجوم و پزشکی را متحول کرد.
ما سقوط کردیم و آنها دنیا را گرفتند.
بعید میدانم هنوز بیدار شده باشیم","In the two hundred years of the Safavid period, we produced pseudo-science in astronomy and cosmology, fortune-telling, dream interpretation, and traditional medicine.
The same time when the West took the world with its giant and armed ships and revolutionized physics, chemistry, astronomy and medicine.
We fell and they took over the world.
I don't think we are awake yet"
1682212386474717185,alishakourirad,2023-07-21 05:14:21.587,"رویکرد مردم به انتخابات دو سطح دارد. ابتدا تصمیم می‌گیرند در آن شرکت کنند یا نه، و در صورت تصمیم به شرکت، دست به انتخاب می‌زنند.
حاکمیت می‌گوید #میزان_مشارکت موضوعی امنیتی است و ربطی به معنادار بودن انتخابات ندارد.
آنچه ما می‌گويیم صرفا #برآورد_رویکرد_مردم است، نه توصیه و تحذیر.",0,0,0,https://x.com/alishakourirad/status/1682212386474717185,2023,7,2023-07-21,"رویکرد مردم به انتخابات دو سطح دارد. ابتدا تصمیم می‌گیرند در آن شرکت کنند یا نه، و در صورت تصمیم به شرکت، دست به انتخاب می‌زنند.
حاکمیت می‌گوید #میزان_مشارکت موضوعی امنیتی است و ربطی به معنادار بودن انتخابات ندارد.
آنچه ما می‌گويیم صرفا #برآورد_رویکرد_مردم است، نه توصیه و تحذیر.","People's approach to elections has two levels. First, they decide to participate or not, and if they decide to participate, they make a choice.
The government says the #participation rate is a security issue and has nothing to do with the significance of the election.
What we say is only an estimate of people's approach, not advice and warning."
1668525761911717891,alishakourirad,2023-06-13 10:48:36.006,"تشکیل #شورا‌یعالی_هماهنگی_سران_قوا با اختیارات فراقانونی و انتصاب دبیر برای آن نشان‌دهنده ادامه روند ناپسند دور زدن قانون اساسی در کشور است.
امام فرمودند: همه باید به قانون برگردیم!
مطالبه مشترک معترضان، اصلاح این شیوه حکمرانی و تمکین به رأی و اراده مردم است. 
#میزان_رأی_ملت_است",0,0,0,https://x.com/alishakourirad/status/1668525761911717891,2023,6,2023-06-13,"تشکیل #شورا‌یعالی_هماهنگی_سران_قوا با اختیارات فراقانونی و انتصاب دبیر برای آن نشان‌دهنده ادامه روند ناپسند دور زدن قانون اساسی در کشور است.
امام فرمودند: همه باید به قانون برگردیم!
مطالبه مشترک معترضان، اصلاح این شیوه حکمرانی و تمکین به رأی و اراده مردم است. 
#میزان_رأی_ملت_است","The formation of the #Coordinating Council of the Heads of Power with extra-legal powers and the appointment of a secretary for it shows the continuation of the unsavory process of circumventing the Constitution in the country.
The Imam said: We must all return to the law!
The common demand of the protestors is to reform this way of governance and submit to the vote and will of the people. 
#is the measure of the nation's vote"
1653582540735643648,alishakourirad,2023-05-03 05:09:34.446,"«دادستان تهران: در روزهای اخیر کتایون ریاحی،پانته‌آ بهرام، افسانه بایگان، فاطمه معتمدآریا و رضاکیانیان احضارشدند*
برخی‌ازچهره‌های احضارشده تاکنون به مقام قضایی مراجعه نکرده‌اند و درصورتی‌که درمهلت قانونی به دادسرا نروند جلب خواهندشد»
احسنت به این همه عدالت و اقتدار دستگاه قضا!!!",0,0,0,https://x.com/alishakourirad/status/1653582540735643648,2023,5,2023-05-03,"«دادستان تهران: در روزهای اخیر کتایون ریاحی،پانته‌آ بهرام، افسانه بایگان، فاطمه معتمدآریا و رضاکیانیان احضارشدند*
برخی‌ازچهره‌های احضارشده تاکنون به مقام قضایی مراجعه نکرده‌اند و درصورتی‌که درمهلت قانونی به دادسرا نروند جلب خواهندشد»
احسنت به این همه عدالت و اقتدار دستگاه قضا!!!","""Tehran Prosecutor: In recent days, Ketayoun Riahi, Panthea Bahram, Afshana Baygan, Fatemeh Motamedarya and Rezakianian were summoned*
Some of the summoned persons have not yet approached the judicial authority and will be summoned if they do not go to the court within the legal deadline.
Thanks to all the justice and authority of the judicial system!!!"
1647821065605767169,alishakourirad,2023-04-17 07:35:31.732,"#فرهنگ_و_اخلاق زیربنای یک جامعه سالم‌ و بالنده است.
اگر #رهبری_نظام توجه خود را به #موضوعات_مورد_اجماع فرهنگی و اخلاقی معطوف و همت خود را صرف ترویج آن نمایند برخلاف اجبار در مواردی ‌که محل اختلاف صاحب‌نظران بوده و با عدم همراهی جامعه مواجه است، مفید و تأثیر آن ماندگار خواهد بود.",0,0,0,https://x.com/alishakourirad/status/1647821065605767169,2023,4,2023-04-17,"#فرهنگ_و_اخلاق زیربنای یک جامعه سالم‌ و بالنده است.
اگر #رهبری_نظام توجه خود را به #موضوعات_مورد_اجماع فرهنگی و اخلاقی معطوف و همت خود را صرف ترویج آن نمایند برخلاف اجبار در مواردی ‌که محل اختلاف صاحب‌نظران بوده و با عدم همراهی جامعه مواجه است، مفید و تأثیر آن ماندگار خواهد بود.","#Culture and ethics are the foundation of a healthy and thriving society.
If the #leadership of the system focuses its attention on #issues of cultural and moral consensus and devotes its efforts to its promotion, as opposed to coercion in cases where there is disagreement between experts and lack of support from society, it will be useful and its effect will be lasting."
1640592417928691712,alishakourirad,2023-03-28 07:51:27.824,"جناب آقای #مهندس_میرحسین_موسوی 
درگذشت برادر ارجمندتان مرحوم میرعبدالله را به شما که در عسرت حصر ظالمانه سیزده‌ساله دچار این مصیبت و اندوه شده‌اید تسلیت می‌گویم. صبر و استقامت شما فراتر از این مصیبت‌هاست. مزید آن را از رب کریم مسالت دارم.
جایگاه آن مرحوم جوار دوست و خلد برین باد.",0,0,0,https://x.com/alishakourirad/status/1640592417928691712,2023,3,2023-03-28,"جناب آقای #مهندس_میرحسین_موسوی 
درگذشت برادر ارجمندتان مرحوم میرعبدالله را به شما که در عسرت حصر ظالمانه سیزده‌ساله دچار این مصیبت و اندوه شده‌اید تسلیت می‌گویم. صبر و استقامت شما فراتر از این مصیبت‌هاست. مزید آن را از رب کریم مسالت دارم.
جایگاه آن مرحوم جوار دوست و خلد برین باد.","Mr. Mirhossein Mousavi, engineer 
I offer my condolences on the passing away of your honorable brother, the late Mir Abdallah, who suffered this tragedy and sorrow during the cruel imprisonment of thirteen years. Your patience is beyond these calamities. I ask for more of it from the Lord.
May the place of the deceased be close to Jowar Dost and Khaled."
1634230259288555543,alishakourirad,2023-03-10 18:30:31.001,"#دکتر_رضا_یوسفیان از اندوه‌سرای این سامان رفت و در جوار معبود مهربان آرام گرفت.
آزاده قهرمان جنگ تحمیلی، نماینده سرافراز مجلس ششم از شیراز، فعال جنبش دانشجویی، عضو جبهه مشارکت و سپس حزب اتحادملت، پزشک و انسانی شریف، از نیکان روزگار!
تسلیت به خانواده‌، دوستانش و ملت شریف ایران",0,0,0,https://x.com/alishakourirad/status/1634230259288555543,2023,3,2023-03-10,"#دکتر_رضا_یوسفیان از اندوه‌سرای این سامان رفت و در جوار معبود مهربان آرام گرفت.
آزاده قهرمان جنگ تحمیلی، نماینده سرافراز مجلس ششم از شیراز، فعال جنبش دانشجویی، عضو جبهه مشارکت و سپس حزب اتحادملت، پزشک و انسانی شریف، از نیکان روزگار!
تسلیت به خانواده‌، دوستانش و ملت شریف ایران","#Dr. Reza Yousfian left the sad house of this system and rested next to the merciful God.
Azadeh Kahraman, the warrior of imposed war, the proud representative of the 6th Parliament from Shiraz, an activist of the student movement, a member of the Participation Front and then the United Nations Party, a doctor and a noble human being, from Nikan Rozgar!
Condolences to his family, friends and noble nation of Iran"
1626129173243744256,alishakourirad,2023-02-16 09:59:41.577,"تحلیل #یرواند_آبرامیان، تحلیگر برجسته تاریخ، که کلیپ آن به‌تازگی منتشر شده‌است، بسیار واقع‌بینانه است.
به همگان از جمله مقامات عالیه کشور توصیه می‌کنم به آن توجه کنند.
#واقعیت_را_نمی‌شود_دیکته_کرد
باید آن را به درستی دریافت و براساس آن تحلیل و عمل کرد!",0,0,0,https://x.com/alishakourirad/status/1626129173243744256,2023,2,2023-02-16,"تحلیل #یرواند_آبرامیان، تحلیگر برجسته تاریخ، که کلیپ آن به‌تازگی منتشر شده‌است، بسیار واقع‌بینانه است.
به همگان از جمله مقامات عالیه کشور توصیه می‌کنم به آن توجه کنند.
#واقعیت_را_نمی‌شود_دیکته_کرد
باید آن را به درستی دریافت و براساس آن تحلیل و عمل کرد!","The analysis of #Yervand_Abramian, a prominent history analyst, the clip of which has just been published, is very realistic.
I advise everyone, including the country's top officials, to pay attention to it.
#Reality_cannot_be_dictated
It should be received correctly and analyzed and acted upon!"
1623152662853083136,alishakourirad,2023-02-08 04:52:06.199,نکته مشترک پیام آقای خاتمی و بیانیه مهندس موسوی تبیین وضعیت نابسامان حکمرانی و بن‌بست سیاسی موجود در کشور است.در حالیکه حاکمیت موجود نه اصلاح‌پذیر می‌نماید و نه اسقاط پذیر، #موسوی افق‌گشایی کرده و #خاتمی می‌خواهد راه‌ بگشاید. هر دو به دنبال #تثبیت_حاکمیت_مردم و #تقویت_امید هستند.,0,0,0,https://x.com/alishakourirad/status/1623152662853083136,2023,2,2023-02-08,نکته مشترک پیام آقای خاتمی و بیانیه مهندس موسوی تبیین وضعیت نابسامان حکمرانی و بن‌بست سیاسی موجود در کشور است.در حالیکه حاکمیت موجود نه اصلاح‌پذیر می‌نماید و نه اسقاط پذیر، #موسوی افق‌گشایی کرده و #خاتمی می‌خواهد راه‌ بگشاید. هر دو به دنبال #تثبیت_حاکمیت_مردم و #تقویت_امید هستند.,"The common point of Mr. Khatami's message and Engineer Mousavi's statement is the explanation of the chaotic state of governance and the political impasse in the country. While the existing governance is neither reformable nor overthrown, #Mousavi has opened horizons and #Khatami wants to open the way. Both of them seek to establish the sovereignty of the people and strengthen hope."
1621446125873147904,alishakourirad,2023-02-03 11:50:56.077,۱) چند روز پیش برادرم #مهدی_مقدری را با دستبند، پابند و لباس زندان به شکلی بسیار سخیف و زننده به دادگاه برده اند. در دادگاه، قاضی کاملا جانبدارانه با برخوردی تند و غیر حقوقی گفته که او را مجرم می داند و برای او اشد مجازات را در نظر می گیرد.,0,0,0,https://x.com/shirzad_ma/status/1621446125873147904,2023,2,2023-02-03,۱) چند روز پیش برادرم #مهدی_مقدری را با دستبند، پابند و لباس زندان به شکلی بسیار سخیف و زننده به دادگاه برده اند. در دادگاه، قاضی کاملا جانبدارانه با برخوردی تند و غیر حقوقی گفته که او را مجرم می داند و برای او اشد مجازات را در نظر می گیرد.,"1) A few days ago, my brother #Mehdi_Moqdari was taken to the court with handcuffs, handcuffs and prison clothes in a very ridiculous and disgusting manner. In the court, the judge completely biased with a harsh and non-legal approach said that he considers him guilty and considers the severe punishment for him."
1621704631335149569,alishakourirad,2023-02-04 04:58:08.582,"مشاهده تصاویر تن رنجور #فرهاد_ميثمى به دنبال امساک اعتراضی طولانی مدت از خوردن غذا در زندان با مطالبه‌گری برای توقف چرخه خشونت و استیفاء حقوق ديگران، تكان‌دهنده و در عین‌حال انگیزه‌بخش است.
از خودگذشتگی و استواری او بر خواسته‌های شرافتمندانه ستودنی‌ست.
#فرهاد_میثمی_را_آزاد_کنید!",0,0,0,https://x.com/alishakourirad/status/1621704631335149569,2023,2,2023-02-04,"مشاهده تصاویر تن رنجور #فرهاد_ميثمى به دنبال امساک اعتراضی طولانی مدت از خوردن غذا در زندان با مطالبه‌گری برای توقف چرخه خشونت و استیفاء حقوق ديگران، تكان‌دهنده و در عین‌حال انگیزه‌بخش است.
از خودگذشتگی و استواری او بر خواسته‌های شرافتمندانه ستودنی‌ست.
#فرهاد_میثمی_را_آزاد_کنید!","Viewing the images of #Farhad_Maithami's suffering body following a long-term protest of eating food in prison with a demand to stop the cycle of violence and to fulfill the rights of others is shocking and at the same time motivating.
His selflessness and steadfastness on honorable demands is commendable.
#Free Farhad Maithami!"
1620981674627440643,alishakourirad,2023-02-02 05:05:22.271,"حال و روز ما مشابه کسی است که یکی از نزدیکانش با کارهای تباه و آزار مردم، آنان را به ستوه آورده و او را نیز بی‌آبرو کرده و حالا که گرفتار عقوبت و سیر قهقراست باز دست از سوء رفتار برنمی‌دارد. مجال هم نمی‌دهد کسی برای نجاتش کاری بکند.
فقط مانده تماشا و غصه که #سرنوشتش_چه_خواهد_شد.",0,0,0,https://x.com/alishakourirad/status/1620981674627440643,2023,2,2023-02-02,"حال و روز ما مشابه کسی است که یکی از نزدیکانش با کارهای تباه و آزار مردم، آنان را به ستوه آورده و او را نیز بی‌آبرو کرده و حالا که گرفتار عقوبت و سیر قهقراست باز دست از سوء رفتار برنمی‌دارد. مجال هم نمی‌دهد کسی برای نجاتش کاری بکند.
فقط مانده تماشا و غصه که #سرنوشتش_چه_خواهد_شد.","Our current situation is similar to that of a person whose close relatives annoyed people with his bad deeds and dishonored him, and now that he has been punished and regressed, he does not stop his misbehavior. He does not allow anyone to do anything to save him.
All that remains is to watch and mourn what will be his fate."
1620647559000903681,alishakourirad,2023-02-01 06:57:42.898,"#دهه_فجر حس غریبی به امثال من که آن گاه جوانی سرشار از شور و اشتیاق و نیز امید و آرزو بودیم می‌دهد.
در این ۴۴ سال فراز و نشیب بسیار دیدیم و اکنون نه در انتهای نشیب که گرفتار سیری قهقرایی هستیم. آرمان‌ها برجا هستند اما رویکردها و عملکردها همه آن حیثیت عظیم را به زیر سوال برده‌اند.",0,0,0,https://x.com/alishakourirad/status/1620647559000903681,2023,2,2023-02-01,"#دهه_فجر حس غریبی به امثال من که آن گاه جوانی سرشار از شور و اشتیاق و نیز امید و آرزو بودیم می‌دهد.
در این ۴۴ سال فراز و نشیب بسیار دیدیم و اکنون نه در انتهای نشیب که گرفتار سیری قهقرایی هستیم. آرمان‌ها برجا هستند اما رویکردها و عملکردها همه آن حیثیت عظیم را به زیر سوال برده‌اند.","#Fajr decade gives a strange feeling to people like me, who were young people full of enthusiasm and hope.
In these 44 years, we have seen many ups and downs, and now we are not at the end of the downs, but we are caught in a regression. The ideals are there, but the approaches and practices have questioned all that great dignity."
1619793585167282178,alishakourirad,2023-01-29 22:24:19.670,"این هم مصداق جدیدی است برای #جنگ_روایت‌ها، که خود رسم تازه‌ای شده است برای دروغگویی و ادعاهای #دروغ:
روایت #مولد_سازی اموال دولت به جای عناوین #حراج و #تاراج، بدون نظارت قانونى و با مصونيت قضايى.

بَلْ سَوَّلَتْ لَكُمْ أَنفُسُكُمْ أَمْراًۖ",0,0,0,https://x.com/alishakourirad/status/1619793585167282178,2023,1,2023-01-29,"این هم مصداق جدیدی است برای #جنگ_روایت‌ها، که خود رسم تازه‌ای شده است برای دروغگویی و ادعاهای #دروغ:
روایت #مولد_سازی اموال دولت به جای عناوین #حراج و #تاراج، بدون نظارت قانونى و با مصونيت قضايى.

بَلْ سَوَّلَتْ لَكُمْ أَنفُسُكُمْ أَمْراًۖ","This is also a new example for the #war_of_narratives, which itself has become a new custom for lying and #false claims:
Narrative of #production of government property instead of titles of #auction and #expropriation, without legal supervision and with judicial immunity.

Rather, you have asked yourself a command."
1619594934578974722,alishakourirad,2023-01-29 09:14:57.679,"وقوع زلزله در خوى و جان‌باختن و مجروح‌شدن هموطنانمان در این حادثه، درد جدیدی بر دردهای متعدد این روزهای مردم کشورمان افزود. به خانواده‌ جانباختگان تسلیت می‌گوئیم و با مجروحان و حادثه‌دیدگان همدردیم.
امید است امدادرسانی به‌موقع و‌ مؤثر دولتی و‌ مردمی از رنج حادثه دیدگان بکاهد.",0,0,0,https://x.com/alishakourirad/status/1619594934578974722,2023,1,2023-01-29,"وقوع زلزله در خوى و جان‌باختن و مجروح‌شدن هموطنانمان در این حادثه، درد جدیدی بر دردهای متعدد این روزهای مردم کشورمان افزود. به خانواده‌ جانباختگان تسلیت می‌گوئیم و با مجروحان و حادثه‌دیدگان همدردیم.
امید است امدادرسانی به‌موقع و‌ مؤثر دولتی و‌ مردمی از رنج حادثه دیدگان بکاهد.","The occurrence of the earthquake in Khoy and the death and injury of our compatriots in this incident added a new pain to the many pains of the people of our country these days. We offer our condolences to the families of the deceased and sympathize with the injured and victims of the accident.
It is hoped that timely and effective government and public relief will reduce the suffering of the victims."
1616622977637834759,alishakourirad,2023-01-21 04:25:27.928,"طبيعت #دانشجو به سبب جوان و آگاه بودن، آزادى‌خواهی و عدالت‌‌جویی‌ست و به موجب حضور جمعی در دانشگاه، هم‌افزایی در طرح مطالبات و کنش اعتراضی نسبت به نابسامانی‌ها افزوده می‌شود. اینها فضیلت دانشجوست، او را خمود و غیرسیاسی نخواهید!
۱۵بهمن؛ آغاز ترم دوم
#احکام_انضباطی_را_متوقف_کنید!",0,0,0,https://x.com/alishakourirad/status/1616622977637834759,2023,1,2023-01-21,"طبيعت #دانشجو به سبب جوان و آگاه بودن، آزادى‌خواهی و عدالت‌‌جویی‌ست و به موجب حضور جمعی در دانشگاه، هم‌افزایی در طرح مطالبات و کنش اعتراضی نسبت به نابسامانی‌ها افزوده می‌شود. اینها فضیلت دانشجوست، او را خمود و غیرسیاسی نخواهید!
۱۵بهمن؛ آغاز ترم دوم
#احکام_انضباطی_را_متوقف_کنید!","The nature of #students is freedom-seeking and justice-seeking due to being young and aware, and due to their collective presence in the university, synergy is increased in making demands and protesting against disturbances. These are the virtues of a student, don't ask him to be humble and apolitical!
February 15; The beginning of the second semester
#Stop_disciplinary_orders!"
1616604731664736258,alishakourirad,2023-01-21 03:12:57.749,"«با دراختیارگرفتن #مقام‌_عالی، مسئولیت‌هایی متوجه شما می‌شود، ازجمله این که مطمئن باشید شخصى #مناسب برای تصدی آن هستید و نیز به‌هنگام دریابید که دیگر برای آن مقام شایسته نیستید.» 
این فراز علی‌گونه را خانم #جاستين_آردرن ۴۲ساله در آستانه #کناره‌گیری از نخست‌وزیری زلاندنو گفته‌است.",0,0,0,https://x.com/alishakourirad/status/1616604731664736258,2023,1,2023-01-21,"«با دراختیارگرفتن #مقام‌_عالی، مسئولیت‌هایی متوجه شما می‌شود، ازجمله این که مطمئن باشید شخصى #مناسب برای تصدی آن هستید و نیز به‌هنگام دریابید که دیگر برای آن مقام شایسته نیستید.» 
این فراز علی‌گونه را خانم #جاستين_آردرن ۴۲ساله در آستانه #کناره‌گیری از نخست‌وزیری زلاندنو گفته‌است.","""By taking a #high_position, you have responsibilities, including making sure you are the right person to hold it and also finding out in time that you are no longer worthy of that position."" 
42-year-old #Justin_Ardren said this strange phrase on the eve of #stepping down as the Prime Minister of New Zealand."
1615564460415979520,alishakourirad,2023-01-18 06:19:17.756,به وزیر خارجه جناب #امیرعبداللهیان عرض می‌کنم برای آنکه گرفتار گفتار خلاف در مورد چگونگی مرگ #مهسا_امینی نشوید، بخواهید گزارش کامل #کارشناسان پزشکی قانونی را در اختیارتان قرار دهند و صرفا به بیانیه سیاسی #مدیران پزشکی‌ قانونی که فاقد ارزش حقوقی است، بسنده نکنید.,0,0,0,https://x.com/alishakourirad/status/1615564460415979520,2023,1,2023-01-18,به وزیر خارجه جناب #امیرعبداللهیان عرض می‌کنم برای آنکه گرفتار گفتار خلاف در مورد چگونگی مرگ #مهسا_امینی نشوید، بخواهید گزارش کامل #کارشناسان پزشکی قانونی را در اختیارتان قرار دهند و صرفا به بیانیه سیاسی #مدیران پزشکی‌ قانونی که فاقد ارزش حقوقی است، بسنده نکنید.,"I request the foreign minister, Mr. Amir Abdallahyan, in order not to get caught up in contradictory statements about how #Mehsa_Amini died, ask them to provide you with the full report of the #forensic experts and not just rely on the political statement of the #forensic directors, which has no legal value."
1613262243013234688,alishakourirad,2023-01-11 21:51:06.354,"دکتر #محسن_برهانی را از نزدیک می شناسم رفیقی ارزشمند, وکیلی شرافتمندو استادی دانشمند است که استدلال هایش مبتنی بر قانون است مسلمانی اخلاق مدار که خط قرمزش حقوق مردم است از هر جنس و هر رنگ و هر دین و هر مذهب
#محسن_برهانی",0,0,0,https://x.com/HoushangPourba1/status/1613262243013234688,2023,1,2023-01-11,"دکتر #محسن_برهانی را از نزدیک می شناسم رفیقی ارزشمند, وکیلی شرافتمندو استادی دانشمند است که استدلال هایش مبتنی بر قانون است مسلمانی اخلاق مدار که خط قرمزش حقوق مردم است از هر جنس و هر رنگ و هر دین و هر مذهب
#محسن_برهانی","I know Dr. #Mohsen_Borhani closely, he is a valuable friend, an honorable lawyer, a learned professor whose arguments are based on the law, a moral Muslim whose red line is the rights of people of every gender, every color, every religion and every religion.
#Mohsen_Borhani"
1612429233359405056,alishakourirad,2023-01-09 14:41:01.376,"نمونه‌ای رسوا از #جنگ_روایت‌ها:
در حالی‌که بسیاری از مردم با دو چشم خود #لباس_شخصی‌ها ی باتوم یا شوکر به دست و دارای اسلحه و بی‌سیم را در کنار و دور از نیروهای‌انتظامی یونیفرم‌پوش دیده و تجربه کرده‌اند سردار وحیدی، #وزیر_کشور می‌گوید ما پدیده‌ای به نام لباس‌شخصی نداریم.
احسنت!!!",0,0,0,https://x.com/alishakourirad/status/1612429233359405056,2023,1,2023-01-09,"نمونه‌ای رسوا از #جنگ_روایت‌ها:
در حالی‌که بسیاری از مردم با دو چشم خود #لباس_شخصی‌ها ی باتوم یا شوکر به دست و دارای اسلحه و بی‌سیم را در کنار و دور از نیروهای‌انتظامی یونیفرم‌پوش دیده و تجربه کرده‌اند سردار وحیدی، #وزیر_کشور می‌گوید ما پدیده‌ای به نام لباس‌شخصی نداریم.
احسنت!!!","A scandalous example of the #war_of_narratives:
While many people have seen and experienced with their own two eyes #personal_clothes with batons or shockers in hand and with weapons and wireless next to and away from the uniformed security forces, Sardar Vahidi, #Minister of the country says that we do not have a phenomenon called personal clothing.
Well done!!!"
1611927232728940544,alishakourirad,2023-01-08 05:26:15.099,۱۸ دی، سومین سالگرد ساقط شدن #هواپیمای_اوکراینی با ۱۷۶ سرنشین، شامل عزیزان ملت ایران، غمی جانکاه را در دل‌هایمان دوباره زنده کرده است. اندوهی عمیق همراه با حیرت و خشم ناشی از انکار و سه روز #دروغ که چه بسا اگر چون امروز #حکومت_یک‌دست بود  تبدیل به #روایت_رسمی از آن فاجعه می‌شد.,0,0,0,https://x.com/alishakourirad/status/1611927232728940544,2023,1,2023-01-08,۱۸ دی، سومین سالگرد ساقط شدن #هواپیمای_اوکراینی با ۱۷۶ سرنشین، شامل عزیزان ملت ایران، غمی جانکاه را در دل‌هایمان دوباره زنده کرده است. اندوهی عمیق همراه با حیرت و خشم ناشی از انکار و سه روز #دروغ که چه بسا اگر چون امروز #حکومت_یک‌دست بود  تبدیل به #روایت_رسمی از آن فاجعه می‌شد.,"On December 18th, the third anniversary of the downing of the #Ukrainian_airplane with 176 passengers, including the loved ones of the Iranian nation, has revived a deep sadness in our hearts. Deep sadness along with astonishment and anger caused by denial and three days of #lies, which might have become the official #narrative of that disaster if there was a one-handed #government like today."
1611604929243942915,alishakourirad,2023-01-07 08:05:31.960,"اجرای حکم اعدام #محمد_مهدی_کرمی و #سید_محمد_حسینی  موجب تأسف و انزجار عمیق است.
روایت رسمی در مورد کشته شدن #_روح‌الله_عجمیان که موجب این حکم قضایی شد هرگز قابل باور نبوده است.
گمان دارم اصل ماجرا #توطئه بوده و همه گرفتار آن توطئه شده‌اند.
غرض ترساندن است اما #بنزین_روی_آتش است.",0,0,0,https://x.com/alishakourirad/status/1611604929243942915,2023,1,2023-01-07,"اجرای حکم اعدام #محمد_مهدی_کرمی و #سید_محمد_حسینی  موجب تأسف و انزجار عمیق است.
روایت رسمی در مورد کشته شدن #_روح‌الله_عجمیان که موجب این حکم قضایی شد هرگز قابل باور نبوده است.
گمان دارم اصل ماجرا #توطئه بوده و همه گرفتار آن توطئه شده‌اند.
غرض ترساندن است اما #بنزین_روی_آتش است.","The execution of the death sentence of #Mohammed_Mehdi_Karami and #Seyd_Mohammed_Hosseini causes deep regret and disgust.
The official narrative about the killing of #_Ruh_Allah_Ajmian, which caused this court order, has never been believable.
I think the main story is #conspiracy and everyone is caught in that conspiracy.
It is intended to scare, but it is #gasoline_on_the_fire."
1611580861241262081,alishakourirad,2023-01-07 06:29:53.701,"در #جنگ_روایت‌ها که رسما اعلام شد. روایت رسمی دیکته می‌شود و همه بخصوص رسانه‌ها باید آن را بپذیرند و تکرار کرده، یا حداقل سکوت کنند. نزدیک شدن به حقیقت با احتمال تولید روایت مستقل جرم تلقی شده، غالبا موجب بازداشت است.
آقای #مهدی_بیک خبرنگار اعتماد بیش‌ازحد به حقیقت نزدیک شده بود.",0,0,0,https://x.com/alishakourirad/status/1611580861241262081,2023,1,2023-01-07,"در #جنگ_روایت‌ها که رسما اعلام شد. روایت رسمی دیکته می‌شود و همه بخصوص رسانه‌ها باید آن را بپذیرند و تکرار کرده، یا حداقل سکوت کنند. نزدیک شدن به حقیقت با احتمال تولید روایت مستقل جرم تلقی شده، غالبا موجب بازداشت است.
آقای #مهدی_بیک خبرنگار اعتماد بیش‌ازحد به حقیقت نزدیک شده بود.","In the #war_of_narratives that was officially announced. The official narrative is dictated and everyone, especially the media, must accept it and repeat it, or at least remain silent. Approaching the truth with the possibility of producing an independent narrative is considered a crime and often leads to arrest.
Mr. Mehdi Beyk, the reporter of Etamad, was too close to the truth."
1610527893586690048,alishakourirad,2023-01-04 08:45:46.649,"پیش از اجرای هرحکمی لازم است یک #کمیته_حقیقت‌یاب_مستقل روشن کند که اساسا ماجرای کشته‌شدن روح‌الله عجمیان در مراسم چهلم حدیث نجفی در کرج چه بوده است.
با توجه به شیوه‌های سرکوب اعتراضات احتمالاتی مطرح است که باید بررسی و روشن شود.
روایت‌های رسمی کامل، قانع کننده و مورد اعتماد نیست.",0,0,0,https://x.com/alishakourirad/status/1610527893586690048,2023,1,2023-01-04,"پیش از اجرای هرحکمی لازم است یک #کمیته_حقیقت‌یاب_مستقل روشن کند که اساسا ماجرای کشته‌شدن روح‌الله عجمیان در مراسم چهلم حدیث نجفی در کرج چه بوده است.
با توجه به شیوه‌های سرکوب اعتراضات احتمالاتی مطرح است که باید بررسی و روشن شود.
روایت‌های رسمی کامل، قانع کننده و مورد اعتماد نیست.","Before implementing any decision, an independent #fact_finding_committee must clarify what was the story of the killing of Ruhollah Ajamian at the 40th Najafi Hadith ceremony in Karaj.
Considering the methods of suppressing protests, there are possibilities that should be investigated and clarified.
Official narratives are not complete, convincing and reliable."
1609450645756559362,alishakourirad,2023-01-01 09:25:10.752,"وقت‌وانرژی بیهوده‌ای صرف تدوین #الگوی‌اسلامی‌ایرانی‌پیشرفت شد و گفتند از ابتدای سال ۱۴۰۰ اعمال می‌شود. اما به جای آن #بیانیه‌گام‌دوم‌انقلاب که همسو با نظرات #آیت‌الله_مصباح بود صادرشد.
#حاکمیت_یکدست_ناکارآمد و مصائب بعد از آن مرهون آن نظرات و ترک مبانی نظری و قانونی #جمهوریت است.",0,0,0,https://x.com/alishakourirad/status/1609450645756559362,2023,1,2023-01-01,"وقت‌وانرژی بیهوده‌ای صرف تدوین #الگوی‌اسلامی‌ایرانی‌پیشرفت شد و گفتند از ابتدای سال ۱۴۰۰ اعمال می‌شود. اما به جای آن #بیانیه‌گام‌دوم‌انقلاب که همسو با نظرات #آیت‌الله_مصباح بود صادرشد.
#حاکمیت_یکدست_ناکارآمد و مصائب بعد از آن مرهون آن نظرات و ترک مبانی نظری و قانونی #جمهوریت است.","A waste of time and energy was spent on the compilation of #Iranian Islamic model of progress and they said it was applied since the beginning of 1400. But instead of that, the statement of the second step of the revolution was issued, which was in line with the opinions of Ayatollah Masbah.
The inefficient one-handed rule and the sufferings after that are due to those opinions and abandoning the theoretical and legal foundations of the #Republic."
1607942249199063041,alishakourirad,2022-12-28 05:31:20.988,"#قدرت_نمایی در برابر #همسر_و_دختر_علی_دائی فوقالعاده بود!!!

باید توضیح بدهند:
#رئیس_جمهور
وزير اطلاعات
وزير راه و شهرسازی
(سازمان هواپیمایی کشوری)
#رئیس_قوه_قضائیه
دادستان تهران
#فرمانده_کل_سپاه
رئيس سازمان اطلاعات سپاه

عوامل اصلى اين #آبرو_ریزی_ترکیبی را معرفی و محاکمه کنید!",0,0,0,https://x.com/alishakourirad/status/1607942249199063041,2022,12,2022-12-28,"#قدرت_نمایی در برابر #همسر_و_دختر_علی_دائی فوقالعاده بود!!!

باید توضیح بدهند:
#رئیس_جمهور
وزير اطلاعات
وزير راه و شهرسازی
(سازمان هواپیمایی کشوری)
#رئیس_قوه_قضائیه
دادستان تهران
#فرمانده_کل_سپاه
رئيس سازمان اطلاعات سپاه

عوامل اصلى اين #آبرو_ریزی_ترکیبی را معرفی و محاکمه کنید!","#The_power_of_the_man against #the_wife_and_daughter_of_Ali_Dai was wonderful!!!

They must explain:
#President
Minister of Information
Minister of Roads and Urban Development
(Civil Aviation Organization)
#Chairman of the Judiciary
Prosecutor of Tehran
#Commander_of_the_Army
Head of the IRGC Intelligence Organization

Introduce and judge the main factors of this #combined_defamation!"
1607604910375272448,alishakourirad,2022-12-27 07:10:53.145,"خطاب به ۴۰۰ #شهید_گمنام که امروز در شهرهای مختلف تشییع می‌شوند عرض می‌کنم.
مارا ببخشید که نتوانستیم پاسدار خون‌های شما باشیم. شما جانتان را فدا کردید تا اسلام عزیز و سرافراز، ایران آزاد و آباد و ملت آسوده و خشنود باشند. #نشد_که_نشد!
چشمانتان را نگشایید!
خوشا به حالتان که نماندید!",0,0,0,https://x.com/alishakourirad/status/1607604910375272448,2022,12,2022-12-27,"خطاب به ۴۰۰ #شهید_گمنام که امروز در شهرهای مختلف تشییع می‌شوند عرض می‌کنم.
مارا ببخشید که نتوانستیم پاسدار خون‌های شما باشیم. شما جانتان را فدا کردید تا اسلام عزیز و سرافراز، ایران آزاد و آباد و ملت آسوده و خشنود باشند. #نشد_که_نشد!
چشمانتان را نگشایید!
خوشا به حالتان که نماندید!","I address the 400 #unknown_martyrs who are being buried in different cities today.
Forgive us for not being able to protect your blood. You sacrificed your lives so that Islam is dear and proud, Iran is free and prosperous, and the nation is happy and comfortable. #didn't_didn't_do!
Do not open your eyes!
Glad you didn't stay!"
1607007867093282816,alishakourirad,2022-12-25 15:38:26.934,در زمان غیبت معصوم(ع) هیچ‌کس نمی‌تواند بگوید اسلام همین است که من می‌گویم. نهایتاً بگوید من چنین می‌فهمم. اگر در زمره گروه‌های مرجع مردم باشد نظراتش موردتوجه قرارمی‌گیرد. دايره اسلام به اندازه مجموع نظرات صاحب‌نظران وسعت دارد. #بی‌دین_نامیدن کسی که عرفاً متدین است از سر #جهل است.,0,0,0,https://x.com/alishakourirad/status/1607007867093282816,2022,12,2022-12-25,در زمان غیبت معصوم(ع) هیچ‌کس نمی‌تواند بگوید اسلام همین است که من می‌گویم. نهایتاً بگوید من چنین می‌فهمم. اگر در زمره گروه‌های مرجع مردم باشد نظراتش موردتوجه قرارمی‌گیرد. دايره اسلام به اندازه مجموع نظرات صاحب‌نظران وسعت دارد. #بی‌دین_نامیدن کسی که عرفاً متدین است از سر #جهل است.,"During the absence of Masoom (a.s.) no one can say that Islam is what I say. Finally, let him say that I understand. If he is among the reference groups of the people, his opinions will be taken into consideration. The circle of Islam is as wide as the sum of the opinions of experts. Calling someone who is supposedly religious is because of #ignorance."
1604705607327653888,alishakourirad,2022-12-19 07:10:05.432,"#بازداشت_موقت ابزار قضایی برای ارعاب مردم و تنبیه متهم نیست. بیم فرار، تبانی و امحاء آثار جرم دلايل قانونى صدور قراربازداشت است.
وقتى تنها دليل اتهام، اظهارات و ظاهر يك فرد است بازداشت او #غيرقانونى است.
#ترانه_علىدوستى به چه دلیل بازداشت شده‌است؟
ترساندن چه بسا شجاعت می‌‌آفریند!",0,0,0,https://x.com/alishakourirad/status/1604705607327653888,2022,12,2022-12-19,"#بازداشت_موقت ابزار قضایی برای ارعاب مردم و تنبیه متهم نیست. بیم فرار، تبانی و امحاء آثار جرم دلايل قانونى صدور قراربازداشت است.
وقتى تنها دليل اتهام، اظهارات و ظاهر يك فرد است بازداشت او #غيرقانونى است.
#ترانه_علىدوستى به چه دلیل بازداشت شده‌است؟
ترساندن چه بسا شجاعت می‌‌آفریند!","#Temporary detention is not a judicial tool to intimidate people and punish the accused. Fear of escape, collusion and destruction of crime traces are legal reasons for issuing an arrest warrant.
When the only reason for the accusation is a person's statements and appearance, his/her arrest is #illegal.
#Traneh_Alidoosty was arrested for what reason?
Scaring can create courage!"
1603709455551569922,alishakourirad,2022-12-16 13:11:44.341,"دو چيز ثمره دوره #اصلاحات و ضامن آينده بهتر برای ایران است، یکی #توزیع_آگاهی و تأمين بستر براى آن و دیگری تبیین‌وترويج #خشونت_پرهیزی که مانع بروز ناامنى است.
خشونت‌هایی که گاهى درجریان اعتراضات دیده می‌شود نوعاً القایی ازطرف نیروهای مدعى حفظ نظم‌وامنيت، بخصوص #لباس_شخصی‌ها ست.",0,0,0,https://x.com/alishakourirad/status/1603709455551569922,2022,12,2022-12-16,"دو چيز ثمره دوره #اصلاحات و ضامن آينده بهتر برای ایران است، یکی #توزیع_آگاهی و تأمين بستر براى آن و دیگری تبیین‌وترويج #خشونت_پرهیزی که مانع بروز ناامنى است.
خشونت‌هایی که گاهى درجریان اعتراضات دیده می‌شود نوعاً القایی ازطرف نیروهای مدعى حفظ نظم‌وامنيت، بخصوص #لباس_شخصی‌ها ست.","Two things are the fruit of the #reforms period and the guarantee of a better future for Iran, one is the #distribution of awareness and providing a platform for it, and the other is the explanation and promotion of #violence that prevents the emergence of insecurity.
The violence that is sometimes seen during the protests is usually induced by the forces claiming to maintain order and security, especially #personal_clothes."
1602903105024270337,alishakourirad,2022-12-14 07:47:35.394,از صحنه وقوع جرم و اعتراف متهم فيلم داريد اما چون #روند_قضايى قانونى و شفاف نيست متهم به #بى‌عدالتی هستید. کسی غیر از خودتان در جریان کم و‌ کیف پرونده و سیر بازجویی و دادگاه نیست، نه خانواده، نه وکیل مورد اعتماد و نه رسانه‌های مستقل. #متهم را برده و #جنازه‌ اش را تحویل داده‌اید!,0,0,0,https://x.com/alishakourirad/status/1602903105024270337,2022,12,2022-12-14,از صحنه وقوع جرم و اعتراف متهم فيلم داريد اما چون #روند_قضايى قانونى و شفاف نيست متهم به #بى‌عدالتی هستید. کسی غیر از خودتان در جریان کم و‌ کیف پرونده و سیر بازجویی و دادگاه نیست، نه خانواده، نه وکیل مورد اعتماد و نه رسانه‌های مستقل. #متهم را برده و #جنازه‌ اش را تحویل داده‌اید!,"You have a video of the scene of the crime and the confession of the accused, but because the #judicial_process is not legal and transparent, you are accused of #injustice. No one but you is aware of the ins and outs of the case and the course of the interrogation and the court, neither the family, nor the trusted lawyer, nor the independent media. You have taken the #accused and delivered his #body!"
1601183337489764354,alishakourirad,2022-12-09 13:53:50.862,"گفته بودیم: #اعدام_نکنید، ریختن بنزین بر آتش است.
خام خیالانه اراده خود را به رخ مردم به ستوه آمده و خشمگین کشیدید اما خودی‌هایتان را هم منفعل کردید.
پس از #مهسا_امینی اینک نام #محسن_شکاری پرآوازه و رمز همدلی و اتحاد معترضين شد.
#خود_کرده_را_تدبیر_نیست
#همان_کِشته_خويشتن_بِدرويد",0,0,0,https://x.com/alishakourirad/status/1601183337489764354,2022,12,2022-12-09,"گفته بودیم: #اعدام_نکنید، ریختن بنزین بر آتش است.
خام خیالانه اراده خود را به رخ مردم به ستوه آمده و خشمگین کشیدید اما خودی‌هایتان را هم منفعل کردید.
پس از #مهسا_امینی اینک نام #محسن_شکاری پرآوازه و رمز همدلی و اتحاد معترضين شد.
#خود_کرده_را_تدبیر_نیست
#همان_کِشته_خويشتن_بِدرويد","We said: #Do not execute, it is pouring gasoline on fire.
You deliberately expressed your will in front of the people who were fed up and angry, but you also made your own people passive.
After #Mehsa_Amini, the name of #Mohsen_Shakari has become famous and the symbol of solidarity and unity of the protestors.
#Khod_kordeh_ra_not_advised
#he_killed_himself_by_droid"
1600093700100538369,alishakourirad,2022-12-06 13:44:01.064,"instagram.com/p/Cl0gA9GpPHp/
…",0,0,0,https://x.com/alishakourirad/status/1600093700100538369,2022,12,2022-12-06,"instagram.com/p/Cl0gA9GpPHp/
…","instagram.com/p/Cl0gA9GpPHp/
…"
1599279447089479685,alishakourirad,2022-12-04 07:48:28.018,"یکی از بارزترین وجوه #عدم_حکمرانی_خوب عدم شفافیت است. وقتی #شورای_امنیت_کشور که مدیریت بحران فراگیر جاری را برعهده دارد آمار جانباختگان ۷۵ روزه را عدد غیردقیق و درهم ۲۰۰ اعلام می‌کند یعنی #جان_انسانها برایش فقط ارزش عددی دارد آن هم بامقیاس صدگان.
 باید دقیق و به تفکیک آمار بدهید.",0,0,0,https://x.com/alishakourirad/status/1599279447089479685,2022,12,2022-12-04,"یکی از بارزترین وجوه #عدم_حکمرانی_خوب عدم شفافیت است. وقتی #شورای_امنیت_کشور که مدیریت بحران فراگیر جاری را برعهده دارد آمار جانباختگان ۷۵ روزه را عدد غیردقیق و درهم ۲۰۰ اعلام می‌کند یعنی #جان_انسانها برایش فقط ارزش عددی دارد آن هم بامقیاس صدگان.
 باید دقیق و به تفکیک آمار بدهید.","One of the most obvious aspects of #no_good_governance is the lack of transparency. When the #National_Security_Council, which is in charge of managing the current widespread crisis, declares the 75-day death toll as an inaccurate number and 200 dirhams, it means that #human_lives have only a numerical value for it, that too on the scale of hundreds.
 You must provide accurate and detailed statistics."
1599005633935593472,alishakourirad,2022-12-03 13:40:25.875,"مقامات و مسئولین کشور باید هر خبر یا مطلبی که در #بولتن‌ها هست را تا بررسی و راستی‌آزمایی نکرده‌اند، نپذیرند.
آنها ظاهراً تصمیم‌گیرهستند اما تصمیمات را نوعاً بولتن‌نویسان می‌سازند.
يك مقام عالى تصميم‌گير حتما بايد از #تنوع_مجارى_كسب_خبر  و نیز #مشاورین_حقگو_و‌_جسور برخوردار باشد.",0,0,0,https://x.com/alishakourirad/status/1599005633935593472,2022,12,2022-12-03,"مقامات و مسئولین کشور باید هر خبر یا مطلبی که در #بولتن‌ها هست را تا بررسی و راستی‌آزمایی نکرده‌اند، نپذیرند.
آنها ظاهراً تصمیم‌گیرهستند اما تصمیمات را نوعاً بولتن‌نویسان می‌سازند.
يك مقام عالى تصميم‌گير حتما بايد از #تنوع_مجارى_كسب_خبر  و نیز #مشاورین_حقگو_و‌_جسور برخوردار باشد.","Officials and officials of the country should not accept any news or content in the #bulletins until they have been checked and verified.
They are apparently the decision makers, but the decisions are usually made by the bulletin writers.
An excellent decision-maker must have a variety of news sources as well as honest and courageous advisers."
1597088113767370754,alishakourirad,2022-11-28 06:40:53.441,"تیم‌های ملی در مسابقات‌جهانی نماینده ملت‌ها هستند.
حکومتی خواندن #تیم_ملی_فوتبال اشتباه بود. به ویژه وقتی اعضای تیم پیش از بازی با انگلیس درحد توان‌شان تلاش کردند نشان‌دهند که با ملت‌شان بوده، در غم‌ آنها شریکند. 
بگذاریم #خودشان_باشند و ما فقط حامی آنها برای کسب پیروزی باشیم.",0,0,0,https://x.com/alishakourirad/status/1597088113767370754,2022,11,2022-11-28,"تیم‌های ملی در مسابقات‌جهانی نماینده ملت‌ها هستند.
حکومتی خواندن #تیم_ملی_فوتبال اشتباه بود. به ویژه وقتی اعضای تیم پیش از بازی با انگلیس درحد توان‌شان تلاش کردند نشان‌دهند که با ملت‌شان بوده، در غم‌ آنها شریکند. 
بگذاریم #خودشان_باشند و ما فقط حامی آنها برای کسب پیروزی باشیم.","National teams represent nations in world competitions.
It was wrong to call the #national_football_team a government. Especially when the team members tried their best before the match against England to show that they were with their nation and shared their grief. 
Let them be themselves and we will only support them to win."
1596763718913695744,alishakourirad,2022-11-27 09:11:51.681,"اگر #تظاهرات،یا همان اردوکشی خیابانی ملاک است، بزرگ‌ترین مرجع: راه‌پیمایی سکوت ۲۵خرداد۱۳۸۸
اگر #انتخابات ملاک است بیشترین میزان مشارکت: انتخابات۹۶
اگر امروز می‌خواهید #صدای_مردم را بشنوید بگذارید یک راهپیمایی سراسری سکوت، حتی بدون ‌پلاکارد و فقط باعنوان #زن_زندگی_آزادی برگزارشود.",0,0,0,https://x.com/alishakourirad/status/1596763718913695744,2022,11,2022-11-27,"اگر #تظاهرات،یا همان اردوکشی خیابانی ملاک است، بزرگ‌ترین مرجع: راه‌پیمایی سکوت ۲۵خرداد۱۳۸۸
اگر #انتخابات ملاک است بیشترین میزان مشارکت: انتخابات۹۶
اگر امروز می‌خواهید #صدای_مردم را بشنوید بگذارید یک راهپیمایی سراسری سکوت، حتی بدون ‌پلاکارد و فقط باعنوان #زن_زندگی_آزادی برگزارشود.","If #demonstrations or street camping is the criterion, the biggest reference is: March of Silence on June 25, 2018.
If #election is the criterion, the highest participation rate: 96 elections
If you want to hear the voices of the people today, let a national march of silence be held, even without placards and only as #Women_of_Freedom."
1595981078895988737,alishakourirad,2022-11-25 05:21:55.760,"خشونت علیه معترضین بی‌سلاح را متوقف کنید!
#زاهدان
#خاش
#ایذه
#مهاباد
#جوانرود
#ایران",0,0,0,https://x.com/alishakourirad/status/1595981078895988737,2022,11,2022-11-25,"خشونت علیه معترضین بی‌سلاح را متوقف کنید!
#زاهدان
#خاش
#ایذه
#مهاباد
#جوانرود
#ایران","Stop violence against unarmed protesters!
#Zahedan
# itch
#Izeh
# Mahabad
#Joanrud
#Iran"
1595365821567860736,alishakourirad,2022-11-23 12:37:06.982,"قبل از بازی تیم‌ملی‌فوتبال توئیتی زده بودم که مرا وامی‌داشت در قبال رفتار مناسب بازیکنان پیش از بازی اما توهین تماشاچیان، از آنها حمایت کنم. لفظی که در توئیت بعدی بکار رفت مناسب نبود و موجب تشدید عصبانیت هموطنانی شد که مخاطب من قرار گرفتند.
من هم عصبانی بودم.
#عذرخواهی می‌کنم.",0,0,0,https://x.com/alishakourirad/status/1595365821567860736,2022,11,2022-11-23,"قبل از بازی تیم‌ملی‌فوتبال توئیتی زده بودم که مرا وامی‌داشت در قبال رفتار مناسب بازیکنان پیش از بازی اما توهین تماشاچیان، از آنها حمایت کنم. لفظی که در توئیت بعدی بکار رفت مناسب نبود و موجب تشدید عصبانیت هموطنانی شد که مخاطب من قرار گرفتند.
من هم عصبانی بودم.
#عذرخواهی می‌کنم.","Before the match of the national football team, I had tweeted that I should support the players for their proper behavior before the match but insulting the spectators. The wording that was used in the next tweet was not appropriate and caused the anger of the compatriots who were addressed to me.
I was also angry.
I apologize."
1595366617386459138,alishakourirad,2022-11-23 12:40:16.720,"#ايران_براى_همه_اىرانيان شعار و سرلوحه هميشگى فعاليت‌های سیاسی و حزبی ما بوده و هست. 
اساسا وطن چیزی نیست که بشود از كسى سلب كرد و همه‌ی ایرانیان با هر گرایشی  #هموطن ما هستند.
شادی هموطنان در واکنش به باخت تیم ملی تظاهری از عصبانیت آنها از برنامه بدرقه در نهاد ریاست جمهوری بود.",0,0,0,https://x.com/alishakourirad/status/1595366617386459138,2022,11,2022-11-23,"#ايران_براى_همه_اىرانيان شعار و سرلوحه هميشگى فعاليت‌های سیاسی و حزبی ما بوده و هست. 
اساسا وطن چیزی نیست که بشود از كسى سلب كرد و همه‌ی ایرانیان با هر گرایشی  #هموطن ما هستند.
شادی هموطنان در واکنش به باخت تیم ملی تظاهری از عصبانیت آنها از برنامه بدرقه در نهاد ریاست جمهوری بود.","#Iran_for_all_Iranians has always been and is the motto of our political and party activities. 
Basically, the homeland is not something that can be taken away from anyone, and all Iranians are our compatriots regardless of their orientation.
The happiness of the compatriots in response to the loss of the national team was a manifestation of their anger at the program of expulsion in the presidential institution."
1594940487664033792,alishakourirad,2022-11-22 08:26:59.477,"#سیاست_مشت_آهنین دربرابر اعتراضات مردم بی‌سلاح به ظلم‌ها، تبعیض‌ها، عهدشکنی‌ها و ناکارآمدی‌ها #پاسخ_نخواهدداد و اگرحتی به قول خودتان جمعش کنید روزی دیگر که شما ضعیف‌تر خواهیدبود باشدت بیشتر شعله‌ورشده ریشه شما را خواهدسوزاند.
زدن، کشتن و بگیر و ببند را پایان دهید!
#به_خود_بیائید!",0,0,0,https://x.com/alishakourirad/status/1594940487664033792,2022,11,2022-11-22,"#سیاست_مشت_آهنین دربرابر اعتراضات مردم بی‌سلاح به ظلم‌ها، تبعیض‌ها، عهدشکنی‌ها و ناکارآمدی‌ها #پاسخ_نخواهدداد و اگرحتی به قول خودتان جمعش کنید روزی دیگر که شما ضعیف‌تر خواهیدبود باشدت بیشتر شعله‌ورشده ریشه شما را خواهدسوزاند.
زدن، کشتن و بگیر و ببند را پایان دهید!
#به_خود_بیائید!","#Iron_fist_policy will not respond to unarmed people's protests against cruelty, discrimination, breach of promise and inefficiencies, and even if you sum it up in your own words, one day when you will be weaker, it will burn your roots even more.
End the hit, kill and catch!
#Come to your senses!"
1594879454110793730,alishakourirad,2022-11-22 04:24:27.944,"نمی‌‌شود آنهایی را که از #باخت تیم ملی فوتبال ایران خوشحالی کردند #هموطن خود دانست، چه برسد آنها که قلب جوانان ملی پوش وطن را هدف گرفته و بی‌شرف خطابشان کردند یا بدون شرم پرچم انگلیس را بالا بردند. 
ورزش و فوتبال هم بخشی از #زندگی جوانان است.
ملت مظلوم ایران از دوطرف تیر می‌خورد.",0,0,0,https://x.com/alishakourirad/status/1594879454110793730,2022,11,2022-11-22,"نمی‌‌شود آنهایی را که از #باخت تیم ملی فوتبال ایران خوشحالی کردند #هموطن خود دانست، چه برسد آنها که قلب جوانان ملی پوش وطن را هدف گرفته و بی‌شرف خطابشان کردند یا بدون شرم پرچم انگلیس را بالا بردند. 
ورزش و فوتبال هم بخشی از #زندگی جوانان است.
ملت مظلوم ایران از دوطرف تیر می‌خورد.","You cannot consider those who rejoiced over the loss of Iran's national football team as your #compatriots, let alone those who targeted the hearts of the national youth and called them dishonorable or shamelessly raised the British flag. 
Sports and football are also a part of youth life.
The oppressed people of Iran are being shot from both sides."
1594625840192667648,alishakourirad,2022-11-21 11:36:41.674,"جنبش اعتراضی زن‌زندگی‌آزادی موجب #عزت ملت ایران، که می‌خواهد سرنوشتش را خودش تعیین بکند، شده است. 
اکنون در آوردگاه جام جهانی فوتبال، تیم ملی ایران که  بازیکنان آن جوانان همین ملتند با بازی و نيز رفتار خود می‌توانند این عزت را ارتقا دهند.
#پیروزی_ملی_پوشان در #بردن_دل_مردم است.",0,0,0,https://x.com/alishakourirad/status/1594625840192667648,2022,11,2022-11-21,"جنبش اعتراضی زن‌زندگی‌آزادی موجب #عزت ملت ایران، که می‌خواهد سرنوشتش را خودش تعیین بکند، شده است. 
اکنون در آوردگاه جام جهانی فوتبال، تیم ملی ایران که  بازیکنان آن جوانان همین ملتند با بازی و نيز رفتار خود می‌توانند این عزت را ارتقا دهند.
#پیروزی_ملی_پوشان در #بردن_دل_مردم است.","The women's life-freedom protest movement has caused the honor of the Iranian nation, which wants to determine its own destiny. 
Now, on the eve of the World Cup, Iran's national team, whose players are young people from the same nation, can improve this honor with their game and behavior.
#National_victory_is_covered in #winning_the_people's_hearts."
1593647024192204800,alishakourirad,2022-11-18 18:47:13.754,"بارها گفته شده‌است که از #لباس‌شخصی‌ها همه‌کاری برمی‌آید.
تا زمانی که از لباس‌شخصی‌ها در کنار پلیس برای سرکوب تظاهرات اعتراضی استفاده می‌شود همه سیئات آنها چه مأمور باشند،چه تروریست به پای پلیس نوشته می‌شود حتی اگر قسم خورده شود که مأموران رسمی پلیس سلاح جنگی ندارند.
#کیان_پیرفلک",0,0,0,https://x.com/alishakourirad/status/1593647024192204800,2022,11,2022-11-18,"بارها گفته شده‌است که از #لباس‌شخصی‌ها همه‌کاری برمی‌آید.
تا زمانی که از لباس‌شخصی‌ها در کنار پلیس برای سرکوب تظاهرات اعتراضی استفاده می‌شود همه سیئات آنها چه مأمور باشند،چه تروریست به پای پلیس نوشته می‌شود حتی اگر قسم خورده شود که مأموران رسمی پلیس سلاح جنگی ندارند.
#کیان_پیرفلک","It has been said many times that everything comes from personal clothes.
As long as uniforms are used alongside the police to suppress protest demonstrations, all their crimes, whether officers or terrorists, will be attributed to the police, even if it is sworn that official police officers do not have weapons.
#Kian_Pirflek"
1593615003394838529,alishakourirad,2022-11-18 16:39:59.401,"با آقای رئیسی موافقم که #خواص نباید سکوت کنند و باید #حقایق را تبیین کنند اما نه برای مردم که خودشان با گوشت‌وپوست حقایق را لمس و هرروز با آن دست‌وپنجه نرم می‌کنند. بلکه برای آنها که از حقایق دور هستند و فقط خواص به آنها دسترسی دارند.
 #تكليف خواص، امروز #النصیحةلائمةالمسلمين است",0,0,0,https://x.com/alishakourirad/status/1593615003394838529,2022,11,2022-11-18,"با آقای رئیسی موافقم که #خواص نباید سکوت کنند و باید #حقایق را تبیین کنند اما نه برای مردم که خودشان با گوشت‌وپوست حقایق را لمس و هرروز با آن دست‌وپنجه نرم می‌کنند. بلکه برای آنها که از حقایق دور هستند و فقط خواص به آنها دسترسی دارند.
 #تكليف خواص، امروز #النصیحةلائمةالمسلمين است","I agree with Mr. Raeesi that #Khwas should not remain silent and should explain the #facts, but not for the people who touch the facts themselves and struggle with it every day. But for those who are far from the truth and only have access to properties.
 #Assignment of properties, today is #Al-Nasih-Halaimah-ul-Muslimeen"
1593105099944906753,alishakourirad,2022-11-17 06:53:48.945,"#شکست مأموریت هیأت اعزامی به سیستان‌وبلوچستان حکایت ازآن دارد که هنوز درک درستی از آنچه در ایران جریان دارد پدید نیامده‌است.
حجم عظیم نارضایتی‌ها، هم‌نوایی بخش بزرگی از جامعه تحقیرشده با اعتراضات و فراگیرشدن باور به شعار زن‌زندگی‌آزادی، تجدیدنظر در #شیوه_حکمرانی را لازم کرده است.",0,0,0,https://x.com/alishakourirad/status/1593105099944906753,2022,11,2022-11-17,"#شکست مأموریت هیأت اعزامی به سیستان‌وبلوچستان حکایت ازآن دارد که هنوز درک درستی از آنچه در ایران جریان دارد پدید نیامده‌است.
حجم عظیم نارضایتی‌ها، هم‌نوایی بخش بزرگی از جامعه تحقیرشده با اعتراضات و فراگیرشدن باور به شعار زن‌زندگی‌آزادی، تجدیدنظر در #شیوه_حکمرانی را لازم کرده است.","#The failure of the mission of the delegation to Sistan-Baluchistan indicates that a correct understanding of what is going on in Iran has not yet emerged.
The huge volume of dissatisfactions, the conformity of a large part of the humiliated society with the protests and the widespread belief in the slogan of women's life and freedom, have necessitated a revision of the #ruling_style."
1591028274334867461,alishakourirad,2022-11-11 13:21:15.134,"#جبهه_اصلاحات_ایران که از جنبش ۲۵ساله اصلاحات و دوران طلایی دولت اصلاحات و مجلس درخشان ششم نمایندگی می‌کند، درمورد جنبش جاری درکشور بیانیه تحلیلی داده‌است. #بی‌بی‌سی ولو برای تخطئه میزگرد تشکیل داد و به آن پرداخت.
اما مدیران #صداوسیما فاقد درک اهمیت خبر و نقش رسانه‌اند.
#حیف_نون",0,0,0,https://x.com/alishakourirad/status/1591028274334867461,2022,11,2022-11-11,"#جبهه_اصلاحات_ایران که از جنبش ۲۵ساله اصلاحات و دوران طلایی دولت اصلاحات و مجلس درخشان ششم نمایندگی می‌کند، درمورد جنبش جاری درکشور بیانیه تحلیلی داده‌است. #بی‌بی‌سی ولو برای تخطئه میزگرد تشکیل داد و به آن پرداخت.
اما مدیران #صداوسیما فاقد درک اهمیت خبر و نقش رسانه‌اند.
#حیف_نون","#Iran_Reform_Front, which represents the 25-year reform movement and the golden era of the reform government and the sixth brilliant parliament, has given an analytical statement about the current movement in the country. #BBC even organized a round table for the mistake and addressed it.
But the managers of #Sadao-Sima do not understand the importance of news and the role of the media.
#Haif_Nun"
1591027192313835520,alishakourirad,2022-11-11 13:16:57.160,"جبهه اصلاحات ایران با صدور بیانیه‌ای تحلیلی همزمان با پنجاهمین روز اعتراضات فراگیر در کشور، مواضع خود را در مورد آخرین شرایط کشور و راهبردهای برون رفت از بحران جاری اعلام کرد.

متن کامل بیانیه در لینک زیر:
t.me/jebheheslahat/
…",0,0,0,https://x.com/alishakourirad/status/1591027192313835520,2022,11,2022-11-11,"جبهه اصلاحات ایران با صدور بیانیه‌ای تحلیلی همزمان با پنجاهمین روز اعتراضات فراگیر در کشور، مواضع خود را در مورد آخرین شرایط کشور و راهبردهای برون رفت از بحران جاری اعلام کرد.

متن کامل بیانیه در لینک زیر:
t.me/jebheheslahat/
…","By issuing an analytical statement at the same time as the 50th day of widespread protests in the country, Iran's Reform Front announced its positions on the latest conditions of the country and strategies to overcome the current crisis.

The full text of the statement is in the following link:
t.me/jebheheslahat/
…"
1589949501208690689,alishakourirad,2022-11-08 13:54:35.578,من نمی‌دانم #فایل_صوتی مجری بی‌بی‌سی فارسی چگونه منتشر شده‌است. اما در کنار افشای منويات سردمداران تلویزیون ایران اینترنشنال که چندان هم پنهان نبود حقیقت دیگری را هم برای متوهمان داخلی فاش می‌کند که اتهام وطن‌فروش به این‌گونه خبرنگاران و مجریانِ ناگزیر از مهاجرت چقدر بی‌اساس است.,0,0,0,https://x.com/alishakourirad/status/1589949501208690689,2022,11,2022-11-08,من نمی‌دانم #فایل_صوتی مجری بی‌بی‌سی فارسی چگونه منتشر شده‌است. اما در کنار افشای منويات سردمداران تلویزیون ایران اینترنشنال که چندان هم پنهان نبود حقیقت دیگری را هم برای متوهمان داخلی فاش می‌کند که اتهام وطن‌فروش به این‌گونه خبرنگاران و مجریانِ ناگزیر از مهاجرت چقدر بی‌اساس است.,"I don't know how the audio file of the BBC Farsi presenter was published. But in addition to the disclosure of the lists of the leaders of Iran International TV, which was not so hidden, it also reveals another truth to domestic skeptics, how baseless is the accusation of patriotism against such journalists and presenters who are forced to emigrate."
1589898809500655616,alishakourirad,2022-11-08 10:33:09.733,"#رئيس_قوه_قضائيه: مردم در راهپيمايى ١٣ آبان خواستار #برخورد_قاطع_و_سريع با عناصر و مسببين جنايت‌های صورت گرفته شده‌اند.
ایشان باید می‌گفت: قضاوت عادلانه اقتضاء مى‌کند که به پرونده ناقضان قانون از هر طرف و کسانی که خون بی‌گناهی را ریخته باشند، با #استقلال_طمأنینه_و_دقت رسیدگی شود.",0,0,0,https://x.com/alishakourirad/status/1589898809500655616,2022,11,2022-11-08,"#رئيس_قوه_قضائيه: مردم در راهپيمايى ١٣ آبان خواستار #برخورد_قاطع_و_سريع با عناصر و مسببين جنايت‌های صورت گرفته شده‌اند.
ایشان باید می‌گفت: قضاوت عادلانه اقتضاء مى‌کند که به پرونده ناقضان قانون از هر طرف و کسانی که خون بی‌گناهی را ریخته باشند، با #استقلال_طمأنینه_و_دقت رسیدگی شود.","#Chief_of_the_Judiciary: In the march of 13th of November, the people demanded a #decisive_and_fast confrontation with the elements and the causes of the crimes.
He should have said: A fair judgment requires that the cases of those who break the law from all sides and those who have shed innocent blood, be dealt with with #confidence_and_accuracy."
1589819415365050369,alishakourirad,2022-11-08 05:17:40.696,"دخالت #لباس_شخصی‌ها در کار پلیس تالی‌فاسد زیادی دارد. برخى از اين بى‌مسئولیت‌ها قاطی معترضین می‌شوند تا اعتراضات را به انحراف بکشانند. این‌ها همه‌کار می‌کنند ازجمله #کشته‌سازی.
اگر کسی در صفوف معترضین #سلاح_کشنده همراه داشته باشد، مشكوك است كه نفوذى يا مزدورِ داخلى يا خارجى باشد.",0,0,0,https://x.com/alishakourirad/status/1589819415365050369,2022,11,2022-11-08,"دخالت #لباس_شخصی‌ها در کار پلیس تالی‌فاسد زیادی دارد. برخى از اين بى‌مسئولیت‌ها قاطی معترضین می‌شوند تا اعتراضات را به انحراف بکشانند. این‌ها همه‌کار می‌کنند ازجمله #کشته‌سازی.
اگر کسی در صفوف معترضین #سلاح_کشنده همراه داشته باشد، مشكوك است كه نفوذى يا مزدورِ داخلى يا خارجى باشد.","The interference of private clothes in the work of the police is very corrupt. Some of these irresponsibility are mixed with the protesters to divert the protests. They do everything, including killing.
If someone in the ranks of the protesters carries a deadly weapon, it is doubtful that he is an infiltrator or a mercenary inside or outside."
1589573607277363200,alishakourirad,2022-11-07 13:00:55.481,"#پرهیز_از_شادی در جشن قهرمانی #استقلال در سوپرجام فوتبال و جشن قهرمانی #تیم_ملی_فوتبال_ساحلی در امارات نشانه‌هایی است از هژمون جنبش جاری و هم‌نوایی با آن در بخش‌های مختلف جامعه.
 متأسفانه اثری از وقوف به چنین حقیقتی در بیانات و بیانیه‌های صاحبان قدرت دیده نشده و افقی گشوده نیست.",0,0,0,https://x.com/alishakourirad/status/1589573607277363200,2022,11,2022-11-07,"#پرهیز_از_شادی در جشن قهرمانی #استقلال در سوپرجام فوتبال و جشن قهرمانی #تیم_ملی_فوتبال_ساحلی در امارات نشانه‌هایی است از هژمون جنبش جاری و هم‌نوایی با آن در بخش‌های مختلف جامعه.
 متأسفانه اثری از وقوف به چنین حقیقتی در بیانات و بیانیه‌های صاحبان قدرت دیده نشده و افقی گشوده نیست.","#Rejoicing in the celebration of the victory of #Istiqlal in the Football Super Cup and the celebration of the victory of the #National_Football_Team in the UAE are signs of the hegemony of the current movement and its conformity in different parts of society.
 Unfortunately, there is no trace of standing up to such a truth in the statements of those in power, and there is no open horizon."
1588905752282173443,alishakourirad,2022-11-05 16:47:06.442,"با شعار فراگیر #زن_زندگی_آزادی
همراه شوید و توان خود را صرف پاک‌کردن و به محاق‌بردن آن نکنید. رفتارتان با شعار فراگیر #ایران_برای_همه_ایرانیان  را تکرار نکنید. به این شعارها پای‌بندی نشان بدهید. 
این‌برای‌شمابهتراست‌اگربدانید.
#آیت‌الله_جوادی_آملی بهتراست از #آیت‌الله‌مصباح‌یزدی",0,0,0,https://x.com/alishakourirad/status/1588905752282173443,2022,11,2022-11-05,"با شعار فراگیر #زن_زندگی_آزادی
همراه شوید و توان خود را صرف پاک‌کردن و به محاق‌بردن آن نکنید. رفتارتان با شعار فراگیر #ایران_برای_همه_ایرانیان  را تکرار نکنید. به این شعارها پای‌بندی نشان بدهید. 
این‌برای‌شمابهتراست‌اگربدانید.
#آیت‌الله_جوادی_آملی بهتراست از #آیت‌الله‌مصباح‌یزدی","With the universal slogan #Zen_Zandagi_Azadi
Go along and don't waste your energy on erasing it. Do not repeat your behavior with the universal slogan #Iran_for_all_Iranians. Adhere to these slogans. 
It is better for you if you know.
#Ayatollah_Javadi_Amli is better than #Ayatollah Masbah Yazdi"
1588367472801247232,alishakourirad,2022-11-04 05:08:10.613,"تكنولوژى جديد در جنگ روانى استفاده از #جنگ_روايت‌ها است.
یعنی برای هر اتفاقی روایت خودمان را تدوین و پس از رسمیت دادن به آن با ابزار رسانه و تبلیغات و تکرار زیاد آن را در حلق مخاطب می‌کنیم. هر کس هم خلاف آن را بگوید متهم به نشراکاذیب و تشویش‌اذهان عمومی می‌‌شود.
#مردم_فهم_دارند",0,0,0,https://x.com/alishakourirad/status/1588367472801247232,2022,11,2022-11-04,"تكنولوژى جديد در جنگ روانى استفاده از #جنگ_روايت‌ها است.
یعنی برای هر اتفاقی روایت خودمان را تدوین و پس از رسمیت دادن به آن با ابزار رسانه و تبلیغات و تکرار زیاد آن را در حلق مخاطب می‌کنیم. هر کس هم خلاف آن را بگوید متهم به نشراکاذیب و تشویش‌اذهان عمومی می‌‌شود.
#مردم_فهم_دارند","The new technology in psychological warfare is the use of #war_of_narratives.
That is, we compile our own narrative for every incident and after making it official, we use media and advertising tools and repeat it in the audience. Anyone who says otherwise will be accused of spreading lies and worrying the public mind.
#people_understand_"
1588052438937919489,alishakourirad,2022-11-03 08:16:20.687,"دلم برای برخی نیروهای #پلیس_آگاه می‌سوزد. آنها آموزش دیده‌ و یونیفرم می‌پوشند تا به موجب قانون #حافظ_امنیت_مردم باشند بعد جلوی چشمشان یک عده #لباس_شخصیِ بعضا بچه‌سالِ آموزش ندیدهِ بددهنِ آتش‌به‌اختیار در كار آنها دخالت مى‌کنند و آنها مجبورند تماشا کنند و #تحقیر بشوند.
#گیل‌آبادی",0,0,0,https://x.com/alishakourirad/status/1588052438937919489,2022,11,2022-11-03,"دلم برای برخی نیروهای #پلیس_آگاه می‌سوزد. آنها آموزش دیده‌ و یونیفرم می‌پوشند تا به موجب قانون #حافظ_امنیت_مردم باشند بعد جلوی چشمشان یک عده #لباس_شخصیِ بعضا بچه‌سالِ آموزش ندیدهِ بددهنِ آتش‌به‌اختیار در كار آنها دخالت مى‌کنند و آنها مجبورند تماشا کنند و #تحقیر بشوند.
#گیل‌آبادی","I feel sorry for some #police_forces. They are trained and wear uniforms to protect people's security according to the law, then in front of their eyes some untrained, fire-breathing children in plain clothes interfere in their work and they have to watch and be humiliated.
#Gilabadi"
1588032723456868353,alishakourirad,2022-11-03 06:58:00.150,"پزشک جانباز، #دكتر_حسین_کرمانپور پنج روز است به جرم صراحت در دفاع از حریم‌پزشکی و بیمارستان خانه‌نشین شده‌است.
به دانشگاه دستورداده‌‌شده‌است مانع ورود او به بیمارستان بشوند، به دلیل زدن توئیت در تقبیح پرتاب #گازاشک‌آور به داخل ساختمان #اورژانس!
چرا او؟ پرتاب‌کننده باید توبیخ شود!",0,0,0,https://x.com/alishakourirad/status/1588032723456868353,2022,11,2022-11-03,"پزشک جانباز، #دكتر_حسین_کرمانپور پنج روز است به جرم صراحت در دفاع از حریم‌پزشکی و بیمارستان خانه‌نشین شده‌است.
به دانشگاه دستورداده‌‌شده‌است مانع ورود او به بیمارستان بشوند، به دلیل زدن توئیت در تقبیح پرتاب #گازاشک‌آور به داخل ساختمان #اورژانس!
چرا او؟ پرتاب‌کننده باید توبیخ شود!","The veteran doctor, #Dr. Hossein Kermanpour has been under house arrest for five days for the crime of openly defending medical and hospital privacy.
The university has been ordered to prevent him from entering the hospital, because of tweets condemning the throwing of #tashgas into the #emergency building!
why him The launcher should be reprimanded!"
1585307957377765376,alishakourirad,2022-10-26 19:30:45.293,"امروز اعضای
#جامعه_پزشکی که 
می‌خواستند آرام و مسالمت‌آمیز #تجمع و به نابسامانی‌های موجود، رفتارهای خشن،
تعرض به محیط های آموزشی و درمانی، سوء استفاده از آمبولانس، کمبود دارو و…#اعتراض کنند، مورد #ضرب_و_شتم و هدف تیراندازی قرار گرفتند. 
بر سر شاخ بُن می‌برید!؟",0,0,0,https://x.com/MrZafarghandi/status/1585307957377765376,2022,10,2022-10-26,"امروز اعضای
#جامعه_پزشکی که 
می‌خواستند آرام و مسالمت‌آمیز #تجمع و به نابسامانی‌های موجود، رفتارهای خشن،
تعرض به محیط های آموزشی و درمانی، سوء استفاده از آمبولانس، کمبود دارو و…#اعتراض کنند، مورد #ضرب_و_شتم و هدف تیراندازی قرار گرفتند. 
بر سر شاخ بُن می‌برید!؟","Today members
#medical_society 
They wanted a calm and peaceful #gathering and to the existing disturbances, violent behavior,
Attacks on educational and medical environments, misuse of ambulances, lack of medicine, etc., they protested, were beaten and shot at. 
Do you cut the head of the horn!?"
1585613280520929281,alishakourirad,2022-10-27 15:44:00.003,"پزشکانی که روزگذشته درمقابل #سازمان_نظام_پزشکی حاضر شدند تا فقط اعتراض کنند، چرا کتک خوردند؟
چرا درب خانه خودشان را به روی آنها بستید؟
چه کسی نیروهای ضد شورش را به آنجا اعزام کرد؟
چه کسی دستور سرکوب داد؟
رئیس و نایب رئیس هیأت مدیره تهران بزرگ بحق #استعفا دادند.
بقیه، چه می‌کنند؟",0,0,0,https://x.com/alishakourirad/status/1585613280520929281,2022,10,2022-10-27,"پزشکانی که روزگذشته درمقابل #سازمان_نظام_پزشکی حاضر شدند تا فقط اعتراض کنند، چرا کتک خوردند؟
چرا درب خانه خودشان را به روی آنها بستید؟
چه کسی نیروهای ضد شورش را به آنجا اعزام کرد؟
چه کسی دستور سرکوب داد؟
رئیس و نایب رئیس هیأت مدیره تهران بزرگ بحق #استعفا دادند.
بقیه، چه می‌کنند؟","The doctors who appeared in front of the #medical_organization the other day just to protest, why were they beaten?
Why did you close the door of their own house on them?
Who sent the counter-insurgency forces there?
Who ordered the suppression?
The chairman and vice chairman of the board of directors of Greater Tehran rightfully #resigned.
What are the others doing?"
1585603090241265667,alishakourirad,2022-10-27 15:03:30.451,"دنیای مردم را جهنم می‌کنند با این توهم که بهشت آخرت را برای خود می‌خرند.
آن که زائران حرم #شاه_چراغ را به خاک‌وخون کشید یکی از نمونه‌های اشقی‌الاشقیاء است كه شمشير يقين‌جاهلى‌اش را بر فرق حق‌ و عدالت كوبيد. 
يقينی که از بستر جهل برخيزد  ظلم‌و‌جنایت رقم مى‌زند.
باز هم #تسليت_ايران",0,0,0,https://x.com/alishakourirad/status/1585603090241265667,2022,10,2022-10-27,"دنیای مردم را جهنم می‌کنند با این توهم که بهشت آخرت را برای خود می‌خرند.
آن که زائران حرم #شاه_چراغ را به خاک‌وخون کشید یکی از نمونه‌های اشقی‌الاشقیاء است كه شمشير يقين‌جاهلى‌اش را بر فرق حق‌ و عدالت كوبيد. 
يقينی که از بستر جهل برخيزد  ظلم‌و‌جنایت رقم مى‌زند.
باز هم #تسليت_ايران","They make people's world hell with the illusion that they are buying the hereafter paradise for themselves.
The one who killed the pilgrims of #Shah_Cheragh's shrine is one of the examples of the love of the people who cut the sword of his ignorance on the difference between truth and justice. 
Certainty that arises from the bed of ignorance creates cruelty and crime.
Again #consolation_of_Iran"
1584888098638688257,alishakourirad,2022-10-25 15:42:23.169,"در ایران دادستان و دادرس در یک مجموعه هستند و اراده مافوق، آنها را هماهنگ می‌کند. به همین دلیل در پرونده‌‌های امنیتی فراینددادرسی صوری می‌نماید. مثلا وقتی #اتهام_محاربه زده می‌شود این برداشت شکل می‌گیرد که قراراست کسانی #اعدام شوند.
این برداشت «قرار است» در تعارض با حس عدالت است.",0,0,0,https://x.com/alishakourirad/status/1584888098638688257,2022,10,2022-10-25,"در ایران دادستان و دادرس در یک مجموعه هستند و اراده مافوق، آنها را هماهنگ می‌کند. به همین دلیل در پرونده‌‌های امنیتی فراینددادرسی صوری می‌نماید. مثلا وقتی #اتهام_محاربه زده می‌شود این برداشت شکل می‌گیرد که قراراست کسانی #اعدام شوند.
این برداشت «قرار است» در تعارض با حس عدالت است.","In Iran, the prosecutor and the judge are in the same group, and the superior's will coordinates them. For this reason, formal proceedings are conducted in security cases. For example, when #warfare is accused, this impression is formed that some people are going to be #executed.
This perception of ""should"" is in conflict with the sense of justice."
1584865142516633602,alishakourirad,2022-10-25 14:11:10.003,"اصلاح‌طلبان بر آن بوده‌اند که حاکمیت پی‌ببرد که با شیوه آنان نمی‌شود کشور را اداره کرد و باید اصلاحاتی در روش، رویکرد و ساختار صورت بگیرد.
#هسته_سخت_قدرت همیشه در برابر اصلاح در شیوه حکمرانی ایستادگی کرده است اما یکدستی حاكميت و جنبش جاری، #بدنه آنها را به #تأمل_جدی واداشته است.",0,0,0,https://x.com/alishakourirad/status/1584865142516633602,2022,10,2022-10-25,"اصلاح‌طلبان بر آن بوده‌اند که حاکمیت پی‌ببرد که با شیوه آنان نمی‌شود کشور را اداره کرد و باید اصلاحاتی در روش، رویکرد و ساختار صورت بگیرد.
#هسته_سخت_قدرت همیشه در برابر اصلاح در شیوه حکمرانی ایستادگی کرده است اما یکدستی حاكميت و جنبش جاری، #بدنه آنها را به #تأمل_جدی واداشته است.","The reformists have wanted the government to realize that it is not possible to run the country with their method and that there should be reforms in the method, approach and structure.
The #strong_core_of_power has always resisted reforming the way of governance, but the uniformity of governance and the current movement has forced their body to #seriously reflect."
1583802264749154304,alishakourirad,2022-10-22 15:47:40.196,"اعضاء #تیم_ملی_فوتبال_ایران سفیران ملت ایران در آوردگاه #جام_جهانی_فوتبال هستند.
حضور و توفيق آنان در كانون توجهات جهانى موجب افتخار و سربلندى ملت است.
يكپارچه براى سلامتى اعضاء تيم ملى فوتبال ایران دعا می کنیم و سرافرازی آنان در جام جهانى را آرزومندیم.
#ایران_برای_همه_ایرانیان",0,0,0,https://x.com/alishakourirad/status/1583802264749154304,2022,10,2022-10-22,"اعضاء #تیم_ملی_فوتبال_ایران سفیران ملت ایران در آوردگاه #جام_جهانی_فوتبال هستند.
حضور و توفيق آنان در كانون توجهات جهانى موجب افتخار و سربلندى ملت است.
يكپارچه براى سلامتى اعضاء تيم ملى فوتبال ایران دعا می کنیم و سرافرازی آنان در جام جهانى را آرزومندیم.
#ایران_برای_همه_ایرانیان","The members of the #Iran_National_Football_Team are the ambassadors of the Iranian nation at the #Football_World_Cup.
Their presence and success in the center of world attention is the pride of the nation.
We pray for the health of the members of the Iranian national football team and wish them glory in the World Cup.
#Iran_for_all_Iranians"
1583787409988149248,alishakourirad,2022-10-22 14:48:38.545,"آقای #محسنی_اژه‌ای!
تشریفات دادرسی مربوط به آقای #تاجزاده عادلانه یا ناعادلانه به هرحال خاتمه یافته و ایشان درحال تحمل کیفر زندان است. بر اساس کدام قانون ایشان در #بازداشتگاه_سپاه نگهداری می‌شود. 
زورتان به ضابطان نمی‌رسد یا خودتان راضی به این بی‌قانونی هستید؟
قانون را اجرا کنید!",0,0,0,https://x.com/alishakourirad/status/1583787409988149248,2022,10,2022-10-22,"آقای #محسنی_اژه‌ای!
تشریفات دادرسی مربوط به آقای #تاجزاده عادلانه یا ناعادلانه به هرحال خاتمه یافته و ایشان درحال تحمل کیفر زندان است. بر اساس کدام قانون ایشان در #بازداشتگاه_سپاه نگهداری می‌شود. 
زورتان به ضابطان نمی‌رسد یا خودتان راضی به این بی‌قانونی هستید؟
قانون را اجرا کنید!","Mr. #Mohsani_Ajei!
The legal proceedings related to Mr. #Tajzadeh have been terminated, justly or unjustly, and he is serving a prison sentence. According to which law is he kept in the army detention center? 
Is your force not enough for the bailiffs or are you satisfied with this lawlessness?
Enforce the law!"
1583737057528098817,alishakourirad,2022-10-22 11:28:33.583,"فاجعه #جمعه_خونین_زاهدان و تعدد کشته‌ها فراموش شدنى نيست. زخمى است كه اگر التيام نيابد هر بار که سر باز کند، داغ را تازه مى‌کند و التهاب عمومی می‌آفریند.
به تظلم‌خواهی #مولوی_عبدالحمید و هم‌وطنان داغ‌دیده بلوچ در مورد آن توجه و رسیدگی کنید!
#امنیت_واقعی در گرو آزادی و عدالت است.",0,0,0,https://x.com/alishakourirad/status/1583737057528098817,2022,10,2022-10-22,"فاجعه #جمعه_خونین_زاهدان و تعدد کشته‌ها فراموش شدنى نيست. زخمى است كه اگر التيام نيابد هر بار که سر باز کند، داغ را تازه مى‌کند و التهاب عمومی می‌آفریند.
به تظلم‌خواهی #مولوی_عبدالحمید و هم‌وطنان داغ‌دیده بلوچ در مورد آن توجه و رسیدگی کنید!
#امنیت_واقعی در گرو آزادی و عدالت است.","The tragedy of #Bloody_Friday_of_Zahedan and the number of dead people cannot be forgotten. It is a wound that if it is not healed, every time it opens, it renews the heat and creates general inflammation.
Pay attention to the grievances of #Maulvi_Abd al-Hamid and the bereaved Baloch compatriots about it!
#Real security depends on freedom and justice."
1582327812773785601,alishakourirad,2022-10-18 14:08:43.451,"#تب ممکن است علامت بارز یک بيمارى‌كشنده باشد. با تجویز تب‌بُر و انجام پاشويه فروکش می‌کند اما تا آن بيمارى درمان نشود، با شدت بيشترى بازخواهد گشت. 
تب جنبش‌های اعتراضی اکنون به تب تند جنبش‌انقلابی تبدیل شده‌است.اگر فروکش کند، چه بسا دوباره بازگردد. 
چاره آن،رفع خود #بیماری است.",0,0,0,https://x.com/alishakourirad/status/1582327812773785601,2022,10,2022-10-18,"#تب ممکن است علامت بارز یک بيمارى‌كشنده باشد. با تجویز تب‌بُر و انجام پاشويه فروکش می‌کند اما تا آن بيمارى درمان نشود، با شدت بيشترى بازخواهد گشت. 
تب جنبش‌های اعتراضی اکنون به تب تند جنبش‌انقلابی تبدیل شده‌است.اگر فروکش کند، چه بسا دوباره بازگردد. 
چاره آن،رفع خود #بیماری است.","#Fever may be a sign of a deadly disease. It subsides with the administration of fever reducer and spraying, but until the disease is not treated, it will return with more intensity. 
The fever of the protest movements has now turned into the fever of the revolutionary movement. If it subsides, it may return again. 
The solution is to cure the disease itself."
1580146956604952576,alishakourirad,2022-10-12 13:42:46.822,"سخنگوی قوه قضائیه: گزارش مراجع رسمی در مورد #مهسا_امینی جای ابهام ندارد.

#بیانیه سازمان پزشکی قانونی که از طرف مدیران  آن سازمان صادر شده است فاقد بخشی از نظر کارشناسی است. 
جهت رفع همه ابهامات متن کامل و تصویر #گزارش_کارشناسان پزشکی قانونی را منتشر کنید!",0,0,0,https://x.com/alishakourirad/status/1580146956604952576,2022,10,2022-10-12,"سخنگوی قوه قضائیه: گزارش مراجع رسمی در مورد #مهسا_امینی جای ابهام ندارد.

#بیانیه سازمان پزشکی قانونی که از طرف مدیران  آن سازمان صادر شده است فاقد بخشی از نظر کارشناسی است. 
جهت رفع همه ابهامات متن کامل و تصویر #گزارش_کارشناسان پزشکی قانونی را منتشر کنید!","Spokesperson of the Judiciary: The report of the official authorities about #Mehsa_Amini has no room for ambiguity.

#The statement of the forensic organization that was issued by the managers of that organization does not contain any part of the expert's opinion. 
Publish the full text and image of the forensic experts' report in order to clear all the ambiguities!"
1579797470326165504,alishakourirad,2022-10-11 14:34:02.800,"جناب آقای اژه‌ای
آیا هدفتان از #گفتگو دریافت واقعیت‌وحقیقت و اصلاح امور است یا فقط ساکت کردن اعتراضات.اگر اولی است چرا #تاجزاده در زندانتان است.چرا #میرحسین_موسوی درحصر است.حرف‌هاگفته شده ولی شنیده نشده است. اگر دومی است،این نوع گفتگو فایده‌ای ندارد. #عمل باید، نه #تکرار_وعده‌ها.",0,0,0,https://x.com/alishakourirad/status/1579797470326165504,2022,10,2022-10-11,"جناب آقای اژه‌ای
آیا هدفتان از #گفتگو دریافت واقعیت‌وحقیقت و اصلاح امور است یا فقط ساکت کردن اعتراضات.اگر اولی است چرا #تاجزاده در زندانتان است.چرا #میرحسین_موسوی درحصر است.حرف‌هاگفته شده ولی شنیده نشده است. اگر دومی است،این نوع گفتگو فایده‌ای ندارد. #عمل باید، نه #تکرار_وعده‌ها.","Dear Mr. Ajei
Is your goal of #discussion to get the reality and correct things or just to silence the protests. If it is the first, why is #Tajzadeh in your prison? Why is #Mirhossein_Mousavi in detention? The words have been said but not heard. If it is the latter, this type of conversation is useless. Action should be taken, not repetition of promises."
1579058818117697536,alishakourirad,2022-10-09 13:38:54.390,"برای همراهی با مردم افغانستان که گرفتار ‌مغزهای کوچک زنگ‌زده طالبان و داعش هستند. بخصوص هزاره‌ها که علاوه بر تحمل ارتجاع، انسداد و سرکوب طالبان گرفتار جنایت و انفجار انتحاری هر روزه تروریست‌های داعشی هستند.
#نسل_كشي_هزاره_ها_را_متوقف_كنيد
#StopHazaraGeoncide",0,0,0,https://x.com/alishakourirad/status/1579058818117697536,2022,10,2022-10-09,"برای همراهی با مردم افغانستان که گرفتار ‌مغزهای کوچک زنگ‌زده طالبان و داعش هستند. بخصوص هزاره‌ها که علاوه بر تحمل ارتجاع، انسداد و سرکوب طالبان گرفتار جنایت و انفجار انتحاری هر روزه تروریست‌های داعشی هستند.
#نسل_كشي_هزاره_ها_را_متوقف_كنيد
#StopHazaraGeoncide","To accompany the people of Afghanistan who are trapped by the rusty little brains of the Taliban and ISIS. Especially the Hazaras who, in addition to enduring the reaction, obstruction and suppression of the Taliban, are caught up in the crimes and suicide bombings of ISIS terrorists every day.
#Stop_the_death_of_thousands_of_thousands
#StopHazaraGeoncide"
1578644187788226560,alishakourirad,2022-10-08 10:11:18.816,"اعلام برگزاری تجمع اعضاء هيأت علمى دانشگاه تهران و علوم پزشكى تهران در حمايت از شوراى دانشگاه صنعتى شريف و مطالبات آنان در حفظ حريم دانشگاه: 
یکشنبه ۱۷ مهر ۱۴۰۱ از ساعت ۱۳ تا ۱۵ در برابر کتابخانه مرکزی دانشگاه تهران
لينك بيانيه:
docs.google.com/forms/d/e/1FAI
…",0,0,0,https://x.com/alishakourirad/status/1578644187788226560,2022,10,2022-10-08,"اعلام برگزاری تجمع اعضاء هيأت علمى دانشگاه تهران و علوم پزشكى تهران در حمايت از شوراى دانشگاه صنعتى شريف و مطالبات آنان در حفظ حريم دانشگاه: 
یکشنبه ۱۷ مهر ۱۴۰۱ از ساعت ۱۳ تا ۱۵ در برابر کتابخانه مرکزی دانشگاه تهران
لينك بيانيه:
docs.google.com/forms/d/e/1FAI
…","Announcing the holding of a gathering of members of the academic staff of Tehran University and Tehran Medical Sciences in support of the Council of Sharif University of Technology and their demands to protect the sanctity of the university: 
Sunday, October 17, 1401 from 13:00 to 15:00 in front of the Central Library of Tehran University
Statement link:
docs.google.com/forms/d/e/1FAI
…"
1577904837869637632,alishakourirad,2022-10-06 09:13:24.059,"با توجه به نسبت‌دادن جنبش سیاسی گسترده جاری به دشمن توسط رهبری نظام، باور نمی‌شود که اقدامات قضایی در قبال آن صرفا قانونی باشد و حتما با ملاحظه نظر رهبری خواهد بود. بنابراین باورپذیری نتایج اقدامات و بررسی‌های قضایی اندک خواهد بود.
از #وکلای_مستقل_و_معتبر کمک بگیرید!
#نیکا_شاکرمی",0,0,0,https://x.com/alishakourirad/status/1577904837869637632,2022,10,2022-10-06,"با توجه به نسبت‌دادن جنبش سیاسی گسترده جاری به دشمن توسط رهبری نظام، باور نمی‌شود که اقدامات قضایی در قبال آن صرفا قانونی باشد و حتما با ملاحظه نظر رهبری خواهد بود. بنابراین باورپذیری نتایج اقدامات و بررسی‌های قضایی اندک خواهد بود.
از #وکلای_مستقل_و_معتبر کمک بگیرید!
#نیکا_شاکرمی","Due to the attribution of the widespread political movement to the enemy by the leadership of the system, it is not believed that the judicial actions against it will be purely legal and will definitely be based on the opinion of the leadership. Therefore, the credibility of the results of judicial actions and investigations will be small.
Get help from #independent_and_reputable_lawyers!
#Nika_Shakermi"
1577246038628306945,alishakourirad,2022-10-04 13:35:34.080,"آنچه بر #دانشگاه_شریف و دانشجویان و استادان آن رفت تکرار #فاجعه_کوی_دانشگاه در سال ۷۸ بود.
ديگر پذيرفته نيست گفته شود دوستان نادان از پشت خنجر زده‌اند.
اراذل و اوباش را به خدمت گرفتن و با لباس شخصى به جان مردم و دانشجويان انداختن و مسئوليت اقداماتشان را نپذيرفتن نامش #بزدلى ست.",0,0,0,https://x.com/alishakourirad/status/1577246038628306945,2022,10,2022-10-04,"آنچه بر #دانشگاه_شریف و دانشجویان و استادان آن رفت تکرار #فاجعه_کوی_دانشگاه در سال ۷۸ بود.
ديگر پذيرفته نيست گفته شود دوستان نادان از پشت خنجر زده‌اند.
اراذل و اوباش را به خدمت گرفتن و با لباس شخصى به جان مردم و دانشجويان انداختن و مسئوليت اقداماتشان را نپذيرفتن نامش #بزدلى ست.","What happened to #Sharif_University and its students and professors was a repetition of the #university_cove disaster in 1978.
It is no longer acceptable to say that ignorant friends have stabbed you in the back.
Recruiting thugs and killing people and students in their personal clothes and not accepting responsibility for their actions is called cowardice."
1576444753197293568,alishakourirad,2022-10-02 08:31:32.746,همان کِشته خويشتن بِدرَويد!,0,0,0,https://x.com/alishakourirad/status/1576444753197293568,2022,10,2022-10-02,همان کِشته خويشتن بِدرَويد!,Kill yourself!
1575408633743114241,alishakourirad,2022-09-29 11:54:22.618,آقای #رئیسی در مصاحبه اختصاصی صداوسیما چیزی نگفت که برگزاری چنین مصاحبه‌ای را توجیه کند. حرف‌ها #کلیشه‌ای_و_ابتر بودند.هیچ‌چیز شفاف بیان نشد. افقی گشوده و اعتمادی ایجادنگردید.از همه بدتر تکرار اتهام #کشته_سازی بود که نشان می‌داد مواجهه‌ی رئیس‌جمهور با ماجرا امنیتی است و نه سیاسی.,0,0,0,https://x.com/alishakourirad/status/1575408633743114241,2022,9,2022-09-29,آقای #رئیسی در مصاحبه اختصاصی صداوسیما چیزی نگفت که برگزاری چنین مصاحبه‌ای را توجیه کند. حرف‌ها #کلیشه‌ای_و_ابتر بودند.هیچ‌چیز شفاف بیان نشد. افقی گشوده و اعتمادی ایجادنگردید.از همه بدتر تکرار اتهام #کشته_سازی بود که نشان می‌داد مواجهه‌ی رئیس‌جمهور با ماجرا امنیتی است و نه سیاسی.,"Mr. #Raisi did not say anything to justify holding such an interview in an exclusive Sedavasima interview. The words were #cliché and better. Nothing was clearly stated. An open horizon and trust were not created. The worst of all was the repetition of the #killing_sazi accusation, which showed that the president is facing a security issue and not a political one."
1575371150418378753,alishakourirad,2022-09-29 09:25:25.897,"#دانشجویان_زندانی_را_آزاد_کنید!
۱۷سال سرکوب امنیتی جنبش اعتراضی دانشجویان اینک بازخورد خود را در پیوستن گسترده دانشجویان به جنبش انقلابی جاری دریافت می‌کند.
دانشجویان همواره دماسنج جامعه و #پیشاهنگ_تحولات بوده‌اند.
به جای سرکوب و پرونده‌سازی به دردی که فریاد می‌کنند #توجه_کنید!",0,0,0,https://x.com/alishakourirad/status/1575371150418378753,2022,9,2022-09-29,"#دانشجویان_زندانی_را_آزاد_کنید!
۱۷سال سرکوب امنیتی جنبش اعتراضی دانشجویان اینک بازخورد خود را در پیوستن گسترده دانشجویان به جنبش انقلابی جاری دریافت می‌کند.
دانشجویان همواره دماسنج جامعه و #پیشاهنگ_تحولات بوده‌اند.
به جای سرکوب و پرونده‌سازی به دردی که فریاد می‌کنند #توجه_کنید!","#Release the imprisoned students!
17 years of security repression of the student protest movement is now receiving its feedback in the massive joining of students to the current revolutionary movement.
Students have always been the thermometer of the society and scouts of changes.
Instead of suppressing and filing a case, pay attention to the pain they are screaming!"
1575137415701864448,alishakourirad,2022-09-28 17:56:39.198,"#اعتراض نشانه #حیات_جامعه است.
اگر سعه‌صدر در حاکمان نباشدو هدف سرکوب باشد جنبش اعتراضى تبديل به جنبش انقلابى می‌شود.
انقلاب راهى است كه حاكمان با نشنیدن صدای اعتراض و اصلاح‌ناپذیری پيش پاى ملت مستأصل مى‌گذارند.
مرگ مظلومانه #مهسا_امینی فقط آتش موجود در زیر خاکستر را شعله‌ور کرد.",0,0,0,https://x.com/alishakourirad/status/1575137415701864448,2022,9,2022-09-28,"#اعتراض نشانه #حیات_جامعه است.
اگر سعه‌صدر در حاکمان نباشدو هدف سرکوب باشد جنبش اعتراضى تبديل به جنبش انقلابى می‌شود.
انقلاب راهى است كه حاكمان با نشنیدن صدای اعتراض و اصلاح‌ناپذیری پيش پاى ملت مستأصل مى‌گذارند.
مرگ مظلومانه #مهسا_امینی فقط آتش موجود در زیر خاکستر را شعله‌ور کرد.","#Protest is a sign of #social_life.
If there is no authority in the rulers and the goal is repression, the protest movement will turn into a revolutionary movement.
The revolution is the way that the rulers, not hearing the voice of protest and incorrigibility, lay before the desperate nation.
The oppressed death of #Mehsa_Amini only ignited the fire under the ashes."
1575038989450760192,alishakourirad,2022-09-28 11:25:32.551,"جنبش اعتراضى جليقه‌زردها در فرانسه بيش از ده ماه طول كشيد و پليس با جديت تمام با آنها مقابله كرد اما فقط ١١ كشته و ٢٥٠٠ زخمى داشت. البته ١٧١٧ پليس هم زخمى شدند.
آمار #تلفات اعتراضات در ايران زیاد است. آگاهی #پلیس به وظیفه‌اش کم است. آنها زود تحریک، عصبانی و دست به #اسلحه می‌شوند.",0,0,0,https://x.com/alishakourirad/status/1575038989450760192,2022,9,2022-09-28,"جنبش اعتراضى جليقه‌زردها در فرانسه بيش از ده ماه طول كشيد و پليس با جديت تمام با آنها مقابله كرد اما فقط ١١ كشته و ٢٥٠٠ زخمى داشت. البته ١٧١٧ پليس هم زخمى شدند.
آمار #تلفات اعتراضات در ايران زیاد است. آگاهی #پلیس به وظیفه‌اش کم است. آنها زود تحریک، عصبانی و دست به #اسلحه می‌شوند.","The protest movement of the yellow vests in France lasted more than ten months and the police confronted them with all seriousness, but only 11 were killed and 2500 were injured. Of course, 1,717 policemen were also injured.
The number of casualties of protests in Iran is high. The #police is not aware of its duty. They are easily provoked, angry and take up arms."
1574415904649117696,alishakourirad,2022-09-26 18:09:37.558,"#گفتیم گفتیم گفتیم گفتیم گفتیم.....
#نشنیدید نشنیدید نشنیدید نشنیدید نشنیدید.....
هنوز هم اثری از شنیدن حرف ناصحان مشفق به چشم نمی‌خورد.
دیر یا زود حقیقت بر سرتان آوار خواهد شد. آن وقت، شنیدن اثری و آه حسرتتان همراهی نخواهد داشت.
مرگ مظلومانه #مهسا_امینی و پیامدهای آن هشدار است.",0,0,0,https://x.com/alishakourirad/status/1574415904649117696,2022,9,2022-09-26,"#گفتیم گفتیم گفتیم گفتیم گفتیم.....
#نشنیدید نشنیدید نشنیدید نشنیدید نشنیدید.....
هنوز هم اثری از شنیدن حرف ناصحان مشفق به چشم نمی‌خورد.
دیر یا زود حقیقت بر سرتان آوار خواهد شد. آن وقت، شنیدن اثری و آه حسرتتان همراهی نخواهد داشت.
مرگ مظلومانه #مهسا_امینی و پیامدهای آن هشدار است.","#We said, we said, we said, we said, we said.....
#Didn't hear, didn't hear, didn't hear, didn't hear, didn't hear.....
There is still no sign of listening to the wrong words of Mushfaq.
Sooner or later the truth will hit you. At that time, you will not be accompanied by hearing an effect and a sigh of regret.
The oppressed death of #Mehsa_Amini and its consequences is a warning."
1572913916107259905,alishakourirad,2022-09-22 14:41:15.584,"در سال۸۸ با صحنه‌سازی سوزاندن عکس امام و دروغ حرمت شکنی روز عاشورا هواداران خود را #تهییج کردید تا اجتماع ۹دی را شکل بدهید. در آبان۹۸ اغتشاش را دامن زدید تا بلکه دولت را ساقط کنید. اکنون #چادر از سر زنان می‌کشید تا هیجان برای #تجمع_هواداران خود ایجاد کنید!؟
این #نیرنگ است نه دین!",0,0,0,https://x.com/alishakourirad/status/1572913916107259905,2022,9,2022-09-22,"در سال۸۸ با صحنه‌سازی سوزاندن عکس امام و دروغ حرمت شکنی روز عاشورا هواداران خود را #تهییج کردید تا اجتماع ۹دی را شکل بدهید. در آبان۹۸ اغتشاش را دامن زدید تا بلکه دولت را ساقط کنید. اکنون #چادر از سر زنان می‌کشید تا هیجان برای #تجمع_هواداران خود ایجاد کنید!؟
این #نیرنگ است نه دین!","In 2008, by staging the burning of the imam's photo and the lie of desecrating Ashura day, you #stimulated your fans to shape the 9th day gathering. In November 2018, you incited riots to overthrow the government. Now you pull the veil off the women's heads to create excitement for your #fan_gathering!?
This is a trick, not a religion!"
1572851746459848707,alishakourirad,2022-09-22 10:34:13.185,"آقای رئیسی!
استاندارد دوگانه از این واضح‌تر:
#تاجزاده در زندان
#احمدى‌نژاد در مجمع تشخیص مصلحت
البته اين روزها خبرى از احمدى‌نژاد نیست!!!
#مهسا_امينى",0,0,0,https://x.com/alishakourirad/status/1572851746459848707,2022,9,2022-09-22,"آقای رئیسی!
استاندارد دوگانه از این واضح‌تر:
#تاجزاده در زندان
#احمدى‌نژاد در مجمع تشخیص مصلحت
البته اين روزها خبرى از احمدى‌نژاد نیست!!!
#مهسا_امينى","Mr. Raisi!
The double standard is clearer than this:
#Tajzadeh in prison
#Ahmadi-Nejad in the Expediency Determination Assembly
Of course, there is no news about Ahmadinejad these days!!!
#Mehsa_Amini"
1572472624172904449,alishakourirad,2022-09-21 09:27:43.388,"#پاشنه_آشیل اعتراضات مردمی آلوده‌شدن به #خشونت_و_افراط است. تجربه‌های گذشته بخصوص آبان۹۸ نشان می‌دهد که عده‌ای از مزدوران وارد صفوف مردم شده، به آن خشونت و افراط تزریق کرده، می‌گریزند. سپس عوامل سرکوب همان را بهانه کرده، به سرکوب مردم می‌پردازند.
باید از خشونت و افراط فاصله گرفت.",0,0,0,https://x.com/alishakourirad/status/1572472624172904449,2022,9,2022-09-21,"#پاشنه_آشیل اعتراضات مردمی آلوده‌شدن به #خشونت_و_افراط است. تجربه‌های گذشته بخصوص آبان۹۸ نشان می‌دهد که عده‌ای از مزدوران وارد صفوف مردم شده، به آن خشونت و افراط تزریق کرده، می‌گریزند. سپس عوامل سرکوب همان را بهانه کرده، به سرکوب مردم می‌پردازند.
باید از خشونت و افراط فاصله گرفت.","#Achilles_heel of popular protests is contamination with #violence and excesses. Past experiences, especially in November 2018, show that some mercenaries entered the ranks of the people, injected violence and extremism into it, and fled. Then the agents of repression use the same as an excuse and suppress the people.
One should stay away from violence and extremism."
1572421477345169408,alishakourirad,2022-09-21 06:04:29.034,#مقام_معظم_رهبری امروز سخنرانی دارند. با توجه به التهابی که به دنبال مرگ مظلومانه #مهسا_امینی در جامعه وجود دارد سخنان ایشان اهمیت ویژه دارد. نمی‌دانم ایشان چه مقدار از سطح نارضایتی و عصبانیت موجود در جامعه خبر دارند. نباید به فکر خلق ۹دی دیگر باشند. #شفافیت_و_صداقت نجات‌بخش است.,0,0,0,https://x.com/alishakourirad/status/1572421477345169408,2022,9,2022-09-21,#مقام_معظم_رهبری امروز سخنرانی دارند. با توجه به التهابی که به دنبال مرگ مظلومانه #مهسا_امینی در جامعه وجود دارد سخنان ایشان اهمیت ویژه دارد. نمی‌دانم ایشان چه مقدار از سطح نارضایتی و عصبانیت موجود در جامعه خبر دارند. نباید به فکر خلق ۹دی دیگر باشند. #شفافیت_و_صداقت نجات‌بخش است.,"#Maqam_ezaam_leadership is giving a speech today. Considering the inflammation that exists in the society following the oppressed death of #Mehsa_Amini, his words are of special importance. I don't know how much they know about the level of dissatisfaction and anger in the society. They should not think of creating another 9th day. #Transparency and honesty is saving."
1572246331615510529,alishakourirad,2022-09-20 18:28:31.038,"اعضاء جديد #مجمع_تشخيص_مصلحت_نظام نصب شدند.
تركيب در مجموع نامناسب و نااميد كننده است.
جالب‌تر از همه نصب مجدد آقاى احمدى‌نژاد است. چه سر و سری هست نمی‌دانم. معنایش این است که آنچه احمدی‌نژاد می‌گوید به مصلحت نظام است. جالب دیگر این که روحانی و معاون اولش در ترکیب نیستند.",0,0,0,https://x.com/alishakourirad/status/1572246331615510529,2022,9,2022-09-20,"اعضاء جديد #مجمع_تشخيص_مصلحت_نظام نصب شدند.
تركيب در مجموع نامناسب و نااميد كننده است.
جالب‌تر از همه نصب مجدد آقاى احمدى‌نژاد است. چه سر و سری هست نمی‌دانم. معنایش این است که آنچه احمدی‌نژاد می‌گوید به مصلحت نظام است. جالب دیگر این که روحانی و معاون اولش در ترکیب نیستند.","New members of the #Nizam_Evaluation_Masleht_Assembly were installed.
The overall composition is inappropriate and disappointing.
The most interesting thing is the re-installation of Mr. Ahmadinejad. I do not know what is going on. It means that what Ahmadinejad says is for the expediency of the system. Another interesting thing is that Rouhani and his first deputy are not included."
1571213337068818432,alishakourirad,2022-09-17 22:03:45.946,حدود ۱۲ دقیقه در خبر بیست‌و‌سی به ماجرای مرگ #مهسا_امینی در کلاس توجیهی پلیس اختصاص داده‌شد و اعتراض شد چرا دیگران گمانه زنی می‌کنند اما به فیلم تقطیع شده پلیس استناد شد تا گمانه‌ها رد شوند. گمانه‌ها با آن فیلم و تریبون یک‌طرفه رد نمی‌شود. اظهارنظر #پزشکان_مطلع_و_مستقل لازم است.,0,0,0,https://x.com/alishakourirad/status/1571213337068818432,2022,9,2022-09-17,حدود ۱۲ دقیقه در خبر بیست‌و‌سی به ماجرای مرگ #مهسا_امینی در کلاس توجیهی پلیس اختصاص داده‌شد و اعتراض شد چرا دیگران گمانه زنی می‌کنند اما به فیلم تقطیع شده پلیس استناد شد تا گمانه‌ها رد شوند. گمانه‌ها با آن فیلم و تریبون یک‌طرفه رد نمی‌شود. اظهارنظر #پزشکان_مطلع_و_مستقل لازم است.,"About 12 minutes were devoted to the story of #Mehsa_Amini's death in the police briefing class in the 203 news, and it was protested why others were speculating, but the clipped video of the police was cited to refute the speculations. Speculations cannot be rejected with that one-sided film and platform. The opinion of #informed_and_independent_doctors is necessary."
1570792374527496195,alishakourirad,2022-09-16 18:11:00.655,"صدا و سیما اعلام کرده است در برنامه خبری بدنام #بیست‌_و_سی گزارشی درمورد فاجعه مرگ مظلومانه #مهسا_امینی پخش خواهد کرد. صدا و سیما رسانه مستقل نیست و توجیه‌گر عملکرد دستگاه‌ها و نهاد‌های حکومتی است.
این هشدار لازم است که مبادا این گزارش #نمک‌پاشی_بر_زخم دل خانواده او و مردم باشد.",0,0,0,https://x.com/alishakourirad/status/1570792374527496195,2022,9,2022-09-16,"صدا و سیما اعلام کرده است در برنامه خبری بدنام #بیست‌_و_سی گزارشی درمورد فاجعه مرگ مظلومانه #مهسا_امینی پخش خواهد کرد. صدا و سیما رسانه مستقل نیست و توجیه‌گر عملکرد دستگاه‌ها و نهاد‌های حکومتی است.
این هشدار لازم است که مبادا این گزارش #نمک‌پاشی_بر_زخم دل خانواده او و مردم باشد.","Sed and Sima has announced that it will broadcast a report on the tragedy of the wrongful death of #Mehsa_Amini in the infamous news program #203. Radio and television is not an independent media and it justifies the performance of government institutions.
This warning is necessary so that this report does not sprinkle salt on the wounds of his family and the people."
1570699478205894656,alishakourirad,2022-09-16 12:01:52.446,"کاش پدر #مهسا_امینی دکتر #روح‌الامینی بود. بلکه به مرگ مظلومانه او توجه می‌شد.
آیا کسی در قبیله قدرت هست که در حق او پدری کند و پای خون او بایستد و حق او را بستاند.
#شهید_محسن_روح‌الامینی
#کهریزک
#قاضی_مرتضوی",0,0,0,https://x.com/alishakourirad/status/1570699478205894656,2022,9,2022-09-16,"کاش پدر #مهسا_امینی دکتر #روح‌الامینی بود. بلکه به مرگ مظلومانه او توجه می‌شد.
آیا کسی در قبیله قدرت هست که در حق او پدری کند و پای خون او بایستد و حق او را بستاند.
#شهید_محسن_روح‌الامینی
#کهریزک
#قاضی_مرتضوی","I wish the father of #Mehsa_Amini was Dr. #Rouhal-Amini. Rather, attention was paid to his unjust death.
Is there anyone in the Qadrat tribe who will be a father to him and stand by his blood and protect his rights.
#Shaheed_Mohsen_Ruh-ul-Amini
#Kahrizak
#Qazi_Mortazavi"
1570630096599519232,alishakourirad,2022-09-16 07:26:10.582,"بدون تردید هر کس خبر آنچه بر سر #مهسا_امینی، دختر ۲۲ ساله مسافر در تهران آمد را شنید و قلبش فشرده نشد و غم وجودش را فرانگرفت، در هر مقام‌ و‌ رده‌ای که باشد، مسلمان نیست.
زعما و علما! 
اینجا محک می‌خورید که واقعا مسلمان هستید یا نه! سکوت جایز نیست. اعلام انزجار کنید از این ظلم‌ها.",0,0,0,https://x.com/alishakourirad/status/1570630096599519232,2022,9,2022-09-16,"بدون تردید هر کس خبر آنچه بر سر #مهسا_امینی، دختر ۲۲ ساله مسافر در تهران آمد را شنید و قلبش فشرده نشد و غم وجودش را فرانگرفت، در هر مقام‌ و‌ رده‌ای که باشد، مسلمان نیست.
زعما و علما! 
اینجا محک می‌خورید که واقعا مسلمان هستید یا نه! سکوت جایز نیست. اعلام انزجار کنید از این ظلم‌ها.","Undoubtedly, whoever heard the news of what happened to #Mehsa_Amini, a 22-year-old passenger girl in Tehran, and his heart did not shrink and his sadness filled his being, he is not a Muslim in whatever position and rank he is.
Leaders and scholars! 
Here you will test whether you are really Muslim or not! Silence is not allowed. Declare your disgust for these atrocities."
1570532560761163777,alishakourirad,2022-09-16 00:58:36.226,"امام على(ع):
وَ أَشعِر قَلبَکَ الرَحمةَ لِلرَعیّةِ وَالمَحَبةَ لَهُم وَاللُّطفَ بِهِم وَلَاتَکونَنَ عَلیهم سَبُعاً ضارِیاً تَغتَنِمُ أَکلَهُم

ای مالک!
مهربانى و محبت و لطف به مردم را پوشش قلب خود قرارده و بر مردم همچون درّنده خونخوارى مباش كه خوردن آنانرا غنيمت بدانى
#مهسا_امينى",0,0,0,https://x.com/AnjomanPezshkii/status/1570532560761163777,2022,9,2022-09-16,"امام على(ع):
وَ أَشعِر قَلبَکَ الرَحمةَ لِلرَعیّةِ وَالمَحَبةَ لَهُم وَاللُّطفَ بِهِم وَلَاتَکونَنَ عَلیهم سَبُعاً ضارِیاً تَغتَنِمُ أَکلَهُم

ای مالک!
مهربانى و محبت و لطف به مردم را پوشش قلب خود قرارده و بر مردم همچون درّنده خونخوارى مباش كه خوردن آنانرا غنيمت بدانى
#مهسا_امينى","Imam Ali (AS):
And asher the heart of the mercy for the sheep and the love for them and the kindness to them and do not attack them for seven days, I will fill their minds

O owner!
Cover your heart with kindness and love and kindness to people and don't treat people like a bloodthirsty predator that eats them as a trophy.
#Mehsa_Amini"
1569296105719959554,alishakourirad,2022-09-12 15:05:22.372,"#شورایعالی_فضای_مجازی فاقد قانون تشکیل و جایگاه قانونی است. اول باید موجودیتش و شرح وظایف و تشکیلاتش به تصویب مجلس برسد تا قانونی بشود. حال با این وضعیت، خودش دارد قانون وضع می‌کند. قانون‌گذاری طبق قانون اساسی در انحصار مجلس است.
#ذات_نایافته_از_هستی_بخش
کی تواند که شود هستی بخش",0,0,0,https://x.com/alishakourirad/status/1569296105719959554,2022,9,2022-09-12,"#شورایعالی_فضای_مجازی فاقد قانون تشکیل و جایگاه قانونی است. اول باید موجودیتش و شرح وظایف و تشکیلاتش به تصویب مجلس برسد تا قانونی بشود. حال با این وضعیت، خودش دارد قانون وضع می‌کند. قانون‌گذاری طبق قانون اساسی در انحصار مجلس است.
#ذات_نایافته_از_هستی_بخش
کی تواند که شود هستی بخش","#ShoraïAli_Fazay_Mazizi has no constitution and legal status. First, its existence and the description of its duties and organization must be approved by the parliament in order to become legal. Now with this situation, he is making laws himself. Legislation according to the constitution is the monopoly of the parliament.
#Zat_unfound_from_the_being_of_Bakhsh
When can it be?"
1569019825049018368,alishakourirad,2022-09-11 20:47:31.927,"آقای #تاجزاده شنبه آنژیوگرافی شد و در شریان اصلی #قلب که دچار تنگی خطرناک شده بود استنت گذاشته شد. در شش ماه آینده برای اینکه در محل استنت لختگی خون، #انسداد مجدد و…ایجاد نشود مراقبت جدی و امکان نظارت ودسترسی فوری به پزشک متخصص قلب ضروری است. 
این امکان در #زندان فراهم نیست.",0,0,0,https://x.com/MrZafarghandi/status/1569019825049018368,2022,9,2022-09-11,"آقای #تاجزاده شنبه آنژیوگرافی شد و در شریان اصلی #قلب که دچار تنگی خطرناک شده بود استنت گذاشته شد. در شش ماه آینده برای اینکه در محل استنت لختگی خون، #انسداد مجدد و…ایجاد نشود مراقبت جدی و امکان نظارت ودسترسی فوری به پزشک متخصص قلب ضروری است. 
این امکان در #زندان فراهم نیست.","Mr. #Tajzadeh underwent an angiography on Saturday and a stent was placed in the main artery of the #heart, which had a dangerous narrowing. In the next six months, serious care and the possibility of monitoring and immediate access to a cardiologist are essential in order to prevent blood clots, re-blockage, etc. at the stent site. 
This possibility is not available in #prison."
1569215584562466816,alishakourirad,2022-09-12 09:45:24.632,"وقتى شعار اعزام ۵ ميليون ايرانى به #راهپيمائى_اربعين داده شد كسى در بين مديران انقلابى و جهادى ستاد اربعين نبود كه ببیند آيا تدارك اين هدف امكان‌پذیر هست یا نه. همه بدون تفکر این شعار را تأیید و تکرارکردند.
نابسامانی و آشفتگی موجود نماد #مدیریت_شعاری_و_ناکارآمد امروز کشور است.",0,0,0,https://x.com/alishakourirad/status/1569215584562466816,2022,9,2022-09-12,"وقتى شعار اعزام ۵ ميليون ايرانى به #راهپيمائى_اربعين داده شد كسى در بين مديران انقلابى و جهادى ستاد اربعين نبود كه ببیند آيا تدارك اين هدف امكان‌پذیر هست یا نه. همه بدون تفکر این شعار را تأیید و تکرارکردند.
نابسامانی و آشفتگی موجود نماد #مدیریت_شعاری_و_ناکارآمد امروز کشور است.","When the slogan of sending 5 million Iranians to the #Arbain march was given, there was no one among the revolutionary and jihadi managers of the Arbain headquarters to see if this goal was possible or not. Everyone confirmed and repeated this slogan without thinking.
The existing disorder and confusion is a symbol of the country's rhetorical and ineffective management today."
1568649313722712064,alishakourirad,2022-09-10 20:15:15.143,#ملکه_الیزابت درگذشت. حس منفی عمومی ما ایرانیان به سياست‌های انگستان در دو قرن گذشته شامل حال او نيز هست. اما به‌هر‌حال ثبات و استواری ۷۵ساله او بر عهدی که در ۲۱ سالگی با مردم خود بست و موجب احترام و محبوبيت او بود، جالب توجه است. در عالم سیاست #استواری_بر_عهد احترام برانگیز است.,0,0,0,https://x.com/alishakourirad/status/1568649313722712064,2022,9,2022-09-10,#ملکه_الیزابت درگذشت. حس منفی عمومی ما ایرانیان به سياست‌های انگستان در دو قرن گذشته شامل حال او نيز هست. اما به‌هر‌حال ثبات و استواری ۷۵ساله او بر عهدی که در ۲۱ سالگی با مردم خود بست و موجب احترام و محبوبيت او بود، جالب توجه است. در عالم سیاست #استواری_بر_عهد احترام برانگیز است.,"#Queen_Elizabeth died. The general negative feeling of us Iranians towards British policies in the past two centuries includes his situation. However, his 75-year-old stability and steadfastness on the promise he made with his people at the age of 21, which earned him respect and popularity, is interesting. In the world of politics, it is respectable to stick to a promise."
1564114792863916034,alishakourirad,2022-08-29 07:56:41.123,"#دوستی_خاله_خرسه مرتب کار دست نظام می‌دهد.
 #خاله‌خرسه بود که موجب حوادث خونبار دی ‌‌۹۶ و آبان ۹۸ شد.
آخرین اقدام #خاله‌خرسه انتشار نسخه بدلی گزارش تحقیق و تفحص مجلس از فولادمبارکه است. 
هربار ظاهرا به قصدخدمت سنگ را بر سر نظام کوبیده است.
مرتب از یک سوراخ گزیده شدن عاقلانه نیست.",0,0,0,https://x.com/alishakourirad/status/1564114792863916034,2022,8,2022-08-29,"#دوستی_خاله_خرسه مرتب کار دست نظام می‌دهد.
 #خاله‌خرسه بود که موجب حوادث خونبار دی ‌‌۹۶ و آبان ۹۸ شد.
آخرین اقدام #خاله‌خرسه انتشار نسخه بدلی گزارش تحقیق و تفحص مجلس از فولادمبارکه است. 
هربار ظاهرا به قصدخدمت سنگ را بر سر نظام کوبیده است.
مرتب از یک سوراخ گزیده شدن عاقلانه نیست.","#Dosti_Khale_Harseh's friendship regularly works for the system.
 It was #Khaleharseh that caused the bloody events of December 1996 and November 2018.
The last act of #Khale-Kharseh is to publish a fake version of the report of the parliament's investigation of Foulad Mubarakeh. 
Every time, apparently, with the intention of serving, he threw a stone at the head of the system.
It is not wise to be repeatedly bitten by the same hole."
1563538540977606658,alishakourirad,2022-08-27 17:46:51.967,"بروز #اعتراض در مراسم حکومتی تشییع شاعر زنده‌یاد ابتهاج(سایه) و برنامه حکومتی سرودخوانی بین دو نیمه بازی استقلال و مس‌کرمان هر دو حکایت از ضعف بینش اجتماعی حاکمان و عدم وقوف آنان بر حجم نارضایتی مردم است.
حکومت باید در امورات مردم بیش از حد مداخله نکند و اختیار را از مردم نگیرد.",0,0,0,https://x.com/alishakourirad/status/1563538540977606658,2022,8,2022-08-27,"بروز #اعتراض در مراسم حکومتی تشییع شاعر زنده‌یاد ابتهاج(سایه) و برنامه حکومتی سرودخوانی بین دو نیمه بازی استقلال و مس‌کرمان هر دو حکایت از ضعف بینش اجتماعی حاکمان و عدم وقوف آنان بر حجم نارضایتی مردم است.
حکومت باید در امورات مردم بیش از حد مداخله نکند و اختیار را از مردم نگیرد.","The occurrence of #protests at the state ceremony of the funeral of the poet Zindayad Ibtahaj (Shade) and the state program of singing anthems between the two halves of the Esteghlal and Maskerman games both indicate the weak social vision of the rulers and their lack of understanding of the volume of people's dissatisfaction.
The government should not interfere too much in people's affairs and should not take authority from people."
1563370885477675013,alishakourirad,2022-08-27 06:40:39.781,#سازمان_اطلاعات_سپاه که یک نهادفاقدقانون است با کدام اختیار #تاجزاده را حتی پس از برگزاری دادگاه در بند دوی‌الف که بازداشتگاه این نهادفاقدقانون است و نه «زندان» نگهداری می‌کند. این اتوریته غیرقانونی را چه کسی به آنها داده است که #قوه_قضائیه با همه اختیارات قانونی، حریف‌شان نیست.,0,0,0,https://x.com/alishakourirad/status/1563370885477675013,2022,8,2022-08-27,#سازمان_اطلاعات_سپاه که یک نهادفاقدقانون است با کدام اختیار #تاجزاده را حتی پس از برگزاری دادگاه در بند دوی‌الف که بازداشتگاه این نهادفاقدقانون است و نه «زندان» نگهداری می‌کند. این اتوریته غیرقانونی را چه کسی به آنها داده است که #قوه_قضائیه با همه اختیارات قانونی، حریف‌شان نیست.,"#Sepah_Intelligence_Organization, which is a lawless institution, by what authority does it keep #Tajzadeh even after holding a court in Ward Two-A, which is the detention center of this lawless institution and not ""prison"". Who gave them this illegal authority that #Judiciary is not their opponent with all legal powers."
1562483862374006787,alishakourirad,2022-08-24 19:55:56.993,"اگر گزارش تحقیق و تفحص شرکت #فولاد_مبارکه همین باشد که در روزنامه دولتی «ایران» چاپ شده است بیش از هر چیز ثابت می‌کند که فساد در کشور سیستماتیک است. وقتی #فساد_سیستماتیک باشد مدیران در آن ساختار به فساد کشیده می‌شوند.
اگر #حکمرانی_خوب در کشور جاری باشد فسادسیستماتیک شکل نمی‌گیرد.",0,0,0,https://x.com/alishakourirad/status/1562483862374006787,2022,8,2022-08-24,"اگر گزارش تحقیق و تفحص شرکت #فولاد_مبارکه همین باشد که در روزنامه دولتی «ایران» چاپ شده است بیش از هر چیز ثابت می‌کند که فساد در کشور سیستماتیک است. وقتی #فساد_سیستماتیک باشد مدیران در آن ساختار به فساد کشیده می‌شوند.
اگر #حکمرانی_خوب در کشور جاری باشد فسادسیستماتیک شکل نمی‌گیرد.","If the investigation and investigation report of #Folad_Mubarkeh company is the one that was published in the ""Iran"" state newspaper, it proves more than anything that corruption in the country is systematic. When #corruption is systematic, the managers in that structure are drawn to corruption.
If there is good governance in the country, systematic corruption will not occur."
1561691083318370304,alishakourirad,2022-08-22 15:25:43.737,"#امیرعبداللهیان وزیر امورخارجه در دیدار سفیرسوئد خواستار تبرئه کامل و آزادی فوری حمیدنوری و نیز برخورداری وی از حقوق اولیه، از جمله دسترسی‌ پزشکی و تسهیل تماس‌های خانوادگی شد.
این #احساس_مسئولیت خوب است در دولتمردان ما درمورد #شهروندان ایرانی که در ایران #زندانی هستند نیز  باشد.",0,0,0,https://x.com/alishakourirad/status/1561691083318370304,2022,8,2022-08-22,"#امیرعبداللهیان وزیر امورخارجه در دیدار سفیرسوئد خواستار تبرئه کامل و آزادی فوری حمیدنوری و نیز برخورداری وی از حقوق اولیه، از جمله دسترسی‌ پزشکی و تسهیل تماس‌های خانوادگی شد.
این #احساس_مسئولیت خوب است در دولتمردان ما درمورد #شهروندان ایرانی که در ایران #زندانی هستند نیز  باشد.","#Amir Abdallahyan, the Minister of Foreign Affairs, in his meeting with the Swedish ambassador, demanded the full acquittal and immediate release of Hamidnouri, as well as his basic rights, including medical access and facilitation of family contacts.
This #sense of responsibility is good in our statesmen for #Iranian citizens who are #prisoners in Iran."
1560521280826269696,alishakourirad,2022-08-19 09:57:21.089,الحمدلله دست‌یابی به توافق در #مذاکرات_احیاء_برجام نزديك شده‌است. جزئیات توافق مهم است اما اصل توافق به‌دلیل اینکه می‌تواند موجب گشایش در اقتصاد کشور و معیشت و زندگی مردم بشود مهم‌تر است. بعداً فرصت خواهد بود راجع به جزئیات نظر داده شود. فعلا شایسته‌است از #اصل_توافق استقبال شود.,0,0,0,https://x.com/alishakourirad/status/1560521280826269696,2022,8,2022-08-19,الحمدلله دست‌یابی به توافق در #مذاکرات_احیاء_برجام نزديك شده‌است. جزئیات توافق مهم است اما اصل توافق به‌دلیل اینکه می‌تواند موجب گشایش در اقتصاد کشور و معیشت و زندگی مردم بشود مهم‌تر است. بعداً فرصت خواهد بود راجع به جزئیات نظر داده شود. فعلا شایسته‌است از #اصل_توافق استقبال شود.,"Alhamdulillah, reaching an agreement in the #Revival of the JCPOA has come close. The details of the agreement are important, but the principle of the agreement is more important because it can open up the country's economy and people's livelihood. There will be an opportunity to comment on the details later. For now, it is appropriate to welcome the #principle_of_agreement."
1560114339323019264,alishakourirad,2022-08-18 07:00:18.674,"پته سیاستِ «هرکی هرچی می‌خواد بگه، بگه. ما پوست‌مان را کلفت می‌کنیم و کار خودمان را پیش می‌بریم ولی در عوض ادعای وجود آزادی می‌‌کنیم» با بازداشت آقای تاجزاده روی آب ریخت.
تلاش آقای اژه‌ای برای اعتباربخشی به دستگاه قضایی به دست‌انداز افتاد و حرف رهبری در باره استقلال قضات بر زمین.",0,0,0,https://x.com/alishakourirad/status/1560114339323019264,2022,8,2022-08-18,"پته سیاستِ «هرکی هرچی می‌خواد بگه، بگه. ما پوست‌مان را کلفت می‌کنیم و کار خودمان را پیش می‌بریم ولی در عوض ادعای وجود آزادی می‌‌کنیم» با بازداشت آقای تاجزاده روی آب ریخت.
تلاش آقای اژه‌ای برای اعتباربخشی به دستگاه قضایی به دست‌انداز افتاد و حرف رهبری در باره استقلال قضات بر زمین.","The policy of ""everyone can say whatever he wants to say. We thicken our skin and carry out our own work, but instead we claim the existence of freedom"" by arresting Mr. Tajzadeh.
Mr. Ajei's attempt to accredit the judicial system failed, and the leadership's words about the independence of judges fell on the ground."
1559513736456585217,alishakourirad,2022-08-16 15:13:43.792,"حکم تجدیدنظر پرونده موسوم به #دادخواهان_سلامت که حکم اولیه رو عیناً تأییدکرده، فرستاده و می‌گه: بخونش، خیلی عجیبه. 
خوندم، جالب و عجیب بود. می‌گم: حکم تجدیدنظر که قطعیه. می‌تونی منتشرش کنی.
می‌گه: بله قانونا می‌شه ولی می‌ترسم با عنوان تبلیغ علیه نظام و رهبری برامون پرونده بسازن!!",0,0,0,https://x.com/alishakourirad/status/1559513736456585217,2022,8,2022-08-16,"حکم تجدیدنظر پرونده موسوم به #دادخواهان_سلامت که حکم اولیه رو عیناً تأییدکرده، فرستاده و می‌گه: بخونش، خیلی عجیبه. 
خوندم، جالب و عجیب بود. می‌گم: حکم تجدیدنظر که قطعیه. می‌تونی منتشرش کنی.
می‌گه: بله قانونا می‌شه ولی می‌ترسم با عنوان تبلیغ علیه نظام و رهبری برامون پرونده بسازن!!","He sent the appeal verdict of the so-called #health_plaintiffs case, which confirmed the original verdict objectively, and said: read it, it's very strange. 
I read it, it was interesting and strange. I say: the appeal verdict is final. You can publish it.
He says: Yes, legally, but I am afraid that they will file a case against us under the title of propaganda against the system and leadership!!"
1559016287468142598,alishakourirad,2022-08-15 06:17:02.711,چرا دستگاههای امنیتی ایران #هم‌نوایی‌های_گل‌درشت روزنامه #کیهان با #صهیونیست‌ها را به روی خود نمی‌آورند و از کنار آن می‌گذرند. در حالی که بسیاری از اصولگرایان بر نقش اسرائیل در تشدید ایران‌هراسی برای جلوگیری از توافق در مذاکرات احیاء برجام سخن مى‌گویند کیهان بر طبل آن می‌کوبد.,0,0,0,https://x.com/alishakourirad/status/1559016287468142598,2022,8,2022-08-15,چرا دستگاههای امنیتی ایران #هم‌نوایی‌های_گل‌درشت روزنامه #کیهان با #صهیونیست‌ها را به روی خود نمی‌آورند و از کنار آن می‌گذرند. در حالی که بسیاری از اصولگرایان بر نقش اسرائیل در تشدید ایران‌هراسی برای جلوگیری از توافق در مذاکرات احیاء برجام سخن مى‌گویند کیهان بر طبل آن می‌کوبد.,"Why don't Iran's security apparatus realize the similarities between #Kihan newspaper and #Zionists and ignore it. While many fundamentalists talk about Israel's role in intensifying Iran-phobia in order to prevent an agreement in the JCPOA negotiations, the universe is beating its drum."
1558724190949318658,alishakourirad,2022-08-14 10:56:21.474,"«در نظام جمهوری اسلامی قانون و خواست مردم معیار است. این سنگ بنا را امام گذاشته‌اند.
این حرف که رهبری قرار است در این نظام #موروثی بشود، بی‌پایه و اساس است و نبايد جدی گرفته شود»
لازم است رئیس یا حداقل یکی از اعضاء هيات رئيسه مجلس خبرگان چنين مضمونى را بيان كنند تا #رفع_شبهه شود.",0,0,0,https://x.com/alishakourirad/status/1558724190949318658,2022,8,2022-08-14,"«در نظام جمهوری اسلامی قانون و خواست مردم معیار است. این سنگ بنا را امام گذاشته‌اند.
این حرف که رهبری قرار است در این نظام #موروثی بشود، بی‌پایه و اساس است و نبايد جدی گرفته شود»
لازم است رئیس یا حداقل یکی از اعضاء هيات رئيسه مجلس خبرگان چنين مضمونى را بيان كنند تا #رفع_شبهه شود.","""In the system of the Islamic Republic, the law and the will of the people are the criteria. This foundation stone was laid by Imam.
This saying that leadership is going to be hereditary in this system is baseless and should not be taken seriously.
It is necessary for the president or at least one of the members of the presiding committee of the Assembly of Experts to state such content in order to clear the doubt."
1557997973627445248,alishakourirad,2022-08-12 10:50:37.772,"تیغی که علیه توافق برجام در دوره دولت قبل تیز شد، امروز علیه #مذاکرات_احیاء_برجام به کار افتاده، مذاكره كنندگان فعلی را ترسانده، مانع اعتمادبه‌نفس آنها در اتخاذ تصميم‌ است. ظاهراً افقی برای حصول توافق و رفع #تحریم‌ها گشوده نيست. 
 #رنج_و_محنت_ملت_ايران كِى و چگونه پایان می‌پذیرد؟",0,0,0,https://x.com/alishakourirad/status/1557997973627445248,2022,8,2022-08-12,"تیغی که علیه توافق برجام در دوره دولت قبل تیز شد، امروز علیه #مذاکرات_احیاء_برجام به کار افتاده، مذاكره كنندگان فعلی را ترسانده، مانع اعتمادبه‌نفس آنها در اتخاذ تصميم‌ است. ظاهراً افقی برای حصول توافق و رفع #تحریم‌ها گشوده نيست. 
 #رنج_و_محنت_ملت_ايران كِى و چگونه پایان می‌پذیرد؟","The blade that was sharpened against the JCPOA agreement during the previous administration has been used today against the JCPOA revival negotiations, it has scared the current negotiators and hindered their confidence in making a decision. Apparently, there is no horizon for reaching an agreement and lifting #sanctions. 
 When and how will the suffering and labor of the nation of Iran end?"
1556513508182921217,alishakourirad,2022-08-08 08:31:53.630,دستیابی به #توافق در وین خوب است ولو مواردی از آن مطابق میل نباشد، که لاجرم همین خواهدبود. بنابراین نگران واکنش ما نباشید. برای مدیریت #بدنه_سیاسی_و_عملیاتی خود که پس نزند، خوب است به محض حصول توافق جشن پیروزی به پا کنید. فقط حواستان باشد امضای آن را به بعد از ایام عزا بیندازید.,0,0,0,https://x.com/alishakourirad/status/1556513508182921217,2022,8,2022-08-08,دستیابی به #توافق در وین خوب است ولو مواردی از آن مطابق میل نباشد، که لاجرم همین خواهدبود. بنابراین نگران واکنش ما نباشید. برای مدیریت #بدنه_سیاسی_و_عملیاتی خود که پس نزند، خوب است به محض حصول توافق جشن پیروزی به پا کنید. فقط حواستان باشد امضای آن را به بعد از ایام عزا بیندازید.,"Achieving #agreement in Vienna is good, even if some of it is not as desired, which will inevitably be. So don't worry about our reaction. To manage your #political_and_operational_body, it is good to celebrate the victory as soon as the agreement is reached. Just be careful to sign it after the days of mourning."
1555532954834817024,alishakourirad,2022-08-05 15:35:31.494,#برجام سال۹۴ پاگرفت چون مذاکره مستقیم بود و مذاکره کننده وزیرخارجه‌ای،‌ که خبره، دارای اعتماد به نفس و مسلط به زبان انگلیسی بود. رئیس جمهور نیز مسلط به موضوع و بااراده بود. در #مذاکرات_احیاء_برجام تقریباً همه چيز واويلاست. اما مهمترين مسأله فقدان اعتماد به نفس و مسئوليت‌پذیری‌ست.,0,0,0,https://x.com/alishakourirad/status/1555532954834817024,2022,8,2022-08-05,#برجام سال۹۴ پاگرفت چون مذاکره مستقیم بود و مذاکره کننده وزیرخارجه‌ای،‌ که خبره، دارای اعتماد به نفس و مسلط به زبان انگلیسی بود. رئیس جمهور نیز مسلط به موضوع و بااراده بود. در #مذاکرات_احیاء_برجام تقریباً همه چيز واويلاست. اما مهمترين مسأله فقدان اعتماد به نفس و مسئوليت‌پذیری‌ست.,"The 1994 JCPOA took place because it was a direct negotiation and the negotiator was the foreign minister, who was an expert, self-confident and fluent in English. The president was also well-versed and determined. Almost everything is woeful in the negotiations for the revival of the JCPOA. But the most important issue is the lack of self-confidence and responsibility."
1553619590873321472,alishakourirad,2022-07-31 08:52:29.977,دوره پنج ساله اعضاء #مجمع_تشخيص_مصلحت به پايان رسيده است و بايد اعضاء جديد نصب شوند. اعضاء اين مجمع بايد صاحب‌نظر بوده و در تشخيص مصلحت نظام استقلال رأى داشته باشند تا برآیند نظرشان حجّيت بيابد. از مقام‌معظم‌رهبری می‌خواهم درنصب اعضاءدوره‌جدید به ضرورت وجود اين دو ويژگى توجه شود.,0,0,0,https://x.com/alishakourirad/status/1553619590873321472,2022,7,2022-07-31,دوره پنج ساله اعضاء #مجمع_تشخيص_مصلحت به پايان رسيده است و بايد اعضاء جديد نصب شوند. اعضاء اين مجمع بايد صاحب‌نظر بوده و در تشخيص مصلحت نظام استقلال رأى داشته باشند تا برآیند نظرشان حجّيت بيابد. از مقام‌معظم‌رهبری می‌خواهم درنصب اعضاءدوره‌جدید به ضرورت وجود اين دو ويژگى توجه شود.,The five-year term of the members of the #Majmam-e-Tishanas-e-Moslehat has ended and new members must be installed. The members of this assembly must have an opinion and have an opinion in determining the expediency of the independence system so that the outcome of their opinion is valid. I would like the supreme leader to pay attention to the necessity of these two characteristics in the appointment of new members.
1553036028436430848,alishakourirad,2022-07-29 18:13:37.850,بسیار #ناامید_کننده است که از شش عضو شوراى نگهبان كه دوره شش ساله‌شان به پایان رسیده بود پنج نفر ابقا شدند. پس از مقام‌معظم‌رهبرى كه سه فقيه ازجمله آقاى جنتى را ابقا كردند رئيس قوه قضائيه هم با معرفى هر سه عضو حقوقدان پيشين نشان داد كه وى هم منشاء تحولى نخواهدبود. #فضا_سنگين_است.,0,0,0,https://x.com/alishakourirad/status/1553036028436430848,2022,7,2022-07-29,بسیار #ناامید_کننده است که از شش عضو شوراى نگهبان كه دوره شش ساله‌شان به پایان رسیده بود پنج نفر ابقا شدند. پس از مقام‌معظم‌رهبرى كه سه فقيه ازجمله آقاى جنتى را ابقا كردند رئيس قوه قضائيه هم با معرفى هر سه عضو حقوقدان پيشين نشان داد كه وى هم منشاء تحولى نخواهدبود. #فضا_سنگين_است.,"It is very #disappointing that five of the six members of the Guardian Council whose six-year term had ended were retained. After the leader who retained three jurists, including Mr. Janati, the head of the judiciary also showed that he will not be the source of change by introducing all three members of the former jurist. Space is heavy."
1551508097549668352,alishakourirad,2022-07-25 13:02:10.739,"از قرائن بر‌می‌آید صدور قراربازداشت آقاى #تاجزاده با اراده قضايى نبوده و مقام قضایی منفعل عمل کرده است.
اگر چنين باشد ادامه آن هم تابع تصميم قضايى نبوده و گفتگو با #مقام_عالی لازم است.
تاجزاده که در اختیار است. خوب است وی را خدمت ايشان ببرند تا گفتگوى مستقيم و بى‌واسطه انجام شود.",0,0,0,https://x.com/alishakourirad/status/1551508097549668352,2022,7,2022-07-25,"از قرائن بر‌می‌آید صدور قراربازداشت آقاى #تاجزاده با اراده قضايى نبوده و مقام قضایی منفعل عمل کرده است.
اگر چنين باشد ادامه آن هم تابع تصميم قضايى نبوده و گفتگو با #مقام_عالی لازم است.
تاجزاده که در اختیار است. خوب است وی را خدمت ايشان ببرند تا گفتگوى مستقيم و بى‌واسطه انجام شود.","It is clear from the evidence that Mr. #Tajzadeh's arrest warrant was not issued by judicial will and the judicial authority acted passively.
If this is the case, its continuation is not subject to a judicial decision, and it is necessary to talk with the #high_authority.
Tajzadeh, which is available. It is good to take him to their service so that a direct and direct conversation can be done."
1551431093785591808,alishakourirad,2022-07-25 07:56:11.611,"دکتر #فرخ_شادان استاد درس فیزیولوژی دانشکده پزشکی دانشگاه تهران درگذشت. 
به گمان من فیزیولوژی شیرین‌ترین درس دوران پزشکی بود و دکترشادان بهترین استاد برای آن. کتاب فیزیولوژی گایتون که او ترجمه کرده و تدریس می‌کرد در خاطره‌ها باقیست.
رحمت خدا بر او، جایگاهش نزد رفیق اعلی رفیع باد!",0,0,0,https://x.com/alishakourirad/status/1551431093785591808,2022,7,2022-07-25,"دکتر #فرخ_شادان استاد درس فیزیولوژی دانشکده پزشکی دانشگاه تهران درگذشت. 
به گمان من فیزیولوژی شیرین‌ترین درس دوران پزشکی بود و دکترشادان بهترین استاد برای آن. کتاب فیزیولوژی گایتون که او ترجمه کرده و تدریس می‌کرد در خاطره‌ها باقیست.
رحمت خدا بر او، جایگاهش نزد رفیق اعلی رفیع باد!","Dr. #Farokh_Shadan, Professor of Physiology, Faculty of Medicine, University of Tehran, passed away. 
In my opinion, physiology was the sweetest course in medicine and Dr. Shadan was the best professor for it. Guyton's book of physiology, which he translated and taught, remains in memories.
May God's mercy be upon him, and may his place be exalted with the supreme friend!"
1548878723935617025,alishakourirad,2022-07-18 06:53:59.218,باور دینی اولیه برای حاکمان اگر اجباری بودن #حجاب است اکنون اقتضای زمانه، عرف اکثریت جامعه و مصلحت عمومی #حکم_ثانویه را بار می‌کند و آن عدول از اجبار حجاب برای بانوان است. وقتی حکم ثانویه بار شود حکم اولیه «اجبار» منکر و اعمال آن حرام می‌شود. #تکلیف_شرعی این‌گونه فهمیده می‌شود.,0,0,0,https://x.com/alishakourirad/status/1548878723935617025,2022,7,2022-07-18,باور دینی اولیه برای حاکمان اگر اجباری بودن #حجاب است اکنون اقتضای زمانه، عرف اکثریت جامعه و مصلحت عمومی #حکم_ثانویه را بار می‌کند و آن عدول از اجبار حجاب برای بانوان است. وقتی حکم ثانویه بار شود حکم اولیه «اجبار» منکر و اعمال آن حرام می‌شود. #تکلیف_شرعی این‌گونه فهمیده می‌شود.,"باور دینی اولیه برای حاکمان اگر اجباری بودن #حجاب است اکنون اقتضای زمانه، عرف اکثریت جامعه و مصلحت عمومی #حکم_ثانویه را بار می‌کند و آن عدول از اجبار حجاب برای بانوان است. When the secondary ruling is imposed, the primary ruling of ""compulsion"" is denied and its actions become haram. This is how the religious duty is understood."
1546321946635378688,alishakourirad,2022-07-11 05:34:16.007,"#فایل_صوتی_۱۴دقیقه‌ای_تاجزاده که تحلیل می‌شود دلیل بازداشت اخیر او باشد درفضای مجازی می‌چرخد وشاید درکمتر گروه مجازی ولو غیرسیاسی باشدکه بازنشر نشده باشد.
درشرایطی که فقط محافظه‌کاران حاکم و جریان براندازی رسانه‌های بزرگ‌وپرهزینه دارند، #تاجزاده_یک_رسانه_است با رویکرداصلاح‌طلبانه",0,0,0,https://x.com/alishakourirad/status/1546321946635378688,2022,7,2022-07-11,"#فایل_صوتی_۱۴دقیقه‌ای_تاجزاده که تحلیل می‌شود دلیل بازداشت اخیر او باشد درفضای مجازی می‌چرخد وشاید درکمتر گروه مجازی ولو غیرسیاسی باشدکه بازنشر نشده باشد.
درشرایطی که فقط محافظه‌کاران حاکم و جریان براندازی رسانه‌های بزرگ‌وپرهزینه دارند، #تاجزاده_یک_رسانه_است با رویکرداصلاح‌طلبانه","#14-minute audio file of Tajzadeh, which is analyzed to be the reason for his recent arrest, is circulating in virtual space and may be in less virtual groups even if it is non-political and has not been republished.
In the conditions where only the ruling conservatives and the subversive current have large and expensive media, #Tajzadeh_is_a_media_with_a_reformist_approach"
1545669737170014209,alishakourirad,2022-07-09 10:22:37.153,"#بازداشت_تاجزاده اقدام بسیار مهمی است که قاعدتاً باید با نظر یا موافقت رهبری انجام شده باشد. در این حالت تحلیل آن یک طور است و اگر بدون اطلاع ایشان باشد طوری دیگر.
در هر حال معضل اصلی مردم همچنان #ناکارآمدی_و_فساد حکمرانی است كه آن را هر روز به شكل #گرانى_روزافزون تجربه می‌کنند.",0,0,0,https://x.com/alishakourirad/status/1545669737170014209,2022,7,2022-07-09,"#بازداشت_تاجزاده اقدام بسیار مهمی است که قاعدتاً باید با نظر یا موافقت رهبری انجام شده باشد. در این حالت تحلیل آن یک طور است و اگر بدون اطلاع ایشان باشد طوری دیگر.
در هر حال معضل اصلی مردم همچنان #ناکارآمدی_و_فساد حکمرانی است كه آن را هر روز به شكل #گرانى_روزافزون تجربه می‌کنند.","#Bazdasht_Tajzadeh is a very important action that should be done with the opinion or approval of the leadership. In this case, its analysis is one way, and if it is without their knowledge, it is another way.
In any case, the main problem of the people is still the inefficiency and corruption of governance, which they experience every day in the form of ever-increasing cost."
1542519525790273539,alishakourirad,2022-06-30 17:44:48.232,"اگر #مذاکرات_احیای_برجام  بی‌حاصل است و به جایی نمی‌رسد علت آن دوطرفه است.
آقای #علی_باقری هم این‌کاره نیست. 
ایران به سهم خود باید فردی توانمندتر، با اراده‌تر و شجاع‌تر بفرستد تا بتواند طرف مقابل و مذاکرات را اداره کند. با اعتماد به نفس و قدرت اقناع، امتیاز بدهد و امتیاز بگیرد.",0,0,0,https://x.com/alishakourirad/status/1542519525790273539,2022,6,2022-06-30,"اگر #مذاکرات_احیای_برجام  بی‌حاصل است و به جایی نمی‌رسد علت آن دوطرفه است.
آقای #علی_باقری هم این‌کاره نیست. 
ایران به سهم خود باید فردی توانمندتر، با اراده‌تر و شجاع‌تر بفرستد تا بتواند طرف مقابل و مذاکرات را اداره کند. با اعتماد به نفس و قدرت اقناع، امتیاز بدهد و امتیاز بگیرد.","If the talks on revitalizing the JCPOA are fruitless and do not reach anywhere, the reason is twofold.
Mr. #Ali_Bagheri does not do this either. 
For its part, Iran should send a more capable, determined and courageous person to be able to manage the other side and the negotiations. Give points and get points with self-confidence and power of persuasion."
1541969816554283010,alishakourirad,2022-06-29 05:20:27.337,كلاف سردرگم ناكارآمدى و فساد كه بر دست‌وپاى مديريت كشور پيچيده است بازنمى‌شود جز با وجود دستگاه قضای مستقل و قضاتی که پناه مظلوم بوده و‌ شرافت خود را به پای قدرت قربانی نکنند. #بازسازی_اعتمادملی جز با شکل‌دهی اعتماد به دستگاه قضا آغاز نمی‌شود. #قضاوت_کار_قاضی_است_نه_ضابط.,0,0,0,https://x.com/alishakourirad/status/1541969816554283010,2022,6,2022-06-29,كلاف سردرگم ناكارآمدى و فساد كه بر دست‌وپاى مديريت كشور پيچيده است بازنمى‌شود جز با وجود دستگاه قضای مستقل و قضاتی که پناه مظلوم بوده و‌ شرافت خود را به پای قدرت قربانی نکنند. #بازسازی_اعتمادملی جز با شکل‌دهی اعتماد به دستگاه قضا آغاز نمی‌شود. #قضاوت_کار_قاضی_است_نه_ضابط.,"The tangled tangle of inefficiency and corruption that is entangled in the management of the country cannot be undone except with the existence of an independent judicial system and judges who are the refuge of the oppressed and who do not sacrifice their honor for the sake of power. #Rebuilding national trust cannot begin except by building trust in the judicial system. #Judgment is the work of a judge, not an officer."
1540569455637549056,alishakourirad,2022-06-25 08:35:55.277,"حضرت #آيت‌الله_جنتى
چه احساسی دارید؟
حالا باید پاسخگوی اعتمادتان به اطلاعات و تحلیل‌هایی که مبنای تصمیمات خود کردید باشید.
چشمتان را بر روی شایستگی‌ها بستید و‌ گوشتان را سپرديد به نجواهایی که معلوم نیست از کجا می‌آمد.
چقدر انسان‌های شایسته را ردصلاحیت کردید!
چقدر ظلم، چقدر خسارت!",0,0,0,https://x.com/alishakourirad/status/1540569455637549056,2022,6,2022-06-25,"حضرت #آيت‌الله_جنتى
چه احساسی دارید؟
حالا باید پاسخگوی اعتمادتان به اطلاعات و تحلیل‌هایی که مبنای تصمیمات خود کردید باشید.
چشمتان را بر روی شایستگی‌ها بستید و‌ گوشتان را سپرديد به نجواهایی که معلوم نیست از کجا می‌آمد.
چقدر انسان‌های شایسته را ردصلاحیت کردید!
چقدر ظلم، چقدر خسارت!","Hazrat #Ayatollah Janati
how do you feel
Now you have to answer for your trust in the information and analysis that you based your decisions on.
You closed your eyes on the merits and gave your ears to the whispers that it is not clear where they came from.
How many worthy people did you disqualify!
How much cruelty, how much damage!"
1539845568083775488,alishakourirad,2022-06-23 08:39:27.035,"برکناری #حسین_طائب از ریاست سازمان اطلاعات سپاه خبر بسیار مهمی است که در فضای مجازی به نحو باورپذیری منتشر شده‌ است.
این خبر خیلی خیلی مهم است. روشنگری رسمی در مورد آن ضروری است.
#سازمان_اطلاعات_سپاه فاقد قانون تشکیل است اما نقش بزرگی در انتخابات، انتصابات و تمشیت امور کشور دارد.",0,0,0,https://x.com/alishakourirad/status/1539845568083775488,2022,6,2022-06-23,"برکناری #حسین_طائب از ریاست سازمان اطلاعات سپاه خبر بسیار مهمی است که در فضای مجازی به نحو باورپذیری منتشر شده‌ است.
این خبر خیلی خیلی مهم است. روشنگری رسمی در مورد آن ضروری است.
#سازمان_اطلاعات_سپاه فاقد قانون تشکیل است اما نقش بزرگی در انتخابات، انتصابات و تمشیت امور کشور دارد.","The dismissal of #Hossein_Taib from the head of IRGC Intelligence Organization is a very important news that has been published in the virtual space in a believable manner.
This news is very, very important. Official clarification on it is necessary.
#Sepah Intelligence Organization does not have a constitution, but it plays a big role in elections, appointments, and managing the affairs of the country."
1539818247469629441,alishakourirad,2022-06-23 06:50:53.293,"#زلزله در ایالت پکتیکای #افغانستان مصیبت جدیدی است که بر سر مردم رنج‌کشیده و بی‌پناه افغان آوار شده و جان بسیاری را گرفته و عده بیشتری را مجروح و بی‌سرپناه ساخته است.
ضمن همدردی با آسیب‌دیدگان و دعا برای آنان اعلام می‌کنیم #وظیفه_همسایگی ما با ملت افغان پیشقدمی در یاری رسانی است.",0,0,0,https://x.com/alishakourirad/status/1539818247469629441,2022,6,2022-06-23,"#زلزله در ایالت پکتیکای #افغانستان مصیبت جدیدی است که بر سر مردم رنج‌کشیده و بی‌پناه افغان آوار شده و جان بسیاری را گرفته و عده بیشتری را مجروح و بی‌سرپناه ساخته است.
ضمن همدردی با آسیب‌دیدگان و دعا برای آنان اعلام می‌کنیم #وظیفه_همسایگی ما با ملت افغان پیشقدمی در یاری رسانی است.","The earthquake in Afghanistan's Paktika province is a new disaster that has devastated the suffering and homeless Afghan people, killing many and leaving more injured and homeless.
While sympathizing with the victims and praying for them, we declare that our #neighborhood_duty with the Afghan nation is to take the lead in providing assistance."
1539514026396471296,alishakourirad,2022-06-22 10:42:01.337,"بین #مجریان_صداوسیما تک‌وتوک افرادی پیدا می‌شوند که زبان مردم باشند، دغدغه‌های مردم را مطرح کنند و یا سوالات مردم را از مسئولان بپرسند. شایسته نیست ‌از سوی رهبری نظام علناً تخطئه شوند و همین یک ذره شهامت از آنها گرفته شود.
اساسا #رئیس_رسانه_ملی فهمید چرا باید عذرخواهی کند که کرد؟",0,0,0,https://x.com/alishakourirad/status/1539514026396471296,2022,6,2022-06-22,"بین #مجریان_صداوسیما تک‌وتوک افرادی پیدا می‌شوند که زبان مردم باشند، دغدغه‌های مردم را مطرح کنند و یا سوالات مردم را از مسئولان بپرسند. شایسته نیست ‌از سوی رهبری نظام علناً تخطئه شوند و همین یک ذره شهامت از آنها گرفته شود.
اساسا #رئیس_رسانه_ملی فهمید چرا باید عذرخواهی کند که کرد؟","There are people who speak the language of the people, raise the concerns of the people, or ask people's questions to the authorities. It is not appropriate for the leadership of the system to make a mistake publicly and to have even one bit of courage taken from them.
Basically, the head of the national media understood why he had to apologize, which he did?"
1539070120005447680,alishakourirad,2022-06-21 05:18:05.806,"با اعلام حکم بقیه متهمان پرونده که تا ۴سال زندان و محرویت از کار و فعالیت به آنها داده‌اند دیگر چه می‌شود گفت.
آنچه امروز شاهدش هستیم ربطی به آرمانهای انقلابی که ملت در سال ۵۷ کردند، ندارد.",0,0,0,https://x.com/alishakourirad/status/1539070120005447680,2022,6,2022-06-21,"با اعلام حکم بقیه متهمان پرونده که تا ۴سال زندان و محرویت از کار و فعالیت به آنها داده‌اند دیگر چه می‌شود گفت.
آنچه امروز شاهدش هستیم ربطی به آرمانهای انقلابی که ملت در سال ۵۷ کردند، ندارد.","With the announcement of the sentence of the rest of the defendants in the case, who have been given up to 4 years in prison and restricted from work and activities, what else can be said.
What we are witnessing today has nothing to do with the revolutionary ideals of the nation in 1957."
1538835714418348034,alishakourirad,2022-06-20 13:46:39.159,"تعدادى شهروند و وكيل،خوب يا بد، تصميم گرفتند از #رهبرى_نظام بابت ممانعت از واردات به موقع واكسن كرونا از هرطريق‌ممكن، #شكايت كنند. قبل از هر اقدامى نهادهاى امنيتى آنها را بازداشت كردند.حالا دادگاه به يكى از آنها حكم ٦ ماه #حبس داده است.
اين كار با #حكومت_عدل_اسلامى چه نسبتى دارد؟",0,0,0,https://x.com/alishakourirad/status/1538835714418348034,2022,6,2022-06-20,"تعدادى شهروند و وكيل،خوب يا بد، تصميم گرفتند از #رهبرى_نظام بابت ممانعت از واردات به موقع واكسن كرونا از هرطريق‌ممكن، #شكايت كنند. قبل از هر اقدامى نهادهاى امنيتى آنها را بازداشت كردند.حالا دادگاه به يكى از آنها حكم ٦ ماه #حبس داده است.
اين كار با #حكومت_عدل_اسلامى چه نسبتى دارد؟","A number of citizens and lawyers, good or bad, decided to #complain against the system leadership for preventing the timely importation of corona vaccine in any possible way. Before taking any action, the security agencies arrested them. Now the court has sentenced one of them to 6 months in #imprisonment.
What does this have to do with #Islamic Justice Government?"
1538564446972411910,alishakourirad,2022-06-19 19:48:43.960,شورای‌عالی‌انقلاب‌فرهنگی و شورای‌عالی‌ فضای‌مجازی فاقدقانون تشکیل بوده، شبهه اساسی درمورد قانونی بودن فعالیت آنها وجوددارد.حالا مجلس تصویب کرده دیوان‌عدالت‌اداری که قانوناً به شکایات ازماموران‌و‌مصوبات واحدهای حکومتی رسیدگی می‌کند به شکایات مردم از مصوبات این دو شورا رسیدگی نکند.,0,0,0,https://x.com/alishakourirad/status/1538564446972411910,2022,6,2022-06-19,شورای‌عالی‌انقلاب‌فرهنگی و شورای‌عالی‌ فضای‌مجازی فاقدقانون تشکیل بوده، شبهه اساسی درمورد قانونی بودن فعالیت آنها وجوددارد.حالا مجلس تصویب کرده دیوان‌عدالت‌اداری که قانوناً به شکایات ازماموران‌و‌مصوبات واحدهای حکومتی رسیدگی می‌کند به شکایات مردم از مصوبات این دو شورا رسیدگی نکند.,"The Supreme Council of Cultural Revolution and the Supreme Council of Cyber ​​Space have no law, and there is a fundamental doubt about the legality of their activities. Now the parliament has approved that the Administrative Court, which legally deals with complaints from officials and the approvals of government units, should not deal with people's complaints about the approvals of these two councils."
1535466353104244737,alishakourirad,2022-06-11 06:38:00.822,#سرقت تیمی بزرگ از صندوق امانات بانک‌ملی در مرکز شهر ضربه‌ای جدی به احساس و تلقی #امنیت در کشور بود. اما آنچه پس از اعلام دستگیری سارقان دیده می‌شود و #فاجعه است این است که علی‌رغم انتشار فیلم مصاحبه با سارقان، بخش بزرگی از مردم آن را باور نکرده و به ادعای پلیس #بی‌اعتماد هستند.,0,0,0,https://x.com/alishakourirad/status/1535466353104244737,2022,6,2022-06-11,#سرقت تیمی بزرگ از صندوق امانات بانک‌ملی در مرکز شهر ضربه‌ای جدی به احساس و تلقی #امنیت در کشور بود. اما آنچه پس از اعلام دستگیری سارقان دیده می‌شود و #فاجعه است این است که علی‌رغم انتشار فیلم مصاحبه با سارقان، بخش بزرگی از مردم آن را باور نکرده و به ادعای پلیس #بی‌اعتماد هستند.,"The theft of a large team from the safe deposit box of Bank Melli in the center of the city was a serious blow to the feeling and perception of security in the country. But what can be seen after the announcement of the arrest of the thieves and it is a #disaster is that despite the release of the video of the interview with the thieves, a large part of the people did not believe it and distrusted the claims of the police."
1534790090450509824,alishakourirad,2022-06-09 09:50:47.241,"#شورای_حکام قطعنامه علیه ایران را با ۳۰رأی از ۳۵نفر تصویب کرد.
این قطعنامه شاید اهمیت چندانی ندارد. اما شکل‌گیری اجماع جهانی علیه ایران بسیار نگران کننده است. به مسیری رانده شده‌ایم که دچار فشار و سختی روزافزون هستیم.
یک نفر شفاف توضیح بدهد کی و چگونه از این فرایند رها خواهیم شد.",0,0,0,https://x.com/alishakourirad/status/1534790090450509824,2022,6,2022-06-09,"#شورای_حکام قطعنامه علیه ایران را با ۳۰رأی از ۳۵نفر تصویب کرد.
این قطعنامه شاید اهمیت چندانی ندارد. اما شکل‌گیری اجماع جهانی علیه ایران بسیار نگران کننده است. به مسیری رانده شده‌ایم که دچار فشار و سختی روزافزون هستیم.
یک نفر شفاف توضیح بدهد کی و چگونه از این فرایند رها خواهیم شد.","#The Governing Council approved the resolution against Iran with 30 votes out of 35 people.
This resolution may not be of much importance. But the formation of global consensus against Iran is very worrying. We have been driven to a path where we are under increasing pressure and difficulty.
Someone should clearly explain when and how we will be released from this process."
1534755190900932608,alishakourirad,2022-06-09 07:32:06.540,"سانحه #قطار_مشهد_یزد که موجب جان‌باختن و جراحت عده‌ای زیادی از هم‌وطنان عزیز گردید مصیبت جدیدی است که جان مردم گرفتارمان را خراشید.
به خانواده جان‌باختگان و مردم شریف ایران تسلیت می‌گوییم و برای مصدومان شفای عاجل مسألت داریم.
خداوندا! مصیبت‌ها زیادشده‌اند. کشور و ملت ما را دریاب.",0,0,0,https://x.com/alishakourirad/status/1534755190900932608,2022,6,2022-06-09,"سانحه #قطار_مشهد_یزد که موجب جان‌باختن و جراحت عده‌ای زیادی از هم‌وطنان عزیز گردید مصیبت جدیدی است که جان مردم گرفتارمان را خراشید.
به خانواده جان‌باختگان و مردم شریف ایران تسلیت می‌گوییم و برای مصدومان شفای عاجل مسألت داریم.
خداوندا! مصیبت‌ها زیادشده‌اند. کشور و ملت ما را دریاب.","The #Mashhad_Yazd_train accident that caused the death and injury of many dear compatriots is a new calamity that scratched the lives of our affected people.
We offer our condolences to the families of the deceased and the noble people of Iran, and wish the injured a speedy recovery.
God! The calamities have increased. Find out our country and nation."
1534574081881800711,alishakourirad,2022-06-08 19:32:26.785,آقای #سیدعباس_صالحی جایگزین بسیار شایسته‌ای برای مرحوم دعایی در موسسهٔ اطلاعات‌‌ است. وی شهره به اعتدال، انصاف و ارتباط خوب با طیف متکثر اهل فرهنگ است. تداوم و تعمیم نگاه و رویکردی که در حکم انتصاب او به منصه ظهور رسیده است می‌تواند موجب گشایش در عرصه‌های فروبسته اداره کشور باشد.,0,0,0,https://x.com/alishakourirad/status/1534574081881800711,2022,6,2022-06-08,آقای #سیدعباس_صالحی جایگزین بسیار شایسته‌ای برای مرحوم دعایی در موسسهٔ اطلاعات‌‌ است. وی شهره به اعتدال، انصاف و ارتباط خوب با طیف متکثر اهل فرهنگ است. تداوم و تعمیم نگاه و رویکردی که در حکم انتصاب او به منصه ظهور رسیده است می‌تواند موجب گشایش در عرصه‌های فروبسته اداره کشور باشد.,"Mr. Seyed Abbas Salehi is a very worthy replacement for the late Doai in the Information Institute. He is famous for his moderation, fairness and good communication with a wide range of cultured people. Continuity and generalization of the view and approach that has come to the fore in his appointment can lead to opening in the closed areas of the country's administration."
1533672802062061568,alishakourirad,2022-06-06 07:51:04.931,از #مقام‌معظم‌رهبری درخواست دارم برای انتخاب جایگزین #مرحوم_دعایی در موسسه اطلاعات درنگ کنند. افرادی که براساس قرائن و سیاق به اذهان متبادر می‌شوند، هیچ‌یک مناسب نیستند. همه مملکت در اختیار نظایر آنهاست. یک نفر را انتخاب کنید که نظیر دعایی باشد. #بهتر_است_یک_روزنه‌ای_باز_بماند.,0,0,0,https://x.com/alishakourirad/status/1533672802062061568,2022,6,2022-06-06,از #مقام‌معظم‌رهبری درخواست دارم برای انتخاب جایگزین #مرحوم_دعایی در موسسه اطلاعات درنگ کنند. افرادی که براساس قرائن و سیاق به اذهان متبادر می‌شوند، هیچ‌یک مناسب نیستند. همه مملکت در اختیار نظایر آنهاست. یک نفر را انتخاب کنید که نظیر دعایی باشد. #بهتر_است_یک_روزنه‌ای_باز_بماند.,I request the #highest leadership position to delay the selection of a replacement for the late #Dayaee in the Information Institute. People who come to mind based on evidence and context are not suitable. The whole country is at the disposal of those like them. Choose someone who is like a prayer. #It's better to leave a hole open.
1533489867027521542,alishakourirad,2022-06-05 19:44:09.820,خبر درگذشت انسان نازنین و بی‌ریا، حجة‌الاسلام‌والمسلمین #سیدمحمود_دعایی موجب تأسف و تأثر بسیار شد. او از خوبان  بود و در حیات ارزشمندش به انصاف، اعتدال، نیک‌خواهی و پاسداشت فضیلت مشهور. خدایش رحمت کند. به خانواده و همه دوستان و علاقمندانش تسلیت می‌گویم. رحمت خداوند بر او باد.,0,0,0,https://x.com/alishakourirad/status/1533489867027521542,2022,6,2022-06-05,خبر درگذشت انسان نازنین و بی‌ریا، حجة‌الاسلام‌والمسلمین #سیدمحمود_دعایی موجب تأسف و تأثر بسیار شد. او از خوبان  بود و در حیات ارزشمندش به انصاف، اعتدال، نیک‌خواهی و پاسداشت فضیلت مشهور. خدایش رحمت کند. به خانواده و همه دوستان و علاقمندانش تسلیت می‌گویم. رحمت خداوند بر او باد.,"The news of the death of a sweet and humble person, Hujjat al-Islam wal-Muslimin #Syed Mahmoud_Da'ai caused a lot of sadness and emotion. He was one of the good people, and in his valuable life, he was known for his fairness, moderation, benevolence and virtue. God bless him. My condolences to his family and all his friends and fans. May God's mercy be upon him."
1532281972164374529,alishakourirad,2022-06-02 11:44:25.243,"عبدالباقی #خاوریزه شد؟
در پرونده اختلاس سه‌هزارمیلیاردی خاوری فرارکرد یا فرارداده شد و همه کاسه‌کوره‌ها بر سر او شکسته‌شد و دیگر متهمان کم‌رنگ شده و یا به فراموشی سپرده شدند. درماجرای #متروپل عبدالباقی در زمره کشته‌شدگان قرار گرفت و طبعا همه کاسه‌کوزه‌ها سر او خراب می‌شود و خلاص!",0,0,0,https://x.com/alishakourirad/status/1532281972164374529,2022,6,2022-06-02,"عبدالباقی #خاوریزه شد؟
در پرونده اختلاس سه‌هزارمیلیاردی خاوری فرارکرد یا فرارداده شد و همه کاسه‌کوره‌ها بر سر او شکسته‌شد و دیگر متهمان کم‌رنگ شده و یا به فراموشی سپرده شدند. درماجرای #متروپل عبدالباقی در زمره کشته‌شدگان قرار گرفت و طبعا همه کاسه‌کوزه‌ها سر او خراب می‌شود و خلاص!","Abdul Baqi became Khavariza?
In the embezzlement case of 3000 billion, Khavari escaped or was given away and all the cases were broken on him and the other defendants were faded or forgotten. In the incident of #Metropol, Abdul Baqi was among those killed and naturally all the bowls and jars will be destroyed on him and that's it!"
1531448372552519680,alishakourirad,2022-05-31 04:31:59.608,"اخيرا به يك نماينده مجلس كه عضو جبهه پايدارى و از پيروان آيت‌الله مصباح‌یزدی است در سیمای «جمهوری» اسلامی ایران فرصت داده شده است تا جمله #میزان_رأی_ملت_است امام‌خمینی را تخطئه کند.
از #مقام_معظم_رهبری می‌خواهم در مرقدامام اعتقاد نظام به این جمله فقهی و تاریخی امام را تشریح کنند.",0,0,0,https://x.com/alishakourirad/status/1531448372552519680,2022,5,2022-05-31,"اخيرا به يك نماينده مجلس كه عضو جبهه پايدارى و از پيروان آيت‌الله مصباح‌یزدی است در سیمای «جمهوری» اسلامی ایران فرصت داده شده است تا جمله #میزان_رأی_ملت_است امام‌خمینی را تخطئه کند.
از #مقام_معظم_رهبری می‌خواهم در مرقدامام اعتقاد نظام به این جمله فقهی و تاریخی امام را تشریح کنند.","Recently, a member of the parliament who is a member of the Stability Front and a follower of Ayatollah Misbah-Yazdi has been given the opportunity in the image of the Islamic ""Republic"" of Iran to make a mistake in Imam Khomeini's statement #ميزان_رعي_ملت_est.
I would like to explain the Nizam's belief in this jurisprudential and historical statement of the Imam."
1531098571273080832,alishakourirad,2022-05-30 05:22:00.484,"#آبادان
#آبادان
#آبادان",0,0,0,https://x.com/alishakourirad/status/1531098571273080832,2022,5,2022-05-30,"#آبادان
#آبادان
#آبادان","#Abadan
#Abadan
#Abadan"
1530051530690383873,alishakourirad,2022-05-27 08:01:26.556,"بيش از هر زمان ديگرى، #رهبری_نظام نياز دارد با #صاحب‌نظران دارای استقلال رأی و دلسوز به حال ملت و ايران كه صداقت، صراحت و شجاعت در بيان نظر دارند، گفتگو كرده و از فرصت مشورت با آنها بهره‌مند شود.اما متأسفانه اين امكان فراهم نيست.
منع یا امتناع جفا و خسران مبین است.
#فردا_دیر_است.",0,0,0,https://x.com/alishakourirad/status/1530051530690383873,2022,5,2022-05-27,"بيش از هر زمان ديگرى، #رهبری_نظام نياز دارد با #صاحب‌نظران دارای استقلال رأی و دلسوز به حال ملت و ايران كه صداقت، صراحت و شجاعت در بيان نظر دارند، گفتگو كرده و از فرصت مشورت با آنها بهره‌مند شود.اما متأسفانه اين امكان فراهم نيست.
منع یا امتناع جفا و خسران مبین است.
#فردا_دیر_است.","More than ever, the #system_leadership needs to talk with #opinions who have independent opinions and are sympathetic to the state of the nation and Iran, who have honesty, openness and courage in expressing their opinions, and take advantage of the opportunity to consult with them. But unfortunately, this is not possible.
Prohibition or refusal is proof of punishment and loss.
#Tomorrow_is_late."
1529287129402073089,alishakourirad,2022-05-25 05:23:59.087,"درحالی‌که می‌خواهند همایش «سلام فرمانده» را باحضور دانش‌آموزان خردسال در ورزشگاه یکصدهزارنفره آزادی برگزارکنند از برگزاری مراسم بزرگداشت نماد تمام‌عیار معلم، مرحوم #علی_خواجوی در گچساران به بهانه دعوت از #خانم_منصوری دبیرکل‌حزب‌اتحادملت رسما ممانعت می‌کنند.
#کدام_قدرت
#کدام_ظرفیت",0,0,0,https://x.com/alishakourirad/status/1529287129402073089,2022,5,2022-05-25,"درحالی‌که می‌خواهند همایش «سلام فرمانده» را باحضور دانش‌آموزان خردسال در ورزشگاه یکصدهزارنفره آزادی برگزارکنند از برگزاری مراسم بزرگداشت نماد تمام‌عیار معلم، مرحوم #علی_خواجوی در گچساران به بهانه دعوت از #خانم_منصوری دبیرکل‌حزب‌اتحادملت رسما ممانعت می‌کنند.
#کدام_قدرت
#کدام_ظرفیت","While they want to hold the ""Commander's Greetings"" conference in the presence of young students at the 100,000-seat Azadi Stadium, they are officially preventing the commemoration ceremony of the late #Ali_Khajawi in Gachsaran, under the pretext of inviting #Ms. Mansouri, the Secretary General of the United Nation's Party.
#which_power
#which_capacity"
1528729436283183104,alishakourirad,2022-05-23 16:27:54.686,#دوم_خرداد فرصتی آفرید تا جمهوری اسلامی دوباره به ریل ارزشهای انقلاب اسلامی بازگردد. در #دولت_اصلاحات و #مجلس_ششم تلاش شایانی در این جهت صورت گرفت اما مخالفان اصلاحات با استفاده از رانت قدرت نهادهای انتصابی مانع شدند و اکنون نظام روی ریل اندیشه‌های آیت‌الله مصباح قرار گرفته است.,0,0,0,https://x.com/alishakourirad/status/1528729436283183104,2022,5,2022-05-23,#دوم_خرداد فرصتی آفرید تا جمهوری اسلامی دوباره به ریل ارزشهای انقلاب اسلامی بازگردد. در #دولت_اصلاحات و #مجلس_ششم تلاش شایانی در این جهت صورت گرفت اما مخالفان اصلاحات با استفاده از رانت قدرت نهادهای انتصابی مانع شدند و اکنون نظام روی ریل اندیشه‌های آیت‌الله مصباح قرار گرفته است.,"#2nd_Khordad created an opportunity for the Islamic Republic to return to the values ​​of the Islamic Revolution. In the #reform_government and the #sixth_parliament, a great effort was made in this direction, but the opponents of the reforms were prevented by using the power rent of the appointed institutions, and now the system is on the track of Ayatollah Misbah's ideas."
1527580240540745729,alishakourirad,2022-05-20 12:21:25.070,"#پریساجهانفکریان، #یکتاجمالی و #متین‌بالسینی ورزشکاران جوان و افتخارآفرین کشورمان از ایران رفتند تا رؤیاهای خودرا در جایی خارج از وطن دنبال کنند. دلیل مهاجرت آنها عمدتا کمبودامکانات تمرینی و اعمال‌نظر‌های غیر ورزشی است.
آقای رئیسی!
چاره شما برای پدیده #مهاجرت_قهرمانان_ورزشی چیست؟",0,0,0,https://x.com/alishakourirad/status/1527580240540745729,2022,5,2022-05-20,"#پریساجهانفکریان، #یکتاجمالی و #متین‌بالسینی ورزشکاران جوان و افتخارآفرین کشورمان از ایران رفتند تا رؤیاهای خودرا در جایی خارج از وطن دنبال کنند. دلیل مهاجرت آنها عمدتا کمبودامکانات تمرینی و اعمال‌نظر‌های غیر ورزشی است.
آقای رئیسی!
چاره شما برای پدیده #مهاجرت_قهرمانان_ورزشی چیست؟","#Parisajhanfekrian, #Yektajamali and #Matinbalsini, young and proud athletes of our country, left Iran to pursue their dreams somewhere outside the country. The reason for their migration is mainly the lack of training opportunities and non-sports practices.
Mr. Raisi!
What is your solution for the phenomenon of #immigration_of_sports_heroes?"
1527454295804747778,alishakourirad,2022-05-20 04:00:57.505,"خانم‌دوهان، گزارشگر ویژه سازمان‌ملل در امور تحریم‌های قهری و یک‌جانبه: «تحریم‌های علیه ایران موازین حقوق‌بشر را نقض کرده، وضعیت حقوق انسانی را در ایران به خطر انداخته و باعث افزایش فقر و کاهش کیفیت زندگی مردم شده است»
این داوری درست و مطابق با نظر همیشگی و عمومی اصلاح‌طلبان است.",0,0,0,https://x.com/alishakourirad/status/1527454295804747778,2022,5,2022-05-20,"خانم‌دوهان، گزارشگر ویژه سازمان‌ملل در امور تحریم‌های قهری و یک‌جانبه: «تحریم‌های علیه ایران موازین حقوق‌بشر را نقض کرده، وضعیت حقوق انسانی را در ایران به خطر انداخته و باعث افزایش فقر و کاهش کیفیت زندگی مردم شده است»
این داوری درست و مطابق با نظر همیشگی و عمومی اصلاح‌طلبان است.","Mrs. Dohan, UN Special Rapporteur on Coercive and Unilateral Sanctions: ""Sanctions against Iran have violated human rights standards, endangered the human rights situation in Iran, and caused an increase in poverty and a decrease in people's quality of life.""
This judgment is correct and in accordance with the usual and general opinion of the reformers."
1526386444205445120,alishakourirad,2022-05-17 05:17:41.844,"حاکمیت هر مقدار ابزار قدرت داشته باشد تا قاطبه مردم از آن حمایت نکنند هیچ کار بزرگی را نمی‌تواند به سرانجام برساند. #جراحی_اقتصادی حاکمیت یک‌دست نمی‌خواهد. اعتمادعمومی، وفاق‌ملی و ملت همدل و همراه و مشارکت آنها را می‌خواهد، که اثری از آنها نیست.
#چرخ_پنچر_است، به جایی نمی‌رسید!",0,0,0,https://x.com/alishakourirad/status/1526386444205445120,2022,5,2022-05-17,"حاکمیت هر مقدار ابزار قدرت داشته باشد تا قاطبه مردم از آن حمایت نکنند هیچ کار بزرگی را نمی‌تواند به سرانجام برساند. #جراحی_اقتصادی حاکمیت یک‌دست نمی‌خواهد. اعتمادعمومی، وفاق‌ملی و ملت همدل و همراه و مشارکت آنها را می‌خواهد، که اثری از آنها نیست.
#چرخ_پنچر_است، به جایی نمی‌رسید!","No matter how many power tools the government has, it cannot accomplish any great work if the people do not support it. #Economic_surgery does not want one-handed rule. The public trust, the national unity and the empathetic and companionable nation want their participation, which is not a result of them.
#The tire is flat, you won't get anywhere!"
1523514395447283712,alishakourirad,2022-05-09 07:05:12.060,"#مقاومت سربازان اوکراینی محاصره شده درکارخانه فولاد ماریوپُل دربرابر ارتش روسیه تحسین‌برانگیز است. آنها درحالیکه می‌دانند عدم تسلیم مساوی با مرگ است، به مقاومت ادامه داده‌اند.
#دولت‌ومردم‌اوکراین برخلاف انتظار شرق و غرب، بجای تسلیم راه مقاومت را برگزیدند و محاسبات را برهم زدند.",0,0,0,https://x.com/alishakourirad/status/1523514395447283712,2022,5,2022-05-09,"#مقاومت سربازان اوکراینی محاصره شده درکارخانه فولاد ماریوپُل دربرابر ارتش روسیه تحسین‌برانگیز است. آنها درحالیکه می‌دانند عدم تسلیم مساوی با مرگ است، به مقاومت ادامه داده‌اند.
#دولت‌ومردم‌اوکراین برخلاف انتظار شرق و غرب، بجای تسلیم راه مقاومت را برگزیدند و محاسبات را برهم زدند.","#The resistance of the Ukrainian soldiers surrounded in the Mariupol steel plant against the Russian army is admirable. They have continued to resist while knowing that not surrendering is equal to death.
#The government and people of Ukraine, contrary to the expectations of the East and the West, instead of surrendering, they chose the path of resistance and upset the calculations."
1522610090934681600,alishakourirad,2022-05-06 19:11:49.063,"حفظتَ شيئاً و غابت عنك الاشياء
 درخوش‌بينانه‌ترین حالت، نظام ج.ا.ا. مصداق این ضرب‌المثل است.
اگر در عرصه بازدارندگی درمقابل قدرتهای جهانی و تهدیدات منطقه‌ای دستاورد قابل ملاحظه‌ای داشته‌است، درسایر عرصه‌ها نه تنها دستاورد چندانی نداشته‌، بلکه فرصت‌های بی‌شماری را از دست داده‌است.",0,0,0,https://x.com/alishakourirad/status/1522610090934681600,2022,5,2022-05-06,"حفظتَ شيئاً و غابت عنك الاشياء
 درخوش‌بينانه‌ترین حالت، نظام ج.ا.ا. مصداق این ضرب‌المثل است.
اگر در عرصه بازدارندگی درمقابل قدرتهای جهانی و تهدیدات منطقه‌ای دستاورد قابل ملاحظه‌ای داشته‌است، درسایر عرصه‌ها نه تنها دستاورد چندانی نداشته‌، بلکه فرصت‌های بی‌شماری را از دست داده‌است.","Your preservation is nothing and the absence of things
 In the most optimistic state, the J.A.A. system An example is this proverb.
If it has made significant achievements in deterrence against global powers and regional threats, in other fields, not only has it not achieved much, but it has lost countless opportunities."
1520354752864866304,alishakourirad,2022-04-30 13:49:54.565,"چهار نفر از #فعالان_صنفی_فرهنگیان دوباره بازداشت شده‌اند.
#سخنگوی_قوه_قضائیه یا دادستان تهران سریعاً و صريحاً توضيح بدهند چرا و با چه اتهامى برای آنها قرار بازداشت صادر شده‌است.
بازجو و‌ زندان واسطه و محل مناسبی برای گفتگو با معلمان نیستند.
مقامات دولت یا آموزش‌وپرورش کجا هستند؟",0,0,0,https://x.com/alishakourirad/status/1520354752864866304,2022,4,2022-04-30,"چهار نفر از #فعالان_صنفی_فرهنگیان دوباره بازداشت شده‌اند.
#سخنگوی_قوه_قضائیه یا دادستان تهران سریعاً و صريحاً توضيح بدهند چرا و با چه اتهامى برای آنها قرار بازداشت صادر شده‌است.
بازجو و‌ زندان واسطه و محل مناسبی برای گفتگو با معلمان نیستند.
مقامات دولت یا آموزش‌وپرورش کجا هستند؟","Four of #cultural_union_activists have been arrested again.
#The spokesperson of the judiciary or the prosecutor of Tehran should quickly and clearly explain why and with what charges an arrest warrant has been issued for them.
The interrogator and the prison are not suitable mediators and places to talk with teachers.
Where are the government or education authorities?"
1520062787560554504,alishakourirad,2022-04-29 18:29:44.612,"انتقادات صريح #دانشجویان در حضور رهبری به حاکمیت یکپارچه و متوجه دولت، مجلس، نهادهای تحت‌نظر رهبری و‌ حتی خود رهبری بود.
این دانشجویان، هنوز نماینده تشکل‌های از فیلتر گذشته و اصولگرا بودند. دانشجویان اصلاح‌طلب یا نمایندگان سایر دانشجویان مجال طرح نظرات و انتقادات خود را نیافتند.",0,0,0,https://x.com/alishakourirad/status/1520062787560554504,2022,4,2022-04-29,"انتقادات صريح #دانشجویان در حضور رهبری به حاکمیت یکپارچه و متوجه دولت، مجلس، نهادهای تحت‌نظر رهبری و‌ حتی خود رهبری بود.
این دانشجویان، هنوز نماینده تشکل‌های از فیلتر گذشته و اصولگرا بودند. دانشجویان اصلاح‌طلب یا نمایندگان سایر دانشجویان مجال طرح نظرات و انتقادات خود را نیافتند.","The explicit criticisms of the #students in the presence of the leadership were directed at the government, the parliament, the institutions under the supervision of the leadership and even the leadership itself.
These students were still representative of unfiltered and fundamentalist organizations. Reformist students or representatives of other students did not have the opportunity to present their opinions and criticisms."
1519591937338220546,alishakourirad,2022-04-28 11:18:45.171,"دانشجویان عزیز!
مشکل #حکمرانی در ایران آن است که میثاق ملی«قانون اساسی» در آن ملاک عمل نیست. ابتدا«الگوی اسلامی ایرانی پیشرفت»بجای آن مطرح شد ولی قبل از آنکه نهایی شود «بیانیه گام دوم ‌انقلاب» که مغایر باآن و متأثر از نظرات آیت‌الله‌مصباح است صادر و دستورالعمل حاکمیت یک‌پارچه شد.",0,0,0,https://x.com/alishakourirad/status/1519591937338220546,2022,4,2022-04-28,"دانشجویان عزیز!
مشکل #حکمرانی در ایران آن است که میثاق ملی«قانون اساسی» در آن ملاک عمل نیست. ابتدا«الگوی اسلامی ایرانی پیشرفت»بجای آن مطرح شد ولی قبل از آنکه نهایی شود «بیانیه گام دوم ‌انقلاب» که مغایر باآن و متأثر از نظرات آیت‌الله‌مصباح است صادر و دستورالعمل حاکمیت یک‌پارچه شد.","Dear students!
The problem of #governance in Iran is that the national covenant ""Constitution"" is not the criterion of action. First, the ""Iranian Islamic Model of Progress"" was proposed instead, but before it was finalized, the ""Statement of the Second Step of the Revolution"", which is contrary to it and influenced by Ayatollah Mosbah's opinions, was issued and the guidelines for governance were unified."
1519206639781523456,alishakourirad,2022-04-27 09:47:43.075,درگذشت پژوهشگر و نویسندهٔ برجسته و ایران‌دوست، شادروان دکتر #محمدعلی_اسلامی_ندوشن را به خانواده، هم‌وطنان و دوستاران ایران و فرهنگ و ادب ایران تسلیت می‌گویم و برای نزدیکان این مرد بزرگ و فاضل صبر و آرامش می‌طلبم.  روحش شاد و یادش زنده.,0,0,0,https://x.com/alishakourirad/status/1519206639781523456,2022,4,2022-04-27,درگذشت پژوهشگر و نویسندهٔ برجسته و ایران‌دوست، شادروان دکتر #محمدعلی_اسلامی_ندوشن را به خانواده، هم‌وطنان و دوستاران ایران و فرهنگ و ادب ایران تسلیت می‌گویم و برای نزدیکان این مرد بزرگ و فاضل صبر و آرامش می‌طلبم.  روحش شاد و یادش زنده.,"I offer my condolences to the family, compatriots and friends of Iran and Iran's culture and literature on the passing away of Shadarvan Dr. #MuhammadAli_Islami_Ndushan, a prominent researcher and writer who loves Iran, and I ask for patience and peace for the relatives of this great and virtuous man.  His soul is happy and his memory is alive."
1519197074725687296,alishakourirad,2022-04-27 09:09:42.588,"شب‌گذشته به دعوت یکی از اعضاء #جبهه_اصلاحات اعضاء اين جبهه پس از ١٥ماه برگزارى جلسات بصورت مجازى، در يك ضيافت افطار در حسينيه جماران گرد هم آمدند. از آقاى خاتمى هم دعوت شده و پذيرفته بودند اما اطلاعات سپاه مانع حضور ايشان شد.
نهاد فاقدقانون اطلاعات سپاه عامل محدوديت غيرقانونى شد.",0,0,0,https://x.com/alishakourirad/status/1519197074725687296,2022,4,2022-04-27,"شب‌گذشته به دعوت یکی از اعضاء #جبهه_اصلاحات اعضاء اين جبهه پس از ١٥ماه برگزارى جلسات بصورت مجازى، در يك ضيافت افطار در حسينيه جماران گرد هم آمدند. از آقاى خاتمى هم دعوت شده و پذيرفته بودند اما اطلاعات سپاه مانع حضور ايشان شد.
نهاد فاقدقانون اطلاعات سپاه عامل محدوديت غيرقانونى شد.","Last night, at the invitation of one of the members of the #Reform_Front, the members of this front gathered for an iftar party in Hosseinieh Jamaran after 15 months of holding meetings virtually. Mr. Khatami was also invited and accepted, but IRGC intelligence prevented him from attending.
The lawless institution of IRGC information became the cause of illegal restrictions."
1518837912254701568,alishakourirad,2022-04-26 09:22:31.582,سياستِ حكومتى«هرکه هرچه می‌خواهدبگوید، بگوید! جواب و واکنش لازم ندارد. ما کار خودمان را پيش مى‌بریم» از سیاستِ«نقدوتخطئه حد دارد. اگر کسی اضافه بگوید، برخورد امنیتی و قضایی می‌کنیم» یک قدم جلوتر است. اما سیاستی نارس و غیرمسئولانه بوده و موجب گسست بیشتر ملت از حاکمیت و نظام است.,0,0,0,https://x.com/alishakourirad/status/1518837912254701568,2022,4,2022-04-26,سياستِ حكومتى«هرکه هرچه می‌خواهدبگوید، بگوید! جواب و واکنش لازم ندارد. ما کار خودمان را پيش مى‌بریم» از سیاستِ«نقدوتخطئه حد دارد. اگر کسی اضافه بگوید، برخورد امنیتی و قضایی می‌کنیم» یک قدم جلوتر است. اما سیاستی نارس و غیرمسئولانه بوده و موجب گسست بیشتر ملت از حاکمیت و نظام است.,"The government's policy ""Whoever says whatever he wants to say, say it!"" No answer or reaction is necessary. We advance our own work"" from the policy of ""Criticism and error have limits. If someone says more, we will take security and judicial action"" is a step ahead. But it is an immature and irresponsible policy and causes the nation to break away from the government and the system."
1517190064853471271,alishakourirad,2022-04-21 20:14:34.146,"#دکترمسلم‌بهادری، استادممتاز و پیش‌کسوت دانشگاه علوم پزشکی تهران از دنیا رفت.این رفتن‌ها چقدر سنگین است و چه خلاء بزرگى را در پشت سر آنها ايجادمى‌کند.
او علاوه بر رتبه عالی استادی،اسوه اخلاقی و اجتماعی نیز بود.پیشینه مبارزات سیاسی در دوره دانشجویی از وجوه ممیزه او بود.
روحش شاد.",0,0,0,https://x.com/alishakourirad/status/1517190064853471271,2022,4,2022-04-21,"#دکترمسلم‌بهادری، استادممتاز و پیش‌کسوت دانشگاه علوم پزشکی تهران از دنیا رفت.این رفتن‌ها چقدر سنگین است و چه خلاء بزرگى را در پشت سر آنها ايجادمى‌کند.
او علاوه بر رتبه عالی استادی،اسوه اخلاقی و اجتماعی نیز بود.پیشینه مبارزات سیاسی در دوره دانشجویی از وجوه ممیزه او بود.
روحش شاد.","#Dr. Moslem Bahadari, a distinguished professor and veteran of Tehran University of Medical Sciences, passed away. How heavy these departures are and what a great void it creates behind them.
In addition to his high rank as a professor, he was also a moral and social leader. His background in political struggles during his student years was one of his distinguishing features.
His soul is happy."
1517161276320923648,alishakourirad,2022-04-21 18:20:10.425,"یک #قانون_نانوشته‌ هست که هر کس یک‌بار از رهبری حکم انتصاب یا تنفیذ گرفته باشد دیگر در دادگاه محاکمه نمی‌شود. چرایش بیان نشده‌ اما مصادیق  زياد است، ازجمله #قالیباف.
ظاهراً محاکمه موسوی‌خوئینی‌ها تنها استثناء است.
#دستگاه_قضا قانون‌محور، مستقل و بی‌طرف نباشد هیچ‌چیز درست نمی‌شود.",0,0,0,https://x.com/alishakourirad/status/1517161276320923648,2022,4,2022-04-21,"یک #قانون_نانوشته‌ هست که هر کس یک‌بار از رهبری حکم انتصاب یا تنفیذ گرفته باشد دیگر در دادگاه محاکمه نمی‌شود. چرایش بیان نشده‌ اما مصادیق  زياد است، ازجمله #قالیباف.
ظاهراً محاکمه موسوی‌خوئینی‌ها تنها استثناء است.
#دستگاه_قضا قانون‌محور، مستقل و بی‌طرف نباشد هیچ‌چیز درست نمی‌شود.","There is an unwritten #law that anyone who has been appointed or executed once by the leadership will no longer be tried in court. The reason is not stated, but there are many examples, including #qalibaf.
Apparently, the trial of Mousavikhoinis is the only exception.
If #Dashtgah_Qaza is not law-oriented, independent and impartial, nothing will be fixed."
1516392185733726215,alishakourirad,2022-04-19 15:24:04.940,"احداث #كارخانه_پتروشيمى در منطقه حفاظت شده #ميانكاله آن هم توسط يكى از ابربدهكاران بانكى يك رسوايى بزرگ است.
آنها كه حمايت مى‌کنند قاعدتاً منافعی در آن دارند وگرنه چطور می‌شود حفظ محیط زیست و قبح فساد مالی را نادیده گرفت و رگ گردن هم برجسته کرد.",0,0,0,https://x.com/alishakourirad/status/1516392185733726215,2022,4,2022-04-19,"احداث #كارخانه_پتروشيمى در منطقه حفاظت شده #ميانكاله آن هم توسط يكى از ابربدهكاران بانكى يك رسوايى بزرگ است.
آنها كه حمايت مى‌کنند قاعدتاً منافعی در آن دارند وگرنه چطور می‌شود حفظ محیط زیست و قبح فساد مالی را نادیده گرفت و رگ گردن هم برجسته کرد.","The construction of a #petrochemical factory in the protected area of ​​#Miyankale by one of the super debtors of the bank is a big scandal.
Those who support it must have interests in it, otherwise how can they ignore the preservation of the environment and the ugliness of financial corruption and highlight the jugular vein."
1510597664534155268,alishakourirad,2022-04-03 15:38:43.429,احسنت به علی دایی!,0,0,0,https://x.com/alishakourirad/status/1510597664534155268,2022,4,2022-04-03,احسنت به علی دایی!,Thank you to Uncle Ali!
1509050985993412609,alishakourirad,2022-03-30 09:12:46.529,"«وقتی در اوج هستی شیطان دقیقا همان موقع به سراغت می‌آید»؛ ویل اسمیت برنده جایزه اسکار بهترین نقش اول مرد
او این جمله را از قول دنزل واشنگتن که لحظاتی پیش به او یادآوری کرده بود گفت.
این جمله را همه باید همیشه به‌ یاد داشته باشیم.",0,0,0,https://x.com/alishakourirad/status/1509050985993412609,2022,3,2022-03-30,"«وقتی در اوج هستی شیطان دقیقا همان موقع به سراغت می‌آید»؛ ویل اسمیت برنده جایزه اسکار بهترین نقش اول مرد
او این جمله را از قول دنزل واشنگتن که لحظاتی پیش به او یادآوری کرده بود گفت.
این جمله را همه باید همیشه به‌ یاد داشته باشیم.","""When you are at the top, the devil comes to you at that exact moment""; Will Smith won the Academy Award for Best Actor
He said this sentence from the words of Denzel Washington, who had reminded him moments ago.
We should always remember this sentence."
1508748464611643392,alishakourirad,2022-03-29 13:10:39.811,اعترافات #مؤمن_نسب در مورد جعل اكانت‌های فیک توسط ارتش سایبری این حقیقت را فاش می‌کند که چگونه بومرنگ فرمان «آتش به اختیار» کلاه را از سر پرتاب کننده آن می‌پرانده و او را از واقعیت دور می‌کرده است. وقتی صداقت و درست‌کاری نباشد، نقش تصمیم‌سازان در اخذ تصمیمات بیش از تصمیم‌گیر است.,0,0,0,https://x.com/alishakourirad/status/1508748464611643392,2022,3,2022-03-29,اعترافات #مؤمن_نسب در مورد جعل اكانت‌های فیک توسط ارتش سایبری این حقیقت را فاش می‌کند که چگونه بومرنگ فرمان «آتش به اختیار» کلاه را از سر پرتاب کننده آن می‌پرانده و او را از واقعیت دور می‌کرده است. وقتی صداقت و درست‌کاری نباشد، نقش تصمیم‌سازان در اخذ تصمیمات بیش از تصمیم‌گیر است.,"Confessions of #Muman_Nasab about the creation of fake accounts by the cyber army reveal the truth of how the boomerang of the ""fire at will"" command of the hat jumped off the head of its thrower and distanced him from reality. When there is no honesty and integrity, the role of decision-makers in making decisions is more than the decision-maker."
1504134948105728002,alishakourirad,2022-03-16 18:38:11.761,"اعدام ٨١ شهروند در یک روز به جرم داشتن فكر و عقيده مخالف حاکمان جنايت بزرگى است كه صرفا از عهده رژيم‌های عقب‌مانده، واپسگرا و استبدادى، چون #آل_سعود، برمى‌آید. 
مجال این‌گونه جنایت‌ها جز با باج‌دادن به قدرت‌ها و ابرقدرت‌ها برای چنین حکومت‌های ننگینی به دست نمی‌آید.
#بوريس_جانسون",0,0,0,https://x.com/alishakourirad/status/1504134948105728002,2022,3,2022-03-16,"اعدام ٨١ شهروند در یک روز به جرم داشتن فكر و عقيده مخالف حاکمان جنايت بزرگى است كه صرفا از عهده رژيم‌های عقب‌مانده، واپسگرا و استبدادى، چون #آل_سعود، برمى‌آید. 
مجال این‌گونه جنایت‌ها جز با باج‌دادن به قدرت‌ها و ابرقدرت‌ها برای چنین حکومت‌های ننگینی به دست نمی‌آید.
#بوريس_جانسون","The execution of 81 citizens in one day for the crime of having thoughts and opinions against the rulers is a great crime that can only be done by backward, regressive and autocratic regimes such as Saudi Arabia. 
The opportunity for such crimes can only be obtained by paying ransom to the powers and superpowers for such disgraceful governments.
#Boris_Johnson"
1502073813701386240,alishakourirad,2022-03-11 02:07:59.025,"خاتمی در پیام به کنگره حزب ایثارگران:

آنچه در اوکراین می گذرد فارغ از علل و اسباب پدیدآمدن این وضع ناگوار، تجاوز یک قدرت بیگانه به یک سرزمین آزاد و سرکوب کردن ملتی است که به خصوص در این روزها نشان داد که می خواهد آزاد و غیروابسته زندگی کند.",0,0,0,https://x.com/alishakourirad/status/1502073813701386240,2022,3,2022-03-11,"خاتمی در پیام به کنگره حزب ایثارگران:

آنچه در اوکراین می گذرد فارغ از علل و اسباب پدیدآمدن این وضع ناگوار، تجاوز یک قدرت بیگانه به یک سرزمین آزاد و سرکوب کردن ملتی است که به خصوص در این روزها نشان داد که می خواهد آزاد و غیروابسته زندگی کند.","Khatami in a message to the Congress of the Itsargaran party:

What is happening in Ukraine, regardless of the causes of this unfortunate situation, is the encroachment of a foreign power into a free land and the suppression of a nation that, especially these days, has shown that it wants to live free and independent."
1500812174440247306,alishakourirad,2022-03-07 14:34:40.785,"اعتراض #مهرجویی نماد اعتراض ملتی رنج‌دیده و‌ تحقیر شده توسط کسانی است که خودشان کسی نیستند اما در مصدر قدرت نشسته و برای دیگران تصمیم می‌گیرند و تکلیف تعیین می‌کنند.
آقایان! کنار بایستید و بگذارید ملت نفس بکشند.",0,0,0,https://x.com/alishakourirad/status/1500812174440247306,2022,3,2022-03-07,"اعتراض #مهرجویی نماد اعتراض ملتی رنج‌دیده و‌ تحقیر شده توسط کسانی است که خودشان کسی نیستند اما در مصدر قدرت نشسته و برای دیگران تصمیم می‌گیرند و تکلیف تعیین می‌کنند.
آقایان! کنار بایستید و بگذارید ملت نفس بکشند.","The protest of #Mehrjawi is a symbol of the protest of a nation that has suffered and been humiliated by those who are nobody themselves, but sit in the position of power and make decisions for others and assign duties.
Gentlemen! Stand aside and let the nation breathe."
1499772226798817285,alishakourirad,2022-03-04 17:42:17.946,"تروریست‌های تکفیری در اقدامی جنایت‌بار ده‌ها نفر را در مسجد شیعیان پیشاور پاکستان به خاک و‌ خون ‌کشیدند. 
جمود و خشک‌مغزی ایمان را تبدیل به جنایت با نیت قربة الى الله مى‌کند.
اسلام دین رحمت و صلح است اما گرفتار پیروانی است که حقیقت آن را درک نکرده‌ و آن را وارونه معرفی می‌کنند.",0,0,0,https://x.com/alishakourirad/status/1499772226798817285,2022,3,2022-03-04,"تروریست‌های تکفیری در اقدامی جنایت‌بار ده‌ها نفر را در مسجد شیعیان پیشاور پاکستان به خاک و‌ خون ‌کشیدند. 
جمود و خشک‌مغزی ایمان را تبدیل به جنایت با نیت قربة الى الله مى‌کند.
اسلام دین رحمت و صلح است اما گرفتار پیروانی است که حقیقت آن را درک نکرده‌ و آن را وارونه معرفی می‌کنند.","Takfiri terrorists killed dozens of people in a Shia mosque in Peshawar, Pakistan. 
Stagnation and dry brain turns faith into a crime with the intention of closeness to Allah.
Islam is a religion of mercy and peace, but it is plagued by followers who do not understand its truth and present it upside down."
1498916737936498693,alishakourirad,2022-03-02 09:02:53.507,"دیوانه کننده است! یک نفر تصمیم می‌گیرد جنگ راه بیندازد. کشوری ویران و ملتی آواره و بی‌پناه و خانواده‌ها از هم جدامی‌شوند. آرزوها، امیدها و آینده‌ها نیست و‌ نابودمی‌شود. زندگی‌ها خلاصه می‌شود به حفظ جان و امنیت. 
چقدر این انسان پست و زبون است!
چقدر این دنیا بی پایه و اساس است!
#آه",0,0,0,https://x.com/alishakourirad/status/1498916737936498693,2022,3,2022-03-02,"دیوانه کننده است! یک نفر تصمیم می‌گیرد جنگ راه بیندازد. کشوری ویران و ملتی آواره و بی‌پناه و خانواده‌ها از هم جدامی‌شوند. آرزوها، امیدها و آینده‌ها نیست و‌ نابودمی‌شود. زندگی‌ها خلاصه می‌شود به حفظ جان و امنیت. 
چقدر این انسان پست و زبون است!
چقدر این دنیا بی پایه و اساس است!
#آه","It's crazy! Someone decides to start a war. A ruined country and a displaced and homeless nation and families are separated. There are no dreams, hopes and futures and they will be destroyed. Lives are reduced to saving life and safety. 
How mean and rude this person is!
How baseless is this world!
#Ah"
1498590867107586048,alishakourirad,2022-03-01 11:27:59.847,موضع رهبرى در مورد حمله روسيه به اوكراين در مجموع بهتر از آنچه بود كه حدس زده مى‌شد. جنگ و ویرانی و آغاز آن تقبیح شد و از روسیه حمایت نشد. حمله به آمریکا و کشورهای غربی قابل انتظار بود. اما همبستگی دولت و‌ ملت اوکراین در مقابله با تجاوز جای تجلیل داشت که برعکس ارزیابی و قضاوت شد.,0,0,0,https://x.com/alishakourirad/status/1498590867107586048,2022,3,2022-03-01,موضع رهبرى در مورد حمله روسيه به اوكراين در مجموع بهتر از آنچه بود كه حدس زده مى‌شد. جنگ و ویرانی و آغاز آن تقبیح شد و از روسیه حمایت نشد. حمله به آمریکا و کشورهای غربی قابل انتظار بود. اما همبستگی دولت و‌ ملت اوکراین در مقابله با تجاوز جای تجلیل داشت که برعکس ارزیابی و قضاوت شد.,"The position of the leadership regarding Russia's attack on Ukraine was generally better than what was expected. War and destruction and its initiation were condemned and Russia was not supported. The attack on America and Western countries was expected. But the solidarity of the government and people of Ukraine in confronting the aggression was worthy of praise, which was evaluated and judged on the contrary."
1497175203838889984,alishakourirad,2022-02-25 13:42:39.422,"موضع‌گیری رئیس‌جمهور درقبال حمله روسیه به اوکراین و رویکردخبری صداوسیما ضامن عزت، حکمت و مصلحت نبود و موجب سرافکندگی ایرانیان شد. 
روسیه اهداف خودرا دارد و نباید با آن همراهی‌و‌همبستگی کرد.
موضع مقام معظم رهبری می‌تواند موجب جبران و ضامن استقلال کشور و حفظ منافع و مصالح ملت باشد.",0,0,0,https://x.com/alishakourirad/status/1497175203838889984,2022,2,2022-02-25,"موضع‌گیری رئیس‌جمهور درقبال حمله روسیه به اوکراین و رویکردخبری صداوسیما ضامن عزت، حکمت و مصلحت نبود و موجب سرافکندگی ایرانیان شد. 
روسیه اهداف خودرا دارد و نباید با آن همراهی‌و‌همبستگی کرد.
موضع مقام معظم رهبری می‌تواند موجب جبران و ضامن استقلال کشور و حفظ منافع و مصالح ملت باشد.","The president's stance on Russia's attack on Ukraine and the news approach of Sedavasima did not guarantee honor, wisdom and expediency and caused the Iranians to be embarrassed. 
Russia has its own goals and should not be associated with it.
The position of the Supreme Leader can compensate and guarantee the independence of the country and protect the interests of the nation."
1496720611799883777,alishakourirad,2022-02-24 07:36:16.234,"«كى بود؟ كى بود؟ من نبودم» شده است ترجیع بند اخبار مربوط به صاحبان قدرت در مورد #کاهش_سرعت_اینترنت.
دولت می‌گوید کار ما نیست.
پس در این مملکت کی مسئول است.
همه امور برمی‌گردد به یک نهاد فاقدقانون بنام #شورایعالی_فضای_مجازی که به دستور رهبری شکل گرفته و پاسخگوی احدی جز ایشان نیست.",0,0,0,https://x.com/alishakourirad/status/1496720611799883777,2022,2,2022-02-24,"«كى بود؟ كى بود؟ من نبودم» شده است ترجیع بند اخبار مربوط به صاحبان قدرت در مورد #کاهش_سرعت_اینترنت.
دولت می‌گوید کار ما نیست.
پس در این مملکت کی مسئول است.
همه امور برمی‌گردد به یک نهاد فاقدقانون بنام #شورایعالی_فضای_مجازی که به دستور رهبری شکل گرفته و پاسخگوی احدی جز ایشان نیست.","""Who was it? who was it It wasn't me"" has been prioritized in the section of news related to those in power about #reducing_the_speed_of_the_Internet.
The government says it is not our business.
So who is responsible in this country?
All matters go back to a lawless institution called #Higher_Council_of_Virtual_Space, which was formed by order of the leadership and is accountable to no one but him."
1496430464189489158,alishakourirad,2022-02-23 12:23:19.653,"جبههٔ اصلاحات ایران در بیانیهٔ صریح‌اللحن مردادماه‌اش در اعتراض به #طرح_صیانت پیشنهاد برگزاری #رفراندوم در این زمینه را داده بود. آن پیشنهاد همچنان پابرجاست. این طرح در حقیقت صیانت از اقتدارگرایی دیجیتال است. 
انگشت در چشم جامعه نکنید!",0,0,0,https://x.com/alishakourirad/status/1496430464189489158,2022,2,2022-02-23,"جبههٔ اصلاحات ایران در بیانیهٔ صریح‌اللحن مردادماه‌اش در اعتراض به #طرح_صیانت پیشنهاد برگزاری #رفراندوم در این زمینه را داده بود. آن پیشنهاد همچنان پابرجاست. این طرح در حقیقت صیانت از اقتدارگرایی دیجیتال است. 
انگشت در چشم جامعه نکنید!","Iran's reform front, in its August statement in protest against the #protection_plan, suggested holding a #referendum in this field. That offer still stands. This plan is actually protection from digital authoritarianism. 
Do not finger in the eyes of society!"
1496130602424221705,alishakourirad,2022-02-22 16:31:47.037,با تصویب #طرح_صیانت در مجلس انقلابی(!) گویا گام دوم انقلاب روی خرخره مردم گذاشته شده است.,0,0,0,https://x.com/alishakourirad/status/1496130602424221705,2022,2,2022-02-22,با تصویب #طرح_صیانت در مجلس انقلابی(!) گویا گام دوم انقلاب روی خرخره مردم گذاشته شده است.,With the approval of the #protection_plan in the revolutionary parliament (!) it seems that the second step of the revolution has been put on the people's throat.
1495251361377792003,alishakourirad,2022-02-20 06:17:59.636,"ايمان و امان به سرعت برق
مى‌رفت که مؤمنین رسیدند
#جشنواره_فیلم_فجر",0,0,0,https://x.com/alishakourirad/status/1495251361377792003,2022,2,2022-02-20,"ايمان و امان به سرعت برق
مى‌رفت که مؤمنین رسیدند
#جشنواره_فیلم_فجر","Faith and safety at the speed of lightning
He was leaving when the believers arrived
#Fajr_Film_Festival"
1494469023651831813,alishakourirad,2022-02-18 02:29:15.787,"برخلاف نظر آقای‌عبدی معتقدم دولت باید همانند دولت قبل براساس مصالح و منافع‌ ملی تصمیم گرفته و عمل نماید. البته نظر رهبری بسیار مهم است و تا آنجا که امکان دارد باید لحاظ شود اما رافع مسئولیت ملی دولت نیست.
به‌هرحال فحش‌خوری جزئی از کار اجرایی است. نباید از آن ترسید و منفعل شد.",0,0,0,https://x.com/alishakourirad/status/1494469023651831813,2022,2,2022-02-18,"برخلاف نظر آقای‌عبدی معتقدم دولت باید همانند دولت قبل براساس مصالح و منافع‌ ملی تصمیم گرفته و عمل نماید. البته نظر رهبری بسیار مهم است و تا آنجا که امکان دارد باید لحاظ شود اما رافع مسئولیت ملی دولت نیست.
به‌هرحال فحش‌خوری جزئی از کار اجرایی است. نباید از آن ترسید و منفعل شد.","Contrary to Mr. Abdi's opinion, I believe that the government should decide and act based on national interest and interests, just like the previous government. Of course, the leadership's opinion is very important and should be taken into account as much as possible, but it is not the government's national responsibility.
However, cursing is part of executive work. You should not be afraid of it and become passive."
1494302080764456968,alishakourirad,2022-02-17 15:25:53.501,"كسى تهمت نزده‌است. فايل صوتى گفتگويى خصوصى بين فرمانده وقت سپاه و معاون‌اقتصاديش منتشرشده است كه درآن از يك فساداقتصادى هشت‌هزار‌ميلياردتومانی سخن رفته‌ و نام فرماندهانی هم برده‌شده است. 
وقتى شعار نظام #مبارزه_با_فساد_اقتصادی است نباید موارد خودی را به زیر فرش جارو‌کرد!
#شفافیت",0,0,0,https://x.com/alishakourirad/status/1494302080764456968,2022,2,2022-02-17,"كسى تهمت نزده‌است. فايل صوتى گفتگويى خصوصى بين فرمانده وقت سپاه و معاون‌اقتصاديش منتشرشده است كه درآن از يك فساداقتصادى هشت‌هزار‌ميلياردتومانی سخن رفته‌ و نام فرماندهانی هم برده‌شده است. 
وقتى شعار نظام #مبارزه_با_فساد_اقتصادی است نباید موارد خودی را به زیر فرش جارو‌کرد!
#شفافیت","No one has slandered me. An audio file of a private conversation between the then commander of the IRGC and his vice president of economics has been published, in which an economic corruption of 8000 billion tomani was mentioned and the names of the commanders were also mentioned. 
When the slogan of the system is #fight_with_economic_corruption, one should not sweep internal matters under the carpet!
#Transparency"
1492772575746867201,alishakourirad,2022-02-13 10:08:11.088,"در بخش دوم گفتگوی حامدشجاعی با بنده در دیدارنیوز مطالب متنوعی مورد بحث قرار گرفت. دفاع من از اصلاح‌طلبی و تصمیمات اصلاح طلبان موجب شد که تیتر «اصلاح‌طلب ارتودکس» را برای این قسمت انتخاب کنند. از کلیپ زیر می‌توان به محتوای بحث پی برد.
لینک قسمت دوم:
didarnews.ir/fa/news/121533",0,0,0,https://x.com/alishakourirad/status/1492772575746867201,2022,2,2022-02-13,"در بخش دوم گفتگوی حامدشجاعی با بنده در دیدارنیوز مطالب متنوعی مورد بحث قرار گرفت. دفاع من از اصلاح‌طلبی و تصمیمات اصلاح طلبان موجب شد که تیتر «اصلاح‌طلب ارتودکس» را برای این قسمت انتخاب کنند. از کلیپ زیر می‌توان به محتوای بحث پی برد.
لینک قسمت دوم:
didarnews.ir/fa/news/121533","In the second part of Hamed Shajaei's conversation with Banda in Didarnews, various topics were discussed. My defense of reformism and the decisions of reformers led to the choice of the title ""Orthodox Reformer"" for this episode. You can see the content of the discussion from the clip below.
Link to the second part:
didarnews.ir/fa/news/121533"
1492753216810934275,alishakourirad,2022-02-13 08:51:15.558,"هر دم از این باغ بری می‌رسد
تازه‌تر از تازه‌تری می‌رسد
انتشار فایل صوتی فرمانده سابق سپاه با معاون اقتصادیش و افشای مناسبات و فساداقتصادی درسطوح بالای این نهادانقلابی و هم‌اندیشی برای لاپوشانی و رفع‌ و رجوع آنها اسف‌انگیز است .
لازم است در سلسله مراتب فرماندهی یک نفر توضیحی بدهد.",0,0,0,https://x.com/alishakourirad/status/1492753216810934275,2022,2,2022-02-13,"هر دم از این باغ بری می‌رسد
تازه‌تر از تازه‌تری می‌رسد
انتشار فایل صوتی فرمانده سابق سپاه با معاون اقتصادیش و افشای مناسبات و فساداقتصادی درسطوح بالای این نهادانقلابی و هم‌اندیشی برای لاپوشانی و رفع‌ و رجوع آنها اسف‌انگیز است .
لازم است در سلسله مراتب فرماندهی یک نفر توضیحی بدهد.","Every breath comes from this garden
It arrives fresher than fresher
The release of the audio file of the former commander of the IRGC with his economic deputy and the disclosure of the relationships and economic corruption at the top levels of this revolutionary institution and the same-mindedness to cover up and resolve them is deplorable.
It is necessary to give an explanation in the hierarchy of command."
1490323013824393220,alishakourirad,2022-02-06 15:54:30.015,نامه آذرمنصوری به رییس قوه قضاییه: نگذارید در پرونده شهرداری تهران جای شاکی و متهم عوض شود.,0,0,0,https://x.com/alishakourirad/status/1490323013824393220,2022,2,2022-02-06,نامه آذرمنصوری به رییس قوه قضاییه: نگذارید در پرونده شهرداری تهران جای شاکی و متهم عوض شود.,Azar Mansouri's letter to the Head of the Judiciary: Do not let the places of the plaintiff and the accused change in the case of Tehran municipality.
1489920324242223106,alishakourirad,2022-02-05 13:14:21.337,"در برنامه «تنگنا»ی دیدارنیوز آقای حامدشجاعی مصاحبه‌ای در دو قسمت یک‌ساعته با من داشت که بخش اول آن به دوران دانشجویی اختصاص یافت و بخش دوم بیشتر به مسائل سیاسی روز و اخیر.
بخش اول به تازگی در این رسانه منتشر شده است که لینک آن را اینجا به اشتراک می‌گذارم:
didarnews.ir/fa/news/120710",0,0,0,https://x.com/alishakourirad/status/1489920324242223106,2022,2,2022-02-05,"در برنامه «تنگنا»ی دیدارنیوز آقای حامدشجاعی مصاحبه‌ای در دو قسمت یک‌ساعته با من داشت که بخش اول آن به دوران دانشجویی اختصاص یافت و بخش دوم بیشتر به مسائل سیاسی روز و اخیر.
بخش اول به تازگی در این رسانه منتشر شده است که لینک آن را اینجا به اشتراک می‌گذارم:
didarnews.ir/fa/news/120710","Mr. Hamed Shajaei had an interview with me in two one-hour parts, the first part of which was dedicated to his student days, and the second part was more about current and recent political issues.
The first part has just been published in this media, and I am sharing its link here:
didarnews.ir/fa/news/120710"
1489801017441009665,alishakourirad,2022-02-05 05:20:16.379,عده‌ای دلشان خوش است به جریان سازی. حالا بند کرده‌اند به زبان فارسی.  لابد فردا هم می‌خواهند علیه خورشید و آفتاب جریان راه بیندازند. این کارشان عمق و دوامی پیدا نخواهد کرد. فارسی رقیب هیچ‌یک از زبان‌های دیگر حوزه مشترک نیست. پیوند دهنده آنهاست. #منوفارسی,0,0,0,https://x.com/alishakourirad/status/1489801017441009665,2022,2,2022-02-05,عده‌ای دلشان خوش است به جریان سازی. حالا بند کرده‌اند به زبان فارسی.  لابد فردا هم می‌خواهند علیه خورشید و آفتاب جریان راه بیندازند. این کارشان عمق و دوامی پیدا نخواهد کرد. فارسی رقیب هیچ‌یک از زبان‌های دیگر حوزه مشترک نیست. پیوند دهنده آنهاست. #منوفارسی,Some people like streaming. Now they have stopped using Persian language.  They probably want to start a movement against the sun tomorrow. This work will not be deep and lasting. Farsi is not a competitor of any of the other languages ​​of the common domain. It is their link. #Manofarsi
1488332839800250372,alishakourirad,2022-02-01 04:06:15.552,"سرکار #خانم_دکتر_شجاعی
سرکار #خانم_دکتر_مولاوردی
اقدام شما به ترک برنامه زنده صداوسیما که مجری آن غیراخلاقی، غیرحرفه‌ای و جانبدارانه عمل کرده بود، بهترین کار بود. به سهم خودم از شما تشکر می‌کنم.
علی شکوری راد",0,0,0,https://x.com/alishakourirad/status/1488332839800250372,2022,2,2022-02-01,"سرکار #خانم_دکتر_شجاعی
سرکار #خانم_دکتر_مولاوردی
اقدام شما به ترک برنامه زنده صداوسیما که مجری آن غیراخلاقی، غیرحرفه‌ای و جانبدارانه عمل کرده بود، بهترین کار بود. به سهم خودم از شما تشکر می‌کنم.
علی شکوری راد","Mr. Dr. Shojaei
Mr. #Dr. Molaverdi
It was the best thing you did to leave the live TV show whose host acted unethically, unprofessionally and biased. I thank you for my part.
Ali Shakuri Rad"
1487666746202939392,alishakourirad,2022-01-30 07:59:26.463, بیانیهٔ جبههٔ اصلاحات ایران در اعتراض به اخراج دانشگاهیان شایسته و استقلال‌زدایی از دانشگاه,0,0,0,https://x.com/alishakourirad/status/1487666746202939392,2022,1,2022-01-30, بیانیهٔ جبههٔ اصلاحات ایران در اعتراض به اخراج دانشگاهیان شایسته و استقلال‌زدایی از دانشگاه,The statement of Iran's reform front protesting the dismissal of worthy academics and de-independence from the university
1487432936790142977,alishakourirad,2022-01-29 16:30:21.955,"جواد ظریف:  ۳۵ میلیارد دلار در اختیار کسانی قراردادیم که تحریم‌ها را دور بزنند و الان معلوم نیست آن پول کجاست.
هیچ‌یک از مدعیان مبارزه با #فساد_اقتصادی این ادعا را که خیلی جدی، بزرگ و مهم است پیگیری نکردند.
نه قوه قضائیه، نه دولت، نه مجلس، نه جوانان مؤمن انقلابی و نه حتی رهبری!",0,0,0,https://x.com/alishakourirad/status/1487432936790142977,2022,1,2022-01-29,"جواد ظریف:  ۳۵ میلیارد دلار در اختیار کسانی قراردادیم که تحریم‌ها را دور بزنند و الان معلوم نیست آن پول کجاست.
هیچ‌یک از مدعیان مبارزه با #فساد_اقتصادی این ادعا را که خیلی جدی، بزرگ و مهم است پیگیری نکردند.
نه قوه قضائیه، نه دولت، نه مجلس، نه جوانان مؤمن انقلابی و نه حتی رهبری!","Javad Zarif: We have given 35 billion dollars to those who bypass the sanctions and now it is not known where that money is.
None of the claimants of the fight against #economic_corruption followed this claim, which is very serious, big and important.
Not the judiciary, not the government, not the parliament, not the young religious believers, not even the leadership!"
1487123089213296645,alishakourirad,2022-01-28 19:59:08.536,"#چهار_هزار_روز_حصر
چهار هزار روز آزادگی!",0,0,0,https://x.com/alishakourirad/status/1487123089213296645,2022,1,2022-01-28,"#چهار_هزار_روز_حصر
چهار هزار روز آزادگی!","#four_thousand_days_of_hesr
Four thousand days of freedom!"
1482600737519685637,alishakourirad,2022-01-16 08:28:55.871,"جناب آقاى محسنی‌اژه‌ای!
#كيوان_صميمى يك روزنامه‌نگار و فعال‌سیاسی آزادانديش و منتقداست. در چارچوب قانون اظهارنظر کرده، نوشته و منتشر کرده‌است. نظام باید وجود منتقدین ولو رویکرد، عملکرد، ساختار و اركان آن را تخطئه کرده باشند، نعمت بداند و قدر بدارد.
جای او زندان نیست. #آزادش_کنید",0,0,0,https://x.com/alishakourirad/status/1482600737519685637,2022,1,2022-01-16,"جناب آقاى محسنی‌اژه‌ای!
#كيوان_صميمى يك روزنامه‌نگار و فعال‌سیاسی آزادانديش و منتقداست. در چارچوب قانون اظهارنظر کرده، نوشته و منتشر کرده‌است. نظام باید وجود منتقدین ولو رویکرد، عملکرد، ساختار و اركان آن را تخطئه کرده باشند، نعمت بداند و قدر بدارد.
جای او زندان نیست. #آزادش_کنید","Dear Mr. Mohseni Azhei!
#Kiwan_Samimi is a free-thinking journalist and political activist and critic. He has commented, written and published within the framework of the law. The system should consider and appreciate the presence of critics even if they have made mistakes in its approach, performance, structure and elements.
His place is not in prison. #free_him"
1481852200821403656,alishakourirad,2022-01-14 06:54:30.815,مدعی‌ست برای تشییع شاعر و‌نویسنده‌ای آزادی‌خواه آمده‌است. اما الآن که قدرت ندارد خشونت را آن هم نسبت به صاحب عزا به این حد می‌رساند، اگر به قدرت دست پیدا کند با مخالفین خود چه خواهد کرد!,0,0,0,https://x.com/alishakourirad/status/1481852200821403656,2022,1,2022-01-14,مدعی‌ست برای تشییع شاعر و‌نویسنده‌ای آزادی‌خواه آمده‌است. اما الآن که قدرت ندارد خشونت را آن هم نسبت به صاحب عزا به این حد می‌رساند، اگر به قدرت دست پیدا کند با مخالفین خود چه خواهد کرد!,"He claims to have come to bury a freedom-loving poet and writer. But now that he does not have the power, he will increase the violence towards Saheb Azza to this extent, if he gets the power, what will he do with his opponents!"
1480790675511779331,alishakourirad,2022-01-11 08:36:23.459,"مرگ یک زندانی دیگر در زمان حبس نشان داد که #قوه_قضائیه همچنان به وظایف قانونی خود در حفاظت از سلامت و جان زندانیان -بویژه زندانیان سیاسی و عقیدتی- عمل نمی کند.
علت مرگ #بكتاش_آبتين باید به سرعت بررسی و متخلفان احتمالی بدون اغماض مجازات شوند.",0,0,0,https://x.com/AnjomanPezshkii/status/1480790675511779331,2022,1,2022-01-11,"مرگ یک زندانی دیگر در زمان حبس نشان داد که #قوه_قضائیه همچنان به وظایف قانونی خود در حفاظت از سلامت و جان زندانیان -بویژه زندانیان سیاسی و عقیدتی- عمل نمی کند.
علت مرگ #بكتاش_آبتين باید به سرعت بررسی و متخلفان احتمالی بدون اغماض مجازات شوند.","The death of another prisoner during imprisonment showed that the #judiciary still does not fulfill its legal duties in protecting the health and lives of prisoners - especially political and religious prisoners.
The cause of the death of #Bektash_Abatin should be quickly investigated and possible offenders should be punished without mercy."
1480948400891834375,alishakourirad,2022-01-11 19:03:08.120,در جلسهٔ اخیر جبههٔ اصلاحات ایران اعضا ضمن ابراز تاسف شدید نسبت به درگذشت نویسنده و شاعر منتقد، مرحوم #بکتاش_آبتین در دورهٔ زندان، بر ضرورت احساس مسئولیت قوهٔ قضاییه و لزوم صیانت از حقوق و سلامت زندانیان و نیز پرهیز از صدور و اجرای حکم زندان برای فعالین فکری و سیاسی تاکید کردند.,0,0,0,https://x.com/alishakourirad/status/1480948400891834375,2022,1,2022-01-11,در جلسهٔ اخیر جبههٔ اصلاحات ایران اعضا ضمن ابراز تاسف شدید نسبت به درگذشت نویسنده و شاعر منتقد، مرحوم #بکتاش_آبتین در دورهٔ زندان، بر ضرورت احساس مسئولیت قوهٔ قضاییه و لزوم صیانت از حقوق و سلامت زندانیان و نیز پرهیز از صدور و اجرای حکم زندان برای فعالین فکری و سیاسی تاکید کردند.,"In the recent meeting of the Iran Reform Front, the members, while expressing their deep regret for the death of the writer and poet critic, the late #Bektash_Abtin, while in prison, emphasized the need for the judiciary to feel responsible and the need to protect the rights and health of prisoners, as well as to avoid issuing and executing prison sentences for intellectual and political activists."
1480946058389868549,alishakourirad,2022-01-11 18:53:49.624,پس از دبیرکلی خانم منصوری در حزب اتحاد، به درخواست ایشان بنده به عنوان نماینده حزب اتحاد در جلسات «جبهه اصلاحات» شرکت می‌کنم. اخیرا نیز از سوی مجمع عمومی این جبهه به عنوان عضو هیأت رئیسه و سخنگوی آن برگزیده شدم. لذا اطلاع رسانی در مورد فعالیت‌های جبهه به بنده واگذار شده است.,0,0,0,https://x.com/alishakourirad/status/1480946058389868549,2022,1,2022-01-11,پس از دبیرکلی خانم منصوری در حزب اتحاد، به درخواست ایشان بنده به عنوان نماینده حزب اتحاد در جلسات «جبهه اصلاحات» شرکت می‌کنم. اخیرا نیز از سوی مجمع عمومی این جبهه به عنوان عضو هیأت رئیسه و سخنگوی آن برگزیده شدم. لذا اطلاع رسانی در مورد فعالیت‌های جبهه به بنده واگذار شده است.,"After Mrs. Mansoori's general secretary in the Ittihad party, at her request, I am participating in the meetings of the ""Reforms Front"" as a representative of the Ittihad party. Recently, I was elected by the general assembly of this front as a member of the board and its spokesperson. Therefore, informing about the front's activities has been entrusted to me."
1480074992347975683,alishakourirad,2022-01-09 09:12:31.296,"مصاحبه دکترمحسن‌اسدی‌لاری و همسرش خانم دکترمجد، پدر و مادر حسین و زینب که بر اثر سرنگونی هواپیمای اکراینی به شهادت رسیدند، نگاه و‌ باورهای مرا نسبت به موضوع تغییر داد.
از خداوند برای آنها، سایر خانواده‌ها و ملت ایران توفیق صبر مسألت دارم.
youtu.be/8V2cMSCG-JU",0,0,0,https://x.com/alishakourirad/status/1480074992347975683,2022,1,2022-01-09,"مصاحبه دکترمحسن‌اسدی‌لاری و همسرش خانم دکترمجد، پدر و مادر حسین و زینب که بر اثر سرنگونی هواپیمای اکراینی به شهادت رسیدند، نگاه و‌ باورهای مرا نسبت به موضوع تغییر داد.
از خداوند برای آنها، سایر خانواده‌ها و ملت ایران توفیق صبر مسألت دارم.
youtu.be/8V2cMSCG-JU","The interview of Dr. Mohsen Esdilari and his wife, Dr. Majed, the parents of Hossein and Zainab, who were killed in the downing of the Ukrainian plane, changed my view and beliefs about the issue.
I ask God for patience and success for them, other families and the nation of Iran.
youtu.be/8V2cMSCG-JU"
1479812091666214912,alishakourirad,2022-01-08 15:47:50.889,"جز این باورندارم که سرنگون‌کردن هواپیمای اوکراینی سهوی و ناشی از خطای تشخیصی اپراتور و خطای برنامه‌ریزی و پیشگیری فرماندهان بوده‌است.
آنچه زخم‌ و درد این فاجعه را برای خانواده‌هاو‌مردم عمیق‌تر کرد عدم‌صداقت‌‌وشجاعت در پذیرش مسئولیت‌خطا و عذرخواهی‌جدی در #سلسله_مراتب_فرماندهی بود.",0,0,0,https://x.com/alishakourirad/status/1479812091666214912,2022,1,2022-01-08,"جز این باورندارم که سرنگون‌کردن هواپیمای اوکراینی سهوی و ناشی از خطای تشخیصی اپراتور و خطای برنامه‌ریزی و پیشگیری فرماندهان بوده‌است.
آنچه زخم‌ و درد این فاجعه را برای خانواده‌هاو‌مردم عمیق‌تر کرد عدم‌صداقت‌‌وشجاعت در پذیرش مسئولیت‌خطا و عذرخواهی‌جدی در #سلسله_مراتب_فرماندهی بود.","Other than that, I do not believe that the downing of the Ukrainian plane was accidental and caused by the operator's diagnostic error and the commanders' planning and prevention error.
What made the wound and pain of this tragedy deeper for the families and people was the lack of honesty and courage in accepting the responsibility of the mistake and serious apology in the chain of command."
1477632444782321679,alishakourirad,2022-01-02 15:26:42.576,"#شهيد_سليمانى اکنون سرمايه‌ای نمادین براى ملت ایران و عاملی برای همگرایی ملی است.
جا دارد همه مقامات و مسئولان و مریدانی که او را صاحب مکتب می‌دانند در همه اعمال فردی و اجتماعی به او اقتدا کنند و هر کار و تصمیمی را در خیال خود به او عرضه کنند و ببینند با مرام او سازگار است یا نه.",0,0,0,https://x.com/alishakourirad/status/1477632444782321679,2022,1,2022-01-02,"#شهيد_سليمانى اکنون سرمايه‌ای نمادین براى ملت ایران و عاملی برای همگرایی ملی است.
جا دارد همه مقامات و مسئولان و مریدانی که او را صاحب مکتب می‌دانند در همه اعمال فردی و اجتماعی به او اقتدا کنند و هر کار و تصمیمی را در خیال خود به او عرضه کنند و ببینند با مرام او سازگار است یا نه.","#Shaheed_Suleimani is now a symbolic capital for the Iranian nation and a factor for national integration.
It is appropriate for all the officials and students who consider him to be the owner of the school to follow him in all personal and social actions and to present any work and decision in their imagination to him and see if it is compatible with his ideals or not."
1476952973318266884,alishakourirad,2021-12-31 18:26:43.955,"#ظفرقندی:
گفتیم که برای سلامت انسان ونجات جان مردم،هیچ حرامی وجودندارد ولی محدودیتهای مصنوعی واردات #واکسن-چه تحمیلی و چه خودساخته- باعث تهدید جان هزاران انسانی شد که اگر بموقع اقدام شده بود،امروز زنده و درمیان خانوادههایشان بودند وکشور نیز در مدار تعادل وحیات اقتصادی قرارمیگرفت.",0,0,0,https://x.com/AnjomanPezshkii/status/1476952973318266884,2021,12,2021-12-31,"#ظفرقندی:
گفتیم که برای سلامت انسان ونجات جان مردم،هیچ حرامی وجودندارد ولی محدودیتهای مصنوعی واردات #واکسن-چه تحمیلی و چه خودساخته- باعث تهدید جان هزاران انسانی شد که اگر بموقع اقدام شده بود،امروز زنده و درمیان خانوادههایشان بودند وکشور نیز در مدار تعادل وحیات اقتصادی قرارمیگرفت.","# Zafarqandi:
We said that there is nothing forbidden for human health and saving people's lives, but the artificial restrictions on the import of #vaccines - both imposed and self-made - threatened the lives of thousands of people who, if action had been taken on time, would have been alive today with their families, and the country would have been in the balance of economic life."
1474082605985415180,alishakourirad,2021-12-23 20:20:55.054,"در آخرین نطقم به عنوان دبیرکل در کنگره هفتم حزب اتحادملت یک بسته گفتمانی شامل تبیین وضع موجود با نگاهی آینده‌نگر از منظر کنش سیاسی حزبی ارائه و به سوالاتی که متوجه رویکرد اصلاح‌طلبی است پاسخ داده‌شده‌است.
متن کامل:
emtedad.news/?p=5112
فایل صوتی:
t.me/emtedadnet/610
…",0,0,0,https://x.com/alishakourirad/status/1474082605985415180,2021,12,2021-12-23,"در آخرین نطقم به عنوان دبیرکل در کنگره هفتم حزب اتحادملت یک بسته گفتمانی شامل تبیین وضع موجود با نگاهی آینده‌نگر از منظر کنش سیاسی حزبی ارائه و به سوالاتی که متوجه رویکرد اصلاح‌طلبی است پاسخ داده‌شده‌است.
متن کامل:
emtedad.news/?p=5112
فایل صوتی:
t.me/emtedadnet/610
…","In my last speech as the Secretary General at the 7th Congress of the United Nations Party, a discourse package including the explanation of the current situation with a forward-looking view from the perspective of the party's political action was presented and the questions directed at the reformist approach were answered.
Full text:
emtedad.news/?p=5112
audio file:
t.me/emtedadnet/610
…"
1461890241225277442,alishakourirad,2021-11-20 04:52:48.772,#تجمع_اعتراضی ۲۸ آبان کشاورزان و مردم اصفهان دربستر خشک زاینده‌رود طبق قانون اساسی قانونی بود و خوشبختانه این‌بار صداوسیما و نهادهای انتظامی و امنیتی آن را غیرقانونی ننامیده و برخورد امنیتی با آن نکردند. این غلبه عقلانیت سیاسی بر نگاه امنیتی هرچند دیررس اما درصورت تداوم خوب است.,0,0,0,https://x.com/alishakourirad/status/1461890241225277442,2021,11,2021-11-20,#تجمع_اعتراضی ۲۸ آبان کشاورزان و مردم اصفهان دربستر خشک زاینده‌رود طبق قانون اساسی قانونی بود و خوشبختانه این‌بار صداوسیما و نهادهای انتظامی و امنیتی آن را غیرقانونی ننامیده و برخورد امنیتی با آن نکردند. این غلبه عقلانیت سیاسی بر نگاه امنیتی هرچند دیررس اما درصورت تداوم خوب است.,"#تجمع_عتراضی 28 Aban farmers and people of Isfahan in Zayandehrud dry bed was legal according to the constitution and fortunately this time the radio and television and police and security institutions did not call it illegal and did not deal with it. This victory of political rationality over the security view is late, but it is good if it continues."
1460697825327656962,alishakourirad,2021-11-16 21:54:34.668,"واقعا مانده‌ام آقای رئیسی روی چه حسابی و براساس چه معیاری فیاضی را برای وزارت آموزش و ‌پرورش مناسب تشخیص داده بود.حتی نمایندگان مجلس همسو با دولت هم قاطعانه به وی رأی منفی دادند. آن ۱۱۵ رأی مثبت هم خیلی عجیب بود.
متأسفانه #رئیسی حتی دربین حامیان خود هم امید بهبود برنیانگیخته است.",0,0,0,https://x.com/alishakourirad/status/1460697825327656962,2021,11,2021-11-16,"واقعا مانده‌ام آقای رئیسی روی چه حسابی و براساس چه معیاری فیاضی را برای وزارت آموزش و ‌پرورش مناسب تشخیص داده بود.حتی نمایندگان مجلس همسو با دولت هم قاطعانه به وی رأی منفی دادند. آن ۱۱۵ رأی مثبت هم خیلی عجیب بود.
متأسفانه #رئیسی حتی دربین حامیان خود هم امید بهبود برنیانگیخته است.","I am really left wondering on what account and based on what criterion Mr. Raeesi found Fayazi to be suitable for the Ministry of Education. Even the MPs aligned with the government voted against him decisively. Those 115 positive votes were also very strange.
Unfortunately, #Raisi has not raised hope for improvement even among his supporters."
1456186243004383242,alishakourirad,2021-11-04 11:07:09.621,"نمی‌دانم چه فرد یا افرادی سنگ قبر مزار مرحوم #دکترابراهیم‌یزدی را شکسته‌اند.
چنین کاری نسبت به مزار هر کسی قبیح است و وجدان عمومی جامعه را آزرده می‌کند چه برسد به شخصیتی مؤمن و محترم که عمرش را صرف خیرخواهی برای مردم ‌و‌ کشور کرد و نام نیک او در تاریخ این ملت ثبت است.",0,0,0,https://x.com/alishakourirad/status/1456186243004383242,2021,11,2021-11-04,"نمی‌دانم چه فرد یا افرادی سنگ قبر مزار مرحوم #دکترابراهیم‌یزدی را شکسته‌اند.
چنین کاری نسبت به مزار هر کسی قبیح است و وجدان عمومی جامعه را آزرده می‌کند چه برسد به شخصیتی مؤمن و محترم که عمرش را صرف خیرخواهی برای مردم ‌و‌ کشور کرد و نام نیک او در تاریخ این ملت ثبت است.","I don't know which person or people broke the tombstone of the deceased #Dr. Brahim Yazdi.
Such a thing is ugly towards anyone's grave and offends the public conscience of the society, let alone a faithful and respectable person who spent his life doing good for the people and the country and his good name is recorded in the history of this nation."
1455583945664389124,alishakourirad,2021-11-02 19:13:50.745,"پیشنهاد ایران برای بازگشت طرف‌های #برجام به وضعیت هنگام خروج ترامپ از آن، منطقی و خوب است.
البته براى دو طرف سخت است اما بنظر مى‌رسد دور از دسترس نباشد.
بعد از این مرحله نبايد فاز ضدبرجامى ادامه داده‌شود بلكه بايد فقط به فكر استفاده از فرصت بود تا ملت روی #آسایش‌وامید را ببیند.",0,0,0,https://x.com/alishakourirad/status/1455583945664389124,2021,11,2021-11-02,"پیشنهاد ایران برای بازگشت طرف‌های #برجام به وضعیت هنگام خروج ترامپ از آن، منطقی و خوب است.
البته براى دو طرف سخت است اما بنظر مى‌رسد دور از دسترس نباشد.
بعد از این مرحله نبايد فاز ضدبرجامى ادامه داده‌شود بلكه بايد فقط به فكر استفاده از فرصت بود تا ملت روی #آسایش‌وامید را ببیند.","Iran's proposal to return the parties to the JCPOA to the situation when Trump withdrew from it is logical and good.
Of course, it is difficult for both sides, but it seems that it is not out of reach.
After this stage, the anti-Jerma phase should not be continued, but one should only think about using the opportunity so that the nation can see #Asayesh-Omid."
1453603210145505284,alishakourirad,2021-10-28 09:03:06.597,وقتی تمرکز اطلاعاتی بر آن است که مبادا چند وکیل و‌ فعال حقوق بشری درخانه خود درفکر طرح شکایت از عاملان غفلت در تأمین واکسن باشند و درست در روزی که آنها بطور غیرعلنی محاکمه می‌شدند با غفلت #نهادهای_حفاظتی_و_اطلاعاتی خرابکاری سایبری صورت گرفت و موجب اختلال فراگیر درتوزیع #بنزین شد.,0,0,0,https://x.com/alishakourirad/status/1453603210145505284,2021,10,2021-10-28,وقتی تمرکز اطلاعاتی بر آن است که مبادا چند وکیل و‌ فعال حقوق بشری درخانه خود درفکر طرح شکایت از عاملان غفلت در تأمین واکسن باشند و درست در روزی که آنها بطور غیرعلنی محاکمه می‌شدند با غفلت #نهادهای_حفاظتی_و_اطلاعاتی خرابکاری سایبری صورت گرفت و موجب اختلال فراگیر درتوزیع #بنزین شد.,"When the focus of information is on the fact that some lawyers and human rights activists in their homes are thinking of filing a complaint against the perpetrators of negligence in providing vaccines, and on the very day they were being tried in private, cyber vandalism took place due to the negligence of #security_and_information_institutions and caused widespread disruption in the distribution of #gasoline."
1453456912369033220,alishakourirad,2021-10-27 23:21:46.489,"مردم زندگی‌شان را می‌کردند. ناگهان بنزین را گران کردید. مردم مضطرب و عصبانی شدند و اعتراض کردند. هیجانات اعتراضی سرکوب شد و خشونت به‌بار آورد. تعدادی زیادی از معترضان و اندکی از ماموران آسیب دیدند و یا کشته شدند. خطا یکجانبه نبود اما یکجانبه برخورد شده و‌ می‌شود.
این #عدالت نیست!",0,0,0,https://x.com/alishakourirad/status/1453456912369033220,2021,10,2021-10-27,"مردم زندگی‌شان را می‌کردند. ناگهان بنزین را گران کردید. مردم مضطرب و عصبانی شدند و اعتراض کردند. هیجانات اعتراضی سرکوب شد و خشونت به‌بار آورد. تعدادی زیادی از معترضان و اندکی از ماموران آسیب دیدند و یا کشته شدند. خطا یکجانبه نبود اما یکجانبه برخورد شده و‌ می‌شود.
این #عدالت نیست!","People lived their lives. Suddenly you made gasoline more expensive. People became anxious and angry and protested. Protesting emotions were suppressed and resulted in violence. A large number of protesters and a few officers were injured or killed. The error was not unilateral, but it was treated unilaterally.
This is not justice!"
1448151224994471936,alishakourirad,2021-10-13 07:58:52.044,کسانی که حرکت اعتراضی به نتیجه اعلام شده در #انتخابات_سال۸۸ را بدون مبنای قانونی «فتنه» نامیدند و معترضین را براساس کیفرخواست بی‌پایه سعیدمرتضوی محاکمه و محکوم کردند به آقای #هادی‌العامری در عراق یادآور شوند که مراقب باشد کاری که می‌کند اگر #فتنه قلمداد شود عقوبت سختی در پی دارد.,0,0,0,https://x.com/alishakourirad/status/1448151224994471936,2021,10,2021-10-13,کسانی که حرکت اعتراضی به نتیجه اعلام شده در #انتخابات_سال۸۸ را بدون مبنای قانونی «فتنه» نامیدند و معترضین را براساس کیفرخواست بی‌پایه سعیدمرتضوی محاکمه و محکوم کردند به آقای #هادی‌العامری در عراق یادآور شوند که مراقب باشد کاری که می‌کند اگر #فتنه قلمداد شود عقوبت سختی در پی دارد.,"Those who called the movement to protest the result announced in the 1988 election as ""Sedition"" without any legal basis and tried and sentenced the protestors based on Saeed Mortazavi's baseless indictment, remind Mr. Hadi Al-Aamiri in Iraq to be careful what he does, if it is considered sedition, severe punishment will follow."
1447819313868591107,alishakourirad,2021-10-12 09:59:58.265,"ظاهرا قرار است دادگاه تعدادی از #وکلا_و_فعالان_مدنی که قصد شکایت از اهمال مسئولان کشوری در واردات #واکسن_کرونا داشته‌اند روز چهارشنبه ۲۱مهر برگزار شود. نظر به اینکه موضوع دادگاه یک امر ملی است تمایل دارم در آن شرکت کنم و شاهد روند دادگاه باشم. 
شایسته است #دادگاه_علنی برگزارشود!",0,0,0,https://x.com/alishakourirad/status/1447819313868591107,2021,10,2021-10-12,"ظاهرا قرار است دادگاه تعدادی از #وکلا_و_فعالان_مدنی که قصد شکایت از اهمال مسئولان کشوری در واردات #واکسن_کرونا داشته‌اند روز چهارشنبه ۲۱مهر برگزار شود. نظر به اینکه موضوع دادگاه یک امر ملی است تمایل دارم در آن شرکت کنم و شاهد روند دادگاه باشم. 
شایسته است #دادگاه_علنی برگزارشود!","Apparently, the court of a number of #lawyers_and_civil_activists who planned to complain about the negligence of the country's officials in importing the #corona_vaccine is going to be held on Wednesday, October 21. Considering that the matter of the court is a national matter, I would like to participate in it and witness the court proceedings. 
It is appropriate to hold an open court!"
1444135855455674368,alishakourirad,2021-10-02 06:03:13.344,"برادران زحمت کشیدند و با استفاده از امکانات عمومی و اتوریته نهادهای حاکمیتی رئیس بسیج جامعه پزشکی را کردند رئیس بزگترین نهاد صنفی جامعه پزشکی کشور. 
#شرف‌المکان‌بالمکین. 
#دکتر_ظفرقندی به #سازمان_نظام_پزشکی اعتبار داد. شما می‌خواهید آن اعتبار را برای خود مصادره کنید. نمی‌‌‌شود.",0,0,0,https://x.com/alishakourirad/status/1444135855455674368,2021,10,2021-10-02,"برادران زحمت کشیدند و با استفاده از امکانات عمومی و اتوریته نهادهای حاکمیتی رئیس بسیج جامعه پزشکی را کردند رئیس بزگترین نهاد صنفی جامعه پزشکی کشور. 
#شرف‌المکان‌بالمکین. 
#دکتر_ظفرقندی به #سازمان_نظام_پزشکی اعتبار داد. شما می‌خواهید آن اعتبار را برای خود مصادره کنید. نمی‌‌‌شود.","The brothers worked hard and by using the public facilities and the authority of the governing institutions, they made the head of the Medical Society Mobilization the head of the largest trade association of the country's medical society. 
#Sharaf al-Makan Balmakin. 
#Dr. Zafarqandi gave credit to the #Medical_Organization. You want to seize that credit for yourself. can't"
1441952613097000960,alishakourirad,2021-09-26 05:27:47.803,جای #مهدی_محمودیان زندان نیست. او باید آزاد باشد تا با دغدغه بالای حقوق بشری و شهامت، صراحت و خیراندیشی که دارد هرجا ظلمی تشخیص می‌دهد به موقع آلارم بدهد و همه را هشیار کند. مسئولانی که دغدغه عدالت و قانون دارند وجود امثال محمودیان را نعمتی برای دنیا و آخرت خود بدانند نه مزاحم.,0,0,0,https://x.com/alishakourirad/status/1441952613097000960,2021,9,2021-09-26,جای #مهدی_محمودیان زندان نیست. او باید آزاد باشد تا با دغدغه بالای حقوق بشری و شهامت، صراحت و خیراندیشی که دارد هرجا ظلمی تشخیص می‌دهد به موقع آلارم بدهد و همه را هشیار کند. مسئولانی که دغدغه عدالت و قانون دارند وجود امثال محمودیان را نعمتی برای دنیا و آخرت خود بدانند نه مزاحم.,"There is no place for #Mehdi Mahmoudian in prison. He should be free to raise alarms and alert everyone with his high concern for human rights and courage, frankness and benevolence wherever he detects injustice. Officials who are concerned about justice and law should consider the presence of Mahmoudians as a blessing for this world and the hereafter, not a nuisance."
1441295999771709448,alishakourirad,2021-09-24 09:58:38.987,"خ. تسنیم در ادامه تلاش برای گم‌کردن رد عوامل تأخیر فاجعه‌بار واکسیناسیون در ایران کلیپ ناشیانه جدیدی منتشر کرده‌ که دم خروس نقیض ادعایش در خود کلیپ نمایان است.
شعار #دکترظفرقندی همیشه این بود که: «حفظ جان مردم اولویت دارد و واکسن خوب واکسنی است که زودتر و به هرطریق ممکن تهیه شود»",0,0,0,https://x.com/alishakourirad/status/1441295999771709448,2021,9,2021-09-24,"خ. تسنیم در ادامه تلاش برای گم‌کردن رد عوامل تأخیر فاجعه‌بار واکسیناسیون در ایران کلیپ ناشیانه جدیدی منتشر کرده‌ که دم خروس نقیض ادعایش در خود کلیپ نمایان است.
شعار #دکترظفرقندی همیشه این بود که: «حفظ جان مردم اولویت دارد و واکسن خوب واکسنی است که زودتر و به هرطریق ممکن تهیه شود»","Kh. Tasnim has published a new clumsy clip in the continuation of trying to hide the causes of the disastrous delay in vaccination in Iran, which contradicts his claim.
The motto of #Dr. Zafarqandi was always: ""Saving people's lives is a priority and a good vaccine is a vaccine that can be prepared as soon as possible."""
1440268150952525836,alishakourirad,2021-09-21 13:54:20.732,"سیدعلیرضابهشتی‌شیرازی که انسان مؤمن‌وشریفی است استفاده از واژه «خودفروش» توسط مقام‌معظم‌رهبری برای ورزشکاران ایرانی که با پرچم بیگانه در المپیک شرکت کرده بودند را قذف و مستوجب مجازات دانسته است. بنظرمی‌رسد راست می‌گوید و اقتضا می‌کند این اتهام پس گرفته و تبعات آن جبران شود.
#الگو",0,0,0,https://x.com/alishakourirad/status/1440268150952525836,2021,9,2021-09-21,"سیدعلیرضابهشتی‌شیرازی که انسان مؤمن‌وشریفی است استفاده از واژه «خودفروش» توسط مقام‌معظم‌رهبری برای ورزشکاران ایرانی که با پرچم بیگانه در المپیک شرکت کرده بودند را قذف و مستوجب مجازات دانسته است. بنظرمی‌رسد راست می‌گوید و اقتضا می‌کند این اتهام پس گرفته و تبعات آن جبران شود.
#الگو","Seyyed Alireza Beheshti Shirazi, who is a faithful and honest person, has considered the use of the word ""self-dealing"" by the supreme leadership for Iranian athletes who participated in the Olympics with a foreign flag as blasphemy and deserves punishment. It seems that he is telling the truth and demands that this charge be withdrawn and its consequences compensated.
#pattern"
1440063076942815242,alishakourirad,2021-09-21 00:19:27.278,"۳۰شهریور؛ روز گفت‌وگوی تمدن‌ها از حافظه تاریخی ما نمی‌رود، اگرچه سیاست آن را از تقویم بردارد. ۳۰شهریورماه ۱۳۷۷ مجمع عمومی سازمان ملل متحد سخنان سید محمد خاتمی را به کمال شنید و پیشنهاد او را در باب گفت‌وگوی تمدن‌ها به اتفاق آرا تصویب کرد. 
۱از۶",0,0,0,https://x.com/HadiKhaniki/status/1440063076942815242,2021,9,2021-09-21,"۳۰شهریور؛ روز گفت‌وگوی تمدن‌ها از حافظه تاریخی ما نمی‌رود، اگرچه سیاست آن را از تقویم بردارد. ۳۰شهریورماه ۱۳۷۷ مجمع عمومی سازمان ملل متحد سخنان سید محمد خاتمی را به کمال شنید و پیشنهاد او را در باب گفت‌وگوی تمدن‌ها به اتفاق آرا تصویب کرد. 
۱از۶","September 30; The day of the dialogue of civilizations will not go away from our historical memory, even if politics removes it from the calendar. On September 30, 2007, the United Nations General Assembly listened to Sayyid Mohammad Khatami's speech and unanimously approved his proposal regarding the dialogue between civilizations. 
1 of 6"
1438053086547820550,alishakourirad,2021-09-15 11:12:28.224,اگر خودمان دست خودمان را نبسته بودیم و دیپلماتهای ایران اجازه و‌ فرصت گفتگوی دوجانبه یا چندجانبه با امریکا را داشتند، کلاه ایران در موضوع #افغانستان این‌مقدار پس معرکه نبود.,0,0,0,https://x.com/alishakourirad/status/1438053086547820550,2021,9,2021-09-15,اگر خودمان دست خودمان را نبسته بودیم و دیپلماتهای ایران اجازه و‌ فرصت گفتگوی دوجانبه یا چندجانبه با امریکا را داشتند، کلاه ایران در موضوع #افغانستان این‌مقدار پس معرکه نبود.,"If we had not tied our hands and Iran's diplomats had the permission and opportunity to have bilateral or multilateral talks with the US, Iran's position on #Afghanistan would not have been such a big deal."
1437313577904394242,alishakourirad,2021-09-13 10:13:55.624,خبرگزاری تسنیم مطلب و کلیپی پر از دروغ و تحریف علیه دکترظفرقندی نشرداده است تا دفاع جانانه او از اولویت حفظ جان مردم در هر سیاستی و ضرورت واکسیناسیون فوری را تخطئه کند. اگر این ۵۰میلیون واکسنی که حالا واردشده شش ماه پیش وارد شده بود بسیاری از کشته شدگان کرونا اکنون نفس می‌کشیدند.,0,0,0,https://x.com/alishakourirad/status/1437313577904394242,2021,9,2021-09-13,خبرگزاری تسنیم مطلب و کلیپی پر از دروغ و تحریف علیه دکترظفرقندی نشرداده است تا دفاع جانانه او از اولویت حفظ جان مردم در هر سیاستی و ضرورت واکسیناسیون فوری را تخطئه کند. اگر این ۵۰میلیون واکسنی که حالا واردشده شش ماه پیش وارد شده بود بسیاری از کشته شدگان کرونا اکنون نفس می‌کشیدند.,"Tasnim News Agency has published an article and a clip full of lies and distortions against Dr. Zafarqandi in order to misrepresent his passionate defense of the priority of saving people's lives in any policy and the necessity of immediate vaccination. If the 50 million vaccines that have arrived now had arrived six months ago, many of those killed by Corona would be breathing now."
1437306841332174848,alishakourirad,2021-09-13 09:47:09.500,"با ملت رنجدیده #افغانستان كه گرفتار تحجر و آپارتايد طالبانى شده‌ و امیدهایشان به یغما رفته است، همدردیم. جامعه جهانی و ازجمله ایران باید بر طالبان فشار بیاورند تا حقوق مدنی شهروندان افغان را محترم شمرده و زیر پا نگذارند. 
چاره افغانستان در برپایی صندوق رأی است و نه در جنگ و غلبه.",0,0,0,https://x.com/alishakourirad/status/1437306841332174848,2021,9,2021-09-13,"با ملت رنجدیده #افغانستان كه گرفتار تحجر و آپارتايد طالبانى شده‌ و امیدهایشان به یغما رفته است، همدردیم. جامعه جهانی و ازجمله ایران باید بر طالبان فشار بیاورند تا حقوق مدنی شهروندان افغان را محترم شمرده و زیر پا نگذارند. 
چاره افغانستان در برپایی صندوق رأی است و نه در جنگ و غلبه.","We sympathize with the suffering people of #Afghanistan, who are trapped in the Taliban's stonewalling and apartheid and whose hopes have been dashed. The international community, including Iran, should put pressure on the Taliban to respect and not violate the civil rights of Afghan citizens. 
Afghanistan's solution lies in setting up a ballot box and not in war and conquest."
1434997257074528262,alishakourirad,2021-09-07 00:49:41.703,"دخالت نظامی مستقیم پاکستان علیه جبهه مقاومت ملی افغانستان در نبرد نابرابر پنجشیر محکوم است.
ما در کنار ملت مظلوم اما غیور افغانستان هستیم و آنها را تنها نخواهیم گذاشت.
درود بر روان شهید #فهیم_دشتی",0,0,0,https://x.com/alishakourirad/status/1434997257074528262,2021,9,2021-09-07,"دخالت نظامی مستقیم پاکستان علیه جبهه مقاومت ملی افغانستان در نبرد نابرابر پنجشیر محکوم است.
ما در کنار ملت مظلوم اما غیور افغانستان هستیم و آنها را تنها نخواهیم گذاشت.
درود بر روان شهید #فهیم_دشتی","Pakistan's direct military intervention against the Afghan National Resistance Front in the unequal battle of Panjshir is condemned.
We stand with the oppressed but courageous people of Afghanistan and will not leave them alone.
Peace be upon the soul of martyr #Fahim_Dashti"
1430199103271677956,alishakourirad,2021-08-24 19:03:32.691,"قبول مسئولیت و #عذرخواهی یک مسئول اقدام شایسته‌ای است. امیدوارم طبق وعده ایشان این نوع رفتارها در زندانها تکرار نشود.
البته می‌بایست قبل از افشای این تصاویر این مقام مسئول نظارت می‌داشت تا این اتفاقات نیفتد. این تصاویر نمونه است. جاهایی که دوربین نیست نیاز به نظارت بیشتری دارد. 
t.co/6cU8bJiNhH",0,0,0,https://x.com/alishakourirad/status/1430199103271677956,2021,8,2021-08-24,"قبول مسئولیت و #عذرخواهی یک مسئول اقدام شایسته‌ای است. امیدوارم طبق وعده ایشان این نوع رفتارها در زندانها تکرار نشود.
البته می‌بایست قبل از افشای این تصاویر این مقام مسئول نظارت می‌داشت تا این اتفاقات نیفتد. این تصاویر نمونه است. جاهایی که دوربین نیست نیاز به نظارت بیشتری دارد. 
t.co/6cU8bJiNhH","Accepting responsibility and apologizing is a worthy action. I hope, according to his promise, this type of behavior will not be repeated in prisons.
Of course, before disclosing these pictures, this official should have supervised so that these things do not happen. These are sample images. Places where there is no camera need more monitoring. 
t.co/6cU8bJiNhH"
1428546193508950017,alishakourirad,2021-08-20 05:35:28.294,از آقایان رئيسى، رئيس شورايعالى امنيت ملى و اژه‌ای، رئیس دستگاه قضا درخواست می‌کنم موضوع #حصر غیرقانونی آقایان موسوی و‌کروبی و خانم رهنورد را به سرعت در دستور کار خود قرار داده و نسبت به رفع آن اقدام عاجل نمایند و چنانچه نمی‌خواهند یا نمی‌توانند، علت آن را برای مردم توضیح دهند.,0,0,0,https://x.com/alishakourirad/status/1428546193508950017,2021,8,2021-08-20,از آقایان رئيسى، رئيس شورايعالى امنيت ملى و اژه‌ای، رئیس دستگاه قضا درخواست می‌کنم موضوع #حصر غیرقانونی آقایان موسوی و‌کروبی و خانم رهنورد را به سرعت در دستور کار خود قرار داده و نسبت به رفع آن اقدام عاجل نمایند و چنانچه نمی‌خواهند یا نمی‌توانند، علت آن را برای مردم توضیح دهند.,"I request the presidents, the head of the Supreme Council of National and Aegean Security, the head of the judicial system, to quickly put the issue of #illegal detention of Mr. Mousavi, Karroubi and Mrs. Rahnavard on their agenda and take urgent action to resolve it, and if they do not want or cannot, explain the reason to the people."
1428364002921390090,alishakourirad,2021-08-19 17:31:30.673,"انتصاب یک #اهل_سنت به فرماندهی نیروی دریایی گام مهمی درمسیر تحقق شعار «ایران برای همه ایرانیان» و دستیابی به وفاق و همبستگی ملی است و به سهم خود از آن استقبال می‌کنیم.
امیداست این رویکرد رواداری از جانب رهبری   منجربه ترويج نگاه شهروندمحور به جاى نگاه امنیتی به اجزاء جامعه بشود.",0,0,0,https://x.com/alishakourirad/status/1428364002921390090,2021,8,2021-08-19,"انتصاب یک #اهل_سنت به فرماندهی نیروی دریایی گام مهمی درمسیر تحقق شعار «ایران برای همه ایرانیان» و دستیابی به وفاق و همبستگی ملی است و به سهم خود از آن استقبال می‌کنیم.
امیداست این رویکرد رواداری از جانب رهبری   منجربه ترويج نگاه شهروندمحور به جاى نگاه امنیتی به اجزاء جامعه بشود.","The appointment of a Sunni to the command of the navy is an important step towards the realization of the slogan ""Iran for all Iranians"" and achieving national unity and solidarity, and we welcome it for our part.
It is hoped that this tolerant approach on the part of the leadership will lead to the promotion of a citizen-oriented approach instead of a security approach to society."
1427880000624205829,alishakourirad,2021-08-18 09:28:15.533,تحولات سیاسی و اجتماعی می‌تواند برق‌آسا رخ بدهد و همه غافلگیر شوند، چه جناح پیروز و چه جناح شکست خورده. در افغانستان برتری نظامی تعیین کننده نبود. جنگ زمانی مغلوبه شد که نظام حاکم مشروعیت، اعتبار و پشتوانه خود را از دست داد و انگیزه‌ای برای مقاومت و جنگ در نظامیان باقی نماند.,0,0,0,https://x.com/alishakourirad/status/1427880000624205829,2021,8,2021-08-18,تحولات سیاسی و اجتماعی می‌تواند برق‌آسا رخ بدهد و همه غافلگیر شوند، چه جناح پیروز و چه جناح شکست خورده. در افغانستان برتری نظامی تعیین کننده نبود. جنگ زمانی مغلوبه شد که نظام حاکم مشروعیت، اعتبار و پشتوانه خود را از دست داد و انگیزه‌ای برای مقاومت و جنگ در نظامیان باقی نماند.,"Political and social changes can happen in a flash and everyone can be surprised, both the winning side and the defeated side. In Afghanistan, military superiority was not decisive. The war was defeated when the ruling system lost its legitimacy, credibility and support, and the soldiers had no motivation to resist and fight."
1427674596375941125,alishakourirad,2021-08-17 19:52:03.344,چهارپنج دخترشجاع افغان درمقابل ارگ رياست‌جمهوری افغانستان #مطالبه‌گری حقوق اجتماعی زنان را با دست گرفتن پلاکاردهای کوچک دربرابر طالبان مسلح به نمایش گذاشتند. مطالبه‌گری شجاعانه از قدرت حاکم بدون تردید بهتر از ترس و انفعال است. مطالبه‌گری بدون پرخاش حتما اثرگذارتر و بادوام‌تر است.,0,0,0,https://x.com/alishakourirad/status/1427674596375941125,2021,8,2021-08-17,چهارپنج دخترشجاع افغان درمقابل ارگ رياست‌جمهوری افغانستان #مطالبه‌گری حقوق اجتماعی زنان را با دست گرفتن پلاکاردهای کوچک دربرابر طالبان مسلح به نمایش گذاشتند. مطالبه‌گری شجاعانه از قدرت حاکم بدون تردید بهتر از ترس و انفعال است. مطالبه‌گری بدون پرخاش حتما اثرگذارتر و بادوام‌تر است.,Four or five brave Afghan girls demonstrated in front of the presidential palace of Afghanistan #demanding women's social rights by holding small placards against the armed Taliban. Courageously demanding the ruling power is undoubtedly better than fear and inaction. Non-aggressive demands are definitely more effective and durable.
