tweet_id,username,created_at,text,replies,retweets,likes,url,Text_original,Text_en
1679793787134984200,alrthaan21,2023-07-14 10:03:42.569000+00:00,"﴿ إِنَّ اللَّهَ وَمَلَائِكَتَهُ يُصَلُّونَ عَلَى النَّبِيِّ ۚ يَا أَيُّهَا الَّذِينَ آمَنُوا صَلُّوا عَلَيْهِ وَسَلِّمُوا تَسْلِيمًا ﴾ 

#يوم_الجمعة 

| رابط لقراءة سورة الكهف ",0,0,0,https://x.com/alrthaan21/status/1679793787134984200,"﴿ إِنَّ اللَّهَ وَمَلَائِكَتَهُ يُصَلُّونَ عَلَى النَّبِيِّ ۚ يَا أَيُّهَا الَّذِينَ آمَنُوا صَلُّوا عَلَيْهِ وَسَلِّمُوا تَسْلِيمًا ﴾ 

#يوم_الجمعة 

| رابط لقراءة سورة الكهف ","“Indeed, Allah and His angels send blessings upon the Prophet. O you who have believed, bless him and grant him peace with complete peace.” 

#Friday 

| Link to read Surat Al-Kahf"
2001099956526964852,alrthaan21,2025-12-17 01:19:42.932000+00:00,أَشْهَدُ أَنْ لاَ إِلَهَ إِلاَّ أَنْتَ، أَسْتَغْفِرُكَ وَأَتُوبُ إِلَيْكَ,0,0,0,https://x.com/alrthaan21/status/2001099956526964852,أَشْهَدُ أَنْ لاَ إِلَهَ إِلاَّ أَنْتَ، أَسْتَغْفِرُكَ وَأَتُوبُ إِلَيْكَ,"I bear witness that there is no god but You, I ask your forgiveness and I repent to you"
1999519323405029614,alrthaan21,2025-12-12 16:38:50.629000+00:00,"﷽
 
{إنّ اللهَ وملائكتَهُ يُصَـلُّونَ على النبي يا أيها الذين آمنوا صَلُّوا عليه وسلِّمُوا تسليما}",0,0,0,https://x.com/alrthaan21/status/1999519323405029614,"﷽
 
{إنّ اللهَ وملائكتَهُ يُصَـلُّونَ على النبي يا أيها الذين آمنوا صَلُّوا عليه وسلِّمُوا تسليما}","﷽
 
{Indeed, God and His angels bless the Prophet, O you who have believed, bless him and grant him peace with complete salutation}"
1999229949002047605,alrthaan21,2025-12-11 21:28:58.395000+00:00,"وفاة تلو وفاة وجنازة تلو جنازة

اللهُم إن كُنا قادمين فأحسن خاتمتنا واهدِنا وثبتنا عند السؤال واجعل لنا احبه يدعون لنا دون ملل

اللهم إنا نخاف الموت على غفلة ومعصية فأهدي قلوبنا واغفِر لنا ذنوبنا و توفنا وأنت راضٍ عنا يا الله",0,0,0,https://x.com/alrthaan21/status/1999229949002047605,"وفاة تلو وفاة وجنازة تلو جنازة

اللهُم إن كُنا قادمين فأحسن خاتمتنا واهدِنا وثبتنا عند السؤال واجعل لنا احبه يدعون لنا دون ملل

اللهم إنا نخاف الموت على غفلة ومعصية فأهدي قلوبنا واغفِر لنا ذنوبنا و توفنا وأنت راضٍ عنا يا الله","Death after death, funeral after funeral

Oh God, if we are coming, give us a good ending, guide us, and make us steadfast when asked, and make our loved ones pray for us without getting tired.

O God, we fear death due to negligence and disobedience, so guide our hearts and forgive us our sins and let us die while you are satisfied with us, O God."
1999209549027266690,alrthaan21,2025-12-11 20:07:54.662000+00:00,"إنا لله وإنا إليه لراجعون ..
القلوب اجتمعت على حبه فأحسن الله عزاءنا جميعا 
اللهم اغفر له واعف عنه وتجاوز عنه وارزق أهله وذويه الصبر والسلوان ..

#ابو_مرداع",0,0,0,https://x.com/alrthaan21/status/1999209549027266690,"إنا لله وإنا إليه لراجعون ..
القلوب اجتمعت على حبه فأحسن الله عزاءنا جميعا 
اللهم اغفر له واعف عنه وتجاوز عنه وارزق أهله وذويه الصبر والسلوان ..

#ابو_مرداع","We belong to Allah and to Him we shall return..
Hearts came together in love for him, so God comforted us all 
Oh God, forgive him, pardon him, forgive him, and grant his family and relatives patience and solace..

#Abu _ Mardaa"
1997742191163404526,alrthaan21,2025-12-07 18:57:09.285000+00:00,"على جال راسي تدور الليالي والظروف 
اما تعنّ خيولها / ولّا تحد سيوفها 

لنفسي احلام ولقلبي مثل غيري شفوف 
وانا بذلت جهْدي كله عشان اشوفها 

يارب ما دامها احلامي على بابك وقوف
ما ضاق صدري لو انْها طوّل و قوفها ..",0,0,0,https://x.com/alrthaan21/status/1997742191163404526,"على جال راسي تدور الليالي والظروف 
اما تعنّ خيولها / ولّا تحد سيوفها 

لنفسي احلام ولقلبي مثل غيري شفوف 
وانا بذلت جهْدي كله عشان اشوفها 

يارب ما دامها احلامي على بابك وقوف
ما ضاق صدري لو انْها طوّل و قوفها ..","على جال راسي تدور الليالي والظروف 
اما تعنّ خيولها / ولّا تحد سيوفها 

لنفسي احلام ولقلبي مثل غيري شفوف 
وانا بذلت جهْدي كله عشان اشوفها 

يارب ما دامها احلامي على بابك وقوف
ما ضاق صدري لو انْها طوّل و قوفها .."
1997289162656133302,alrthaan21,2025-12-06 12:56:58.872000+00:00,"شي غريب اول مره أشوف 
اللاعبين خايفين اكثر من الحارس نفسه 
مدرب فاشل على مستوى وهاقي بنفسه 
المستوى هذا لا يمثل الأزرق 
عيدو ترتيب حساباتكم 

#الكويت_الاردن",0,0,0,https://x.com/alrthaan21/status/1997289162656133302,"شي غريب اول مره أشوف 
اللاعبين خايفين اكثر من الحارس نفسه 
مدرب فاشل على مستوى وهاقي بنفسه 
المستوى هذا لا يمثل الأزرق 
عيدو ترتيب حساباتكم 

#الكويت_الاردن","Something strange for the first time I see 
The players are more afraid than the goalkeeper himself 
A failed coach at the same level as himself 
This level does not represent blue 
Rearrange your accounts 

#Kuwait_Jordan"
1989262155783544846,alrthaan21,2025-11-14 09:20:31.299000+00:00,"﴿ إِنَّ اللَّهَ وَمَلَائِكَتَهُ يُصَلُّونَ عَلَى النَّبِيِّ ۚ 
يَا أَيُّهَا الَّذِينَ آمَنُوا صَلُّوا عَلَيْهِ وَسَلِّمُوا تَسْلِيمًا ﴾ 

#يوم_الجمعة",0,0,0,https://x.com/alrthaan21/status/1989262155783544846,"﴿ إِنَّ اللَّهَ وَمَلَائِكَتَهُ يُصَلُّونَ عَلَى النَّبِيِّ ۚ 
يَا أَيُّهَا الَّذِينَ آمَنُوا صَلُّوا عَلَيْهِ وَسَلِّمُوا تَسْلِيمًا ﴾ 

#يوم_الجمعة","“Indeed, God and His angels send blessings upon the Prophet.” 
O you who have believed, bless him and grant him complete peace. 

#Friday"
1979203346205454709,alrthaan21,2025-10-17 15:10:24.212000+00:00,"بأسم والدي وأعمامي 
أتشرف بدعوتكم لحضور
( حفل زفافي ) 
وذٰلك مساء يوم الثلاثاء الموافق 28 / 10 / 2025
في صالة افراح العارضية - بجانب مدرسة صالح الرويح
- الرجاء إعتبار هذه الدعوة بمثابة دعوة (شخصية)
سائلين الله جل جلاله التوفيق ..
مرحبا وأبرك الساعات و أغلاها ",0,0,0,https://x.com/albrazi_9/status/1979203346205454709,"بأسم والدي وأعمامي 
أتشرف بدعوتكم لحضور
( حفل زفافي ) 
وذٰلك مساء يوم الثلاثاء الموافق 28 / 10 / 2025
في صالة افراح العارضية - بجانب مدرسة صالح الرويح
- الرجاء إعتبار هذه الدعوة بمثابة دعوة (شخصية)
سائلين الله جل جلاله التوفيق ..
مرحبا وأبرك الساعات و أغلاها ","In the name of my father and uncles 
I have the honor to invite you to attend
(my wedding) 
This was on the evening of Tuesday, 10/28/2025
In the Al-Ardiya wedding hall - next to Saleh Al-Ruwaih School
- Please consider this invitation as a (personal) invitation.
We ask God Almighty for success.
Welcome, the most blessed and most expensive watches"
1979112125596332438,alrthaan21,2025-10-17 09:07:55.524000+00:00,"﴿ إِنَّ اللَّهَ وَمَلَائِكَتَهُ يُصَلُّونَ عَلَى النَّبِيِّ ۚ 
يَا أَيُّهَا الَّذِينَ آمَنُوا صَلُّوا عَلَيْهِ وَسَلِّمُوا تَسْلِيمًا ﴾ 

#يوم_الجمعة",0,0,0,https://x.com/alrthaan21/status/1979112125596332438,"﴿ إِنَّ اللَّهَ وَمَلَائِكَتَهُ يُصَلُّونَ عَلَى النَّبِيِّ ۚ 
يَا أَيُّهَا الَّذِينَ آمَنُوا صَلُّوا عَلَيْهِ وَسَلِّمُوا تَسْلِيمًا ﴾ 

#يوم_الجمعة","“Indeed, God and His angels send blessings upon the Prophet.” 
O you who have believed, bless him and grant him complete peace. 

#Friday"
1976589364156317949,alrthaan21,2025-10-10 10:03:22.326000+00:00,"﴿ إِنَّ اللَّهَ وَمَلَائِكَتَهُ يُصَلُّونَ عَلَى النَّبِيِّ ۚ 
يَا أَيُّهَا الَّذِينَ آمَنُوا صَلُّوا عَلَيْهِ وَسَلِّمُوا تَسْلِيمًا ﴾ 

#يوم_الجمعة",0,0,0,https://x.com/alrthaan21/status/1976589364156317949,"﴿ إِنَّ اللَّهَ وَمَلَائِكَتَهُ يُصَلُّونَ عَلَى النَّبِيِّ ۚ 
يَا أَيُّهَا الَّذِينَ آمَنُوا صَلُّوا عَلَيْهِ وَسَلِّمُوا تَسْلِيمًا ﴾ 

#يوم_الجمعة","“Indeed, God and His angels send blessings upon the Prophet.” 
O you who have believed, bless him and grant him complete peace. 

#Friday"
1974040463528145236,alrthaan21,2025-10-03 09:14:57.060000+00:00,"﴿ إِنَّ اللَّهَ وَمَلَائِكَتَهُ يُصَلُّونَ عَلَى النَّبِيِّ ۚ 
يَا أَيُّهَا الَّذِينَ آمَنُوا صَلُّوا عَلَيْهِ وَسَلِّمُوا تَسْلِيمًا ﴾ 

#يوم_الجمعة",0,0,0,https://x.com/alrthaan21/status/1974040463528145236,"﴿ إِنَّ اللَّهَ وَمَلَائِكَتَهُ يُصَلُّونَ عَلَى النَّبِيِّ ۚ 
يَا أَيُّهَا الَّذِينَ آمَنُوا صَلُّوا عَلَيْهِ وَسَلِّمُوا تَسْلِيمًا ﴾ 

#يوم_الجمعة","“Indeed, God and His angels send blessings upon the Prophet.” 
O you who have believed, bless him and grant him complete peace. 

#Friday"
1973850097109905597,alrthaan21,2025-10-02 20:38:30.169000+00:00,"ما يطولوني صغار الهقاوي والظنون 
عالمٍ ماهي بحولي ولاني بحولها ..",0,0,0,https://x.com/alrthaan21/status/1973850097109905597,"ما يطولوني صغار الهقاوي والظنون 
عالمٍ ماهي بحولي ولاني بحولها ..","ما يطولوني صغار الهقاوي والظنون 
عالمٍ ماهي بحولي ولاني بحولها .."
1965485808762454173,alrthaan21,2025-09-09 18:41:48.426000+00:00,"اللهم أجعل هذا البلد امانًا مطمئنا 
سخاء رخاء وسائر بلاد المسملين.

#قطر ",0,0,0,https://x.com/alrthaan21/status/1965485808762454173,"اللهم أجعل هذا البلد امانًا مطمئنا 
سخاء رخاء وسائر بلاد المسملين.

#قطر ","Oh God, make this country safe and reassuring 
The generosity of prosperity and other Muslim countries.

#Qatar"
1958839064062214579,alrthaan21,2025-08-22 10:30:00.999000+00:00,"﷽
 
{إنّ اللهَ وملائكتَهُ يُصَـلُّونَ على النبي
 يا أيها الذين آمنوا صَلُّوا عليه وسلِّمُوا تسليما}",0,0,0,https://x.com/alrthaan21/status/1958839064062214579,"﷽
 
{إنّ اللهَ وملائكتَهُ يُصَـلُّونَ على النبي
 يا أيها الذين آمنوا صَلُّوا عليه وسلِّمُوا تسليما}","﷽
 
{Indeed, God and His angels send blessings upon the Prophet
 O you who have believed, bless him and grant him peace.}"
1956277625611059348,alrthaan21,2025-08-15 08:51:46.483000+00:00,"﷽
 
{إنّ اللهَ وملائكتَهُ يُصَـلُّونَ على النبي
 يا أيها الذين آمنوا صَلُّوا عليه وسلِّمُوا تسليما}",0,0,0,https://x.com/alrthaan21/status/1956277625611059348,"﷽
 
{إنّ اللهَ وملائكتَهُ يُصَـلُّونَ على النبي
 يا أيها الذين آمنوا صَلُّوا عليه وسلِّمُوا تسليما}","﷽
 
{Indeed, God and His angels send blessings upon the Prophet
 O you who have believed, bless him and grant him peace.}"
1953877421410668852,alrthaan21,2025-08-08 17:54:13.208000+00:00,"﷽
 
{إنّ اللهَ وملائكتَهُ يُصَـلُّونَ على النبي
 يا أيها الذين آمنوا صَلُّوا عليه وسلِّمُوا تسليما}",0,0,0,https://x.com/alrthaan21/status/1953877421410668852,"﷽
 
{إنّ اللهَ وملائكتَهُ يُصَـلُّونَ على النبي
 يا أيها الذين آمنوا صَلُّوا عليه وسلِّمُوا تسليما}","﷽
 
{Indeed, God and His angels send blessings upon the Prophet
 O you who have believed, bless him and grant him peace.}"
1952108517621707245,alrthaan21,2025-08-03 20:45:13.680000+00:00,"ياخذ الوقت حقّه من وساع الصدور
لين مشاها على ودٍ ما هو ، ودّها ..",0,0,0,https://x.com/alrthaan21/status/1952108517621707245,"ياخذ الوقت حقّه من وساع الصدور
لين مشاها على ودٍ ما هو ، ودّها ..","Time takes its due time
He walked with her on his friendliness, his friendliness.."
1951212224212598876,alrthaan21,2025-08-01 09:23:40.679000+00:00,"﷽
 
{إنّ اللهَ وملائكتَهُ يُصَـلُّونَ على النبي يا أيها الذين آمنوا صَلُّوا عليه وسلِّمُوا تسليما}
 
#يوم_الجمعة",0,0,0,https://x.com/alrthaan21/status/1951212224212598876,"﷽
 
{إنّ اللهَ وملائكتَهُ يُصَـلُّونَ على النبي يا أيها الذين آمنوا صَلُّوا عليه وسلِّمُوا تسليما}
 
#يوم_الجمعة","﷽
 
{Indeed, God and His angels bless the Prophet, O you who have believed, bless him and grant him peace with complete salutation}
 
#Friday"
1948681513635381756,alrthaan21,2025-07-25 09:47:32.259000+00:00,"﷽ 
﴿إِنَّ اللَّهَ وَمَلائِكَتَهُ يُصَلُونَ عَلَى النَّبيِّ
 يَا أَيُّها الَّذِينَ آمَنُوا صَلُّوا عَلَيْهِ وَسلِّمُوا تَسْلِيمًا﴾

#يوم_الجمعة",0,0,0,https://x.com/alrthaan21/status/1948681513635381756,"﷽ 
﴿إِنَّ اللَّهَ وَمَلائِكَتَهُ يُصَلُونَ عَلَى النَّبيِّ
 يَا أَيُّها الَّذِينَ آمَنُوا صَلُّوا عَلَيْهِ وَسلِّمُوا تَسْلِيمًا﴾

#يوم_الجمعة","﷽ 
“Indeed, God and His angels send blessings upon the Prophet
 O you who have believed, bless him and grant him complete peace.

#Friday"
1948086015207370980,alrthaan21,2025-07-23 18:21:14.370000+00:00,"والله لا أورّدها على كيف مَشهاي
 وسفينتي تجري بكيفي ومَشهاها

ماني من اللي دون الأهداف شكّاي 
بوصل لها ثم أتبجح .. واتعداها",0,0,0,https://x.com/alrthaan21/status/1948086015207370980,"والله لا أورّدها على كيف مَشهاي
 وسفينتي تجري بكيفي ومَشهاها

ماني من اللي دون الأهداف شكّاي 
بوصل لها ثم أتبجح .. واتعداها","By God, I will not repeat it according to how I like it
 And my ship is running according to my condition and direction

I am not one of those who have no goals 
I reach her, then I brag...and cross her"
1943592654672941216,alrthaan21,2025-07-11 08:46:13.736000+00:00,"﴿ إِنَّ اللَّهَ وَمَلَائِكَتَهُ يُصَلُّونَ عَلَى النَّبِيِّ ۚ 
يَا أَيُّهَا الَّذِينَ آمَنُوا صَلُّوا عَلَيْهِ وَسَلِّمُوا تَسْلِيمًا ﴾",0,0,0,https://x.com/alrthaan21/status/1943592654672941216,"﴿ إِنَّ اللَّهَ وَمَلَائِكَتَهُ يُصَلُّونَ عَلَى النَّبِيِّ ۚ 
يَا أَيُّهَا الَّذِينَ آمَنُوا صَلُّوا عَلَيْهِ وَسَلِّمُوا تَسْلِيمًا ﴾","“Indeed, God and His angels send blessings upon the Prophet.” 
O you who have believed, bless him and grant him complete peace."
1939890308822835483,alrthaan21,2025-07-01 03:34:25.699000+00:00,"الزعيييييييييييم 
ولع فيهم ولع .. 

#الهلال_مانشستر_سيتي",0,0,0,https://x.com/alrthaan21/status/1939890308822835483,"الزعيييييييييييم 
ولع فيهم ولع .. 

#الهلال_مانشستر_سيتي","Al-Zaaaaaaaaaaaaaaaaaaaaaaaaaaaaaaaaaaaaaaaaaaaaaaaaaaaaaaaaaaaaaaaaaaaaaaaaaaaaaaaaaaaaaa 
Fondness for them.. 

#Al-Hilal_Manchester_City"
1939884431898234952,alrthaan21,2025-07-01 03:11:04.531000+00:00,"كفوووووو الزعيم لا يهاب الكِباااار .. 

#الهلال_مانشستر_سيتي",0,0,0,https://x.com/alrthaan21/status/1939884431898234952,"كفوووووو الزعيم لا يهاب الكِباااار .. 

#الهلال_مانشستر_سيتي","The leader does not fear the big.. 

#Al-Hilal_Manchester_City"
1939882463284666814,alrthaan21,2025-07-01 03:03:15.177000+00:00,"ياسين بونو يُحارب ي كنق الهلال ' 

#الهلال_مانشستر_سيتي",0,0,0,https://x.com/alrthaan21/status/1939882463284666814,"ياسين بونو يُحارب ي كنق الهلال ' 

#الهلال_مانشستر_سيتي","Yassine Bounou fights against Al Hilal King 

#Al-Hilal_Manchester_City"
1938492328232292397,alrthaan21,2025-06-27 06:59:21.153000+00:00,"﴿ إِنَّ اللَّهَ وَمَلَائِكَتَهُ يُصَلُّونَ عَلَى النَّبِيِّ 
 يَا أَيُّهَا الَّذِينَ آمَنُوا صَلُّوا عَلَيْهِ وَسَلِّمُوا تَسْلِيمًا ﴾ 

#يوم_الجمعة",0,0,0,https://x.com/alrthaan21/status/1938492328232292397,"﴿ إِنَّ اللَّهَ وَمَلَائِكَتَهُ يُصَلُّونَ عَلَى النَّبِيِّ 
 يَا أَيُّهَا الَّذِينَ آمَنُوا صَلُّوا عَلَيْهِ وَسَلِّمُوا تَسْلِيمًا ﴾ 

#يوم_الجمعة","“Indeed, God and His angels send blessings upon the Prophet 
 O you who have believed, bless him and grant him complete peace. 

#Friday"
1937196179684515861,alrthaan21,2025-06-23 17:08:55.258000+00:00,اللهم احفظ دول الخليج قيادةً وشعباً,0,0,0,https://x.com/alrthaan21/status/1937196179684515861,اللهم احفظ دول الخليج قيادةً وشعباً,May God protect the Gulf countries’ leadership and people
1936544643061088368,alrthaan21,2025-06-21 21:59:56.822000+00:00,"اللهُم اني وليتك امري فأعوذ بك من سوء حظي وضيق صدري و فراغ صبري واجعلني يارب ممن نظرت اليه فرحمته وسمعت دعائه فاجبته""",0,0,0,https://x.com/alrthaan21/status/1936544643061088368,"اللهُم اني وليتك امري فأعوذ بك من سوء حظي وضيق صدري و فراغ صبري واجعلني يارب ممن نظرت اليه فرحمته وسمعت دعائه فاجبته""","Oh God, I have entrusted you with my affairs, so I seek refuge in You from my misfortune, the distress of my chest, and the emptiness of my patience, and make me, O Lord, one of those whom you looked at and had mercy on, and heard his supplications and answered him.”"
1936119231403196594,alrthaan21,2025-06-20 17:49:30.779000+00:00,"أنتزعني من يدين الحسـايف و الظنون
أنت بعد الليله الـمظلمه طلعه فجـر ..",0,0,0,https://x.com/alrthaan21/status/1936119231403196594,"أنتزعني من يدين الحسـايف و الظنون
أنت بعد الليله الـمظلمه طلعه فجـر ..","Take me away from the hands of feelings and suspicions
After the dark night comes dawn.."
1935004587385139213,alrthaan21,2025-06-17 16:00:18.936000+00:00,"﴿ رَبِّ أَوْزِعْنِي أَنْ أَشْكُرَ نِعْمَتَك ﴾

الحمدلله الذي بنعمته تتم الصالحات ..

تم بحمدالله وفضله تخرجي من جامعة الإسكندرية كلية طب الأسنان وحصولي على درجة البكالوريوس في تخصص 

""طب وجراحة الفم والأسنان""",0,0,0,https://x.com/M7md_Al3nezi/status/1935004587385139213,"﴿ رَبِّ أَوْزِعْنِي أَنْ أَشْكُرَ نِعْمَتَك ﴾

الحمدلله الذي بنعمته تتم الصالحات ..

تم بحمدالله وفضله تخرجي من جامعة الإسكندرية كلية طب الأسنان وحصولي على درجة البكالوريوس في تخصص 

""طب وجراحة الفم والأسنان""","“My Lord, enable me to be grateful for Your blessings.”

Praise be to God, by whose grace good deeds are accomplished.

By the grace and grace of God, I graduated from Alexandria University, Faculty of Dentistry, and obtained a bachelor’s degree in the specialty 

""Oral and dental surgery"""
1933456657758978211,alrthaan21,2025-06-13 09:29:23.754000+00:00,"﴿ إِنَّ اللَّهَ وَمَلَائِكَتَهُ يُصَلُّونَ عَلَى النَّبِيِّ 
 يَا أَيُّهَا الَّذِينَ آمَنُوا صَلُّوا عَلَيْهِ وَسَلِّمُوا تَسْلِيمًا ﴾ 

#يوم_الجمعة",0,0,0,https://x.com/alrthaan21/status/1933456657758978211,"﴿ إِنَّ اللَّهَ وَمَلَائِكَتَهُ يُصَلُّونَ عَلَى النَّبِيِّ 
 يَا أَيُّهَا الَّذِينَ آمَنُوا صَلُّوا عَلَيْهِ وَسَلِّمُوا تَسْلِيمًا ﴾ 

#يوم_الجمعة","“Indeed, God and His angels send blessings upon the Prophet 
 O you who have believed, bless him and grant him complete peace. 

#Friday"
1933456335959388413,alrthaan21,2025-06-13 09:28:07.031000+00:00,﴿ ربِّ اجعَل هَذا البَلَدَ آمِناً مُطْمَئِناً ﴾,0,0,0,https://x.com/alrthaan21/status/1933456335959388413,﴿ ربِّ اجعَل هَذا البَلَدَ آمِناً مُطْمَئِناً ﴾,"“My Lord, make this country safe and secure.”"
1930829106360287284,alrthaan21,2025-06-06 03:28:26.683000+00:00,"عـيـدكـم مـبـارك  
وكل عام وأنتم بخير  

وتقبل الله طاعتكم.",0,0,0,https://x.com/alrthaan21/status/1930829106360287284,"عـيـدكـم مـبـارك  
وكل عام وأنتم بخير  

وتقبل الله طاعتكم.","Eid Mubarak  
Happy new year  

May God accept your obedience."
1930645218614755525,alrthaan21,2025-06-05 15:17:44.428000+00:00,#يوم_عرفه,0,0,0,https://x.com/alrthaan21/status/1930645218614755525,#يوم_عرفه,#ArafahDay
1925125723691393130,alrthaan21,2025-05-21 09:45:14.291000+00:00,"اللهمَّ إني أحسنتُ بكَ الظَّن فاجبُرني ، ربي لا تدع لي أمراً إلا يسرته ولا حلماً إلا حققته ، ربي أنِر بصيرتي، وأرضني بقدري، وأحيني وأمتني مقبولًا مستوراً""",0,0,0,https://x.com/alrthaan21/status/1925125723691393130,"اللهمَّ إني أحسنتُ بكَ الظَّن فاجبُرني ، ربي لا تدع لي أمراً إلا يسرته ولا حلماً إلا حققته ، ربي أنِر بصيرتي، وأرضني بقدري، وأحيني وأمتني مقبولًا مستوراً""","Oh God, I have thought well of You, so help me. My Lord, do not leave for me a matter without making it easy, nor a dream without achieving it. My Lord, enlighten my insight, satisfy me with my destiny, and give me life and cause me to die, accepted and hidden.”"
1925083823236129066,alrthaan21,2025-05-21 06:58:44.444000+00:00,"اللهم إني أتبرأ إليك من حولي وقوتي وتدبيري
وألتجئ إلي حولك وقوتك وتدبيرك فأنصرني
 ولا تنصر عليّ وأعني ولا تعن عليّ
وأمكر لي ولا تمكر عليّ وأهدني ويسّر الهدى إليّ",0,0,0,https://x.com/alrthaan21/status/1925083823236129066,"اللهم إني أتبرأ إليك من حولي وقوتي وتدبيري
وألتجئ إلي حولك وقوتك وتدبيرك فأنصرني
 ولا تنصر عليّ وأعني ولا تعن عليّ
وأمكر لي ولا تمكر عليّ وأهدني ويسّر الهدى إليّ","Oh God, I disavow to You those around me, my strength, and my management
I seek refuge in You, Your strength and Your management, so grant me victory
 And do not support me, and do not support me
And plot against me and do not plot against me, and guide me and facilitate guidance for me"
1923281509189898284,alrthaan21,2025-05-16 07:36:59.290000+00:00,"﷽
 
{إنّ اللهَ وملائكتَهُ يُصَـلُّونَ على النبي
 يا أيها الذين آمنوا صَلُّوا عليه وسلِّمُوا تسليما}
 
#يوم_الجمعة",0,0,0,https://x.com/alrthaan21/status/1923281509189898284,"﷽
 
{إنّ اللهَ وملائكتَهُ يُصَـلُّونَ على النبي
 يا أيها الذين آمنوا صَلُّوا عليه وسلِّمُوا تسليما}
 
#يوم_الجمعة","﷽
 
{Indeed, God and His angels send blessings upon the Prophet
 O you who have believed, bless him and grant him peace.}
 
#Friday"
1923137318308769986,alrthaan21,2025-05-15 22:04:01.505000+00:00,"يا حيّ يا قيّوم برحمتك استغيث، أصلح لي 
شأني كلّه ولا تكلني إلى نفسي طرفة عينْ",0,0,0,https://x.com/alrthaan21/status/1923137318308769986,"يا حيّ يا قيّوم برحمتك استغيث، أصلح لي 
شأني كلّه ولا تكلني إلى نفسي طرفة عينْ","O Ever-Living, O Ever-Living, by Your mercy, I seek help. Reconcile me 
It's all my business, and do not leave me to myself for even the blink of an eye"
1906030770663088537,alrthaan21,2025-03-29 17:08:42.722000+00:00,اللهم لاتجعله اخر عهدنا بشهرك الكريم فإن جعلته فاجعلنا مرحومين ولاتجعلنا محرومين ربنا لافاقدين ولا مفقودين بعد عمر طويل .. ربنا ان قصرنا فأنك أنت الغفور الرحيم .. ربنا اختمه لنا وانت راض عنا وغافر لذنبنا وعاتق لرقابنا من النار يارب العالمين.,0,0,0,https://x.com/alrthaan21/status/1906030770663088537,اللهم لاتجعله اخر عهدنا بشهرك الكريم فإن جعلته فاجعلنا مرحومين ولاتجعلنا محرومين ربنا لافاقدين ولا مفقودين بعد عمر طويل .. ربنا ان قصرنا فأنك أنت الغفور الرحيم .. ربنا اختمه لنا وانت راض عنا وغافر لذنبنا وعاتق لرقابنا من النار يارب العالمين.,"Oh God, do not make it our last covenant with your noble month. If you make it, then make us merciful and do not make us deprived. Our Lord, we will neither be lost nor lost after a long life. Our Lord, if we fall short, then You are the Forgiving, the Merciful. Our Lord, seal it for us and you are satisfied with us and forgive our sins and free our necks from the Fire, O Lord of the Worlds."
1905009517777018978,alrthaan21,2025-03-26 21:30:37.060000+00:00,"اللهم بلغنا ليلة القدر 
اللهم انك عفو تحب العفو فاعفُ عنا
اللهم اجعلنا ووالدينا من عتقائك من النار

#ليلة_القدر",0,0,0,https://x.com/alrthaan21/status/1905009517777018978,"اللهم بلغنا ليلة القدر 
اللهم انك عفو تحب العفو فاعفُ عنا
اللهم اجعلنا ووالدينا من عتقائك من النار

#ليلة_القدر","Oh God, let us reach the Night of Decree 
O God, You are the Pardoner and You love to forgive, so forgive us
Oh God, make us and our parents free from Hell

#Night_of_Qadr"
1905007605078003926,alrthaan21,2025-03-26 21:23:01.037000+00:00,اللَّهُمَّ إِنَّكَ عُفُوٌّ تُحِبُّ الْعَفْوَ فَاعْفُ عَنِّا.,0,0,0,https://x.com/alrthaan21/status/1905007605078003926,اللَّهُمَّ إِنَّكَ عُفُوٌّ تُحِبُّ الْعَفْوَ فَاعْفُ عَنِّا.,"O God, You are the Pardoner and You love to pardon, so forgive us."
1904331465896120710,alrthaan21,2025-03-25 00:36:16.894000+00:00,"""إلهي أغث قلبي بغيثٍ ورحمةٍ
ويا ربُّ وفِّقني فإني أحاولُ.""",0,0,0,https://x.com/alrthaan21/status/1904331465896120710,"""إلهي أغث قلبي بغيثٍ ورحمةٍ
ويا ربُّ وفِّقني فإني أحاولُ.""","“My God, provide my heart with relief and mercy
O Lord, grant me success, for I am trying.”"
1904195652629791076,alrthaan21,2025-03-24 15:36:36.488000+00:00,"بأسم آبائي أطال الله بأعمارهم
أتشرف بـدعـوتـكـم 
( لحضور حـفـل زفـاف )
اخواني ( طلال & الوليد )

وذلك مساء يوم الخميس
3/4/2025.  
في صالة ( الرقعي  )  - مقابل الدايري الخامس
""

الرجاء اعتبار هذه الدعوة شخصية 

مرحبا ومسهلا - حضوركم يشرفنا ويسعدنا
#افراح_الوسمي  #بن_مثقاب",0,0,0,https://x.com/faeaiz/status/1904195652629791076,"بأسم آبائي أطال الله بأعمارهم
أتشرف بـدعـوتـكـم 
( لحضور حـفـل زفـاف )
اخواني ( طلال & الوليد )

وذلك مساء يوم الخميس
3/4/2025.  
في صالة ( الرقعي  )  - مقابل الدايري الخامس
""

الرجاء اعتبار هذه الدعوة شخصية 

مرحبا ومسهلا - حضوركم يشرفنا ويسعدنا
#افراح_الوسمي  #بن_مثقاب","In the name of my fathers, may God prolong their lives
I am honored to invite you 
(to attend a wedding)
My brothers (Talal & Alwaleed)

That was Thursday evening
3/4/2025.  
In Al-Raqi Hall - opposite the Fifth Dairy
""

Please consider this invitation personal 

Hello and welcome - we are honored and pleased by your presence
#Afrah_Al-Wasmi #Bin_Mithqab"
1902996384929796394,alrthaan21,2025-03-21 08:11:08.787000+00:00,"﷽
 
{إنّ اللهَ وملائكتَهُ يُصَـلُّونَ على النبي يا أيها الذين آمنوا صَلُّوا عليه وسلِّمُوا تسليما}
 
#يوم_الجمعة",0,0,0,https://x.com/alrthaan21/status/1902996384929796394,"﷽
 
{إنّ اللهَ وملائكتَهُ يُصَـلُّونَ على النبي يا أيها الذين آمنوا صَلُّوا عليه وسلِّمُوا تسليما}
 
#يوم_الجمعة","﷽
 
{Indeed, God and His angels bless the Prophet, O you who have believed, bless him and grant him peace with complete salutation}
 
#Friday"
1902538194970693737,alrthaan21,2025-03-20 01:50:27.788000+00:00,"﴿ وَلَيَالٍ عَشْرٍ ﴾ 

اللهم بلغنا ليلة القدر واجعلنا 
ممن تغيرت أقدارهم للأفضل ..",0,0,0,https://x.com/alrthaan21/status/1902538194970693737,"﴿ وَلَيَالٍ عَشْرٍ ﴾ 

اللهم بلغنا ليلة القدر واجعلنا 
ممن تغيرت أقدارهم للأفضل ..","And ten nights 

Oh God, let us reach the Night of Destiny and make us 
Those whose fates have changed for the better."
1692440372872450118,alrthaan21,2023-08-18 07:36:43.571000+00:00,"﷽ 
 
{ إن الله وملا ئكته يصلون على النبي ياأيهاالذين *آمنوا*صلواعليه وسلموا تسليما } 

.
᷂اللَّهُــمَّ ᷂صَلِّ ᷂وَسَـــلِّمْ ᷂وَبَارِك ᷂على ᷂نَبِيِّنَـــا ᷂مُحمَّد",0,0,0,https://x.com/_Mutairi965/status/1692440372872450118,"﷽ 
 
{ إن الله وملا ئكته يصلون على النبي ياأيهاالذين *آمنوا*صلواعليه وسلموا تسليما } 

.
᷂اللَّهُــمَّ ᷂صَلِّ ᷂وَسَـــلِّمْ ᷂وَبَارِك ᷂على ᷂نَبِيِّنَـــا ᷂مُحمَّد","﷽ 
 
{Indeed, God and His angels send blessings upon the Prophet. O you who *believe*, pray upon him and grant him complete peace.} 

.
᷂ O God, bless ᷂ and grant peace ᷂ and bless ᷂ our Prophet ᷂ Muhammad"
1897298774818770945,alrthaan21,2025-03-05 14:50:52.680000+00:00,اللهم إنك عفوٌ كريم تُحِبَ العفو فَ أعفُ عنّا .,0,0,0,https://x.com/alrthaan21/status/1897298774818770945,اللهم إنك عفوٌ كريم تُحِبَ العفو فَ أعفُ عنّا .,"O God, You are Most Pardoning and Most Merciful. You love forgiveness, so forgive us."
1895897836933562544,alrthaan21,2025-03-01 18:04:03.060000+00:00,"﴿ أَيَّامًا مَّعْدُودَاتٍ ﴾
اللهُم اجعل أجورنا بها لا تُعد ، ودعواتنا لا تُرد.",0,0,0,https://x.com/alrthaan21/status/1895897836933562544,"﴿ أَيَّامًا مَّعْدُودَاتٍ ﴾
اللهُم اجعل أجورنا بها لا تُعد ، ودعواتنا لا تُرد.","“A number of days”
Oh God, make our rewards countless, and our prayers never be rejected."
1895501682806763556,alrthaan21,2025-02-28 15:49:52.556000+00:00,#مبارك_عليكم_الشهر  ,0,0,0,https://x.com/alrthaan21/status/1895501682806763556,#مبارك_عليكم_الشهر  ,#Blessed_the_month
1894757364399559115,alrthaan21,2025-02-26 14:32:13.219000+00:00,"دُمتِ يآ بلادي رَمزاً للفخرِِِ و المجد 

#العيد_الوطني_الكويتي",0,0,0,https://x.com/alrthaan21/status/1894757364399559115,"دُمتِ يآ بلادي رَمزاً للفخرِِِ و المجد 

#العيد_الوطني_الكويتي","May you always, my country, be a symbol of pride and glory 

#Kuwaiti_National_Day"
1891521222493544938,alrthaan21,2025-02-17 16:12:56.864000+00:00,"بعد التوكل على الله 
تم تحديد حفل زفافي 

بمشيئة الله يوم الثلاثاء 
الموافق 28-10-2025 

 اسأل الله التوفيق لي ولكم",0,0,0,https://x.com/albrazi_9/status/1891521222493544938,"بعد التوكل على الله 
تم تحديد حفل زفافي 

بمشيئة الله يوم الثلاثاء 
الموافق 28-10-2025 

 اسأل الله التوفيق لي ولكم","After trusting in God 
My wedding is scheduled 

God willing, on Tuesday 
Corresponding to 10-28-2025 

 I ask God for success for me and you"
1890306176228765987,alrthaan21,2025-02-14 07:44:47.260000+00:00,"﷽
 
{إنّ اللهَ وملائكتَهُ يُصَـلُّونَ على النبي 
يا أيها الذين آمنوا صَلُّوا عليه وسلِّمُوا تسليما}
 
#يوم_الجمعة",0,0,0,https://x.com/alrthaan21/status/1890306176228765987,"﷽
 
{إنّ اللهَ وملائكتَهُ يُصَـلُّونَ على النبي 
يا أيها الذين آمنوا صَلُّوا عليه وسلِّمُوا تسليما}
 
#يوم_الجمعة","﷽
 
{Indeed, God and His angels send blessings upon the Prophet 
O you who have believed, bless him and grant him peace.}
 
#Friday"
1885385008262582342,alrthaan21,2025-01-31 17:49:49.386000+00:00,"فــي ظــلّ والــدي واعمامي 

أتشرف بدعوتكم لحضور 
حفل ( زفــافـــي انا واخي ) 
وذلك مساء يوم الخميس
الموافق 6 / 2 / 2025 
في قاعة الراية - خلف مرور الجهراء  

مرحبا ومسهلا بالجميع
maps.app.goo.gl/PR4vzum1GdQBbD
…",0,0,0,https://x.com/alrthaan21/status/1885385008262582342,"فــي ظــلّ والــدي واعمامي 

أتشرف بدعوتكم لحضور 
حفل ( زفــافـــي انا واخي ) 
وذلك مساء يوم الخميس
الموافق 6 / 2 / 2025 
في قاعة الراية - خلف مرور الجهراء  

مرحبا ومسهلا بالجميع
maps.app.goo.gl/PR4vzum1GdQBbD
…","In the shadow of my father and uncles 

I have the honor to invite you to attend 
Party (me and my brother's wedding) 
That was Thursday evening
Corresponding to 2/6/2025 
In Al-Raya Hall - behind Al-Jahra Traffic  

Hello and welcome everyone
maps.app.goo.gl/PR4vzum1GdQBbD
…"
1888212017095299348,alrthaan21,2025-02-08 13:03:20.815000+00:00,"الله يبارك فيكم جميعاً ويجزاكم خير 
ولاهنتو يالغاليين ",0,0,0,https://x.com/alrthaan21/status/1888212017095299348,"الله يبارك فيكم جميعاً ويجزاكم خير 
ولاهنتو يالغاليين ","May God bless you all and reward you well 
Don't be insulted, dear ones"
1887595696649375940,alrthaan21,2025-02-06 20:14:18.570000+00:00,"شكراً  من لقلب لكل 
من حضر وشاركنا حفلنا ",0,0,0,https://x.com/alrthaan21/status/1887595696649375940,"شكراً  من لقلب لكل 
من حضر وشاركنا حفلنا ","Thank you from the bottom of my heart to everyone 
Who attended and participated in our ceremony?"
1885428996747243636,alrthaan21,2025-01-31 20:44:37.058000+00:00,"في ظلّ والدي وأعمامي - أطال الله في اعمارهم 
أتشرف بدعوتكم 
لحضور حفل زفاف اخواني 
 "" فيصل كميخ ، بندر كميخ "" 
وذلك مساء يوم الخميس

الموافق 6 / 2 / 2025 

في قاعة الرايه خلف مرور الجهراء 

مرحبا ومية هلا بكل طيب وغالي 
حضوركم يشرّفنا ..",0,0,0,https://x.com/7ellt/status/1885428996747243636,"في ظلّ والدي وأعمامي - أطال الله في اعمارهم 
أتشرف بدعوتكم 
لحضور حفل زفاف اخواني 
 "" فيصل كميخ ، بندر كميخ "" 
وذلك مساء يوم الخميس

الموافق 6 / 2 / 2025 

في قاعة الرايه خلف مرور الجهراء 

مرحبا ومية هلا بكل طيب وغالي 
حضوركم يشرّفنا ..","In the shadow of my father and uncles - may God prolong their lives 
I am honored to invite you 
To attend my brothers wedding 
 ""Faisal Kamikh, Bandar Kamikh"" 
That was Thursday evening

Corresponding to 2/6/2025 

In Al-Raya Hall, behind Al-Jahra Traffic 

Hello and welcome, all the best and dearest 
Your presence honors us.."
1882707102759854210,alrthaan21,2025-01-24 08:28:46.961000+00:00,"﷽
 
{إنّ اللهَ وملائكتَهُ يُصَـلُّونَ على النبي
 يا أيها الذين آمنوا صَلُّوا عليه وسلِّمُوا تسليما}
 
#يوم_الجمعة",0,0,0,https://x.com/alrthaan21/status/1882707102759854210,"﷽
 
{إنّ اللهَ وملائكتَهُ يُصَـلُّونَ على النبي
 يا أيها الذين آمنوا صَلُّوا عليه وسلِّمُوا تسليما}
 
#يوم_الجمعة","﷽
 
{Indeed, God and His angels send blessings upon the Prophet
 O you who have believed, bless him and grant him peace.}
 
#Friday"
1877623778622030141,alrthaan21,2025-01-10 07:49:28.043000+00:00,"﷽
 
{إنّ اللهَ وملائكتَهُ يُصَـلُّونَ على النبي
 يا أيها الذين آمنوا صَلُّوا عليه وسلِّمُوا تسليما}
 
#يوم_الجمعة",0,0,0,https://x.com/alrthaan21/status/1877623778622030141,"﷽
 
{إنّ اللهَ وملائكتَهُ يُصَـلُّونَ على النبي
 يا أيها الذين آمنوا صَلُّوا عليه وسلِّمُوا تسليما}
 
#يوم_الجمعة","﷽
 
{Indeed, God and His angels send blessings upon the Prophet
 O you who have believed, bless him and grant him peace.}
 
#Friday"
1870522453161922776,alrthaan21,2024-12-21 17:31:20.117000+00:00,"إفتتاح رائع ومختصر وإبداع منقطع النظير 
#الكويت تفوقت على نفسها وألجمت
 كل من شكك في قدراتها 
#خليجي_26 
#خليجي_زين26",0,0,0,https://x.com/alrthaan21/status/1870522453161922776,"إفتتاح رائع ومختصر وإبداع منقطع النظير 
#الكويت تفوقت على نفسها وألجمت
 كل من شكك في قدراتها 
#خليجي_26 
#خليجي_زين26","A wonderful, concise opening with unparalleled creativity 
#Kuwait outdid itself and bridled
 Everyone doubted her abilities 
#Gulf_26 
#Gulf_Zain26"
1867516565404758411,alrthaan21,2024-12-13 10:27:00.629000+00:00,"﴿ إِنَّ اللَّهَ وَمَلَائِكَتَهُ يُصَلُّونَ عَلَى النَّبِيِّ ۚ 
يَا أَيُّهَا الَّذِينَ آمَنُوا صَلُّوا عَلَيْهِ وَسَلِّمُوا تَسْلِيمًا ﴾",0,0,0,https://x.com/alrthaan21/status/1867516565404758411,"﴿ إِنَّ اللَّهَ وَمَلَائِكَتَهُ يُصَلُّونَ عَلَى النَّبِيِّ ۚ 
يَا أَيُّهَا الَّذِينَ آمَنُوا صَلُّوا عَلَيْهِ وَسَلِّمُوا تَسْلِيمًا ﴾","“Indeed, God and His angels send blessings upon the Prophet.” 
O you who have believed, bless him and grant him complete peace."
1860778270192464129,alrthaan21,2024-11-24 20:11:25.859000+00:00,"#راشد_كميخ_المطيري
﴿ وَاذْكُر ربك إِذَا نَسِيتَ﴾
- سُبحان الله.
- الحمدلله.
- الله أكبّر.
- أستغفر الله.
- لا اله الا الله .",0,0,0,https://x.com/YKR164/status/1860778270192464129,"#راشد_كميخ_المطيري
﴿ وَاذْكُر ربك إِذَا نَسِيتَ﴾
- سُبحان الله.
- الحمدلله.
- الله أكبّر.
- أستغفر الله.
- لا اله الا الله .","#Rashed_Kamikh_Almutairi
“And remember your Lord when you forget”
- Glory be to God.
- Thank God.
- God is great.
- I ask God for forgiveness.
- There is no god but Allah."
1859711714398437449,alrthaan21,2024-11-21 21:33:19.142000+00:00,"#راشد_كميخ_المطيري

اللهمّ أعذ جدي من عذاب القبر، وجفاف الأرض عن جنبيها.
اللهمّ املأ قبره بالرّضا، والنّور، والفسحة، والسّرور.
اللهم ارحم جدي رحمةً تسع السماوات والارض اللهم اجعل قبره في نور دائم لا ينقطع واجعله في جنتك آمنًا مطمئنًا يارب العالمين.",0,0,0,https://x.com/YKR164/status/1859711714398437449,"#راشد_كميخ_المطيري

اللهمّ أعذ جدي من عذاب القبر، وجفاف الأرض عن جنبيها.
اللهمّ املأ قبره بالرّضا، والنّور، والفسحة، والسّرور.
اللهم ارحم جدي رحمةً تسع السماوات والارض اللهم اجعل قبره في نور دائم لا ينقطع واجعله في جنتك آمنًا مطمئنًا يارب العالمين.","#Rashed_Kamikh_Almutairi

Oh God, protect my grandfather from the torment of the grave, and the dryness of the earth from its sides.
Oh God, fill his grave with contentment, light, spaciousness, and pleasure.
Oh God, have mercy on my grandfather with a mercy that extends to the heavens and the earth. Oh God, make his grave in constant, uninterrupted light, and make him safe and reassured in your paradise, Lord of the worlds."
1858960079321788927,alrthaan21,2024-11-19 19:46:35.375000+00:00,"دحآااااااااام ي مرجله 

#الكويت_الاردن",0,0,0,https://x.com/alrthaan21/status/1858960079321788927,"دحآااااااااام ي مرجله 

#الكويت_الاردن","Damn, my cauldron 

#Kuwait_Jordan"
1857396349357977707,alrthaan21,2024-11-15 12:12:53.099000+00:00,"﴿ إِنَّ اللَّهَ وَمَلَائِكَتَهُ يُصَلُّونَ عَلَى النَّبِيِّ ۚ 
يَا أَيُّهَا الَّذِينَ آمَنُوا صَلُّوا عَلَيْهِ وَسَلِّمُوا تَسْلِيمًا ﴾ 

#يوم_الجمعة",0,0,0,https://x.com/alrthaan21/status/1857396349357977707,"﴿ إِنَّ اللَّهَ وَمَلَائِكَتَهُ يُصَلُّونَ عَلَى النَّبِيِّ ۚ 
يَا أَيُّهَا الَّذِينَ آمَنُوا صَلُّوا عَلَيْهِ وَسَلِّمُوا تَسْلِيمًا ﴾ 

#يوم_الجمعة","“Indeed, God and His angels send blessings upon the Prophet.” 
O you who have believed, bless him and grant him complete peace. 

#Friday"
1856863263083893105,alrthaan21,2024-11-14 00:54:35.427000+00:00,بسم الله الرحمن الرحيم اللهم إني نويت بهذا الحساب خيرا  وأجراً لـ عبدك تحت أرضك #راشد_كميخ_المطيري ، اللهم أعنّي على أن لا يتوقف هذا الأجر .,0,0,0,https://x.com/YKR164/status/1856863263083893105,بسم الله الرحمن الرحيم اللهم إني نويت بهذا الحساب خيرا  وأجراً لـ عبدك تحت أرضك #راشد_كميخ_المطيري ، اللهم أعنّي على أن لا يتوقف هذا الأجر .,"In the name of God, the Most Gracious, the Most Merciful. Oh God, I intend this account to be good and a reward for your servant under your land #Rashid_Kamikh_Almutairi. Oh God, help me so that this reward does not stop."
1854870679235051829,alrthaan21,2024-11-08 12:56:46.417000+00:00,"﴿ إِنَّ اللَّهَ وَمَلَائِكَتَهُ يُصَلُّونَ عَلَى النَّبِيِّ ۚ 
يَا أَيُّهَا الَّذِينَ آمَنُوا صَلُّوا عَلَيْهِ وَسَلِّمُوا تَسْلِيمًا ﴾ 

#يوم_الجمعة",0,0,0,https://x.com/alrthaan21/status/1854870679235051829,"﴿ إِنَّ اللَّهَ وَمَلَائِكَتَهُ يُصَلُّونَ عَلَى النَّبِيِّ ۚ 
يَا أَيُّهَا الَّذِينَ آمَنُوا صَلُّوا عَلَيْهِ وَسَلِّمُوا تَسْلِيمًا ﴾ 

#يوم_الجمعة","“Indeed, God and His angels send blessings upon the Prophet.” 
O you who have believed, bless him and grant him complete peace. 

#Friday"
1852283396325527587,alrthaan21,2024-11-01 09:35:50.102000+00:00,"﴿ إِنَّ اللَّهَ وَمَلَائِكَتَهُ يُصَلُّونَ عَلَى النَّبِيِّ
 ۚ يَا أَيُّهَا الَّذِينَ آمَنُوا صَلُّوا عَلَيْهِ وَسَلِّمُوا تَسْلِيمًا ﴾ 

#يوم_الجمعة",0,0,0,https://x.com/alrthaan21/status/1852283396325527587,"﴿ إِنَّ اللَّهَ وَمَلَائِكَتَهُ يُصَلُّونَ عَلَى النَّبِيِّ
 ۚ يَا أَيُّهَا الَّذِينَ آمَنُوا صَلُّوا عَلَيْهِ وَسَلِّمُوا تَسْلِيمًا ﴾ 

#يوم_الجمعة","“Indeed, God and His angels send blessings upon the Prophet
 ۚ O you who have believed, bless him and grant him complete peace. 

#Friday"
1850978273443876960,alrthaan21,2024-10-28 19:09:44.559000+00:00,"""بعد التوكل على الله ""
     تغيير موعد حفل زفاف

فيصل كميخ بن راشد رثعان العبيوي 
بندر كميخ بن راشد رثعان العبيوي 

            إلى

مساء يوم الخميس 
الموافق [6/2/2025]",0,0,0,https://x.com/alrthaan21/status/1850978273443876960,"""بعد التوكل على الله ""
     تغيير موعد حفل زفاف

فيصل كميخ بن راشد رثعان العبيوي 
بندر كميخ بن راشد رثعان العبيوي 

            إلى

مساء يوم الخميس 
الموافق [6/2/2025]","“After trusting in God”
     Changing the date of a wedding

Faisal Kamikh bin Rashid Rathaan Al-Ubawi 
Bandar Kamikh bin Rashid Rathaan Al-Ubawi 

            To

Thursday evening 
Corresponding to [6/2/2025]"
1851047886949175672,alrthaan21,2024-10-28 23:46:21.712000+00:00,الله يبارك ب عماركم ويجزاكم خير ,0,0,0,https://x.com/alrthaan21/status/1851047886949175672,الله يبارك ب عماركم ويجزاكم خير ,May God bless your life and reward you well
1849761061588566204,alrthaan21,2024-10-25 10:32:58.638000+00:00,"﷽

 ﴿إِنَّ اللَّهَ وَمَلَائِكَتَهُ يُصَلُّونَ عَلَى النَّبِيِّ 
يَا أَيُّهَا الَّذِينَ آَمَنُوا صَلُّوا عَلَيْهِ وَسَلِّمُوا تَسْلِيمًا﴾""

#يوم_Iلجمعه",0,0,0,https://x.com/alrthaan21/status/1849761061588566204,"﷽

 ﴿إِنَّ اللَّهَ وَمَلَائِكَتَهُ يُصَلُّونَ عَلَى النَّبِيِّ 
يَا أَيُّهَا الَّذِينَ آَمَنُوا صَلُّوا عَلَيْهِ وَسَلِّمُوا تَسْلِيمًا﴾""

#يوم_Iلجمعه","﷽

 “Indeed, God and His angels send blessings upon the Prophet 
O you who have believed, bless him and grant him complete peace.

#IdayFriday"
1848738338737426794,alrthaan21,2024-10-22 14:49:02.509000+00:00,"وَمِنْ آيَاتِهِ أَنْ خَلَقَ لَكُم مِّنْ أَنفُسِكُمْ أَزْوَاجًا ﴾

الحمدالله الذي بنعمته تتم الصالحات
تم بحمد الله وفضله ""عقد قراني""
سائلاً المولى عز وجل التوفيق لي ولكم",0,0,0,https://x.com/albrazi_9/status/1848738338737426794,"وَمِنْ آيَاتِهِ أَنْ خَلَقَ لَكُم مِّنْ أَنفُسِكُمْ أَزْوَاجًا ﴾

الحمدالله الذي بنعمته تتم الصالحات
تم بحمد الله وفضله ""عقد قراني""
سائلاً المولى عز وجل التوفيق لي ولكم","And among His signs is that He created for you mates from among yourselves.

Praise be to God, by whose grace good deeds are accomplished
By the grace and grace of God, my marriage contract was completed.
Asking God Almighty for success for me and you"
1844746035366658153,alrthaan21,2024-10-11 14:25:03.212000+00:00,"﷽

 ﴿إِنَّ اللَّهَ وَمَلَائِكَتَهُ يُصَلُّونَ عَلَى النَّبِيِّ 
يَا أَيُّهَا الَّذِينَ آَمَنُوا صَلُّوا عَلَيْهِ وَسَلِّمُوا تَسْلِيمًا﴾""",0,0,0,https://x.com/alrthaan21/status/1844746035366658153,"﷽

 ﴿إِنَّ اللَّهَ وَمَلَائِكَتَهُ يُصَلُّونَ عَلَى النَّبِيِّ 
يَا أَيُّهَا الَّذِينَ آَمَنُوا صَلُّوا عَلَيْهِ وَسَلِّمُوا تَسْلِيمًا﴾""","﷽

 “Indeed, God and His angels send blessings upon the Prophet 
O you who have believed, bless him and grant him complete peace."
1844642442823291078,alrthaan21,2024-10-11 07:33:24.825000+00:00,"﷽

 ﴿إِنَّ اللَّهَ وَمَلَائِكَتَهُ يُصَلُّونَ عَلَى النَّبِيِّ يَا أَيُّهَا الَّذِينَ آَمَنُوا صَلُّوا عَلَيْهِ وَسَلِّمُوا تَسْلِيمًا﴾""",0,0,0,https://x.com/_Mutairi965/status/1844642442823291078,"﷽

 ﴿إِنَّ اللَّهَ وَمَلَائِكَتَهُ يُصَلُّونَ عَلَى النَّبِيِّ يَا أَيُّهَا الَّذِينَ آَمَنُوا صَلُّوا عَلَيْهِ وَسَلِّمُوا تَسْلِيمًا﴾""","﷽

 “Indeed, God and His angels send blessings upon the Prophet. O you who have believed, bless him and grant him peace with complete peace.”"
1840988407666794505,alrthaan21,2024-10-01 05:33:34.955000+00:00,أصبحنا و أصبح الملك لله وحده ..,0,0,0,https://x.com/alrthaan21/status/1840988407666794505,أصبحنا و أصبح الملك لله وحده ..,We have become the kingdom of God alone.
1837084285687288127,alrthaan21,2024-09-20 10:59:59.740000+00:00,"﷽
 
{إنّ اللهَ وملائكتَهُ يُصَـلُّونَ على النبي يا أيها الذين آمنوا صَلُّوا عليه وسلِّمُوا تسليما}
 
#يوم_الجمعة",0,0,0,https://x.com/alrthaan21/status/1837084285687288127,"﷽
 
{إنّ اللهَ وملائكتَهُ يُصَـلُّونَ على النبي يا أيها الذين آمنوا صَلُّوا عليه وسلِّمُوا تسليما}
 
#يوم_الجمعة","﷽
 
{Indeed, God and His angels bless the Prophet, O you who have believed, bless him and grant him peace with complete salutation}
 
#Friday"
1834504481079271527,alrthaan21,2024-09-13 08:08:46.391000+00:00,"﷽
 
{إنّ اللهَ وملائكتَهُ يُصَـلُّونَ على النبي يا أيها الذين آمنوا صَلُّوا عليه وسلِّمُوا تسليما}
 
#يوم_الجمعة",0,0,0,https://x.com/alrthaan21/status/1834504481079271527,"﷽
 
{إنّ اللهَ وملائكتَهُ يُصَـلُّونَ على النبي يا أيها الذين آمنوا صَلُّوا عليه وسلِّمُوا تسليما}
 
#يوم_الجمعة","﷽
 
{Indeed, God and His angels bless the Prophet, O you who have believed, bless him and grant him peace with complete salutation}
 
#Friday"
1833215640506929549,alrthaan21,2024-09-09 18:47:22.853000+00:00,"بعد التوكل على الله عز وجل
    تم تحديد حفل زفافنا
   وذلك مساء يوم السبت الموافق
      (26/04/2025)

فيصل كميخ بن راشد رثعان العبيوي
بندر كميخ بن راشد رثعان العبيوي

اسال الله التوفيق لنا ولكم",0,0,0,https://x.com/alrthaan21/status/1833215640506929549,"بعد التوكل على الله عز وجل
    تم تحديد حفل زفافنا
   وذلك مساء يوم السبت الموافق
      (26/04/2025)

فيصل كميخ بن راشد رثعان العبيوي
بندر كميخ بن راشد رثعان العبيوي

اسال الله التوفيق لنا ولكم","After relying on God Almighty
    Our wedding is set
   This is on Saturday evening
      (04/26/2025)

Faisal Kamikh bin Rashid Rathaan Al-Ubawi
Bandar Kamikh bin Rashid Rathaan Al-Ubawi

I ask God for success for us and for you"
1832059072851403111,alrthaan21,2024-09-06 14:11:35.636000+00:00,"يستهيض العزم لعيون النجاح
والعمر وش قيمته لولا الطموح ""

الحمدالله 

#الاجتماعية",0,0,0,https://x.com/7ellt/status/1832059072851403111,"يستهيض العزم لعيون النجاح
والعمر وش قيمته لولا الطموح ""

الحمدالله 

#الاجتماعية","Determination awakens the eyes of success
What is life worth without ambition?

Thank God 

#Social"
1828293433393385482,alrthaan21,2024-08-27 04:48:17.227000+00:00,"كل شمسٍ ماتجيبك في ضحاها فدوةٍ لك 
وكل صدرٍ ماتنفس صبح وجهك؟ عزتي له ..",0,0,0,https://x.com/alrthaan21/status/1828293433393385482,"كل شمسٍ ماتجيبك في ضحاها فدوةٍ لك 
وكل صدرٍ ماتنفس صبح وجهك؟ عزتي له ..","Every sun that does not answer you in its brightness is a role model for you 
And every chest that does not breathe in the morning of your face? My pride to him.."
1827828071250198615,alrthaan21,2024-08-25 21:59:06.246000+00:00,اللهم ارحمني اذا حان أجلي و أغفر لي ان اقترب يومي ولا تخرجني من الدنيا الا وانت راضٍ عني.,0,0,0,https://x.com/alrthaan21/status/1827828071250198615,اللهم ارحمني اذا حان أجلي و أغفر لي ان اقترب يومي ولا تخرجني من الدنيا الا وانت راضٍ عني.,"Oh God, have mercy on me when my time comes, forgive me when my day approaches, and do not expel me from this world unless you are satisfied with me."
1827126578381251018,alrthaan21,2024-08-23 23:31:37.313000+00:00,اللهم لك الحمد حمداً كثيراً .. ,0,0,0,https://x.com/alrthaan21/status/1827126578381251018,اللهم لك الحمد حمداً كثيراً .. ,"Oh God, thank you very much.."
1826911426973209005,alrthaan21,2024-08-23 09:16:41.220000+00:00,"﷽
 
{إنّ اللهَ وملائكتَهُ يُصَـلُّونَ على النبي يا أيها الذين آمنوا صَلُّوا عليه وسلِّمُوا تسليما}
 
#يوم_الجمعة",0,0,0,https://x.com/alrthaan21/status/1826911426973209005,"﷽
 
{إنّ اللهَ وملائكتَهُ يُصَـلُّونَ على النبي يا أيها الذين آمنوا صَلُّوا عليه وسلِّمُوا تسليما}
 
#يوم_الجمعة","﷽
 
{Indeed, God and His angels bless the Prophet, O you who have believed, bless him and grant him peace with complete salutation}
 
#Friday"
1826660973996114212,alrthaan21,2024-08-22 16:41:28.577000+00:00,"أتقدم بخالص التعازي  والمواسـاة
لعائلــة #الجلال السهلي الكـرام
بوفاة المغفور له بإذن الله تعالى فقيدهم 
نسـأل الله العلي القدير أن يتغمد الفـقيد
بواسع رحمته ويسـكنـه فـسيـح جناته
ويلهم أهله وذويه الصبر والسلوان ..
 #احمد_ناصر_الجلال  
إنا لله وإنا إليه راجعون",0,0,0,https://x.com/alrthaan21/status/1826660973996114212,"أتقدم بخالص التعازي  والمواسـاة
لعائلــة #الجلال السهلي الكـرام
بوفاة المغفور له بإذن الله تعالى فقيدهم 
نسـأل الله العلي القدير أن يتغمد الفـقيد
بواسع رحمته ويسـكنـه فـسيـح جناته
ويلهم أهله وذويه الصبر والسلوان ..
 #احمد_ناصر_الجلال  
إنا لله وإنا إليه راجعون","I offer my sincere condolences and sympathy
To the honorable family of #Jalal Al-Sahli
With the death of the late, God Almighty willing, they are deceased 
We ask God Almighty to comfort the deceased
With his mercy and may he rest in peace
May he inspire his family and loved ones with patience and solace.
 #Ahmed_Nasser_Al-Jalal  
We belong to Allah and to Him we shall return"
1823062378935632150,alrthaan21,2024-08-12 18:21:56.656000+00:00,"انتقل الى رحمة الله تعالى 

العم : طلال زيد القني العبيوي

اسال الله رب العرش العظيم ان يتغمده 
بواسع رحمته وان يلهم ذويه الصبر والسلوان",0,0,0,https://x.com/alrthaan21/status/1823062378935632150,"انتقل الى رحمة الله تعالى 

العم : طلال زيد القني العبيوي

اسال الله رب العرش العظيم ان يتغمده 
بواسع رحمته وان يلهم ذويه الصبر والسلوان","He moved to the mercy of God Almighty 

Uncle: Talal Zaid Al-Qani Al-Ubawi

I ask God, Lord of the Great Throne, to cover him 
With his mercy and may he grant his family patience and solace"
1822536417316098410,alrthaan21,2024-08-11 07:31:57.634000+00:00,"اللهُمَّ يا مُجير الخائفين وناصر المُستضعفين ، يا أرحم الراحمين ارحم برحمتك أهل غزة وهوّن عليهم واجعل نَصرهُم قريباً ..

#مذبحة_الفجر",0,0,0,https://x.com/alrthaan21/status/1822536417316098410,"اللهُمَّ يا مُجير الخائفين وناصر المُستضعفين ، يا أرحم الراحمين ارحم برحمتك أهل غزة وهوّن عليهم واجعل نَصرهُم قريباً ..

#مذبحة_الفجر","Oh God, O Helper of the fearful and Supporter of the oppressed, O Most Merciful of the Merciful, have mercy on the people of Gaza, make it easy for them, and make their victory near.

#Dawn_Massacre"
1821855148605382739,alrthaan21,2024-08-09 10:24:50.516000+00:00,"﷽
 
{إنّ اللهَ وملائكتَهُ يُصَـلُّونَ على النبي يا أيها الذين آمنوا صَلُّوا عليه وسلِّمُوا تسليما}
 
#يوم_الجمعة",0,0,0,https://x.com/alrthaan21/status/1821855148605382739,"﷽
 
{إنّ اللهَ وملائكتَهُ يُصَـلُّونَ على النبي يا أيها الذين آمنوا صَلُّوا عليه وسلِّمُوا تسليما}
 
#يوم_الجمعة","﷽
 
{Indeed, God and His angels bless the Prophet, O you who have believed, bless him and grant him peace with complete salutation}
 
#Friday"
1819334484862345460,alrthaan21,2024-08-02 11:28:37.448000+00:00," حفظ الله ديارًا غُشمت فصمدت 
فكان لهيب صمودها انتصارًا يُدرّس 

#ذكري_الغزو_العراقي_الغاشم",0,0,0,https://x.com/alrthaan21/status/1819334484862345460," حفظ الله ديارًا غُشمت فصمدت 
فكان لهيب صمودها انتصارًا يُدرّس 

#ذكري_الغزو_العراقي_الغاشم","May God protect the lands that were invaded, but they remained steadfast 
The flame of her steadfastness was a victory to be taught 

#Remembrance_of_the_brutal_Iraqi_invasion"
1819333392334196935,alrthaan21,2024-08-02 11:24:16.969000+00:00,"﴿ إِنَّ اللَّهَ وَمَلَائِكَتَهُ يُصَلُّونَ عَلَى النَّبِيِّ 
 يَا أَيُّهَا الَّذِينَ آمَنُوا صَلُّوا عَلَيْهِ وَسَلِّمُوا تَسْلِيمًا ﴾ 

#يوم_الجمعة",0,0,0,https://x.com/alrthaan21/status/1819333392334196935,"﴿ إِنَّ اللَّهَ وَمَلَائِكَتَهُ يُصَلُّونَ عَلَى النَّبِيِّ 
 يَا أَيُّهَا الَّذِينَ آمَنُوا صَلُّوا عَلَيْهِ وَسَلِّمُوا تَسْلِيمًا ﴾ 

#يوم_الجمعة","“Indeed, God and His angels send blessings upon the Prophet 
 O you who have believed, bless him and grant him complete peace. 

#Friday"
1816790911717675516,alrthaan21,2024-07-26 11:01:22.353000+00:00,"﴿ إِنَّ اللَّهَ وَمَلَائِكَتَهُ يُصَلُّونَ عَلَى النَّبِيِّ 
 يَا أَيُّهَا الَّذِينَ آمَنُوا صَلُّوا عَلَيْهِ وَسَلِّمُوا تَسْلِيمًا ﴾ 

#يوم_الجمعة",0,0,0,https://x.com/alrthaan21/status/1816790911717675516,"﴿ إِنَّ اللَّهَ وَمَلَائِكَتَهُ يُصَلُّونَ عَلَى النَّبِيِّ 
 يَا أَيُّهَا الَّذِينَ آمَنُوا صَلُّوا عَلَيْهِ وَسَلِّمُوا تَسْلِيمًا ﴾ 

#يوم_الجمعة","“Indeed, God and His angels send blessings upon the Prophet 
 O you who have believed, bless him and grant him complete peace. 

#Friday"
1811699101647376826,alrthaan21,2024-07-12 09:48:20.231000+00:00,"﴿ إِنَّ اللَّهَ وَمَلَائِكَتَهُ يُصَلُّونَ عَلَى النَّبِيِّ 
 يَا أَيُّهَا الَّذِينَ آمَنُوا صَلُّوا عَلَيْهِ وَسَلِّمُوا تَسْلِيمًا ﴾ 

#يوم_الجمعة",0,0,0,https://x.com/alrthaan21/status/1811699101647376826,"﴿ إِنَّ اللَّهَ وَمَلَائِكَتَهُ يُصَلُّونَ عَلَى النَّبِيِّ 
 يَا أَيُّهَا الَّذِينَ آمَنُوا صَلُّوا عَلَيْهِ وَسَلِّمُوا تَسْلِيمًا ﴾ 

#يوم_الجمعة","“Indeed, God and His angels send blessings upon the Prophet 
 O you who have believed, bless him and grant him complete peace. 

#Friday"
1810183148874997766,alrthaan21,2024-07-08 05:24:28.925000+00:00,أصبحنا و أصبح الملك لله وحده ..,0,0,0,https://x.com/alrthaan21/status/1810183148874997766,أصبحنا و أصبح الملك لله وحده ..,We have become the kingdom of God alone.
1804123404829630714,alrthaan21,2024-06-21 12:05:13.360000+00:00,"﴿ إِنَّ اللَّهَ وَمَلَائِكَتَهُ يُصَلُّونَ عَلَى النَّبِيِّ 
 يَا أَيُّهَا الَّذِينَ آمَنُوا صَلُّوا عَلَيْهِ وَسَلِّمُوا تَسْلِيمًا ﴾ 

#يوم_الجمعة",0,0,0,https://x.com/alrthaan21/status/1804123404829630714,"﴿ إِنَّ اللَّهَ وَمَلَائِكَتَهُ يُصَلُّونَ عَلَى النَّبِيِّ 
 يَا أَيُّهَا الَّذِينَ آمَنُوا صَلُّوا عَلَيْهِ وَسَلِّمُوا تَسْلِيمًا ﴾ 

#يوم_الجمعة","“Indeed, God and His angels send blessings upon the Prophet 
 O you who have believed, bless him and grant him complete peace. 

#Friday"
1803897687760089147,alrthaan21,2024-06-20 21:08:18.217000+00:00,"٢١/٦

اللهم اجعله عام خير وسعادة 
وحقق لي ما اتمناه وتراه خيراً لي ..",0,0,0,https://x.com/alrthaan21/status/1803897687760089147,"٢١/٦

اللهم اجعله عام خير وسعادة 
وحقق لي ما اتمناه وتراه خيراً لي ..","21/6

Oh God, make it a year of goodness and happiness 
He granted me what I wished for and deemed it good for me."
1802471128998572077,alrthaan21,2024-06-16 22:39:40.104000+00:00,"عفى الله عن مواعيد انتظارك والسنين حيام
وقفت وما معي غير الوله واقف ومتسامي ..",0,0,0,https://x.com/alrthaan21/status/1802471128998572077,"عفى الله عن مواعيد انتظارك والسنين حيام
وقفت وما معي غير الوله واقف ومتسامي ..","May God forgive your waiting times and long years
I stood with nothing but the state of God, standing and transcending.."
1802166365849063707,alrthaan21,2024-06-16 02:28:38.907000+00:00,"عيد الله عليكم مبآرك 
و كل عآم وأنتم بخير ..",0,0,0,https://x.com/alrthaan21/status/1802166365849063707,"عيد الله عليكم مبآرك 
و كل عآم وأنتم بخير ..","Eid Mubarak to you 
And every year you are fine.."
1801941868722156001,alrthaan21,2024-06-15 11:36:34.621000+00:00,"""خير الدعاء، دعاء يوم عرفة""

#يوم_عرفة 
#يوم_Iلترويه",0,0,0,https://x.com/alrthaan21/status/1801941868722156001,"""خير الدعاء، دعاء يوم عرفة""

#يوم_عرفة 
#يوم_Iلترويه","“The best supplication is the supplication on the Day of Arafah.”

#ArafatDay 
#I_Day_to_Tarweeh"
1801522154598506725,alrthaan21,2024-06-14 07:48:46.976000+00:00,"﴿ إِنَّ اللَّهَ وَمَلَائِكَتَهُ يُصَلُّونَ عَلَى النَّبِيِّ ۚ يَا أَيُّهَا الَّذِينَ آمَنُوا صَلُّوا عَلَيْهِ وَسَلِّمُوا تَسْلِيمًا ﴾ 

#يوم_الجمعة",0,0,0,https://x.com/alrthaan21/status/1801522154598506725,"﴿ إِنَّ اللَّهَ وَمَلَائِكَتَهُ يُصَلُّونَ عَلَى النَّبِيِّ ۚ يَا أَيُّهَا الَّذِينَ آمَنُوا صَلُّوا عَلَيْهِ وَسَلِّمُوا تَسْلِيمًا ﴾ 

#يوم_الجمعة","“Indeed, Allah and His angels send blessings upon the Prophet. O you who have believed, bless him and grant him peace with complete peace.” 

#Friday"
1800816698842562852,alrthaan21,2024-06-12 09:05:33.217000+00:00,"انا لله وانا اليه لراجعون 
اللهم ارحمهم برحمتك وعافي من أُصيب منهم

#حريق_المنقف",0,0,0,https://x.com/alrthaan21/status/1800816698842562852,"انا لله وانا اليه لراجعون 
اللهم ارحمهم برحمتك وعافي من أُصيب منهم

#حريق_المنقف","We belong to Allah and to Him we shall return 
Oh God, have mercy on them and grant recovery to those who are injured

#Mangaf_fire"
1799102414307684784,alrthaan21,2024-06-07 15:33:35.934000+00:00,"﴿ إِنَّ اللَّهَ وَمَلَائِكَتَهُ يُصَلُّونَ عَلَى النَّبِيِّ ۚ يَا أَيُّهَا الَّذِينَ آمَنُوا صَلُّوا عَلَيْهِ وَسَلِّمُوا تَسْلِيمًا ﴾ 

#يوم_الجمعة",0,0,0,https://x.com/alrthaan21/status/1799102414307684784,"﴿ إِنَّ اللَّهَ وَمَلَائِكَتَهُ يُصَلُّونَ عَلَى النَّبِيِّ ۚ يَا أَيُّهَا الَّذِينَ آمَنُوا صَلُّوا عَلَيْهِ وَسَلِّمُوا تَسْلِيمًا ﴾ 

#يوم_الجمعة","“Indeed, Allah and His angels send blessings upon the Prophet. O you who have believed, bless him and grant him peace with complete peace.” 

#Friday"
1796471396958404626,alrthaan21,2024-05-31 09:18:52.516000+00:00,"﷽
 
{إنّ اللهَ وملائكتَهُ يُصَـلُّونَ على النبي 
يا أيها الذين آمنوا صَلُّوا عليه وسلِّمُوا تسليما}
 
#يوم_الجمعة",0,0,0,https://x.com/alrthaan21/status/1796471396958404626,"﷽
 
{إنّ اللهَ وملائكتَهُ يُصَـلُّونَ على النبي 
يا أيها الذين آمنوا صَلُّوا عليه وسلِّمُوا تسليما}
 
#يوم_الجمعة","﷽
 
{Indeed, God and His angels send blessings upon the Prophet 
O you who have believed, bless him and grant him peace.}
 
#Friday"
1795323360299417636,alrthaan21,2024-05-28 05:16:59.247000+00:00,"وَلَا تَحْسَبَنَّ اللَّهَ غَافِلًا عَمَّا يَعْمَلُ الظَّالِمُونَ إِنَّمَا يُؤَخِّرُهُمْ لِيَوْمٍ تَشْخَصُ فِيهِ الْأَبْصَارُ.)
 
#مجزرة_رفح",0,0,0,https://x.com/alrthaan21/status/1795323360299417636,"وَلَا تَحْسَبَنَّ اللَّهَ غَافِلًا عَمَّا يَعْمَلُ الظَّالِمُونَ إِنَّمَا يُؤَخِّرُهُمْ لِيَوْمٍ تَشْخَصُ فِيهِ الْأَبْصَارُ.)
 
#مجزرة_رفح","And do not think that God is unaware of what the wrongdoers do. He only delays them for a day when eyes will be open.)
 
#Rafah_massacre"
1789894426568855987,alrthaan21,2024-05-13 05:44:20.581000+00:00,"مادامتِ الشمسُ تأتي بعدَ ظُلْمَتِنَا!
فليعلمِ اليأسُ أنَّ القادمَ الفرحُ ..",0,0,0,https://x.com/alrthaan21/status/1789894426568855987,"مادامتِ الشمسُ تأتي بعدَ ظُلْمَتِنَا!
فليعلمِ اليأسُ أنَّ القادمَ الفرحُ ..","As long as the sun comes after our darkness!
Let despair know that what is coming is joy."
1789003429332861235,alrthaan21,2024-05-10 18:43:50.286000+00:00,"الصمت صوت الصبور الي كواه الكلام
والصد عين الحليم . . اللي يقود العما ..",0,0,0,https://x.com/alrthaan21/status/1789003429332861235,"الصمت صوت الصبور الي كواه الكلام
والصد عين الحليم . . اللي يقود العما ..","الصمت صوت الصبور الي كواه الكلام
والصد عين الحليم . . اللي يقود العما .."
1788879185324187854,alrthaan21,2024-05-10 10:30:08.206000+00:00,"﷽

 ﴿إِنَّ اللَّهَ وَمَلَائِكَتَهُ يُصَلُّونَ عَلَى النَّبِيِّ يَا أَيُّهَا الَّذِينَ آَمَنُوا صَلُّوا عَلَيْهِ وَسَلِّمُوا تَسْلِيمًا﴾""",0,0,0,https://x.com/alrthaan21/status/1788879185324187854,"﷽

 ﴿إِنَّ اللَّهَ وَمَلَائِكَتَهُ يُصَلُّونَ عَلَى النَّبِيِّ يَا أَيُّهَا الَّذِينَ آَمَنُوا صَلُّوا عَلَيْهِ وَسَلِّمُوا تَسْلِيمًا﴾""","﷽

 “Indeed, God and His angels send blessings upon the Prophet. O you who have believed, bless him and grant him peace with complete peace.”"
1787188118476484796,alrthaan21,2024-05-05 18:30:26.451000+00:00,"""مدّ النظر .. لين تلقى للدروب إمتداد
خل الاماني على سور الحقيقة تويق ..",0,0,0,https://x.com/alrthaan21/status/1787188118476484796,"""مدّ النظر .. لين تلقى للدروب إمتداد
خل الاماني على سور الحقيقة تويق ..","“Extend your gaze... be gentle and widen your paths.”
Leave your wishes on the wall of truth.."
1786727224902602859,alrthaan21,2024-05-04 11:59:00.860000+00:00,"""ذبلت أنوار الشوارع .. و أنطفى ضيّ الحروف""

#بدر_بن_عبدالمحسن",0,0,0,https://x.com/alrthaan21/status/1786727224902602859,"""ذبلت أنوار الشوارع .. و أنطفى ضيّ الحروف""

#بدر_بن_عبدالمحسن","“The street lights faded... and the light of the letters went out.”

#Badr_bin_Abdul Mohsen"
1786161665593008277,alrthaan21,2024-05-02 22:31:41.013000+00:00,"﴿ إِنَّ اللَّهَ وَمَلَائِكَتَهُ يُصَلُّونَ عَلَى النَّبِيِّ
 يَا أَيُّهَا الَّذِينَ آمَنُوا صَلُّوا عَلَيْهِ وَسَلِّمُوا تَسْلِيمًا ﴾",0,0,0,https://x.com/alrthaan21/status/1786161665593008277,"﴿ إِنَّ اللَّهَ وَمَلَائِكَتَهُ يُصَلُّونَ عَلَى النَّبِيِّ
 يَا أَيُّهَا الَّذِينَ آمَنُوا صَلُّوا عَلَيْهِ وَسَلِّمُوا تَسْلِيمًا ﴾","“Indeed, God and His angels send blessings upon the Prophet
 O you who have believed, bless him and grant him complete peace."
1785788154215010351,alrthaan21,2024-05-01 21:47:28.961000+00:00,"#امطار_الكويت

اللهُم صيِّباً نافعاً ، 
اللهُم سُقيا رحمة لا سُقيا عذاب .",0,0,0,https://x.com/alrthaan21/status/1785788154215010351,"#امطار_الكويت

اللهُم صيِّباً نافعاً ، 
اللهُم سُقيا رحمة لا سُقيا عذاب .","#Kuwait_rains

Oh God, grant us a beneficial rain, 
Oh God, give them mercy, not torment."
1784443796052226318,alrthaan21,2024-04-28 04:45:28.998000+00:00,اصبحنا واصبح الملك لله  ..,0,0,0,https://x.com/alrthaan21/status/1784443796052226318,اصبحنا واصبح الملك لله  ..,We have become and the kingdom belongs to God.
1783029126015672571,alrthaan21,2024-04-24 07:04:05.378000+00:00,"اصبحنا واصبح الملك لله 

اللهم إني أسألك خير هذا اليوم فتحه ونصره ونوره وبركته وهداه، وأعوذ بك من شرِّ ما فيه و شرِّ ما بعده

اللَّهُمَّ إِنِّي أَسْأَلُكَ عِلْمًا نَافِعًا، وَرِزْقًا طَيِّبًا، وَعَمَلًا مُتَقَبَّلًا .",0,0,0,https://x.com/alrthaan21/status/1783029126015672571,"اصبحنا واصبح الملك لله 

اللهم إني أسألك خير هذا اليوم فتحه ونصره ونوره وبركته وهداه، وأعوذ بك من شرِّ ما فيه و شرِّ ما بعده

اللَّهُمَّ إِنِّي أَسْأَلُكَ عِلْمًا نَافِعًا، وَرِزْقًا طَيِّبًا، وَعَمَلًا مُتَقَبَّلًا .","We have become and the kingdom belongs to God 

O God, I ask You for the goodness of this day, its conquest, its victory, its light, its blessing, and its guidance, and I seek refuge in You from the evil of what is in it and the evil of what comes after it.

Oh God, I ask you for useful knowledge, good provision, and acceptable deeds."
1778085948368081216,alrthaan21,2024-04-10 15:41:39.987000+00:00,"""عيد الله عليكم مُبارك ، 
وكل عامٍ وأنتم بخير """,0,0,0,https://x.com/alrthaan21/status/1778085948368081216,"""عيد الله عليكم مُبارك ، 
وكل عامٍ وأنتم بخير ""","“May God bless you, 
“Happy New Year.”"
1766944881908261297,alrthaan21,2024-03-10 21:51:02.752000+00:00,"١ | رمضان 

""اللهم إني نويت أن أصوم رمضان كاملاً لوجهك الكريم إيمانا واحتسابا اللهم تقبله مني واجعل ذنبي مغفورا وصومي مقبولاً فإن توفيتني قبلها أسألك أن تكتبني من الصائمين ومن عبادك الصالحين اللهم إني أدعوك أن ترزقني حسن الصيام وحسن الخاتمة يا حي يا قيوم """,0,0,0,https://x.com/alrthaan21/status/1766944881908261297,"١ | رمضان 

""اللهم إني نويت أن أصوم رمضان كاملاً لوجهك الكريم إيمانا واحتسابا اللهم تقبله مني واجعل ذنبي مغفورا وصومي مقبولاً فإن توفيتني قبلها أسألك أن تكتبني من الصائمين ومن عبادك الصالحين اللهم إني أدعوك أن ترزقني حسن الصيام وحسن الخاتمة يا حي يا قيوم ""","1 | Ramadan 

“O God, I intend to fast the entire month of Ramadan for Your honorable face out of faith and seeking reward. O God, accept it from me and make my sins forgiven and my fasting accepted. If You cause me to die before that, I ask You to write me among those who fast and among Your righteous servants. O God, I pray to You to grant me good fasting and a good ending, O Ever-Living, O Ever-Living.”"
1777111339707621852,alrthaan21,2024-04-07 23:08:55.175000+00:00,"٢٩ | رمضان  

يارب انها آخر ليلة وترية ربي ان لم أُحسن في دعائي فأنت اعلم بحاجاتي، وان قصرت فأنت تعلم غاياتي، ولا يخفى عليك شيء من احوالي
فاجبر خاطري يارب بفيض نعمك.",0,0,0,https://x.com/alrthaan21/status/1777111339707621852,"٢٩ | رمضان  

يارب انها آخر ليلة وترية ربي ان لم أُحسن في دعائي فأنت اعلم بحاجاتي، وان قصرت فأنت تعلم غاياتي، ولا يخفى عليك شيء من احوالي
فاجبر خاطري يارب بفيض نعمك.","29 | Ramadan  

O Lord, it is the last night of my prayers. My Lord, if I do not do well in my supplication, You know my needs, and if I fall short, You know my goals, and nothing of my circumstances is hidden from You.
So strengthen my mind, O Lord, with the abundance of your blessings."
1777722530863710579,alrthaan21,2024-04-09 15:37:34.502000+00:00,"٣٠ | رمضان  

""اللهُم استودعناك شهر رمضان فلا تجعله آخر عهدنا وأعده علينا أعواما عديدة ولا تخرجنا منه إلا مقبولين ومرحومين و معتوقين من النار.""",0,0,0,https://x.com/alrthaan21/status/1777722530863710579,"٣٠ | رمضان  

""اللهُم استودعناك شهر رمضان فلا تجعله آخر عهدنا وأعده علينا أعواما عديدة ولا تخرجنا منه إلا مقبولين ومرحومين و معتوقين من النار.""","30 | Ramadan  

“Oh God, we entrusted you with the month of Ramadan, so do not make it the last of our covenant, and count it upon us for many years, and do not take us out of it except accepted, merciful, and freed from hellfire.”"
1776782293798924555,alrthaan21,2024-04-07 01:21:24.517000+00:00,"اول محقق في الجهراء المرحوم رشيد كميخ الرثعان العبيوي المطيري
#العبيات 
#اهل_الجدعا 
#تواصل_العبيات",0,0,0,https://x.com/Mfm7Mfm/status/1776782293798924555,"اول محقق في الجهراء المرحوم رشيد كميخ الرثعان العبيوي المطيري
#العبيات 
#اهل_الجدعا 
#تواصل_العبيات","The first investigator in Jahra, the late Rashid Kamikh Al-Ratha’an Al-Ubawi Al-Mutairi
#Abayat 
#The _ people _ of _ Al-Jadaa 
#Continue_Abayat"
1776382999124214263,alrthaan21,2024-04-05 22:54:45.248000+00:00,"اللهم إنك عفوٌ تحب العفو فاعفُ عنا.
اللهم إنك عفوٌ تحب العفو فاعفُ عنا.

#ليله_27",0,0,0,https://x.com/alrthaan21/status/1776382999124214263,"اللهم إنك عفوٌ تحب العفو فاعفُ عنا.
اللهم إنك عفوٌ تحب العفو فاعفُ عنا.

#ليله_27","O God, You are the Pardoner and You love to forgive, so forgive us.
O God, You are the Pardoner and You love to forgive, so forgive us.

#Night_27"
1776359073778200680,alrthaan21,2024-04-05 21:19:41.001000+00:00,"﴿ لَيلَةُ القَدرِ خَيرٌ مِن أَلفِ شَهرٍ ﴾ 
""اللهُم لا تحرمنا نورها وبركتها وأجرها وعتقها.

#ليله_27",0,0,0,https://x.com/alrthaan21/status/1776359073778200680,"﴿ لَيلَةُ القَدرِ خَيرٌ مِن أَلفِ شَهرٍ ﴾ 
""اللهُم لا تحرمنا نورها وبركتها وأجرها وعتقها.

#ليله_27","“The Night of Decree is better than a thousand months” 
“Oh God, do not deprive us of its light, blessing, reward and freedom.

#Night_27"
1776069647311220878,alrthaan21,2024-04-05 02:09:36.354000+00:00,"الف مبروك ي دكتور 
@Dr_alwasmi
 

مثل العلم واقف ومن حولك جموع
ازهم وحمران النواظر تولّم 

#انتخابات_أمة_2024 
 #عبيد_محمد_الوسمي",0,0,0,https://x.com/alrthaan21/status/1776069647311220878,"الف مبروك ي دكتور 
@Dr_alwasmi
 

مثل العلم واقف ومن حولك جموع
ازهم وحمران النواظر تولّم 

#انتخابات_أمة_2024 
 #عبيد_محمد_الوسمي","Congratulations, doctor 
@Dr_alwasmi
 

Like a flag standing and crowds around you
Azham and Hamran, the eyes are sore 

#Nation_elections_2024 
 #Obaid_Mohammed_Al-Wasmi"
1775653236168421737,alrthaan21,2024-04-03 22:34:56.201000+00:00,"٢٤ | رمضان  

اللهم إنا نسألك الهُدَى والتُقَى والعفاف 
والغِنى والفوز بالجنة والنجاة من النار .",0,0,0,https://x.com/alrthaan21/status/1775653236168421737,"٢٤ | رمضان  

اللهم إنا نسألك الهُدَى والتُقَى والعفاف 
والغِنى والفوز بالجنة والنجاة من النار .","24 | Ramadan  

Oh God, we ask you for guidance, piety, and chastity 
And wealth, winning Paradise, and being saved from Hell."
1775998396051902946,alrthaan21,2024-04-04 21:26:28.730000+00:00,"٢٥ | رمضان  

اللهُم نسألك العفو و العافيه  
اللهم انك عفوا تحب العفو فاعف عنا.",0,0,0,https://x.com/alrthaan21/status/1775998396051902946,"٢٥ | رمضان  

اللهُم نسألك العفو و العافيه  
اللهم انك عفوا تحب العفو فاعف عنا.","25 | Ramadan  

Oh God, we ask you for forgiveness and well-being  
Oh God, You are the Pardoner and You love to forgive, so forgive us."
1771098007074656461,alrthaan21,2024-03-22 08:54:04.953000+00:00,"﷽
 
{إنّ اللهَ وملائكتَهُ يُصَـلُّونَ على النبي يا أيها الذين آمنوا صَلُّوا عليه وسلِّمُوا تسليما}
 
#يوم_الجمعة",0,0,0,https://x.com/alrthaan21/status/1771098007074656461,"﷽
 
{إنّ اللهَ وملائكتَهُ يُصَـلُّونَ على النبي يا أيها الذين آمنوا صَلُّوا عليه وسلِّمُوا تسليما}
 
#يوم_الجمعة","﷽
 
{Indeed, God and His angels bless the Prophet, O you who have believed, bless him and grant him peace with complete salutation}
 
#Friday"
1770238265552994782,alrthaan21,2024-03-19 23:57:46.601000+00:00,"اللهم اعطي امي من الخير ما يكفيها 
ومن الكفاية ما يغنيها ومن الرضا 
ما يسعدها واحفظها بحفظك يارب  ..",0,0,0,https://x.com/alrthaan21/status/1770238265552994782,"اللهم اعطي امي من الخير ما يكفيها 
ومن الكفاية ما يغنيها ومن الرضا 
ما يسعدها واحفظها بحفظك يارب  ..","Oh God, give my mother enough goodness for her 
It is sufficient and contentment 
What makes her happy and keep her safe, Lord.."
1768763017422934255,alrthaan21,2024-03-15 22:15:40.038000+00:00,"٦ | رمضان  

اللهم اغفر لي، واعف عني، وعافني، واهدني إلى الصراط المستقيم، سبحان الله، والحمد لله، ولا إله إلا الله، والله أكبر، أستغفر الله عدد خلقك، ورضى نفسك، وزنة عرشك، ومداد كلماتك، اللهم اغفر لي وللمسلمين جميعا الأحياء منهم والأموات.",0,0,0,https://x.com/alrthaan21/status/1768763017422934255,"٦ | رمضان  

اللهم اغفر لي، واعف عني، وعافني، واهدني إلى الصراط المستقيم، سبحان الله، والحمد لله، ولا إله إلا الله، والله أكبر، أستغفر الله عدد خلقك، ورضى نفسك، وزنة عرشك، ومداد كلماتك، اللهم اغفر لي وللمسلمين جميعا الأحياء منهم والأموات.","6 | Ramadan  

Oh God, forgive me, pardon me, pardon me, and guide me to the straight path. Glory be to God, praise be to God, there is no god but God, and God is great. I ask forgiveness from God according to the number of your creation, the satisfaction of yourself, the weight of your throne, and the ink of your words. Oh God, forgive me and all Muslims, living and dead."
1769145944535158884,alrthaan21,2024-03-16 23:37:16.976000+00:00,"٧ | رمضان 

- اللهم اغفر لي خطيئتي وجهلي، وإسرافي في أمري وما أنت أعلم به مني، اللهم اغفر لي جدي وهزلي وخطأي وعمدي وكل ذلك عندي، اللهم اغفر لي ما قدَّمت وما أخَّرت، وما أسررت وما أعلنت .",0,0,0,https://x.com/alrthaan21/status/1769145944535158884,"٧ | رمضان 

- اللهم اغفر لي خطيئتي وجهلي، وإسرافي في أمري وما أنت أعلم به مني، اللهم اغفر لي جدي وهزلي وخطأي وعمدي وكل ذلك عندي، اللهم اغفر لي ما قدَّمت وما أخَّرت، وما أسررت وما أعلنت .","7 | Ramadan 

- Oh God, forgive me my sin, my ignorance, my extravagance in my affairs, and what you know better than me. Oh God, forgive me my seriousness, my jest, my mistake, my intentionality, and all of that with me. Oh God, forgive me what I have presented and what I have delayed, what I have secreted and what I have declared."
1768651313758302436,alrthaan21,2024-03-15 14:51:47.809000+00:00,"﴿ إِنَّ اللَّهَ وَمَلَائِكَتَهُ يُصَلُّونَ عَلَى النَّبِيِّ ۚ 
يَا أَيُّهَا الَّذِينَ آمَنُوا صَلُّوا عَلَيْهِ وَسَلِّمُوا تَسْلِيمًا ﴾ 

#يوم_Iلجمعه",0,0,0,https://x.com/alrthaan21/status/1768651313758302436,"﴿ إِنَّ اللَّهَ وَمَلَائِكَتَهُ يُصَلُّونَ عَلَى النَّبِيِّ ۚ 
يَا أَيُّهَا الَّذِينَ آمَنُوا صَلُّوا عَلَيْهِ وَسَلِّمُوا تَسْلِيمًا ﴾ 

#يوم_Iلجمعه","“Indeed, God and His angels send blessings upon the Prophet.” 
O you who have believed, bless him and grant him complete peace. 

#IdayFriday"
1768619137251651708,alrthaan21,2024-03-15 12:43:56.332000+00:00,اللهم انك عفواً كريم تحب العفو فأعف عنا,0,0,0,https://x.com/alrthaan21/status/1768619137251651708,اللهم انك عفواً كريم تحب العفو فأعف عنا,"Oh God, You are the Most Merciful and You love to forgive, so forgive us"
1768055495087059162,alrthaan21,2024-03-13 23:24:13.568000+00:00,"٤ | رمضان 

ً
اللهمَّ اكفِنِي بحلالِكَ عن حرَامِكَ 
وأغْنِنِي بفَضلِكَ عمَّن سواكَ ..",0,0,0,https://x.com/alrthaan21/status/1768055495087059162,"٤ | رمضان 

ً
اللهمَّ اكفِنِي بحلالِكَ عن حرَامِكَ 
وأغْنِنِي بفَضلِكَ عمَّن سواكَ ..","4 | Ramadan 

!
Oh God, protect me with your lawful things from your unlawful things 
And make me richer with your grace than anyone else.."
1768438667029197275,alrthaan21,2024-03-15 00:46:48.878000+00:00,"٥ | رمضان 

اللهُمَّ اجعل سعيي في رمضان مشكورًا وذنبي فيه مغفورًا وعملي فيه مقبولًا وعيبي فيه مستورًا .",0,0,0,https://x.com/alrthaan21/status/1768438667029197275,"٥ | رمضان 

اللهُمَّ اجعل سعيي في رمضان مشكورًا وذنبي فيه مغفورًا وعملي فيه مقبولًا وعيبي فيه مستورًا .","5 | Ramadan 

Oh God, make my efforts in Ramadan grateful, my sins forgiven, my deeds accepted, and my faults hidden."
1767216826109379034,alrthaan21,2024-03-11 15:51:39.302000+00:00,"﴿أَيَّامًا مَّعدُودَاتٍ﴾ 
اللهم اجعلها مثقلة بالأجور، مجابه بها الدعوات.",0,0,0,https://x.com/alrthaan21/status/1767216826109379034,"﴿أَيَّامًا مَّعدُودَاتٍ﴾ 
اللهم اجعلها مثقلة بالأجور، مجابه بها الدعوات.","“a number of days” 
Oh God, make it burdened with rewards and answer prayers."
1766887141626237225,alrthaan21,2024-03-10 18:01:36.396000+00:00,"مـبــارك عليــكـم الــشــهـــر 
والله يجعلنا وإياكم من صوامه وقوامه ..",0,0,0,https://x.com/alrthaan21/status/1766887141626237225,"مـبــارك عليــكـم الــشــهـــر 
والله يجعلنا وإياكم من صوامه وقوامه ..","Blessed month to you 
May God make us and you of his fasting and strength.."
1766489438354374866,alrthaan21,2024-03-09 15:41:16.547000+00:00,"عليه نتوكل
وبه نستعين

نظراً لحاجة الدولة لجهود سياسية واضحة المعالم موضوعية الأهداف تراعي واقع الدولة ومصالحها ومتغيرات الإقليم والعالم""واستكمالاً لما بدأنا""في التصحيح ما أمكن ذلك

اعلن ترشحي لعضوية مجلس الأمة(الدائرة الرابعة)

نسأل الله التوفيق ونطلب العون والمساندة

عبيد محمد",0,0,0,https://x.com/Dr_alwasmi/status/1766489438354374866,"عليه نتوكل
وبه نستعين

نظراً لحاجة الدولة لجهود سياسية واضحة المعالم موضوعية الأهداف تراعي واقع الدولة ومصالحها ومتغيرات الإقليم والعالم""واستكمالاً لما بدأنا""في التصحيح ما أمكن ذلك

اعلن ترشحي لعضوية مجلس الأمة(الدائرة الرابعة)

نسأل الله التوفيق ونطلب العون والمساندة

عبيد محمد","We trust in Him
We seek help from Him

Given the state’s need for political efforts with clear, objective goals that take into account the reality of the state, its interests, and the changes in the region and the world, “and in continuation of what we began” to correct whenever possible.

I announce my candidacy for membership in the National Assembly (Fourth District)

We ask God for success and ask for help and support

Obaid Muhammad"
1763120613974036576,alrthaan21,2024-02-29 08:34:46.225000+00:00,"ما يدهل دروب الوفا يا كود عون المستضيق
اللي لطم وجه الكذب بـ ايد الحقايق والعزم ..",0,0,0,https://x.com/alrthaan21/status/1763120613974036576,"ما يدهل دروب الوفا يا كود عون المستضيق
اللي لطم وجه الكذب بـ ايد الحقايق والعزم ..","What guides the paths of loyalty, O code of distressed aid
Who slapped the face of lies with the hands of truth and determination.."
1761796551272181935,alrthaan21,2024-02-25 16:53:25.077000+00:00,"انها ليست كويتا وكفى ..
انها بَيتًا ومأوى و نَسب ..
يا بِلادي دُمتِ للكونَ ضِياء ..

#عيد_الكويت_الوطني 
#kuwait",0,0,0,https://x.com/alrthaan21/status/1761796551272181935,"انها ليست كويتا وكفى ..
انها بَيتًا ومأوى و نَسب ..
يا بِلادي دُمتِ للكونَ ضِياء ..

#عيد_الكويت_الوطني 
#kuwait","It's not Quetta, that's enough.
It is a home, a shelter, and a lineage.
Oh my country, may you always be a light for the universe..

#Kuwait_National_Day 
#kuwait"
1759594134703092138,alrthaan21,2024-02-19 15:01:48.048000+00:00,"﴿ كلُّ نَفسٍ ذائقةُ المَوتْ ﴾
اللهُم ارحمني حين ترفع الروح اليك ..",0,0,0,https://x.com/alrthaan21/status/1759594134703092138,"﴿ كلُّ نَفسٍ ذائقةُ المَوتْ ﴾
اللهُم ارحمني حين ترفع الروح اليك ..","“Every soul will taste death”
Oh God, have mercy on me when you raise my soul to you."
1758414726147530763,alrthaan21,2024-02-16 08:55:15.136000+00:00,"﷽
 
{إنّ اللهَ وملائكتَهُ يُصَـلُّونَ على النبي 
يا أيها الذين آمنوا صَلُّوا عليه وسلِّمُوا تسليما}
 
#يوم_الجمعة",0,0,0,https://x.com/alrthaan21/status/1758414726147530763,"﷽
 
{إنّ اللهَ وملائكتَهُ يُصَـلُّونَ على النبي 
يا أيها الذين آمنوا صَلُّوا عليه وسلِّمُوا تسليما}
 
#يوم_الجمعة","﷽
 
{Indeed, God and His angels send blessings upon the Prophet 
O you who have believed, bless him and grant him peace.}
 
#Friday"
1757163924187746634,alrthaan21,2024-02-12 22:05:00.710000+00:00,"الف مبروك التخرج ومنها للاعلى 
#العبيات 
#اهل_الجدعا 
#تواصل_العبيات 
#تخريج_ضباط_كلية_على_الصباح_العسكرية",0,0,0,https://x.com/Mfm7Mfm/status/1757163924187746634,"الف مبروك التخرج ومنها للاعلى 
#العبيات 
#اهل_الجدعا 
#تواصل_العبيات 
#تخريج_ضباط_كلية_على_الصباح_العسكرية","Congratulations on your graduation and onwards 
#Abayat 
#The _ people _ of _ Al-Jadaa 
#Continue_Abayat 
#Graduating_officers_college_on_al-sabah_military"
1757030647346942213,alrthaan21,2024-02-12 13:15:25.035000+00:00,"﴿وَآخِرُ دَعْوَاهُمْ أَنِ الْحَمْدُ لِلَّهِ رَبِّ الْعَالَمِينَ﴾

الحمدالله الذي ما تم جهد ولاختم سعي إلا بفضله 

تم بحمدلله تعالى تخرجي من كلية
علي الصباح العسكرية برتبة ( ملازم )

فالحمدلله عند البدء وعند الختام",0,0,0,https://x.com/RashedAlobeiwi/status/1757030647346942213,"﴿وَآخِرُ دَعْوَاهُمْ أَنِ الْحَمْدُ لِلَّهِ رَبِّ الْعَالَمِينَ﴾

الحمدالله الذي ما تم جهد ولاختم سعي إلا بفضله 

تم بحمدلله تعالى تخرجي من كلية
علي الصباح العسكرية برتبة ( ملازم )

فالحمدلله عند البدء وعند الختام","“And their last supplication is, ‘Praise be to God, Lord of the worlds.’”

Praise be to God, by whose grace no effort is completed and no endeavor is concluded 

Thank God Almighty, I graduated from college
Ali Al-Sabah, military rank (lieutenant)

Praise be to God at the beginning and at the end"
1755281567159570609,alrthaan21,2024-02-07 17:25:11.822000+00:00,"الف مبروك للمنتخب القطري الشقيق ' 

اداء يستحق الثناء ' 

#ايران_قطر",0,0,0,https://x.com/alrthaan21/status/1755281567159570609,"الف مبروك للمنتخب القطري الشقيق ' 

اداء يستحق الثناء ' 

#ايران_قطر","Congratulations to the brotherly Qatari team. 

'Praiseworthy performance' 

#Iran_Qatar"
1754003671166210464,alrthaan21,2024-02-04 04:47:17.675000+00:00,أصبحنا و أصبح الملك لله ..,0,0,0,https://x.com/alrthaan21/status/1754003671166210464,أصبحنا و أصبح الملك لله ..,We have become and the kingdom belongs to God.
1750804826651300111,alrthaan21,2024-01-26 08:56:13.711000+00:00,"﴿ إِنَّ اللَّهَ وَمَلَائِكَتَهُ يُصَلُّونَ عَلَى النَّبِيِّ ۚ يَا أَيُّهَا الَّذِينَ آمَنُوا صَلُّوا عَلَيْهِ وَسَلِّمُوا تَسْلِيمًا ﴾ 

#يوم_Iلجمعه",0,0,0,https://x.com/alrthaan21/status/1750804826651300111,"﴿ إِنَّ اللَّهَ وَمَلَائِكَتَهُ يُصَلُّونَ عَلَى النَّبِيِّ ۚ يَا أَيُّهَا الَّذِينَ آمَنُوا صَلُّوا عَلَيْهِ وَسَلِّمُوا تَسْلِيمًا ﴾ 

#يوم_Iلجمعه","“Indeed, Allah and His angels send blessings upon the Prophet. O you who have believed, bless him and grant him peace with complete peace.” 

#IdayFriday"
1746428086290157729,alrthaan21,2024-01-14 07:04:37.493000+00:00,"الف مبروك وتستاهل يابو طلال ومنها للاعلى انشالله 
الدكتور / محمد عوض كميخ الرثعان العبيوي / مدير مركز اللغات بالتعليم التطبيقي
#العبيات 
#اهل_الجدعا 
#تواصل_العبيات
@mo6airi2011",0,0,0,https://x.com/Mfm7Mfm/status/1746428086290157729,"الف مبروك وتستاهل يابو طلال ومنها للاعلى انشالله 
الدكتور / محمد عوض كميخ الرثعان العبيوي / مدير مركز اللغات بالتعليم التطبيقي
#العبيات 
#اهل_الجدعا 
#تواصل_العبيات
@mo6airi2011","Congratulations, you deserve it, Abu Talal, and from there to the top, God willing 
Dr. Muhammad Awad Kamikh Al-Rathaan Al-Ubawi / Director of the Language Center for Applied Education
#Abayat 
#The _ people _ of _ Al-Jadaa 
#Continue_Abayat
@mo6airi2011"
1745778000384147789,alrthaan21,2024-01-12 12:01:24.935000+00:00,"﷽ 
 
 {إنّ اللهَ وملائكتَهُ يُصَـلُّونَ على النبي يا أيها الذين آمنوا صَلُّوا عليه وسلِّمُوا تسليما} 
 
#يوم_الجمعة",0,0,0,https://x.com/alrthaan21/status/1745778000384147789,"﷽ 
 
 {إنّ اللهَ وملائكتَهُ يُصَـلُّونَ على النبي يا أيها الذين آمنوا صَلُّوا عليه وسلِّمُوا تسليما} 
 
#يوم_الجمعة","﷽ 
 
 {Indeed, God and His angels bless the Prophet, O you who have believed, bless him and grant him peace with complete salutation} 
 
#Friday"
1742493826114076925,alrthaan21,2024-01-03 10:31:16.772000+00:00,#كاسترا,0,0,0,https://x.com/am6ery/status/1742493826114076925,#كاسترا,#Castra
1741630029467885797,alrthaan21,2024-01-01 01:18:51.603000+00:00,"ثُمَّ يَأتي مِن بَعدِ ذلِكَ عامٌ فيهِ يُغاثُ النّاسُ""

اللهم اجعله عام تُغاث به قلوبنا بالعوض والجبر، اللهم اجعله عام تسعد وتتسع فيه صدورنا بالفرح، عام مليء بالأرزاق وتحقيق الأمنيات ..",0,0,0,https://x.com/alrthaan21/status/1741630029467885797,"ثُمَّ يَأتي مِن بَعدِ ذلِكَ عامٌ فيهِ يُغاثُ النّاسُ""

اللهم اجعله عام تُغاث به قلوبنا بالعوض والجبر، اللهم اجعله عام تسعد وتتسع فيه صدورنا بالفرح، عام مليء بالأرزاق وتحقيق الأمنيات ..","Then after that comes a year in which people will be helped.”

Oh God, make it a year in which our hearts are relieved with compensation and reparation. Oh God, make it a year in which our chests are happy and filled with joy, a year full of sustenance and the fulfillment of wishes.."
1739700465124729081,alrthaan21,2023-12-26 17:31:27.614000+00:00,"انا لله وانا اليه راجعون 
اسأل الله العظيم ان يرحمهم و يغفرلهم 
ويجعل قبرهم روضه من رياض الجنه

#انور_جليدان_الظفيري
#فيصل_جابر_المطيري",0,0,0,https://x.com/alrthaan21/status/1739700465124729081,"انا لله وانا اليه راجعون 
اسأل الله العظيم ان يرحمهم و يغفرلهم 
ويجعل قبرهم روضه من رياض الجنه

#انور_جليدان_الظفيري
#فيصل_جابر_المطيري","We belong to Allah and to Him we shall return 
I ask God Almighty to have mercy on them and forgive them 
And He makes their graves a garden of Paradise

#Anwar_Julaidan_Aldhafiri
#Faisal_Jaber_Al-Mutairi"
1738181444013347320,alrthaan21,2023-12-22 12:55:24.759000+00:00,"﷽ 
 
 {إنّ اللهَ وملائكتَهُ يُصَـلُّونَ على النبي يا أيها الذين آمنوا صَلُّوا عليه وسلِّمُوا تسليما} 
 
#يوم_الجمعة",0,0,0,https://x.com/alrthaan21/status/1738181444013347320,"﷽ 
 
 {إنّ اللهَ وملائكتَهُ يُصَـلُّونَ على النبي يا أيها الذين آمنوا صَلُّوا عليه وسلِّمُوا تسليما} 
 
#يوم_الجمعة","﷽ 
 
 {Indeed, God and His angels bless the Prophet, O you who have believed, bless him and grant him peace with complete salutation} 
 
#Friday"
1737567866893844782,alrthaan21,2023-12-20 20:17:16.574000+00:00,"ضآق الغمآم وفحّ صدر المزٌاريب 
يآ الله بجآهك .. يآ عليم الغيوبي 

يآ منجي يوسف من الجبّ والذيب 
بحمآك يآ ساتر .. خفايآ عيوبي 

صآحو تنآخوا دوّروا بي غذآريب 
تجمَّعوا ليلة وزا .. سولفوا بي 

أثري مسوَّي بالقلوب الأعاجيب 
وأنا مثل وجه السمآ نقش ثوبي ..",0,0,0,https://x.com/alrthaan21/status/1737567866893844782,"ضآق الغمآم وفحّ صدر المزٌاريب 
يآ الله بجآهك .. يآ عليم الغيوبي 

يآ منجي يوسف من الجبّ والذيب 
بحمآك يآ ساتر .. خفايآ عيوبي 

صآحو تنآخوا دوّروا بي غذآريب 
تجمَّعوا ليلة وزا .. سولفوا بي 

أثري مسوَّي بالقلوب الأعاجيب 
وأنا مثل وجه السمآ نقش ثوبي ..","The clouds narrowed and the gutters opened 
Oh God, for your sake.. O All-Knowing, the Unseen 

Oh, You save Joseph from the pit and the pit 
I protect you, protector, my hidden faults 

They woke up, they fought, they turned around for me 
They gathered for the night and talked to me 

My monument is filled with marvels 
And I am like the face of the sky, the pattern of my dress.."
1737570183349240031,alrthaan21,2023-12-20 20:26:28.860000+00:00,"أنا وسيع بْطان راهي مطآليب 
مآ اضيق لو شآنت نوايآ دروبي 

أردّ وأصدر وآخذ العلم .. واجيب 
مآني على طرش الرعآع محسوبي 

برّدت كبدي من قراح المشآريب 
دوبي رويت من الشهآليل دوبي 

خلّيت للحآقد طشاش وحثاريب 
يتوب والاَّ قلعته .. لا يتوبي",0,0,0,https://x.com/alrthaan21/status/1737570183349240031,"أنا وسيع بْطان راهي مطآليب 
مآ اضيق لو شآنت نوايآ دروبي 

أردّ وأصدر وآخذ العلم .. واجيب 
مآني على طرش الرعآع محسوبي 

برّدت كبدي من قراح المشآريب 
دوبي رويت من الشهآليل دوبي 

خلّيت للحآقد طشاش وحثاريب 
يتوب والاَّ قلعته .. لا يتوبي","I am wide-eyed and have many needs 
I wouldn't be upset if my intentions crossed my path 

I respond, issue, and gain knowledge...and I respond 
I am not in the grip of the rabble, my nepotism 

It cooled my liver from the ulcers 
Dubi narrated from Shahalil Dubi 

I left the hater with a hater and a hater 
He repents, otherwise I will remove him.. He will not repent"
1737479359714201956,alrthaan21,2023-12-20 14:25:34.818000+00:00,"خير خلف لخير سلف ، اللهم أعِنْ سموه
 على حمل الأمانة ، و سدد خُطاه 
لما فيه خير البلاد والعباد ..
حفظ الله الكويت من كل مكروه .

#الشيخ_مشعل_الاحمد_الصباح ",0,0,0,https://x.com/alrthaan21/status/1737479359714201956,"خير خلف لخير سلف ، اللهم أعِنْ سموه
 على حمل الأمانة ، و سدد خُطاه 
لما فيه خير البلاد والعباد ..
حفظ الله الكويت من كل مكروه .

#الشيخ_مشعل_الاحمد_الصباح ","The best successor to the best predecessor. Oh God, help His Highness
 To carry the trust, and direct his steps 
For the good of the country and the people..
May God protect Kuwait from all harm.

#Sheikh_Mishaal_Al-Ahmad_Al-Sabah"
1736937633551355929,alrthaan21,2023-12-19 02:32:57.236000+00:00,"اللهم ارحم تلك النفوس الطيبه 
التي رحلت من الدنيا وانتقلت الى جوارك 
واجعل قبورهم روضة من رياض الجنة.

#راشد_كميخ_رثعان_العبيوي 
#هجاج_ذعار_عطالله_الوسمي
#رشيد_متعب_رشيد_العبيوي 
#غالب_نواف_غالب_الميموني",0,0,0,https://x.com/alrthaan21/status/1736937633551355929,"اللهم ارحم تلك النفوس الطيبه 
التي رحلت من الدنيا وانتقلت الى جوارك 
واجعل قبورهم روضة من رياض الجنة.

#راشد_كميخ_رثعان_العبيوي 
#هجاج_ذعار_عطالله_الوسمي
#رشيد_متعب_رشيد_العبيوي 
#غالب_نواف_غالب_الميموني","May God have mercy on these good souls 
Who left this world and moved to your neighborhood 
And make their graves a garden of Paradise.

#Rashed_Kamikh_Rathaan_Al-Abawi 
#Hajaj_Dhaar_Atallah_Alwasmi
#Rashid_Mutab_Rashid_Al-Abawi 
#Ghaleb_Nawaf_Ghaleb_Al-Maimoni"
1735962798935417098,alrthaan21,2023-12-16 09:59:18.552000+00:00,"ان لله وان اليه راجعون
اللهم ارحم قائدنا 
#الشيخ_نواف_الاحمد_الصباح

اللهم احفظ الكويت بعينك التي لا تنام..

اللهم أنزله منزلا مباركا، وأنت خير المنزلين، اللهم أنزله منازل الصديقين، والشهداء، والصالحين، وحسن أولئك رفيقا. اللهم اجعل قبره روضة من رياض الجنة",0,0,0,https://x.com/alrthaan21/status/1735962798935417098,"ان لله وان اليه راجعون
اللهم ارحم قائدنا 
#الشيخ_نواف_الاحمد_الصباح

اللهم احفظ الكويت بعينك التي لا تنام..

اللهم أنزله منزلا مباركا، وأنت خير المنزلين، اللهم أنزله منازل الصديقين، والشهداء، والصالحين، وحسن أولئك رفيقا. اللهم اجعل قبره روضة من رياض الجنة","We belong to Allah and to Him we shall return
May God have mercy on our leader 
#Sheikh_Nawaf_Al-Ahmad_Al-Sabah

Oh God, protect Kuwait with your eyes that never sleep.

Oh God, send him down to a blessed house, and you are the best of the two houses. Oh God, send him down to the houses of the friends, the martyrs, and the righteous, and be a good companion to those. Oh God, make his grave a garden of Paradise"
1735615779276501208,alrthaan21,2023-12-15 11:00:22.618000+00:00,"﷽

﴿إنّ اللهَ وملائكتَهُ يُصَـلُّونَ على النبي يا أيها الذين آمنوا صَلُّوا عليه وسلِّمُوا تسليما﴾.
 
اللهم صل وسلم على نبينا محمد ﷺ",0,0,0,https://x.com/alrthaan21/status/1735615779276501208,"﷽

﴿إنّ اللهَ وملائكتَهُ يُصَـلُّونَ على النبي يا أيها الذين آمنوا صَلُّوا عليه وسلِّمُوا تسليما﴾.
 
اللهم صل وسلم على نبينا محمد ﷺ","﷽

“Indeed, God and His angels send blessings upon the Prophet. O you who have believed, bless him and grant him peace with complete salutation.”
 
O Allah, bless and grant peace upon our Prophet Muhammad, peace and blessings be upon him"
1734870370434293778,alrthaan21,2023-12-13 09:38:23.301000+00:00,"اكفخ بجنحآن السعد لا تدرّا 
فالعمر مآ ياقآه كثر المداري ..",0,0,0,https://x.com/alrthaan21/status/1734870370434293778,"اكفخ بجنحآن السعد لا تدرّا 
فالعمر مآ ياقآه كثر المداري ..","Be entrapped by the wings of happiness, without realizing it 
Age is not enough for many orbits.."
1731388480075280557,alrthaan21,2023-12-03 19:02:35.949000+00:00,"الغياب اجزل من اعذارٍ تجيب اسمنها
خلك اللي كمل غياب .. و مكانه خالي

حاشمك من رجعةٍ ، ماضيك اجمل منها
من متى و الغالي اللي راح يرجع غالي ..",0,0,0,https://x.com/alrthaan21/status/1731388480075280557,"الغياب اجزل من اعذارٍ تجيب اسمنها
خلك اللي كمل غياب .. و مكانه خالي

حاشمك من رجعةٍ ، ماضيك اجمل منها
من متى و الغالي اللي راح يرجع غالي ..","Absence is more abundant than the fattest excuses
Let the one who has completed his absence...and his place is empty

I will never go back, your past is more beautiful than hers
Since when will the dear one come back dear?"
1730547317873226144,alrthaan21,2023-12-01 11:20:07.252000+00:00,"﴿إنَّ اللَّهَ وَمَلَائِكَتَهُ يُصَلُّونَ عَلَى النَّبِيِّ يَاأَيُّهَا الَّذِينَ آمَنُوا صَلُّوا عَلَيْهِ وَسَلِّمُوا تَسْلِيمًا﴾

اللَّهُمَّ صَلِّ وَ سَلِّم عَلَى نَبِيِّنَا مُحَمَّد 

#يوم_الجمعة",0,0,0,https://x.com/alrthaan21/status/1730547317873226144,"﴿إنَّ اللَّهَ وَمَلَائِكَتَهُ يُصَلُّونَ عَلَى النَّبِيِّ يَاأَيُّهَا الَّذِينَ آمَنُوا صَلُّوا عَلَيْهِ وَسَلِّمُوا تَسْلِيمًا﴾

اللَّهُمَّ صَلِّ وَ سَلِّم عَلَى نَبِيِّنَا مُحَمَّد 

#يوم_الجمعة","“Indeed, God and His angels send blessings upon the Prophet. O you who have believed, bless him and grant him peace with complete peace.”

O God, bless and grant peace upon our Prophet Muhammad 

#Friday"
1728139464026022059,alrthaan21,2023-11-24 19:52:10.159000+00:00,"مآ تعوّدت أحني الرّاس من بين الصّفوف
ولا تعوّدت أتذرّى .. و أدوّر ليّ ذرى

إن وردت آرد على العدّ و العالم تشوف
وإن وقفت آقف على العزّ و العالم ترى

وإن طغت سود الليالي على وجه الظّروف
عاد ليّ شيمة .. و مبدأ على وجه الثّرى",0,0,0,https://x.com/alrthaan21/status/1728139464026022059,"مآ تعوّدت أحني الرّاس من بين الصّفوف
ولا تعوّدت أتذرّى .. و أدوّر ليّ ذرى

إن وردت آرد على العدّ و العالم تشوف
وإن وقفت آقف على العزّ و العالم ترى

وإن طغت سود الليالي على وجه الظّروف
عاد ليّ شيمة .. و مبدأ على وجه الثّرى","I am not accustomed to bowing my head from the rows
I am not accustomed to scattering..and I am growing my own offspring

If you respond, respond to the count and the world will see
And if I stand, I will stand on glory and the world, you will see

Even if the black nights overshadow the circumstances
A trait has returned to me...and a principle on the face of the earth"
1727978568364253474,alrthaan21,2023-11-24 09:12:49.644000+00:00,"﴿إنَّ اللَّهَ وَمَلَائِكَتَهُ يُصَلُّونَ عَلَى النَّبِيِّ يَاأَيُّهَا الَّذِينَ آمَنُوا صَلُّوا عَلَيْهِ وَسَلِّمُوا تَسْلِيمًا﴾

اللَّهُمَّ صَلِّ وَ سَلِّم عَلَى نَبِيِّنَا مُحَمَّد 

#يوم_الجمعة",0,0,0,https://x.com/alrthaan21/status/1727978568364253474,"﴿إنَّ اللَّهَ وَمَلَائِكَتَهُ يُصَلُّونَ عَلَى النَّبِيِّ يَاأَيُّهَا الَّذِينَ آمَنُوا صَلُّوا عَلَيْهِ وَسَلِّمُوا تَسْلِيمًا﴾

اللَّهُمَّ صَلِّ وَ سَلِّم عَلَى نَبِيِّنَا مُحَمَّد 

#يوم_الجمعة","“Indeed, God and His angels send blessings upon the Prophet. O you who have believed, bless him and grant him peace with complete peace.”

O God, bless and grant peace upon our Prophet Muhammad 

#Friday"
1726300409080283515,alrthaan21,2023-11-19 18:04:25.292000+00:00,اللهم صيباً نافعاً ..,0,0,0,https://x.com/alrthaan21/status/1726300409080283515,اللهم صيباً نافعاً ..,"Oh God, grant us a beneficial rain.."
1726112771413045632,alrthaan21,2023-11-19 05:38:48.986000+00:00,على ضاحك المبّسَم صباح الرضا واللين ..,0,0,0,https://x.com/alrthaan21/status/1726112771413045632,على ضاحك المبّسَم صباح الرضا واللين ..,"On your smiling smile, a morning of contentment and softness.."
1725636400890941593,alrthaan21,2023-11-17 22:05:53.403000+00:00,اللهم إني أخاف الموت على غفلة وأخاف ظلمة القبر اللهم إهدي قلبي واغفر لي و ارحمني وأحسن خاتمتي يارب إن كان يومي قريب وقبضت روحي فخفف عليّ سكرات الموت اللهم سخر لي من يدعو لي بعد موتي دون ملل وأحسن خاتمتيُ وارحمني إذا حان موتي ..,0,0,0,https://x.com/alrthaan21/status/1725636400890941593,اللهم إني أخاف الموت على غفلة وأخاف ظلمة القبر اللهم إهدي قلبي واغفر لي و ارحمني وأحسن خاتمتي يارب إن كان يومي قريب وقبضت روحي فخفف عليّ سكرات الموت اللهم سخر لي من يدعو لي بعد موتي دون ملل وأحسن خاتمتيُ وارحمني إذا حان موتي ..,"Oh God, I fear death without heedlessness, and I fear the darkness of the grave. Oh God, guide my heart, forgive me, have mercy on me, and give me a good ending. Oh God, if my day is near and my soul is seized, then ease the agony of death for me. Oh God, make subservient to me those who pray for me after my death without getting tired, give me a good ending, and have mercy on me if my death comes."
1724282617325830627,alrthaan21,2023-11-14 04:26:26.249000+00:00,فَبالله صبرًا و بالله يُسر و بالله عَون ..,0,0,0,https://x.com/alrthaan21/status/1724282617325830627,فَبالله صبرًا و بالله يُسر و بالله عَون ..,"By God is patience, and by God is ease, and by God is help.."
1722920799806312804,alrthaan21,2023-11-10 10:15:03.651000+00:00,"﴿إنَّ اللَّهَ وَمَلَائِكَتَهُ يُصَلُّونَ عَلَى النَّبِيِّ يَاأَيُّهَا الَّذِينَ آمَنُوا صَلُّوا عَلَيْهِ وَسَلِّمُوا تَسْلِيمًا﴾

اللَّهُمَّ صَلِّ وَ سَلِّم عَلَى نَبِيِّنَا مُحَمَّد .",0,0,0,https://x.com/alrthaan21/status/1722920799806312804,"﴿إنَّ اللَّهَ وَمَلَائِكَتَهُ يُصَلُّونَ عَلَى النَّبِيِّ يَاأَيُّهَا الَّذِينَ آمَنُوا صَلُّوا عَلَيْهِ وَسَلِّمُوا تَسْلِيمًا﴾

اللَّهُمَّ صَلِّ وَ سَلِّم عَلَى نَبِيِّنَا مُحَمَّد .","“Indeed, God and His angels send blessings upon the Prophet. O you who have believed, bless him and grant him peace with complete peace.”

O God, bless and grant peace upon our Prophet Muhammad."
1721032298190033194,alrthaan21,2023-11-05 05:10:49.779000+00:00,أصبحنا و أصبح الملك لله ..,0,0,0,https://x.com/alrthaan21/status/1721032298190033194,أصبحنا و أصبح الملك لله ..,We have become and the kingdom belongs to God.
1715840967394423155,alrthaan21,2023-10-21 21:22:20.067000+00:00,"يا بو جبين ليا أمسى الليل يسرابه
اليا اتجه للقمر غطى على ضيه ..",0,0,0,https://x.com/alrthaan21/status/1715840967394423155,"يا بو جبين ليا أمسى الليل يسرابه
اليا اتجه للقمر غطى على ضيه ..","Oh my beautiful face, the night has become bright
I turned to the moon to cover its light.."
1715261774222504381,alrthaan21,2023-10-20 07:00:49.654000+00:00,"{ إن الله ومَلائكته يُصلون على النَّبي ياأيُها الذين آمنُوا صَلوا عليه وَسَلِّموا تَسليماً }
اللهم صلِ وسلم على نبينا محمدﷺ

#يوم_Iلجمعه",0,0,0,https://x.com/alrthaan21/status/1715261774222504381,"{ إن الله ومَلائكته يُصلون على النَّبي ياأيُها الذين آمنُوا صَلوا عليه وَسَلِّموا تَسليماً }
اللهم صلِ وسلم على نبينا محمدﷺ

#يوم_Iلجمعه","{Indeed, God and His angels send blessings upon the Prophet. O you who have believed, bless him and grant him peace with complete salutation}
O Allah, bless and grant peace upon our Prophet Muhammad, may God bless him and grant him peace

#IdayFriday"
1714377705041346888,alrthaan21,2023-10-17 20:27:51.136000+00:00,"{ولا تَحْسَبَنَّ الَّذِينَ قُتِلُوا فِي سَبِيلِ اللَّهِ أَمْوَاتًا ۚ بَلْ أَحْيَاءٌ عِندَ رَبِّهِمْ يُرْزَقُونَ﴾. 
•
{وَلَا تَحْسَبَنَّ اللَّهَ غَافِلًا عَمَّا يَعْمَلُ الظَّالِمُونَ إِنَّمَا يُؤَخِّرُهُمْ لِيَوْمٍ تَشْخَصُ فِيهِ الْأَبْصَارُ}.

#مجزرة_مستشفى_المعمداني",0,0,0,https://x.com/alrthaan21/status/1714377705041346888,"{ولا تَحْسَبَنَّ الَّذِينَ قُتِلُوا فِي سَبِيلِ اللَّهِ أَمْوَاتًا ۚ بَلْ أَحْيَاءٌ عِندَ رَبِّهِمْ يُرْزَقُونَ﴾. 
•
{وَلَا تَحْسَبَنَّ اللَّهَ غَافِلًا عَمَّا يَعْمَلُ الظَّالِمُونَ إِنَّمَا يُؤَخِّرُهُمْ لِيَوْمٍ تَشْخَصُ فِيهِ الْأَبْصَارُ}.

#مجزرة_مستشفى_المعمداني","{And do not think that those who are killed in the cause of God are dead. Rather, they are alive with their Lord, being provided for.} 
•
{And do not think that God is unaware of what the wrongdoers do. He only delays them for a day when eyes will be clear.}

#Al-Maamdani_Hospital Massacre"
1712772571756704101,alrthaan21,2023-10-13 10:09:37.539000+00:00,"﴿ إِنَّ اللَّهَ وَمَلَائِكَتَهُ يُصَلُّونَ عَلَى النَّبِيِّ
 ۚ يَا أَيُّهَا الَّذِينَ آمَنُوا صَلُّوا عَلَيْهِ وَسَلِّمُوا تَسْلِيمًا ﴾ 

#يوم_Iلجمعه",0,0,0,https://x.com/alrthaan21/status/1712772571756704101,"﴿ إِنَّ اللَّهَ وَمَلَائِكَتَهُ يُصَلُّونَ عَلَى النَّبِيِّ
 ۚ يَا أَيُّهَا الَّذِينَ آمَنُوا صَلُّوا عَلَيْهِ وَسَلِّمُوا تَسْلِيمًا ﴾ 

#يوم_Iلجمعه","“Indeed, God and His angels send blessings upon the Prophet
 ۚ O you who have believed, bless him and grant him complete peace. 

#IdayFriday"
1712379345132531722,alrthaan21,2023-10-12 08:07:05.006000+00:00,#طوفان_الاقصى_,0,0,0,https://x.com/alrthaan21/status/1712379345132531722,#طوفان_الاقصى_,#Al-Aqsa_Flood
1711811923832947072,alrthaan21,2023-10-10 18:32:21.226000+00:00,"مـا وقفت إلا وأنا قـد الوقوف
ومـا ارتكيت إلا على مركـى جبل ..",0,0,0,https://x.com/alrthaan21/status/1711811923832947072,"مـا وقفت إلا وأنا قـد الوقوف
ومـا ارتكيت إلا على مركـى جبل ..","I didn't stand until I was about to stand
I only sat down at the base of a mountain..."
1710893640820601320,alrthaan21,2023-10-08 05:43:25.495000+00:00,﴿رَبِّ اشْرَحْ لِي صَدْرِي﴾ ..,0,0,0,https://x.com/alrthaan21/status/1710893640820601320,﴿رَبِّ اشْرَحْ لِي صَدْرِي﴾ ..,"“My Lord, expand my breast for me.”"
1710701578380865583,alrthaan21,2023-10-07 17:00:14.241000+00:00,"سدد رميهم ..
وثبت أقدامهم ..
وأنصرهم على القوم الظالمين.

اللهُم احفظ إخواننا في فلسطين 

#طوفان_القدس",0,0,0,https://x.com/alrthaan21/status/1710701578380865583,"سدد رميهم ..
وثبت أقدامهم ..
وأنصرهم على القوم الظالمين.

اللهُم احفظ إخواننا في فلسطين 

#طوفان_القدس","Shoot them...
And keep their feet firm.
And grant them victory over the unjust people.

May God protect our brothers in Palestine 

#Jerusalem_Flood"
1707715953864134792,alrthaan21,2023-09-29 11:16:25.886000+00:00,"﴿ إِنَّ اللَّهَ وَمَلَائِكَتَهُ يُصَلُّونَ عَلَى النَّبِيِّ ۚ يَا أَيُّهَا الَّذِينَ آمَنُوا صَلُّوا عَلَيْهِ وَسَلِّمُوا تَسْلِيمًا ﴾ 

#يوم_الجمعة",0,0,0,https://x.com/alrthaan21/status/1707715953864134792,"﴿ إِنَّ اللَّهَ وَمَلَائِكَتَهُ يُصَلُّونَ عَلَى النَّبِيِّ ۚ يَا أَيُّهَا الَّذِينَ آمَنُوا صَلُّوا عَلَيْهِ وَسَلِّمُوا تَسْلِيمًا ﴾ 

#يوم_الجمعة","“Indeed, Allah and His angels send blessings upon the Prophet. O you who have believed, bless him and grant him peace with complete peace.” 

#Friday"
1707118964843622672,alrthaan21,2023-09-27 19:44:12.612000+00:00,"فتق صدري تنهّاتي ولحقه من الحنين اتعآب  
وغدت كل حاجةٍ بعدك تضحّكنا . . تبكّينا

خذانا الحلم في غفله ورجّعنا الزمان أغرآب
وعلى الله . . كل ما تطري علي واذكر ليالينا

يجوز ان الليالي ما تخلييينا نعود أحبآب
ولاكن الأكيييد ان الليالي ما .. تنسّينا",0,0,0,https://x.com/alrthaan21/status/1707118964843622672,"فتق صدري تنهّاتي ولحقه من الحنين اتعآب  
وغدت كل حاجةٍ بعدك تضحّكنا . . تبكّينا

خذانا الحلم في غفله ورجّعنا الزمان أغرآب
وعلى الله . . كل ما تطري علي واذكر ليالينا

يجوز ان الليالي ما تخلييينا نعود أحبآب
ولاكن الأكيييد ان الليالي ما .. تنسّينا","My sobs pricked my chest, followed by longing and fatigue  
And everything after you made us laugh. . We cried

The dream took us away and we turned back time in estrangement
And on God. . Whatever you say to me, I remember our nights

It is possible that the nights do not let us become loved ones again
But what is certain is that the nights do not forget us"
1700746103723790388,alrthaan21,2023-09-10 05:40:44.119000+00:00,"""لاح الصباحُ بثغرٍ مِنكَ مُبتسِمٌ
 كأنك الشمسُ والإشراق يزهآك ..",0,0,0,https://x.com/alrthaan21/status/1700746103723790388,"""لاح الصباحُ بثغرٍ مِنكَ مُبتسِمٌ
 كأنك الشمسُ والإشراق يزهآك ..","“The morning came with a smile from you
 As if you were the sun and the sunshine made you shine.."
1698677866303512740,alrthaan21,2023-09-04 12:42:17.892000+00:00,"""لا غيّب الله عنا أصوات من نحب فهي 
والله أُنسُ الدنيا و سلواه و بهجته ..",0,0,0,https://x.com/alrthaan21/status/1698677866303512740,"""لا غيّب الله عنا أصوات من نحب فهي 
والله أُنسُ الدنيا و سلواه و بهجته ..","“May God never ignore the voices of those we love 
I swear to God that I find comfort in the world and its solace and joy."
1697538859280593178,alrthaan21,2023-09-01 09:16:17.456000+00:00,"﷽

{إنّ اللهَ وملائكتَهُ يُصَـلُّونَ على النبي 
يا أيها الذين آمنوا صَلُّوا عليه وسلِّمُوا تسليما}

#يوم_الجمعة",0,0,0,https://x.com/alrthaan21/status/1697538859280593178,"﷽

{إنّ اللهَ وملائكتَهُ يُصَـلُّونَ على النبي 
يا أيها الذين آمنوا صَلُّوا عليه وسلِّمُوا تسليما}

#يوم_الجمعة","﷽

{Indeed, God and His angels send blessings upon the Prophet 
O you who have believed, bless him and grant him peace.}

#Friday"
1696028067557261348,alrthaan21,2023-08-28 05:12:56.640000+00:00,"صباحُ الخير يا مَن لا أراه 
ولا يبلغهُ صوتي أو صداه ..",0,0,0,https://x.com/alrthaan21/status/1696028067557261348,"صباحُ الخير يا مَن لا أراه 
ولا يبلغهُ صوتي أو صداه ..","Good morning, whom I do not see 
My voice or echo does not reach him."
1691332665369153536,alrthaan21,2023-08-15 06:15:05.522000+00:00,"يقينًا ستُجلى ثقالُ الكروب
ويُشرقُ للسّعْدِ صُبحٌ مبين ..",0,0,0,https://x.com/alrthaan21/status/1691332665369153536,"يقينًا ستُجلى ثقالُ الكروب
ويُشرقُ للسّعْدِ صُبحٌ مبين ..","Certainly the weights of the cherub will be removed
And a clear morning rises for happiness.."
1689935310069645312,alrthaan21,2023-08-11 09:42:30.057000+00:00,"﷽

{إنّ اللهَ وملائكتَهُ يُصَـلُّونَ على النبي يا أيها الذين آمنوا صَلُّوا عليه وسلِّمُوا تسليما}

اللهم صلِ و سلم على نبينا محمد ﷺ•
#يوم_Iلجمعه",0,0,0,https://x.com/alrthaan21/status/1689935310069645312,"﷽

{إنّ اللهَ وملائكتَهُ يُصَـلُّونَ على النبي يا أيها الذين آمنوا صَلُّوا عليه وسلِّمُوا تسليما}

اللهم صلِ و سلم على نبينا محمد ﷺ•
#يوم_Iلجمعه","﷽

{Indeed, God and His angels bless the Prophet, O you who have believed, bless him and grant him peace with complete salutation}

O Allah, bless and grant peace upon our Prophet Muhammad, peace and blessings be upon him.
#IdayFriday"
1689524829324488704,alrthaan21,2023-08-10 06:31:23.821000+00:00,"جيتني مثل ردّ الجميل 
اللي تخبى بوجه الأيام ..

صباح الخير جدا .. ",0,0,0,https://x.com/alrthaan21/status/1689524829324488704,"جيتني مثل ردّ الجميل 
اللي تخبى بوجه الأيام ..

صباح الخير جدا .. ","I like to return the favor 
What hides in the face of days..

Very good morning.."
1688805716251779072,alrthaan21,2023-08-08 06:53:53.904000+00:00,وبعضُ النّاس رُؤيتُهمْ صَباحُ! ,0,0,0,https://x.com/alrthaan21/status/1688805716251779072,وبعضُ النّاس رُؤيتُهمْ صَباحُ! ,And some people I saw in the morning!
1688625041485815808,alrthaan21,2023-08-07 18:55:57.683000+00:00,"""وَغَيرُكَ إِن وَافَىٰ فَمَـا أَنَا نَاظِرٌ
إِلَيهِ وَإِن نَادَىٰ فَمَا أَنَا سَـامِعُ"" ..",0,0,0,https://x.com/alrthaan21/status/1688625041485815808,"""وَغَيرُكَ إِن وَافَىٰ فَمَـا أَنَا نَاظِرٌ
إِلَيهِ وَإِن نَادَىٰ فَمَا أَنَا سَـامِعُ"" ..","“And anyone else, if he fulfills his duty, I will not be watching.”
And if he calls to Him, I will not listen.”"
1687392132338692097,alrthaan21,2023-08-04 09:16:49.236000+00:00,"﷽ 

﴿إِنَّ اللَّهَ وَمَلائِكَتَهُ يُصَلُونَ عَلَى النَّبيِّ يَا أَيُّها الَّذِينَ آمَنُوا صَلُّوا عَلَيْهِ وَسلِّمُوا تَسْلِيمًا﴾

#يوم_الجمعة",0,0,0,https://x.com/alrthaan21/status/1687392132338692097,"﷽ 

﴿إِنَّ اللَّهَ وَمَلائِكَتَهُ يُصَلُونَ عَلَى النَّبيِّ يَا أَيُّها الَّذِينَ آمَنُوا صَلُّوا عَلَيْهِ وَسلِّمُوا تَسْلِيمًا﴾

#يوم_الجمعة","﷽ 

“Indeed, God and His angels send blessings upon the Prophet. O you who have believed, bless him and grant him peace with complete peace.”

#Friday"
1686771198271672320,alrthaan21,2023-08-02 16:09:27.018000+00:00,"#ذكري_الغزو_العراقي_الغاشم

حفظ الله دياراً غُشمت فصمدت
فكان لهيب صمودها انتصاراً يُدرس ..",0,0,0,https://x.com/alrthaan21/status/1686771198271672320,"#ذكري_الغزو_العراقي_الغاشم

حفظ الله دياراً غُشمت فصمدت
فكان لهيب صمودها انتصاراً يُدرس ..","#Remembrance_of_the_brutal_Iraqi_invasion

May God protect the lands that were invaded and remained steadfast
The flame of her steadfastness was a victory to be studied.."
1683774673408909314,alrthaan21,2023-07-25 09:42:19.818000+00:00,"لقيت بالصمت رفعة و بالتخطي سموّ
ولقيت بالوقت درس و بالأوادم عبر ..",0,0,0,https://x.com/alrthaan21/status/1683774673408909314,"لقيت بالصمت رفعة و بالتخطي سموّ
ولقيت بالوقت درس و بالأوادم عبر ..","I found exaltation in silence and sublimity in transgression
And I learned a lesson in time and with the help of..."
1683380106574569474,alrthaan21,2023-07-24 07:34:27.754000+00:00,""" من أدركَ الصبحَ في أمنٍ وعافيةٍ
فليَحمدِ الله في صدقٍ وإخلاصِ ..",0,0,0,https://x.com/alrthaan21/status/1683380106574569474,""" من أدركَ الصبحَ في أمنٍ وعافيةٍ
فليَحمدِ الله في صدقٍ وإخلاصِ ..","“Whoever reaches dawn is in safety and well-being
Let him praise God with sincerity and sincerity."
1682286614997880832,alrthaan21,2023-07-21 07:09:19.046000+00:00,"﴿ إِنَّ اللَّهَ وَمَلَائِكَتَهُ يُصَلُّونَ عَلَى النَّبِيِّ ۚ 
يَا أَيُّهَا الَّذِينَ آمَنُوا صَلُّوا عَلَيْهِ وَسَلِّمُوا تَسْلِيمًا ﴾ 

#يوم_الجمعة",0,0,0,https://x.com/alrthaan21/status/1682286614997880832,"﴿ إِنَّ اللَّهَ وَمَلَائِكَتَهُ يُصَلُّونَ عَلَى النَّبِيِّ ۚ 
يَا أَيُّهَا الَّذِينَ آمَنُوا صَلُّوا عَلَيْهِ وَسَلِّمُوا تَسْلِيمًا ﴾ 

#يوم_الجمعة","“Indeed, God and His angels send blessings upon the Prophet.” 
O you who have believed, bless him and grant him complete peace. 

#Friday"
1680817621208293376,alrthaan21,2023-07-17 05:52:03.634000+00:00,""" من نور أُميَ حلّ الصبح مُبتهجًا
 يا خير شمسٍ بها الأيامُ تَبتدئُ .. ",0,0,0,https://x.com/alrthaan21/status/1680817621208293376,""" من نور أُميَ حلّ الصبح مُبتهجًا
 يا خير شمسٍ بها الأيامُ تَبتدئُ .. ","“From the light of my mother, the morning came rejoicing
 O best sun with which the days begin..."
1680674223159758850,alrthaan21,2023-07-16 20:22:14.875000+00:00,"""ولَا يأُلَفُ الإنسان إلَّا نَظِيرهُ
وكل أمريءٍ يصبو إلَى من يُشاكِله ..",0,0,0,https://x.com/alrthaan21/status/1680674223159758850,"""ولَا يأُلَفُ الإنسان إلَّا نَظِيرهُ
وكل أمريءٍ يصبو إلَى من يُشاكِله ..","“A person is only familiar with his counterpart
Every person aspires to have someone who will challenge him."
1680454887333560321,alrthaan21,2023-07-16 05:50:41.139000+00:00,صبآح الخير جداً ..,0,0,0,https://x.com/alrthaan21/status/1680454887333560321,صبآح الخير جداً ..,Very good morning..
1679608282116227073,alrthaan21,2023-07-13 21:46:34.726000+00:00,"لك يلتفت قلب 
ويمّاري عليك الضمير 
..",0,0,0,https://x.com/alrthaan21/status/1679608282116227073,"لك يلتفت قلب 
ويمّاري عليك الضمير 
..","Your heart turns 
And your conscience hurts you 
.."
1678995904450162690,alrthaan21,2023-07-12 05:13:12.513000+00:00,أصبحنا و أصبح الملك لله وحده ..,0,0,0,https://x.com/alrthaan21/status/1678995904450162690,أصبحنا و أصبح الملك لله وحده ..,We have become the kingdom of God alone.
1678372540908011528,alrthaan21,2023-07-10 11:56:11.063000+00:00,"إن غيَّب الموتُ أحبابًا لنا رحلوا
 ففي الدعاء لهم وصلٌ وتذكيرُ ..",0,0,0,https://x.com/alrthaan21/status/1678372540908011528,"إن غيَّب الموتُ أحبابًا لنا رحلوا
 ففي الدعاء لهم وصلٌ وتذكيرُ ..","If death leaves our loved ones gone
 In praying for them, there is a connection and a reminder."
1677276751389679618,alrthaan21,2023-07-07 11:21:54.483000+00:00,﴿إِنَّ اللَّهَ وَمَلائِكَتَهُ يُصَلّونَ عَلَى النَّبِيِّ يا أَيُّهَا الَّذينَ آمَنوا صَلّوا عَلَيهِ وَسَلِّموا تَسليمًا﴾.,0,0,0,https://x.com/alrthaan21/status/1677276751389679618,﴿إِنَّ اللَّهَ وَمَلائِكَتَهُ يُصَلّونَ عَلَى النَّبِيِّ يا أَيُّهَا الَّذينَ آمَنوا صَلّوا عَلَيهِ وَسَلِّموا تَسليمًا﴾.,"“Indeed, Allah and His angels send blessings upon the Prophet. O you who have believed, bless him and grant him peace with complete salutation.”"
1673642106504478721,alrthaan21,2023-06-27 10:39:07.614000+00:00,"لَبَّيْكَ اللَّهُمَّ لَبَّيْكَ، لَبَّيْكَ لاَ شَرِيكَ لَكَ لَبَّيْكَ، إِنَّ الْحَمْدَ، وَالنِّعْمَةَ، لَكَ وَالْمُلْكَ، لاَ شَرِيكَ لك ..

#يوم_عرفة",0,0,0,https://x.com/alrthaan21/status/1673642106504478721,"لَبَّيْكَ اللَّهُمَّ لَبَّيْكَ، لَبَّيْكَ لاَ شَرِيكَ لَكَ لَبَّيْكَ، إِنَّ الْحَمْدَ، وَالنِّعْمَةَ، لَكَ وَالْمُلْكَ، لاَ شَرِيكَ لك ..

#يوم_عرفة","At Your service, O God, at Your service, You have no partner. Indeed, praise and blessings are Yours and dominion, You have no partner.

#ArafatDay"
1673440652942532609,alrthaan21,2023-06-26 21:18:37.342000+00:00,لبّيك ربي وإن لم أكن بين الزحام ملبياً ..,0,0,0,https://x.com/alrthaan21/status/1673440652942532609,لبّيك ربي وإن لم أكن بين الزحام ملبياً ..,"I obey you, my Lord, even if I am not among the crowds reciting the Talbiyah."
1673392292630089729,alrthaan21,2023-06-26 18:06:27.345000+00:00,"᷂الله ᷂أكبر، ᷂الله ᷂أكبر، ᷂الله ᷂أكبر
 ᷂لا ᷂إله ᷂إلا ᷂الله
 ᷂الله ᷂أكبر، ᷂الله ᷂أكبر
  ᷂و ᷂لله ᷂الحمد
 ᷂الله ᷂أكبر، ᷂الله ᷂أكبر، ᷂الله ᷂أكبر
 ᷂لا ᷂إله ᷂إلا ᷂الله
 ᷂الله ᷂أكبر، ᷂الله ᷂أكبر، و لله ᷂الحمد
 ᷂احيــو ᷂سنة ᷂التكبير 
#يوم_الترويه",0,0,0,https://x.com/alrthaan21/status/1673392292630089729,"᷂الله ᷂أكبر، ᷂الله ᷂أكبر، ᷂الله ᷂أكبر
 ᷂لا ᷂إله ᷂إلا ᷂الله
 ᷂الله ᷂أكبر، ᷂الله ᷂أكبر
  ᷂و ᷂لله ᷂الحمد
 ᷂الله ᷂أكبر، ᷂الله ᷂أكبر، ᷂الله ᷂أكبر
 ᷂لا ᷂إله ᷂إلا ᷂الله
 ᷂الله ᷂أكبر، ᷂الله ᷂أكبر، و لله ᷂الحمد
 ᷂احيــو ᷂سنة ᷂التكبير 
#يوم_الترويه","᷂Allah is the greatest, ᷂Allah is the greatest, ᷂Allah is the greatest
 ᷂There is no god but God
 ᷂Allah is the greatest, ᷂Allah is the greatest
  ᷂And ᷂All praise belongs to God
 ᷂Allah is the greatest, ᷂Allah is the greatest, ᷂Allah is the greatest
 ᷂There is no god but God
 ᷂Allah is the greatest, ᷂Allah is the greatest, and to God is ᷂praise.
 ᷂᷂᷂᷂᷂᷂᷂᷂Takbir 
#TarwiyahDay"
1673290908081561600,alrthaan21,2023-06-26 11:23:35.385000+00:00,"لنا لهفة التمني ، وصدق السعي ، وحسن الظن
ولله سر الإجابة ، وسر التوقيت ، وسر الدهشة ..",0,0,0,https://x.com/alrthaan21/status/1673290908081561600,"لنا لهفة التمني ، وصدق السعي ، وحسن الظن
ولله سر الإجابة ، وسر التوقيت ، وسر الدهشة ..","We have the eagerness of wishing, the sincerity of striving, and the good faith
And God has the secret of the answer, the secret of timing, and the secret of astonishment."
1671270967241330694,alrthaan21,2023-06-20 21:37:03.960000+00:00,"اللهـم إنـي استودعتك عاماً مضى 
من عمري و استودعك عآمي الجديد  
تمنو لي عآم سعيد ي رفآق .. '",0,0,0,https://x.com/alrthaan21/status/1671270967241330694,"اللهـم إنـي استودعتك عاماً مضى 
من عمري و استودعك عآمي الجديد  
تمنو لي عآم سعيد ي رفآق .. '","Oh God, I entrusted you a year ago 
From my life and I bid you farewell to my new year  
Wish me a happy new year guys..'"
1670850943879872512,alrthaan21,2023-06-19 17:48:02.587000+00:00,"الله أكبر ، اللّٰه أكبر ، اللّٰه أكبر 
لا إله إلا اللّٰه
اللّٰه أكبر ، اللّٰه أكبر وللّٰه الحمد. 

""أحيو سُنة التكبير ",0,0,0,https://x.com/alrthaan21/status/1670850943879872512,"الله أكبر ، اللّٰه أكبر ، اللّٰه أكبر 
لا إله إلا اللّٰه
اللّٰه أكبر ، اللّٰه أكبر وللّٰه الحمد. 

""أحيو سُنة التكبير ","God is great, God is great, God is great 
There is no god but Allah
God is great, God is great, praise be to God. 

“I revive the Sunnah of Takbir"
1670550350078570497,alrthaan21,2023-06-18 21:53:35.440000+00:00,"أُغالِبُ فيكَ الشَوقَ وَالشَوقُ أَغلَبُ
وَأَعجَبُ مِن ذا الهَجرِ وَالوَصلُ أَعجَبُ ..",0,0,0,https://x.com/alrthaan21/status/1670550350078570497,"أُغالِبُ فيكَ الشَوقَ وَالشَوقُ أَغلَبُ
وَأَعجَبُ مِن ذا الهَجرِ وَالوَصلُ أَعجَبُ ..","I long for you often, and longing prevails
And I am more astonished by this abandonment and connection.."
1670010002055090176,alrthaan21,2023-06-17 10:06:26.432000+00:00,"وَما نَظَرَت عيني إِلى ذي بَشاشَةٍ
مِن الناسِ إِلّا أَنتِ في العَينِ أَملَحُ ..",0,0,0,https://x.com/alrthaan21/status/1670010002055090176,"وَما نَظَرَت عيني إِلى ذي بَشاشَةٍ
مِن الناسِ إِلّا أَنتِ في العَينِ أَملَحُ ..","And my eyes never looked at someone with a smile
Of people except you, there is more salt in the eye.."
1669966692443648000,alrthaan21,2023-06-17 07:14:20.616000+00:00,"""أيا وجهًا، يحلو الصّباحُ بهِ""",0,0,0,https://x.com/alrthaan21/status/1669966692443648000,"""أيا وجهًا، يحلو الصّباحُ بهِ""","""What a face, the morning is beautiful"""
1668865313037770753,alrthaan21,2023-06-14 06:17:51.303000+00:00,"﴿وَالصبح إذا تنفس﴾  
اللهم أجعل هذا اليوم خيراً لنا ..",0,0,0,https://x.com/alrthaan21/status/1668865313037770753,"﴿وَالصبح إذا تنفس﴾  
اللهم أجعل هذا اليوم خيراً لنا ..","“And the morning when he breathes”  
Oh God, make this day good for us."
1668353129857839106,alrthaan21,2023-06-12 20:22:37.317000+00:00,"يا بيارق ضحكةٍ من دونها هوش، وْعَزاوي 
في رجاها ما لحق وجهي ملام ولا مضرّه ..",0,0,0,https://x.com/alrthaan21/status/1668353129857839106,"يا بيارق ضحكةٍ من دونها هوش، وْعَزاوي 
في رجاها ما لحق وجهي ملام ولا مضرّه ..","Oh, the sparks of a laugh without it, Hosh, and Azzawi 
In her hope, there was no blame or harm that befell my face."
1666098722797932547,alrthaan21,2023-06-06 15:04:24.789000+00:00,"كل التوفيق '

لـــ فلاح سلطان عامر المطيري 

#مطير_الرابعه #واصل 
#فلاح_سلطان_عامر_المطيري 
 #الدايره_الرابعه",0,0,0,https://x.com/alrthaan21/status/1666098722797932547,"كل التوفيق '

لـــ فلاح سلطان عامر المطيري 

#مطير_الرابعه #واصل 
#فلاح_سلطان_عامر_المطيري 
 #الدايره_الرابعه","All the best'

By Falah Sultan Amer Al-Mutairi 

#Fourth_Mater #Continue 
#Falah_Sultan_Amer_Almutairi 
 #TheFourth_Circuit"
1665228831031017472,alrthaan21,2023-06-04 05:27:46.430000+00:00,صبآح الخير جداً .. ,0,0,0,https://x.com/alrthaan21/status/1665228831031017472,صبآح الخير جداً .. ,Very good morning..
1662040139999191041,alrthaan21,2023-05-26 10:17:03.245000+00:00,"﴿إنّ اللهَ وملائكتَهُ يُصَـلُّونَ على النبي 

يا أيها الذين آمنوا صَلُّوا عليه وسلِّمُوا تسليما﴾.
اللهم صل وسلم على نبينا محمد .",0,0,0,https://x.com/alrthaan21/status/1662040139999191041,"﴿إنّ اللهَ وملائكتَهُ يُصَـلُّونَ على النبي 

يا أيها الذين آمنوا صَلُّوا عليه وسلِّمُوا تسليما﴾.
اللهم صل وسلم على نبينا محمد .","“Indeed, God and His angels send blessings upon the Prophet 

O you who have believed, bless him and grant him peace.
O God, bless and grant peace upon our Prophet Muhammad."
1661812697728442368,alrthaan21,2023-05-25 19:13:16.782000+00:00,"اللهم اغفر له وارحمه وتقبله قبولاً حسنًا 
وثبته عند السؤال واسكنه الفردوس الاعلى 

 #مبارك_الرشيدي",0,0,0,https://x.com/alrthaan21/status/1661812697728442368,"اللهم اغفر له وارحمه وتقبله قبولاً حسنًا 
وثبته عند السؤال واسكنه الفردوس الاعلى 

 #مبارك_الرشيدي","Oh God, forgive him, have mercy on him, and accept him well 
And make him steadfast when asked, and grant him the highest paradise 

 #Mubarak_Al-Rashidi"
1661263653356568576,alrthaan21,2023-05-24 06:51:34.403000+00:00,"أصبحنا و أصبح الملك لله 

{ رَبِّ اشْرَحْ لِي صَدْرِي ۝ وَيَسِّرْ لِي أَمْرِي }",0,0,0,https://x.com/alrthaan21/status/1661263653356568576,"أصبحنا و أصبح الملك لله 

{ رَبِّ اشْرَحْ لِي صَدْرِي ۝ وَيَسِّرْ لِي أَمْرِي }","We have become and the kingdom belongs to God 

{My Lord, expand my chest for me and make my affairs easy for me}"
1660401460142563328,alrthaan21,2023-05-21 21:45:31.522000+00:00,"تلقاني قريبك لا جفاك أقرب قريب
و تلقآني العطآ كان الليّآلي مآ عطت ..",0,0,0,https://x.com/alrthaan21/status/1660401460142563328,"تلقاني قريبك لا جفاك أقرب قريب
و تلقآني العطآ كان الليّآلي مآ عطت ..","You will find me as your relative, not as close as your relative
And I received the gift as if the nights had not given.."
1660145807566184449,alrthaan21,2023-05-21 04:49:39.198000+00:00,صبآح الخير جداً .. ,0,0,0,https://x.com/alrthaan21/status/1660145807566184449,صبآح الخير جداً .. ,Very good morning..
1659712498071683076,alrthaan21,2023-05-20 00:07:50.164000+00:00,اللَّهُمَّ صَيِّبًا نَافِعًا ..,0,0,0,https://x.com/alrthaan21/status/1659712498071683076,اللَّهُمَّ صَيِّبًا نَافِعًا ..,"Oh God, grant us a beneficial rain.."
1659077477094834178,alrthaan21,2023-05-18 06:04:29.365000+00:00,صباح الخير وأمّا بعد .. ,0,0,0,https://x.com/alrthaan21/status/1659077477094834178,صباح الخير وأمّا بعد .. ,Good morning and then..
1657617657447817218,alrthaan21,2023-05-14 05:23:41.239000+00:00,"توسّدني وطن لو ماوسع صدرك فضاء وبلاد 
أنا كل الدروب اللي تبيها .. حاضر وماضي ..",0,0,0,https://x.com/alrthaan21/status/1657617657447817218,"توسّدني وطن لو ماوسع صدرك فضاء وبلاد 
أنا كل الدروب اللي تبيها .. حاضر وماضي ..","توسّدني وطن لو ماوسع صدرك فضاء وبلاد 
أنا كل الدروب اللي تبيها .. حاضر وماضي .."
1655831294016643075,alrthaan21,2023-05-09 07:05:19.008000+00:00,اللهم امنحني الرضا حيثما ولّت الاقدار ..,0,0,0,https://x.com/alrthaan21/status/1655831294016643075,اللهم امنحني الرضا حيثما ولّت الاقدار ..,"Oh God, grant me contentment wherever fates pass.."
1655438982228975616,alrthaan21,2023-05-08 05:06:24.589000+00:00,"مشكلتي اني مزاجي وانتقائي حضور
اذا انتهوا فوضوييّن الظهور .. ابتدي ..",0,0,0,https://x.com/alrthaan21/status/1655438982228975616,"مشكلتي اني مزاجي وانتقائي حضور
اذا انتهوا فوضوييّن الظهور .. ابتدي ..","My problem is that I am moody and selective in my presence
If they end up looking chaotic... start..."
1654918327884472320,alrthaan21,2023-05-06 18:37:30.920000+00:00,"دوروا لي ناس تفهمني وأرضٍ تستوي لي
صرت مثل اللي يدوّر في حياته عن حياته ..",0,0,0,https://x.com/alrthaan21/status/1654918327884472320,"دوروا لي ناس تفهمني وأرضٍ تستوي لي
صرت مثل اللي يدوّر في حياته عن حياته ..","Find me people who understand me and a land that is equal to me
I have become like someone who relinquishes his life about his life.."
1654306636293459970,alrthaan21,2023-05-05 02:06:52.280000+00:00,"﷽

﴿إنّ اللهَ وملائكتَهُ يُصَـلُّونَ على النبي 
يا أيها الذين آمنوا صَلُّوا عليه وسلِّمُوا تسليما﴾.
اللهم صل وسلم على نبينا محمد ﷺ",0,0,0,https://x.com/alrthaan21/status/1654306636293459970,"﷽

﴿إنّ اللهَ وملائكتَهُ يُصَـلُّونَ على النبي 
يا أيها الذين آمنوا صَلُّوا عليه وسلِّمُوا تسليما﴾.
اللهم صل وسلم على نبينا محمد ﷺ","﷽

“Indeed, God and His angels send blessings upon the Prophet 
O you who have believed, bless him and grant him peace.
O Allah, bless and grant peace upon our Prophet Muhammad, peace and blessings be upon him"
1653991434318409729,alrthaan21,2023-05-04 05:14:22.273000+00:00,أصبحنا وأصبح المُلك لله ..,0,0,0,https://x.com/alrthaan21/status/1653991434318409729,أصبحنا وأصبح المُلك لله ..,We have become and the kingdom belongs to God..
1653478274775891969,alrthaan21,2023-05-02 19:15:15.504000+00:00,"أنت مدهال الأماني وميزان الشعور 
مَعك أواجه سُود الأيام وأغني لها ..",0,0,0,https://x.com/alrthaan21/status/1653478274775891969,"أنت مدهال الأماني وميزان الشعور 
مَعك أواجه سُود الأيام وأغني لها ..","You are the wonder of wishes and the balance of feelings 
With you I face the dark days and sing for them.."
1652540233194393602,alrthaan21,2023-04-30 05:07:48.963000+00:00,أصبحنا وأصبح المُلك لله ربِّ العالمين، اللهم إني أسألك خير هذا اليوم فتحه ونصره ونوره وبركته وهداه، وأعوذ بك من شرِّ ما فيه و شرِّ ما بعده ..,0,0,0,https://x.com/alrthaan21/status/1652540233194393602,أصبحنا وأصبح المُلك لله ربِّ العالمين، اللهم إني أسألك خير هذا اليوم فتحه ونصره ونوره وبركته وهداه، وأعوذ بك من شرِّ ما فيه و شرِّ ما بعده ..,"We have come and the kingdom belongs to God, Lord of the worlds. Oh God, I ask you for the good of this day, its conquest, its victory, its light, its blessing, and its guidance, and I seek refuge in you from the evil of what is in it and the evil of what comes after it.."
1652146640344477699,alrthaan21,2023-04-29 03:03:49.115000+00:00,"ما صار شيء إلا و كان خيـــره 
و ما راح زين إلا و جاك أزيــن .. ",0,0,0,https://x.com/alrthaan21/status/1652146640344477699,"ما صار شيء إلا و كان خيـــره 
و ما راح زين إلا و جاك أزيــن .. ","Nothing happened except that it was good 
And Zain did not leave without Jack Zain.."
1651939539869483008,alrthaan21,2023-04-28 13:20:52.514000+00:00,"﷽

﴿إنّ اللهَ وملائكتَهُ يُصَـلُّونَ على النبي يا أيها الذين آمنوا صَلُّوا عليه وسلِّمُوا تسليما﴾.
اللهم صل وسلم على نبينا محمد ﷺ",0,0,0,https://x.com/alrthaan21/status/1651939539869483008,"﷽

﴿إنّ اللهَ وملائكتَهُ يُصَـلُّونَ على النبي يا أيها الذين آمنوا صَلُّوا عليه وسلِّمُوا تسليما﴾.
اللهم صل وسلم على نبينا محمد ﷺ","﷽

“Indeed, God and His angels send blessings upon the Prophet. O you who have believed, bless him and grant him peace with complete salutation.”
O Allah, bless and grant peace upon our Prophet Muhammad, peace and blessings be upon him"
1638648361052979200,alrthaan21,2023-03-22 21:06:28.546000+00:00,"١ | رمضان 

اللهم إني أسالك حُسن الصيام وحُسن الختام 
ولا تجعلنا من الخاسرين في رمضان، 
اللهم اجعلنا ممن تدركهم الرحمة 
ثم المغفرة ثم العتق من النار.",0,0,0,https://x.com/alrthaan21/status/1638648361052979200,"١ | رمضان 

اللهم إني أسالك حُسن الصيام وحُسن الختام 
ولا تجعلنا من الخاسرين في رمضان، 
اللهم اجعلنا ممن تدركهم الرحمة 
ثم المغفرة ثم العتق من النار.","1 | Ramadan 

Oh God, I ask you for a good fast and a good ending 
And do not make us among the losers in Ramadan. 
Oh God, make us among those whom mercy reaches 
Then forgiveness, then liberation from Hell."
1648626320887234560,alrthaan21,2023-04-19 09:55:19.552000+00:00,"٢٧ | رمضان 

""في الأيام الأخيرة من هذا الشهر الكريم أشهدك 
يا الله أنك سبحانك أكرمتني وسترتني وأعطيتني من فضلك الواسع، وأنعمت عليّ بكرمك وجودك، وأحمدك على كل مرض غفر ذنب، وكل ابتلاء رفع مقام، وكل عسر جاء معه يسر، وكل منع كان هو نفسه عين العطاء يارب.""",0,0,0,https://x.com/alrthaan21/status/1648626320887234560,"٢٧ | رمضان 

""في الأيام الأخيرة من هذا الشهر الكريم أشهدك 
يا الله أنك سبحانك أكرمتني وسترتني وأعطيتني من فضلك الواسع، وأنعمت عليّ بكرمك وجودك، وأحمدك على كل مرض غفر ذنب، وكل ابتلاء رفع مقام، وكل عسر جاء معه يسر، وكل منع كان هو نفسه عين العطاء يارب.""","27 | Ramadan 

“In the last days of this holy month, I call you to witness 
O God, Glory be to You, You have honored me, covered me, given me Your abundant grace, and bestowed upon me Your generosity and presence, and I praise You for every sickness that forgave a sin, every affliction that raised a position, every hardship that came with ease, and every prevention that was the same as giving, O Lord."
1649016954928128002,alrthaan21,2023-04-20 11:47:33.965000+00:00,"٢٨ | رمضان 

اللهم اعتق رقابنا من النار، 
واجعلنا فيه من الفائزين..",0,0,0,https://x.com/alrthaan21/status/1649016954928128002,"٢٨ | رمضان 

اللهم اعتق رقابنا من النار، 
واجعلنا فيه من الفائزين..","28 | Ramadan 

Oh God, free our necks from the fire. 
And make us among the winners."
1648104194790899717,alrthaan21,2023-04-17 23:20:34.990000+00:00,اللَّهُمَّ إِنَّكَ عُفُوٌّ تُحِبُّ الْعَفْوَ فَاعْفُ عَنِّا,0,0,0,https://x.com/alrthaan21/status/1648104194790899717,اللَّهُمَّ إِنَّكَ عُفُوٌّ تُحِبُّ الْعَفْوَ فَاعْفُ عَنِّا,"Oh God, you are the pardoner and you love forgiveness, so forgive us"
1647890438299287553,alrthaan21,2023-04-17 09:11:11.471000+00:00,"فَإِن جَلَّ هَذا الأَمرُ فَاللَهُ فَوقَهُ
وَإِن عَظُمَ المَطلوبُ فَاللَهُ أَعظَمُ ..",0,0,0,https://x.com/alrthaan21/status/1647890438299287553,"فَإِن جَلَّ هَذا الأَمرُ فَاللَهُ فَوقَهُ
وَإِن عَظُمَ المَطلوبُ فَاللَهُ أَعظَمُ ..","If this matter is great, then God is above it
And if what is sought is great, God is greater."
1647849157812539392,alrthaan21,2023-04-17 06:27:09.436000+00:00,"اللهم إني أخاف الموت على غفلة وأخاف ظلمة القبر اللهم إهدي قلبي واغفر لي و ارحمني وأحسن خاتمتي يارب إن كان يومي قريب وقبضت روحي فخفف عليّ سكرات الموت اللهم سخر لي من يدعو لي بعد موتي دون ملل وأحسن خاتمتيُ وارحمني إذا حان موتي""",0,0,0,https://x.com/alrthaan21/status/1647849157812539392,"اللهم إني أخاف الموت على غفلة وأخاف ظلمة القبر اللهم إهدي قلبي واغفر لي و ارحمني وأحسن خاتمتي يارب إن كان يومي قريب وقبضت روحي فخفف عليّ سكرات الموت اللهم سخر لي من يدعو لي بعد موتي دون ملل وأحسن خاتمتيُ وارحمني إذا حان موتي""","O God, I fear death without heedlessness, and I fear the darkness of the grave. O God, guide my heart, forgive me, have mercy on me, and give me a good ending. O God, if my day is near and my soul is seized, then ease the agony of death for me. O God, make subservient to me those who pray for me after my death without getting tired, and give me a good ending, and have mercy on me if my death comes."
1646238277957976065,alrthaan21,2023-04-12 19:46:05.750000+00:00,"وإنني لا أملكُ شيئًا ثمينًا سِوى أمي 
كل عام وأمي بخير و الأغلى في قلبيِ ..",0,0,0,https://x.com/alrthaan21/status/1646238277957976065,"وإنني لا أملكُ شيئًا ثمينًا سِوى أمي 
كل عام وأمي بخير و الأغلى في قلبيِ ..","I have nothing valuable except my mother 
Happy New Year to my mother, who is dearest in my heart.."
1645444712319397894,alrthaan21,2023-04-10 15:12:44.958000+00:00,"١٩ | رمضان 

""يارب إن كنا مقصرين فيما مضى فأحسِن لنا 
فيما بقى، اللهم اعنا على ذكرك 
وشكرك وحسن عبادتك.""",0,0,0,https://x.com/alrthaan21/status/1645444712319397894,"١٩ | رمضان 

""يارب إن كنا مقصرين فيما مضى فأحسِن لنا 
فيما بقى، اللهم اعنا على ذكرك 
وشكرك وحسن عبادتك.""","19 | Ramadan 

“O Lord, if we were negligent in the past, do good to us 
In the rest, O God, help us to remember You 
Thank you and worship you well.”"
1645590240503947264,alrthaan21,2023-04-11 00:51:01.581000+00:00,"٢٠ | رمضان 

( اللهُّم إنَّك عَفوٌ تُحِــبُّ العفو فَاعْفُ عنَّا )

#العشر_الاواخر",0,0,0,https://x.com/alrthaan21/status/1645590240503947264,"٢٠ | رمضان 

( اللهُّم إنَّك عَفوٌ تُحِــبُّ العفو فَاعْفُ عنَّا )

#العشر_الاواخر","20 | Ramadan 

(O God, You are pardoning and love to pardon, so forgive us)

#TheLastTen"
1645516189030809605,alrthaan21,2023-04-10 19:56:46.334000+00:00,"""رباهُ ذي العشْر الفضيلةُ أقبَلتْ
والنفسُ تسألُكَ المَفازَ بفضلِها """,0,0,0,https://x.com/alrthaan21/status/1645516189030809605,"""رباهُ ذي العشْر الفضيلةُ أقبَلتْ
والنفسُ تسألُكَ المَفازَ بفضلِها ""","“My Lord, the one with the ten virtues has arrived
And the soul asks you for reward through its grace.”"
1641748136602349569,alrthaan21,2023-03-31 10:23:52.628000+00:00,"#يوم_Iلجمعه 

( إِنَّ اللَّهَ وَمَلَائِكَتَهُ يُصَلُّونَ عَلَى النَّبِيِّ ۚ يَا أَيُّهَا الَّذِينَ آمَنُوا صَلُّوا عَلَيْهِ وَسَلِّمُوا تَسْلِيمًا )",0,0,0,https://x.com/alrthaan21/status/1641748136602349569,"#يوم_Iلجمعه 

( إِنَّ اللَّهَ وَمَلَائِكَتَهُ يُصَلُّونَ عَلَى النَّبِيِّ ۚ يَا أَيُّهَا الَّذِينَ آمَنُوا صَلُّوا عَلَيْهِ وَسَلِّمُوا تَسْلِيمًا )","#IdayFriday 

(Indeed, God and His angels bless the Prophet. O you who have believed, bless him and grant him peace.)"
1640032899540955139,alrthaan21,2023-03-26 16:48:08.245000+00:00,اللهم صيباً نافعاً ..,0,0,0,https://x.com/alrthaan21/status/1640032899540955139,اللهم صيباً نافعاً ..,"Oh God, grant us a beneficial rain.."
1639071307881906179,alrthaan21,2023-03-24 01:07:06.928000+00:00,"٢ | رمضان 

﷽ 

﴿الله لا إلٰه إلا هو الحي القيوم لا تأخذه سنةٌ وَلا نومٌ له ما في السماوات وما في الأرض مَن ذا الذي يشفع عنده إلا بإذنهِ يعلمُ ما بين أيديهم وَما خلفهم ولا يحيطون بشيءٍ من علمه إلا بما شاء وسع كرسيُّه السماوات والأَرض ولا يئُودُهُ حفظهما وهو العلي العظيم﴾",0,0,0,https://x.com/alrthaan21/status/1639071307881906179,"٢ | رمضان 

﷽ 

﴿الله لا إلٰه إلا هو الحي القيوم لا تأخذه سنةٌ وَلا نومٌ له ما في السماوات وما في الأرض مَن ذا الذي يشفع عنده إلا بإذنهِ يعلمُ ما بين أيديهم وَما خلفهم ولا يحيطون بشيءٍ من علمه إلا بما شاء وسع كرسيُّه السماوات والأَرض ولا يئُودُهُ حفظهما وهو العلي العظيم﴾","2 | Ramadan 

﷽ 

“Allah, there is no god but He, the Ever-Living, the Self-Subsisting. No year or sleep overtakes Him. To Him belongs whatever is in the heavens and whatever is in the earth. Who is there that can intercede with Him except by His permission? He knows what is before them and what is behind them, and they do not encompass any of His knowledge except what He wills. His throne extends over the heavens and the earth, and their preservation does not tire Him. He is the Most High, the Great."
1639380117221695490,alrthaan21,2023-03-24 21:34:12.812000+00:00,"٣ | رمضان  

اللهُم إني أستودعتك أثمن أشيائي وأقربها 
إلى قلبي اللهُم إحفظ لي أبي و أمي 
وأنت خير الحافظين.",0,0,0,https://x.com/alrthaan21/status/1639380117221695490,"٣ | رمضان  

اللهُم إني أستودعتك أثمن أشيائي وأقربها 
إلى قلبي اللهُم إحفظ لي أبي و أمي 
وأنت خير الحافظين.","3 | Ramadan  

Oh God, I entrust you with my most precious and closest things 
To my heart, O God, protect my father and mother for me 
And you are the best protectors."
1638619747351683072,alrthaan21,2023-03-22 19:12:46.508000+00:00,"مبارك عليكم الشهر 
            ..",0,0,0,https://x.com/alrthaan21/status/1638619747351683072,"مبارك عليكم الشهر 
            ..","Blessed be the month 
            .."
1635166249662701569,alrthaan21,2023-03-13 06:29:48.496000+00:00,اللهم صيباً نافعاً ..,0,0,0,https://x.com/alrthaan21/status/1635166249662701569,اللهم صيباً نافعاً ..,"Oh God, grant us a beneficial rain.."
1634780443735097344,alrthaan21,2023-03-12 04:56:45.195000+00:00,أصبحنا وأصبح المُلك لله ربِّ العالمين، اللهم إني أسألك خير هذا اليوم فتحه ونصره ونوره وبركته وهداه، وأعوذ بك من شرِّ ما فيه و شرِّ ما بعده .,0,0,0,https://x.com/alrthaan21/status/1634780443735097344,أصبحنا وأصبح المُلك لله ربِّ العالمين، اللهم إني أسألك خير هذا اليوم فتحه ونصره ونوره وبركته وهداه، وأعوذ بك من شرِّ ما فيه و شرِّ ما بعده .,"We have come and the kingdom belongs to God, Lord of the worlds. Oh God, I ask you for the good of this day, its conquest, its victory, its light, its blessing, and its guidance, and I seek refuge in you from the evil of what is in it and the evil of what comes after it."
1634132198176464899,alrthaan21,2023-03-10 10:00:51.410000+00:00,"{إِنَّ اللَّهَ وَمَلائِكَتَهُ يُصَلُّونَ عَلَى النَّبِيِّ يَا أَيُّهَا الَّذِينَ آمَنُوا صَلُّوا عَلَيْهِ وَسَلِّمُوا تَسْلِيمًا}

#يوم_الجمعة",0,0,0,https://x.com/alrthaan21/status/1634132198176464899,"{إِنَّ اللَّهَ وَمَلائِكَتَهُ يُصَلُّونَ عَلَى النَّبِيِّ يَا أَيُّهَا الَّذِينَ آمَنُوا صَلُّوا عَلَيْهِ وَسَلِّمُوا تَسْلِيمًا}

#يوم_الجمعة","{Indeed, Allah and His angels send blessings upon the Prophet. O you who have believed, bless him and grant him peace with complete salutation}

#Friday"
1632896683666206721,alrthaan21,2023-03-07 00:11:21.796000+00:00,"إنكشف زيف الكلام .. و بانت أسرار الحكاية
لا على المخطي ملام ولا على المقفّي حسافه ..",0,0,0,https://x.com/alrthaan21/status/1632896683666206721,"إنكشف زيف الكلام .. و بانت أسرار الحكاية
لا على المخطي ملام ولا على المقفّي حسافه ..","The falsity of the words was revealed... and the secrets of the story were revealed
There is no blame on the wrongdoer and there is no blame on the one who stops."
1630362923561279490,alrthaan21,2023-02-28 00:23:06.312000+00:00,"أنا اللي كل ما قالو تطيح من الحمول متون
وقفت بوجه ثورات الظروف وموجها العاتي ..",0,0,0,https://x.com/alrthaan21/status/1630362923561279490,"أنا اللي كل ما قالو تطيح من الحمول متون
وقفت بوجه ثورات الظروف وموجها العاتي ..","I am the one who says that every time they say, “Moton falls from the load.”
I stood in the face of the revolutions of circumstances and their powerful waves.."
1629977307778625536,alrthaan21,2023-02-26 22:50:48.345000+00:00,"هلابك قدّ ما زان العمر و أبتسمت الأقدار
 و كنّ اللي مضى وهمٍ نسيته بين ضلعينك ..",0,0,0,https://x.com/alrthaan21/status/1629977307778625536,"هلابك قدّ ما زان العمر و أبتسمت الأقدار
 و كنّ اللي مضى وهمٍ نسيته بين ضلعينك ..","May your life be long and fates smile
 And what passed was an illusion that you forgot between your ribs.."
1629879174130221056,alrthaan21,2023-02-26 16:20:51.460000+00:00,"٢٦ | فبراير 

دُمتِ حرّة يا موطن الأحرار 

#العيد_الوطني_الكويت 
#HappyNationalDayKuwait",0,0,0,https://x.com/alrthaan21/status/1629879174130221056,"٢٦ | فبراير 

دُمتِ حرّة يا موطن الأحرار 

#العيد_الوطني_الكويت 
#HappyNationalDayKuwait","26 | February 

May you always be free, home of the free 

#National_Day_Kuwait 
#HappyNationalDayKuwait"
